{"type": "FeatureCollection", "features": [{"type": "Feature", "properties": {"status": "existing", "bHeight": 37.4, "name": "", "levels": "11"}, "geometry": {"type": "Polygon", "coordinates": [[[55.2093394, 25.0681766], [55.2094835, 25.068148], [55.209736, 25.0680944], [55.2097743, 25.0679976], [55.2097226, 25.0680075], [55.2096619, 25.0677471], [55.2095004, 25.067778], [55.2095428, 25.0679595], [55.209474, 25.0679727], [55.2094322, 25.0677932], [55.20926, 25.0678262], [55.2093394, 25.0681766]]]}}, {"type": "Feature", "properties": {"status": "existing", "bHeight": 12.0, "name": "Le Grand Chateau", "levels": ""}, "geometry": {"type": "Polygon", "coordinates": [[[55.207969, 25.0643733], [55.2078974, 25.0640487], [55.207791, 25.0639644], [55.2071932, 25.0639395], [55.20706, 25.0640131], [55.2068506, 25.0648194], [55.2068261, 25.0648307], [55.2068851, 25.0649101], [55.2069081, 25.0648957], [55.206969, 25.0649308], [55.2071862, 25.0649386], [55.20726, 25.0649412], [55.2072664, 25.0647879], [55.2071384, 25.0647891], [55.2070847, 25.0647278], [55.2072157, 25.06422], [55.2073496, 25.0641331], [55.2076446, 25.0641483], [55.2077559, 25.0642443], [55.2077921, 25.0644259], [55.207969, 25.0643733]]]}}, {"type": "Feature", "properties": {"status": "existing", "bHeight": 37.4, "name": "", "levels": "11"}, "geometry": {"type": "Polygon", "coordinates": [[[55.2101372, 25.0676669], [55.2097572, 25.0677328], [55.2097221, 25.0675663], [55.2096691, 25.0675755], [55.2096191, 25.0673385], [55.210052, 25.0672635], [55.2101372, 25.0676669]]]}}, {"type": "Feature", "properties": {"status": "existing", "bHeight": 57.8, "name": "Amsa Building", "levels": "17"}, "geometry": {"type": "Polygon", "coordinates": [[[55.2100587, 25.0671125], [55.2096007, 25.0671964], [55.2095682, 25.0670509], [55.2096524, 25.0670355], [55.2094722, 25.0662286], [55.2093881, 25.066244], [55.2093528, 25.0660861], [55.2098109, 25.0660022], [55.2100587, 25.0671125]]]}}, {"type": "Feature", "properties": {"status": "existing", "bHeight": 51.0, "name": "Karama Medica Centre", "levels": "15"}, "geometry": {"type": "Polygon", "coordinates": [[[55.2109115, 25.0665456], [55.2106995, 25.0665852], [55.2107064, 25.0666155], [55.210457, 25.0666621], [55.2103027, 25.065984], [55.2103499, 25.0659752], [55.2103309, 25.0658915], [55.210745, 25.0658141], [55.2109115, 25.0665456]]]}}, {"type": "Feature", "properties": {"status": "existing", "bHeight": 12.0, "name": "Autumn 2", "levels": ""}, "geometry": {"type": "Polygon", "coordinates": [[[55.2035047, 25.0590273], [55.2036047, 25.0591347], [55.2038057, 25.0589812], [55.203569, 25.0587268], [55.202612, 25.0594576], [55.2028687, 25.0597335], [55.2030339, 25.0596074], [55.2029139, 25.0594784], [55.2035047, 25.0590273]]]}}, {"type": "Feature", "properties": {"status": "existing", "bHeight": 10.2, "name": "La Riviera estate", "levels": "3"}, "geometry": {"type": "Polygon", "coordinates": [[[55.2021598, 25.0628791], [55.2026379, 25.0633927], [55.2025396, 25.0634677], [55.2024545, 25.0633763], [55.2024332, 25.0633926], [55.2021181, 25.063054], [55.2021503, 25.0630294], [55.2020725, 25.0629458], [55.2021598, 25.0628791]]]}}, {"type": "Feature", "properties": {"status": "existing", "bHeight": 12.0, "name": "Indigo Ville 3", "levels": ""}, "geometry": {"type": "Polygon", "coordinates": [[[55.2140077, 25.0493272], [55.2146495, 25.0496596], [55.2147152, 25.0495556], [55.2140733, 25.0492232], [55.2140077, 25.0493272]]]}}, {"type": "Feature", "properties": {"status": "existing", "bHeight": 68.0, "name": "Al Yousef Towers", "levels": "20"}, "geometry": {"type": "Polygon", "coordinates": [[[55.2177455, 25.0507564], [55.2176673, 25.0506279], [55.2176575, 25.0505038], [55.2177406, 25.0504152], [55.217902, 25.050464], [55.2178335, 25.0507608], [55.2177455, 25.0507564]]]}}, {"type": "Feature", "properties": {"status": "existing", "bHeight": 68.0, "name": "Al Yousef Towers", "levels": "20"}, "geometry": {"type": "Polygon", "coordinates": [[[55.21732, 25.050783], [55.2173115, 25.0505822], [55.2173004, 25.0503178], [55.2174472, 25.0504418], [55.2174521, 25.0506235], [55.2174178, 25.0507342], [55.21732, 25.050783]]]}}, {"type": "Feature", "properties": {"status": "existing", "bHeight": 12.0, "name": "Al Yousef Towers", "levels": ""}, "geometry": {"type": "Polygon", "coordinates": [[[55.2173004, 25.0503178], [55.2177406, 25.0504152], [55.2176575, 25.0505038], [55.2176673, 25.0506279], [55.2177455, 25.0507564], [55.2178335, 25.0507608], [55.2177602, 25.0509248], [55.2173787, 25.0508938], [55.21732, 25.050783], [55.2174178, 25.0507342], [55.2174521, 25.0506235], [55.2174472, 25.0504418], [55.2173004, 25.0503178]]]}}, {"type": "Feature", "properties": {"status": "existing", "bHeight": 57.8, "name": "The Manhattan", "levels": "17"}, "geometry": {"type": "Polygon", "coordinates": [[[55.2071054, 25.0690872], [55.2079463, 25.0686444], [55.2078087, 25.0684301], [55.207745, 25.0683308], [55.2069041, 25.0687735], [55.2069499, 25.0688449], [55.2071054, 25.0690872]]]}}, {"type": "Feature", "properties": {"status": "existing", "bHeight": 12.0, "name": "Mirabella 4", "levels": ""}, "geometry": {"type": "Polygon", "coordinates": [[[55.2114001, 25.0657521], [55.2122278, 25.0655921], [55.2122644, 25.0657473], [55.2114367, 25.0659072], [55.2114001, 25.0657521]]]}}, {"type": "Feature", "properties": {"status": "existing", "bHeight": 12.0, "name": "Mirabella 6", "levels": ""}, "geometry": {"type": "Polygon", "coordinates": [[[55.213345, 25.0651587], [55.2140938, 25.064795], [55.214185, 25.064949], [55.2134362, 25.0653128], [55.213345, 25.0651587]]]}}, {"type": "Feature", "properties": {"status": "existing", "bHeight": 12.0, "name": "Mirabelle 8", "levels": ""}, "geometry": {"type": "Polygon", "coordinates": [[[55.2170111, 25.0639612], [55.2171428, 25.0634092], [55.217003, 25.0631912], [55.2171428, 25.0630646], [55.2173291, 25.0633459], [55.2171747, 25.0639933], [55.2170111, 25.0639612]]]}}, {"type": "Feature", "properties": {"status": "existing", "bHeight": 12.0, "name": "Indigo Ville 7", "levels": ""}, "geometry": {"type": "Polygon", "coordinates": [[[55.1976881, 25.0585423], [55.1984975, 25.0582622], [55.1985856, 25.058471], [55.1977761, 25.0587511], [55.1976881, 25.0585423]]]}}, {"type": "Feature", "properties": {"status": "existing", "bHeight": 12.0, "name": "Indigo Ville 8", "levels": ""}, "geometry": {"type": "Polygon", "coordinates": [[[55.1981341, 25.0563753], [55.1980119, 25.0558993], [55.1979401, 25.0554224], [55.1979588, 25.0552226], [55.1981322, 25.0552228], [55.198122, 25.0554457], [55.1981942, 25.0558644], [55.1983056, 25.0563376], [55.1981341, 25.0563753]]]}}, {"type": "Feature", "properties": {"status": "existing", "bHeight": 6.4, "name": "Villa K27", "levels": "2"}, "geometry": {"type": "Polygon", "coordinates": [[[55.217935, 25.0535681], [55.2178741, 25.0534453], [55.2177369, 25.053501], [55.2177978, 25.0536239], [55.217935, 25.0535681]]]}}, {"type": "Feature", "properties": {"status": "existing", "bHeight": 3.2, "name": "Spinneys Jumeirah Village Circle", "levels": "1"}, "geometry": {"type": "Polygon", "coordinates": [[[55.2091687, 25.04751], [55.2090721, 25.0474807], [55.2091017, 25.0474004], [55.2091983, 25.0474297], [55.2091687, 25.04751]]]}}, {"type": "Feature", "properties": {"status": "existing", "bHeight": 57.8, "name": "Al Yousufi Tower", "levels": "17"}, "geometry": {"type": "Polygon", "coordinates": [[[55.2198378, 25.052781], [55.2197673, 25.0528125], [55.2196823, 25.0528501], [55.2193887, 25.052978], [55.2192751, 25.0527333], [55.2196974, 25.0525329], [55.2198378, 25.052781]]]}}, {"type": "Feature", "properties": {"status": "existing", "bHeight": 10.2, "name": "La Riviera estate", "levels": "3"}, "geometry": {"type": "Polygon", "coordinates": [[[55.2030058, 25.0624751], [55.2031148, 25.0625441], [55.2031282, 25.0625267], [55.2031559, 25.0625442], [55.2031428, 25.0625612], [55.2031839, 25.0625873], [55.2031963, 25.0625711], [55.2032541, 25.0626078], [55.2032444, 25.0626203], [55.2032831, 25.0626449], [55.2032929, 25.0626322], [55.2033526, 25.06267], [55.20334, 25.0626863], [55.2033799, 25.0627115], [55.2033923, 25.0626955], [55.2034202, 25.0627131], [55.2034062, 25.0627312], [55.2035119, 25.0627982], [55.20344, 25.0628915], [55.2032497, 25.0627709], [55.2032665, 25.0627493], [55.2032377, 25.0627311], [55.203219, 25.0627553], [55.2031492, 25.0627111], [55.203167, 25.0626881], [55.2031397, 25.0626708], [55.203124, 25.062691], [55.2029327, 25.0625698], [55.2030058, 25.0624751]]]}}, {"type": "Feature", "properties": {"status": "existing", "bHeight": 10.2, "name": "La Riviera estate", "levels": "3"}, "geometry": {"type": "Polygon", "coordinates": [[[55.203066, 25.0630338], [55.2028503, 25.0628874], [55.2029172, 25.0628067], [55.2028764, 25.062779], [55.2029285, 25.0627161], [55.2033467, 25.063], [55.2029566, 25.0634715], [55.2028743, 25.0634156], [55.2028563, 25.0634374], [55.2027768, 25.0633834], [55.203066, 25.0630338]]]}}, {"type": "Feature", "properties": {"status": "existing", "bHeight": 13.6, "name": "Rose 2", "levels": "4"}, "geometry": {"type": "Polygon", "coordinates": [[[55.2150672, 25.0520155], [55.2152315, 25.0521927], [55.2148339, 25.0524953], [55.2145665, 25.0522069], [55.2147013, 25.0521043], [55.2148045, 25.0522155], [55.2150672, 25.0520155]]]}}, {"type": "Feature", "properties": {"status": "existing", "bHeight": 13.6, "name": "Emirates Gardens 2 Mulberry 2", "levels": "4"}, "geometry": {"type": "Polygon", "coordinates": [[[55.2050255, 25.0482483], [55.2053915, 25.048179], [55.2053507, 25.0480108], [55.2053252, 25.0480156], [55.2052042, 25.0480385], [55.2051838, 25.0480424], [55.2051148, 25.0477396], [55.2051051, 25.0476968], [55.2050314, 25.0473734], [55.205203, 25.0473409], [55.2051677, 25.047188], [55.2047972, 25.0472582], [55.2049058, 25.0477291], [55.2049151, 25.0477695], [55.2050255, 25.0482483]]]}}, {"type": "Feature", "properties": {"status": "existing", "bHeight": 13.6, "name": "Emirates Gardens 2 Mulberry 2", "levels": "4"}, "geometry": {"type": "Polygon", "coordinates": [[[55.2053167, 25.0495164], [55.2056819, 25.0494461], [55.2056441, 25.0492848], [55.2055026, 25.0493121], [55.2053358, 25.0486013], [55.2055063, 25.0485685], [55.2054715, 25.0484203], [55.2050773, 25.0484962], [55.2053167, 25.0495164]]]}}, {"type": "Feature", "properties": {"status": "existing", "bHeight": 13.6, "name": "Mulberry 2", "levels": "4"}, "geometry": {"type": "Polygon", "coordinates": [[[55.2055627, 25.0510208], [55.2059381, 25.0509593], [55.2059078, 25.0508073], [55.2057537, 25.0508325], [55.2056845, 25.0504859], [55.2054677, 25.0505226], [55.2055627, 25.0510208]]]}}, {"type": "Feature", "properties": {"status": "existing", "bHeight": 12.0, "name": "", "levels": ""}, "geometry": {"type": "Polygon", "coordinates": [[[55.2021276, 25.0530306], [55.2022046, 25.0528326], [55.2025232, 25.0529345], [55.2025661, 25.0528245], [55.2026877, 25.0528634], [55.2025678, 25.0531712], [55.2021276, 25.0530306]]]}}, {"type": "Feature", "properties": {"status": "existing", "bHeight": 12.0, "name": "A", "levels": ""}, "geometry": {"type": "Polygon", "coordinates": [[[55.2023795, 25.0523658], [55.2023019, 25.0525635], [55.2026202, 25.052666], [55.2025772, 25.0527759], [55.2026987, 25.052815], [55.2028193, 25.0525074], [55.2023795, 25.0523658]]]}}, {"type": "Feature", "properties": {"status": "existing", "bHeight": 12.0, "name": "Diamond Views", "levels": ""}, "geometry": {"type": "Polygon", "coordinates": [[[55.2020234, 25.0529988], [55.2022943, 25.0523221], [55.2021268, 25.052267], [55.2018559, 25.0529438], [55.2020234, 25.0529988]]]}}, {"type": "Feature", "properties": {"status": "existing", "bHeight": 12.0, "name": "", "levels": ""}, "geometry": {"type": "Polygon", "coordinates": [[[55.2076872, 25.0488932], [55.2077192, 25.0489199], [55.2077545, 25.0489147], [55.2077918, 25.0488674], [55.2081026, 25.0488429], [55.208062, 25.048662], [55.2078615, 25.0486981], [55.2077844, 25.04836], [55.2079939, 25.0483326], [55.2079509, 25.0481284], [55.2077353, 25.0481564], [55.2076532, 25.0477367], [55.2078417, 25.0476975], [55.2078086, 25.047557], [55.2075124, 25.0475965], [55.2074763, 25.0475771], [55.2074246, 25.0475824], [55.2074102, 25.0476122], [55.2074345, 25.0476619], [55.2076905, 25.048841], [55.2076872, 25.0488932]]]}}, {"type": "Feature", "properties": {"status": "existing", "bHeight": 64.6, "name": "", "levels": "19"}, "geometry": {"type": "Polygon", "coordinates": [[[55.2074375, 25.0462851], [55.2075186, 25.0460454], [55.2075061, 25.0459552], [55.2074454, 25.0459508], [55.2073889, 25.0459894], [55.2073054, 25.0459741], [55.2072612, 25.046093], [55.2072572, 25.0462173], [55.2072995, 25.0462759], [55.2073599, 25.046299], [55.2074375, 25.0462851]]]}}, {"type": "Feature", "properties": {"status": "existing", "bHeight": 12.0, "name": "Sobo", "levels": ""}, "geometry": {"type": "Polygon", "coordinates": [[[55.1989317, 25.0604632], [55.1988044, 25.0601073], [55.1983685, 25.0602354], [55.1984372, 25.0603776], [55.1987093, 25.0602977], [55.198784, 25.0605065], [55.1989317, 25.0604632]]]}}, {"type": "Feature", "properties": {"status": "existing", "bHeight": 12.0, "name": "", "levels": ""}, "geometry": {"type": "Polygon", "coordinates": [[[55.2098174, 25.0705753], [55.2098778, 25.0705558], [55.2098911, 25.0705899], [55.2099429, 25.0705733], [55.2099921, 25.0706991], [55.20988, 25.0707351], [55.2098174, 25.0705753]]]}}, {"type": "Feature", "properties": {"status": "existing", "bHeight": 12.0, "name": "", "levels": ""}, "geometry": {"type": "Polygon", "coordinates": [[[55.2096474, 25.070636], [55.2097107, 25.0706133], [55.2097269, 25.0706502], [55.2097645, 25.0706366], [55.2098179, 25.0707585], [55.209717, 25.0707948], [55.2096474, 25.070636]]]}}, {"type": "Feature", "properties": {"status": "existing", "bHeight": 12.0, "name": "", "levels": ""}, "geometry": {"type": "Polygon", "coordinates": [[[55.2094883, 25.0707012], [55.2095484, 25.0706787], [55.2095658, 25.070717], [55.209606, 25.070702], [55.2096619, 25.0708245], [55.2095616, 25.070862], [55.2094883, 25.0707012]]]}}, {"type": "Feature", "properties": {"status": "existing", "bHeight": 12.0, "name": "", "levels": ""}, "geometry": {"type": "Polygon", "coordinates": [[[55.209321, 25.0707695], [55.2093872, 25.0707438], [55.2094057, 25.0707828], [55.2094437, 25.070768], [55.2094991, 25.0708849], [55.2093949, 25.0709254], [55.209321, 25.0707695]]]}}, {"type": "Feature", "properties": {"status": "existing", "bHeight": 12.0, "name": "", "levels": ""}, "geometry": {"type": "Polygon", "coordinates": [[[55.2091561, 25.0708285], [55.2092078, 25.070805], [55.2092364, 25.0708566], [55.2092783, 25.0708376], [55.2093379, 25.0709451], [55.2092442, 25.0709876], [55.2091561, 25.0708285]]]}}, {"type": "Feature", "properties": {"status": "existing", "bHeight": 12.0, "name": "", "levels": ""}, "geometry": {"type": "Polygon", "coordinates": [[[55.2090025, 25.0709003], [55.2090653, 25.0708733], [55.2090849, 25.0709107], [55.2091178, 25.0708966], [55.209178, 25.0710114], [55.2090823, 25.0710525], [55.2090025, 25.0709003]]]}}, {"type": "Feature", "properties": {"status": "existing", "bHeight": 12.0, "name": "", "levels": ""}, "geometry": {"type": "Polygon", "coordinates": [[[55.2088432, 25.0709753], [55.2088903, 25.0709532], [55.2089093, 25.0709865], [55.2089533, 25.0709659], [55.2090209, 25.071084], [55.2089297, 25.0711268], [55.2088432, 25.0709753]]]}}, {"type": "Feature", "properties": {"status": "existing", "bHeight": 12.0, "name": "", "levels": ""}, "geometry": {"type": "Polygon", "coordinates": [[[55.208681, 25.0710624], [55.2087474, 25.0710304], [55.2087669, 25.0710638], [55.2088056, 25.0710451], [55.2088736, 25.071161], [55.2087685, 25.0712116], [55.208681, 25.0710624]]]}}, {"type": "Feature", "properties": {"status": "existing", "bHeight": 12.0, "name": "", "levels": ""}, "geometry": {"type": "Polygon", "coordinates": [[[55.2084787, 25.0711669], [55.2085419, 25.0711312], [55.2085649, 25.0711645], [55.2086244, 25.0711309], [55.2087096, 25.0712546], [55.2085869, 25.0713239], [55.2084787, 25.0711669]]]}}, {"type": "Feature", "properties": {"status": "existing", "bHeight": 12.0, "name": "", "levels": ""}, "geometry": {"type": "Polygon", "coordinates": [[[55.2083224, 25.0712483], [55.2083853, 25.071211], [55.2084082, 25.0712425], [55.2084448, 25.0712208], [55.2085242, 25.0713306], [55.2084246, 25.0713896], [55.2083224, 25.0712483]]]}}, {"type": "Feature", "properties": {"status": "existing", "bHeight": 12.0, "name": "", "levels": ""}, "geometry": {"type": "Polygon", "coordinates": [[[55.208169, 25.0713361], [55.2082313, 25.071298], [55.2082546, 25.0713293], [55.208291, 25.071307], [55.2083721, 25.0714158], [55.2082734, 25.0714761], [55.208169, 25.0713361]]]}}, {"type": "Feature", "properties": {"status": "existing", "bHeight": 12.0, "name": "", "levels": ""}, "geometry": {"type": "Polygon", "coordinates": [[[55.2077552, 25.0716052], [55.2078156, 25.0715635], [55.2078423, 25.0715953], [55.2078778, 25.0715708], [55.20798, 25.0716923], [55.2078841, 25.0717585], [55.2077552, 25.0716052]]]}}, {"type": "Feature", "properties": {"status": "existing", "bHeight": 12.0, "name": "", "levels": ""}, "geometry": {"type": "Polygon", "coordinates": [[[55.207908, 25.0715092], [55.2079521, 25.07148], [55.2079904, 25.0715274], [55.2080487, 25.0714887], [55.2081323, 25.0715922], [55.2080299, 25.0716601], [55.207908, 25.0715092]]]}}, {"type": "Feature", "properties": {"status": "existing", "bHeight": 12.0, "name": "", "levels": ""}, "geometry": {"type": "Polygon", "coordinates": [[[55.2080284, 25.0714158], [55.2080919, 25.0713794], [55.2081142, 25.0714113], [55.2081512, 25.07139], [55.2082287, 25.0715009], [55.2081281, 25.0715586], [55.2080284, 25.0714158]]]}}, {"type": "Feature", "properties": {"status": "existing", "bHeight": 12.0, "name": "", "levels": ""}, "geometry": {"type": "Polygon", "coordinates": [[[55.2075824, 25.0717191], [55.2075431, 25.0717458], [55.2075713, 25.0717797], [55.2075358, 25.0718038], [55.2076277, 25.0719146], [55.2077025, 25.0718637], [55.2075824, 25.0717191]]]}}, {"type": "Feature", "properties": {"status": "existing", "bHeight": 12.0, "name": "", "levels": ""}, "geometry": {"type": "Polygon", "coordinates": [[[55.2076148, 25.0716994], [55.207672, 25.0716589], [55.207699, 25.0716902], [55.2077298, 25.0716684], [55.2078268, 25.0717808], [55.2077387, 25.0718431], [55.2076148, 25.0716994]]]}}, {"type": "Feature", "properties": {"status": "existing", "bHeight": 12.0, "name": "", "levels": ""}, "geometry": {"type": "Polygon", "coordinates": [[[55.2087676, 25.0730024], [55.2087313, 25.0730266], [55.208708, 25.072998], [55.2086454, 25.0730399], [55.208561, 25.0729362], [55.2086599, 25.0728701], [55.2087676, 25.0730024]]]}}, {"type": "Feature", "properties": {"status": "existing", "bHeight": 12.0, "name": "", "levels": ""}, "geometry": {"type": "Polygon", "coordinates": [[[55.2089107, 25.0728867], [55.2088668, 25.0729164], [55.2088422, 25.0728866], [55.2087908, 25.0729214], [55.2087067, 25.0728194], [55.208802, 25.0727549], [55.2089107, 25.0728867]]]}}, {"type": "Feature", "properties": {"status": "existing", "bHeight": 12.0, "name": "", "levels": ""}, "geometry": {"type": "Polygon", "coordinates": [[[55.209184, 25.0726959], [55.2091349, 25.0727257], [55.2091072, 25.0726881], [55.2090686, 25.0727115], [55.2089964, 25.0726139], [55.209084, 25.0725607], [55.209184, 25.0726959]]]}}, {"type": "Feature", "properties": {"status": "existing", "bHeight": 12.0, "name": "", "levels": ""}, "geometry": {"type": "Polygon", "coordinates": [[[55.2090416, 25.0727875], [55.2089934, 25.0728206], [55.2089693, 25.0727919], [55.2089365, 25.0728144], [55.2088496, 25.0727108], [55.2089306, 25.0726551], [55.2090416, 25.0727875]]]}}, {"type": "Feature", "properties": {"status": "existing", "bHeight": 12.0, "name": "", "levels": ""}, "geometry": {"type": "Polygon", "coordinates": [[[55.2094819, 25.0724827], [55.2094299, 25.0725133], [55.2094085, 25.0724834], [55.2093758, 25.0725027], [55.2093036, 25.0724019], [55.2093463, 25.0723767], [55.2093281, 25.0723512], [55.20937, 25.0723266], [55.2094819, 25.0724827]]]}}, {"type": "Feature", "properties": {"status": "existing", "bHeight": 12.0, "name": "", "levels": ""}, "geometry": {"type": "Polygon", "coordinates": [[[55.2093218, 25.0725877], [55.2092827, 25.0726102], [55.2092618, 25.0725803], [55.2092206, 25.0726039], [55.2091487, 25.072501], [55.209229, 25.0724549], [55.2093218, 25.0725877]]]}}, {"type": "Feature", "properties": {"status": "existing", "bHeight": 12.0, "name": "", "levels": ""}, "geometry": {"type": "Polygon", "coordinates": [[[55.2098278, 25.0722895], [55.2097722, 25.0723148], [55.2097543, 25.0722824], [55.2097135, 25.0723009], [55.2096529, 25.0721913], [55.2097356, 25.0721538], [55.2097802, 25.0722346], [55.209794, 25.0722284], [55.2098278, 25.0722895]]]}}, {"type": "Feature", "properties": {"status": "existing", "bHeight": 12.0, "name": "", "levels": ""}, "geometry": {"type": "Polygon", "coordinates": [[[55.2100231, 25.0721908], [55.2099618, 25.0722216], [55.2099461, 25.072196], [55.2098687, 25.0722349], [55.2098013, 25.0721248], [55.2099399, 25.0720551], [55.2100231, 25.0721908]]]}}, {"type": "Feature", "properties": {"status": "existing", "bHeight": 12.0, "name": "", "levels": ""}, "geometry": {"type": "Polygon", "coordinates": [[[55.2096437, 25.0723909], [55.2095952, 25.0724148], [55.2095759, 25.0723826], [55.2095388, 25.0724009], [55.2094709, 25.0722877], [55.2095565, 25.0722455], [55.2096437, 25.0723909]]]}}, {"type": "Feature", "properties": {"status": "existing", "bHeight": 12.0, "name": "", "levels": ""}, "geometry": {"type": "Polygon", "coordinates": [[[55.2100494, 25.072179], [55.2101108, 25.0721591], [55.2100971, 25.0721245], [55.2101386, 25.072111], [55.2100895, 25.0719873], [55.2099867, 25.0720208], [55.2100494, 25.072179]]]}}, {"type": "Feature", "properties": {"status": "existing", "bHeight": 12.0, "name": "", "levels": ""}, "geometry": {"type": "Polygon", "coordinates": [[[55.2108264, 25.0719031], [55.2108983, 25.0718834], [55.2108863, 25.0718473], [55.2109282, 25.0718358], [55.2108862, 25.0717101], [55.2107723, 25.0717414], [55.2108264, 25.0719031]]]}}, {"type": "Feature", "properties": {"status": "existing", "bHeight": 12.0, "name": "", "levels": ""}, "geometry": {"type": "Polygon", "coordinates": [[[55.2110004, 25.0718586], [55.211073, 25.0718413], [55.2110624, 25.0718047], [55.2111048, 25.0717946], [55.2110677, 25.0716678], [55.2109527, 25.0716953], [55.2110004, 25.0718586]]]}}, {"type": "Feature", "properties": {"status": "existing", "bHeight": 12.0, "name": "", "levels": ""}, "geometry": {"type": "Polygon", "coordinates": [[[55.2111616, 25.0718221], [55.2112346, 25.0718061], [55.2112248, 25.0717694], [55.2112674, 25.0717601], [55.2112333, 25.0716325], [55.2111176, 25.0716579], [55.2111616, 25.0718221]]]}}, {"type": "Feature", "properties": {"status": "existing", "bHeight": 12.0, "name": "", "levels": ""}, "geometry": {"type": "Polygon", "coordinates": [[[55.2113194, 25.0717784], [55.2113933, 25.0717658], [55.2113855, 25.0717287], [55.2114287, 25.0717214], [55.2114018, 25.0715924], [55.2112848, 25.0716125], [55.2113194, 25.0717784]]]}}, {"type": "Feature", "properties": {"status": "existing", "bHeight": 12.0, "name": "", "levels": ""}, "geometry": {"type": "Polygon", "coordinates": [[[55.2115017, 25.0717506], [55.2115759, 25.0717404], [55.2115696, 25.0717031], [55.211613, 25.071697], [55.2115911, 25.0715673], [55.2114734, 25.0715837], [55.2115017, 25.0717506]]]}}, {"type": "Feature", "properties": {"status": "existing", "bHeight": 12.0, "name": "", "levels": ""}, "geometry": {"type": "Polygon", "coordinates": [[[55.2116958, 25.0717413], [55.2117703, 25.0717324], [55.2117649, 25.0716949], [55.2118084, 25.0716898], [55.2117895, 25.0715597], [55.2116714, 25.0715737], [55.2116958, 25.0717413]]]}}, {"type": "Feature", "properties": {"status": "existing", "bHeight": 12.0, "name": "", "levels": ""}, "geometry": {"type": "Polygon", "coordinates": [[[55.2135722, 25.0718163], [55.2136363, 25.0718213], [55.2136397, 25.0717852], [55.2137107, 25.0717908], [55.2137214, 25.0716792], [55.2136046, 25.0716701], [55.2135972, 25.0717481], [55.2135789, 25.0717466], [55.2135722, 25.0718163]]]}}, {"type": "Feature", "properties": {"status": "existing", "bHeight": 12.0, "name": "", "levels": ""}, "geometry": {"type": "Polygon", "coordinates": [[[55.213426, 25.0717882], [55.2134764, 25.0717916], [55.2134795, 25.0717541], [55.2135355, 25.0717578], [55.2135447, 25.0716433], [55.213443, 25.0716357], [55.213426, 25.0717882]]]}}, {"type": "Feature", "properties": {"status": "existing", "bHeight": 12.0, "name": "", "levels": ""}, "geometry": {"type": "Polygon", "coordinates": [[[55.2132496, 25.0717406], [55.2133168, 25.0717425], [55.213318, 25.0717067], [55.2133722, 25.0717082], [55.2133759, 25.0715981], [55.2132749, 25.0715953], [55.2132722, 25.0716772], [55.2132518, 25.0716767], [55.2132496, 25.0717406]]]}}, {"type": "Feature", "properties": {"status": "existing", "bHeight": 12.0, "name": "", "levels": ""}, "geometry": {"type": "Polygon", "coordinates": [[[55.2130886, 25.0717307], [55.2131544, 25.0717322], [55.2131554, 25.0716972], [55.2132126, 25.0716985], [55.2132157, 25.0715843], [55.2131156, 25.071582], [55.2131128, 25.0716839], [55.2130899, 25.0716834], [55.2130886, 25.0717307]]]}}, {"type": "Feature", "properties": {"status": "existing", "bHeight": 12.0, "name": "", "levels": ""}, "geometry": {"type": "Polygon", "coordinates": [[[55.2129116, 25.0717126], [55.2129762, 25.0717139], [55.2129771, 25.0716766], [55.2130309, 25.0716778], [55.2130339, 25.0715584], [55.2129325, 25.0715563], [55.2129297, 25.0716653], [55.2129128, 25.0716649], [55.2129116, 25.0717126]]]}}, {"type": "Feature", "properties": {"status": "existing", "bHeight": 12.0, "name": "", "levels": ""}, "geometry": {"type": "Polygon", "coordinates": [[[55.2127327, 25.0717276], [55.2127878, 25.071729], [55.2127889, 25.071692], [55.2128522, 25.0716936], [55.2128528, 25.0716719], [55.2128982, 25.071673], [55.2129015, 25.0715657], [55.2127515, 25.071562], [55.212748, 25.0716786], [55.2127342, 25.0716783], [55.2127327, 25.0717276]]]}}, {"type": "Feature", "properties": {"status": "existing", "bHeight": 12.0, "name": "", "levels": ""}, "geometry": {"type": "Polygon", "coordinates": [[[55.2137263, 25.0718335], [55.2137965, 25.071841], [55.2138015, 25.0718026], [55.213856, 25.0718085], [55.2138705, 25.071697], [55.213768, 25.071686], [55.2137576, 25.0717657], [55.2137355, 25.0717633], [55.2137263, 25.0718335]]]}}, {"type": "Feature", "properties": {"status": "existing", "bHeight": 12.0, "name": "", "levels": ""}, "geometry": {"type": "Polygon", "coordinates": [[[55.2138793, 25.0718559], [55.2139474, 25.0718654], [55.2139536, 25.0718288], [55.2140099, 25.0718366], [55.2140297, 25.0717199], [55.2139299, 25.071706], [55.2139154, 25.0717915], [55.2138909, 25.0717881], [55.2138793, 25.0718559]]]}}, {"type": "Feature", "properties": {"status": "existing", "bHeight": 12.0, "name": "", "levels": ""}, "geometry": {"type": "Polygon", "coordinates": [[[55.2140311, 25.0718609], [55.2140996, 25.07187], [55.2141052, 25.0718357], [55.2141606, 25.071843], [55.2141787, 25.0717313], [55.2140813, 25.0717183], [55.214069, 25.0717944], [55.2140424, 25.0717909], [55.2140311, 25.0718609]]]}}, {"type": "Feature", "properties": {"status": "existing", "bHeight": 12.0, "name": "", "levels": ""}, "geometry": {"type": "Polygon", "coordinates": [[[55.2127157, 25.0717234], [55.2126406, 25.0717226], [55.212641, 25.0716849], [55.2125971, 25.0716845], [55.2125985, 25.0715532], [55.2127176, 25.0715543], [55.2127157, 25.0717234]]]}}, {"type": "Feature", "properties": {"status": "existing", "bHeight": 12.0, "name": "", "levels": ""}, "geometry": {"type": "Polygon", "coordinates": [[[55.2152082, 25.0704666], [55.2152691, 25.0704805], [55.2152522, 25.0705412], [55.2153041, 25.0705531], [55.2152743, 25.0706601], [55.2151615, 25.0706344], [55.2152082, 25.0704666]]]}}, {"type": "Feature", "properties": {"status": "existing", "bHeight": 12.0, "name": "", "levels": ""}, "geometry": {"type": "Polygon", "coordinates": [[[55.2150956, 25.0704875], [55.2151157, 25.0704272], [55.2151723, 25.0704427], [55.215117, 25.0706083], [55.2150198, 25.0705817], [55.215055, 25.0704763], [55.2150956, 25.0704875]]]}}, {"type": "Feature", "properties": {"status": "existing", "bHeight": 12.0, "name": "", "levels": ""}, "geometry": {"type": "Polygon", "coordinates": [[[55.2150048, 25.0703984], [55.214941, 25.0703815], [55.2149205, 25.0704451], [55.2148722, 25.0704324], [55.21484, 25.0705323], [55.214952, 25.0705619], [55.2150048, 25.0703984]]]}}, {"type": "Feature", "properties": {"status": "existing", "bHeight": 12.0, "name": "", "levels": ""}, "geometry": {"type": "Polygon", "coordinates": [[[55.2148171, 25.0703416], [55.2147542, 25.0703278], [55.2147387, 25.0703857], [55.2146998, 25.0703772], [55.2146715, 25.0704832], [55.2147733, 25.0705055], [55.2148171, 25.0703416]]]}}, {"type": "Feature", "properties": {"status": "existing", "bHeight": 12.0, "name": "", "levels": ""}, "geometry": {"type": "Polygon", "coordinates": [[[55.2140749, 25.0702072], [55.2139994, 25.0701979], [55.2139923, 25.0702461], [55.2139424, 25.07024], [55.2139251, 25.0703563], [55.2140504, 25.0703717], [55.2140749, 25.0702072]]]}}, {"type": "Feature", "properties": {"status": "existing", "bHeight": 12.0, "name": "", "levels": ""}, "geometry": {"type": "Polygon", "coordinates": [[[55.2142559, 25.070229], [55.214197, 25.0702224], [55.2141907, 25.0702687], [55.2141437, 25.0702634], [55.2141274, 25.0703827], [55.2142333, 25.0703946], [55.2142559, 25.070229]]]}}, {"type": "Feature", "properties": {"status": "existing", "bHeight": 12.0, "name": "", "levels": ""}, "geometry": {"type": "Polygon", "coordinates": [[[55.2144313, 25.0702659], [55.2143806, 25.0702588], [55.2143725, 25.0703058], [55.2143248, 25.070299], [55.2143036, 25.0704221], [55.214402, 25.070436], [55.2144313, 25.0702659]]]}}, {"type": "Feature", "properties": {"status": "existing", "bHeight": 12.0, "name": "", "levels": ""}, "geometry": {"type": "Polygon", "coordinates": [[[55.2146273, 25.0702962], [55.2145715, 25.0702832], [55.2145563, 25.0703369], [55.2144707, 25.070317], [55.2144385, 25.0704307], [55.2145799, 25.0704636], [55.2146273, 25.0702962]]]}}, {"type": "Feature", "properties": {"status": "existing", "bHeight": 12.0, "name": "", "levels": ""}, "geometry": {"type": "Polygon", "coordinates": [[[55.2134472, 25.0701255], [55.2133863, 25.070124], [55.2133847, 25.0701761], [55.213335, 25.0701748], [55.2133311, 25.0703011], [55.2134416, 25.0703039], [55.2134472, 25.0701255]]]}}, {"type": "Feature", "properties": {"status": "existing", "bHeight": 12.0, "name": "", "levels": ""}, "geometry": {"type": "Polygon", "coordinates": [[[55.2136371, 25.0701343], [55.2135661, 25.0701278], [55.213559, 25.0701909], [55.2135128, 25.0701866], [55.2134997, 25.0703033], [55.2136169, 25.0703141], [55.2136371, 25.0701343]]]}}, {"type": "Feature", "properties": {"status": "existing", "bHeight": 12.0, "name": "", "levels": ""}, "geometry": {"type": "Polygon", "coordinates": [[[55.2138723, 25.0701682], [55.2138168, 25.0701642], [55.2138126, 25.070212], [55.2137643, 25.0702085], [55.2137541, 25.070326], [55.213858, 25.0703334], [55.2138723, 25.0701682]]]}}, {"type": "Feature", "properties": {"status": "existing", "bHeight": 12.0, "name": "", "levels": ""}, "geometry": {"type": "Polygon", "coordinates": [[[55.2124871, 25.0701002], [55.212412, 25.0701004], [55.212412, 25.0701381], [55.2123682, 25.0701382], [55.2123684, 25.0702694], [55.2124874, 25.0702691], [55.2124871, 25.0701002]]]}}, {"type": "Feature", "properties": {"status": "existing", "bHeight": 12.0, "name": "", "levels": ""}, "geometry": {"type": "Polygon", "coordinates": [[[55.2126696, 25.070098], [55.2125944, 25.0700981], [55.2125945, 25.0701359], [55.2125507, 25.0701359], [55.2125509, 25.0702671], [55.21267, 25.0702669], [55.2126696, 25.070098]]]}}, {"type": "Feature", "properties": {"status": "existing", "bHeight": 12.0, "name": "", "levels": ""}, "geometry": {"type": "Polygon", "coordinates": [[[55.2128575, 25.0700919], [55.2127927, 25.0700926], [55.2127935, 25.070156], [55.2127425, 25.0701565], [55.212744, 25.0702677], [55.2128598, 25.0702664], [55.2128575, 25.0700919]]]}}, {"type": "Feature", "properties": {"status": "existing", "bHeight": 12.0, "name": "", "levels": ""}, "geometry": {"type": "Polygon", "coordinates": [[[55.213052, 25.0700987], [55.2129881, 25.0700978], [55.212987, 25.0701616], [55.2129434, 25.070161], [55.2129415, 25.0702786], [55.2130489, 25.07028], [55.213052, 25.0700987]]]}}, {"type": "Feature", "properties": {"status": "existing", "bHeight": 12.0, "name": "", "levels": ""}, "geometry": {"type": "Polygon", "coordinates": [[[55.2132478, 25.0701094], [55.2131866, 25.0701086], [55.2131859, 25.0701608], [55.2131411, 25.0701602], [55.2131392, 25.0702862], [55.2132451, 25.0702875], [55.2132478, 25.0701094]]]}}, {"type": "Feature", "properties": {"status": "existing", "bHeight": 12.0, "name": "", "levels": ""}, "geometry": {"type": "Polygon", "coordinates": [[[55.2057319, 25.0672725], [55.2058513, 25.0671603], [55.2058033, 25.0671185], [55.2056839, 25.0672307], [55.2057319, 25.0672725]]]}}, {"type": "Feature", "properties": {"status": "existing", "bHeight": 12.0, "name": "", "levels": ""}, "geometry": {"type": "Polygon", "coordinates": [[[55.2057785, 25.0673133], [55.2058979, 25.0672011], [55.2058513, 25.0671603], [55.2057319, 25.0672725], [55.2057785, 25.0673133]]]}}, {"type": "Feature", "properties": {"status": "existing", "bHeight": 12.0, "name": "", "levels": ""}, "geometry": {"type": "Polygon", "coordinates": [[[55.2058678, 25.0673912], [55.2059872, 25.067279], [55.205945, 25.0672422], [55.2058256, 25.0673543], [55.2058678, 25.0673912]]]}}, {"type": "Feature", "properties": {"status": "existing", "bHeight": 12.0, "name": "", "levels": ""}, "geometry": {"type": "Polygon", "coordinates": [[[55.2058256, 25.0673543], [55.205945, 25.0672422], [55.2058979, 25.0672011], [55.2057785, 25.0673133], [55.2058256, 25.0673543]]]}}, {"type": "Feature", "properties": {"status": "existing", "bHeight": 12.0, "name": "", "levels": ""}, "geometry": {"type": "Polygon", "coordinates": [[[55.2059593, 25.0674745], [55.2060821, 25.0673607], [55.2060349, 25.067319], [55.2059121, 25.0674327], [55.2059593, 25.0674745]]]}}, {"type": "Feature", "properties": {"status": "existing", "bHeight": 12.0, "name": "", "levels": ""}, "geometry": {"type": "Polygon", "coordinates": [[[55.2059121, 25.0674327], [55.2060349, 25.067319], [55.2059872, 25.067279], [55.2058678, 25.0673912], [55.2059121, 25.0674327]]]}}, {"type": "Feature", "properties": {"status": "existing", "bHeight": 12.0, "name": "", "levels": ""}, "geometry": {"type": "Polygon", "coordinates": [[[55.2059946, 25.067506], [55.2061176, 25.0673907], [55.2060821, 25.0673607], [55.2059593, 25.0674745], [55.2059946, 25.067506]]]}}, {"type": "Feature", "properties": {"status": "existing", "bHeight": 12.0, "name": "", "levels": ""}, "geometry": {"type": "Polygon", "coordinates": [[[55.2054962, 25.0670668], [55.2056156, 25.0669546], [55.2055686, 25.0669135], [55.2054492, 25.0670257], [55.2054962, 25.0670668]]]}}, {"type": "Feature", "properties": {"status": "existing", "bHeight": 12.0, "name": "", "levels": ""}, "geometry": {"type": "Polygon", "coordinates": [[[55.2054025, 25.066985], [55.2055219, 25.0668728], [55.205474, 25.0668309], [55.2053546, 25.0669431], [55.2054025, 25.066985]]]}}, {"type": "Feature", "properties": {"status": "existing", "bHeight": 12.0, "name": "", "levels": ""}, "geometry": {"type": "Polygon", "coordinates": [[[55.2054492, 25.0670257], [55.2055686, 25.0669135], [55.2055219, 25.0668728], [55.2054025, 25.066985], [55.2054492, 25.0670257]]]}}, {"type": "Feature", "properties": {"status": "existing", "bHeight": 12.0, "name": "", "levels": ""}, "geometry": {"type": "Polygon", "coordinates": [[[55.2055384, 25.0671036], [55.2056578, 25.0669914], [55.2056156, 25.0669546], [55.2054962, 25.0670668], [55.2055384, 25.0671036]]]}}, {"type": "Feature", "properties": {"status": "existing", "bHeight": 12.0, "name": "", "levels": ""}, "geometry": {"type": "Polygon", "coordinates": [[[55.2055848, 25.0671441], [55.2057042, 25.067032], [55.2056578, 25.0669914], [55.2055384, 25.0671036], [55.2055848, 25.0671441]]]}}, {"type": "Feature", "properties": {"status": "existing", "bHeight": 12.0, "name": "", "levels": ""}, "geometry": {"type": "Polygon", "coordinates": [[[55.2056321, 25.0671854], [55.2057515, 25.0670732], [55.2057042, 25.067032], [55.2055848, 25.0671441], [55.2056321, 25.0671854]]]}}, {"type": "Feature", "properties": {"status": "existing", "bHeight": 12.0, "name": "", "levels": ""}, "geometry": {"type": "Polygon", "coordinates": [[[55.2056839, 25.0672307], [55.2058033, 25.0671185], [55.2057515, 25.0670732], [55.2056321, 25.0671854], [55.2056839, 25.0672307]]]}}, {"type": "Feature", "properties": {"status": "existing", "bHeight": 12.0, "name": "", "levels": ""}, "geometry": {"type": "Polygon", "coordinates": [[[55.2065418, 25.0682406], [55.2066496, 25.0681804], [55.2066123, 25.0681283], [55.2065044, 25.0681884], [55.2065418, 25.0682406]]]}}, {"type": "Feature", "properties": {"status": "existing", "bHeight": 12.0, "name": "", "levels": ""}, "geometry": {"type": "Polygon", "coordinates": [[[55.2065044, 25.0681884], [55.2066123, 25.0681283], [55.2065772, 25.0680779], [55.2064692, 25.0681381], [55.2065044, 25.0681884]]]}}, {"type": "Feature", "properties": {"status": "existing", "bHeight": 12.0, "name": "", "levels": ""}, "geometry": {"type": "Polygon", "coordinates": [[[55.2064342, 25.0680891], [55.2065411, 25.0680296], [55.2065109, 25.067984], [55.206403, 25.0680442], [55.2064342, 25.0680891]]]}}, {"type": "Feature", "properties": {"status": "existing", "bHeight": 12.0, "name": "", "levels": ""}, "geometry": {"type": "Polygon", "coordinates": [[[55.2064692, 25.0681381], [55.2065772, 25.0680779], [55.2065411, 25.0680296], [55.2064342, 25.0680891], [55.2064692, 25.0681381]]]}}, {"type": "Feature", "properties": {"status": "existing", "bHeight": 12.0, "name": "", "levels": ""}, "geometry": {"type": "Polygon", "coordinates": [[[55.206403, 25.0680442], [55.2065109, 25.067984], [55.2064769, 25.0679335], [55.206369, 25.0679937], [55.206403, 25.0680442]]]}}, {"type": "Feature", "properties": {"status": "existing", "bHeight": 12.0, "name": "", "levels": ""}, "geometry": {"type": "Polygon", "coordinates": [[[55.206369, 25.0679937], [55.2064769, 25.0679335], [55.2064415, 25.0678843], [55.2063336, 25.0679445], [55.206369, 25.0679937]]]}}, {"type": "Feature", "properties": {"status": "existing", "bHeight": 12.0, "name": "", "levels": ""}, "geometry": {"type": "Polygon", "coordinates": [[[55.2063336, 25.0679445], [55.2064415, 25.0678843], [55.2064069, 25.0678332], [55.206298, 25.067893], [55.2063336, 25.0679445]]]}}, {"type": "Feature", "properties": {"status": "existing", "bHeight": 12.0, "name": "", "levels": ""}, "geometry": {"type": "Polygon", "coordinates": [[[55.206298, 25.067893], [55.2064069, 25.0678332], [55.2063679, 25.067778], [55.20626, 25.067838], [55.206298, 25.067893]]]}}, {"type": "Feature", "properties": {"status": "existing", "bHeight": 12.0, "name": "", "levels": ""}, "geometry": {"type": "Polygon", "coordinates": [[[55.20626, 25.067838], [55.2063679, 25.067778], [55.2063328, 25.0677277], [55.2062249, 25.0677878], [55.20626, 25.067838]]]}}, {"type": "Feature", "properties": {"status": "existing", "bHeight": 12.0, "name": "", "levels": ""}, "geometry": {"type": "Polygon", "coordinates": [[[55.2062249, 25.0677878], [55.2063328, 25.0677277], [55.2062967, 25.0676792], [55.2061898, 25.0677387], [55.2062249, 25.0677878]]]}}, {"type": "Feature", "properties": {"status": "existing", "bHeight": 12.0, "name": "", "levels": ""}, "geometry": {"type": "Polygon", "coordinates": [[[55.2061898, 25.0677387], [55.2062967, 25.0676792], [55.2062666, 25.0676337], [55.2061587, 25.0676939], [55.2061898, 25.0677387]]]}}, {"type": "Feature", "properties": {"status": "existing", "bHeight": 12.0, "name": "", "levels": ""}, "geometry": {"type": "Polygon", "coordinates": [[[55.2061587, 25.0676939], [55.2062666, 25.0676337], [55.2062326, 25.0675832], [55.2061246, 25.0676433], [55.2061587, 25.0676939]]]}}, {"type": "Feature", "properties": {"status": "existing", "bHeight": 12.0, "name": "Condor Castlea", "levels": ""}, "geometry": {"type": "Polygon", "coordinates": [[[55.2079862, 25.0676169], [55.2083048, 25.0675029], [55.2082422, 25.0673593], [55.2081129, 25.0674056], [55.2079029, 25.0669239], [55.2078706, 25.0668499], [55.2076813, 25.0669176], [55.2077149, 25.0669946], [55.2079862, 25.0676169]]]}}, {"type": "Feature", "properties": {"status": "existing", "bHeight": 12.0, "name": "", "levels": ""}, "geometry": {"type": "Polygon", "coordinates": [[[55.2086948, 25.0669061], [55.208614, 25.0665248], [55.2087677, 25.0664981], [55.2088485, 25.0668793], [55.2086948, 25.0669061]]]}}, {"type": "Feature", "properties": {"status": "existing", "bHeight": 12.0, "name": "", "levels": ""}, "geometry": {"type": "Polygon", "coordinates": [[[55.2067956, 25.0661659], [55.2068653, 25.0661757], [55.2068354, 25.0663504], [55.2067657, 25.0663406], [55.2067956, 25.0661659]]]}}, {"type": "Feature", "properties": {"status": "existing", "bHeight": 12.0, "name": "", "levels": ""}, "geometry": {"type": "Polygon", "coordinates": [[[55.206732, 25.066157], [55.2067956, 25.0661659], [55.2067657, 25.0663406], [55.2067021, 25.0663317], [55.206732, 25.066157]]]}}, {"type": "Feature", "properties": {"status": "existing", "bHeight": 12.0, "name": "", "levels": ""}, "geometry": {"type": "Polygon", "coordinates": [[[55.2066725, 25.0661486], [55.206732, 25.066157], [55.2067021, 25.0663317], [55.2066426, 25.0663233], [55.2066725, 25.0661486]]]}}, {"type": "Feature", "properties": {"status": "existing", "bHeight": 12.0, "name": "", "levels": ""}, "geometry": {"type": "Polygon", "coordinates": [[[55.2066117, 25.0661401], [55.2066725, 25.0661486], [55.2066426, 25.0663233], [55.2065818, 25.0663148], [55.2066117, 25.0661401]]]}}, {"type": "Feature", "properties": {"status": "existing", "bHeight": 12.0, "name": "", "levels": ""}, "geometry": {"type": "Polygon", "coordinates": [[[55.2063759, 25.066107], [55.2064367, 25.0661155], [55.2064068, 25.0662902], [55.206346, 25.0662817], [55.2063759, 25.066107]]]}}, {"type": "Feature", "properties": {"status": "existing", "bHeight": 12.0, "name": "", "levels": ""}, "geometry": {"type": "Polygon", "coordinates": [[[55.2064367, 25.0661155], [55.2064938, 25.0661235], [55.2064639, 25.0662982], [55.2064068, 25.0662902], [55.2064367, 25.0661155]]]}}, {"type": "Feature", "properties": {"status": "existing", "bHeight": 12.0, "name": "", "levels": ""}, "geometry": {"type": "Polygon", "coordinates": [[[55.2064938, 25.0661235], [55.206551, 25.0661315], [55.2065211, 25.0663063], [55.2064639, 25.0662982], [55.2064938, 25.0661235]]]}}, {"type": "Feature", "properties": {"status": "existing", "bHeight": 12.0, "name": "", "levels": ""}, "geometry": {"type": "Polygon", "coordinates": [[[55.206551, 25.0661315], [55.2066117, 25.0661401], [55.2065818, 25.0663148], [55.2065211, 25.0663063], [55.206551, 25.0661315]]]}}, {"type": "Feature", "properties": {"status": "existing", "bHeight": 12.0, "name": "", "levels": ""}, "geometry": {"type": "Polygon", "coordinates": [[[55.2062572, 25.0660903], [55.2063149, 25.0660984], [55.206285, 25.0662731], [55.2062273, 25.066265], [55.2062572, 25.0660903]]]}}, {"type": "Feature", "properties": {"status": "existing", "bHeight": 12.0, "name": "", "levels": ""}, "geometry": {"type": "Polygon", "coordinates": [[[55.2061967, 25.0660818], [55.2062572, 25.0660903], [55.2062273, 25.066265], [55.2061668, 25.0662565], [55.2061967, 25.0660818]]]}}, {"type": "Feature", "properties": {"status": "existing", "bHeight": 12.0, "name": "", "levels": ""}, "geometry": {"type": "Polygon", "coordinates": [[[55.2063149, 25.0660984], [55.2063759, 25.066107], [55.206346, 25.0662817], [55.206285, 25.0662731], [55.2063149, 25.0660984]]]}}, {"type": "Feature", "properties": {"status": "existing", "bHeight": 12.0, "name": "Spica", "levels": ""}, "geometry": {"type": "Polygon", "coordinates": [[[55.2029104, 25.0652029], [55.2035217, 25.0658843], [55.2031796, 25.0661361], [55.2030361, 25.0659762], [55.2032182, 25.0658421], [55.2031557, 25.0657725], [55.2031003, 25.0658133], [55.2029165, 25.0656084], [55.2029742, 25.0655659], [55.2029221, 25.0655079], [55.2027395, 25.0656424], [55.20257, 25.0654534], [55.2029104, 25.0652029]]]}}, {"type": "Feature", "properties": {"status": "existing", "bHeight": 12.0, "name": "", "levels": ""}, "geometry": {"type": "Polygon", "coordinates": [[[55.2025625, 25.0641908], [55.2026984, 25.0640902], [55.2026493, 25.0640358], [55.2025134, 25.0641365], [55.2025625, 25.0641908]]]}}, {"type": "Feature", "properties": {"status": "existing", "bHeight": 12.0, "name": "", "levels": ""}, "geometry": {"type": "Polygon", "coordinates": [[[55.2026466, 25.0642839], [55.2027824, 25.0641832], [55.2027415, 25.0641379], [55.2026056, 25.0642386], [55.2026466, 25.0642839]]]}}, {"type": "Feature", "properties": {"status": "existing", "bHeight": 12.0, "name": "", "levels": ""}, "geometry": {"type": "Polygon", "coordinates": [[[55.2026056, 25.0642386], [55.2027415, 25.0641379], [55.2026984, 25.0640902], [55.2025625, 25.0641908], [55.2026056, 25.0642386]]]}}, {"type": "Feature", "properties": {"status": "existing", "bHeight": 12.0, "name": "", "levels": ""}, "geometry": {"type": "Polygon", "coordinates": [[[55.2026868, 25.0643285], [55.2028227, 25.0642278], [55.2027824, 25.0641832], [55.2026466, 25.0642839], [55.2026868, 25.0643285]]]}}, {"type": "Feature", "properties": {"status": "existing", "bHeight": 12.0, "name": "", "levels": ""}, "geometry": {"type": "Polygon", "coordinates": [[[55.202836, 25.0644955], [55.20297, 25.0643979], [55.2029283, 25.0643509], [55.2027943, 25.0644486], [55.202836, 25.0644955]]]}}, {"type": "Feature", "properties": {"status": "existing", "bHeight": 12.0, "name": "", "levels": ""}, "geometry": {"type": "Polygon", "coordinates": [[[55.2027316, 25.0643781], [55.2028675, 25.0642774], [55.2028227, 25.0642278], [55.2026868, 25.0643285], [55.2027316, 25.0643781]]]}}, {"type": "Feature", "properties": {"status": "existing", "bHeight": 12.0, "name": "", "levels": ""}, "geometry": {"type": "Polygon", "coordinates": [[[55.2027784, 25.0644299], [55.2029143, 25.0643293], [55.2028675, 25.0642774], [55.2027316, 25.0643781], [55.2027784, 25.0644299]]]}}, {"type": "Feature", "properties": {"status": "existing", "bHeight": 12.0, "name": "", "levels": ""}, "geometry": {"type": "Polygon", "coordinates": [[[55.2028767, 25.0645413], [55.2030107, 25.0644437], [55.20297, 25.0643979], [55.202836, 25.0644955], [55.2028767, 25.0645413]]]}}, {"type": "Feature", "properties": {"status": "existing", "bHeight": 12.0, "name": "", "levels": ""}, "geometry": {"type": "Polygon", "coordinates": [[[55.2029516, 25.0646312], [55.2030847, 25.0645334], [55.2030363, 25.0644794], [55.2029032, 25.0645771], [55.2029516, 25.0646312]]]}}, {"type": "Feature", "properties": {"status": "existing", "bHeight": 12.0, "name": "", "levels": ""}, "geometry": {"type": "Polygon", "coordinates": [[[55.2029885, 25.0646724], [55.2031216, 25.0645747], [55.2030847, 25.0645334], [55.2029516, 25.0646312], [55.2029885, 25.0646724]]]}}, {"type": "Feature", "properties": {"status": "existing", "bHeight": 12.0, "name": "", "levels": ""}, "geometry": {"type": "Polygon", "coordinates": [[[55.203029, 25.0647177], [55.2031621, 25.06462], [55.2031216, 25.0645747], [55.2029885, 25.0646724], [55.203029, 25.0647177]]]}}, {"type": "Feature", "properties": {"status": "existing", "bHeight": 12.0, "name": "", "levels": ""}, "geometry": {"type": "Polygon", "coordinates": [[[55.2030704, 25.064764], [55.2032035, 25.0646663], [55.2031621, 25.06462], [55.203029, 25.0647177], [55.2030704, 25.064764]]]}}, {"type": "Feature", "properties": {"status": "existing", "bHeight": 12.0, "name": "", "levels": ""}, "geometry": {"type": "Polygon", "coordinates": [[[55.203113, 25.0648116], [55.2032461, 25.0647139], [55.2032035, 25.0646663], [55.2030704, 25.064764], [55.203113, 25.0648116]]]}}, {"type": "Feature", "properties": {"status": "existing", "bHeight": 12.0, "name": "", "levels": ""}, "geometry": {"type": "Polygon", "coordinates": [[[55.2019183, 25.0627695], [55.2016354, 25.0624918], [55.2017926, 25.0623604], [55.2019274, 25.0624927], [55.2021286, 25.0623245], [55.202092, 25.0622886], [55.2021906, 25.0622061], [55.2022275, 25.0622423], [55.2023269, 25.0621593], [55.2021857, 25.0620346], [55.2023527, 25.061892], [55.2026671, 25.0621556], [55.2019183, 25.0627695]]]}}, {"type": "Feature", "properties": {"status": "existing", "bHeight": 12.0, "name": "Masaar Residences", "levels": ""}, "geometry": {"type": "Polygon", "coordinates": [[[55.1982829, 25.055233], [55.1987507, 25.0553115], [55.198714, 25.0554907], [55.1985942, 25.0554706], [55.1985461, 25.0557057], [55.1983125, 25.0556665], [55.1983614, 25.0554278], [55.1982469, 25.0554086], [55.1982829, 25.055233]]]}}, {"type": "Feature", "properties": {"status": "existing", "bHeight": 12.0, "name": "", "levels": ""}, "geometry": {"type": "Polygon", "coordinates": [[[55.2041854, 25.0536126], [55.2040633, 25.0535026], [55.2040178, 25.0535445], [55.2041398, 25.0536543], [55.2041854, 25.0536126]]]}}, {"type": "Feature", "properties": {"status": "existing", "bHeight": 12.0, "name": "", "levels": ""}, "geometry": {"type": "Polygon", "coordinates": [[[55.2041398, 25.0536543], [55.2040178, 25.0535445], [55.20397, 25.0535859], [55.2040919, 25.0536968], [55.2041398, 25.0536543]]]}}, {"type": "Feature", "properties": {"status": "existing", "bHeight": 12.0, "name": "", "levels": ""}, "geometry": {"type": "Polygon", "coordinates": [[[55.2042744, 25.0535346], [55.2041533, 25.0534254], [55.2041106, 25.0534618], [55.2042326, 25.0535717], [55.2042744, 25.0535346]]]}}, {"type": "Feature", "properties": {"status": "existing", "bHeight": 12.0, "name": "", "levels": ""}, "geometry": {"type": "Polygon", "coordinates": [[[55.2042326, 25.0535717], [55.2041106, 25.0534618], [55.2040633, 25.0535026], [55.2041854, 25.0536126], [55.2042326, 25.0535717]]]}}, {"type": "Feature", "properties": {"status": "existing", "bHeight": 12.0, "name": "", "levels": ""}, "geometry": {"type": "Polygon", "coordinates": [[[55.20432, 25.0534931], [55.2041979, 25.0533832], [55.2041533, 25.0534254], [55.2042744, 25.0535346], [55.20432, 25.0534931]]]}}, {"type": "Feature", "properties": {"status": "existing", "bHeight": 12.0, "name": "", "levels": ""}, "geometry": {"type": "Polygon", "coordinates": [[[55.2044658, 25.0533635], [55.2043437, 25.0532537], [55.204296, 25.0532951], [55.2044179, 25.0534061], [55.2044658, 25.0533635]]]}}, {"type": "Feature", "properties": {"status": "existing", "bHeight": 12.0, "name": "", "levels": ""}, "geometry": {"type": "Polygon", "coordinates": [[[55.2043666, 25.0534514], [55.2042447, 25.0533414], [55.2041979, 25.0533832], [55.20432, 25.0534931], [55.2043666, 25.0534514]]]}}, {"type": "Feature", "properties": {"status": "existing", "bHeight": 12.0, "name": "", "levels": ""}, "geometry": {"type": "Polygon", "coordinates": [[[55.2044179, 25.0534061], [55.204296, 25.0532951], [55.2042447, 25.0533414], [55.2043666, 25.0534514], [55.2044179, 25.0534061]]]}}, {"type": "Feature", "properties": {"status": "existing", "bHeight": 12.0, "name": "", "levels": ""}, "geometry": {"type": "Polygon", "coordinates": [[[55.2045113, 25.0533218], [55.2043893, 25.0532119], [55.2043437, 25.0532537], [55.2044658, 25.0533635], [55.2045113, 25.0533218]]]}}, {"type": "Feature", "properties": {"status": "existing", "bHeight": 12.0, "name": "", "levels": ""}, "geometry": {"type": "Polygon", "coordinates": [[[55.2045586, 25.0532809], [55.2044365, 25.053171], [55.2043893, 25.0532119], [55.2045113, 25.0533218], [55.2045586, 25.0532809]]]}}, {"type": "Feature", "properties": {"status": "existing", "bHeight": 12.0, "name": "", "levels": ""}, "geometry": {"type": "Polygon", "coordinates": [[[55.2085241, 25.0521207], [55.2085457, 25.0519672], [55.2084878, 25.0519587], [55.2084662, 25.0521133], [55.2085241, 25.0521207]]]}}, {"type": "Feature", "properties": {"status": "existing", "bHeight": 12.0, "name": "", "levels": ""}, "geometry": {"type": "Polygon", "coordinates": [[[55.2084662, 25.0521133], [55.2084878, 25.0519587], [55.2084233, 25.0519497], [55.2084016, 25.0521043], [55.2084662, 25.0521133]]]}}, {"type": "Feature", "properties": {"status": "existing", "bHeight": 12.0, "name": "", "levels": ""}, "geometry": {"type": "Polygon", "coordinates": [[[55.2085881, 25.0521281], [55.2086099, 25.0519734], [55.2085457, 25.0519672], [55.2085241, 25.0521207], [55.2085881, 25.0521281]]]}}, {"type": "Feature", "properties": {"status": "existing", "bHeight": 12.0, "name": "", "levels": ""}, "geometry": {"type": "Polygon", "coordinates": [[[55.2087904, 25.0521537], [55.2088121, 25.0519991], [55.2087467, 25.0519901], [55.208724, 25.0521452], [55.2087904, 25.0521537]]]}}, {"type": "Feature", "properties": {"status": "existing", "bHeight": 12.0, "name": "", "levels": ""}, "geometry": {"type": "Polygon", "coordinates": [[[55.2086531, 25.0521361], [55.2086749, 25.0519815], [55.2086099, 25.0519734], [55.2085881, 25.0521281], [55.2086531, 25.0521361]]]}}, {"type": "Feature", "properties": {"status": "existing", "bHeight": 12.0, "name": "", "levels": ""}, "geometry": {"type": "Polygon", "coordinates": [[[55.208724, 25.0521452], [55.2087467, 25.0519901], [55.2086749, 25.0519815], [55.2086531, 25.0521361], [55.208724, 25.0521452]]]}}, {"type": "Feature", "properties": {"status": "existing", "bHeight": 12.0, "name": "", "levels": ""}, "geometry": {"type": "Polygon", "coordinates": [[[55.2088547, 25.0521609], [55.2088765, 25.0520063], [55.2088121, 25.0519991], [55.2087904, 25.0521537], [55.2088547, 25.0521609]]]}}, {"type": "Feature", "properties": {"status": "existing", "bHeight": 12.0, "name": "", "levels": ""}, "geometry": {"type": "Polygon", "coordinates": [[[55.2089194, 25.0521699], [55.208941, 25.0520153], [55.2088765, 25.0520063], [55.2088547, 25.0521609], [55.2089194, 25.0521699]]]}}, {"type": "Feature", "properties": {"status": "existing", "bHeight": 12.0, "name": "", "levels": ""}, "geometry": {"type": "Polygon", "coordinates": [[[55.2089774, 25.0521772], [55.208999, 25.0520237], [55.208941, 25.0520153], [55.2089194, 25.0521699], [55.2089774, 25.0521772]]]}}, {"type": "Feature", "properties": {"status": "existing", "bHeight": 12.0, "name": "", "levels": ""}, "geometry": {"type": "Polygon", "coordinates": [[[55.2090413, 25.0521846], [55.209063, 25.0520299], [55.208999, 25.0520237], [55.2089774, 25.0521772], [55.2090413, 25.0521846]]]}}, {"type": "Feature", "properties": {"status": "existing", "bHeight": 12.0, "name": "", "levels": ""}, "geometry": {"type": "Polygon", "coordinates": [[[55.2091064, 25.0521926], [55.2091282, 25.052038], [55.209063, 25.0520299], [55.2090413, 25.0521846], [55.2091064, 25.0521926]]]}}, {"type": "Feature", "properties": {"status": "existing", "bHeight": 12.0, "name": "", "levels": ""}, "geometry": {"type": "Polygon", "coordinates": [[[55.2106481, 25.052799], [55.2107322, 25.0526642], [55.2106752, 25.0526345], [55.2105908, 25.0527704], [55.2106481, 25.052799]]]}}, {"type": "Feature", "properties": {"status": "existing", "bHeight": 12.0, "name": "", "levels": ""}, "geometry": {"type": "Polygon", "coordinates": [[[55.2105908, 25.0527704], [55.2106752, 25.0526345], [55.2106185, 25.0526069], [55.2105347, 25.0527417], [55.2105908, 25.0527704]]]}}, {"type": "Feature", "properties": {"status": "existing", "bHeight": 12.0, "name": "", "levels": ""}, "geometry": {"type": "Polygon", "coordinates": [[[55.2105347, 25.0527417], [55.2106185, 25.0526069], [55.2105682, 25.0525793], [55.210484, 25.0527152], [55.2105347, 25.0527417]]]}}, {"type": "Feature", "properties": {"status": "existing", "bHeight": 12.0, "name": "", "levels": ""}, "geometry": {"type": "Polygon", "coordinates": [[[55.210484, 25.0527152], [55.2105682, 25.0525793], [55.2105122, 25.052549], [55.2104278, 25.0526848], [55.210484, 25.0527152]]]}}, {"type": "Feature", "properties": {"status": "existing", "bHeight": 12.0, "name": "", "levels": ""}, "geometry": {"type": "Polygon", "coordinates": [[[55.2104278, 25.0526848], [55.2105122, 25.052549], [55.2104556, 25.0525204], [55.2103712, 25.0526562], [55.2104278, 25.0526848]]]}}, {"type": "Feature", "properties": {"status": "existing", "bHeight": 12.0, "name": "", "levels": ""}, "geometry": {"type": "Polygon", "coordinates": [[[55.2103712, 25.0526562], [55.2104556, 25.0525204], [55.2103987, 25.0524897], [55.2103132, 25.0526256], [55.2103712, 25.0526562]]]}}, {"type": "Feature", "properties": {"status": "existing", "bHeight": 12.0, "name": "", "levels": ""}, "geometry": {"type": "Polygon", "coordinates": [[[55.2103132, 25.0526256], [55.2103987, 25.0524897], [55.2103358, 25.0524572], [55.2102513, 25.052593], [55.2103132, 25.0526256]]]}}, {"type": "Feature", "properties": {"status": "existing", "bHeight": 12.0, "name": "", "levels": ""}, "geometry": {"type": "Polygon", "coordinates": [[[55.2102513, 25.052593], [55.2103358, 25.0524572], [55.2102789, 25.0524276], [55.2101944, 25.0525634], [55.2102513, 25.052593]]]}}, {"type": "Feature", "properties": {"status": "existing", "bHeight": 12.0, "name": "", "levels": ""}, "geometry": {"type": "Polygon", "coordinates": [[[55.2101944, 25.0525634], [55.2102789, 25.0524276], [55.210222, 25.0523999], [55.2101382, 25.0525347], [55.2101944, 25.0525634]]]}}, {"type": "Feature", "properties": {"status": "existing", "bHeight": 12.0, "name": "", "levels": ""}, "geometry": {"type": "Polygon", "coordinates": [[[55.2101382, 25.0525347], [55.210222, 25.0523999], [55.2101719, 25.0523723], [55.2100877, 25.0525081], [55.2101382, 25.0525347]]]}}, {"type": "Feature", "properties": {"status": "existing", "bHeight": 12.0, "name": "", "levels": ""}, "geometry": {"type": "Polygon", "coordinates": [[[55.2100877, 25.0525081], [55.2101719, 25.0523723], [55.2101159, 25.0523419], [55.2100315, 25.0524778], [55.2100877, 25.0525081]]]}}, {"type": "Feature", "properties": {"status": "existing", "bHeight": 12.0, "name": "", "levels": ""}, "geometry": {"type": "Polygon", "coordinates": [[[55.2107112, 25.0528329], [55.2107956, 25.0526971], [55.2107322, 25.0526642], [55.2106481, 25.052799], [55.2107112, 25.0528329]]]}}, {"type": "Feature", "properties": {"status": "existing", "bHeight": 12.0, "name": "", "levels": ""}, "geometry": {"type": "Polygon", "coordinates": [[[55.2122961, 25.0542499], [55.2130763, 25.0535961], [55.2129718, 25.0534936], [55.2131025, 25.0533843], [55.2133634, 25.0536403], [55.2124452, 25.0543959], [55.2122961, 25.0542499]]]}}, {"type": "Feature", "properties": {"status": "existing", "bHeight": 12.0, "name": "Arezzo 1", "levels": ""}, "geometry": {"type": "Polygon", "coordinates": [[[55.20821, 25.0611273], [55.2082565, 25.0613257], [55.2082381, 25.0613288], [55.2081089, 25.06135], [55.2081748, 25.0616807], [55.2081824, 25.0617187], [55.2082421, 25.0620181], [55.2082651, 25.0620143], [55.2083901, 25.0619939], [55.2084059, 25.0619913], [55.2084468, 25.0621964], [55.2080424, 25.0622626], [55.2079411, 25.0617544], [55.2079335, 25.0617164], [55.2078285, 25.0611897], [55.20821, 25.0611273]]]}}, {"type": "Feature", "properties": {"status": "existing", "bHeight": 12.0, "name": "", "levels": ""}, "geometry": {"type": "Polygon", "coordinates": [[[55.2141644, 25.0525427], [55.2144328, 25.0528195], [55.2135899, 25.0534902], [55.2133164, 25.0532082], [55.2134635, 25.0530912], [55.2135832, 25.0532147], [55.21415, 25.0527637], [55.2140353, 25.0526454], [55.2141644, 25.0525427]]]}}, {"type": "Feature", "properties": {"status": "existing", "bHeight": 37.4, "name": "Sobha Daffodil Wing A", "levels": "11"}, "geometry": {"type": "Polygon", "coordinates": [[[55.2065336, 25.047376], [55.2064973, 25.0472277], [55.2068582, 25.0471554], [55.2069247, 25.0474277], [55.2071417, 25.0473843], [55.2070328, 25.0469383], [55.2062287, 25.0470994], [55.2063073, 25.0474214], [55.2065336, 25.047376]]]}}, {"type": "Feature", "properties": {"status": "existing", "bHeight": 12.0, "name": "Oxford", "levels": ""}, "geometry": {"type": "Polygon", "coordinates": [[[55.2027994, 25.0462805], [55.2029617, 25.0468694], [55.2032641, 25.046801], [55.2032376, 25.0467047], [55.2031005, 25.0467357], [55.2030054, 25.0463906], [55.2037811, 25.0462152], [55.2038816, 25.0465801], [55.2037311, 25.0466141], [55.203755, 25.0467008], [55.2040601, 25.0466318], [55.203895, 25.0460326], [55.2027994, 25.0462805]]]}}, {"type": "Feature", "properties": {"status": "existing", "bHeight": 12.0, "name": "", "levels": ""}, "geometry": {"type": "Polygon", "coordinates": [[[55.2088332, 25.0707558], [55.2087821, 25.0707831], [55.2087601, 25.0707492], [55.2087135, 25.0707741], [55.2086521, 25.0706797], [55.2087498, 25.0706275], [55.2088332, 25.0707558]]]}}, {"type": "Feature", "properties": {"status": "existing", "bHeight": 12.0, "name": "", "levels": ""}, "geometry": {"type": "Polygon", "coordinates": [[[55.2089789, 25.0706945], [55.2089351, 25.0707138], [55.2089165, 25.070679], [55.2088663, 25.070701], [55.2088104, 25.0705966], [55.2089044, 25.0705553], [55.2089789, 25.0706945]]]}}, {"type": "Feature", "properties": {"status": "existing", "bHeight": 12.0, "name": "", "levels": ""}, "geometry": {"type": "Polygon", "coordinates": [[[55.2091395, 25.0706306], [55.2090972, 25.0706498], [55.2090785, 25.0706161], [55.2090231, 25.0706413], [55.2089673, 25.0705406], [55.2090651, 25.0704962], [55.2091395, 25.0706306]]]}}, {"type": "Feature", "properties": {"status": "existing", "bHeight": 12.0, "name": "", "levels": ""}, "geometry": {"type": "Polygon", "coordinates": [[[55.2092954, 25.0705757], [55.2092458, 25.0705979], [55.2092272, 25.0705637], [55.2091785, 25.0705855], [55.2091237, 25.0704846], [55.2092221, 25.0704408], [55.2092954, 25.0705757]]]}}, {"type": "Feature", "properties": {"status": "existing", "bHeight": 12.0, "name": "", "levels": ""}, "geometry": {"type": "Polygon", "coordinates": [[[55.2094473, 25.0705139], [55.2093953, 25.0705338], [55.2093796, 25.0705003], [55.2093029, 25.0705296], [55.2092556, 25.070428], [55.2093845, 25.0703788], [55.2094473, 25.0705139]]]}}, {"type": "Feature", "properties": {"status": "existing", "bHeight": 12.0, "name": "", "levels": ""}, "geometry": {"type": "Polygon", "coordinates": [[[55.2096089, 25.0704486], [55.2095505, 25.0704703], [55.2095348, 25.0704354], [55.2094842, 25.0704542], [55.2094378, 25.0703518], [55.2095468, 25.0703114], [55.2096089, 25.0704486]]]}}, {"type": "Feature", "properties": {"status": "existing", "bHeight": 12.0, "name": "", "levels": ""}, "geometry": {"type": "Polygon", "coordinates": [[[55.2097487, 25.0704042], [55.2096919, 25.07042], [55.2096788, 25.0703814], [55.2096284, 25.0703955], [55.2095916, 25.0702871], [55.2096988, 25.0702572], [55.2097487, 25.0704042]]]}}, {"type": "Feature", "properties": {"status": "existing", "bHeight": 12.0, "name": "", "levels": ""}, "geometry": {"type": "Polygon", "coordinates": [[[55.2098641, 25.0703134], [55.2097709, 25.0703387], [55.2097367, 25.0702351], [55.2098298, 25.0702098], [55.2098641, 25.0703134]]]}}, {"type": "Feature", "properties": {"status": "existing", "bHeight": 12.0, "name": "", "levels": ""}, "geometry": {"type": "Polygon", "coordinates": [[[55.2085288, 25.0709123], [55.2084749, 25.0709392], [55.2084566, 25.070909], [55.2084091, 25.0709327], [55.2083454, 25.0708279], [55.2084467, 25.0707773], [55.2085288, 25.0709123]]]}}, {"type": "Feature", "properties": {"status": "existing", "bHeight": 12.0, "name": "", "levels": ""}, "geometry": {"type": "Polygon", "coordinates": [[[55.2086882, 25.0708357], [55.2086363, 25.0708644], [55.2086136, 25.0708306], [55.2085693, 25.0708551], [55.2085015, 25.0707542], [55.2085977, 25.0707012], [55.2086882, 25.0708357]]]}}, {"type": "Feature", "properties": {"status": "existing", "bHeight": 12.0, "name": "", "levels": ""}, "geometry": {"type": "Polygon", "coordinates": [[[55.2074852, 25.0715866], [55.2074481, 25.0716147], [55.2074202, 25.0715844], [55.2073812, 25.071614], [55.2073, 25.0715259], [55.2073401, 25.0714955], [55.2073231, 25.071477], [55.2073589, 25.0714499], [55.2074852, 25.0715866]]]}}, {"type": "Feature", "properties": {"status": "existing", "bHeight": 12.0, "name": "", "levels": ""}, "geometry": {"type": "Polygon", "coordinates": [[[55.2075245, 25.0715586], [55.2075849, 25.0715189], [55.2075607, 25.0714887], [55.2076083, 25.0714574], [55.2075227, 25.0713506], [55.2074147, 25.0714216], [55.2075245, 25.0715586]]]}}, {"type": "Feature", "properties": {"status": "existing", "bHeight": 12.0, "name": "", "levels": ""}, "geometry": {"type": "Polygon", "coordinates": [[[55.2076715, 25.0714536], [55.2077141, 25.0714242], [55.207694, 25.0714002], [55.207765, 25.0713483], [55.2076709, 25.0712461], [55.2075612, 25.0713226], [55.2076715, 25.0714536]]]}}, {"type": "Feature", "properties": {"status": "existing", "bHeight": 12.0, "name": "", "levels": ""}, "geometry": {"type": "Polygon", "coordinates": [[[55.2078111, 25.0713624], [55.2078629, 25.0713301], [55.2078364, 25.0712952], [55.2078654, 25.0712771], [55.2077867, 25.0711735], [55.2077059, 25.0712239], [55.2078111, 25.0713624]]]}}, {"type": "Feature", "properties": {"status": "existing", "bHeight": 12.0, "name": "", "levels": ""}, "geometry": {"type": "Polygon", "coordinates": [[[55.2079556, 25.0712668], [55.2080057, 25.0712377], [55.2079826, 25.071205], [55.208012, 25.071188], [55.2079356, 25.0710801], [55.2078561, 25.0711262], [55.2079556, 25.0712668]]]}}, {"type": "Feature", "properties": {"status": "existing", "bHeight": 12.0, "name": "", "levels": ""}, "geometry": {"type": "Polygon", "coordinates": [[[55.2081032, 25.0711777], [55.2081557, 25.0711507], [55.2081335, 25.0711152], [55.2081663, 25.0710984], [55.208098, 25.0709893], [55.2080127, 25.0710331], [55.2081032, 25.0711777]]]}}, {"type": "Feature", "properties": {"status": "existing", "bHeight": 12.0, "name": "", "levels": ""}, "geometry": {"type": "Polygon", "coordinates": [[[55.2141929, 25.070041], [55.2141354, 25.070033], [55.214143, 25.0699882], [55.2141, 25.0699822], [55.2141177, 25.069877], [55.2142182, 25.0698909], [55.2141929, 25.070041]]]}}, {"type": "Feature", "properties": {"status": "existing", "bHeight": 12.0, "name": "", "levels": ""}, "geometry": {"type": "Polygon", "coordinates": [[[55.2143813, 25.0700877], [55.2143177, 25.0700792], [55.2143241, 25.0700394], [55.2142796, 25.0700335], [55.2142997, 25.0699102], [55.2144079, 25.0699246], [55.2143813, 25.0700877]]]}}, {"type": "Feature", "properties": {"status": "existing", "bHeight": 12.0, "name": "", "levels": ""}, "geometry": {"type": "Polygon", "coordinates": [[[55.214573, 25.0701272], [55.2144796, 25.0701138], [55.214487, 25.0700717], [55.2144524, 25.0700668], [55.2144733, 25.0699476], [55.2146212, 25.0699689], [55.2146015, 25.0700807], [55.2145816, 25.0700778], [55.214573, 25.0701272]]]}}, {"type": "Feature", "properties": {"status": "existing", "bHeight": 12.0, "name": "", "levels": ""}, "geometry": {"type": "Polygon", "coordinates": [[[55.2147425, 25.0701605], [55.2146803, 25.0701478], [55.2146893, 25.0701117], [55.2146499, 25.0701037], [55.2146781, 25.0699903], [55.2147797, 25.0700111], [55.2147425, 25.0701605]]]}}, {"type": "Feature", "properties": {"status": "existing", "bHeight": 12.0, "name": "", "levels": ""}, "geometry": {"type": "Polygon", "coordinates": [[[55.2149143, 25.0702014], [55.2148531, 25.0701886], [55.2148627, 25.0701508], [55.2148291, 25.0701438], [55.2148601, 25.0700225], [55.214955, 25.0700424], [55.2149143, 25.0702014]]]}}, {"type": "Feature", "properties": {"status": "existing", "bHeight": 12.0, "name": "", "levels": ""}, "geometry": {"type": "Polygon", "coordinates": [[[55.2150878, 25.0702435], [55.2150304, 25.0702295], [55.215042, 25.0701903], [55.215003, 25.0701808], [55.2150374, 25.0700649], [55.2151339, 25.0700884], [55.2150878, 25.0702435]]]}}, {"type": "Feature", "properties": {"status": "existing", "bHeight": 12.0, "name": "", "levels": ""}, "geometry": {"type": "Polygon", "coordinates": [[[55.2155969, 25.0703564], [55.2155373, 25.0703388], [55.2155239, 25.0703761], [55.2154726, 25.0703609], [55.215526, 25.0702123], [55.2156369, 25.070245], [55.2155969, 25.0703564]]]}}, {"type": "Feature", "properties": {"status": "existing", "bHeight": 12.0, "name": "", "levels": ""}, "geometry": {"type": "Polygon", "coordinates": [[[55.2154287, 25.0703555], [55.2153719, 25.0703381], [55.2153862, 25.0702998], [55.2153531, 25.0702897], [55.2153946, 25.0701785], [55.2154846, 25.0702061], [55.2154287, 25.0703555]]]}}, {"type": "Feature", "properties": {"status": "existing", "bHeight": 12.0, "name": "", "levels": ""}, "geometry": {"type": "Polygon", "coordinates": [[[55.2152665, 25.0703186], [55.215208, 25.0703014], [55.2152217, 25.0702633], [55.2151824, 25.0702518], [55.2152188, 25.0701501], [55.2153165, 25.0701788], [55.2152665, 25.0703186]]]}}, {"type": "Feature", "properties": {"status": "existing", "bHeight": 12.0, "name": "", "levels": ""}, "geometry": {"type": "Polygon", "coordinates": [[[55.2121817, 25.0699477], [55.2121065, 25.0699506], [55.2121048, 25.0699129], [55.212061, 25.0699146], [55.2120547, 25.0697834], [55.2121736, 25.0697788], [55.2121817, 25.0699477]]]}}, {"type": "Feature", "properties": {"status": "existing", "bHeight": 12.0, "name": "", "levels": ""}, "geometry": {"type": "Polygon", "coordinates": [[[55.2122073, 25.0699428], [55.2122804, 25.0699402], [55.2122789, 25.0699045], [55.2123109, 25.0699034], [55.2123053, 25.0697734], [55.2122002, 25.0697771], [55.2122073, 25.0699428]]]}}, {"type": "Feature", "properties": {"status": "existing", "bHeight": 12.0, "name": "", "levels": ""}, "geometry": {"type": "Polygon", "coordinates": [[[55.2123922, 25.0699386], [55.2124673, 25.0699382], [55.212467, 25.0699005], [55.2125109, 25.0699001], [55.2125098, 25.0697689], [55.2123908, 25.0697696], [55.2123922, 25.0699386]]]}}, {"type": "Feature", "properties": {"status": "existing", "bHeight": 12.0, "name": "", "levels": ""}, "geometry": {"type": "Polygon", "coordinates": [[[55.2125773, 25.0699336], [55.2126275, 25.0699358], [55.2126295, 25.0699], [55.2126695, 25.0699018], [55.2126764, 25.0697753], [55.2125861, 25.0697713], [55.2125773, 25.0699336]]]}}, {"type": "Feature", "properties": {"status": "existing", "bHeight": 12.0, "name": "", "levels": ""}, "geometry": {"type": "Polygon", "coordinates": [[[55.2127595, 25.0699271], [55.2128336, 25.069928], [55.2128341, 25.0698911], [55.2128665, 25.0698915], [55.2128684, 25.0697611], [55.2127619, 25.0697598], [55.2127595, 25.0699271]]]}}, {"type": "Feature", "properties": {"status": "existing", "bHeight": 12.0, "name": "", "levels": ""}, "geometry": {"type": "Polygon", "coordinates": [[[55.2129501, 25.0699314], [55.213025, 25.0699328], [55.2130259, 25.0698941], [55.2130547, 25.0698946], [55.2130575, 25.0697689], [55.2129537, 25.069767], [55.2129501, 25.0699314]]]}}, {"type": "Feature", "properties": {"status": "existing", "bHeight": 12.0, "name": "", "levels": ""}, "geometry": {"type": "Polygon", "coordinates": [[[55.2131415, 25.069905], [55.2131983, 25.0699077], [55.2132003, 25.0698724], [55.2132449, 25.0698745], [55.2132504, 25.0697782], [55.2131491, 25.0697734], [55.2131415, 25.069905]]]}}, {"type": "Feature", "properties": {"status": "existing", "bHeight": 12.0, "name": "", "levels": ""}, "geometry": {"type": "Polygon", "coordinates": [[[55.2133189, 25.0699051], [55.2133793, 25.0699083], [55.213378, 25.0699278], [55.2134418, 25.0699312], [55.2134504, 25.0698004], [55.2133262, 25.0697938], [55.2133189, 25.0699051]]]}}, {"type": "Feature", "properties": {"status": "existing", "bHeight": 12.0, "name": "", "levels": ""}, "geometry": {"type": "Polygon", "coordinates": [[[55.2135128, 25.0699453], [55.2135688, 25.069945], [55.2135727, 25.0699095], [55.2136011, 25.0699121], [55.2136156, 25.0697802], [55.2135578, 25.069775], [55.2135535, 25.069814], [55.2135129, 25.0698104], [55.2135128, 25.0699453]]]}}, {"type": "Feature", "properties": {"status": "existing", "bHeight": 12.0, "name": "", "levels": ""}, "geometry": {"type": "Polygon", "coordinates": [[[55.2136899, 25.0699558], [55.2137551, 25.0699577], [55.2137543, 25.0699816], [55.2138016, 25.069983], [55.2138071, 25.0698264], [55.2136946, 25.0698232], [55.2136899, 25.0699558]]]}}, {"type": "Feature", "properties": {"status": "existing", "bHeight": 12.0, "name": "", "levels": ""}, "geometry": {"type": "Polygon", "coordinates": [[[55.2116509, 25.0699905], [55.2117258, 25.0699844], [55.211722, 25.0699468], [55.2117657, 25.0699433], [55.2117527, 25.0698125], [55.2116342, 25.0698222], [55.2116509, 25.0699905]]]}}, {"type": "Feature", "properties": {"status": "existing", "bHeight": 12.0, "name": "", "levels": ""}, "geometry": {"type": "Polygon", "coordinates": [[[55.2116305, 25.0699959], [55.2115558, 25.0700035], [55.2115512, 25.069966], [55.2115076, 25.0699704], [55.2114915, 25.0698399], [55.2116097, 25.069828], [55.2116305, 25.0699959]]]}}, {"type": "Feature", "properties": {"status": "existing", "bHeight": 12.0, "name": "", "levels": ""}, "geometry": {"type": "Polygon", "coordinates": [[[55.2114487, 25.0700178], [55.2113742, 25.0700263], [55.211369, 25.0699889], [55.2113254, 25.0699938], [55.2113075, 25.0698636], [55.2114255, 25.0698501], [55.2114487, 25.0700178]]]}}, {"type": "Feature", "properties": {"status": "existing", "bHeight": 12.0, "name": "", "levels": ""}, "geometry": {"type": "Polygon", "coordinates": [[[55.2112895, 25.0700489], [55.2112157, 25.0700613], [55.211208, 25.0700242], [55.2111649, 25.0700315], [55.2111383, 25.0699025], [55.2112553, 25.0698827], [55.2112895, 25.0700489]]]}}, {"type": "Feature", "properties": {"status": "existing", "bHeight": 12.0, "name": "", "levels": ""}, "geometry": {"type": "Polygon", "coordinates": [[[55.2111048, 25.0700792], [55.2110316, 25.0700948], [55.211022, 25.070058], [55.2109794, 25.0700671], [55.2109463, 25.0699394], [55.2110621, 25.0699147], [55.2111048, 25.0700792]]]}}, {"type": "Feature", "properties": {"status": "existing", "bHeight": 12.0, "name": "", "levels": ""}, "geometry": {"type": "Polygon", "coordinates": [[[55.2109349, 25.0701004], [55.2108616, 25.0701155], [55.2108523, 25.0700787], [55.2108096, 25.0700875], [55.2107774, 25.0699596], [55.2108935, 25.0699357], [55.2109349, 25.0701004]]]}}, {"type": "Feature", "properties": {"status": "existing", "bHeight": 12.0, "name": "", "levels": ""}, "geometry": {"type": "Polygon", "coordinates": [[[55.210765, 25.0701448], [55.2106918, 25.0701603], [55.2106823, 25.0701235], [55.2106396, 25.0701327], [55.2106065, 25.0700048], [55.2107224, 25.0699803], [55.210765, 25.0701448]]]}}, {"type": "Feature", "properties": {"status": "existing", "bHeight": 12.0, "name": "", "levels": ""}, "geometry": {"type": "Polygon", "coordinates": [[[55.2105914, 25.070175], [55.2105186, 25.0701922], [55.2105082, 25.0701556], [55.2104657, 25.0701655], [55.2104294, 25.0700385], [55.2105446, 25.0700115], [55.2105914, 25.070175]]]}}, {"type": "Feature", "properties": {"status": "existing", "bHeight": 12.0, "name": "", "levels": ""}, "geometry": {"type": "Polygon", "coordinates": [[[55.210414, 25.0702242], [55.2103416, 25.0702425], [55.2103303, 25.0702062], [55.2102881, 25.070217], [55.210249, 25.0700906], [55.2103635, 25.0700615], [55.210414, 25.0702242]]]}}, {"type": "Feature", "properties": {"status": "existing", "bHeight": 12.0, "name": "", "levels": ""}, "geometry": {"type": "Polygon", "coordinates": [[[55.2102306, 25.0702682], [55.2101587, 25.0702881], [55.2101465, 25.0702519], [55.2101046, 25.0702635], [55.2100623, 25.070138], [55.2101762, 25.0701066], [55.2102306, 25.0702682]]]}}, {"type": "Feature", "properties": {"status": "existing", "bHeight": 12.0, "name": "", "levels": ""}, "geometry": {"type": "Polygon", "coordinates": [[[55.2135426, 25.0708794], [55.2134754, 25.0708768], [55.2134774, 25.0708353], [55.2134408, 25.0708339], [55.2134464, 25.0707142], [55.2135501, 25.0707182], [55.2135426, 25.0708794]]]}}, {"type": "Feature", "properties": {"status": "existing", "bHeight": 12.0, "name": "", "levels": ""}, "geometry": {"type": "Polygon", "coordinates": [[[55.2133573, 25.0708663], [55.2132985, 25.0708652], [55.2132996, 25.0708174], [55.2132591, 25.0708166], [55.2132616, 25.0707086], [55.2133609, 25.0707105], [55.2133573, 25.0708663]]]}}, {"type": "Feature", "properties": {"status": "existing", "bHeight": 12.0, "name": "", "levels": ""}, "geometry": {"type": "Polygon", "coordinates": [[[55.2131872, 25.0708355], [55.2131269, 25.0708345], [55.2131277, 25.0707958], [55.2130438, 25.0707944], [55.2130461, 25.0706793], [55.2131902, 25.0706816], [55.2131872, 25.0708355]]]}}, {"type": "Feature", "properties": {"status": "existing", "bHeight": 12.0, "name": "", "levels": ""}, "geometry": {"type": "Polygon", "coordinates": [[[55.2130292, 25.0708632], [55.2129541, 25.0708635], [55.212954, 25.0708256], [55.2129102, 25.0708256], [55.21291, 25.0706945], [55.213029, 25.0706944], [55.2130292, 25.0708632]]]}}, {"type": "Feature", "properties": {"status": "existing", "bHeight": 12.0, "name": "", "levels": ""}, "geometry": {"type": "Polygon", "coordinates": [[[55.2128441, 25.0708448], [55.212769, 25.0708442], [55.2127693, 25.0708064], [55.2127256, 25.070806], [55.2127271, 25.0706748], [55.212846, 25.0706759], [55.2128441, 25.0708448]]]}}, {"type": "Feature", "properties": {"status": "existing", "bHeight": 12.0, "name": "", "levels": ""}, "geometry": {"type": "Polygon", "coordinates": [[[55.2124653, 25.0708353], [55.2124092, 25.070836], [55.2124086, 25.0707995], [55.2123653, 25.0708001], [55.2123634, 25.0706792], [55.2124629, 25.0706779], [55.2124653, 25.0708353]]]}}, {"type": "Feature", "properties": {"status": "existing", "bHeight": 12.0, "name": "", "levels": ""}, "geometry": {"type": "Polygon", "coordinates": [[[55.2122845, 25.070848], [55.2122196, 25.0708489], [55.2122191, 25.0708193], [55.212176, 25.0708199], [55.212174, 25.0706986], [55.212282, 25.0706972], [55.2122845, 25.070848]]]}}, {"type": "Feature", "properties": {"status": "existing", "bHeight": 12.0, "name": "", "levels": ""}, "geometry": {"type": "Polygon", "coordinates": [[[55.2126584, 25.0708463], [55.2126007, 25.0708455], [55.2126013, 25.0708076], [55.2125545, 25.070807], [55.2125564, 25.070685], [55.2126609, 25.0706863], [55.2126584, 25.0708463]]]}}, {"type": "Feature", "properties": {"status": "existing", "bHeight": 12.0, "name": "", "levels": ""}, "geometry": {"type": "Polygon", "coordinates": [[[55.2147857, 25.0711179], [55.2147296, 25.0711059], [55.2147399, 25.0710661], [55.2147134, 25.0710605], [55.2147438, 25.0709433], [55.2148331, 25.0709621], [55.2147857, 25.0711179]]]}}, {"type": "Feature", "properties": {"status": "existing", "bHeight": 12.0, "name": "", "levels": ""}, "geometry": {"type": "Polygon", "coordinates": [[[55.2146335, 25.0710771], [55.2145743, 25.0710642], [55.2145845, 25.0710258], [55.214552, 25.0710187], [55.2145814, 25.0709082], [55.2146731, 25.0709282], [55.2146335, 25.0710771]]]}}, {"type": "Feature", "properties": {"status": "existing", "bHeight": 12.0, "name": "", "levels": ""}, "geometry": {"type": "Polygon", "coordinates": [[[55.2145004, 25.0710511], [55.2144447, 25.0710382], [55.2144556, 25.0709993], [55.2143753, 25.0709807], [55.2144088, 25.0708619], [55.2145449, 25.0708934], [55.2145004, 25.0710511]]]}}, {"type": "Feature", "properties": {"status": "existing", "bHeight": 12.0, "name": "", "levels": ""}, "geometry": {"type": "Polygon", "coordinates": [[[55.2143465, 25.0710088], [55.2142878, 25.0709985], [55.2142967, 25.0709571], [55.2142594, 25.0709505], [55.2142837, 25.0708374], [55.2143796, 25.0708543], [55.2143465, 25.0710088]]]}}, {"type": "Feature", "properties": {"status": "existing", "bHeight": 12.0, "name": "", "levels": ""}, "geometry": {"type": "Polygon", "coordinates": [[[55.2141955, 25.0709777], [55.2141373, 25.0709702], [55.2141438, 25.0709288], [55.2141052, 25.0709238], [55.2141235, 25.0708075], [55.2142203, 25.07082], [55.2141955, 25.0709777]]]}}, {"type": "Feature", "properties": {"status": "existing", "bHeight": 12.0, "name": "", "levels": ""}, "geometry": {"type": "Polygon", "coordinates": [[[55.2139012, 25.0709287], [55.2138403, 25.0709239], [55.2138441, 25.0708841], [55.2138109, 25.0708815], [55.2138224, 25.070761], [55.2139165, 25.0707684], [55.2139012, 25.0709287]]]}}, {"type": "Feature", "properties": {"status": "existing", "bHeight": 12.0, "name": "", "levels": ""}, "geometry": {"type": "Polygon", "coordinates": [[[55.21374, 25.0709181], [55.2136811, 25.0709105], [55.213687, 25.0708732], [55.2136488, 25.0708683], [55.2136688, 25.0707411], [55.2137657, 25.0707535], [55.21374, 25.0709181]]]}}, {"type": "Feature", "properties": {"status": "existing", "bHeight": 12.0, "name": "", "levels": ""}, "geometry": {"type": "Polygon", "coordinates": [[[55.2140507, 25.0709566], [55.2139891, 25.0709508], [55.2139934, 25.070913], [55.2139603, 25.0709099], [55.2139743, 25.0707867], [55.2140691, 25.0707955], [55.2140507, 25.0709566]]]}}, {"type": "Feature", "properties": {"status": "existing", "bHeight": 12.0, "name": "", "levels": ""}, "geometry": {"type": "Polygon", "coordinates": [[[55.2148049, 25.0711317], [55.2148545, 25.0711476], [55.2148694, 25.0711095], [55.2149195, 25.0711256], [55.2149662, 25.0710064], [55.2148665, 25.0709744], [55.2148049, 25.0711317]]]}}, {"type": "Feature", "properties": {"status": "existing", "bHeight": 12.0, "name": "", "levels": ""}, "geometry": {"type": "Polygon", "coordinates": [[[55.2130897, 25.0711397], [55.213028, 25.071137], [55.2130257, 25.0711799], [55.2129831, 25.0711781], [55.2129761, 25.0713106], [55.2130804, 25.0713151], [55.2130897, 25.0711397]]]}}, {"type": "Feature", "properties": {"status": "existing", "bHeight": 12.0, "name": "", "levels": ""}, "geometry": {"type": "Polygon", "coordinates": [[[55.2132708, 25.0711426], [55.2132219, 25.0711421], [55.2132212, 25.0711917], [55.213121, 25.0711905], [55.2131191, 25.0713193], [55.2132682, 25.0713211], [55.2132708, 25.0711426]]]}}, {"type": "Feature", "properties": {"status": "existing", "bHeight": 12.0, "name": "", "levels": ""}, "geometry": {"type": "Polygon", "coordinates": [[[55.213479, 25.0711451], [55.2134158, 25.07114], [55.2134097, 25.0712019], [55.2133678, 25.0711985], [55.2133568, 25.0713098], [55.2134618, 25.0713184], [55.213479, 25.0711451]]]}}, {"type": "Feature", "properties": {"status": "existing", "bHeight": 12.0, "name": "", "levels": ""}, "geometry": {"type": "Polygon", "coordinates": [[[55.2136622, 25.0711756], [55.2136061, 25.0711704], [55.213601, 25.0712157], [55.2135559, 25.0712115], [55.2135418, 25.0713357], [55.213643, 25.071345], [55.2136622, 25.0711756]]]}}, {"type": "Feature", "properties": {"status": "existing", "bHeight": 12.0, "name": "", "levels": ""}, "geometry": {"type": "Polygon", "coordinates": [[[55.2138549, 25.071187], [55.2138041, 25.0711806], [55.2137984, 25.071218], [55.2137041, 25.0712061], [55.2136827, 25.0713442], [55.2138277, 25.0713626], [55.2138549, 25.071187]]]}}, {"type": "Feature", "properties": {"status": "existing", "bHeight": 12.0, "name": "", "levels": ""}, "geometry": {"type": "Polygon", "coordinates": [[[55.2140275, 25.0712219], [55.2139682, 25.0712135], [55.213959, 25.071266], [55.2139161, 25.0712599], [55.2138951, 25.07138], [55.2139974, 25.0713946], [55.2140275, 25.0712219]]]}}, {"type": "Feature", "properties": {"status": "existing", "bHeight": 12.0, "name": "", "levels": ""}, "geometry": {"type": "Polygon", "coordinates": [[[55.2142292, 25.0712676], [55.2141611, 25.0712554], [55.2141492, 25.0713102], [55.2140723, 25.0712965], [55.2140454, 25.0714206], [55.2141904, 25.0714464], [55.2142292, 25.0712676]]]}}, {"type": "Feature", "properties": {"status": "existing", "bHeight": 12.0, "name": "", "levels": ""}, "geometry": {"type": "Polygon", "coordinates": [[[55.2142894, 25.0713454], [55.2143253, 25.0713527], [55.2143404, 25.0712917], [55.2144209, 25.071308], [55.2143777, 25.0714829], [55.2142613, 25.0714593], [55.2142894, 25.0713454]]]}}, {"type": "Feature", "properties": {"status": "existing", "bHeight": 12.0, "name": "", "levels": ""}, "geometry": {"type": "Polygon", "coordinates": [[[55.2144369, 25.0713114], [55.2145057, 25.071325], [55.2144888, 25.0713954], [55.2145381, 25.0714051], [55.2145115, 25.0715157], [55.2144133, 25.0714963], [55.2144394, 25.0713878], [55.2144194, 25.0713839], [55.2144369, 25.0713114]]]}}, {"type": "Feature", "properties": {"status": "existing", "bHeight": 12.0, "name": "", "levels": ""}, "geometry": {"type": "Polygon", "coordinates": [[[55.2126908, 25.0711296], [55.2126359, 25.0711291], [55.2126353, 25.0711798], [55.2125925, 25.0711794], [55.2125911, 25.0713101], [55.2126888, 25.071311], [55.2126908, 25.0711296]]]}}, {"type": "Feature", "properties": {"status": "existing", "bHeight": 12.0, "name": "", "levels": ""}, "geometry": {"type": "Polygon", "coordinates": [[[55.2128853, 25.0711228], [55.2128281, 25.0711212], [55.2128261, 25.071181], [55.2127808, 25.0711798], [55.2127769, 25.0712956], [55.2128794, 25.0712984], [55.2128853, 25.0711228]]]}}, {"type": "Feature", "properties": {"status": "existing", "bHeight": 12.0, "name": "", "levels": ""}, "geometry": {"type": "Polygon", "coordinates": [[[55.2158616, 25.0697112], [55.2159131, 25.0697255], [55.2158909, 25.069791], [55.215951, 25.0698077], [55.2159182, 25.0699044], [55.2158065, 25.0698733], [55.2158616, 25.0697112]]]}}, {"type": "Feature", "properties": {"status": "existing", "bHeight": 12.0, "name": "", "levels": ""}, "geometry": {"type": "Polygon", "coordinates": [[[55.2157139, 25.0697025], [55.2157503, 25.0697135], [55.2157694, 25.0696615], [55.21582, 25.0696767], [55.2157609, 25.0698377], [55.2156739, 25.0698115], [55.2157139, 25.0697025]]]}}, {"type": "Feature", "properties": {"status": "existing", "bHeight": 12.0, "name": "", "levels": ""}, "geometry": {"type": "Polygon", "coordinates": [[[55.2156476, 25.0696252], [55.2155968, 25.0696112], [55.2155792, 25.0696635], [55.2155346, 25.0696511], [55.2154978, 25.0697606], [55.2155933, 25.069787], [55.2156476, 25.0696252]]]}}, {"type": "Feature", "properties": {"status": "existing", "bHeight": 12.0, "name": "", "levels": ""}, "geometry": {"type": "Polygon", "coordinates": [[[55.2154573, 25.0695637], [55.2154061, 25.069551], [55.2153914, 25.0695995], [55.2153479, 25.0695887], [55.2153136, 25.0697021], [55.2154083, 25.0697256], [55.2154573, 25.0695637]]]}}, {"type": "Feature", "properties": {"status": "existing", "bHeight": 12.0, "name": "", "levels": ""}, "geometry": {"type": "Polygon", "coordinates": [[[55.2152783, 25.0695193], [55.2152179, 25.0695021], [55.2152005, 25.0695523], [55.2151602, 25.0695408], [55.2151244, 25.069644], [55.215225, 25.0696727], [55.2152783, 25.0695193]]]}}, {"type": "Feature", "properties": {"status": "existing", "bHeight": 12.0, "name": "", "levels": ""}, "geometry": {"type": "Polygon", "coordinates": [[[55.215102, 25.0694737], [55.2150442, 25.0694599], [55.2150334, 25.069497], [55.2149932, 25.0694874], [55.2149564, 25.0696138], [55.2150544, 25.0696372], [55.215102, 25.0694737]]]}}, {"type": "Feature", "properties": {"status": "existing", "bHeight": 12.0, "name": "", "levels": ""}, "geometry": {"type": "Polygon", "coordinates": [[[55.2149014, 25.0694237], [55.214847, 25.069411], [55.214831, 25.0694679], [55.2147903, 25.0694585], [55.2147602, 25.0695655], [55.214852, 25.0695867], [55.2149014, 25.0694237]]]}}, {"type": "Feature", "properties": {"status": "existing", "bHeight": 12.0, "name": "", "levels": ""}, "geometry": {"type": "Polygon", "coordinates": [[[55.2147155, 25.0693841], [55.2146605, 25.0693734], [55.2146512, 25.0694124], [55.2146066, 25.0694037], [55.2145762, 25.0695312], [55.2146757, 25.0695507], [55.2147155, 25.0693841]]]}}, {"type": "Feature", "properties": {"status": "existing", "bHeight": 12.0, "name": "", "levels": ""}, "geometry": {"type": "Polygon", "coordinates": [[[55.21453, 25.0693529], [55.2144741, 25.0693421], [55.2144655, 25.0693781], [55.2144322, 25.0693716], [55.2144016, 25.0695006], [55.2144909, 25.069518], [55.21453, 25.0693529]]]}}, {"type": "Feature", "properties": {"status": "existing", "bHeight": 12.0, "name": "", "levels": ""}, "geometry": {"type": "Polygon", "coordinates": [[[55.2137754, 25.0692545], [55.2138504, 25.06926], [55.2138471, 25.0692977], [55.2138907, 25.0693008], [55.2138792, 25.0694316], [55.2137606, 25.0694229], [55.2137754, 25.0692545]]]}}, {"type": "Feature", "properties": {"status": "existing", "bHeight": 12.0, "name": "", "levels": ""}, "geometry": {"type": "Polygon", "coordinates": [[[55.2135972, 25.0692391], [55.213672, 25.0692445], [55.2136687, 25.0692822], [55.2137124, 25.0692853], [55.2137008, 25.0694162], [55.2135822, 25.0694075], [55.2135972, 25.0692391]]]}}, {"type": "Feature", "properties": {"status": "existing", "bHeight": 12.0, "name": "", "levels": ""}, "geometry": {"type": "Polygon", "coordinates": [[[55.2124727, 25.0691836], [55.2125478, 25.0691819], [55.2125488, 25.0692198], [55.2125926, 25.0692189], [55.2125958, 25.06935], [55.2124768, 25.0693524], [55.2124727, 25.0691836]]]}}, {"type": "Feature", "properties": {"status": "existing", "bHeight": 12.0, "name": "", "levels": ""}, "geometry": {"type": "Polygon", "coordinates": [[[55.2126801, 25.0692005], [55.2127552, 25.0692012], [55.2127548, 25.069239], [55.2127986, 25.0692394], [55.2127968, 25.0693707], [55.2126778, 25.0693694], [55.2126801, 25.0692005]]]}}, {"type": "Feature", "properties": {"status": "existing", "bHeight": 12.0, "name": "", "levels": ""}, "geometry": {"type": "Polygon", "coordinates": [[[55.2128498, 25.069195], [55.212925, 25.0691977], [55.2129232, 25.0692355], [55.212967, 25.069237], [55.2129612, 25.0693682], [55.2128423, 25.0693638], [55.2128498, 25.069195]]]}}, {"type": "Feature", "properties": {"status": "existing", "bHeight": 12.0, "name": "", "levels": ""}, "geometry": {"type": "Polygon", "coordinates": [[[55.2130361, 25.0692051], [55.2131112, 25.0692079], [55.2131095, 25.0692456], [55.2131533, 25.0692472], [55.2131475, 25.0693784], [55.2130286, 25.0693739], [55.2130361, 25.0692051]]]}}, {"type": "Feature", "properties": {"status": "existing", "bHeight": 12.0, "name": "", "levels": ""}, "geometry": {"type": "Polygon", "coordinates": [[[55.2132192, 25.0692115], [55.2132943, 25.0692149], [55.2132922, 25.0692525], [55.213336, 25.0692545], [55.2133288, 25.0693855], [55.2132101, 25.0693803], [55.2132192, 25.0692115]]]}}, {"type": "Feature", "properties": {"status": "existing", "bHeight": 12.0, "name": "", "levels": ""}, "geometry": {"type": "Polygon", "coordinates": [[[55.213406, 25.0692181], [55.213481, 25.0692227], [55.2134782, 25.0692604], [55.213522, 25.0692631], [55.2135121, 25.069394], [55.2133934, 25.0693868], [55.213406, 25.0692181]]]}}, {"type": "Feature", "properties": {"status": "existing", "bHeight": 12.0, "name": "", "levels": ""}, "geometry": {"type": "Polygon", "coordinates": [[[55.2123005, 25.0691918], [55.2123755, 25.0691902], [55.2123767, 25.0692278], [55.2124205, 25.0692268], [55.2124241, 25.069358], [55.2123051, 25.0693607], [55.2123005, 25.0691918]]]}}, {"type": "Feature", "properties": {"status": "existing", "bHeight": 12.0, "name": "", "levels": ""}, "geometry": {"type": "Polygon", "coordinates": [[[55.2115497, 25.0692518], [55.2116242, 25.0692419], [55.2116302, 25.0692793], [55.2116735, 25.0692735], [55.2116947, 25.0694033], [55.211577, 25.069419], [55.2115497, 25.0692518]]]}}, {"type": "Feature", "properties": {"status": "existing", "bHeight": 12.0, "name": "", "levels": ""}, "geometry": {"type": "Polygon", "coordinates": [[[55.2115255, 25.0692507], [55.2114513, 25.0692605], [55.2114573, 25.0692979], [55.2114139, 25.0693037], [55.211435, 25.0694336], [55.2115527, 25.0694179], [55.2115255, 25.0692507]]]}}, {"type": "Feature", "properties": {"status": "existing", "bHeight": 12.0, "name": "", "levels": ""}, "geometry": {"type": "Polygon", "coordinates": [[[55.2113398, 25.0692659], [55.2112655, 25.0692756], [55.2112715, 25.0693131], [55.2112281, 25.069319], [55.2112492, 25.0694487], [55.211367, 25.069433], [55.2113398, 25.0692659]]]}}, {"type": "Feature", "properties": {"status": "existing", "bHeight": 12.0, "name": "", "levels": ""}, "geometry": {"type": "Polygon", "coordinates": [[[55.2111486, 25.069288], [55.2110747, 25.0693002], [55.211082, 25.0693374], [55.211039, 25.0693444], [55.211065, 25.0694735], [55.2111821, 25.0694542], [55.2111486, 25.069288]]]}}, {"type": "Feature", "properties": {"status": "existing", "bHeight": 12.0, "name": "", "levels": ""}, "geometry": {"type": "Polygon", "coordinates": [[[55.2109629, 25.0693245], [55.2108893, 25.0693386], [55.210898, 25.0693756], [55.2108551, 25.0693837], [55.2108851, 25.0695122], [55.2110016, 25.0694898], [55.2109629, 25.0693245]]]}}, {"type": "Feature", "properties": {"status": "existing", "bHeight": 12.0, "name": "", "levels": ""}, "geometry": {"type": "Polygon", "coordinates": [[[55.2107874, 25.0693565], [55.210714, 25.0693707], [55.2107225, 25.0694076], [55.2106797, 25.0694158], [55.2107097, 25.0695442], [55.2108261, 25.0695217], [55.2107874, 25.0693565]]]}}, {"type": "Feature", "properties": {"status": "existing", "bHeight": 12.0, "name": "", "levels": ""}, "geometry": {"type": "Polygon", "coordinates": [[[55.2120644, 25.0691993], [55.2120166, 25.0692034], [55.2120221, 25.0692544], [55.2119804, 25.0692581], [55.2119929, 25.0693754], [55.2120824, 25.0693676], [55.2120644, 25.0691993]]]}}, {"type": "Feature", "properties": {"status": "existing", "bHeight": 12.0, "name": "", "levels": ""}, "geometry": {"type": "Polygon", "coordinates": [[[55.2142999, 25.0693342], [55.2142501, 25.069328], [55.2142419, 25.0693822], [55.2141986, 25.0693768], [55.2141814, 25.069491], [55.2142745, 25.0695025], [55.2142999, 25.0693342]]]}}, {"type": "Feature", "properties": {"status": "existing", "bHeight": 12.0, "name": "", "levels": ""}, "geometry": {"type": "Polygon", "coordinates": [[[55.2121222, 25.069203], [55.2121927, 25.0692002], [55.2121961, 25.0692703], [55.2122366, 25.0692687], [55.2122416, 25.0693725], [55.2121307, 25.069377], [55.2121222, 25.069203]]]}}, {"type": "Feature", "properties": {"status": "existing", "bHeight": 12.0, "name": "", "levels": ""}, "geometry": {"type": "Polygon", "coordinates": [[[55.2100782, 25.0695213], [55.2100061, 25.0695405], [55.2100178, 25.0695767], [55.2099758, 25.0695879], [55.2100165, 25.0697139], [55.2101307, 25.0696834], [55.2100782, 25.0695213]]]}}, {"type": "Feature", "properties": {"status": "existing", "bHeight": 12.0, "name": "", "levels": ""}, "geometry": {"type": "Polygon", "coordinates": [[[55.2102504, 25.0694773], [55.2101782, 25.0694965], [55.21019, 25.0695328], [55.210148, 25.0695438], [55.2101886, 25.0696698], [55.2103029, 25.0696394], [55.2102504, 25.0694773]]]}}, {"type": "Feature", "properties": {"status": "existing", "bHeight": 12.0, "name": "", "levels": ""}, "geometry": {"type": "Polygon", "coordinates": [[[55.2104325, 25.0694282], [55.2103599, 25.0694454], [55.2103703, 25.069482], [55.210328, 25.0694919], [55.2103648, 25.0696189], [55.2104799, 25.0695915], [55.2104325, 25.0694282]]]}}, {"type": "Feature", "properties": {"status": "existing", "bHeight": 12.0, "name": "", "levels": ""}, "geometry": {"type": "Polygon", "coordinates": [[[55.2106213, 25.0693929], [55.210548, 25.0694077], [55.2105572, 25.0694447], [55.2105145, 25.0694535], [55.2105464, 25.0695814], [55.2106625, 25.0695576], [55.2106213, 25.0693929]]]}}, {"type": "Feature", "properties": {"status": "existing", "bHeight": 12.0, "name": "", "levels": ""}, "geometry": {"type": "Polygon", "coordinates": [[[55.2117054, 25.0710625], [55.2117463, 25.0710175], [55.2117179, 25.0709938], [55.2116729, 25.0710371], [55.2117054, 25.0710625]]]}}, {"type": "Feature", "properties": {"status": "existing", "bHeight": 12.0, "name": "", "levels": ""}, "geometry": {"type": "Polygon", "coordinates": [[[55.2081112, 25.0703021], [55.20807, 25.0703241], [55.2080928, 25.0703592], [55.2080497, 25.0703822], [55.2081224, 25.0704943], [55.2082067, 25.0704494], [55.2081112, 25.0703021]]]}}, {"type": "Feature", "properties": {"status": "existing", "bHeight": 12.0, "name": "", "levels": ""}, "geometry": {"type": "Polygon", "coordinates": [[[55.2082714, 25.0702146], [55.2082188, 25.0702383], [55.2082449, 25.0702856], [55.2082053, 25.0703034], [55.2082674, 25.0704163], [55.2083595, 25.0703747], [55.2082714, 25.0702146]]]}}, {"type": "Feature", "properties": {"status": "existing", "bHeight": 12.0, "name": "", "levels": ""}, "geometry": {"type": "Polygon", "coordinates": [[[55.2084233, 25.0701433], [55.2083715, 25.0701644], [55.2083947, 25.0702109], [55.2083603, 25.070225], [55.2084167, 25.0703383], [55.2085028, 25.0703032], [55.2084233, 25.0701433]]]}}, {"type": "Feature", "properties": {"status": "existing", "bHeight": 12.0, "name": "", "levels": ""}, "geometry": {"type": "Polygon", "coordinates": [[[55.2085766, 25.0700688], [55.208533, 25.0700867], [55.208556, 25.0701324], [55.2085127, 25.0701502], [55.2085715, 25.0702676], [55.2086584, 25.0702319], [55.2085766, 25.0700688]]]}}, {"type": "Feature", "properties": {"status": "existing", "bHeight": 12.0, "name": "", "levels": ""}, "geometry": {"type": "Polygon", "coordinates": [[[55.2087354, 25.0699983], [55.2086848, 25.070019], [55.2087083, 25.0700662], [55.2086686, 25.0700825], [55.208727, 25.0701998], [55.2088173, 25.0701629], [55.2087354, 25.0699983]]]}}, {"type": "Feature", "properties": {"status": "existing", "bHeight": 12.0, "name": "", "levels": ""}, "geometry": {"type": "Polygon", "coordinates": [[[55.2088965, 25.0699434], [55.208843, 25.0699613], [55.2088608, 25.070005], [55.2088287, 25.0700157], [55.2088756, 25.0701306], [55.2089611, 25.0701019], [55.2088965, 25.0699434]]]}}, {"type": "Feature", "properties": {"status": "existing", "bHeight": 12.0, "name": "", "levels": ""}, "geometry": {"type": "Polygon", "coordinates": [[[55.2090508, 25.0698762], [55.2090062, 25.0698921], [55.2090244, 25.0699338], [55.2089831, 25.0699485], [55.2090363, 25.0700705], [55.2091221, 25.0700398], [55.2090508, 25.0698762]]]}}, {"type": "Feature", "properties": {"status": "existing", "bHeight": 12.0, "name": "", "levels": ""}, "geometry": {"type": "Polygon", "coordinates": [[[55.2092119, 25.0698073], [55.2091613, 25.069825], [55.2091821, 25.0698739], [55.2091421, 25.0698878], [55.209195, 25.0700123], [55.2092856, 25.0699807], [55.2092119, 25.0698073]]]}}, {"type": "Feature", "properties": {"status": "existing", "bHeight": 12.0, "name": "", "levels": ""}, "geometry": {"type": "Polygon", "coordinates": [[[55.2093801, 25.0697572], [55.2093315, 25.0697714], [55.2093452, 25.0698097], [55.2093039, 25.0698218], [55.2093494, 25.0699488], [55.2094392, 25.0699224], [55.2093801, 25.0697572]]]}}, {"type": "Feature", "properties": {"status": "existing", "bHeight": 12.0, "name": "", "levels": ""}, "geometry": {"type": "Polygon", "coordinates": [[[55.2095613, 25.0696804], [55.2096198, 25.0696621], [55.2096352, 25.0697022], [55.2096763, 25.0696893], [55.2097235, 25.069813], [55.209636, 25.0698404], [55.2095953, 25.0697338], [55.2095832, 25.0697376], [55.2095613, 25.0696804]]]}}, {"type": "Feature", "properties": {"status": "existing", "bHeight": 12.0, "name": "", "levels": ""}, "geometry": {"type": "Polygon", "coordinates": [[[55.2095198, 25.0696944], [55.2094745, 25.0697095], [55.2094929, 25.0697547], [55.2094522, 25.0697683], [55.2095059, 25.0699002], [55.2095919, 25.0698715], [55.2095198, 25.0696944]]]}}, {"type": "Feature", "properties": {"status": "existing", "bHeight": 12.0, "name": "", "levels": ""}, "geometry": {"type": "Polygon", "coordinates": [[[55.2076376, 25.0705545], [55.2077008, 25.0705179], [55.2077244, 25.0705514], [55.2077511, 25.070536], [55.207827, 25.0706435], [55.2077372, 25.0706955], [55.2076376, 25.0705545]]]}}, {"type": "Feature", "properties": {"status": "existing", "bHeight": 12.0, "name": "", "levels": ""}, "geometry": {"type": "Polygon", "coordinates": [[[55.2074737, 25.070653], [55.2075309, 25.0706182], [55.2075573, 25.0706538], [55.2075986, 25.0706287], [55.2076765, 25.0707337], [55.207578, 25.0707936], [55.2074737, 25.070653]]]}}, {"type": "Feature", "properties": {"status": "existing", "bHeight": 12.0, "name": "", "levels": ""}, "geometry": {"type": "Polygon", "coordinates": [[[55.2073203, 25.0707487], [55.2073758, 25.0707114], [55.207402, 25.0707434], [55.2074342, 25.0707217], [55.2075212, 25.070828], [55.2074334, 25.0708869], [55.2073203, 25.0707487]]]}}, {"type": "Feature", "properties": {"status": "existing", "bHeight": 12.0, "name": "", "levels": ""}, "geometry": {"type": "Polygon", "coordinates": [[[55.2071603, 25.0708566], [55.2072144, 25.0708209], [55.2072394, 25.0708519], [55.2072792, 25.0708256], [55.2073647, 25.0709319], [55.2072707, 25.0709939], [55.2071603, 25.0708566]]]}}, {"type": "Feature", "properties": {"status": "existing", "bHeight": 12.0, "name": "", "levels": ""}, "geometry": {"type": "Polygon", "coordinates": [[[55.2070068, 25.0709664], [55.2070672, 25.0709261], [55.207092, 25.0709565], [55.2071273, 25.070933], [55.2072132, 25.0710388], [55.2071173, 25.0711026], [55.2070068, 25.0709664]]]}}, {"type": "Feature", "properties": {"status": "existing", "bHeight": 12.0, "name": "", "levels": ""}, "geometry": {"type": "Polygon", "coordinates": [[[55.2069815, 25.0709832], [55.2069333, 25.0710169], [55.2069587, 25.0710468], [55.2069257, 25.0710698], [55.2070254, 25.071187], [55.2071066, 25.0711304], [55.2069815, 25.0709832]]]}}, {"type": "Feature", "properties": {"status": "existing", "bHeight": 12.0, "name": "", "levels": ""}, "geometry": {"type": "Polygon", "coordinates": [[[55.2083213, 25.0724921], [55.2082738, 25.0725252], [55.2083196, 25.0725793], [55.2082863, 25.0726024], [55.2083619, 25.0726916], [55.2084427, 25.0726354], [55.2083213, 25.0724921]]]}}, {"type": "Feature", "properties": {"status": "existing", "bHeight": 12.0, "name": "", "levels": ""}, "geometry": {"type": "Polygon", "coordinates": [[[55.208352, 25.0724796], [55.2084121, 25.0724386], [55.2084372, 25.0724689], [55.208472, 25.072445], [55.2085593, 25.0725498], [55.208464, 25.0726146], [55.208352, 25.0724796]]]}}, {"type": "Feature", "properties": {"status": "existing", "bHeight": 12.0, "name": "", "levels": ""}, "geometry": {"type": "Polygon", "coordinates": [[[55.2084969, 25.0723756], [55.2085557, 25.0723351], [55.2085816, 25.0723659], [55.2086143, 25.0723433], [55.2087085, 25.0724553], [55.2086238, 25.0725137], [55.2085482, 25.0724238], [55.2085414, 25.0724285], [55.2084969, 25.0723756]]]}}, {"type": "Feature", "properties": {"status": "existing", "bHeight": 12.0, "name": "", "levels": ""}, "geometry": {"type": "Polygon", "coordinates": [[[55.2086551, 25.0722722], [55.2087105, 25.0722368], [55.2087344, 25.0722674], [55.2087688, 25.0722454], [55.2088535, 25.0723542], [55.2087726, 25.0724059], [55.2087046, 25.0723187], [55.2086957, 25.0723243], [55.2086551, 25.0722722]]]}}, {"type": "Feature", "properties": {"status": "existing", "bHeight": 12.0, "name": "", "levels": ""}, "geometry": {"type": "Polygon", "coordinates": [[[55.2088171, 25.0721841], [55.2088751, 25.0721474], [55.2088997, 25.0721793], [55.2089339, 25.0721577], [55.2090168, 25.0722653], [55.2089246, 25.0723236], [55.2088171, 25.0721841]]]}}, {"type": "Feature", "properties": {"status": "existing", "bHeight": 12.0, "name": "", "levels": ""}, "geometry": {"type": "Polygon", "coordinates": [[[55.2094737, 25.0718186], [55.2095381, 25.0717876], [55.2095581, 25.0718217], [55.2095955, 25.0718036], [55.2096648, 25.0719215], [55.2095765, 25.0719642], [55.2095237, 25.0718744], [55.2095102, 25.0718809], [55.2094737, 25.0718186]]]}}, {"type": "Feature", "properties": {"status": "existing", "bHeight": 12.0, "name": "", "levels": ""}, "geometry": {"type": "Polygon", "coordinates": [[[55.2093129, 25.0719054], [55.2093784, 25.0718721], [55.209399, 25.071905], [55.2094572, 25.0718735], [55.2095279, 25.0719904], [55.209404, 25.0720528], [55.2093129, 25.0719054]]]}}, {"type": "Feature", "properties": {"status": "existing", "bHeight": 12.0, "name": "", "levels": ""}, "geometry": {"type": "Polygon", "coordinates": [[[55.2091357, 25.0719872], [55.2091999, 25.071952], [55.2092215, 25.0719845], [55.2092592, 25.0719641], [55.2093337, 25.0720765], [55.2092316, 25.072132], [55.2091357, 25.0719872]]]}}, {"type": "Feature", "properties": {"status": "existing", "bHeight": 12.0, "name": "", "levels": ""}, "geometry": {"type": "Polygon", "coordinates": [[[55.2089854, 25.0720864], [55.2090498, 25.0720516], [55.2090712, 25.072084], [55.2091089, 25.0720637], [55.209183, 25.0721766], [55.2090807, 25.0722317], [55.2089854, 25.0720864]]]}}, {"type": "Feature", "properties": {"status": "existing", "bHeight": 12.0, "name": "", "levels": ""}, "geometry": {"type": "Polygon", "coordinates": [[[55.2096512, 25.071745], [55.2097191, 25.0717159], [55.209737, 25.07175], [55.2097766, 25.0717331], [55.2098386, 25.0718517], [55.2097309, 25.0718977], [55.2096512, 25.071745]]]}}, {"type": "Feature", "properties": {"status": "existing", "bHeight": 12.0, "name": "", "levels": ""}, "geometry": {"type": "Polygon", "coordinates": [[[55.2098418, 25.0716726], [55.2099012, 25.0716478], [55.2099202, 25.0716851], [55.2099982, 25.0716526], [55.2100571, 25.0717685], [55.2099198, 25.0718259], [55.2098418, 25.0716726]]]}}, {"type": "Feature", "properties": {"status": "existing", "bHeight": 12.0, "name": "", "levels": ""}, "geometry": {"type": "Polygon", "coordinates": [[[55.2121392, 25.0718947], [55.2122143, 25.0718901], [55.2122171, 25.0719278], [55.2122607, 25.0719251], [55.2122707, 25.072056], [55.212152, 25.0720633], [55.2121392, 25.0718947]]]}}, {"type": "Feature", "properties": {"status": "existing", "bHeight": 12.0, "name": "", "levels": ""}, "geometry": {"type": "Polygon", "coordinates": [[[55.2119925, 25.0718945], [55.2120673, 25.0718882], [55.2120712, 25.0719258], [55.2121148, 25.0719222], [55.2121282, 25.0720529], [55.2120096, 25.0720627], [55.2119925, 25.0718945]]]}}, {"type": "Feature", "properties": {"status": "existing", "bHeight": 12.0, "name": "", "levels": ""}, "geometry": {"type": "Polygon", "coordinates": [[[55.2118322, 25.0719055], [55.211907, 25.0718988], [55.2119111, 25.0719364], [55.2119547, 25.0719324], [55.2119691, 25.0720631], [55.2118506, 25.0720737], [55.2118322, 25.0719055]]]}}, {"type": "Feature", "properties": {"status": "existing", "bHeight": 12.0, "name": "", "levels": ""}, "geometry": {"type": "Polygon", "coordinates": [[[55.2116793, 25.0719211], [55.2117536, 25.0719113], [55.2117598, 25.0719486], [55.211803, 25.0719428], [55.2118239, 25.0720727], [55.2117062, 25.0720883], [55.2116793, 25.0719211]]]}}, {"type": "Feature", "properties": {"status": "existing", "bHeight": 12.0, "name": "", "levels": ""}, "geometry": {"type": "Polygon", "coordinates": [[[55.2113745, 25.0719679], [55.2114485, 25.0719566], [55.2114555, 25.0719939], [55.2114988, 25.0719875], [55.2115224, 25.0721169], [55.211405, 25.0721345], [55.2113745, 25.0719679]]]}}, {"type": "Feature", "properties": {"status": "existing", "bHeight": 12.0, "name": "", "levels": ""}, "geometry": {"type": "Polygon", "coordinates": [[[55.2112186, 25.0719944], [55.2112918, 25.0719796], [55.2113009, 25.0720164], [55.2113437, 25.0720078], [55.2113752, 25.072136], [55.2112591, 25.0721594], [55.2112186, 25.0719944]]]}}, {"type": "Feature", "properties": {"status": "existing", "bHeight": 12.0, "name": "", "levels": ""}, "geometry": {"type": "Polygon", "coordinates": [[[55.2110619, 25.0720241], [55.2111349, 25.0720082], [55.2111448, 25.0720448], [55.2111873, 25.0720354], [55.2112215, 25.072163], [55.2111058, 25.0721882], [55.2110619, 25.0720241]]]}}, {"type": "Feature", "properties": {"status": "existing", "bHeight": 12.0, "name": "", "levels": ""}, "geometry": {"type": "Polygon", "coordinates": [[[55.2109023, 25.0720626], [55.2109743, 25.0720434], [55.2109861, 25.0720798], [55.2110281, 25.0720687], [55.2110687, 25.0721946], [55.2109544, 25.0722248], [55.2109023, 25.0720626]]]}}, {"type": "Feature", "properties": {"status": "existing", "bHeight": 12.0, "name": "", "levels": ""}, "geometry": {"type": "Polygon", "coordinates": [[[55.2107581, 25.0721049], [55.2108301, 25.072086], [55.2108419, 25.0721222], [55.2108838, 25.0721111], [55.2109242, 25.0722372], [55.2108099, 25.0722671], [55.2107581, 25.0721049]]]}}, {"type": "Feature", "properties": {"status": "existing", "bHeight": 12.0, "name": "", "levels": ""}, "geometry": {"type": "Polygon", "coordinates": [[[55.2105984, 25.0721587], [55.21067, 25.072138], [55.2106827, 25.0721741], [55.2107243, 25.0721619], [55.2107685, 25.0722869], [55.210655, 25.0723197], [55.2105984, 25.0721587]]]}}, {"type": "Feature", "properties": {"status": "existing", "bHeight": 12.0, "name": "", "levels": ""}, "geometry": {"type": "Polygon", "coordinates": [[[55.2105805, 25.072165], [55.2105091, 25.072186], [55.2105219, 25.0722219], [55.2104802, 25.0722341], [55.2105247, 25.072359], [55.210638, 25.0723257], [55.2105805, 25.072165]]]}}, {"type": "Feature", "properties": {"status": "existing", "bHeight": 12.0, "name": "", "levels": ""}, "geometry": {"type": "Polygon", "coordinates": [[[55.2115331, 25.071944], [55.2116074, 25.0719342], [55.2116136, 25.0719715], [55.2116568, 25.0719657], [55.2116777, 25.0720956], [55.21156, 25.0721112], [55.2115331, 25.071944]]]}}, {"type": "Feature", "properties": {"status": "existing", "bHeight": 12.0, "name": "", "levels": ""}, "geometry": {"type": "Polygon", "coordinates": [[[55.2066924, 25.0643015], [55.2067081, 25.0642392], [55.2068959, 25.0642779], [55.2068802, 25.0643403], [55.2066924, 25.0643015]]]}}, {"type": "Feature", "properties": {"status": "existing", "bHeight": 12.0, "name": "", "levels": ""}, "geometry": {"type": "Polygon", "coordinates": [[[55.2066781, 25.0643584], [55.2066924, 25.0643015], [55.2068802, 25.0643403], [55.2068659, 25.0643971], [55.2066781, 25.0643584]]]}}, {"type": "Feature", "properties": {"status": "existing", "bHeight": 12.0, "name": "", "levels": ""}, "geometry": {"type": "Polygon", "coordinates": [[[55.2066646, 25.064412], [55.2066781, 25.0643584], [55.2068659, 25.0643971], [55.2068525, 25.0644508], [55.2066646, 25.064412]]]}}, {"type": "Feature", "properties": {"status": "existing", "bHeight": 12.0, "name": "", "levels": ""}, "geometry": {"type": "Polygon", "coordinates": [[[55.2066512, 25.0644655], [55.2066646, 25.064412], [55.2068525, 25.0644508], [55.206839, 25.0645042], [55.2066512, 25.0644655]]]}}, {"type": "Feature", "properties": {"status": "existing", "bHeight": 12.0, "name": "", "levels": ""}, "geometry": {"type": "Polygon", "coordinates": [[[55.2066377, 25.0645193], [55.2066512, 25.0644655], [55.206839, 25.0645042], [55.2068255, 25.0645581], [55.2066377, 25.0645193]]]}}, {"type": "Feature", "properties": {"status": "existing", "bHeight": 12.0, "name": "", "levels": ""}, "geometry": {"type": "Polygon", "coordinates": [[[55.2066246, 25.0645713], [55.2066377, 25.0645193], [55.2068255, 25.0645581], [55.2068124, 25.0646101], [55.2066246, 25.0645713]]]}}, {"type": "Feature", "properties": {"status": "existing", "bHeight": 12.0, "name": "", "levels": ""}, "geometry": {"type": "Polygon", "coordinates": [[[55.2065981, 25.0646767], [55.2066112, 25.0646246], [55.206799, 25.0646633], [55.2067859, 25.0647155], [55.2065981, 25.0646767]]]}}, {"type": "Feature", "properties": {"status": "existing", "bHeight": 12.0, "name": "", "levels": ""}, "geometry": {"type": "Polygon", "coordinates": [[[55.2066112, 25.0646246], [55.2066246, 25.0645713], [55.2068124, 25.0646101], [55.206799, 25.0646633], [55.2066112, 25.0646246]]]}}, {"type": "Feature", "properties": {"status": "existing", "bHeight": 12.0, "name": "", "levels": ""}, "geometry": {"type": "Polygon", "coordinates": [[[55.2065714, 25.0647829], [55.2065841, 25.0647325], [55.2067719, 25.0647712], [55.2067592, 25.0648216], [55.2065714, 25.0647829]]]}}, {"type": "Feature", "properties": {"status": "existing", "bHeight": 12.0, "name": "", "levels": ""}, "geometry": {"type": "Polygon", "coordinates": [[[55.2065841, 25.0647325], [55.2065981, 25.0646767], [55.2067859, 25.0647155], [55.2067719, 25.0647712], [55.2065841, 25.0647325]]]}}, {"type": "Feature", "properties": {"status": "existing", "bHeight": 12.0, "name": "", "levels": ""}, "geometry": {"type": "Polygon", "coordinates": [[[55.2065577, 25.0648373], [55.2065714, 25.0647829], [55.2067592, 25.0648216], [55.2067455, 25.0648764], [55.206712, 25.0648695], [55.2067061, 25.0648933], [55.2065945, 25.0648702], [55.2066005, 25.0648462], [55.2065577, 25.0648373]]]}}, {"type": "Feature", "properties": {"status": "existing", "bHeight": 12.0, "name": "", "levels": ""}, "geometry": {"type": "Polygon", "coordinates": [[[55.2067506, 25.064071], [55.2067655, 25.0640099], [55.2069501, 25.0640467], [55.2069353, 25.0641078], [55.2067506, 25.064071]]]}}, {"type": "Feature", "properties": {"status": "existing", "bHeight": 12.0, "name": "", "levels": ""}, "geometry": {"type": "Polygon", "coordinates": [[[55.2067362, 25.0641271], [55.2067506, 25.064071], [55.2069353, 25.0641078], [55.2069241, 25.0641659], [55.2067362, 25.0641271]]]}}, {"type": "Feature", "properties": {"status": "existing", "bHeight": 12.0, "name": "", "levels": ""}, "geometry": {"type": "Polygon", "coordinates": [[[55.2067229, 25.0641803], [55.2067362, 25.0641271], [55.2069241, 25.0641659], [55.2069107, 25.0642191], [55.2067229, 25.0641803]]]}}, {"type": "Feature", "properties": {"status": "existing", "bHeight": 12.0, "name": "", "levels": ""}, "geometry": {"type": "Polygon", "coordinates": [[[55.2067081, 25.0642392], [55.2067229, 25.0641803], [55.2069107, 25.0642191], [55.2068959, 25.0642779], [55.2067081, 25.0642392]]]}}, {"type": "Feature", "properties": {"status": "existing", "bHeight": 12.0, "name": "", "levels": ""}, "geometry": {"type": "Polygon", "coordinates": [[[55.2069447, 25.0640023], [55.2069592, 25.0639346], [55.2069998, 25.0639417], [55.2069853, 25.0640095], [55.2069447, 25.0640023]]]}}, {"type": "Feature", "properties": {"status": "existing", "bHeight": 12.0, "name": "", "levels": ""}, "geometry": {"type": "Polygon", "coordinates": [[[55.2068982, 25.0639912], [55.2069109, 25.0639362], [55.2069431, 25.0639424], [55.2069303, 25.0639974], [55.2068982, 25.0639912]]]}}, {"type": "Feature", "properties": {"status": "existing", "bHeight": 12.0, "name": "", "levels": ""}, "geometry": {"type": "Polygon", "coordinates": [[[55.2028953, 25.0639341], [55.2030294, 25.0638365], [55.2029887, 25.0637907], [55.2028547, 25.0638883], [55.2028953, 25.0639341]]]}}, {"type": "Feature", "properties": {"status": "existing", "bHeight": 12.0, "name": "", "levels": ""}, "geometry": {"type": "Polygon", "coordinates": [[[55.2029362, 25.0639802], [55.2030703, 25.0638826], [55.2030294, 25.0638365], [55.2028953, 25.0639341], [55.2029362, 25.0639802]]]}}, {"type": "Feature", "properties": {"status": "existing", "bHeight": 12.0, "name": "", "levels": ""}, "geometry": {"type": "Polygon", "coordinates": [[[55.2029729, 25.0640215], [55.203107, 25.0639239], [55.2030703, 25.0638826], [55.2029362, 25.0639802], [55.2029729, 25.0640215]]]}}, {"type": "Feature", "properties": {"status": "existing", "bHeight": 12.0, "name": "", "levels": ""}, "geometry": {"type": "Polygon", "coordinates": [[[55.2030134, 25.0640671], [55.2031474, 25.0639695], [55.203107, 25.0639239], [55.2029729, 25.0640215], [55.2030134, 25.0640671]]]}}, {"type": "Feature", "properties": {"status": "existing", "bHeight": 12.0, "name": "", "levels": ""}, "geometry": {"type": "Polygon", "coordinates": [[[55.2030545, 25.0641134], [55.2031886, 25.0640158], [55.2031474, 25.0639695], [55.2030134, 25.0640671], [55.2030545, 25.0641134]]]}}, {"type": "Feature", "properties": {"status": "existing", "bHeight": 12.0, "name": "", "levels": ""}, "geometry": {"type": "Polygon", "coordinates": [[[55.2030956, 25.0641597], [55.2032296, 25.0640621], [55.2031886, 25.0640158], [55.2030545, 25.0641134], [55.2030956, 25.0641597]]]}}, {"type": "Feature", "properties": {"status": "existing", "bHeight": 12.0, "name": "", "levels": ""}, "geometry": {"type": "Polygon", "coordinates": [[[55.2031368, 25.0642062], [55.2032709, 25.0641086], [55.2032296, 25.0640621], [55.2030956, 25.0641597], [55.2031368, 25.0642062]]]}}, {"type": "Feature", "properties": {"status": "existing", "bHeight": 12.0, "name": "", "levels": ""}, "geometry": {"type": "Polygon", "coordinates": [[[55.2032031, 25.0642737], [55.2033367, 25.064174], [55.2032955, 25.0641286], [55.2031618, 25.0642284], [55.2032031, 25.0642737]]]}}, {"type": "Feature", "properties": {"status": "existing", "bHeight": 12.0, "name": "", "levels": ""}, "geometry": {"type": "Polygon", "coordinates": [[[55.2032446, 25.0643193], [55.2033782, 25.0642196], [55.2033367, 25.064174], [55.2032031, 25.0642737], [55.2032446, 25.0643193]]]}}, {"type": "Feature", "properties": {"status": "existing", "bHeight": 12.0, "name": "", "levels": ""}, "geometry": {"type": "Polygon", "coordinates": [[[55.2032818, 25.0643603], [55.2034155, 25.0642606], [55.2033782, 25.0642196], [55.2032446, 25.0643193], [55.2032818, 25.0643603]]]}}, {"type": "Feature", "properties": {"status": "existing", "bHeight": 12.0, "name": "", "levels": ""}, "geometry": {"type": "Polygon", "coordinates": [[[55.2033228, 25.0644054], [55.2034564, 25.0643056], [55.2034155, 25.0642606], [55.2032818, 25.0643603], [55.2033228, 25.0644054]]]}}, {"type": "Feature", "properties": {"status": "existing", "bHeight": 12.0, "name": "", "levels": ""}, "geometry": {"type": "Polygon", "coordinates": [[[55.2033646, 25.0644513], [55.2034982, 25.0643516], [55.2034564, 25.0643056], [55.2033228, 25.0644054], [55.2033646, 25.0644513]]]}}, {"type": "Feature", "properties": {"status": "existing", "bHeight": 12.0, "name": "", "levels": ""}, "geometry": {"type": "Polygon", "coordinates": [[[55.203407, 25.0644979], [55.2035406, 25.0643982], [55.2034982, 25.0643516], [55.2033646, 25.0644513], [55.203407, 25.0644979]]]}}, {"type": "Feature", "properties": {"status": "existing", "bHeight": 12.0, "name": "", "levels": ""}, "geometry": {"type": "Polygon", "coordinates": [[[55.2049744, 25.0598348], [55.2053186, 25.0600792], [55.2056415, 25.0598225], [55.2054029, 25.0595785], [55.2053005, 25.0596445], [55.2054261, 25.0597662], [55.2053121, 25.0598591], [55.2051312, 25.059698], [55.2049744, 25.0598348]]]}}, {"type": "Feature", "properties": {"status": "existing", "bHeight": 12.0, "name": "", "levels": ""}, "geometry": {"type": "Polygon", "coordinates": [[[55.219701, 25.0551702], [55.2197095, 25.0551681], [55.2198698, 25.0551453], [55.2198771, 25.0551861], [55.2197083, 25.0552109], [55.219701, 25.0551702]]]}}, {"type": "Feature", "properties": {"status": "existing", "bHeight": 12.0, "name": "", "levels": ""}, "geometry": {"type": "Polygon", "coordinates": [[[55.2197017, 25.0551232], [55.2197176, 25.0551206], [55.2198761, 25.0550984], [55.2198842, 25.0551432], [55.2198698, 25.0551453], [55.2197095, 25.0551681], [55.2197017, 25.0551232]]]}}, {"type": "Feature", "properties": {"status": "existing", "bHeight": 12.0, "name": "", "levels": ""}, "geometry": {"type": "Polygon", "coordinates": [[[55.2197102, 25.055081], [55.2197186, 25.0550789], [55.219879, 25.0550561], [55.2198863, 25.0550969], [55.2198761, 25.0550984], [55.2197176, 25.0551206], [55.2197102, 25.055081]]]}}, {"type": "Feature", "properties": {"status": "existing", "bHeight": 12.0, "name": "", "levels": ""}, "geometry": {"type": "Polygon", "coordinates": [[[55.2197109, 25.055034], [55.2197224, 25.0550324], [55.219886, 25.0550086], [55.2198934, 25.055054], [55.219879, 25.0550561], [55.2197186, 25.0550789], [55.2197109, 25.055034]]]}}, {"type": "Feature", "properties": {"status": "existing", "bHeight": 12.0, "name": "", "levels": ""}, "geometry": {"type": "Polygon", "coordinates": [[[55.2197244, 25.0548558], [55.2197366, 25.0548538], [55.2198976, 25.0548289], [55.2199069, 25.0548758], [55.2198925, 25.0548778], [55.2197322, 25.0549006], [55.2197244, 25.0548558]]]}}, {"type": "Feature", "properties": {"status": "existing", "bHeight": 12.0, "name": "", "levels": ""}, "geometry": {"type": "Polygon", "coordinates": [[[55.2197237, 25.0549027], [55.2197322, 25.0549006], [55.2198925, 25.0548778], [55.2198998, 25.0549187], [55.2198896, 25.0549201], [55.2197311, 25.0549424], [55.2197237, 25.0549027]]]}}, {"type": "Feature", "properties": {"status": "existing", "bHeight": 12.0, "name": "", "levels": ""}, "geometry": {"type": "Polygon", "coordinates": [[[55.2197145, 25.0549919], [55.219723, 25.0549898], [55.2198833, 25.054967], [55.2198906, 25.0550079], [55.219886, 25.0550086], [55.2197224, 25.0550324], [55.2197145, 25.0549919]]]}}, {"type": "Feature", "properties": {"status": "existing", "bHeight": 12.0, "name": "", "levels": ""}, "geometry": {"type": "Polygon", "coordinates": [[[55.2197152, 25.054945], [55.2197311, 25.0549424], [55.2198896, 25.0549201], [55.2198977, 25.054965], [55.2198833, 25.054967], [55.219723, 25.0549898], [55.2197152, 25.054945]]]}}, {"type": "Feature", "properties": {"status": "existing", "bHeight": 12.0, "name": "", "levels": ""}, "geometry": {"type": "Polygon", "coordinates": [[[55.2197524, 25.0544974], [55.2197632, 25.0544958], [55.2199227, 25.0544736], [55.2199311, 25.0545179], [55.2199205, 25.0545194], [55.2197601, 25.0545422], [55.2197524, 25.0544974]]]}}, {"type": "Feature", "properties": {"status": "existing", "bHeight": 12.0, "name": "", "levels": ""}, "geometry": {"type": "Polygon", "coordinates": [[[55.2197517, 25.0545443], [55.2197601, 25.0545422], [55.2199205, 25.0545194], [55.2199278, 25.0545603], [55.2199176, 25.0545617], [55.2197591, 25.054584], [55.2197517, 25.0545443]]]}}, {"type": "Feature", "properties": {"status": "existing", "bHeight": 12.0, "name": "", "levels": ""}, "geometry": {"type": "Polygon", "coordinates": [[[55.2197432, 25.0545866], [55.2197591, 25.054584], [55.2199176, 25.0545617], [55.2199257, 25.0546066], [55.2199113, 25.0546086], [55.219751, 25.0546314], [55.2197432, 25.0545866]]]}}, {"type": "Feature", "properties": {"status": "existing", "bHeight": 12.0, "name": "", "levels": ""}, "geometry": {"type": "Polygon", "coordinates": [[[55.2197425, 25.0546335], [55.219751, 25.0546314], [55.2199113, 25.0546086], [55.2199186, 25.0546495], [55.2199139, 25.0546502], [55.2197504, 25.054674], [55.2197425, 25.0546335]]]}}, {"type": "Feature", "properties": {"status": "existing", "bHeight": 12.0, "name": "", "levels": ""}, "geometry": {"type": "Polygon", "coordinates": [[[55.2197389, 25.0546756], [55.2197504, 25.054674], [55.2199139, 25.0546502], [55.2199213, 25.0546956], [55.2199069, 25.0546977], [55.2197466, 25.0547205], [55.2197389, 25.0546756]]]}}, {"type": "Feature", "properties": {"status": "existing", "bHeight": 12.0, "name": "", "levels": ""}, "geometry": {"type": "Polygon", "coordinates": [[[55.2197382, 25.0547226], [55.2197466, 25.0547205], [55.2199069, 25.0546977], [55.2199143, 25.0547385], [55.219904, 25.05474], [55.2197456, 25.0547622], [55.2197382, 25.0547226]]]}}, {"type": "Feature", "properties": {"status": "existing", "bHeight": 12.0, "name": "", "levels": ""}, "geometry": {"type": "Polygon", "coordinates": [[[55.2197297, 25.0547648], [55.2197456, 25.0547622], [55.219904, 25.05474], [55.2199122, 25.0547848], [55.2198978, 25.0547869], [55.2197374, 25.0548097], [55.2197297, 25.0547648]]]}}, {"type": "Feature", "properties": {"status": "existing", "bHeight": 12.0, "name": "", "levels": ""}, "geometry": {"type": "Polygon", "coordinates": [[[55.219729, 25.0548118], [55.2197374, 25.0548097], [55.2198978, 25.0547869], [55.2199051, 25.0548277], [55.2198976, 25.0548289], [55.2197366, 25.0548538], [55.219729, 25.0548118]]]}}, {"type": "Feature", "properties": {"status": "existing", "bHeight": 12.0, "name": "", "levels": ""}, "geometry": {"type": "Polygon", "coordinates": [[[55.2197855, 25.0540508], [55.2199602, 25.0540259], [55.219968, 25.0540708], [55.2199536, 25.0540729], [55.2197932, 25.0540956], [55.2197855, 25.0540508]]]}}, {"type": "Feature", "properties": {"status": "existing", "bHeight": 12.0, "name": "", "levels": ""}, "geometry": {"type": "Polygon", "coordinates": [[[55.2197848, 25.0540977], [55.2197932, 25.0540956], [55.2199536, 25.0540729], [55.2199609, 25.0541137], [55.2199507, 25.0541151], [55.2197922, 25.0541374], [55.2197848, 25.0540977]]]}}, {"type": "Feature", "properties": {"status": "existing", "bHeight": 12.0, "name": "", "levels": ""}, "geometry": {"type": "Polygon", "coordinates": [[[55.2197763, 25.05414], [55.2197922, 25.0541374], [55.2199507, 25.0541151], [55.2199588, 25.05416], [55.2199444, 25.0541621], [55.2197841, 25.0541848], [55.2197763, 25.05414]]]}}, {"type": "Feature", "properties": {"status": "existing", "bHeight": 12.0, "name": "", "levels": ""}, "geometry": {"type": "Polygon", "coordinates": [[[55.2197756, 25.0541869], [55.2197841, 25.0541848], [55.2199444, 25.0541621], [55.2199517, 25.0542029], [55.219947, 25.0542036], [55.2197835, 25.0542274], [55.2197756, 25.0541869]]]}}, {"type": "Feature", "properties": {"status": "existing", "bHeight": 12.0, "name": "", "levels": ""}, "geometry": {"type": "Polygon", "coordinates": [[[55.219772, 25.054229], [55.2197835, 25.0542274], [55.219947, 25.0542036], [55.2199544, 25.054249], [55.21994, 25.0542511], [55.2197797, 25.0542739], [55.219772, 25.054229]]]}}, {"type": "Feature", "properties": {"status": "existing", "bHeight": 12.0, "name": "", "levels": ""}, "geometry": {"type": "Polygon", "coordinates": [[[55.2197713, 25.054276], [55.2197797, 25.0542739], [55.21994, 25.0542511], [55.2199474, 25.054292], [55.2199371, 25.0542934], [55.2197787, 25.0543156], [55.2197713, 25.054276]]]}}, {"type": "Feature", "properties": {"status": "existing", "bHeight": 12.0, "name": "", "levels": ""}, "geometry": {"type": "Polygon", "coordinates": [[[55.2197628, 25.0543182], [55.2197787, 25.0543156], [55.2199371, 25.0542934], [55.2199453, 25.0543382], [55.2199309, 25.0543403], [55.2197705, 25.0543631], [55.2197628, 25.0543182]]]}}, {"type": "Feature", "properties": {"status": "existing", "bHeight": 12.0, "name": "", "levels": ""}, "geometry": {"type": "Polygon", "coordinates": [[[55.2197621, 25.0543652], [55.2197705, 25.0543631], [55.2199309, 25.0543403], [55.2199382, 25.0543812], [55.2199307, 25.0543823], [55.2197697, 25.0544073], [55.2197621, 25.0543652]]]}}, {"type": "Feature", "properties": {"status": "existing", "bHeight": 12.0, "name": "", "levels": ""}, "geometry": {"type": "Polygon", "coordinates": [[[55.2197575, 25.0544092], [55.2197697, 25.0544073], [55.2199307, 25.0543823], [55.21994, 25.0544292], [55.2199256, 25.0544313], [55.2197653, 25.0544541], [55.2197575, 25.0544092]]]}}, {"type": "Feature", "properties": {"status": "existing", "bHeight": 12.0, "name": "", "levels": ""}, "geometry": {"type": "Polygon", "coordinates": [[[55.2197568, 25.0544562], [55.2197653, 25.0544541], [55.2199256, 25.0544313], [55.2199329, 25.0544721], [55.2199227, 25.0544736], [55.2197632, 25.0544958], [55.2197568, 25.0544562]]]}}, {"type": "Feature", "properties": {"status": "existing", "bHeight": 6.4, "name": "Jaroudi Residence", "levels": "2"}, "geometry": {"type": "Polygon", "coordinates": [[[55.2196097, 25.0539546], [55.2198021, 25.0538666], [55.2194144, 25.053193], [55.2192324, 25.0532711], [55.2196097, 25.0539546]]]}}, {"type": "Feature", "properties": {"status": "existing", "bHeight": 12.0, "name": "", "levels": ""}, "geometry": {"type": "Polygon", "coordinates": [[[55.2190608, 25.0529993], [55.2192126, 25.052926], [55.2191787, 25.0528673], [55.2190278, 25.0529399], [55.2190608, 25.0529993]]]}}, {"type": "Feature", "properties": {"status": "existing", "bHeight": 12.0, "name": "", "levels": ""}, "geometry": {"type": "Polygon", "coordinates": [[[55.2190278, 25.0529399], [55.2191787, 25.0528673], [55.2191483, 25.0528145], [55.2189965, 25.0528879], [55.2190278, 25.0529399]]]}}, {"type": "Feature", "properties": {"status": "existing", "bHeight": 12.0, "name": "", "levels": ""}, "geometry": {"type": "Polygon", "coordinates": [[[55.2189965, 25.0528879], [55.2191483, 25.0528145], [55.2191169, 25.0527636], [55.2189662, 25.0528364], [55.2189965, 25.0528879]]]}}, {"type": "Feature", "properties": {"status": "existing", "bHeight": 12.0, "name": "", "levels": ""}, "geometry": {"type": "Polygon", "coordinates": [[[55.2189662, 25.0528364], [55.2191169, 25.0527636], [55.219091, 25.0527158], [55.2189392, 25.0527893], [55.2189662, 25.0528364]]]}}, {"type": "Feature", "properties": {"status": "existing", "bHeight": 12.0, "name": "", "levels": ""}, "geometry": {"type": "Polygon", "coordinates": [[[55.2189392, 25.0527893], [55.219091, 25.0527158], [55.2190618, 25.052663], [55.2189099, 25.0527363], [55.2189392, 25.0527893]]]}}, {"type": "Feature", "properties": {"status": "existing", "bHeight": 12.0, "name": "", "levels": ""}, "geometry": {"type": "Polygon", "coordinates": [[[55.2189099, 25.0527363], [55.2190618, 25.052663], [55.219031, 25.0526113], [55.2188792, 25.0526846], [55.2189099, 25.0527363]]]}}, {"type": "Feature", "properties": {"status": "existing", "bHeight": 12.0, "name": "", "levels": ""}, "geometry": {"type": "Polygon", "coordinates": [[[55.2188792, 25.0526846], [55.219031, 25.0526113], [55.2190013, 25.0525577], [55.2188485, 25.0526305], [55.2188792, 25.0526846]]]}}, {"type": "Feature", "properties": {"status": "existing", "bHeight": 12.0, "name": "", "levels": ""}, "geometry": {"type": "Polygon", "coordinates": [[[55.2188157, 25.0525729], [55.2189676, 25.0524996], [55.2189373, 25.0524469], [55.2187854, 25.0525202], [55.2188157, 25.0525729]]]}}, {"type": "Feature", "properties": {"status": "existing", "bHeight": 12.0, "name": "", "levels": ""}, "geometry": {"type": "Polygon", "coordinates": [[[55.2188485, 25.0526305], [55.2190013, 25.0525577], [55.2189676, 25.0524996], [55.2188157, 25.0525729], [55.2188485, 25.0526305]]]}}, {"type": "Feature", "properties": {"status": "existing", "bHeight": 12.0, "name": "", "levels": ""}, "geometry": {"type": "Polygon", "coordinates": [[[55.2187854, 25.0525202], [55.2189373, 25.0524469], [55.2189058, 25.0523958], [55.218755, 25.0524686], [55.2187854, 25.0525202]]]}}, {"type": "Feature", "properties": {"status": "existing", "bHeight": 12.0, "name": "", "levels": ""}, "geometry": {"type": "Polygon", "coordinates": [[[55.218755, 25.0524686], [55.2189058, 25.0523958], [55.2188799, 25.0523481], [55.2187283, 25.0524215], [55.218755, 25.0524686]]]}}, {"type": "Feature", "properties": {"status": "existing", "bHeight": 12.0, "name": "", "levels": ""}, "geometry": {"type": "Polygon", "coordinates": [[[55.2187283, 25.0524215], [55.2188799, 25.0523481], [55.2188508, 25.0522952], [55.2186989, 25.0523686], [55.2187283, 25.0524215]]]}}, {"type": "Feature", "properties": {"status": "existing", "bHeight": 12.0, "name": "", "levels": ""}, "geometry": {"type": "Polygon", "coordinates": [[[55.2186989, 25.0523686], [55.2188508, 25.0522952], [55.2188205, 25.0522424], [55.2186695, 25.0523173], [55.2186989, 25.0523686]]]}}, {"type": "Feature", "properties": {"status": "existing", "bHeight": 12.0, "name": "", "levels": ""}, "geometry": {"type": "Polygon", "coordinates": [[[55.2186695, 25.0523173], [55.2188205, 25.0522424], [55.2187894, 25.0521863], [55.2186375, 25.0522596], [55.2186695, 25.0523173]]]}}, {"type": "Feature", "properties": {"status": "existing", "bHeight": 13.6, "name": "Rose 1", "levels": "4"}, "geometry": {"type": "Polygon", "coordinates": [[[55.2150672, 25.0520155], [55.2152315, 25.0521927], [55.2156235, 25.0518943], [55.2153564, 25.0516063], [55.2152289, 25.0517033], [55.2153317, 25.0518142], [55.2150672, 25.0520155]]]}}, {"type": "Feature", "properties": {"status": "existing", "bHeight": 12.0, "name": "Tuscan Residence Siena 1", "levels": ""}, "geometry": {"type": "Polygon", "coordinates": [[[55.208069, 25.0625001], [55.2084938, 25.0624213], [55.2085432, 25.0626395], [55.2083829, 25.0626693], [55.20845, 25.0629659], [55.2084622, 25.0630195], [55.2085291, 25.0633152], [55.2085509, 25.0633112], [55.208668, 25.0632894], [55.2087124, 25.0634856], [55.2083089, 25.0635605], [55.2081972, 25.0630665], [55.2081837, 25.0630071], [55.208069, 25.0625001]]]}}, {"type": "Feature", "properties": {"status": "existing", "bHeight": 12.0, "name": "", "levels": ""}, "geometry": {"type": "Polygon", "coordinates": [[[55.1996117, 25.0472149], [55.1994694, 25.0473447], [55.1995257, 25.0473954], [55.1996681, 25.0472656], [55.1996117, 25.0472149]]]}}, {"type": "Feature", "properties": {"status": "existing", "bHeight": 12.0, "name": "", "levels": ""}, "geometry": {"type": "Polygon", "coordinates": [[[55.1995563, 25.0471651], [55.199414, 25.0472949], [55.1994694, 25.0473447], [55.1996117, 25.0472149], [55.1995563, 25.0471651]]]}}, {"type": "Feature", "properties": {"status": "existing", "bHeight": 12.0, "name": "", "levels": ""}, "geometry": {"type": "Polygon", "coordinates": [[[55.1996009, 25.0511365], [55.1995713, 25.0512127], [55.1993408, 25.0511391], [55.1993704, 25.0510629], [55.1996009, 25.0511365]]]}}, {"type": "Feature", "properties": {"status": "existing", "bHeight": 12.0, "name": "", "levels": ""}, "geometry": {"type": "Polygon", "coordinates": [[[55.1996315, 25.0510578], [55.1996009, 25.0511365], [55.1993704, 25.0510629], [55.1994011, 25.0509842], [55.1996278, 25.0510595], [55.1996315, 25.0510578]]]}}, {"type": "Feature", "properties": {"status": "existing", "bHeight": 12.0, "name": "", "levels": ""}, "geometry": {"type": "Polygon", "coordinates": [[[55.1996922, 25.0509015], [55.1996601, 25.0509805], [55.1994317, 25.0509055], [55.1994633, 25.0508261], [55.1996922, 25.0509015]]]}}, {"type": "Feature", "properties": {"status": "existing", "bHeight": 12.0, "name": "", "levels": ""}, "geometry": {"type": "Polygon", "coordinates": [[[55.1996601, 25.0509805], [55.1996278, 25.0510595], [55.1994011, 25.0509842], [55.1994317, 25.0509055], [55.1996601, 25.0509805]]]}}, {"type": "Feature", "properties": {"status": "existing", "bHeight": 12.0, "name": "", "levels": ""}, "geometry": {"type": "Polygon", "coordinates": [[[55.1997565, 25.0507521], [55.1997236, 25.050823], [55.1994941, 25.050748], [55.1995321, 25.0506693], [55.1997565, 25.0507521]]]}}, {"type": "Feature", "properties": {"status": "existing", "bHeight": 12.0, "name": "", "levels": ""}, "geometry": {"type": "Polygon", "coordinates": [[[55.1997236, 25.050823], [55.1996922, 25.0509015], [55.1994633, 25.0508261], [55.1994941, 25.050748], [55.1997236, 25.050823]]]}}, {"type": "Feature", "properties": {"status": "existing", "bHeight": 12.0, "name": "", "levels": ""}, "geometry": {"type": "Polygon", "coordinates": [[[55.1998171, 25.0506283], [55.1997879, 25.0506835], [55.199568, 25.0505897], [55.1996109, 25.0505145], [55.1998171, 25.0506283]]]}}, {"type": "Feature", "properties": {"status": "existing", "bHeight": 12.0, "name": "", "levels": ""}, "geometry": {"type": "Polygon", "coordinates": [[[55.1997879, 25.0506835], [55.1997565, 25.0507521], [55.1995321, 25.0506693], [55.199568, 25.0505897], [55.1997879, 25.0506835]]]}}, {"type": "Feature", "properties": {"status": "existing", "bHeight": 12.0, "name": "", "levels": ""}, "geometry": {"type": "Polygon", "coordinates": [[[55.1998171, 25.0506283], [55.1998497, 25.0505737], [55.1996592, 25.0504493], [55.1996109, 25.0505145], [55.1998171, 25.0506283]]]}}, {"type": "Feature", "properties": {"status": "existing", "bHeight": 12.0, "name": "", "levels": ""}, "geometry": {"type": "Polygon", "coordinates": [[[55.1998497, 25.0505737], [55.199898, 25.0505065], [55.1997092, 25.0503741], [55.1996592, 25.0504493], [55.1998497, 25.0505737]]]}}, {"type": "Feature", "properties": {"status": "existing", "bHeight": 12.0, "name": "", "levels": ""}, "geometry": {"type": "Polygon", "coordinates": [[[55.1999586, 25.050447], [55.2000225, 25.0503869], [55.1998468, 25.050234], [55.1997776, 25.0503028], [55.1999586, 25.050447]]]}}, {"type": "Feature", "properties": {"status": "existing", "bHeight": 12.0, "name": "", "levels": ""}, "geometry": {"type": "Polygon", "coordinates": [[[55.2000225, 25.0503869], [55.2000866, 25.050326], [55.1999116, 25.0501734], [55.1998468, 25.050234], [55.2000225, 25.0503869]]]}}, {"type": "Feature", "properties": {"status": "existing", "bHeight": 12.0, "name": "", "levels": ""}, "geometry": {"type": "Polygon", "coordinates": [[[55.2000866, 25.050326], [55.2001507, 25.050265], [55.1999761, 25.0501137], [55.1999116, 25.0501734], [55.2000866, 25.050326]]]}}, {"type": "Feature", "properties": {"status": "existing", "bHeight": 12.0, "name": "", "levels": ""}, "geometry": {"type": "Polygon", "coordinates": [[[55.2001506, 25.0502686], [55.2002151, 25.0502091], [55.2000406, 25.0500541], [55.1999761, 25.0501137], [55.2001507, 25.050265], [55.2001506, 25.0502686]]]}}, {"type": "Feature", "properties": {"status": "existing", "bHeight": 12.0, "name": "", "levels": ""}, "geometry": {"type": "Polygon", "coordinates": [[[55.2002151, 25.0502091], [55.2002773, 25.0501513], [55.2001031, 25.0499964], [55.2000406, 25.0500541], [55.2002151, 25.0502091]]]}}, {"type": "Feature", "properties": {"status": "existing", "bHeight": 12.0, "name": "", "levels": ""}, "geometry": {"type": "Polygon", "coordinates": [[[55.199898, 25.0505065], [55.1999586, 25.050447], [55.1997776, 25.0503028], [55.1997092, 25.0503741], [55.199898, 25.0505065]]]}}, {"type": "Feature", "properties": {"status": "existing", "bHeight": 12.0, "name": "", "levels": ""}, "geometry": {"type": "Polygon", "coordinates": [[[55.2002773, 25.0501513], [55.2003449, 25.0500911], [55.2001719, 25.0499347], [55.2001031, 25.0499964], [55.2002773, 25.0501513]]]}}, {"type": "Feature", "properties": {"status": "existing", "bHeight": 12.0, "name": "", "levels": ""}, "geometry": {"type": "Polygon", "coordinates": [[[55.20129, 25.0517509], [55.201345, 25.0516032], [55.2012829, 25.0515836], [55.2012279, 25.0517314], [55.20129, 25.0517509]]]}}, {"type": "Feature", "properties": {"status": "existing", "bHeight": 12.0, "name": "", "levels": ""}, "geometry": {"type": "Polygon", "coordinates": [[[55.2012279, 25.0517314], [55.2012829, 25.0515836], [55.2012215, 25.0515661], [55.2011669, 25.0517127], [55.2012279, 25.0517314]]]}}, {"type": "Feature", "properties": {"status": "existing", "bHeight": 12.0, "name": "", "levels": ""}, "geometry": {"type": "Polygon", "coordinates": [[[55.2011669, 25.0517127], [55.2012215, 25.0515661], [55.2011665, 25.0515475], [55.2011116, 25.0516952], [55.2011669, 25.0517127]]]}}, {"type": "Feature", "properties": {"status": "existing", "bHeight": 12.0, "name": "", "levels": ""}, "geometry": {"type": "Polygon", "coordinates": [[[55.2011116, 25.0516952], [55.2011665, 25.0515475], [55.2011052, 25.0515271], [55.2010501, 25.0516748], [55.2011116, 25.0516952]]]}}, {"type": "Feature", "properties": {"status": "existing", "bHeight": 12.0, "name": "", "levels": ""}, "geometry": {"type": "Polygon", "coordinates": [[[55.2010501, 25.0516748], [55.2011052, 25.0515271], [55.2010436, 25.0515085], [55.2009887, 25.0516562], [55.2010501, 25.0516748]]]}}, {"type": "Feature", "properties": {"status": "existing", "bHeight": 12.0, "name": "", "levels": ""}, "geometry": {"type": "Polygon", "coordinates": [[[55.2009887, 25.0516562], [55.2010436, 25.0515085], [55.2009815, 25.051488], [55.2009254, 25.051636], [55.2009887, 25.0516562]]]}}, {"type": "Feature", "properties": {"status": "existing", "bHeight": 12.0, "name": "", "levels": ""}, "geometry": {"type": "Polygon", "coordinates": [[[55.2009254, 25.051636], [55.2009815, 25.051488], [55.200913, 25.0514667], [55.2008579, 25.0516144], [55.2009254, 25.051636]]]}}, {"type": "Feature", "properties": {"status": "existing", "bHeight": 12.0, "name": "", "levels": ""}, "geometry": {"type": "Polygon", "coordinates": [[[55.2008579, 25.0516144], [55.200913, 25.0514667], [55.200851, 25.0514472], [55.2007959, 25.0515949], [55.2008579, 25.0516144]]]}}, {"type": "Feature", "properties": {"status": "existing", "bHeight": 12.0, "name": "", "levels": ""}, "geometry": {"type": "Polygon", "coordinates": [[[55.2007348, 25.0515762], [55.2007895, 25.0514296], [55.2007345, 25.0514109], [55.2006797, 25.0515586], [55.2007348, 25.0515762]]]}}, {"type": "Feature", "properties": {"status": "existing", "bHeight": 12.0, "name": "", "levels": ""}, "geometry": {"type": "Polygon", "coordinates": [[[55.2007959, 25.0515949], [55.200851, 25.0514472], [55.2007895, 25.0514296], [55.2007348, 25.0515762], [55.2007959, 25.0515949]]]}}, {"type": "Feature", "properties": {"status": "existing", "bHeight": 12.0, "name": "", "levels": ""}, "geometry": {"type": "Polygon", "coordinates": [[[55.2006797, 25.0515586], [55.2007345, 25.0514109], [55.2006733, 25.0513905], [55.2006183, 25.0515382], [55.2006797, 25.0515586]]]}}, {"type": "Feature", "properties": {"status": "existing", "bHeight": 12.0, "name": "", "levels": ""}, "geometry": {"type": "Polygon", "coordinates": [[[55.2014711, 25.0518075], [55.2015262, 25.0516598], [55.201464, 25.0516402], [55.201409, 25.051788], [55.2014711, 25.0518075]]]}}, {"type": "Feature", "properties": {"status": "existing", "bHeight": 12.0, "name": "", "levels": ""}, "geometry": {"type": "Polygon", "coordinates": [[[55.201409, 25.051788], [55.201464, 25.0516402], [55.2014026, 25.0516227], [55.201348, 25.0517693], [55.201409, 25.051788]]]}}, {"type": "Feature", "properties": {"status": "existing", "bHeight": 12.0, "name": "", "levels": ""}, "geometry": {"type": "Polygon", "coordinates": [[[55.201348, 25.0517693], [55.2014026, 25.0516227], [55.201345, 25.0516032], [55.20129, 25.0517509], [55.201348, 25.0517693]]]}}, {"type": "Feature", "properties": {"status": "existing", "bHeight": 12.0, "name": "", "levels": ""}, "geometry": {"type": "Polygon", "coordinates": [[[55.2023814, 25.0591991], [55.2025089, 25.0590943], [55.2024647, 25.0590519], [55.2023381, 25.0591558], [55.2023814, 25.0591991]]]}}, {"type": "Feature", "properties": {"status": "existing", "bHeight": 12.0, "name": "", "levels": ""}, "geometry": {"type": "Polygon", "coordinates": [[[55.2024251, 25.0592435], [55.2025526, 25.0591389], [55.2025089, 25.0590943], [55.2023814, 25.0591991], [55.2024251, 25.0592435]]]}}, {"type": "Feature", "properties": {"status": "existing", "bHeight": 12.0, "name": "", "levels": ""}, "geometry": {"type": "Polygon", "coordinates": [[[55.2023381, 25.0591558], [55.2024647, 25.0590519], [55.2024267, 25.0590114], [55.2022993, 25.0591161], [55.2023381, 25.0591558]]]}}, {"type": "Feature", "properties": {"status": "existing", "bHeight": 12.0, "name": "", "levels": ""}, "geometry": {"type": "Polygon", "coordinates": [[[55.2022566, 25.0590712], [55.2023841, 25.0589666], [55.2023403, 25.0589232], [55.2022129, 25.0590279], [55.2022566, 25.0590712]]]}}, {"type": "Feature", "properties": {"status": "existing", "bHeight": 12.0, "name": "", "levels": ""}, "geometry": {"type": "Polygon", "coordinates": [[[55.2022993, 25.0591161], [55.2024267, 25.0590114], [55.2023841, 25.0589666], [55.2022566, 25.0590712], [55.2022993, 25.0591161]]]}}, {"type": "Feature", "properties": {"status": "existing", "bHeight": 12.0, "name": "", "levels": ""}, "geometry": {"type": "Polygon", "coordinates": [[[55.2022129, 25.0590279], [55.2023403, 25.0589232], [55.2022971, 25.0588778], [55.2021686, 25.0589823], [55.2022129, 25.0590279]]]}}, {"type": "Feature", "properties": {"status": "existing", "bHeight": 12.0, "name": "", "levels": ""}, "geometry": {"type": "Polygon", "coordinates": [[[55.2021212, 25.0589336], [55.2022487, 25.058829], [55.2022052, 25.0587846], [55.2020776, 25.0588893], [55.2021212, 25.0589336]]]}}, {"type": "Feature", "properties": {"status": "existing", "bHeight": 12.0, "name": "", "levels": ""}, "geometry": {"type": "Polygon", "coordinates": [[[55.2021686, 25.0589823], [55.2022971, 25.0588778], [55.2022487, 25.058829], [55.2021212, 25.0589336], [55.2021686, 25.0589823]]]}}, {"type": "Feature", "properties": {"status": "existing", "bHeight": 12.0, "name": "", "levels": ""}, "geometry": {"type": "Polygon", "coordinates": [[[55.2020776, 25.0588893], [55.2022052, 25.0587846], [55.2021608, 25.058742], [55.2020342, 25.058846], [55.2020776, 25.0588893]]]}}, {"type": "Feature", "properties": {"status": "existing", "bHeight": 12.0, "name": "", "levels": ""}, "geometry": {"type": "Polygon", "coordinates": [[[55.2020342, 25.058846], [55.2021608, 25.058742], [55.2021239, 25.0587019], [55.2019953, 25.0588052], [55.2020342, 25.058846]]]}}, {"type": "Feature", "properties": {"status": "existing", "bHeight": 12.0, "name": "", "levels": ""}, "geometry": {"type": "Polygon", "coordinates": [[[55.2019953, 25.0588052], [55.2021239, 25.0587019], [55.2020803, 25.0586573], [55.2020721, 25.0586639], [55.2019907, 25.0587293], [55.2019516, 25.0587607], [55.2019953, 25.0588052]]]}}, {"type": "Feature", "properties": {"status": "existing", "bHeight": 12.0, "name": "Summer 2", "levels": ""}, "geometry": {"type": "Polygon", "coordinates": [[[55.2023742, 25.0598927], [55.2025008, 25.0600313], [55.2026461, 25.0599223], [55.2024051, 25.0596587], [55.201967, 25.0599873], [55.2020814, 25.0601124], [55.2023742, 25.0598927]]]}}, {"type": "Feature", "properties": {"status": "existing", "bHeight": 12.0, "name": "Summer 2", "levels": ""}, "geometry": {"type": "Polygon", "coordinates": [[[55.2018049, 25.0603197], [55.2019382, 25.0605106], [55.2017821, 25.0606246], [55.2015546, 25.0603135], [55.201967, 25.0599873], [55.2020814, 25.0601124], [55.2018049, 25.0603197]]]}}, {"type": "Feature", "properties": {"status": "existing", "bHeight": 12.0, "name": "", "levels": ""}, "geometry": {"type": "Polygon", "coordinates": [[[55.2011747, 25.0463851], [55.2010088, 25.0464255], [55.2010257, 25.0464824], [55.2011916, 25.046442], [55.2011747, 25.0463851]]]}}, {"type": "Feature", "properties": {"status": "existing", "bHeight": 12.0, "name": "", "levels": ""}, "geometry": {"type": "Polygon", "coordinates": [[[55.201158, 25.0463296], [55.2009923, 25.0463695], [55.2010088, 25.0464255], [55.2011747, 25.0463851], [55.201158, 25.0463296]]]}}, {"type": "Feature", "properties": {"status": "existing", "bHeight": 12.0, "name": "", "levels": ""}, "geometry": {"type": "Polygon", "coordinates": [[[55.2011916, 25.046442], [55.2010257, 25.0464824], [55.2010412, 25.0465413], [55.2012081, 25.0465006], [55.2011916, 25.046442]]]}}, {"type": "Feature", "properties": {"status": "existing", "bHeight": 12.0, "name": "", "levels": ""}, "geometry": {"type": "Polygon", "coordinates": [[[55.2012081, 25.0465006], [55.2010412, 25.0465413], [55.2010601, 25.0466046], [55.201226, 25.0465634], [55.2012081, 25.0465006]]]}}, {"type": "Feature", "properties": {"status": "existing", "bHeight": 12.0, "name": "", "levels": ""}, "geometry": {"type": "Polygon", "coordinates": [[[55.201226, 25.0465634], [55.2010601, 25.0466046], [55.2010768, 25.0466622], [55.2012428, 25.0466208], [55.201226, 25.0465634]]]}}, {"type": "Feature", "properties": {"status": "existing", "bHeight": 12.0, "name": "", "levels": ""}, "geometry": {"type": "Polygon", "coordinates": [[[55.2012747, 25.0467286], [55.2011088, 25.0467699], [55.2011243, 25.0468273], [55.2012904, 25.046786], [55.2012747, 25.0467286]]]}}, {"type": "Feature", "properties": {"status": "existing", "bHeight": 12.0, "name": "", "levels": ""}, "geometry": {"type": "Polygon", "coordinates": [[[55.2012599, 25.0466773], [55.2010951, 25.0467182], [55.2011088, 25.0467699], [55.2012747, 25.0467286], [55.2012599, 25.0466773]]]}}, {"type": "Feature", "properties": {"status": "existing", "bHeight": 12.0, "name": "", "levels": ""}, "geometry": {"type": "Polygon", "coordinates": [[[55.2012428, 25.0466208], [55.2010768, 25.0466622], [55.2010951, 25.0467182], [55.2012599, 25.0466773], [55.2012428, 25.0466208]]]}}, {"type": "Feature", "properties": {"status": "existing", "bHeight": 12.0, "name": "", "levels": ""}, "geometry": {"type": "Polygon", "coordinates": [[[55.2012904, 25.046786], [55.2011243, 25.0468273], [55.2011419, 25.0468839], [55.2013077, 25.0468426], [55.2012904, 25.046786]]]}}, {"type": "Feature", "properties": {"status": "existing", "bHeight": 12.0, "name": "", "levels": ""}, "geometry": {"type": "Polygon", "coordinates": [[[55.2013077, 25.0468426], [55.2011419, 25.0468839], [55.2011578, 25.0469421], [55.2013246, 25.0469014], [55.2013077, 25.0468426]]]}}, {"type": "Feature", "properties": {"status": "existing", "bHeight": 12.0, "name": "", "levels": ""}, "geometry": {"type": "Polygon", "coordinates": [[[55.2011082, 25.046155], [55.2009423, 25.0461964], [55.200958, 25.0462538], [55.2011239, 25.0462125], [55.2011082, 25.046155]]]}}, {"type": "Feature", "properties": {"status": "existing", "bHeight": 12.0, "name": "", "levels": ""}, "geometry": {"type": "Polygon", "coordinates": [[[55.2011239, 25.0462125], [55.200958, 25.0462538], [55.2009748, 25.0463101], [55.2011407, 25.0462699], [55.2011239, 25.0462125]]]}}, {"type": "Feature", "properties": {"status": "existing", "bHeight": 12.0, "name": "", "levels": ""}, "geometry": {"type": "Polygon", "coordinates": [[[55.2011407, 25.0462699], [55.2009748, 25.0463101], [55.2009923, 25.0463695], [55.201158, 25.0463296], [55.2011407, 25.0462699]]]}}, {"type": "Feature", "properties": {"status": "existing", "bHeight": 12.0, "name": "", "levels": ""}, "geometry": {"type": "Polygon", "coordinates": [[[55.1992354, 25.0509294], [55.1990727, 25.050879], [55.1990497, 25.0509352], [55.1992128, 25.0509866], [55.1992354, 25.0509294]]]}}, {"type": "Feature", "properties": {"status": "existing", "bHeight": 12.0, "name": "", "levels": ""}, "geometry": {"type": "Polygon", "coordinates": [[[55.1992563, 25.0508738], [55.1990934, 25.0508232], [55.1990727, 25.050879], [55.1992354, 25.0509294], [55.1992563, 25.0508738]]]}}, {"type": "Feature", "properties": {"status": "existing", "bHeight": 12.0, "name": "", "levels": ""}, "geometry": {"type": "Polygon", "coordinates": [[[55.199279, 25.0508184], [55.1991162, 25.0507679], [55.1990934, 25.0508232], [55.1992563, 25.0508738], [55.199279, 25.0508184]]]}}, {"type": "Feature", "properties": {"status": "existing", "bHeight": 12.0, "name": "", "levels": ""}, "geometry": {"type": "Polygon", "coordinates": [[[55.1992986, 25.0507685], [55.199137, 25.0507182], [55.1991162, 25.0507679], [55.199279, 25.0508184], [55.1992986, 25.0507685]]]}}, {"type": "Feature", "properties": {"status": "existing", "bHeight": 12.0, "name": "", "levels": ""}, "geometry": {"type": "Polygon", "coordinates": [[[55.1993196, 25.050713], [55.1991567, 25.0506626], [55.199137, 25.0507182], [55.1992986, 25.0507685], [55.1993196, 25.050713]]]}}, {"type": "Feature", "properties": {"status": "existing", "bHeight": 12.0, "name": "", "levels": ""}, "geometry": {"type": "Polygon", "coordinates": [[[55.1993414, 25.050657], [55.1991787, 25.0506065], [55.1991567, 25.0506626], [55.1993196, 25.050713], [55.1993414, 25.050657]]]}}, {"type": "Feature", "properties": {"status": "existing", "bHeight": 12.0, "name": "", "levels": ""}, "geometry": {"type": "Polygon", "coordinates": [[[55.1993657, 25.050596], [55.1992025, 25.0505445], [55.1991787, 25.0506065], [55.1993414, 25.050657], [55.1993657, 25.050596]]]}}, {"type": "Feature", "properties": {"status": "existing", "bHeight": 12.0, "name": "", "levels": ""}, "geometry": {"type": "Polygon", "coordinates": [[[55.1993885, 25.0505392], [55.1992263, 25.0504879], [55.1992025, 25.0505445], [55.1993657, 25.050596], [55.1993885, 25.0505392]]]}}, {"type": "Feature", "properties": {"status": "existing", "bHeight": 12.0, "name": "", "levels": ""}, "geometry": {"type": "Polygon", "coordinates": [[[55.1994099, 25.0504835], [55.1992477, 25.0504323], [55.1992263, 25.0504879], [55.1993885, 25.0505392], [55.1994099, 25.0504835]]]}}, {"type": "Feature", "properties": {"status": "existing", "bHeight": 13.6, "name": "Mulberry 1", "levels": "4"}, "geometry": {"type": "Polygon", "coordinates": [[[55.2053598, 25.0500223], [55.2057353, 25.0499608], [55.2057656, 25.0501128], [55.2056115, 25.050138], [55.2056845, 25.0504859], [55.2054677, 25.0505226], [55.2053598, 25.0500223]]]}}, {"type": "Feature", "properties": {"status": "existing", "bHeight": 12.0, "name": "", "levels": ""}, "geometry": {"type": "Polygon", "coordinates": [[[55.2035949, 25.0490201], [55.2034348, 25.049077], [55.2034574, 25.0491333], [55.2036186, 25.0490769], [55.2035949, 25.0490201]]]}}, {"type": "Feature", "properties": {"status": "existing", "bHeight": 12.0, "name": "", "levels": ""}, "geometry": {"type": "Polygon", "coordinates": [[[55.2035711, 25.0489654], [55.2034107, 25.0490224], [55.2034348, 25.049077], [55.2035949, 25.0490201], [55.2035711, 25.0489654]]]}}, {"type": "Feature", "properties": {"status": "existing", "bHeight": 12.0, "name": "", "levels": ""}, "geometry": {"type": "Polygon", "coordinates": [[[55.2035488, 25.0489099], [55.2033886, 25.0489668], [55.2034107, 25.0490224], [55.2035711, 25.0489654], [55.2035488, 25.0489099]]]}}, {"type": "Feature", "properties": {"status": "existing", "bHeight": 12.0, "name": "", "levels": ""}, "geometry": {"type": "Polygon", "coordinates": [[[55.2035281, 25.0488603], [55.203369, 25.0489167], [55.2033886, 25.0489668], [55.2035488, 25.0489099], [55.2035281, 25.0488603]]]}}, {"type": "Feature", "properties": {"status": "existing", "bHeight": 12.0, "name": "", "levels": ""}, "geometry": {"type": "Polygon", "coordinates": [[[55.2035045, 25.0488057], [55.2033442, 25.0488628], [55.203369, 25.0489167], [55.2035281, 25.0488603], [55.2035045, 25.0488057]]]}}, {"type": "Feature", "properties": {"status": "existing", "bHeight": 12.0, "name": "", "levels": ""}, "geometry": {"type": "Polygon", "coordinates": [[[55.2034811, 25.0487502], [55.2033209, 25.0488071], [55.2033442, 25.0488628], [55.2035045, 25.0488057], [55.2034811, 25.0487502]]]}}, {"type": "Feature", "properties": {"status": "existing", "bHeight": 12.0, "name": "", "levels": ""}, "geometry": {"type": "Polygon", "coordinates": [[[55.2034559, 25.0486895], [55.2032947, 25.048746], [55.2033209, 25.0488071], [55.2034811, 25.0487502], [55.2034559, 25.0486895]]]}}, {"type": "Feature", "properties": {"status": "existing", "bHeight": 12.0, "name": "", "levels": ""}, "geometry": {"type": "Polygon", "coordinates": [[[55.2034327, 25.0486328], [55.2032724, 25.0486889], [55.2032947, 25.048746], [55.2034559, 25.0486895], [55.2034327, 25.0486328]]]}}, {"type": "Feature", "properties": {"status": "existing", "bHeight": 12.0, "name": "", "levels": ""}, "geometry": {"type": "Polygon", "coordinates": [[[55.2034093, 25.0485779], [55.203249, 25.0486339], [55.2032724, 25.0486889], [55.2034327, 25.0486328], [55.2034093, 25.0485779]]]}}, {"type": "Feature", "properties": {"status": "existing", "bHeight": 12.0, "name": "", "levels": ""}, "geometry": {"type": "Polygon", "coordinates": [[[55.2033862, 25.0485243], [55.2032261, 25.0485798], [55.203249, 25.0486339], [55.2034093, 25.0485779], [55.2033862, 25.0485243]]]}}, {"type": "Feature", "properties": {"status": "existing", "bHeight": 12.0, "name": "", "levels": ""}, "geometry": {"type": "Polygon", "coordinates": [[[55.203362, 25.0484666], [55.2032017, 25.0485224], [55.2032261, 25.0485798], [55.2033862, 25.0485243], [55.203362, 25.0484666]]]}}, {"type": "Feature", "properties": {"status": "existing", "bHeight": 12.0, "name": "", "levels": ""}, "geometry": {"type": "Polygon", "coordinates": [[[55.2033386, 25.0484111], [55.2031785, 25.0484681], [55.2032017, 25.0485224], [55.203362, 25.0484666], [55.2033386, 25.0484111]]]}}, {"type": "Feature", "properties": {"status": "existing", "bHeight": 12.0, "name": "", "levels": ""}, "geometry": {"type": "Polygon", "coordinates": [[[55.1995823, 25.0502231], [55.1994595, 25.0501154], [55.1994174, 25.0501524], [55.199541, 25.0502608], [55.1995823, 25.0502231]]]}}, {"type": "Feature", "properties": {"status": "existing", "bHeight": 12.0, "name": "", "levels": ""}, "geometry": {"type": "Polygon", "coordinates": [[[55.1996272, 25.050181], [55.1995034, 25.0500726], [55.1994595, 25.0501154], [55.1995823, 25.0502231], [55.1996272, 25.050181]]]}}, {"type": "Feature", "properties": {"status": "existing", "bHeight": 12.0, "name": "", "levels": ""}, "geometry": {"type": "Polygon", "coordinates": [[[55.1996732, 25.0501387], [55.1995496, 25.0500303], [55.1995034, 25.0500726], [55.1996272, 25.050181], [55.1996732, 25.0501387]]]}}, {"type": "Feature", "properties": {"status": "existing", "bHeight": 12.0, "name": "", "levels": ""}, "geometry": {"type": "Polygon", "coordinates": [[[55.1997238, 25.0500928], [55.1996002, 25.0499833], [55.1995496, 25.0500303], [55.1996732, 25.0501387], [55.1997238, 25.0500928]]]}}, {"type": "Feature", "properties": {"status": "existing", "bHeight": 12.0, "name": "", "levels": ""}, "geometry": {"type": "Polygon", "coordinates": [[[55.1997711, 25.0500501], [55.1996482, 25.0499413], [55.1996002, 25.0499833], [55.1997238, 25.0500928], [55.1997711, 25.0500501]]]}}, {"type": "Feature", "properties": {"status": "existing", "bHeight": 12.0, "name": "", "levels": ""}, "geometry": {"type": "Polygon", "coordinates": [[[55.1998165, 25.0500079], [55.1996937, 25.0498991], [55.1996482, 25.0499413], [55.1997711, 25.0500501], [55.1998165, 25.0500079]]]}}, {"type": "Feature", "properties": {"status": "existing", "bHeight": 12.0, "name": "", "levels": ""}, "geometry": {"type": "Polygon", "coordinates": [[[55.1998607, 25.0499667], [55.1997385, 25.0498578], [55.1996937, 25.0498991], [55.1998165, 25.0500079], [55.1998607, 25.0499667]]]}}, {"type": "Feature", "properties": {"status": "existing", "bHeight": 12.0, "name": "", "levels": ""}, "geometry": {"type": "Polygon", "coordinates": [[[55.1999087, 25.0499228], [55.199786, 25.0498139], [55.1997385, 25.0498578], [55.1998607, 25.0499667], [55.1999087, 25.0499228]]]}}, {"type": "Feature", "properties": {"status": "existing", "bHeight": 12.0, "name": "", "levels": ""}, "geometry": {"type": "Polygon", "coordinates": [[[55.1999546, 25.0498805], [55.199831, 25.0497721], [55.199786, 25.0498139], [55.1999087, 25.0499228], [55.1999546, 25.0498805]]]}}, {"type": "Feature", "properties": {"status": "existing", "bHeight": 12.0, "name": "", "levels": ""}, "geometry": {"type": "Polygon", "coordinates": [[[55.2000013, 25.049839], [55.1998775, 25.0497307], [55.199831, 25.0497721], [55.1999546, 25.0498805], [55.2000013, 25.049839]]]}}, {"type": "Feature", "properties": {"status": "existing", "bHeight": 12.0, "name": "Astoria", "levels": ""}, "geometry": {"type": "Polygon", "coordinates": [[[55.2119796, 25.0646941], [55.2120635, 25.0650977], [55.2112093, 25.0652434], [55.2111254, 25.0648397], [55.2119796, 25.0646941]]]}}, {"type": "Feature", "properties": {"status": "existing", "bHeight": 12.0, "name": "", "levels": ""}, "geometry": {"type": "Polygon", "coordinates": [[[55.2071459, 25.0557188], [55.2070454, 25.0556137], [55.2069734, 25.0556725], [55.2070742, 25.0557794], [55.2071459, 25.0557188]]]}}, {"type": "Feature", "properties": {"status": "existing", "bHeight": 12.0, "name": "", "levels": ""}, "geometry": {"type": "Polygon", "coordinates": [[[55.207043, 25.0557984], [55.2069284, 25.0557023], [55.2068625, 25.0557668], [55.2069771, 25.0558629], [55.207043, 25.0557984]]]}}, {"type": "Feature", "properties": {"status": "existing", "bHeight": 12.0, "name": "", "levels": ""}, "geometry": {"type": "Polygon", "coordinates": [[[55.2069472, 25.0558849], [55.2068227, 25.0558036], [55.2067651, 25.0558761], [55.2068896, 25.0559573], [55.2069472, 25.0558849]]]}}, {"type": "Feature", "properties": {"status": "existing", "bHeight": 12.0, "name": "", "levels": ""}, "geometry": {"type": "Polygon", "coordinates": [[[55.2068678, 25.0559993], [55.2067329, 25.0559313], [55.2066856, 25.0560081], [55.2068206, 25.0560761], [55.2068678, 25.0559993]]]}}, {"type": "Feature", "properties": {"status": "existing", "bHeight": 12.0, "name": "", "levels": ""}, "geometry": {"type": "Polygon", "coordinates": [[[55.2072394, 25.0556273], [55.2071588, 25.0555203], [55.2070864, 25.055565], [55.207167, 25.055672], [55.2072394, 25.0556273]]]}}, {"type": "Feature", "properties": {"status": "existing", "bHeight": 12.0, "name": "", "levels": ""}, "geometry": {"type": "Polygon", "coordinates": [[[55.2073687, 25.0555554], [55.2073004, 25.0554407], [55.2072198, 25.0554801], [55.2072881, 25.0555948], [55.2073687, 25.0555554]]]}}, {"type": "Feature", "properties": {"status": "existing", "bHeight": 12.0, "name": "", "levels": ""}, "geometry": {"type": "Polygon", "coordinates": [[[55.2074919, 25.0555058], [55.2074381, 25.055383], [55.2073579, 25.0554119], [55.2074117, 25.0555346], [55.2074919, 25.0555058]]]}}, {"type": "Feature", "properties": {"status": "existing", "bHeight": 12.0, "name": "", "levels": ""}, "geometry": {"type": "Polygon", "coordinates": [[[55.2076195, 25.0554521], [55.2075749, 25.0553195], [55.2074876, 25.0553436], [55.2075322, 25.0554762], [55.2076195, 25.0554521]]]}}, {"type": "Feature", "properties": {"status": "existing", "bHeight": 12.0, "name": "", "levels": ""}, "geometry": {"type": "Polygon", "coordinates": [[[55.2077492, 25.0554174], [55.2077272, 25.0552854], [55.2076398, 25.0552973], [55.2076618, 25.0554293], [55.2077492, 25.0554174]]]}}, {"type": "Feature", "properties": {"status": "existing", "bHeight": 12.0, "name": "", "levels": ""}, "geometry": {"type": "Polygon", "coordinates": [[[55.207904, 25.0554139], [55.2078981, 25.0552729], [55.2077964, 25.0552763], [55.2078023, 25.0554173], [55.207904, 25.0554139]]]}}, {"type": "Feature", "properties": {"status": "existing", "bHeight": 12.0, "name": "", "levels": ""}, "geometry": {"type": "Polygon", "coordinates": [[[55.2080369, 25.0553906], [55.2080401, 25.055265], [55.2079446, 25.055263], [55.2079413, 25.0553886], [55.2080369, 25.0553906]]]}}, {"type": "Feature", "properties": {"status": "existing", "bHeight": 12.0, "name": "", "levels": ""}, "geometry": {"type": "Polygon", "coordinates": [[[55.2081777, 25.0554052], [55.2081921, 25.0552758], [55.2081006, 25.0552675], [55.2080862, 25.0553969], [55.2081777, 25.0554052]]]}}, {"type": "Feature", "properties": {"status": "existing", "bHeight": 12.0, "name": "", "levels": ""}, "geometry": {"type": "Polygon", "coordinates": [[[55.2083214, 25.0554354], [55.2083535, 25.0553055], [55.2082638, 25.0552874], [55.2082318, 25.0554172], [55.2083214, 25.0554354]]]}}, {"type": "Feature", "properties": {"status": "existing", "bHeight": 12.0, "name": "", "levels": ""}, "geometry": {"type": "Polygon", "coordinates": [[[55.2084472, 25.0554863], [55.2085, 25.055353], [55.2084105, 25.0553239], [55.2083577, 25.0554572], [55.2084472, 25.0554863]]]}}, {"type": "Feature", "properties": {"status": "existing", "bHeight": 12.0, "name": "", "levels": ""}, "geometry": {"type": "Polygon", "coordinates": [[[55.2078079, 25.0556063], [55.2078448, 25.0557809], [55.207751, 25.0557972], [55.2077225, 25.055662], [55.2077672, 25.0556543], [55.2077588, 25.0556148], [55.2078079, 25.0556063]]]}}, {"type": "Feature", "properties": {"status": "existing", "bHeight": 12.0, "name": "", "levels": ""}, "geometry": {"type": "Polygon", "coordinates": [[[55.2076296, 25.0556523], [55.2076976, 25.0558128], [55.2076071, 25.0558442], [55.2075525, 25.0557153], [55.2075943, 25.0557007], [55.207581, 25.0556692], [55.2076296, 25.0556523]]]}}, {"type": "Feature", "properties": {"status": "existing", "bHeight": 12.0, "name": "", "levels": ""}, "geometry": {"type": "Polygon", "coordinates": [[[55.2074609, 25.0557217], [55.2075576, 25.0558722], [55.207477, 25.0559147], [55.2074009, 25.0557963], [55.2074377, 25.055777], [55.207417, 25.0557448], [55.2074609, 25.0557217]]]}}, {"type": "Feature", "properties": {"status": "existing", "bHeight": 12.0, "name": "", "levels": ""}, "geometry": {"type": "Polygon", "coordinates": [[[55.2073366, 25.0557989], [55.2074509, 25.0559396], [55.2073766, 25.0559892], [55.2072909, 25.0558837], [55.2073226, 25.0558626], [55.2072939, 25.0558274], [55.2073366, 25.0557989]]]}}, {"type": "Feature", "properties": {"status": "existing", "bHeight": 12.0, "name": "", "levels": ""}, "geometry": {"type": "Polygon", "coordinates": [[[55.2071931, 25.0559123], [55.2073322, 25.0560357], [55.2072654, 25.0560975], [55.2071587, 25.0560028], [55.2071887, 25.055975], [55.2071563, 25.0559463], [55.2071931, 25.0559123]]]}}, {"type": "Feature", "properties": {"status": "existing", "bHeight": 12.0, "name": "", "levels": ""}, "geometry": {"type": "Polygon", "coordinates": [[[55.2070841, 25.0560448], [55.2072436, 25.0561414], [55.2071888, 25.0562157], [55.2070655, 25.056141], [55.2070925, 25.0561044], [55.2070563, 25.0560825], [55.2070841, 25.0560448]]]}}, {"type": "Feature", "properties": {"status": "existing", "bHeight": 12.0, "name": "", "levels": ""}, "geometry": {"type": "Polygon", "coordinates": [[[55.2079844, 25.055591], [55.2079902, 25.055767], [55.2078961, 25.0557696], [55.2078915, 25.0556334], [55.2079349, 25.0556322], [55.2079336, 25.0555924], [55.2079844, 25.055591]]]}}, {"type": "Feature", "properties": {"status": "existing", "bHeight": 12.0, "name": "", "levels": ""}, "geometry": {"type": "Polygon", "coordinates": [[[55.2081687, 25.0556087], [55.208139, 25.0557784], [55.2080442, 25.0557648], [55.2080671, 25.0556334], [55.208105, 25.0556388], [55.2081117, 25.0556006], [55.2081687, 25.0556087]]]}}, {"type": "Feature", "properties": {"status": "existing", "bHeight": 12.0, "name": "", "levels": ""}, "geometry": {"type": "Polygon", "coordinates": [[[55.2083556, 25.0556376], [55.2082912, 25.0558133], [55.2082028, 25.0557866], [55.2082529, 25.0556499], [55.2082911, 25.0556614], [55.2083054, 25.0556225], [55.2083556, 25.0556376]]]}}, {"type": "Feature", "properties": {"status": "existing", "bHeight": 12.0, "name": "", "levels": ""}, "geometry": {"type": "Polygon", "coordinates": [[[55.2075956, 25.0576749], [55.2075395, 25.0578367], [55.2074606, 25.0578143], [55.2075054, 25.0576854], [55.2075383, 25.0576947], [55.2075497, 25.0576618], [55.2075956, 25.0576749]]]}}, {"type": "Feature", "properties": {"status": "existing", "bHeight": 12.0, "name": "", "levels": ""}, "geometry": {"type": "Polygon", "coordinates": [[[55.2074817, 25.057645], [55.2073987, 25.0578035], [55.2073113, 25.057766], [55.207374, 25.0576462], [55.2074129, 25.0576629], [55.2074332, 25.0576242], [55.2074817, 25.057645]]]}}, {"type": "Feature", "properties": {"status": "existing", "bHeight": 12.0, "name": "", "levels": ""}, "geometry": {"type": "Polygon", "coordinates": [[[55.2073667, 25.0575911], [55.2072692, 25.0577381], [55.2071907, 25.0576954], [55.2072646, 25.0575839], [55.2072966, 25.0576013], [55.2073202, 25.0575658], [55.2073667, 25.0575911]]]}}, {"type": "Feature", "properties": {"status": "existing", "bHeight": 12.0, "name": "", "levels": ""}, "geometry": {"type": "Polygon", "coordinates": [[[55.2072476, 25.0575299], [55.2071445, 25.0576509], [55.2070678, 25.0575973], [55.2071525, 25.0574979], [55.2071857, 25.0575211], [55.2072042, 25.0574995], [55.2072476, 25.0575299]]]}}, {"type": "Feature", "properties": {"status": "existing", "bHeight": 12.0, "name": "", "levels": ""}, "geometry": {"type": "Polygon", "coordinates": [[[55.2071426, 25.0574442], [55.2070236, 25.0575594], [55.2069533, 25.0574999], [55.2070476, 25.0574085], [55.2070777, 25.0574339], [55.2071023, 25.0574101], [55.2071426, 25.0574442]]]}}, {"type": "Feature", "properties": {"status": "existing", "bHeight": 12.0, "name": "", "levels": ""}, "geometry": {"type": "Polygon", "coordinates": [[[55.2070485, 25.057354], [55.2069125, 25.0574624], [55.2068512, 25.0573992], [55.2069612, 25.0573116], [55.2069828, 25.0573337], [55.2070087, 25.057313], [55.2070485, 25.057354]]]}}, {"type": "Feature", "properties": {"status": "existing", "bHeight": 12.0, "name": "", "levels": ""}, "geometry": {"type": "Polygon", "coordinates": [[[55.2069677, 25.0572579], [55.206818, 25.0573531], [55.2067651, 25.0572848], [55.2068845, 25.0572089], [55.2069063, 25.057237], [55.2069366, 25.0572178], [55.2069677, 25.0572579]]]}}, {"type": "Feature", "properties": {"status": "existing", "bHeight": 12.0, "name": "", "levels": ""}, "geometry": {"type": "Polygon", "coordinates": [[[55.2068951, 25.0571527], [55.2067259, 25.0572351], [55.2066804, 25.0571586], [55.2068074, 25.0570967], [55.2068289, 25.0571329], [55.2068711, 25.0571123], [55.2068951, 25.0571527]]]}}, {"type": "Feature", "properties": {"status": "existing", "bHeight": 12.0, "name": "", "levels": ""}, "geometry": {"type": "Polygon", "coordinates": [[[55.2068332, 25.0570595], [55.2066726, 25.057113], [55.20664, 25.0570328], [55.2067672, 25.0569904], [55.2067821, 25.057027], [55.2068155, 25.0570159], [55.2068332, 25.0570595]]]}}, {"type": "Feature", "properties": {"status": "existing", "bHeight": 12.0, "name": "", "levels": ""}, "geometry": {"type": "Polygon", "coordinates": [[[55.2067818, 25.0569348], [55.2066155, 25.0569665], [55.206595, 25.0568777], [55.2067298, 25.0568521], [55.2067395, 25.0568942], [55.206771, 25.0568883], [55.2067818, 25.0569348]]]}}, {"type": "Feature", "properties": {"status": "existing", "bHeight": 12.0, "name": "", "levels": ""}, "geometry": {"type": "Polygon", "coordinates": [[[55.2067371, 25.0568153], [55.2065785, 25.0568287], [55.2065696, 25.0567419], [55.2067017, 25.0567308], [55.2067055, 25.0567675], [55.206732, 25.0567653], [55.2067371, 25.0568153]]]}}, {"type": "Feature", "properties": {"status": "existing", "bHeight": 12.0, "name": "", "levels": ""}, "geometry": {"type": "Polygon", "coordinates": [[[55.2067216, 25.0566854], [55.2065577, 25.0566877], [55.2065562, 25.0565966], [55.2066921, 25.0565947], [55.2066928, 25.056635], [55.2067207, 25.0566346], [55.2067216, 25.0566854]]]}}, {"type": "Feature", "properties": {"status": "existing", "bHeight": 12.0, "name": "", "levels": ""}, "geometry": {"type": "Polygon", "coordinates": [[[55.2067256, 25.0565485], [55.2065609, 25.0565444], [55.2065636, 25.0564544], [55.2066996, 25.0564577], [55.2066985, 25.0564967], [55.2067271, 25.0564974], [55.2067256, 25.0565485]]]}}, {"type": "Feature", "properties": {"status": "existing", "bHeight": 12.0, "name": "", "levels": ""}, "geometry": {"type": "Polygon", "coordinates": [[[55.2067341, 25.0564147], [55.2065737, 25.0563993], [55.2065835, 25.0563161], [55.2067215, 25.0563294], [55.2067171, 25.0563674], [55.2067394, 25.0563696], [55.2067341, 25.0564147]]]}}, {"type": "Feature", "properties": {"status": "existing", "bHeight": 12.0, "name": "", "levels": ""}, "geometry": {"type": "Polygon", "coordinates": [[[55.2068963, 25.0564918], [55.2070882, 25.0564987], [55.2070921, 25.0564119], [55.206948, 25.0564067], [55.2069462, 25.0564478], [55.2068983, 25.056446], [55.2068963, 25.0564918]]]}}, {"type": "Feature", "properties": {"status": "existing", "bHeight": 12.0, "name": "", "levels": ""}, "geometry": {"type": "Polygon", "coordinates": [[[55.2068823, 25.0566507], [55.2070744, 25.0566496], [55.2070738, 25.0565627], [55.2069296, 25.0565635], [55.2069299, 25.0566046], [55.2068819, 25.0566049], [55.2068823, 25.0566507]]]}}, {"type": "Feature", "properties": {"status": "existing", "bHeight": 12.0, "name": "", "levels": ""}, "geometry": {"type": "Polygon", "coordinates": [[[55.2069155, 25.0568267], [55.2070992, 25.0567757], [55.2070711, 25.0566926], [55.2069332, 25.0567309], [55.2069465, 25.0567702], [55.2069007, 25.056783], [55.2069155, 25.0568267]]]}}, {"type": "Feature", "properties": {"status": "existing", "bHeight": 12.0, "name": "", "levels": ""}, "geometry": {"type": "Polygon", "coordinates": [[[55.2069719, 25.0569809], [55.20715, 25.0569156], [55.207114, 25.0568351], [55.2069803, 25.0568841], [55.2069974, 25.0569222], [55.2069529, 25.0569385], [55.2069719, 25.0569809]]]}}, {"type": "Feature", "properties": {"status": "existing", "bHeight": 12.0, "name": "", "levels": ""}, "geometry": {"type": "Polygon", "coordinates": [[[55.2070481, 25.0571151], [55.2072137, 25.0570267], [55.2071649, 25.0569518], [55.2070408, 25.0570182], [55.2070638, 25.0570536], [55.2070225, 25.0570756], [55.2070481, 25.0571151]]]}}, {"type": "Feature", "properties": {"status": "existing", "bHeight": 12.0, "name": "", "levels": ""}, "geometry": {"type": "Polygon", "coordinates": [[[55.2071616, 25.0572499], [55.2073049, 25.057134], [55.207241, 25.0570691], [55.2071335, 25.0571561], [55.2071637, 25.0571868], [55.2071279, 25.0572157], [55.2071616, 25.0572499]]]}}, {"type": "Feature", "properties": {"status": "existing", "bHeight": 12.0, "name": "", "levels": ""}, "geometry": {"type": "Polygon", "coordinates": [[[55.2072892, 25.0573576], [55.2074221, 25.0572319], [55.2073529, 25.0571718], [55.2072532, 25.0572661], [55.2072859, 25.0572945], [55.2072527, 25.0573259], [55.2072892, 25.0573576]]]}}, {"type": "Feature", "properties": {"status": "existing", "bHeight": 12.0, "name": "", "levels": ""}, "geometry": {"type": "Polygon", "coordinates": [[[55.2074477, 25.0574552], [55.2075572, 25.0573122], [55.2074783, 25.0572627], [55.2073962, 25.05737], [55.2074335, 25.0573934], [55.2074062, 25.0574291], [55.2074477, 25.0574552]]]}}, {"type": "Feature", "properties": {"status": "existing", "bHeight": 12.0, "name": "", "levels": ""}, "geometry": {"type": "Polygon", "coordinates": [[[55.2076127, 25.057528], [55.2076742, 25.0573632], [55.2075833, 25.0573353], [55.2075371, 25.0574591], [55.2075801, 25.0574722], [55.2075648, 25.0575134], [55.2076127, 25.057528]]]}}, {"type": "Feature", "properties": {"status": "existing", "bHeight": 12.0, "name": "", "levels": ""}, "geometry": {"type": "Polygon", "coordinates": [[[55.2085166, 25.0555353], [55.208601, 25.0553853], [55.2086889, 25.0554259], [55.2086171, 25.0555535], [55.2085768, 25.0555349], [55.2085641, 25.0555573], [55.2085166, 25.0555353]]]}}, {"type": "Feature", "properties": {"status": "existing", "bHeight": 12.0, "name": "", "levels": ""}, "geometry": {"type": "Polygon", "coordinates": [[[55.2086459, 25.0555976], [55.2087363, 25.0554573], [55.2088135, 25.0554981], [55.2087357, 25.055619], [55.2086959, 25.0555979], [55.2086834, 25.0556174], [55.2086459, 25.0555976]]]}}, {"type": "Feature", "properties": {"status": "existing", "bHeight": 12.0, "name": "", "levels": ""}, "geometry": {"type": "Polygon", "coordinates": [[[55.2087535, 25.0556587], [55.2088689, 25.0555267], [55.2089444, 25.0555808], [55.2088465, 25.0556928], [55.2088094, 25.0556661], [55.2087918, 25.0556862], [55.2087535, 25.0556587]]]}}, {"type": "Feature", "properties": {"status": "existing", "bHeight": 12.0, "name": "", "levels": ""}, "geometry": {"type": "Polygon", "coordinates": [[[55.208861, 25.0557383], [55.2089816, 25.0556248], [55.2090551, 25.0556888], [55.2089511, 25.0557867], [55.2089198, 25.0557594], [55.2089032, 25.0557751], [55.208861, 25.0557383]]]}}, {"type": "Feature", "properties": {"status": "existing", "bHeight": 12.0, "name": "", "levels": ""}, "geometry": {"type": "Polygon", "coordinates": [[[55.2089555, 25.0558393], [55.2090981, 25.055742], [55.2091562, 25.0558119], [55.2090413, 25.0558903], [55.2090138, 25.0558573], [55.2089862, 25.0558762], [55.2089555, 25.0558393]]]}}, {"type": "Feature", "properties": {"status": "existing", "bHeight": 12.0, "name": "", "levels": ""}, "geometry": {"type": "Polygon", "coordinates": [[[55.2090372, 25.0559444], [55.2091936, 25.0558383], [55.2092538, 25.0559112], [55.2091223, 25.0560005], [55.2090891, 25.0559604], [55.2090643, 25.0559772], [55.2090372, 25.0559444]]]}}, {"type": "Feature", "properties": {"status": "existing", "bHeight": 12.0, "name": "", "levels": ""}, "geometry": {"type": "Polygon", "coordinates": [[[55.2091145, 25.0560356], [55.2092679, 25.0559619], [55.2093119, 25.0560371], [55.2091819, 25.0560996], [55.2091607, 25.0560634], [55.2091373, 25.0560746], [55.2091145, 25.0560356]]]}}, {"type": "Feature", "properties": {"status": "existing", "bHeight": 12.0, "name": "", "levels": ""}, "geometry": {"type": "Polygon", "coordinates": [[[55.2091755, 25.0561433], [55.2093499, 25.0560764], [55.2093915, 25.0561654], [55.2092429, 25.0562223], [55.2092207, 25.0561747], [55.2091948, 25.0561846], [55.2091755, 25.0561433]]]}}, {"type": "Feature", "properties": {"status": "existing", "bHeight": 12.0, "name": "", "levels": ""}, "geometry": {"type": "Polygon", "coordinates": [[[55.2092098, 25.0562553], [55.2093907, 25.0562095], [55.2094259, 25.0563238], [55.2092747, 25.0563621], [55.2092532, 25.0562923], [55.2092235, 25.0562999], [55.2092098, 25.0562553]]]}}, {"type": "Feature", "properties": {"status": "existing", "bHeight": 12.0, "name": "", "levels": ""}, "geometry": {"type": "Polygon", "coordinates": [[[55.2092372, 25.0563954], [55.2094241, 25.0563666], [55.2094438, 25.0564712], [55.2092923, 25.0564945], [55.2092834, 25.0564472], [55.2092479, 25.0564526], [55.2092372, 25.0563954]]]}}, {"type": "Feature", "properties": {"status": "existing", "bHeight": 12.0, "name": "", "levels": ""}, "geometry": {"type": "Polygon", "coordinates": [[[55.2092506, 25.0565044], [55.2094422, 25.0564858], [55.2094555, 25.0565979], [55.2093044, 25.0566126], [55.2092998, 25.0565736], [55.2092593, 25.0565775], [55.2092506, 25.0565044]]]}}, {"type": "Feature", "properties": {"status": "existing", "bHeight": 12.0, "name": "", "levels": ""}, "geometry": {"type": "Polygon", "coordinates": [[[55.2092534, 25.0566385], [55.2094376, 25.0566385], [55.2094376, 25.0567262], [55.2092896, 25.0567262], [55.2092896, 25.0566784], [55.2092534, 25.0566784], [55.2092534, 25.0566385]]]}}, {"type": "Feature", "properties": {"status": "existing", "bHeight": 12.0, "name": "", "levels": ""}, "geometry": {"type": "Polygon", "coordinates": [[[55.2092407, 25.056765], [55.2094321, 25.0567854], [55.209421, 25.056871], [55.2092699, 25.0568549], [55.2092757, 25.0568101], [55.2092354, 25.0568058], [55.2092407, 25.056765]]]}}, {"type": "Feature", "properties": {"status": "existing", "bHeight": 12.0, "name": "", "levels": ""}, "geometry": {"type": "Polygon", "coordinates": [[[55.2084433, 25.0556712], [55.2083586, 25.0558416], [55.2084456, 25.0558771], [55.208515, 25.0557375], [55.208471, 25.0557196], [55.2084863, 25.0556887], [55.2084433, 25.0556712]]]}}, {"type": "Feature", "properties": {"status": "existing", "bHeight": 12.0, "name": "", "levels": ""}, "geometry": {"type": "Polygon", "coordinates": [[[55.2085914, 25.0557487], [55.2084842, 25.0559086], [55.2085657, 25.0559534], [55.2086497, 25.0558281], [55.208612, 25.0558074], [55.2086352, 25.0557728], [55.2085914, 25.0557487]]]}}, {"type": "Feature", "properties": {"status": "existing", "bHeight": 12.0, "name": "", "levels": ""}, "geometry": {"type": "Polygon", "coordinates": [[[55.208738, 25.0558585], [55.2086131, 25.0559865], [55.2086828, 25.0560424], [55.2087859, 25.0559368], [55.2087477, 25.0559062], [55.2087695, 25.0558838], [55.208738, 25.0558585]]]}}, {"type": "Feature", "properties": {"status": "existing", "bHeight": 12.0, "name": "", "levels": ""}, "geometry": {"type": "Polygon", "coordinates": [[[55.2088596, 25.0559787], [55.2087132, 25.0560861], [55.2087703, 25.0561501], [55.208895, 25.0560587], [55.2088635, 25.0560235], [55.2088853, 25.0560075], [55.2088596, 25.0559787]]]}}, {"type": "Feature", "properties": {"status": "existing", "bHeight": 12.0, "name": "", "levels": ""}, "geometry": {"type": "Polygon", "coordinates": [[[55.2089527, 25.0560949], [55.2087927, 25.0561802], [55.2088458, 25.0562619], [55.2089679, 25.0561967], [55.2089411, 25.0561556], [55.208979, 25.0561354], [55.2089527, 25.0560949]]]}}, {"type": "Feature", "properties": {"status": "existing", "bHeight": 12.0, "name": "", "levels": ""}, "geometry": {"type": "Polygon", "coordinates": [[[55.2090374, 25.0562751], [55.2088596, 25.0563271], [55.2088891, 25.0564099], [55.2090275, 25.0563694], [55.2090134, 25.0563298], [55.2090528, 25.0563183], [55.2090374, 25.0562751]]]}}, {"type": "Feature", "properties": {"status": "existing", "bHeight": 12.0, "name": "", "levels": ""}, "geometry": {"type": "Polygon", "coordinates": [[[55.2090653, 25.0564112], [55.2088851, 25.0564432], [55.2089086, 25.0565518], [55.209059, 25.0565251], [55.2090486, 25.0564769], [55.2090784, 25.0564716], [55.2090653, 25.0564112]]]}}, {"type": "Feature", "properties": {"status": "existing", "bHeight": 12.0, "name": "", "levels": ""}, "geometry": {"type": "Polygon", "coordinates": [[[55.2090993, 25.0565825], [55.208919, 25.0565867], [55.2089221, 25.0566968], [55.2090746, 25.0566933], [55.2090733, 25.0566496], [55.2091012, 25.0566489], [55.2090993, 25.0565825]]]}}, {"type": "Feature", "properties": {"status": "existing", "bHeight": 12.0, "name": "", "levels": ""}, "geometry": {"type": "Polygon", "coordinates": [[[55.2090747, 25.0567402], [55.2088983, 25.0567249], [55.2088883, 25.0568199], [55.2090375, 25.0568328], [55.2090407, 25.0568024], [55.2090679, 25.0568048], [55.2090747, 25.0567402]]]}}, {"type": "Feature", "properties": {"status": "existing", "bHeight": 12.0, "name": "", "levels": ""}, "geometry": {"type": "Polygon", "coordinates": [[[55.208951, 25.0570683], [55.2087874, 25.0569889], [55.2088332, 25.0569113], [55.2089796, 25.0569823], [55.2089631, 25.0570102], [55.2089804, 25.0570185], [55.208951, 25.0570683]]]}}, {"type": "Feature", "properties": {"status": "existing", "bHeight": 12.0, "name": "", "levels": ""}, "geometry": {"type": "Polygon", "coordinates": [[[55.2088448, 25.0572183], [55.2086986, 25.0571137], [55.2087586, 25.0570449], [55.2088853, 25.0571355], [55.2088623, 25.0571619], [55.2088819, 25.0571758], [55.2088448, 25.0572183]]]}}, {"type": "Feature", "properties": {"status": "existing", "bHeight": 12.0, "name": "", "levels": ""}, "geometry": {"type": "Polygon", "coordinates": [[[55.2087358, 25.0573294], [55.2086153, 25.0572112], [55.2086858, 25.0571523], [55.2087936, 25.057258], [55.2087622, 25.0572843], [55.2087748, 25.0572967], [55.2087358, 25.0573294]]]}}, {"type": "Feature", "properties": {"status": "existing", "bHeight": 12.0, "name": "", "levels": ""}, "geometry": {"type": "Polygon", "coordinates": [[[55.2085882, 25.0574308], [55.2084871, 25.0572899], [55.2085657, 25.0572436], [55.2086554, 25.0573686], [55.2086165, 25.0573915], [55.2086279, 25.0574074], [55.2085882, 25.0574308]]]}}, {"type": "Feature", "properties": {"status": "existing", "bHeight": 12.0, "name": "", "levels": ""}, "geometry": {"type": "Polygon", "coordinates": [[[55.208417, 25.0575116], [55.2083503, 25.0573655], [55.208439, 25.0573323], [55.2084973, 25.05746], [55.2084553, 25.0574757], [55.2084637, 25.0574941], [55.208417, 25.0575116]]]}}, {"type": "Feature", "properties": {"status": "existing", "bHeight": 12.0, "name": "", "levels": ""}, "geometry": {"type": "Polygon", "coordinates": [[[55.2082478, 25.0575625], [55.2082062, 25.0574001], [55.2082978, 25.0573808], [55.2083347, 25.057525], [55.2082884, 25.0575347], [55.2082931, 25.057553], [55.2082478, 25.0575625]]]}}, {"type": "Feature", "properties": {"status": "existing", "bHeight": 12.0, "name": "", "levels": ""}, "geometry": {"type": "Polygon", "coordinates": [[[55.208064, 25.0575827], [55.2080547, 25.0574215], [55.2081454, 25.0574172], [55.2081535, 25.0575564], [55.2081061, 25.0575586], [55.2081073, 25.0575807], [55.208064, 25.0575827]]]}}, {"type": "Feature", "properties": {"status": "existing", "bHeight": 12.0, "name": "", "levels": ""}, "geometry": {"type": "Polygon", "coordinates": [[[55.2078924, 25.0575864], [55.2079008, 25.0574166], [55.2079984, 25.0574206], [55.207991, 25.0575705], [55.2079426, 25.0575685], [55.2079416, 25.0575884], [55.2078924, 25.0575864]]]}}, {"type": "Feature", "properties": {"status": "existing", "bHeight": 12.0, "name": "", "levels": ""}, "geometry": {"type": "Polygon", "coordinates": [[[55.207719, 25.05756], [55.2077681, 25.0573889], [55.207862, 25.0574111], [55.2078192, 25.0575602], [55.2077737, 25.0575495], [55.2077674, 25.0575714], [55.207719, 25.05756]]]}}, {"type": "Feature", "properties": {"status": "existing", "bHeight": 12.0, "name": "", "levels": ""}, "geometry": {"type": "Polygon", "coordinates": [[[55.2090898, 25.0571671], [55.2092561, 25.0572583], [55.2093073, 25.0571816], [55.2091771, 25.0571102], [55.2091545, 25.057144], [55.2091185, 25.0571242], [55.2090898, 25.0571671]]]}}, {"type": "Feature", "properties": {"status": "existing", "bHeight": 12.0, "name": "", "levels": ""}, "geometry": {"type": "Polygon", "coordinates": [[[55.2090152, 25.0572757], [55.2091782, 25.057377], [55.2092295, 25.0573093], [55.2091059, 25.0572325], [55.2090875, 25.0572569], [55.209048, 25.0572323], [55.2090152, 25.0572757]]]}}, {"type": "Feature", "properties": {"status": "existing", "bHeight": 12.0, "name": "", "levels": ""}, "geometry": {"type": "Polygon", "coordinates": [[[55.2089319, 25.0573761], [55.209071, 25.057496], [55.209139, 25.0574313], [55.209029, 25.0573364], [55.2089964, 25.0573674], [55.2089673, 25.0573424], [55.2089319, 25.0573761]]]}}, {"type": "Feature", "properties": {"status": "existing", "bHeight": 12.0, "name": "", "levels": ""}, "geometry": {"type": "Polygon", "coordinates": [[[55.2088371, 25.0574562], [55.208963, 25.0575864], [55.2090354, 25.0575289], [55.2089353, 25.0574254], [55.2089024, 25.0574516], [55.2088766, 25.0574248], [55.2088371, 25.0574562]]]}}, {"type": "Feature", "properties": {"status": "existing", "bHeight": 12.0, "name": "", "levels": ""}, "geometry": {"type": "Polygon", "coordinates": [[[55.2087277, 25.0575321], [55.2088398, 25.0576786], [55.2089157, 25.0576309], [55.2088264, 25.0575142], [55.2087881, 25.0575382], [55.2087653, 25.0575085], [55.2087277, 25.0575321]]]}}, {"type": "Feature", "properties": {"status": "existing", "bHeight": 12.0, "name": "", "levels": ""}, "geometry": {"type": "Polygon", "coordinates": [[[55.2086073, 25.0576056], [55.2086978, 25.0577592], [55.2087822, 25.0577184], [55.2087125, 25.0576002], [55.2086716, 25.05762], [55.2086508, 25.0575846], [55.2086073, 25.0576056]]]}}, {"type": "Feature", "properties": {"status": "existing", "bHeight": 12.0, "name": "", "levels": ""}, "geometry": {"type": "Polygon", "coordinates": [[[55.2084938, 25.0576584], [55.2085697, 25.0578185], [55.2086547, 25.0577855], [55.2085929, 25.0576552], [55.208556, 25.0576696], [55.2085418, 25.0576397], [55.2084938, 25.0576584]]]}}, {"type": "Feature", "properties": {"status": "existing", "bHeight": 12.0, "name": "", "levels": ""}, "geometry": {"type": "Polygon", "coordinates": [[[55.2083652, 25.0576971], [55.20842, 25.0578636], [55.2085084, 25.0578397], [55.2084638, 25.0577043], [55.2084239, 25.057715], [55.2084137, 25.057684], [55.2083652, 25.0576971]]]}}, {"type": "Feature", "properties": {"status": "existing", "bHeight": 12.0, "name": "", "levels": ""}, "geometry": {"type": "Polygon", "coordinates": [[[55.2082379, 25.0577269], [55.2082681, 25.0578989], [55.2083601, 25.0578857], [55.208336, 25.0577487], [55.208293, 25.0577549], [55.2082869, 25.0577199], [55.2082379, 25.0577269]]]}}, {"type": "Feature", "properties": {"status": "existing", "bHeight": 12.0, "name": "", "levels": ""}, "geometry": {"type": "Polygon", "coordinates": [[[55.2081032, 25.0577434], [55.2081157, 25.0579241], [55.2082082, 25.0579188], [55.2081976, 25.0577664], [55.2081528, 25.0577689], [55.2081508, 25.0577407], [55.2081032, 25.0577434]]]}}, {"type": "Feature", "properties": {"status": "existing", "bHeight": 12.0, "name": "", "levels": ""}, "geometry": {"type": "Polygon", "coordinates": [[[55.2079617, 25.0577469], [55.2079561, 25.057926], [55.2080534, 25.0579285], [55.2080583, 25.0577724], [55.2080127, 25.0577712], [55.2080134, 25.0577483], [55.2079617, 25.0577469]]]}}, {"type": "Feature", "properties": {"status": "existing", "bHeight": 12.0, "name": "", "levels": ""}, "geometry": {"type": "Polygon", "coordinates": [[[55.2078186, 25.0577406], [55.2077997, 25.057921], [55.2078919, 25.0579289], [55.2079077, 25.0577778], [55.2078695, 25.0577745], [55.2078726, 25.0577452], [55.2078186, 25.0577406]]]}}, {"type": "Feature", "properties": {"status": "existing", "bHeight": 12.0, "name": "", "levels": ""}, "geometry": {"type": "Polygon", "coordinates": [[[55.2076818, 25.0577175], [55.2076466, 25.0578936], [55.2077391, 25.0579088], [55.2077681, 25.0577638], [55.207735, 25.0577584], [55.2077412, 25.0577273], [55.2076818, 25.0577175]]]}}, {"type": "Feature", "properties": {"status": "existing", "bHeight": 12.0, "name": "", "levels": ""}, "geometry": {"type": "Polygon", "coordinates": [[[55.209344, 25.0572548], [55.2093864, 25.0572747], [55.2094114, 25.0572311], [55.209369, 25.0572112], [55.209344, 25.0572548]]]}}, {"type": "Feature", "properties": {"status": "existing", "bHeight": 12.0, "name": "", "levels": ""}, "geometry": {"type": "Polygon", "coordinates": [[[55.2094518, 25.0571236], [55.2094577, 25.0570977], [55.2094818, 25.0571023], [55.2094758, 25.0571281], [55.2094518, 25.0571236]]]}}, {"type": "Feature", "properties": {"status": "existing", "bHeight": 12.0, "name": "", "levels": ""}, "geometry": {"type": "Polygon", "coordinates": [[[55.2064775, 25.0559936], [55.2065056, 25.0559457], [55.2065421, 25.0559632], [55.206514, 25.0560111], [55.2064775, 25.0559936]]]}}, {"type": "Feature", "properties": {"status": "existing", "bHeight": 12.0, "name": "", "levels": ""}, "geometry": {"type": "Polygon", "coordinates": [[[55.2065107, 25.0560747], [55.2065253, 25.05605], [55.206555, 25.0560643], [55.2065403, 25.0560891], [55.2065107, 25.0560747]]]}}, {"type": "Feature", "properties": {"status": "existing", "bHeight": 12.0, "name": "", "levels": ""}, "geometry": {"type": "Polygon", "coordinates": [[[55.2077646, 25.0551454], [55.2077592, 25.0551107], [55.2078029, 25.0551051], [55.2078084, 25.0551398], [55.2077646, 25.0551454]]]}}, {"type": "Feature", "properties": {"status": "existing", "bHeight": 12.0, "name": "", "levels": ""}, "geometry": {"type": "Polygon", "coordinates": [[[55.2086447, 25.0552662], [55.2086581, 25.0552419], [55.2086983, 25.0552601], [55.2086849, 25.0552844], [55.2086447, 25.0552662]]]}}, {"type": "Feature", "properties": {"status": "existing", "bHeight": 12.0, "name": "", "levels": ""}, "geometry": {"type": "Polygon", "coordinates": [[[55.2054396, 25.0554691], [55.205433, 25.0554873], [55.2053904, 25.0554739], [55.2053966, 25.0554548], [55.2054396, 25.0554691]]]}}, {"type": "Feature", "properties": {"status": "existing", "bHeight": 12.0, "name": "", "levels": ""}, "geometry": {"type": "Polygon", "coordinates": [[[55.2105914, 25.0481907], [55.2106039, 25.0481016], [55.2106306, 25.0481047], [55.210618, 25.0481938], [55.2105914, 25.0481907]]]}}, {"type": "Feature", "properties": {"status": "existing", "bHeight": 12.0, "name": "", "levels": ""}, "geometry": {"type": "Polygon", "coordinates": [[[55.2180156, 25.0660719], [55.2181193, 25.0658044], [55.2180272, 25.0657763], [55.217919, 25.0660432], [55.2180156, 25.0660719]]]}}, {"type": "Feature", "properties": {"status": "existing", "bHeight": 12.0, "name": "", "levels": ""}, "geometry": {"type": "Polygon", "coordinates": [[[55.2185184, 25.0661204], [55.2184975, 25.0661133], [55.2182088, 25.0660147], [55.2182654, 25.0658788], [55.2185437, 25.0659739], [55.2185252, 25.0660184], [55.2185376, 25.066023], [55.2185565, 25.0660291], [55.2185184, 25.0661204]]]}}, {"type": "Feature", "properties": {"status": "existing", "bHeight": 12.0, "name": "", "levels": ""}, "geometry": {"type": "Polygon", "coordinates": [[[55.2060591, 25.0531679], [55.2059718, 25.0527697], [55.2063979, 25.0526168], [55.2064642, 25.0528606], [55.2062776, 25.0529052], [55.2063055, 25.0531007], [55.2060591, 25.0531679]]]}}, {"type": "Feature", "properties": {"status": "existing", "bHeight": 3.2, "name": "", "levels": "1"}, "geometry": {"type": "Polygon", "coordinates": [[[55.2007239, 25.0563246], [55.2008392, 25.0560221], [55.2006906, 25.0559756], [55.2005753, 25.0562781], [55.2007239, 25.0563246]]]}}, {"type": "Feature", "properties": {"status": "existing", "bHeight": 3.2, "name": "", "levels": "1"}, "geometry": {"type": "Polygon", "coordinates": [[[55.2005924, 25.056649], [55.2006903, 25.0563623], [55.2005362, 25.0563191], [55.2004383, 25.0566058], [55.2005924, 25.056649]]]}}, {"type": "Feature", "properties": {"status": "existing", "bHeight": 3.2, "name": "", "levels": "1"}, "geometry": {"type": "Polygon", "coordinates": [[[55.2004959, 25.0568871], [55.2005723, 25.0566794], [55.2004234, 25.0566344], [55.200347, 25.0568422], [55.2004959, 25.0568871]]]}}, {"type": "Feature", "properties": {"status": "existing", "bHeight": 3.2, "name": "", "levels": "1"}, "geometry": {"type": "Polygon", "coordinates": [[[55.2005094, 25.0553972], [55.2006747, 25.0549645], [55.2004111, 25.0548819], [55.2002458, 25.0553146], [55.2005094, 25.0553972]]]}}, {"type": "Feature", "properties": {"status": "existing", "bHeight": 3.2, "name": "", "levels": "1"}, "geometry": {"type": "Polygon", "coordinates": [[[55.2006459, 25.0579706], [55.2005379, 25.0575298], [55.2004157, 25.0575544], [55.2005237, 25.0579952], [55.2006459, 25.0579706]]]}}, {"type": "Feature", "properties": {"status": "existing", "bHeight": 3.2, "name": "", "levels": "1"}, "geometry": {"type": "Polygon", "coordinates": [[[55.2005379, 25.0575298], [55.2004417, 25.0571372], [55.2003195, 25.0571618], [55.2004157, 25.0575544], [55.2005379, 25.0575298]]]}}, {"type": "Feature", "properties": {"status": "existing", "bHeight": 3.2, "name": "", "levels": "1"}, "geometry": {"type": "Polygon", "coordinates": [[[55.2006098, 25.0581482], [55.2007778, 25.0581137], [55.2007527, 25.0580137], [55.2005848, 25.0580482], [55.2006098, 25.0581482]]]}}, {"type": "Feature", "properties": {"status": "existing", "bHeight": 3.2, "name": "", "levels": "1"}, "geometry": {"type": "Polygon", "coordinates": [[[55.2006442, 25.0583626], [55.2008111, 25.0583304], [55.2007871, 25.0582281], [55.2006202, 25.0582603], [55.2006442, 25.0583626]]]}}, {"type": "Feature", "properties": {"status": "existing", "bHeight": 3.2, "name": "", "levels": "1"}, "geometry": {"type": "Polygon", "coordinates": [[[55.2007037, 25.0584924], [55.2008628, 25.0584588], [55.2008371, 25.0583588], [55.2006779, 25.0583924], [55.2007037, 25.0584924]]]}}, {"type": "Feature", "properties": {"status": "existing", "bHeight": 3.2, "name": "", "levels": "1"}, "geometry": {"type": "Polygon", "coordinates": [[[55.2007788, 25.0586898], [55.2009427, 25.0586482], [55.2009021, 25.0585173], [55.2008283, 25.0585361], [55.2008365, 25.0585627], [55.2007465, 25.0585855], [55.2007788, 25.0586898]]]}}, {"type": "Feature", "properties": {"status": "existing", "bHeight": 3.2, "name": "", "levels": "1"}, "geometry": {"type": "Polygon", "coordinates": [[[55.2009444, 25.0591437], [55.2011065, 25.0590966], [55.2010692, 25.0589913], [55.2009071, 25.0590384], [55.2009444, 25.0591437]]]}}, {"type": "Feature", "properties": {"status": "existing", "bHeight": 3.2, "name": "", "levels": "1"}, "geometry": {"type": "Polygon", "coordinates": [[[55.2010257, 25.058942], [55.2009202, 25.058672], [55.2007815, 25.0587165], [55.200887, 25.0589865], [55.2010257, 25.058942]]]}}, {"type": "Feature", "properties": {"status": "existing", "bHeight": 3.2, "name": "", "levels": "1"}, "geometry": {"type": "Polygon", "coordinates": [[[55.2005021, 25.0595468], [55.2002621, 25.0589297], [55.2001783, 25.0589564], [55.2001231, 25.0589741], [55.2003631, 25.0595912], [55.2005021, 25.0595468]]]}}, {"type": "Feature", "properties": {"status": "existing", "bHeight": 3.2, "name": "", "levels": "1"}, "geometry": {"type": "Polygon", "coordinates": [[[55.2015722, 25.0600815], [55.2011887, 25.0594093], [55.201062, 25.0594686], [55.2014455, 25.0601408], [55.2015722, 25.0600815]]]}}, {"type": "Feature", "properties": {"status": "existing", "bHeight": 3.2, "name": "", "levels": "1"}, "geometry": {"type": "Polygon", "coordinates": [[[55.2013536, 25.059415], [55.2016672, 25.0591733], [55.2015688, 25.0590647], [55.2012921, 25.0592761], [55.2013536, 25.059415]]]}}, {"type": "Feature", "properties": {"status": "existing", "bHeight": 3.2, "name": "", "levels": "1"}, "geometry": {"type": "Polygon", "coordinates": [[[55.2023086, 25.0594317], [55.2017616, 25.0588655], [55.2016506, 25.0589535], [55.2021976, 25.0595197], [55.2023086, 25.0594317]]]}}, {"type": "Feature", "properties": {"status": "existing", "bHeight": 3.2, "name": "", "levels": "1"}, "geometry": {"type": "Polygon", "coordinates": [[[55.1985178, 25.056537], [55.1986126, 25.0568882], [55.1988463, 25.0568365], [55.1988286, 25.056771], [55.1987467, 25.0567891], [55.1987105, 25.056655], [55.1990546, 25.0565788], [55.1990884, 25.0567041], [55.1990007, 25.0567236], [55.1990205, 25.0567972], [55.1992667, 25.0567426], [55.199172, 25.056392], [55.1985178, 25.056537]]]}}, {"type": "Feature", "properties": {"status": "existing", "bHeight": 17.0, "name": "", "levels": "5"}, "geometry": {"type": "Polygon", "coordinates": [[[55.1987247, 25.0573299], [55.1994043, 25.0571707], [55.1993057, 25.0568251], [55.199145, 25.0568627], [55.1991842, 25.0570001], [55.1988277, 25.0570836], [55.1987874, 25.0569422], [55.198625, 25.0569803], [55.1987247, 25.0573299]]]}}, {"type": "Feature", "properties": {"status": "existing", "bHeight": 3.2, "name": "", "levels": "1"}, "geometry": {"type": "Polygon", "coordinates": [[[55.1984546, 25.0569233], [55.1983531, 25.0565845], [55.1982315, 25.0566145], [55.198333, 25.0569532], [55.1984546, 25.0569233]]]}}, {"type": "Feature", "properties": {"status": "existing", "bHeight": 10.2, "name": "", "levels": "3"}, "geometry": {"type": "Polygon", "coordinates": [[[55.1985699, 25.0573135], [55.1984674, 25.0569623], [55.1983492, 25.0569906], [55.1984517, 25.0573418], [55.1985699, 25.0573135]]]}}, {"type": "Feature", "properties": {"status": "existing", "bHeight": 3.2, "name": "", "levels": "1"}, "geometry": {"type": "Polygon", "coordinates": [[[55.1984346, 25.0563234], [55.1990005, 25.0561825], [55.1991347, 25.0558593], [55.1989483, 25.055852], [55.1988718, 25.0560403], [55.1985929, 25.0561059], [55.198522, 25.0558085], [55.1983126, 25.055835], [55.1984346, 25.0563234]]]}}, {"type": "Feature", "properties": {"status": "existing", "bHeight": 3.2, "name": "", "levels": "1"}, "geometry": {"type": "Polygon", "coordinates": [[[55.1994042, 25.0558896], [55.1995216, 25.055606], [55.1994147, 25.0555697], [55.1992973, 25.0558533], [55.1994042, 25.0558896]]]}}, {"type": "Feature", "properties": {"status": "existing", "bHeight": 3.2, "name": "", "levels": "1"}, "geometry": {"type": "Polygon", "coordinates": [[[55.1992771, 25.0562063], [55.199378, 25.0559234], [55.199281, 25.055895], [55.1991801, 25.0561779], [55.1992771, 25.0562063]]]}}, {"type": "Feature", "properties": {"status": "existing", "bHeight": 3.2, "name": "", "levels": "1"}, "geometry": {"type": "Polygon", "coordinates": [[[55.1996161, 25.0568851], [55.1995164, 25.0565038], [55.199392, 25.0565305], [55.1994917, 25.0569118], [55.1996161, 25.0568851]]]}}, {"type": "Feature", "properties": {"status": "existing", "bHeight": 3.2, "name": "", "levels": "1"}, "geometry": {"type": "Polygon", "coordinates": [[[55.1996639, 25.057068], [55.1996161, 25.0568851], [55.1994917, 25.0569118], [55.1995395, 25.0570947], [55.1996639, 25.057068]]]}}, {"type": "Feature", "properties": {"status": "existing", "bHeight": 3.2, "name": "", "levels": "1"}, "geometry": {"type": "Polygon", "coordinates": [[[55.198178, 25.0537819], [55.1983724, 25.0531363], [55.1979065, 25.0530212], [55.1979018, 25.0530366], [55.1977243, 25.0536265], [55.1977121, 25.0536668], [55.198178, 25.0537819]]]}}, {"type": "Feature", "properties": {"status": "existing", "bHeight": 112.2, "name": "", "levels": "33"}, "geometry": {"type": "Polygon", "coordinates": [[[55.1977243, 25.0536265], [55.1979018, 25.0530366], [55.1976661, 25.0529811], [55.1975092, 25.053557], [55.1977243, 25.0536265]]]}}, {"type": "Feature", "properties": {"status": "existing", "bHeight": 17.0, "name": "", "levels": "5"}, "geometry": {"type": "Polygon", "coordinates": [[[55.1997378, 25.0525255], [55.198989, 25.0522759], [55.1989119, 25.0523279], [55.1987442, 25.0527806], [55.1988409, 25.0528104], [55.1994533, 25.052999], [55.199536, 25.0530244], [55.1997378, 25.0525255]]]}}, {"type": "Feature", "properties": {"status": "existing", "bHeight": 132.6, "name": "Ghalia", "levels": "39"}, "geometry": {"type": "Polygon", "coordinates": [[[55.1988409, 25.0528104], [55.1987657, 25.0530178], [55.1993823, 25.0532012], [55.1994533, 25.052999], [55.1988409, 25.0528104]]]}}, {"type": "Feature", "properties": {"status": "existing", "bHeight": 68.0, "name": "The Residence VI", "levels": "20"}, "geometry": {"type": "Polygon", "coordinates": [[[55.1999863, 25.0534878], [55.2001158, 25.0530808], [55.1997019, 25.0529727], [55.1995724, 25.0533796], [55.1999863, 25.0534878]]]}}, {"type": "Feature", "properties": {"status": "existing", "bHeight": 68.0, "name": "Grand Heights", "levels": "20"}, "geometry": {"type": "Polygon", "coordinates": [[[55.2004103, 25.053577], [55.2005339, 25.0532058], [55.2001328, 25.0530961], [55.2000091, 25.0534673], [55.2004103, 25.053577]]]}}, {"type": "Feature", "properties": {"status": "existing", "bHeight": 68.0, "name": "", "levels": "20"}, "geometry": {"type": "Polygon", "coordinates": [[[55.200505, 25.053176], [55.2006558, 25.0527715], [55.2002721, 25.0526541], [55.2001213, 25.0530586], [55.200505, 25.053176]]]}}, {"type": "Feature", "properties": {"status": "existing", "bHeight": 85.0, "name": "", "levels": "25"}, "geometry": {"type": "Polygon", "coordinates": [[[55.2012187, 25.0528257], [55.2013112, 25.0525863], [55.2010438, 25.0525015], [55.2009513, 25.0527408], [55.2012187, 25.0528257]]]}}, {"type": "Feature", "properties": {"status": "existing", "bHeight": 68.0, "name": "", "levels": "20"}, "geometry": {"type": "Polygon", "coordinates": [[[55.2015781, 25.0529326], [55.2016868, 25.0526519], [55.2014283, 25.0525698], [55.2013197, 25.0528505], [55.2015781, 25.0529326]]]}}, {"type": "Feature", "properties": {"status": "existing", "bHeight": 3.2, "name": "", "levels": "1"}, "geometry": {"type": "Polygon", "coordinates": [[[55.2032912, 25.050465], [55.2036294, 25.050259], [55.2035388, 25.050137], [55.2032007, 25.0503429], [55.2032912, 25.050465]]]}}, {"type": "Feature", "properties": {"status": "existing", "bHeight": 3.2, "name": "", "levels": "1"}, "geometry": {"type": "Polygon", "coordinates": [[[55.2030379, 25.0506264], [55.2032602, 25.0504765], [55.2031695, 25.0503662], [55.2029472, 25.050516], [55.2030379, 25.0506264]]]}}, {"type": "Feature", "properties": {"status": "existing", "bHeight": 3.2, "name": "", "levels": "1"}, "geometry": {"type": "Polygon", "coordinates": [[[55.2026892, 25.0508708], [55.2030134, 25.0506445], [55.2029152, 25.0505291], [55.202591, 25.0507554], [55.2026892, 25.0508708]]]}}, {"type": "Feature", "properties": {"status": "existing", "bHeight": 3.2, "name": "", "levels": "1"}, "geometry": {"type": "Polygon", "coordinates": [[[55.2031018, 25.0513309], [55.2032864, 25.0511962], [55.2032401, 25.0511442], [55.2032074, 25.0511681], [55.2031868, 25.0511449], [55.2030821, 25.0512213], [55.2031095, 25.0512521], [55.2030623, 25.0512865], [55.2031018, 25.0513309]]]}}, {"type": "Feature", "properties": {"status": "existing", "bHeight": 3.2, "name": "", "levels": "1"}, "geometry": {"type": "Polygon", "coordinates": [[[55.2032554, 25.0514187], [55.203376, 25.0513342], [55.2033345, 25.0512855], [55.2033002, 25.0513095], [55.2032656, 25.0512689], [55.2031612, 25.051342], [55.2032041, 25.0513923], [55.2032221, 25.0513797], [55.2032554, 25.0514187]]]}}, {"type": "Feature", "properties": {"status": "existing", "bHeight": 3.2, "name": "", "levels": "1"}, "geometry": {"type": "Polygon", "coordinates": [[[55.2033255, 25.0515471], [55.2034519, 25.0514491], [55.2033753, 25.0513679], [55.2032679, 25.0514511], [55.2033037, 25.051489], [55.2032847, 25.0515038], [55.2033255, 25.0515471]]]}}, {"type": "Feature", "properties": {"status": "existing", "bHeight": 3.2, "name": "", "levels": "1"}, "geometry": {"type": "Polygon", "coordinates": [[[55.2035574, 25.0518925], [55.2036868, 25.0517916], [55.2036167, 25.0517177], [55.2034872, 25.0518186], [55.2035574, 25.0518925]]]}}, {"type": "Feature", "properties": {"status": "existing", "bHeight": 3.2, "name": "", "levels": "1"}, "geometry": {"type": "Polygon", "coordinates": [[[55.2045956, 25.0515585], [55.2049671, 25.0514941], [55.2049358, 25.051346], [55.2045643, 25.0514104], [55.2045956, 25.0515585]]]}}, {"type": "Feature", "properties": {"status": "existing", "bHeight": 3.2, "name": "", "levels": "1"}, "geometry": {"type": "Polygon", "coordinates": [[[55.2050301, 25.0514856], [55.2053963, 25.0514163], [55.2053619, 25.0512674], [55.2049958, 25.0513367], [55.2050301, 25.0514856]]]}}, {"type": "Feature", "properties": {"status": "existing", "bHeight": 3.2, "name": "", "levels": "1"}, "geometry": {"type": "Polygon", "coordinates": [[[55.2048029, 25.0511664], [55.2045498, 25.050735], [55.2044396, 25.0507881], [55.2044104, 25.0507385], [55.2043261, 25.0507791], [55.2046084, 25.0512601], [55.2048029, 25.0511664]]]}}, {"type": "Feature", "properties": {"status": "existing", "bHeight": 3.2, "name": "", "levels": "1"}, "geometry": {"type": "Polygon", "coordinates": [[[55.2041611, 25.050736], [55.204723, 25.0504675], [55.2046576, 25.0503552], [55.2040957, 25.0506237], [55.2041611, 25.050736]]]}}, {"type": "Feature", "properties": {"status": "existing", "bHeight": 3.2, "name": "", "levels": "1"}, "geometry": {"type": "Polygon", "coordinates": [[[55.2047887, 25.0504468], [55.2051468, 25.0502962], [55.2050902, 25.0501857], [55.2047321, 25.0503364], [55.2047887, 25.0504468]]]}}, {"type": "Feature", "properties": {"status": "existing", "bHeight": 3.2, "name": "Belgravia 2", "levels": "1"}, "geometry": {"type": "Polygon", "coordinates": [[[55.2041061, 25.0499985], [55.2047954, 25.049781], [55.2047057, 25.0493605], [55.2045138, 25.0494032], [55.2045795, 25.0496862], [55.2042147, 25.0497919], [55.2041155, 25.0495174], [55.2039747, 25.0495707], [55.2041061, 25.0499985]]]}}, {"type": "Feature", "properties": {"status": "existing", "bHeight": 3.2, "name": "", "levels": "1"}, "geometry": {"type": "Polygon", "coordinates": [[[55.2039317, 25.0494554], [55.2046506, 25.0492367], [55.2045893, 25.0490713], [55.2038704, 25.04929], [55.2039317, 25.0494554]]]}}, {"type": "Feature", "properties": {"status": "existing", "bHeight": 3.2, "name": "", "levels": "1"}, "geometry": {"type": "Polygon", "coordinates": [[[55.204988, 25.0493076], [55.2049144, 25.0489956], [55.2047678, 25.049024], [55.2048414, 25.049336], [55.204988, 25.0493076]]]}}, {"type": "Feature", "properties": {"status": "existing", "bHeight": 3.2, "name": "", "levels": "1"}, "geometry": {"type": "Polygon", "coordinates": [[[55.2050675, 25.0496818], [55.2049938, 25.0493695], [55.2048519, 25.049397], [55.2049256, 25.0497093], [55.2050675, 25.0496818]]]}}, {"type": "Feature", "properties": {"status": "existing", "bHeight": 3.2, "name": "", "levels": "1"}, "geometry": {"type": "Polygon", "coordinates": [[[55.204764, 25.0483171], [55.2047099, 25.0480279], [55.2045736, 25.0480489], [55.2046277, 25.048338], [55.204764, 25.0483171]]]}}, {"type": "Feature", "properties": {"status": "existing", "bHeight": 3.2, "name": "", "levels": "1"}, "geometry": {"type": "Polygon", "coordinates": [[[55.2048686, 25.0487397], [55.204797, 25.0483963], [55.2046463, 25.0484221], [55.2047179, 25.0487655], [55.2048686, 25.0487397]]]}}, {"type": "Feature", "properties": {"status": "existing", "bHeight": 3.2, "name": "", "levels": "1"}, "geometry": {"type": "Polygon", "coordinates": [[[55.204321, 25.0478354], [55.2042542, 25.047641], [55.2034855, 25.047858], [55.2034053, 25.0476246], [55.2042192, 25.0473948], [55.2041616, 25.0472273], [55.2031446, 25.0475143], [55.2033494, 25.0481097], [55.204321, 25.0478354]]]}}, {"type": "Feature", "properties": {"status": "existing", "bHeight": 3.2, "name": "", "levels": "1"}, "geometry": {"type": "Polygon", "coordinates": [[[55.2021029, 25.0481852], [55.2021584, 25.0480898], [55.2020172, 25.0480225], [55.2019618, 25.0481179], [55.2021029, 25.0481852]]]}}, {"type": "Feature", "properties": {"status": "existing", "bHeight": 3.2, "name": "", "levels": "1"}, "geometry": {"type": "Polygon", "coordinates": [[[55.202188, 25.048057], [55.202239, 25.0479645], [55.2020814, 25.0478933], [55.2020305, 25.0479858], [55.202188, 25.048057]]]}}, {"type": "Feature", "properties": {"status": "existing", "bHeight": 3.2, "name": "", "levels": "1"}, "geometry": {"type": "Polygon", "coordinates": [[[55.2023377, 25.0478087], [55.2023942, 25.0477101], [55.2022408, 25.047638], [55.2021843, 25.0477365], [55.2023377, 25.0478087]]]}}, {"type": "Feature", "properties": {"status": "existing", "bHeight": 3.2, "name": "", "levels": "1"}, "geometry": {"type": "Polygon", "coordinates": [[[55.202367, 25.0476811], [55.2024381, 25.0475745], [55.2022918, 25.0474944], [55.2022207, 25.0476011], [55.202367, 25.0476811]]]}}, {"type": "Feature", "properties": {"status": "existing", "bHeight": 3.2, "name": "", "levels": "1"}, "geometry": {"type": "Polygon", "coordinates": [[[55.2026982, 25.0473443], [55.2028406, 25.0473004], [55.2027861, 25.047155], [55.2026436, 25.0471989], [55.2026982, 25.0473443]]]}}, {"type": "Feature", "properties": {"status": "existing", "bHeight": 3.2, "name": "", "levels": "1"}, "geometry": {"type": "Polygon", "coordinates": [[[55.2025632, 25.0474404], [55.2026834, 25.047362], [55.2025778, 25.0472292], [55.2024576, 25.0473077], [55.2025632, 25.0474404]]]}}, {"type": "Feature", "properties": {"status": "existing", "bHeight": 3.2, "name": "", "levels": "1"}, "geometry": {"type": "Polygon", "coordinates": [[[55.2078797, 25.0475749], [55.2079008, 25.047735], [55.2081762, 25.0477054], [55.2082342, 25.0481477], [55.2080372, 25.0481689], [55.2080592, 25.0483368], [55.2082673, 25.0483144], [55.2082889, 25.0484796], [55.2084921, 25.0484577], [55.2083694, 25.0475222], [55.2078797, 25.0475749]]]}}, {"type": "Feature", "properties": {"status": "existing", "bHeight": 3.2, "name": "aljaziah building", "levels": "1"}, "geometry": {"type": "Polygon", "coordinates": [[[55.2126669, 25.0492762], [55.2125132, 25.0491788], [55.2124833, 25.0492176], [55.2123961, 25.0491623], [55.2124139, 25.0491392], [55.2122923, 25.0490622], [55.2121625, 25.0492303], [55.2121798, 25.0492413], [55.21213, 25.0493058], [55.2120892, 25.04928], [55.2120308, 25.0493556], [55.2121227, 25.0494138], [55.2121012, 25.0494417], [55.212178, 25.0494903], [55.2123042, 25.0493269], [55.2125185, 25.0494411], [55.2126669, 25.0492762]]]}}, {"type": "Feature", "properties": {"status": "existing", "bHeight": 78.2, "name": "", "levels": "23"}, "geometry": {"type": "Polygon", "coordinates": [[[55.2133938, 25.0481683], [55.2130664, 25.0480129], [55.2128532, 25.0483813], [55.2131807, 25.0485367], [55.2133938, 25.0481683]]]}}, {"type": "Feature", "properties": {"status": "existing", "bHeight": 3.2, "name": "", "levels": "1"}, "geometry": {"type": "Polygon", "coordinates": [[[55.2117612, 25.0480466], [55.2113875, 25.0478709], [55.2113122, 25.0480024], [55.211686, 25.048178], [55.2117612, 25.0480466]]]}}, {"type": "Feature", "properties": {"status": "existing", "bHeight": 3.2, "name": "", "levels": "1"}, "geometry": {"type": "Polygon", "coordinates": [[[55.2122171, 25.0482465], [55.2117777, 25.0480532], [55.2117109, 25.0481777], [55.2121504, 25.048371], [55.2122171, 25.0482465]]]}}, {"type": "Feature", "properties": {"status": "existing", "bHeight": 3.2, "name": "", "levels": "1"}, "geometry": {"type": "Polygon", "coordinates": [[[55.2127001, 25.0484788], [55.2122668, 25.0482731], [55.2121956, 25.0483962], [55.2126289, 25.0486019], [55.2127001, 25.0484788]]]}}, {"type": "Feature", "properties": {"status": "existing", "bHeight": 78.2, "name": "", "levels": "23"}, "geometry": {"type": "Polygon", "coordinates": [[[55.2124887, 25.0482239], [55.2127124, 25.0477991], [55.2123253, 25.0476317], [55.2121015, 25.0480565], [55.2124887, 25.0482239]]]}}, {"type": "Feature", "properties": {"status": "existing", "bHeight": 68.0, "name": "", "levels": "20"}, "geometry": {"type": "Polygon", "coordinates": [[[55.21538, 25.0491424], [55.2147295, 25.0488022], [55.2144745, 25.0492025], [55.215125, 25.0495427], [55.21538, 25.0491424]]]}}, {"type": "Feature", "properties": {"status": "existing", "bHeight": 85.0, "name": "", "levels": "25"}, "geometry": {"type": "Polygon", "coordinates": [[[55.2156775, 25.0493185], [55.2154527, 25.0491909], [55.2152614, 25.0494677], [55.2154861, 25.0495952], [55.2156775, 25.0493185]]]}}, {"type": "Feature", "properties": {"status": "existing", "bHeight": 3.2, "name": "", "levels": "1"}, "geometry": {"type": "Polygon", "coordinates": [[[55.2181408, 25.0514397], [55.2179054, 25.0512366], [55.2178238, 25.0513143], [55.2180591, 25.0515174], [55.2181408, 25.0514397]]]}}, {"type": "Feature", "properties": {"status": "existing", "bHeight": 3.2, "name": "", "levels": "1"}, "geometry": {"type": "Polygon", "coordinates": [[[55.2184942, 25.0517008], [55.2181841, 25.0514436], [55.2181004, 25.0515265], [55.2184104, 25.0517837], [55.2184942, 25.0517008]]]}}, {"type": "Feature", "properties": {"status": "existing", "bHeight": 3.2, "name": "", "levels": "1"}, "geometry": {"type": "Polygon", "coordinates": [[[55.2187629, 25.051914], [55.2185328, 25.0517195], [55.2184483, 25.0518015], [55.2186784, 25.051996], [55.2187629, 25.051914]]]}}, {"type": "Feature", "properties": {"status": "existing", "bHeight": 3.2, "name": "", "levels": "1"}, "geometry": {"type": "Polygon", "coordinates": [[[55.2171476, 25.051075], [55.21712, 25.0512544], [55.2175678, 25.0513111], [55.2175955, 25.0511317], [55.2171476, 25.051075]]]}}, {"type": "Feature", "properties": {"status": "existing", "bHeight": 3.2, "name": "", "levels": "1"}, "geometry": {"type": "Polygon", "coordinates": [[[55.2167204, 25.0510802], [55.2167188, 25.0511877], [55.2170932, 25.0511921], [55.2170947, 25.0510846], [55.2167204, 25.0510802]]]}}, {"type": "Feature", "properties": {"status": "existing", "bHeight": 3.2, "name": "", "levels": "1"}, "geometry": {"type": "Polygon", "coordinates": [[[55.2155873, 25.056061], [55.2155122, 25.0558496], [55.2153724, 25.0558904], [55.2154475, 25.0561018], [55.2155873, 25.056061]]]}}, {"type": "Feature", "properties": {"status": "existing", "bHeight": 3.2, "name": "", "levels": "1"}, "geometry": {"type": "Polygon", "coordinates": [[[55.2151639, 25.0550119], [55.2153344, 25.0549819], [55.2153141, 25.054887], [55.2151436, 25.054917], [55.2151639, 25.0550119]]]}}, {"type": "Feature", "properties": {"status": "existing", "bHeight": 3.2, "name": "", "levels": "1"}, "geometry": {"type": "Polygon", "coordinates": [[[55.2152134, 25.0551465], [55.2153851, 25.0551112], [55.2153597, 25.0550096], [55.215188, 25.0550448], [55.2152134, 25.0551465]]]}}, {"type": "Feature", "properties": {"status": "existing", "bHeight": 3.2, "name": "", "levels": "1"}, "geometry": {"type": "Polygon", "coordinates": [[[55.2149043, 25.0542837], [55.2150025, 25.0542029], [55.2149044, 25.054105], [55.2148061, 25.0541857], [55.2149043, 25.0542837]]]}}, {"type": "Feature", "properties": {"status": "existing", "bHeight": 3.2, "name": "", "levels": "1"}, "geometry": {"type": "Polygon", "coordinates": [[[55.214785, 25.0543541], [55.2148549, 25.0542964], [55.2147678, 25.0542096], [55.2146978, 25.0542673], [55.214785, 25.0543541]]]}}, {"type": "Feature", "properties": {"status": "existing", "bHeight": 3.2, "name": "", "levels": "1"}, "geometry": {"type": "Polygon", "coordinates": [[[55.2147285, 25.0544006], [55.214785, 25.0543541], [55.2146978, 25.0542673], [55.2146413, 25.0543138], [55.2147285, 25.0544006]]]}}, {"type": "Feature", "properties": {"status": "existing", "bHeight": 3.2, "name": "", "levels": "1"}, "geometry": {"type": "Polygon", "coordinates": [[[55.2146395, 25.054474], [55.2147285, 25.0544006], [55.2146413, 25.0543138], [55.2145523, 25.0543872], [55.2146395, 25.054474]]]}}, {"type": "Feature", "properties": {"status": "existing", "bHeight": 3.2, "name": "", "levels": "1"}, "geometry": {"type": "Polygon", "coordinates": [[[55.2153239, 25.0545789], [55.2152639, 25.0544491], [55.2151996, 25.0544735], [55.2152596, 25.0546033], [55.2153239, 25.0545789]]]}}, {"type": "Feature", "properties": {"status": "existing", "bHeight": 3.2, "name": "", "levels": "1"}, "geometry": {"type": "Polygon", "coordinates": [[[55.2151703, 25.0546372], [55.2152596, 25.0546033], [55.2151996, 25.0544735], [55.2151103, 25.0545074], [55.2151703, 25.0546372]]]}}, {"type": "Feature", "properties": {"status": "existing", "bHeight": 3.2, "name": "", "levels": "1"}, "geometry": {"type": "Polygon", "coordinates": [[[55.2150947, 25.0546659], [55.2151703, 25.0546372], [55.2151103, 25.0545074], [55.2150347, 25.0545361], [55.2150947, 25.0546659]]]}}, {"type": "Feature", "properties": {"status": "existing", "bHeight": 3.2, "name": "", "levels": "1"}, "geometry": {"type": "Polygon", "coordinates": [[[55.2148812, 25.053768], [55.2149951, 25.0536768], [55.214892, 25.0535712], [55.2147782, 25.0536624], [55.2148812, 25.053768]]]}}, {"type": "Feature", "properties": {"status": "existing", "bHeight": 3.2, "name": "", "levels": "1"}, "geometry": {"type": "Polygon", "coordinates": [[[55.2146433, 25.0539585], [55.2148812, 25.053768], [55.2147782, 25.0536624], [55.2145402, 25.0538529], [55.2146433, 25.0539585]]]}}, {"type": "Feature", "properties": {"status": "existing", "bHeight": 3.2, "name": "", "levels": "1"}, "geometry": {"type": "Polygon", "coordinates": [[[55.214519, 25.0540581], [55.2146433, 25.0539585], [55.2145402, 25.0538529], [55.2144159, 25.0539525], [55.214519, 25.0540581]]]}}, {"type": "Feature", "properties": {"status": "existing", "bHeight": 3.2, "name": "", "levels": "1"}, "geometry": {"type": "Polygon", "coordinates": [[[55.2142867, 25.0542441], [55.214519, 25.0540581], [55.2144159, 25.0539525], [55.2141837, 25.0541385], [55.2142867, 25.0542441]]]}}, {"type": "Feature", "properties": {"status": "existing", "bHeight": 3.2, "name": "", "levels": "1"}, "geometry": {"type": "Polygon", "coordinates": [[[55.2141568, 25.0543481], [55.2142867, 25.0542441], [55.2141837, 25.0541385], [55.2140538, 25.0542425], [55.2141568, 25.0543481]]]}}, {"type": "Feature", "properties": {"status": "existing", "bHeight": 3.2, "name": "", "levels": "1"}, "geometry": {"type": "Polygon", "coordinates": [[[55.2140117, 25.0544657], [55.2141271, 25.0543769], [55.2140344, 25.0542782], [55.2139191, 25.054367], [55.2140117, 25.0544657]]]}}, {"type": "Feature", "properties": {"status": "existing", "bHeight": 3.2, "name": "", "levels": "1"}, "geometry": {"type": "Polygon", "coordinates": [[[55.2138309, 25.054605], [55.2140117, 25.0544657], [55.2139191, 25.054367], [55.2137382, 25.0545063], [55.2138309, 25.054605]]]}}, {"type": "Feature", "properties": {"status": "existing", "bHeight": 3.2, "name": "", "levels": "1"}, "geometry": {"type": "Polygon", "coordinates": [[[55.2137028, 25.0547036], [55.2138309, 25.054605], [55.2137382, 25.0545063], [55.2136102, 25.0546049], [55.2137028, 25.0547036]]]}}, {"type": "Feature", "properties": {"status": "existing", "bHeight": 3.2, "name": "", "levels": "1"}, "geometry": {"type": "Polygon", "coordinates": [[[55.2135283, 25.054838], [55.2137028, 25.0547036], [55.2136102, 25.0546049], [55.2134357, 25.0547393], [55.2135283, 25.054838]]]}}, {"type": "Feature", "properties": {"status": "existing", "bHeight": 3.2, "name": "", "levels": "1"}, "geometry": {"type": "Polygon", "coordinates": [[[55.2134019, 25.0549354], [55.2135283, 25.054838], [55.2134357, 25.0547393], [55.2133092, 25.0548367], [55.2134019, 25.0549354]]]}}, {"type": "Feature", "properties": {"status": "existing", "bHeight": 3.2, "name": "", "levels": "1"}, "geometry": {"type": "Polygon", "coordinates": [[[55.2132216, 25.0550743], [55.2134019, 25.0549354], [55.2133092, 25.0548367], [55.2131289, 25.0549756], [55.2132216, 25.0550743]]]}}, {"type": "Feature", "properties": {"status": "existing", "bHeight": 3.2, "name": "", "levels": "1"}, "geometry": {"type": "Polygon", "coordinates": [[[55.2130947, 25.055172], [55.2132216, 25.0550743], [55.2131289, 25.0549756], [55.2130021, 25.0550732], [55.2130947, 25.055172]]]}}, {"type": "Feature", "properties": {"status": "existing", "bHeight": 3.2, "name": "", "levels": "1"}, "geometry": {"type": "Polygon", "coordinates": [[[55.2127577, 25.0552812], [55.212915, 25.0552511], [55.2128855, 25.0551244], [55.2127282, 25.0551545], [55.2127577, 25.0552812]]]}}, {"type": "Feature", "properties": {"status": "existing", "bHeight": 3.2, "name": "platinum residence", "levels": "1"}, "geometry": {"type": "Polygon", "coordinates": [[[55.2118257, 25.0549655], [55.2121679, 25.0546658], [55.2118951, 25.0543536], [55.2117003, 25.0544934], [55.2118212, 25.0546318], [55.2116656, 25.0548079], [55.2116833, 25.0548257], [55.2117076, 25.05485], [55.2117551, 25.0548912], [55.2118257, 25.0549655]]]}}, {"type": "Feature", "properties": {"status": "existing", "bHeight": 3.2, "name": "Ladybird Early Learning Center", "levels": "1"}, "geometry": {"type": "Polygon", "coordinates": [[[55.2124465, 25.0554463], [55.2121648, 25.0549384], [55.2120978, 25.0549797], [55.2121166, 25.0550927], [55.2117303, 25.0554268], [55.211857, 25.055578], [55.212193, 25.0553685], [55.2122855, 25.0555227], [55.2124465, 25.0554463]]]}}, {"type": "Feature", "properties": {"status": "existing", "bHeight": 3.2, "name": "Lolena Residence", "levels": "1"}, "geometry": {"type": "Polygon", "coordinates": [[[55.2139098, 25.0574055], [55.2140398, 25.0570726], [55.2135965, 25.0569305], [55.2134664, 25.0572633], [55.2136268, 25.0573071], [55.2136965, 25.0571176], [55.2138065, 25.0571504], [55.2137287, 25.057346], [55.2139098, 25.0574055]]]}}, {"type": "Feature", "properties": {"status": "existing", "bHeight": 3.2, "name": "taraf residence 1", "levels": "1"}, "geometry": {"type": "Polygon", "coordinates": [[[55.2129896, 25.0596765], [55.2131193, 25.0593259], [55.2129292, 25.0592853], [55.2128555, 25.0594529], [55.2122574, 25.0592416], [55.212319, 25.0590982], [55.2121859, 25.0590538], [55.211969, 25.0593667], [55.2129896, 25.0596765]]]}}, {"type": "Feature", "properties": {"status": "existing", "bHeight": 3.2, "name": "Al Amir Residence B", "levels": "1"}, "geometry": {"type": "Polygon", "coordinates": [[[55.2135462, 25.0608027], [55.2138251, 25.0600993], [55.2134507, 25.0599774], [55.2133785, 25.0601612], [55.213569, 25.0602196], [55.2134281, 25.0605816], [55.213239, 25.0605196], [55.2131717, 25.0606808], [55.2135462, 25.0608027]]]}}, {"type": "Feature", "properties": {"status": "existing", "bHeight": 3.2, "name": "", "levels": "1"}, "geometry": {"type": "Polygon", "coordinates": [[[55.2131173, 25.0602962], [55.2132573, 25.0599407], [55.2131123, 25.0598939], [55.2129723, 25.0602494], [55.2131173, 25.0602962]]]}}, {"type": "Feature", "properties": {"status": "existing", "bHeight": 3.2, "name": "", "levels": "1"}, "geometry": {"type": "Polygon", "coordinates": [[[55.2129927, 25.0606462], [55.2131087, 25.0603468], [55.2129601, 25.0602996], [55.2128441, 25.060599], [55.2129927, 25.0606462]]]}}, {"type": "Feature", "properties": {"status": "existing", "bHeight": 3.2, "name": "", "levels": "1"}, "geometry": {"type": "Polygon", "coordinates": [[[55.2136642, 25.0657349], [55.2138954, 25.0656301], [55.2137157, 25.0653046], [55.2134845, 25.0654093], [55.2136642, 25.0657349]]]}}, {"type": "Feature", "properties": {"status": "existing", "bHeight": 10.2, "name": "", "levels": "3"}, "geometry": {"type": "Polygon", "coordinates": [[[55.2143615, 25.0659984], [55.2140317, 25.0663507], [55.2141926, 25.0663957], [55.2144501, 25.0661072], [55.2143615, 25.0659984]]]}}, {"type": "Feature", "properties": {"status": "existing", "bHeight": 17.0, "name": "Crystal Residence", "levels": "5"}, "geometry": {"type": "Polygon", "coordinates": [[[55.215024, 25.066929], [55.2150562, 25.0667869], [55.2150482, 25.0666375], [55.21502, 25.0664115], [55.2149597, 25.0661054], [55.2147263, 25.0661528], [55.214788, 25.0663496], [55.2148309, 25.0665646], [55.2148188, 25.0667043], [55.2143267, 25.0666253], [55.2142985, 25.0668027], [55.215024, 25.066929]]]}}, {"type": "Feature", "properties": {"status": "existing", "bHeight": 3.2, "name": "", "levels": "1"}, "geometry": {"type": "Polygon", "coordinates": [[[55.2179899, 25.0662852], [55.2180368, 25.0661564], [55.2179535, 25.0661315], [55.2179066, 25.0662603], [55.2179899, 25.0662852]]]}}, {"type": "Feature", "properties": {"status": "existing", "bHeight": 3.2, "name": "", "levels": "1"}, "geometry": {"type": "Polygon", "coordinates": [[[55.2182387, 25.0655688], [55.218305, 25.0655879], [55.2182958, 25.0656141], [55.2185685, 25.0656926], [55.2186144, 25.0655616], [55.2186747, 25.0653899], [55.2183381, 25.065293], [55.218296, 25.0654129], [55.2183627, 25.0654321], [55.2183366, 25.0655066], [55.2182675, 25.0654867], [55.2182387, 25.0655688]]]}}, {"type": "Feature", "properties": {"status": "existing", "bHeight": 3.2, "name": "", "levels": "1"}, "geometry": {"type": "Polygon", "coordinates": [[[55.2157843, 25.0622287], [55.2160063, 25.061877], [55.2158502, 25.0617962], [55.2156283, 25.0621478], [55.2157843, 25.0622287]]]}}, {"type": "Feature", "properties": {"status": "existing", "bHeight": 3.2, "name": "", "levels": "1"}, "geometry": {"type": "Polygon", "coordinates": [[[55.2155534, 25.062556], [55.2157372, 25.0622657], [55.2155904, 25.0621894], [55.2154066, 25.0624798], [55.2155534, 25.062556]]]}}, {"type": "Feature", "properties": {"status": "existing", "bHeight": 3.2, "name": "", "levels": "1"}, "geometry": {"type": "Polygon", "coordinates": [[[55.2176275, 25.0614175], [55.2175799, 25.0615767], [55.2183638, 25.0617692], [55.2184254, 25.0615634], [55.218164, 25.0614993], [55.2181501, 25.0615458], [55.2176275, 25.0614175]]]}}, {"type": "Feature", "properties": {"status": "existing", "bHeight": 3.2, "name": "", "levels": "1"}, "geometry": {"type": "Polygon", "coordinates": [[[55.218702, 25.0619409], [55.2187798, 25.0615188], [55.2186326, 25.0615603], [55.2185602, 25.0619101], [55.218702, 25.0619409]]]}}, {"type": "Feature", "properties": {"status": "existing", "bHeight": 71.4, "name": "", "levels": "21"}, "geometry": {"type": "Polygon", "coordinates": [[[55.2185067, 25.0609871], [55.2186526, 25.0605796], [55.2183155, 25.0604767], [55.2181683, 25.060883], [55.2185067, 25.0609871]]]}}, {"type": "Feature", "properties": {"status": "existing", "bHeight": 68.0, "name": "", "levels": "20"}, "geometry": {"type": "Polygon", "coordinates": [[[55.2171175, 25.0609501], [55.217238, 25.0605873], [55.2169312, 25.0605037], [55.2168107, 25.0608665], [55.2171175, 25.0609501]]]}}, {"type": "Feature", "properties": {"status": "existing", "bHeight": 64.6, "name": "", "levels": "19"}, "geometry": {"type": "Polygon", "coordinates": [[[55.217486, 25.0610341], [55.2175942, 25.0606838], [55.2172702, 25.0606017], [55.2171619, 25.0609519], [55.217486, 25.0610341]]]}}, {"type": "Feature", "properties": {"status": "existing", "bHeight": 51.0, "name": "", "levels": "15"}, "geometry": {"type": "Polygon", "coordinates": [[[55.2157475, 25.0601081], [55.2154358, 25.0600128], [55.2152918, 25.0603992], [55.2156035, 25.0604945], [55.2157475, 25.0601081]]]}}, {"type": "Feature", "properties": {"status": "existing", "bHeight": 68.0, "name": "", "levels": "20"}, "geometry": {"type": "Polygon", "coordinates": [[[55.2159239, 25.0606168], [55.2160151, 25.0603641], [55.2157547, 25.060287], [55.2156635, 25.0605397], [55.2159239, 25.0606168]]]}}, {"type": "Feature", "properties": {"status": "existing", "bHeight": 68.0, "name": "", "levels": "20"}, "geometry": {"type": "Polygon", "coordinates": [[[55.2160666, 25.0602161], [55.2162194, 25.0598294], [55.2159568, 25.0597442], [55.2158039, 25.0601309], [55.2160666, 25.0602161]]]}}, {"type": "Feature", "properties": {"status": "existing", "bHeight": 68.0, "name": "", "levels": "20"}, "geometry": {"type": "Polygon", "coordinates": [[[55.2162937, 25.0607369], [55.2164408, 25.0603427], [55.216139, 25.0602503], [55.2159919, 25.0606445], [55.2162937, 25.0607369]]]}}, {"type": "Feature", "properties": {"status": "existing", "bHeight": 3.2, "name": "", "levels": "1"}, "geometry": {"type": "Polygon", "coordinates": [[[55.2150764, 25.0654372], [55.2151931, 25.0653652], [55.2150885, 25.0652315], [55.2149717, 25.0653108], [55.2150764, 25.0654372]]]}}, {"type": "Feature", "properties": {"status": "existing", "bHeight": 3.2, "name": "", "levels": "1"}, "geometry": {"type": "Polygon", "coordinates": [[[55.2152298, 25.0653514], [55.2153382, 25.0652779], [55.2152226, 25.0651379], [55.2151141, 25.0652115], [55.2152298, 25.0653514]]]}}, {"type": "Feature", "properties": {"status": "existing", "bHeight": 3.2, "name": "", "levels": "1"}, "geometry": {"type": "Polygon", "coordinates": [[[55.2153627, 25.0652305], [55.2154061, 25.0651991], [55.2154239, 25.0652193], [55.215482, 25.0651773], [55.2153639, 25.0650433], [55.2152625, 25.0651166], [55.2153627, 25.0652305]]]}}, {"type": "Feature", "properties": {"status": "existing", "bHeight": 3.2, "name": "", "levels": "1"}, "geometry": {"type": "Polygon", "coordinates": [[[55.2154934, 25.0651457], [55.2155963, 25.065076], [55.2155011, 25.0649606], [55.2153982, 25.0650303], [55.2154934, 25.0651457]]]}}, {"type": "Feature", "properties": {"status": "existing", "bHeight": 3.2, "name": "", "levels": "1"}, "geometry": {"type": "Polygon", "coordinates": [[[55.215638, 25.0650507], [55.215738, 25.0649838], [55.215618, 25.0648366], [55.215518, 25.0649035], [55.215638, 25.0650507]]]}}, {"type": "Feature", "properties": {"status": "existing", "bHeight": 3.2, "name": "", "levels": "1"}, "geometry": {"type": "Polygon", "coordinates": [[[55.2157593, 25.0649524], [55.2158551, 25.0648903], [55.2157669, 25.0647789], [55.2156711, 25.0648411], [55.2157593, 25.0649524]]]}}, {"type": "Feature", "properties": {"status": "existing", "bHeight": 3.2, "name": "", "levels": "1"}, "geometry": {"type": "Polygon", "coordinates": [[[55.2159108, 25.064879], [55.2160324, 25.0647952], [55.2159887, 25.064743], [55.2159703, 25.0647557], [55.2159101, 25.064684], [55.2158209, 25.0647455], [55.2158672, 25.0648007], [55.2158532, 25.0648103], [55.2159108, 25.064879]]]}}, {"type": "Feature", "properties": {"status": "existing", "bHeight": 3.2, "name": "", "levels": "1"}, "geometry": {"type": "Polygon", "coordinates": [[[55.2157724, 25.0634923], [55.2159067, 25.0634118], [55.2155518, 25.0628959], [55.2153566, 25.0627258], [55.2151474, 25.0626322], [55.2149585, 25.0626223], [55.2150012, 25.0627621], [55.2151159, 25.0627616], [55.2152682, 25.0628375], [55.2154264, 25.0629693], [55.2157724, 25.0634923]]]}}, {"type": "Feature", "properties": {"status": "existing", "bHeight": 3.2, "name": "", "levels": "1"}, "geometry": {"type": "Polygon", "coordinates": [[[55.2147331, 25.0628873], [55.2150012, 25.0627621], [55.2149585, 25.0626223], [55.2146678, 25.0627517], [55.2147331, 25.0628873]]]}}, {"type": "Feature", "properties": {"status": "existing", "bHeight": 3.2, "name": "", "levels": "1"}, "geometry": {"type": "Polygon", "coordinates": [[[55.2152772, 25.0637897], [55.2156415, 25.0635886], [55.2155411, 25.0634395], [55.2153316, 25.0635552], [55.2149922, 25.0630507], [55.2151293, 25.062975], [55.2150265, 25.0628223], [55.2147346, 25.0629835], [55.2152772, 25.0637897]]]}}, {"type": "Feature", "properties": {"status": "existing", "bHeight": 3.2, "name": "", "levels": "1"}, "geometry": {"type": "Polygon", "coordinates": [[[55.2168547, 25.0639515], [55.216911, 25.0637583], [55.2169579, 25.0635421], [55.2169369, 25.0635248], [55.2169847, 25.0634231], [55.2168976, 25.0633004], [55.2167935, 25.063305], [55.2164363, 25.0636004], [55.2165033, 25.063649], [55.2164818, 25.063683], [55.2168547, 25.0639515]]]}}, {"type": "Feature", "properties": {"status": "existing", "bHeight": 3.2, "name": "", "levels": "1"}, "geometry": {"type": "Polygon", "coordinates": [[[55.2166964, 25.0632106], [55.2170182, 25.0629152], [55.2169094, 25.062818], [55.2165876, 25.0631133], [55.2166964, 25.0632106]]]}}, {"type": "Feature", "properties": {"status": "existing", "bHeight": 3.2, "name": "", "levels": "1"}, "geometry": {"type": "Polygon", "coordinates": [[[55.2163487, 25.0635095], [55.2166661, 25.0632247], [55.2165737, 25.0631403], [55.2162564, 25.063425], [55.2163487, 25.0635095]]]}}, {"type": "Feature", "properties": {"status": "existing", "bHeight": 3.2, "name": "", "levels": "1"}, "geometry": {"type": "Polygon", "coordinates": [[[55.2167997, 25.0649173], [55.2170035, 25.0642127], [55.2168867, 25.064185], [55.2166828, 25.0648895], [55.2167997, 25.0649173]]]}}, {"type": "Feature", "properties": {"status": "existing", "bHeight": 3.2, "name": "", "levels": "1"}, "geometry": {"type": "Polygon", "coordinates": [[[55.2155756, 25.0641182], [55.2161496, 25.063684], [55.2160361, 25.063561], [55.2154622, 25.0639952], [55.2155756, 25.0641182]]]}}, {"type": "Feature", "properties": {"status": "existing", "bHeight": 13.6, "name": "Circle Mall", "levels": "4"}, "geometry": {"type": "Polygon", "coordinates": [[[55.2152346, 25.0669533], [55.2158073, 25.0670844], [55.2167769, 25.0651942], [55.2162458, 25.0648833], [55.2161908, 25.0648796], [55.2155658, 25.0652659], [55.2151621, 25.0661503], [55.2152024, 25.0663714], [55.2152171, 25.066663], [55.2152346, 25.0669533]]]}}, {"type": "Feature", "properties": {"status": "existing", "bHeight": 3.2, "name": "", "levels": "1"}, "geometry": {"type": "Polygon", "coordinates": [[[55.2121603, 25.0669657], [55.2117127, 25.0669866], [55.2115839, 25.0670175], [55.2116616, 25.0673454], [55.2118928, 25.0673344], [55.211846, 25.0671672], [55.2121779, 25.0671398], [55.2121603, 25.0669657]]]}}, {"type": "Feature", "properties": {"status": "existing", "bHeight": 3.2, "name": "", "levels": "1"}, "geometry": {"type": "Polygon", "coordinates": [[[55.2114147, 25.0673218], [55.2113608, 25.0670236], [55.2109501, 25.067106], [55.2110054, 25.0673334], [55.2112438, 25.0672797], [55.2112627, 25.0673386], [55.2114147, 25.0673218]]]}}, {"type": "Feature", "properties": {"status": "existing", "bHeight": 44.2, "name": "Al Sima Tower", "levels": "13"}, "geometry": {"type": "Polygon", "coordinates": [[[55.2114738, 25.0677596], [55.2114147, 25.0673218], [55.2112627, 25.0673386], [55.2109846, 25.0673695], [55.2110438, 25.0678072], [55.2114738, 25.0677596]]]}}, {"type": "Feature", "properties": {"status": "existing", "bHeight": 3.2, "name": "", "levels": "1"}, "geometry": {"type": "Polygon", "coordinates": [[[55.2123298, 25.0663908], [55.2122037, 25.0658211], [55.2118177, 25.0658835], [55.2118376, 25.06599], [55.2120012, 25.0659693], [55.2120857, 25.0663155], [55.2119194, 25.0663374], [55.2119236, 25.0664131], [55.2123298, 25.0663908]]]}}, {"type": "Feature", "properties": {"status": "existing", "bHeight": 44.2, "name": "", "levels": "13"}, "geometry": {"type": "Polygon", "coordinates": [[[55.2091662, 25.0650506], [55.2092266, 25.0653295], [55.2096149, 25.0652604], [55.2095545, 25.0649817], [55.2091662, 25.0650506]]]}}, {"type": "Feature", "properties": {"status": "existing", "bHeight": 3.2, "name": "", "levels": "1"}, "geometry": {"type": "Polygon", "coordinates": [[[55.2110994, 25.0655456], [55.2108986, 25.0646939], [55.210518, 25.0647675], [55.2105653, 25.0649681], [55.2107521, 25.0649319], [55.210858, 25.0653813], [55.2106618, 25.0654193], [55.2107094, 25.0656211], [55.2110994, 25.0655456]]]}}, {"type": "Feature", "properties": {"status": "existing", "bHeight": 3.2, "name": "Oakville", "levels": "1"}, "geometry": {"type": "Polygon", "coordinates": [[[55.211028, 25.0640589], [55.2113171, 25.0639983], [55.2112394, 25.0636938], [55.2109503, 25.0637543], [55.211028, 25.0640589]]]}}, {"type": "Feature", "properties": {"status": "existing", "bHeight": 3.2, "name": "", "levels": "1"}, "geometry": {"type": "Polygon", "coordinates": [[[55.2114943, 25.0639976], [55.2118751, 25.0639272], [55.2117727, 25.0634727], [55.2113998, 25.0636112], [55.2114299, 25.0636891], [55.2116203, 25.0636526], [55.2116659, 25.0638518], [55.2114755, 25.0638907], [55.2114943, 25.0639976]]]}}, {"type": "Feature", "properties": {"status": "existing", "bHeight": 3.2, "name": "", "levels": "1"}, "geometry": {"type": "Polygon", "coordinates": [[[55.2124214, 25.0621571], [55.2124476, 25.062188], [55.2124214, 25.0622062], [55.2124619, 25.0622539], [55.2125557, 25.0621886], [55.2125341, 25.0621632], [55.2126069, 25.0621126], [55.2125618, 25.0620594], [55.2124214, 25.0621571]]]}}, {"type": "Feature", "properties": {"status": "existing", "bHeight": 3.2, "name": "", "levels": "1"}, "geometry": {"type": "Polygon", "coordinates": [[[55.2123188, 25.0619911], [55.2123312, 25.0620013], [55.2122915, 25.0620408], [55.2123485, 25.0620879], [55.2123639, 25.0620725], [55.2123883, 25.0620926], [55.212496, 25.0619852], [55.212449, 25.0619465], [55.2124324, 25.061963], [55.212411, 25.0619453], [55.2123846, 25.0619716], [55.2123593, 25.0619507], [55.2123188, 25.0619911]]]}}, {"type": "Feature", "properties": {"status": "existing", "bHeight": 3.2, "name": "", "levels": "1"}, "geometry": {"type": "Polygon", "coordinates": [[[55.2122698, 25.0620354], [55.2123267, 25.0619237], [55.2122714, 25.061794], [55.2121259, 25.0617423], [55.2119999, 25.0618237], [55.2119828, 25.0619445], [55.2121018, 25.0619549], [55.2121581, 25.0618274], [55.2122225, 25.0618462], [55.2121688, 25.0619889], [55.2122698, 25.0620354]]]}}, {"type": "Feature", "properties": {"status": "existing", "bHeight": 3.2, "name": "", "levels": "1"}, "geometry": {"type": "Polygon", "coordinates": [[[55.2117727, 25.0618729], [55.2117935, 25.0618713], [55.2117983, 25.061923], [55.2118342, 25.0619202], [55.2118357, 25.0619359], [55.2119115, 25.06193], [55.2118974, 25.0617812], [55.211765, 25.0617914], [55.2117727, 25.0618729]]]}}, {"type": "Feature", "properties": {"status": "existing", "bHeight": 3.2, "name": "", "levels": "1"}, "geometry": {"type": "Polygon", "coordinates": [[[55.2116371, 25.0619761], [55.2117019, 25.0619646], [55.211698, 25.0619467], [55.2117439, 25.0619386], [55.211711, 25.0617857], [55.211645, 25.0617973], [55.2116558, 25.0618475], [55.2116112, 25.0618554], [55.2116371, 25.0619761]]]}}, {"type": "Feature", "properties": {"status": "existing", "bHeight": 3.2, "name": "", "levels": "1"}, "geometry": {"type": "Polygon", "coordinates": [[[55.2134779, 25.0615228], [55.2135882, 25.0614411], [55.2134726, 25.0612438], [55.2133314, 25.0613559], [55.2134779, 25.0615228]]]}}, {"type": "Feature", "properties": {"status": "existing", "bHeight": 3.2, "name": "", "levels": "1"}, "geometry": {"type": "Polygon", "coordinates": [[[55.2130844, 25.0617852], [55.2134487, 25.061517], [55.2133238, 25.0613778], [55.2129595, 25.0616459], [55.2130844, 25.0617852]]]}}, {"type": "Feature", "properties": {"status": "existing", "bHeight": 3.2, "name": "", "levels": "1"}, "geometry": {"type": "Polygon", "coordinates": [[[55.2129426, 25.061885], [55.2130546, 25.0618049], [55.2129248, 25.061656], [55.2128128, 25.061736], [55.2129426, 25.061885]]]}}, {"type": "Feature", "properties": {"status": "existing", "bHeight": 3.2, "name": "", "levels": "1"}, "geometry": {"type": "Polygon", "coordinates": [[[55.2138758, 25.0605937], [55.2139, 25.0605318], [55.2139447, 25.0605462], [55.2140553, 25.0602643], [55.2140161, 25.0602517], [55.214041, 25.0601882], [55.2139394, 25.0601555], [55.2137797, 25.0605628], [55.2138758, 25.0605937]]]}}, {"type": "Feature", "properties": {"status": "existing", "bHeight": 3.2, "name": "", "levels": "1"}, "geometry": {"type": "Polygon", "coordinates": [[[55.2137617, 25.0610189], [55.2138912, 25.0607011], [55.213839, 25.0606836], [55.2138596, 25.0606332], [55.2137754, 25.060605], [55.2136151, 25.0609984], [55.213712, 25.0610308], [55.2137223, 25.0610057], [55.2137617, 25.0610189]]]}}, {"type": "Feature", "properties": {"status": "existing", "bHeight": 3.2, "name": "", "levels": "1"}, "geometry": {"type": "Polygon", "coordinates": [[[55.215882, 25.0610444], [55.2159606, 25.0608433], [55.2155264, 25.0607039], [55.2154477, 25.060905], [55.215882, 25.0610444]]]}}, {"type": "Feature", "properties": {"status": "existing", "bHeight": 3.2, "name": "", "levels": "1"}, "geometry": {"type": "Polygon", "coordinates": [[[55.2157585, 25.0613019], [55.2153694, 25.0611795], [55.2152881, 25.0613917], [55.2156772, 25.0615141], [55.2157585, 25.0613019]]]}}, {"type": "Feature", "properties": {"status": "existing", "bHeight": 68.0, "name": "", "levels": "20"}, "geometry": {"type": "Polygon", "coordinates": [[[55.2169679, 25.0600885], [55.2166658, 25.0599896], [55.2165107, 25.0603785], [55.2168129, 25.0604773], [55.2169679, 25.0600885]]]}}, {"type": "Feature", "properties": {"status": "existing", "bHeight": 3.2, "name": "", "levels": "1"}, "geometry": {"type": "Polygon", "coordinates": [[[55.2150524, 25.0571927], [55.2152249, 25.056723], [55.21512, 25.0566914], [55.2149475, 25.0571611], [55.2150524, 25.0571927]]]}}, {"type": "Feature", "properties": {"status": "existing", "bHeight": 3.2, "name": "", "levels": "1"}, "geometry": {"type": "Polygon", "coordinates": [[[55.2147311, 25.0570898], [55.214911, 25.0566224], [55.2148103, 25.0565906], [55.2146304, 25.057058], [55.2147311, 25.0570898]]]}}, {"type": "Feature", "properties": {"status": "existing", "bHeight": 3.2, "name": "", "levels": "1"}, "geometry": {"type": "Polygon", "coordinates": [[[55.2147486, 25.0564521], [55.2156516, 25.0567273], [55.2157006, 25.0565956], [55.2147975, 25.0563204], [55.2147486, 25.0564521]]]}}, {"type": "Feature", "properties": {"status": "existing", "bHeight": 3.2, "name": "", "levels": "1"}, "geometry": {"type": "Polygon", "coordinates": [[[55.2142316, 25.0569276], [55.2144131, 25.056469], [55.2143112, 25.0564359], [55.2141296, 25.0568944], [55.2142316, 25.0569276]]]}}, {"type": "Feature", "properties": {"status": "existing", "bHeight": 3.2, "name": "", "levels": "1"}, "geometry": {"type": "Polygon", "coordinates": [[[55.2139174, 25.0568255], [55.2140965, 25.0563651], [55.2139933, 25.0563322], [55.2138142, 25.0567926], [55.2139174, 25.0568255]]]}}, {"type": "Feature", "properties": {"status": "existing", "bHeight": 3.2, "name": "", "levels": "1"}, "geometry": {"type": "Polygon", "coordinates": [[[55.2135625, 25.0567124], [55.2137362, 25.0562435], [55.2136286, 25.0562107], [55.2134548, 25.0566797], [55.2135625, 25.0567124]]]}}, {"type": "Feature", "properties": {"status": "existing", "bHeight": 3.2, "name": "", "levels": "1"}, "geometry": {"type": "Polygon", "coordinates": [[[55.2133071, 25.0559616], [55.2145857, 25.0563636], [55.214631, 25.0562453], [55.2133524, 25.0558433], [55.2133071, 25.0559616]]]}}, {"type": "Feature", "properties": {"status": "existing", "bHeight": 3.2, "name": "", "levels": "1"}, "geometry": {"type": "Polygon", "coordinates": [[[55.2130113, 25.0559484], [55.2131522, 25.0559911], [55.2132039, 25.0558508], [55.213063, 25.0558081], [55.2130113, 25.0559484]]]}}, {"type": "Feature", "properties": {"status": "existing", "bHeight": 3.2, "name": "", "levels": "1"}, "geometry": {"type": "Polygon", "coordinates": [[[55.2132383, 25.0566213], [55.2134179, 25.0561495], [55.2133178, 25.0561183], [55.2131382, 25.05659], [55.2132383, 25.0566213]]]}}, {"type": "Feature", "properties": {"status": "existing", "bHeight": 57.8, "name": "", "levels": "17"}, "geometry": {"type": "Polygon", "coordinates": [[[55.216864, 25.0579902], [55.2162766, 25.0578007], [55.2161287, 25.0581542], [55.2162579, 25.0581931], [55.216341, 25.0579866], [55.2168113, 25.0581238], [55.216864, 25.0579902]]]}}, {"type": "Feature", "properties": {"status": "existing", "bHeight": 57.8, "name": "", "levels": "17"}, "geometry": {"type": "Polygon", "coordinates": [[[55.2167514, 25.058639], [55.2162713, 25.0584835], [55.2163276, 25.0583207], [55.2161827, 25.0582806], [55.2160701, 25.0585588], [55.2162224, 25.0586074], [55.2167025, 25.0587629], [55.2167514, 25.058639]]]}}, {"type": "Feature", "properties": {"status": "existing", "bHeight": 54.4, "name": "", "levels": "16"}, "geometry": {"type": "Polygon", "coordinates": [[[55.2175231, 25.0590502], [55.2176368, 25.0587621], [55.2174924, 25.0587153], [55.2174306, 25.0588719], [55.2169691, 25.0587225], [55.2169172, 25.058854], [55.2175231, 25.0590502]]]}}, {"type": "Feature", "properties": {"status": "existing", "bHeight": 64.6, "name": "", "levels": "19"}, "geometry": {"type": "Polygon", "coordinates": [[[55.2176942, 25.058577], [55.2178018, 25.0583141], [55.217204, 25.0581132], [55.2171323, 25.0582884], [55.2175758, 25.0584374], [55.2175399, 25.0585252], [55.2176942, 25.058577]]]}}, {"type": "Feature", "properties": {"status": "existing", "bHeight": 3.2, "name": "", "levels": "1"}, "geometry": {"type": "Polygon", "coordinates": [[[55.2191232, 25.0530808], [55.2192519, 25.05302], [55.2192034, 25.0529357], [55.2190747, 25.0529964], [55.2191232, 25.0530808]]]}}, {"type": "Feature", "properties": {"status": "existing", "bHeight": 3.2, "name": "", "levels": "1"}, "geometry": {"type": "Polygon", "coordinates": [[[55.21655, 25.0522018], [55.2167196, 25.0521095], [55.2164969, 25.0517779], [55.2167078, 25.0516489], [55.2169589, 25.0516145], [55.2169684, 25.0520188], [55.2171421, 25.0519539], [55.2171646, 25.0514386], [55.2166362, 25.0514487], [55.2161866, 25.0517215], [55.21655, 25.0522018]]]}}, {"type": "Feature", "properties": {"status": "existing", "bHeight": 3.2, "name": "", "levels": "1"}, "geometry": {"type": "Polygon", "coordinates": [[[55.2160038, 25.0520429], [55.216113, 25.0519514], [55.2160631, 25.0519026], [55.216114, 25.05186], [55.2160784, 25.0518251], [55.2159183, 25.0519592], [55.2160038, 25.0520429]]]}}, {"type": "Feature", "properties": {"status": "existing", "bHeight": 3.2, "name": "", "levels": "1"}, "geometry": {"type": "Polygon", "coordinates": [[[55.2161134, 25.0521593], [55.2162277, 25.0520675], [55.216154, 25.0519923], [55.2160398, 25.0520841], [55.2161134, 25.0521593]]]}}, {"type": "Feature", "properties": {"status": "existing", "bHeight": 3.2, "name": "", "levels": "1"}, "geometry": {"type": "Polygon", "coordinates": [[[55.2162065, 25.0522617], [55.21632, 25.0521696], [55.2162771, 25.0521263], [55.2163198, 25.0520916], [55.2162809, 25.0520522], [55.2161247, 25.0521791], [55.2162065, 25.0522617]]]}}, {"type": "Feature", "properties": {"status": "existing", "bHeight": 3.2, "name": "", "levels": "1"}, "geometry": {"type": "Polygon", "coordinates": [[[55.2162821, 25.0523494], [55.2163977, 25.0522664], [55.216326, 25.0521845], [55.2162105, 25.0522675], [55.2162821, 25.0523494]]]}}, {"type": "Feature", "properties": {"status": "existing", "bHeight": 3.2, "name": "", "levels": "1"}, "geometry": {"type": "Polygon", "coordinates": [[[55.2163317, 25.0524643], [55.2164681, 25.0524185], [55.2164338, 25.0523347], [55.2162974, 25.0523806], [55.2163317, 25.0524643]]]}}, {"type": "Feature", "properties": {"status": "existing", "bHeight": 3.2, "name": "", "levels": "1"}, "geometry": {"type": "Polygon", "coordinates": [[[55.2163973, 25.0525869], [55.2165296, 25.0525346], [55.2164909, 25.0524544], [55.2163587, 25.0525067], [55.2163973, 25.0525869]]]}}, {"type": "Feature", "properties": {"status": "existing", "bHeight": 3.2, "name": "", "levels": "1"}, "geometry": {"type": "Polygon", "coordinates": [[[55.2164589, 25.0527197], [55.2165826, 25.0526729], [55.2165425, 25.0525859], [55.2164188, 25.0526327], [55.2164589, 25.0527197]]]}}, {"type": "Feature", "properties": {"status": "existing", "bHeight": 3.2, "name": "", "levels": "1"}, "geometry": {"type": "Polygon", "coordinates": [[[55.2165049, 25.0528411], [55.2166387, 25.0527989], [55.216605, 25.0527108], [55.216471, 25.0527529], [55.2165049, 25.0528411]]]}}, {"type": "Feature", "properties": {"status": "existing", "bHeight": 3.2, "name": "", "levels": "1"}, "geometry": {"type": "Polygon", "coordinates": [[[55.2140182, 25.0492038], [55.2136901, 25.0490384], [55.213627, 25.0491412], [55.2139551, 25.0493066], [55.2140182, 25.0492038]]]}}, {"type": "Feature", "properties": {"status": "existing", "bHeight": 3.2, "name": "", "levels": "1"}, "geometry": {"type": "Polygon", "coordinates": [[[55.2169211, 25.0539657], [55.2177823, 25.0536237], [55.2177265, 25.0535084], [55.2168653, 25.0538504], [55.2169211, 25.0539657]]]}}, {"type": "Feature", "properties": {"status": "existing", "bHeight": 3.2, "name": "", "levels": "1"}, "geometry": {"type": "Polygon", "coordinates": [[[55.2165998, 25.0541072], [55.2168853, 25.0539964], [55.2168292, 25.0538778], [55.2165437, 25.0539885], [55.2165998, 25.0541072]]]}}, {"type": "Feature", "properties": {"status": "existing", "bHeight": 3.2, "name": "", "levels": "1"}, "geometry": {"type": "Polygon", "coordinates": [[[55.215795, 25.0544193], [55.2165998, 25.0541072], [55.2165437, 25.0539885], [55.2157389, 25.0543007], [55.215795, 25.0544193]]]}}, {"type": "Feature", "properties": {"status": "existing", "bHeight": 3.2, "name": "", "levels": "1"}, "geometry": {"type": "Polygon", "coordinates": [[[55.2181206, 25.0550539], [55.2184023, 25.0550381], [55.2183934, 25.0549083], [55.2181118, 25.0549241], [55.2181206, 25.0550539]]]}}, {"type": "Feature", "properties": {"status": "existing", "bHeight": 3.2, "name": "", "levels": "1"}, "geometry": {"type": "Polygon", "coordinates": [[[55.2179654, 25.055095], [55.2180935, 25.0550846], [55.2180775, 25.0549218], [55.2179494, 25.0549321], [55.2179654, 25.055095]]]}}, {"type": "Feature", "properties": {"status": "existing", "bHeight": 3.2, "name": "", "levels": "1"}, "geometry": {"type": "Polygon", "coordinates": [[[55.2177983, 25.0551064], [55.2179293, 25.0550981], [55.2179171, 25.0549388], [55.2177861, 25.0549471], [55.2177983, 25.0551064]]]}}, {"type": "Feature", "properties": {"status": "existing", "bHeight": 3.2, "name": "", "levels": "1"}, "geometry": {"type": "Polygon", "coordinates": [[[55.2176313, 25.0551173], [55.217754, 25.055111], [55.2177441, 25.0549509], [55.2176214, 25.0549571], [55.2176313, 25.0551173]]]}}, {"type": "Feature", "properties": {"status": "existing", "bHeight": 3.2, "name": "", "levels": "1"}, "geometry": {"type": "Polygon", "coordinates": [[[55.217462, 25.0551315], [55.2175916, 25.0551235], [55.2175798, 25.0549667], [55.2174501, 25.0549747], [55.217462, 25.0551315]]]}}, {"type": "Feature", "properties": {"status": "existing", "bHeight": 3.2, "name": "", "levels": "1"}, "geometry": {"type": "Polygon", "coordinates": [[[55.2172959, 25.0551389], [55.2174325, 25.0551326], [55.2174237, 25.0549758], [55.2172871, 25.0549821], [55.2172959, 25.0551389]]]}}, {"type": "Feature", "properties": {"status": "existing", "bHeight": 3.2, "name": "", "levels": "1"}, "geometry": {"type": "Polygon", "coordinates": [[[55.2171335, 25.0551018], [55.2171947, 25.0550993], [55.2171971, 25.0551475], [55.2172588, 25.0551449], [55.2172499, 25.0549708], [55.2171271, 25.0549759], [55.2171335, 25.0551018]]]}}, {"type": "Feature", "properties": {"status": "existing", "bHeight": 3.2, "name": "", "levels": "1"}, "geometry": {"type": "Polygon", "coordinates": [[[55.2174281, 25.0569078], [55.2176694, 25.0562975], [55.2175584, 25.0562615], [55.2173172, 25.0568718], [55.2174281, 25.0569078]]]}}, {"type": "Feature", "properties": {"status": "existing", "bHeight": 3.2, "name": "", "levels": "1"}, "geometry": {"type": "Polygon", "coordinates": [[[55.2177735, 25.0570301], [55.2180138, 25.0564159], [55.2179132, 25.0563836], [55.2176729, 25.0569978], [55.2177735, 25.0570301]]]}}, {"type": "Feature", "properties": {"status": "existing", "bHeight": 3.2, "name": "", "levels": "1"}, "geometry": {"type": "Polygon", "coordinates": [[[55.2181127, 25.0571254], [55.2183471, 25.0565059], [55.2182371, 25.0564717], [55.2180028, 25.0570912], [55.2181127, 25.0571254]]]}}, {"type": "Feature", "properties": {"status": "existing", "bHeight": 3.2, "name": "", "levels": "1"}, "geometry": {"type": "Polygon", "coordinates": [[[55.217547, 25.0561156], [55.2184396, 25.0563973], [55.2184897, 25.056267], [55.2175971, 25.0559853], [55.217547, 25.0561156]]]}}, {"type": "Feature", "properties": {"status": "existing", "bHeight": 3.2, "name": "", "levels": "1"}, "geometry": {"type": "Polygon", "coordinates": [[[55.216829, 25.0558908], [55.2175029, 25.0561073], [55.2175534, 25.0559783], [55.2168795, 25.0557618], [55.216829, 25.0558908]]]}}, {"type": "Feature", "properties": {"status": "existing", "bHeight": 3.2, "name": "", "levels": "1"}, "geometry": {"type": "Polygon", "coordinates": [[[55.2171217, 25.05682], [55.2173512, 25.0561984], [55.2172389, 25.0561643], [55.2170093, 25.056786], [55.2171217, 25.05682]]]}}, {"type": "Feature", "properties": {"status": "existing", "bHeight": 3.2, "name": "", "levels": "1"}, "geometry": {"type": "Polygon", "coordinates": [[[55.2167589, 25.0567077], [55.2170002, 25.0560896], [55.2168866, 25.0560531], [55.2166452, 25.0566713], [55.2167589, 25.0567077]]]}}, {"type": "Feature", "properties": {"status": "existing", "bHeight": 3.2, "name": "", "levels": "1"}, "geometry": {"type": "Polygon", "coordinates": [[[55.2164876, 25.0564623], [55.2166647, 25.0559802], [55.2165241, 25.0559379], [55.216347, 25.0564199], [55.2164876, 25.0564623]]]}}, {"type": "Feature", "properties": {"status": "existing", "bHeight": 3.2, "name": "", "levels": "1"}, "geometry": {"type": "Polygon", "coordinates": [[[55.216502, 25.0557874], [55.2168016, 25.0558801], [55.2168508, 25.0557497], [55.2165512, 25.0556569], [55.216502, 25.0557874]]]}}, {"type": "Feature", "properties": {"status": "existing", "bHeight": 3.2, "name": "", "levels": "1"}, "geometry": {"type": "Polygon", "coordinates": [[[55.2186314, 25.0574786], [55.2185144, 25.0577891], [55.218801, 25.0578776], [55.2187727, 25.0579529], [55.2189204, 25.0579985], [55.2190657, 25.0576128], [55.2186314, 25.0574786]]]}}, {"type": "Feature", "properties": {"status": "existing", "bHeight": 3.2, "name": "", "levels": "1"}, "geometry": {"type": "Polygon", "coordinates": [[[55.2182212, 25.0581583], [55.2184826, 25.0574493], [55.2183654, 25.0574138], [55.218104, 25.0581229], [55.2182212, 25.0581583]]]}}, {"type": "Feature", "properties": {"status": "existing", "bHeight": 3.2, "name": "", "levels": "1"}, "geometry": {"type": "Polygon", "coordinates": [[[55.2196911, 25.0583827], [55.2198235, 25.0583511], [55.2197152, 25.057975], [55.2197313, 25.0579076], [55.2196049, 25.0578809], [55.2195919, 25.057992], [55.2196911, 25.0583827]]]}}, {"type": "Feature", "properties": {"status": "existing", "bHeight": 3.2, "name": "", "levels": "1"}, "geometry": {"type": "Polygon", "coordinates": [[[55.2197313, 25.0579076], [55.2198564, 25.0574223], [55.21973, 25.0573955], [55.2196049, 25.0578809], [55.2197313, 25.0579076]]]}}, {"type": "Feature", "properties": {"status": "existing", "bHeight": 3.2, "name": "", "levels": "1"}, "geometry": {"type": "Polygon", "coordinates": [[[55.219852, 25.0573221], [55.2199674, 25.0568434], [55.2198424, 25.0568187], [55.2197271, 25.0572973], [55.219852, 25.0573221]]]}}, {"type": "Feature", "properties": {"status": "existing", "bHeight": 3.2, "name": "", "levels": "1"}, "geometry": {"type": "Polygon", "coordinates": [[[55.2200089, 25.0567304], [55.2201323, 25.056242], [55.2199955, 25.0562137], [55.2198721, 25.056702], [55.2200089, 25.0567304]]]}}, {"type": "Feature", "properties": {"status": "existing", "bHeight": 68.0, "name": "Al Dana Tower by Tiger Properties", "levels": "20"}, "geometry": {"type": "Polygon", "coordinates": [[[55.2206929, 25.0565457], [55.2207667, 25.0562542], [55.2204639, 25.0561913], [55.2203901, 25.0564829], [55.2206929, 25.0565457]]]}}, {"type": "Feature", "properties": {"status": "existing", "bHeight": 3.2, "name": "", "levels": "1"}, "geometry": {"type": "Polygon", "coordinates": [[[55.2187367, 25.0556778], [55.2191172, 25.0556588], [55.219097, 25.0553271], [55.2187165, 25.0553461], [55.2187367, 25.0556778]]]}}, {"type": "Feature", "properties": {"status": "existing", "bHeight": 3.2, "name": "", "levels": "1"}, "geometry": {"type": "Polygon", "coordinates": [[[55.2198762, 25.0557864], [55.2200358, 25.0557505], [55.2199165, 25.0553155], [55.2197568, 25.0553515], [55.2198762, 25.0557864]]]}}, {"type": "Feature", "properties": {"status": "existing", "bHeight": 3.2, "name": "", "levels": "1"}, "geometry": {"type": "Polygon", "coordinates": [[[55.2199298, 25.0559808], [55.2200688, 25.0559424], [55.2200165, 25.0557869], [55.2198775, 25.0558253], [55.2199298, 25.0559808]]]}}, {"type": "Feature", "properties": {"status": "existing", "bHeight": 78.2, "name": "Saleh Bin Lahej Tower", "levels": "23"}, "geometry": {"type": "Polygon", "coordinates": [[[55.2204904, 25.0545715], [55.2200371, 25.0545521], [55.2200267, 25.0547517], [55.22048, 25.0547711], [55.2204904, 25.0545715]]]}}, {"type": "Feature", "properties": {"status": "existing", "bHeight": 81.6, "name": "", "levels": "24"}, "geometry": {"type": "Polygon", "coordinates": [[[55.219843, 25.053681], [55.2202546, 25.0534744], [55.2200829, 25.0531938], [55.2196713, 25.0534004], [55.219843, 25.053681]]]}}, {"type": "Feature", "properties": {"status": "existing", "bHeight": 3.2, "name": "", "levels": "1"}, "geometry": {"type": "Polygon", "coordinates": [[[55.2180163, 25.053252], [55.2184002, 25.0530886], [55.2183327, 25.0529584], [55.2181175, 25.05305], [55.2179978, 25.0528189], [55.217829, 25.0528907], [55.2180163, 25.053252]]]}}, {"type": "Feature", "properties": {"status": "existing", "bHeight": 3.2, "name": "", "levels": "1"}, "geometry": {"type": "Polygon", "coordinates": [[[55.2174095, 25.0531355], [55.2175244, 25.0530902], [55.2173062, 25.0526366], [55.2171913, 25.052682], [55.2174095, 25.0531355]]]}}, {"type": "Feature", "properties": {"status": "existing", "bHeight": 3.2, "name": "", "levels": "1"}, "geometry": {"type": "Polygon", "coordinates": [[[55.2175713, 25.0533369], [55.2177154, 25.0532794], [55.217653, 25.053151], [55.2175089, 25.0532084], [55.2175713, 25.0533369]]]}}, {"type": "Feature", "properties": {"status": "existing", "bHeight": 3.2, "name": "", "levels": "1"}, "geometry": {"type": "Polygon", "coordinates": [[[55.2174285, 25.0533939], [55.2175713, 25.0533369], [55.2175089, 25.0532084], [55.217366, 25.0532654], [55.2174285, 25.0533939]]]}}, {"type": "Feature", "properties": {"status": "existing", "bHeight": 3.2, "name": "", "levels": "1"}, "geometry": {"type": "Polygon", "coordinates": [[[55.2172822, 25.0534522], [55.2174285, 25.0533939], [55.217366, 25.0532654], [55.2172198, 25.0533237], [55.2172822, 25.0534522]]]}}, {"type": "Feature", "properties": {"status": "existing", "bHeight": 3.2, "name": "", "levels": "1"}, "geometry": {"type": "Polygon", "coordinates": [[[55.2172058, 25.0534827], [55.2172822, 25.0534522], [55.2172198, 25.0533237], [55.2171434, 25.0533542], [55.2172058, 25.0534827]]]}}, {"type": "Feature", "properties": {"status": "existing", "bHeight": 3.2, "name": "", "levels": "1"}, "geometry": {"type": "Polygon", "coordinates": [[[55.2170597, 25.0535409], [55.2172058, 25.0534827], [55.2171434, 25.0533542], [55.2169973, 25.0534125], [55.2170597, 25.0535409]]]}}, {"type": "Feature", "properties": {"status": "existing", "bHeight": 3.2, "name": "", "levels": "1"}, "geometry": {"type": "Polygon", "coordinates": [[[55.2169202, 25.0535966], [55.2170597, 25.0535409], [55.2169973, 25.0534125], [55.2168578, 25.0534681], [55.2169202, 25.0535966]]]}}, {"type": "Feature", "properties": {"status": "existing", "bHeight": 3.2, "name": "", "levels": "1"}, "geometry": {"type": "Polygon", "coordinates": [[[55.2167733, 25.0536551], [55.2169202, 25.0535966], [55.2168578, 25.0534681], [55.2167109, 25.0535267], [55.2167733, 25.0536551]]]}}, {"type": "Feature", "properties": {"status": "existing", "bHeight": 3.2, "name": "", "levels": "1"}, "geometry": {"type": "Polygon", "coordinates": [[[55.2169405, 25.05301], [55.2170721, 25.0529559], [55.217, 25.0528118], [55.2168684, 25.0528659], [55.2169405, 25.05301]]]}}, {"type": "Feature", "properties": {"status": "existing", "bHeight": 3.2, "name": "", "levels": "1"}, "geometry": {"type": "Polygon", "coordinates": [[[55.2170048, 25.0531385], [55.2171364, 25.0530845], [55.2170721, 25.0529559], [55.2169405, 25.05301], [55.2170048, 25.0531385]]]}}, {"type": "Feature", "properties": {"status": "existing", "bHeight": 3.2, "name": "", "levels": "1"}, "geometry": {"type": "Polygon", "coordinates": [[[55.2170705, 25.0532698], [55.2172021, 25.0532158], [55.2171364, 25.0530845], [55.2170048, 25.0531385], [55.2170705, 25.0532698]]]}}, {"type": "Feature", "properties": {"status": "existing", "bHeight": 3.2, "name": "", "levels": "1"}, "geometry": {"type": "Polygon", "coordinates": [[[55.2167413, 25.0534028], [55.2168503, 25.0533639], [55.2167109, 25.0530435], [55.216602, 25.0530823], [55.2167413, 25.0534028]]]}}, {"type": "Feature", "properties": {"status": "existing", "bHeight": 3.2, "name": "", "levels": "1"}, "geometry": {"type": "Polygon", "coordinates": [[[55.2164479, 25.05352], [55.2165524, 25.053481], [55.2164318, 25.0532158], [55.2163273, 25.0532548], [55.2164479, 25.05352]]]}}, {"type": "Feature", "properties": {"status": "existing", "bHeight": 3.2, "name": "", "levels": "1"}, "geometry": {"type": "Polygon", "coordinates": [[[55.216596, 25.0537202], [55.2167443, 25.0536583], [55.2166788, 25.0535296], [55.2165305, 25.0535915], [55.216596, 25.0537202]]]}}, {"type": "Feature", "properties": {"status": "existing", "bHeight": 3.2, "name": "", "levels": "1"}, "geometry": {"type": "Polygon", "coordinates": [[[55.216459, 25.0537774], [55.216596, 25.0537202], [55.2165305, 25.0535915], [55.2163935, 25.0536486], [55.216459, 25.0537774]]]}}, {"type": "Feature", "properties": {"status": "existing", "bHeight": 3.2, "name": "", "levels": "1"}, "geometry": {"type": "Polygon", "coordinates": [[[55.2163122, 25.0538386], [55.216459, 25.0537774], [55.2163935, 25.0536486], [55.2162467, 25.0537099], [55.2163122, 25.0538386]]]}}, {"type": "Feature", "properties": {"status": "existing", "bHeight": 3.2, "name": "", "levels": "1"}, "geometry": {"type": "Polygon", "coordinates": [[[55.2161002, 25.0539271], [55.2163122, 25.0538386], [55.2162467, 25.0537099], [55.2160347, 25.0537984], [55.2161002, 25.0539271]]]}}, {"type": "Feature", "properties": {"status": "existing", "bHeight": 3.2, "name": "", "levels": "1"}, "geometry": {"type": "Polygon", "coordinates": [[[55.2159541, 25.0539881], [55.2161002, 25.0539271], [55.2160347, 25.0537984], [55.2158886, 25.0538593], [55.2159541, 25.0539881]]]}}, {"type": "Feature", "properties": {"status": "existing", "bHeight": 3.2, "name": "", "levels": "1"}, "geometry": {"type": "Polygon", "coordinates": [[[55.2158132, 25.0540469], [55.2159541, 25.0539881], [55.2158886, 25.0538593], [55.2157477, 25.0539181], [55.2158132, 25.0540469]]]}}, {"type": "Feature", "properties": {"status": "existing", "bHeight": 3.2, "name": "", "levels": "1"}, "geometry": {"type": "Polygon", "coordinates": [[[55.2156637, 25.0541093], [55.2158132, 25.0540469], [55.2157477, 25.0539181], [55.2155982, 25.0539805], [55.2156637, 25.0541093]]]}}, {"type": "Feature", "properties": {"status": "existing", "bHeight": 3.2, "name": "", "levels": "1"}, "geometry": {"type": "Polygon", "coordinates": [[[55.2160789, 25.0533604], [55.2159802, 25.0533974], [55.2160992, 25.0536577], [55.2161978, 25.0536208], [55.2160983, 25.053403], [55.2160789, 25.0533604]]]}}, {"type": "Feature", "properties": {"status": "existing", "bHeight": 3.2, "name": "", "levels": "1"}, "geometry": {"type": "Polygon", "coordinates": [[[55.2157512, 25.0537979], [55.2158801, 25.0537464], [55.2157429, 25.0534647], [55.215614, 25.0535162], [55.2157512, 25.0537979]]]}}, {"type": "Feature", "properties": {"status": "existing", "bHeight": 3.2, "name": "", "levels": "1"}, "geometry": {"type": "Polygon", "coordinates": [[[55.215154, 25.0530426], [55.2152634, 25.0529857], [55.2150674, 25.0526764], [55.214958, 25.0527333], [55.215154, 25.0530426]]]}}, {"type": "Feature", "properties": {"status": "existing", "bHeight": 3.2, "name": "", "levels": "1"}, "geometry": {"type": "Polygon", "coordinates": [[[55.2153773, 25.0534093], [55.2154856, 25.053358], [55.2152965, 25.0530303], [55.2151882, 25.0530816], [55.2153773, 25.0534093]]]}}, {"type": "Feature", "properties": {"status": "existing", "bHeight": 3.2, "name": "", "levels": "1"}, "geometry": {"type": "Polygon", "coordinates": [[[55.2146174, 25.0536038], [55.2147098, 25.0535302], [55.2143525, 25.0531617], [55.2142601, 25.0532353], [55.2146174, 25.0536038]]]}}, {"type": "Feature", "properties": {"status": "existing", "bHeight": 3.2, "name": "", "levels": "1"}, "geometry": {"type": "Polygon", "coordinates": [[[55.2143494, 25.0538123], [55.2144417, 25.0537393], [55.2140878, 25.0533718], [55.2139956, 25.0534447], [55.2143494, 25.0538123]]]}}, {"type": "Feature", "properties": {"status": "existing", "bHeight": 3.2, "name": "", "levels": "1"}, "geometry": {"type": "Polygon", "coordinates": [[[55.2140679, 25.0540347], [55.214153, 25.0539678], [55.2138024, 25.0536019], [55.2137173, 25.0536688], [55.2140679, 25.0540347]]]}}, {"type": "Feature", "properties": {"status": "existing", "bHeight": 3.2, "name": "", "levels": "1"}, "geometry": {"type": "Polygon", "coordinates": [[[55.2138274, 25.0542343], [55.2139145, 25.0541641], [55.2135542, 25.0537973], [55.2134672, 25.0538675], [55.2138274, 25.0542343]]]}}, {"type": "Feature", "properties": {"status": "existing", "bHeight": 3.2, "name": "", "levels": "1"}, "geometry": {"type": "Polygon", "coordinates": [[[55.2136081, 25.0543941], [55.2132613, 25.0540244], [55.2131807, 25.0540864], [55.2135275, 25.0544561], [55.2136081, 25.0543941]]]}}, {"type": "Feature", "properties": {"status": "existing", "bHeight": 3.2, "name": "", "levels": "1"}, "geometry": {"type": "Polygon", "coordinates": [[[55.2132848, 25.0546622], [55.2133738, 25.0545912], [55.2130193, 25.0542263], [55.2129303, 25.0542972], [55.2132848, 25.0546622]]]}}, {"type": "Feature", "properties": {"status": "existing", "bHeight": 3.2, "name": "", "levels": "1"}, "geometry": {"type": "Polygon", "coordinates": [[[55.2129939, 25.0548888], [55.2130843, 25.054817], [55.2127285, 25.0544493], [55.2126381, 25.0545211], [55.2129939, 25.0548888]]]}}, {"type": "Feature", "properties": {"status": "existing", "bHeight": 3.2, "name": "", "levels": "1"}, "geometry": {"type": "Polygon", "coordinates": [[[55.2084061, 25.0504885], [55.2087312, 25.0504476], [55.2087075, 25.050293], [55.2085261, 25.0503159], [55.2084871, 25.050062], [55.2083434, 25.0500801], [55.2084061, 25.0504885]]]}}, {"type": "Feature", "properties": {"status": "existing", "bHeight": 3.2, "name": "", "levels": "1"}, "geometry": {"type": "Polygon", "coordinates": [[[55.2087348, 25.05045], [55.2090627, 25.0504448], [55.2091783, 25.050166], [55.2090225, 25.0501154], [55.2089657, 25.0502521], [55.2090082, 25.0502688], [55.2090056, 25.0503041], [55.2087432, 25.0502699], [55.2087348, 25.05045]]]}}, {"type": "Feature", "properties": {"status": "existing", "bHeight": 13.6, "name": "", "levels": "4"}, "geometry": {"type": "Polygon", "coordinates": [[[55.2082613, 25.0513937], [55.2081855, 25.0510511], [55.2082144, 25.051], [55.2083382, 25.0510009], [55.2087267, 25.0509514], [55.2087334, 25.0511629], [55.2085326, 25.0511616], [55.2084047, 25.0512769], [55.2084175, 25.0513879], [55.2082613, 25.0513937]]]}}, {"type": "Feature", "properties": {"status": "existing", "bHeight": 17.0, "name": "", "levels": "5"}, "geometry": {"type": "Polygon", "coordinates": [[[55.2088161, 25.0517733], [55.2091505, 25.0518359], [55.2092398, 25.0517551], [55.2091611, 25.0513443], [55.2091689, 25.0509813], [55.2087714, 25.0509962], [55.2087754, 25.0511529], [55.2089774, 25.0511348], [55.2089905, 25.0514015], [55.2090416, 25.0516463], [55.2088162, 25.0516312], [55.2088161, 25.0517733]]]}}, {"type": "Feature", "properties": {"status": "existing", "bHeight": 3.2, "name": "", "levels": "1"}, "geometry": {"type": "Polygon", "coordinates": [[[55.2089242, 25.0506867], [55.208915, 25.0508333], [55.2092628, 25.0508511], [55.209272, 25.0507045], [55.2089242, 25.0506867]]]}}, {"type": "Feature", "properties": {"status": "existing", "bHeight": 3.2, "name": "", "levels": "1"}, "geometry": {"type": "Polygon", "coordinates": [[[55.2085282, 25.0506989], [55.208535, 25.0508592], [55.2088917, 25.0508469], [55.2088849, 25.0506866], [55.2085282, 25.0506989]]]}}, {"type": "Feature", "properties": {"status": "existing", "bHeight": 3.2, "name": "", "levels": "1"}, "geometry": {"type": "Polygon", "coordinates": [[[55.208133, 25.0507215], [55.2081457, 25.050877], [55.2085016, 25.0508532], [55.2084889, 25.0506977], [55.208133, 25.0507215]]]}}, {"type": "Feature", "properties": {"status": "existing", "bHeight": 3.2, "name": "", "levels": "1"}, "geometry": {"type": "Polygon", "coordinates": [[[55.2081721, 25.0500616], [55.208076, 25.0496191], [55.207898, 25.0496509], [55.207871, 25.0496557], [55.2078752, 25.0496753], [55.2079003, 25.0496708], [55.2079204, 25.0497638], [55.2078943, 25.0497684], [55.2078979, 25.049785], [55.2079244, 25.0497802], [55.2079449, 25.0498748], [55.2079222, 25.0498788], [55.2079267, 25.0498991], [55.2079471, 25.0498955], [55.2079662, 25.0499832], [55.2079433, 25.0499872], [55.207948, 25.050009], [55.2079701, 25.050005], [55.207982, 25.0500602], [55.2080265, 25.0500523], [55.2080339, 25.0500863], [55.2081721, 25.0500616]]]}}, {"type": "Feature", "properties": {"status": "existing", "bHeight": 3.2, "name": "", "levels": "1"}, "geometry": {"type": "Polygon", "coordinates": [[[55.2082568, 25.0504689], [55.2081888, 25.0501272], [55.2079932, 25.0501592], [55.2080005, 25.0501961], [55.2079808, 25.0501994], [55.2079847, 25.0502188], [55.2080048, 25.0502155], [55.2080233, 25.0503088], [55.2079989, 25.0503128], [55.2080024, 25.0503304], [55.2080306, 25.0503258], [55.2080489, 25.0504174], [55.2080256, 25.0504212], [55.2080298, 25.0504419], [55.2080591, 25.0504371], [55.2080714, 25.0504992], [55.2082568, 25.0504689]]]}}, {"type": "Feature", "properties": {"status": "existing", "bHeight": 3.2, "name": "", "levels": "1"}, "geometry": {"type": "Polygon", "coordinates": [[[55.2077113, 25.0501115], [55.2076049, 25.0495974], [55.2071918, 25.0496675], [55.2072343, 25.0498731], [55.207395, 25.0498458], [55.2074589, 25.0501543], [55.2077113, 25.0501115]]]}}, {"type": "Feature", "properties": {"status": "existing", "bHeight": 3.2, "name": "", "levels": "1"}, "geometry": {"type": "Polygon", "coordinates": [[[55.2078158, 25.0506161], [55.2077113, 25.0501115], [55.2074589, 25.0501543], [55.2075103, 25.0504027], [55.2076225, 25.0503836], [55.2076304, 25.050422], [55.2073766, 25.0504652], [55.2074217, 25.050683], [55.2078158, 25.0506161]]]}}, {"type": "Feature", "properties": {"status": "existing", "bHeight": 3.2, "name": "", "levels": "1"}, "geometry": {"type": "Polygon", "coordinates": [[[55.2078724, 25.0472334], [55.2078841, 25.0474008], [55.2083819, 25.0473723], [55.2083702, 25.0472049], [55.2078724, 25.0472334]]]}}, {"type": "Feature", "properties": {"status": "existing", "bHeight": 3.2, "name": "", "levels": "1"}, "geometry": {"type": "Polygon", "coordinates": [[[55.2073634, 25.0472626], [55.2073751, 25.04743], [55.2078841, 25.0474008], [55.2078724, 25.0472334], [55.2073634, 25.0472626]]]}}, {"type": "Feature", "properties": {"status": "existing", "bHeight": 3.2, "name": "", "levels": "1"}, "geometry": {"type": "Polygon", "coordinates": [[[55.2097585, 25.0480343], [55.209828, 25.0480565], [55.2102436, 25.0481898], [55.2103861, 25.047825], [55.2101787, 25.0477585], [55.2101633, 25.047798], [55.2101134, 25.0479257], [55.2099543, 25.0478747], [55.209969, 25.047837], [55.2099187, 25.0478209], [55.2098504, 25.047799], [55.2097585, 25.0480343]]]}}, {"type": "Feature", "properties": {"status": "existing", "bHeight": 3.2, "name": "", "levels": "1"}, "geometry": {"type": "Polygon", "coordinates": [[[55.2133678, 25.0509502], [55.2134682, 25.0510517], [55.2136127, 25.0511979], [55.2136479, 25.0512332], [55.2138166, 25.0510962], [55.2137886, 25.0510686], [55.213706, 25.0509845], [55.2140013, 25.0507444], [55.2141293, 25.0506406], [55.214253, 25.0507655], [55.2144321, 25.05062], [55.2141388, 25.0503238], [55.2133678, 25.0509502]]]}}, {"type": "Feature", "properties": {"status": "existing", "bHeight": 3.2, "name": "", "levels": "1"}, "geometry": {"type": "Polygon", "coordinates": [[[55.2129813, 25.0503566], [55.2132681, 25.0500964], [55.2130488, 25.049898], [55.212762, 25.0501582], [55.2129813, 25.0503566]]]}}, {"type": "Feature", "properties": {"status": "existing", "bHeight": 3.2, "name": "", "levels": "1"}, "geometry": {"type": "Polygon", "coordinates": [[[55.2120964, 25.051708], [55.2125269, 25.0513435], [55.2124051, 25.0512254], [55.2120924, 25.0514795], [55.2119448, 25.0513398], [55.2118201, 25.0514382], [55.2119746, 25.0515899], [55.2120964, 25.051708]]]}}, {"type": "Feature", "properties": {"status": "existing", "bHeight": 3.2, "name": "", "levels": "1"}, "geometry": {"type": "Polygon", "coordinates": [[[55.2121514, 25.0510623], [55.2118193, 25.050881], [55.2115144, 25.051114], [55.2118024, 25.051417], [55.2119113, 25.0513328], [55.2117849, 25.0511941], [55.2119121, 25.0510892], [55.212085, 25.0511738], [55.212149, 25.0511002], [55.2121261, 25.0510816], [55.2121514, 25.0510623]]]}}, {"type": "Feature", "properties": {"status": "existing", "bHeight": 3.2, "name": "", "levels": "1"}, "geometry": {"type": "Polygon", "coordinates": [[[55.2113193, 25.0517386], [55.2112214, 25.0516331], [55.2111892, 25.0516576], [55.2111643, 25.0516308], [55.2111922, 25.0516095], [55.2111248, 25.0515368], [55.2110909, 25.0515626], [55.211069, 25.051539], [55.2110966, 25.051518], [55.21107, 25.0514892], [55.2109781, 25.0515592], [55.2112169, 25.0518165], [55.2113193, 25.0517386]]]}}, {"type": "Feature", "properties": {"status": "existing", "bHeight": 3.2, "name": "", "levels": "1"}, "geometry": {"type": "Polygon", "coordinates": [[[55.2116235, 25.0520791], [55.2115981, 25.0520525], [55.2115708, 25.0520739], [55.211544, 25.0520459], [55.2115711, 25.0520245], [55.2115043, 25.0519547], [55.2114774, 25.0519758], [55.2114518, 25.0519491], [55.2114821, 25.0519253], [55.2113847, 25.0518235], [55.2112854, 25.0519016], [55.2115275, 25.0521545], [55.2116235, 25.0520791]]]}}, {"type": "Feature", "properties": {"status": "existing", "bHeight": 3.2, "name": "", "levels": "1"}, "geometry": {"type": "Polygon", "coordinates": [[[55.2112031, 25.0520122], [55.2108519, 25.0516355], [55.2105519, 25.0518651], [55.2106748, 25.0519969], [55.2108149, 25.0518896], [55.2110433, 25.0521345], [55.2112031, 25.0520122]]]}}, {"type": "Feature", "properties": {"status": "existing", "bHeight": 3.2, "name": "", "levels": "1"}, "geometry": {"type": "Polygon", "coordinates": [[[55.2087231, 25.0528163], [55.2089847, 25.0528616], [55.2090244, 25.0526737], [55.2089053, 25.052653], [55.2089193, 25.0525866], [55.2087768, 25.052562], [55.2087231, 25.0528163]]]}}, {"type": "Feature", "properties": {"status": "existing", "bHeight": 78.2, "name": "", "levels": "23"}, "geometry": {"type": "Polygon", "coordinates": [[[55.2080929, 25.0536916], [55.2076244, 25.0537837], [55.2076993, 25.0540965], [55.2081678, 25.0540044], [55.2080929, 25.0536916]]]}}, {"type": "Feature", "properties": {"status": "existing", "bHeight": 3.2, "name": "", "levels": "1"}, "geometry": {"type": "Polygon", "coordinates": [[[55.206602, 25.0535681], [55.2065629, 25.0534122], [55.2063879, 25.0534482], [55.2063125, 25.0531478], [55.2060831, 25.0531951], [55.2061977, 25.0536514], [55.206602, 25.0535681]]]}}, {"type": "Feature", "properties": {"status": "existing", "bHeight": 136.0, "name": "The First Collection Hotel", "levels": "40"}, "geometry": {"type": "Polygon", "coordinates": [[[55.2045922, 25.0544839], [55.2044385, 25.0548645], [55.20497, 25.0550405], [55.2051236, 25.0546599], [55.2045922, 25.0544839]]]}}, {"type": "Feature", "properties": {"status": "existing", "bHeight": 3.2, "name": "", "levels": "1"}, "geometry": {"type": "Polygon", "coordinates": [[[55.2022832, 25.053325], [55.2022118, 25.0535081], [55.2024605, 25.0535876], [55.2023949, 25.0537561], [55.2025779, 25.0538146], [55.2027149, 25.0534631], [55.2022832, 25.053325]]]}}, {"type": "Feature", "properties": {"status": "existing", "bHeight": 3.2, "name": "", "levels": "1"}, "geometry": {"type": "Polygon", "coordinates": [[[55.2018093, 25.0531736], [55.2016677, 25.0535372], [55.20187, 25.0536019], [55.2019404, 25.0534213], [55.2022118, 25.0535081], [55.2022832, 25.053325], [55.2018093, 25.0531736]]]}}, {"type": "Feature", "properties": {"status": "existing", "bHeight": 3.2, "name": "Eaton Place", "levels": "1"}, "geometry": {"type": "Polygon", "coordinates": [[[55.2004013, 25.0599845], [55.1996735, 25.0605405], [55.1999293, 25.0608154], [55.2000656, 25.0607113], [55.1999726, 25.0606113], [55.199959, 25.0606217], [55.1999257, 25.0605859], [55.2003942, 25.060228], [55.2004113, 25.0602464], [55.200376, 25.0602734], [55.2004814, 25.0603866], [55.2006303, 25.0602728], [55.2005777, 25.0602163], [55.2006007, 25.0601987], [55.2004013, 25.0599845]]]}}, {"type": "Feature", "properties": {"status": "existing", "bHeight": 20.0, "name": "Golden Homes", "levels": "5"}, "geometry": {"type": "Polygon", "coordinates": [[[55.1994392, 25.0612814], [55.199186, 25.0608508], [55.1988146, 25.0610928], [55.198986, 25.0613455], [55.199143, 25.0612313], [55.1992364, 25.0614163], [55.1994392, 25.0612814]]]}}, {"type": "Feature", "properties": {"status": "existing", "bHeight": 3.2, "name": "", "levels": "1"}, "geometry": {"type": "Polygon", "coordinates": [[[55.1989142, 25.0608216], [55.1990317, 25.0607577], [55.198904, 25.0605651], [55.1987865, 25.0606289], [55.1989142, 25.0608216]]]}}, {"type": "Feature", "properties": {"status": "existing", "bHeight": 3.2, "name": "", "levels": "1"}, "geometry": {"type": "Polygon", "coordinates": [[[55.1987767, 25.0609027], [55.1988938, 25.0608381], [55.1987706, 25.0606551], [55.1986536, 25.0607197], [55.1987767, 25.0609027]]]}}, {"type": "Feature", "properties": {"status": "existing", "bHeight": 3.2, "name": "", "levels": "1"}, "geometry": {"type": "Polygon", "coordinates": [[[55.1986398, 25.0609819], [55.198753, 25.0609182], [55.1986216, 25.0607267], [55.1985084, 25.0607904], [55.1986398, 25.0609819]]]}}, {"type": "Feature", "properties": {"status": "existing", "bHeight": 3.2, "name": "", "levels": "1"}, "geometry": {"type": "Polygon", "coordinates": [[[55.1984954, 25.0610619], [55.1986094, 25.0610011], [55.1984815, 25.0608043], [55.1983675, 25.0608651], [55.1984954, 25.0610619]]]}}, {"type": "Feature", "properties": {"status": "existing", "bHeight": 3.2, "name": "", "levels": "1"}, "geometry": {"type": "Polygon", "coordinates": [[[55.1983571, 25.0611406], [55.1984681, 25.0610797], [55.1983365, 25.0608826], [55.1982254, 25.0609435], [55.1983571, 25.0611406]]]}}, {"type": "Feature", "properties": {"status": "existing", "bHeight": 3.2, "name": "", "levels": "1"}, "geometry": {"type": "Polygon", "coordinates": [[[55.1978794, 25.0602924], [55.198212, 25.0601491], [55.1981512, 25.0600332], [55.1978186, 25.0601766], [55.1978794, 25.0602924]]]}}, {"type": "Feature", "properties": {"status": "existing", "bHeight": 3.2, "name": "", "levels": "1"}, "geometry": {"type": "Polygon", "coordinates": [[[55.1982468, 25.0600992], [55.1983997, 25.0600579], [55.1983616, 25.0599422], [55.1982087, 25.0599835], [55.1982468, 25.0600992]]]}}, {"type": "Feature", "properties": {"status": "existing", "bHeight": 3.2, "name": "", "levels": "1"}, "geometry": {"type": "Polygon", "coordinates": [[[55.1984379, 25.0600625], [55.198797, 25.0599632], [55.1987556, 25.0598404], [55.1983966, 25.0599398], [55.1984379, 25.0600625]]]}}, {"type": "Feature", "properties": {"status": "existing", "bHeight": 3.2, "name": "", "levels": "1"}, "geometry": {"type": "Polygon", "coordinates": [[[55.1990763, 25.0586462], [55.1989376, 25.0583098], [55.1988271, 25.0583472], [55.1989658, 25.0586836], [55.1990763, 25.0586462]]]}}, {"type": "Feature", "properties": {"status": "existing", "bHeight": 3.2, "name": "", "levels": "1"}, "geometry": {"type": "Polygon", "coordinates": [[[55.1992195, 25.0589848], [55.1990918, 25.0586664], [55.198983, 25.0587022], [55.1991107, 25.0590206], [55.1992195, 25.0589848]]]}}, {"type": "Feature", "properties": {"status": "existing", "bHeight": 20.0, "name": "Mulberry Park Townhouse", "levels": "3"}, "geometry": {"type": "Polygon", "coordinates": [[[55.1994082, 25.0604929], [55.199199, 25.0601843], [55.1990917, 25.060244], [55.1993009, 25.0605526], [55.1994082, 25.0604929]]]}}, {"type": "Feature", "properties": {"status": "existing", "bHeight": 12.0, "name": "Mulberry Park Townhouse", "levels": "3"}, "geometry": {"type": "Polygon", "coordinates": [[[55.1992339, 25.0600871], [55.1992875, 25.0592683], [55.1991248, 25.0592595], [55.1990712, 25.0600784], [55.1992339, 25.0600871]]]}}, {"type": "Feature", "properties": {"status": "existing", "bHeight": 3.2, "name": "", "levels": "1"}, "geometry": {"type": "Polygon", "coordinates": [[[55.198972, 25.0481155], [55.1992489, 25.0478176], [55.199107, 25.0477093], [55.198939, 25.04789], [55.1986265, 25.0476516], [55.1988245, 25.0474386], [55.1986753, 25.0473248], [55.1983684, 25.047655], [55.198972, 25.0481155]]]}}, {"type": "Feature", "properties": {"status": "existing", "bHeight": 3.2, "name": "", "levels": "1"}, "geometry": {"type": "Polygon", "coordinates": [[[55.1989807, 25.0482801], [55.198897, 25.0482223], [55.1989352, 25.0481769], [55.198873, 25.048134], [55.1988384, 25.0481751], [55.1986268, 25.048029], [55.1985647, 25.0481029], [55.1985828, 25.0481155], [55.1985414, 25.0481647], [55.1986127, 25.048214], [55.1986487, 25.0481712], [55.1987008, 25.0482072], [55.1986651, 25.0482496], [55.1987362, 25.0482987], [55.1987682, 25.0482608], [55.1988149, 25.048293], [55.1987773, 25.0483376], [55.1988523, 25.0483894], [55.1988946, 25.048339], [55.1989177, 25.048355], [55.1989807, 25.0482801]]]}}, {"type": "Feature", "properties": {"status": "existing", "bHeight": 3.2, "name": "", "levels": "1"}, "geometry": {"type": "Polygon", "coordinates": [[[55.1985882, 25.0479994], [55.1983605, 25.0478282], [55.1982863, 25.0479093], [55.198309, 25.0479263], [55.1982678, 25.0479713], [55.1983355, 25.0480222], [55.1983759, 25.047978], [55.1984246, 25.0480146], [55.1983868, 25.0480559], [55.1984501, 25.0481035], [55.1984904, 25.0480595], [55.1985157, 25.0480785], [55.1985882, 25.0479994]]]}}, {"type": "Feature", "properties": {"status": "existing", "bHeight": 3.2, "name": "", "levels": "1"}, "geometry": {"type": "Polygon", "coordinates": [[[55.1989642, 25.0473572], [55.1990846, 25.0472437], [55.198853, 25.0470421], [55.1987326, 25.0471556], [55.1989642, 25.0473572]]]}}, {"type": "Feature", "properties": {"status": "existing", "bHeight": 3.2, "name": "", "levels": "1"}, "geometry": {"type": "Polygon", "coordinates": [[[55.1993008, 25.0476836], [55.1994331, 25.0475732], [55.1991224, 25.0472673], [55.19899, 25.0473777], [55.1993008, 25.0476836]]]}}, {"type": "Feature", "properties": {"status": "existing", "bHeight": 3.2, "name": "", "levels": "1"}, "geometry": {"type": "Polygon", "coordinates": [[[55.2003363, 25.0471652], [55.2001271, 25.046859], [55.2000311, 25.0469128], [55.2002403, 25.047219], [55.2003363, 25.0471652]]]}}, {"type": "Feature", "properties": {"status": "existing", "bHeight": 3.2, "name": "", "levels": "1"}, "geometry": {"type": "Polygon", "coordinates": [[[55.2000976, 25.0468128], [55.2000037, 25.0464678], [55.199888, 25.0464936], [55.1999819, 25.0468387], [55.2000976, 25.0468128]]]}}, {"type": "Feature", "properties": {"status": "existing", "bHeight": 3.2, "name": "", "levels": "1"}, "geometry": {"type": "Polygon", "coordinates": [[[55.2003607, 25.0514612], [55.2008595, 25.0508857], [55.2007675, 25.0507631], [55.2002098, 25.0513969], [55.2003607, 25.0514612]]]}}, {"type": "Feature", "properties": {"status": "existing", "bHeight": 3.2, "name": "", "levels": "1"}, "geometry": {"type": "Polygon", "coordinates": [[[55.2007359, 25.0506837], [55.2006702, 25.0505549], [55.2005616, 25.0504626], [55.2004207, 25.050335], [55.2003483, 25.0502196], [55.2002629, 25.0503039], [55.2003738, 25.0504274], [55.2000439, 25.0506522], [55.2002679, 25.0508344], [55.2005576, 25.0506448], [55.2005951, 25.0506995], [55.200633, 25.0507473], [55.2007359, 25.0506837]]]}}, {"type": "Feature", "properties": {"status": "existing", "bHeight": 3.2, "name": "", "levels": "1"}, "geometry": {"type": "Polygon", "coordinates": [[[55.1998951, 25.0512657], [55.2000855, 25.0508696], [55.1998698, 25.0507845], [55.1996981, 25.0511988], [55.1996523, 25.0511819], [55.1996268, 25.0512596], [55.1997073, 25.0512949], [55.199993, 25.0514006], [55.2000265, 25.0513252], [55.1998951, 25.0512657]]]}}, {"type": "Feature", "properties": {"status": "existing", "bHeight": 3.2, "name": "", "levels": "1"}, "geometry": {"type": "Polygon", "coordinates": [[[55.2043918, 25.0530335], [55.2042456, 25.0529046], [55.2037561, 25.0527649], [55.2036301, 25.0528294], [55.203526, 25.0530613], [55.2036494, 25.0531081], [55.2037137, 25.0529506], [55.2041542, 25.0530964], [55.2042577, 25.053184], [55.2043918, 25.0530335]]]}}, {"type": "Feature", "properties": {"status": "existing", "bHeight": 57.8, "name": "G24", "levels": "17"}, "geometry": {"type": "Polygon", "coordinates": [[[55.2155503, 25.0676985], [55.2153525, 25.0676606], [55.2145097, 25.0674864], [55.2143336, 25.0674561], [55.2142369, 25.0678553], [55.215453, 25.0680982], [55.2155503, 25.0676985]]]}}, {"type": "Feature", "properties": {"status": "existing", "bHeight": 12.0, "name": "Sandhurst House", "levels": ""}, "geometry": {"type": "Polygon", "coordinates": [[[55.2058688, 25.068912], [55.2060173, 25.0691096], [55.2063579, 25.0688997], [55.2064451, 25.0690157], [55.2067134, 25.0688503], [55.2064777, 25.0685366], [55.2058688, 25.068912]]]}}, {"type": "Feature", "properties": {"status": "existing", "bHeight": 153.0, "name": "Bloom Towers", "levels": "45"}, "geometry": {"type": "Polygon", "coordinates": [[[55.2038309, 25.0676466], [55.2029109, 25.066614], [55.2031584, 25.0664331], [55.2033244, 25.0663118], [55.2034762, 25.0664822], [55.2035291, 25.0665416], [55.203673, 25.0667031], [55.2037222, 25.0667583], [55.2038683, 25.0669223], [55.2039122, 25.0669716], [55.2040622, 25.06714], [55.2041046, 25.0671875], [55.2042444, 25.0673444], [55.2038309, 25.0676466]]]}}, {"type": "Feature", "properties": {"status": "existing", "bHeight": 115.6, "name": "Bloom Heights Towers", "levels": "34"}, "geometry": {"type": "Polygon", "coordinates": [[[55.204648, 25.0561547], [55.204343, 25.0569001], [55.2033643, 25.0566047], [55.2033923, 25.0558698], [55.2033965, 25.0557588], [55.2039953, 25.0559482], [55.204648, 25.0561547]]]}}, {"type": "Feature", "properties": {"status": "existing", "bHeight": 207.4, "name": "FIVE Jumeirah Village", "levels": "61"}, "geometry": {"type": "Polygon", "coordinates": [[[55.2069528, 25.0545566], [55.2072531, 25.0544985], [55.2070589, 25.0536754], [55.2061873, 25.0538442], [55.2062505, 25.0541121], [55.2069528, 25.0545566]]]}}, {"type": "Feature", "properties": {"status": "existing", "bHeight": 54.4, "name": "", "levels": "16"}, "geometry": {"type": "Polygon", "coordinates": [[[55.2109846, 25.0538594], [55.2107178, 25.053554], [55.2104141, 25.0537717], [55.2106809, 25.0540771], [55.2109846, 25.0538594]]]}}, {"type": "Feature", "properties": {"status": "existing", "bHeight": 12.0, "name": "", "levels": ""}, "geometry": {"type": "Polygon", "coordinates": [[[55.2105007, 25.0535373], [55.2107149, 25.0533581], [55.2108323, 25.0534733], [55.2109459, 25.0533782], [55.2106605, 25.0530983], [55.2103327, 25.0533726], [55.2105007, 25.0535373]]]}}, {"type": "Feature", "properties": {"status": "existing", "bHeight": 12.0, "name": "", "levels": ""}, "geometry": {"type": "Polygon", "coordinates": [[[55.2009422, 25.0553574], [55.2011564, 25.0554253], [55.2010921, 25.055592], [55.2015767, 25.0557455], [55.2016335, 25.0555984], [55.201859, 25.0556699], [55.2017266, 25.056013], [55.2008022, 25.0557202], [55.2009422, 25.0553574]]]}}, {"type": "Feature", "properties": {"status": "existing", "bHeight": 91.8, "name": "Jeewar Tower", "levels": "27"}, "geometry": {"type": "Polygon", "coordinates": [[[55.2095304, 25.0589446], [55.2097175, 25.0590595], [55.2097544, 25.0592956], [55.2093087, 25.0593474], [55.2092602, 25.0589917], [55.2095304, 25.0589446]]]}}, {"type": "Feature", "properties": {"status": "existing", "bHeight": 88.4, "name": "", "levels": "26"}, "geometry": {"type": "Polygon", "coordinates": [[[55.2087298, 25.0586972], [55.2088173, 25.0590541], [55.2092799, 25.0589629], [55.2092259, 25.058758], [55.2090143, 25.0586351], [55.2087298, 25.0586972]]]}}, {"type": "Feature", "properties": {"status": "existing", "bHeight": 12.0, "name": "", "levels": ""}, "geometry": {"type": "Polygon", "coordinates": [[[55.2100733, 25.0607315], [55.2099617, 25.0607494], [55.2099654, 25.0607684], [55.2098509, 25.0607867], [55.2098538, 25.0608019], [55.2097427, 25.0608197], [55.2097475, 25.0608443], [55.209679, 25.0608552], [55.2097715, 25.0613302], [55.2101772, 25.0612653], [55.2100733, 25.0607315]]]}}, {"type": "Feature", "properties": {"status": "existing", "bHeight": 20.0, "name": "Flamingo", "levels": "5"}, "geometry": {"type": "Polygon", "coordinates": [[[55.1998366, 25.0616791], [55.2002292, 25.0613568], [55.2005081, 25.0616567], [55.2005279, 25.0617553], [55.2003812, 25.0618764], [55.2002181, 25.0617425], [55.2000091, 25.0619086], [55.1998665, 25.0617702], [55.1998366, 25.0616791]]]}}, {"type": "Feature", "properties": {"status": "existing", "bHeight": 12.0, "name": "", "levels": ""}, "geometry": {"type": "Polygon", "coordinates": [[[55.1992529, 25.0516519], [55.1992955, 25.0515794], [55.1993284, 25.0515953], [55.1992857, 25.0516678], [55.1992529, 25.0516519]]]}}, {"type": "Feature", "properties": {"status": "existing", "bHeight": 17.0, "name": "O2 Tower", "levels": "5"}, "geometry": {"type": "Polygon", "coordinates": [[[55.2051099, 25.0469185], [55.2050031, 25.0463786], [55.2054347, 25.0463085], [55.2055415, 25.0468483], [55.2051099, 25.0469185]]]}}, {"type": "Feature", "properties": {"status": "existing", "bHeight": 125.8, "name": "Square Tower", "levels": "37"}, "geometry": {"type": "Polygon", "coordinates": [[[55.2060093, 25.0462234], [55.2064314, 25.0462347], [55.2065633, 25.0467927], [55.2061384, 25.0468826], [55.2060093, 25.0462234]]]}}, {"type": "Feature", "properties": {"status": "existing", "bHeight": 12.0, "name": "", "levels": ""}, "geometry": {"type": "Polygon", "coordinates": [[[55.2016335, 25.0468271], [55.2015111, 25.0463863], [55.2015079, 25.0463741], [55.2016652, 25.0463406], [55.2016684, 25.0463529], [55.2017908, 25.0467912], [55.2016335, 25.0468271]]]}}, {"type": "Feature", "properties": {"status": "existing", "bHeight": 12.0, "name": "", "levels": ""}, "geometry": {"type": "Polygon", "coordinates": [[[55.2019171, 25.0467319], [55.201721, 25.0460439], [55.2020828, 25.0459592], [55.202131, 25.0461281], [55.2019338, 25.0461743], [55.2020406, 25.0465488], [55.2022441, 25.0465011], [55.2022854, 25.0466458], [55.2019171, 25.0467319]]]}}, {"type": "Feature", "properties": {"status": "existing", "bHeight": 12.0, "name": "", "levels": ""}, "geometry": {"type": "Polygon", "coordinates": [[[55.2009294, 25.0464241], [55.2007679, 25.046453], [55.2008848, 25.0469055], [55.2006646, 25.0469569], [55.200524, 25.0467448], [55.2004355, 25.0464556], [55.2003584, 25.0464768], [55.2003631, 25.0465528], [55.200301, 25.0465558], [55.2003685, 25.0467885], [55.2006081, 25.0471419], [55.2011149, 25.0470199], [55.2009294, 25.0464241]]]}}, {"type": "Feature", "properties": {"status": "existing", "bHeight": 12.0, "name": "", "levels": ""}, "geometry": {"type": "Polygon", "coordinates": [[[55.2104643, 25.0466038], [55.2104283, 25.0466853], [55.2105053, 25.0467132], [55.210396, 25.0469608], [55.2107549, 25.0470909], [55.2109002, 25.0467618], [55.2104643, 25.0466038]]]}}, {"type": "Feature", "properties": {"status": "existing", "bHeight": 12.0, "name": "", "levels": ""}, "geometry": {"type": "Polygon", "coordinates": [[[55.2010195, 25.0474156], [55.2010867, 25.0473628], [55.2011104, 25.0473875], [55.2011915, 25.0473237], [55.2010907, 25.0472185], [55.2010242, 25.0472708], [55.2010079, 25.0472538], [55.2009261, 25.0473182], [55.2010195, 25.0474156]]]}}, {"type": "Feature", "properties": {"status": "existing", "bHeight": 12.0, "name": "", "levels": ""}, "geometry": {"type": "Polygon", "coordinates": [[[55.2011676, 25.0475552], [55.2013054, 25.0474283], [55.2012216, 25.0473535], [55.2010837, 25.0474804], [55.2011676, 25.0475552]]]}}, {"type": "Feature", "properties": {"status": "existing", "bHeight": 12.0, "name": "", "levels": ""}, "geometry": {"type": "Polygon", "coordinates": [[[55.2012068, 25.0476823], [55.2013396, 25.0478135], [55.2014263, 25.0477415], [55.2012936, 25.0476103], [55.2012068, 25.0476823]]]}}, {"type": "Feature", "properties": {"status": "existing", "bHeight": 12.0, "name": "", "levels": ""}, "geometry": {"type": "Polygon", "coordinates": [[[55.2010955, 25.0477686], [55.2012283, 25.0478998], [55.201315, 25.0478278], [55.2011822, 25.0476966], [55.2010955, 25.0477686]]]}}, {"type": "Feature", "properties": {"status": "existing", "bHeight": 12.0, "name": "", "levels": ""}, "geometry": {"type": "Polygon", "coordinates": [[[55.2009614, 25.0478724], [55.2010718, 25.0479796], [55.2011602, 25.0479049], [55.2010498, 25.0477977], [55.2009614, 25.0478724]]]}}, {"type": "Feature", "properties": {"status": "existing", "bHeight": 12.0, "name": "", "levels": ""}, "geometry": {"type": "Polygon", "coordinates": [[[55.2008461, 25.0479657], [55.2009669, 25.0480841], [55.201055, 25.0480104], [55.2009341, 25.0478919], [55.2008461, 25.0479657]]]}}, {"type": "Feature", "properties": {"status": "existing", "bHeight": 12.0, "name": "", "levels": ""}, "geometry": {"type": "Polygon", "coordinates": [[[55.2007174, 25.0480639], [55.2008502, 25.0481951], [55.2009369, 25.0481231], [55.2008041, 25.0479918], [55.2007174, 25.0480639]]]}}, {"type": "Feature", "properties": {"status": "existing", "bHeight": 12.0, "name": "", "levels": ""}, "geometry": {"type": "Polygon", "coordinates": [[[55.200587, 25.0481639], [55.2007198, 25.0482951], [55.2008065, 25.0482231], [55.2006737, 25.0480918], [55.200587, 25.0481639]]]}}, {"type": "Feature", "properties": {"status": "existing", "bHeight": 12.0, "name": "", "levels": ""}, "geometry": {"type": "Polygon", "coordinates": [[[55.2005656, 25.0481834], [55.200465, 25.0482651], [55.2005977, 25.0483993], [55.2006984, 25.0483176], [55.2005656, 25.0481834]]]}}, {"type": "Feature", "properties": {"status": "existing", "bHeight": 12.0, "name": "", "levels": ""}, "geometry": {"type": "Polygon", "coordinates": [[[55.1984296, 25.0508076], [55.1987364, 25.050011], [55.1985724, 25.0499591], [55.1982655, 25.0507557], [55.1984296, 25.0508076]]]}}, {"type": "Feature", "properties": {"status": "existing", "bHeight": 12.0, "name": "", "levels": ""}, "geometry": {"type": "Polygon", "coordinates": [[[55.1985969, 25.0506121], [55.1985166, 25.0508547], [55.1986063, 25.0509061], [55.1987109, 25.0509486], [55.1988356, 25.0509802], [55.1989095, 25.0509847], [55.1989831, 25.0507263], [55.198916, 25.0506789], [55.1988222, 25.0506412], [55.1986974, 25.050606], [55.1985969, 25.0506121]]]}}, {"type": "Feature", "properties": {"status": "existing", "bHeight": 12.0, "name": "", "levels": ""}, "geometry": {"type": "Polygon", "coordinates": [[[55.1988127, 25.0500581], [55.1987382, 25.0502736], [55.1990815, 25.050479], [55.199203, 25.0502865], [55.1991574, 25.050233], [55.199089, 25.0501844], [55.1988127, 25.0500581]]]}}, {"type": "Feature", "properties": {"status": "existing", "bHeight": 12.0, "name": "", "levels": ""}, "geometry": {"type": "Polygon", "coordinates": [[[55.2011611, 25.0499305], [55.2009215, 25.0496479], [55.2010126, 25.0495845], [55.2009081, 25.0494612], [55.2005587, 25.0497044], [55.2006657, 25.0498307], [55.2007565, 25.0497676], [55.2009934, 25.0500471], [55.2011611, 25.0499305]]]}}, {"type": "Feature", "properties": {"status": "existing", "bHeight": 12.0, "name": "", "levels": ""}, "geometry": {"type": "Polygon", "coordinates": [[[55.2019778, 25.0504213], [55.2018531, 25.050512], [55.2021052, 25.0507963], [55.2022299, 25.0507056], [55.2019778, 25.0504213]]]}}, {"type": "Feature", "properties": {"status": "existing", "bHeight": 12.0, "name": "", "levels": ""}, "geometry": {"type": "Polygon", "coordinates": [[[55.2023774, 25.0511879], [55.2024823, 25.0511146], [55.2022369, 25.0508266], [55.202132, 25.0509], [55.2023774, 25.0511879]]]}}, {"type": "Feature", "properties": {"status": "existing", "bHeight": 12.0, "name": "", "levels": ""}, "geometry": {"type": "Polygon", "coordinates": [[[55.2037113, 25.0518071], [55.2035893, 25.0519335], [55.2036816, 25.0520065], [55.2037391, 25.0519468], [55.2037158, 25.0519284], [55.2037802, 25.0518616], [55.2037113, 25.0518071]]]}}, {"type": "Feature", "properties": {"status": "existing", "bHeight": 12.0, "name": "", "levels": ""}, "geometry": {"type": "Polygon", "coordinates": [[[55.2035327, 25.0516005], [55.2033835, 25.0517078], [55.2034502, 25.0517839], [55.2035993, 25.0516766], [55.2035327, 25.0516005]]]}}, {"type": "Feature", "properties": {"status": "existing", "bHeight": 12.0, "name": "", "levels": ""}, "geometry": {"type": "Polygon", "coordinates": [[[55.2042281, 25.0518791], [55.204254, 25.0520311], [55.2043651, 25.0520156], [55.2043392, 25.0518636], [55.2042281, 25.0518791]]]}}, {"type": "Feature", "properties": {"status": "existing", "bHeight": 12.0, "name": "", "levels": ""}, "geometry": {"type": "Polygon", "coordinates": [[[55.2057986, 25.0518283], [55.2059247, 25.0523726], [55.2063405, 25.0522935], [55.2063083, 25.0521544], [55.2060797, 25.0521978], [55.2059858, 25.0517927], [55.2057986, 25.0518283]]]}}, {"type": "Feature", "properties": {"status": "existing", "bHeight": 12.0, "name": "", "levels": ""}, "geometry": {"type": "Polygon", "coordinates": [[[55.2101239, 25.0532286], [55.2099783, 25.0530961], [55.2098474, 25.0532141], [55.2097312, 25.0531082], [55.2095848, 25.0532402], [55.2098466, 25.0534785], [55.2101239, 25.0532286]]]}}, {"type": "Feature", "properties": {"status": "existing", "bHeight": 112.2, "name": "Alpha Green Tower", "levels": "33"}, "geometry": {"type": "Polygon", "coordinates": [[[55.2134348, 25.0572553], [55.2129388, 25.0570939], [55.2128798, 25.0575094], [55.2132819, 25.0576404], [55.2134348, 25.0572553]]]}}, {"type": "Feature", "properties": {"status": "existing", "bHeight": 12.0, "name": "", "levels": ""}, "geometry": {"type": "Polygon", "coordinates": [[[55.2106239, 25.0598709], [55.2102618, 25.060075], [55.2102443, 25.0600031], [55.2102216, 25.0599134], [55.2102886, 25.0599], [55.2102816, 25.0598536], [55.2103074, 25.0598441], [55.2102645, 25.0596911], [55.2103423, 25.0596704], [55.2103637, 25.0597178], [55.2104791, 25.0596911], [55.2103221, 25.0594615], [55.2100028, 25.0595014], [55.2100084, 25.0595239], [55.2101396, 25.0600568], [55.210204, 25.0603093], [55.2107406, 25.0600252], [55.2106239, 25.0598709]]]}}, {"type": "Feature", "properties": {"status": "existing", "bHeight": 12.0, "name": "", "levels": ""}, "geometry": {"type": "Polygon", "coordinates": [[[55.2107725, 25.0597332], [55.2106772, 25.0598043], [55.2108081, 25.0599481], [55.2109033, 25.059877], [55.2107725, 25.0597332]]]}}, {"type": "Feature", "properties": {"status": "existing", "bHeight": 12.0, "name": "", "levels": ""}, "geometry": {"type": "Polygon", "coordinates": [[[55.2112288, 25.0593715], [55.2112473, 25.0593846], [55.2112306, 25.0594042], [55.2113349, 25.0594774], [55.2113633, 25.0594443], [55.2113915, 25.0594642], [55.211468, 25.0593747], [55.2113463, 25.0592893], [55.2113129, 25.0593284], [55.2112834, 25.0593077], [55.2112288, 25.0593715]]]}}, {"type": "Feature", "properties": {"status": "existing", "bHeight": 12.0, "name": "", "levels": ""}, "geometry": {"type": "Polygon", "coordinates": [[[55.2110757, 25.0594953], [55.2112481, 25.0596012], [55.2113156, 25.0595111], [55.2111432, 25.0594052], [55.2110757, 25.0594953]]]}}, {"type": "Feature", "properties": {"status": "existing", "bHeight": 12.0, "name": "", "levels": ""}, "geometry": {"type": "Polygon", "coordinates": [[[55.2110351, 25.0595228], [55.2109677, 25.0595894], [55.2109603, 25.0595833], [55.2109305, 25.0596127], [55.2110447, 25.0597077], [55.211142, 25.0596118], [55.2110351, 25.0595228]]]}}, {"type": "Feature", "properties": {"status": "existing", "bHeight": 85.0, "name": "", "levels": "25"}, "geometry": {"type": "Polygon", "coordinates": [[[55.2099104, 25.0577874], [55.2098149, 25.0580402], [55.2102254, 25.0587881], [55.2105682, 25.0588924], [55.2107941, 25.0580522], [55.2099104, 25.0577874]]]}}, {"type": "Feature", "properties": {"status": "existing", "bHeight": 12.0, "name": "", "levels": ""}, "geometry": {"type": "Polygon", "coordinates": [[[55.2076225, 25.059894], [55.2078049, 25.0607735], [55.2082321, 25.0607713], [55.2081884, 25.0605524], [55.2079712, 25.0605889], [55.2078693, 25.0600665], [55.208049, 25.0600349], [55.2080067, 25.0598286], [55.2076225, 25.059894]]]}}, {"type": "Feature", "properties": {"status": "existing", "bHeight": 12.0, "name": "", "levels": ""}, "geometry": {"type": "Polygon", "coordinates": [[[55.2028877, 25.0615187], [55.2027596, 25.0616293], [55.2030348, 25.0618907], [55.2033906, 25.0615832], [55.2032268, 25.0614276], [55.203157, 25.061488], [55.2031808, 25.0615106], [55.2030229, 25.0616471], [55.2028877, 25.0615187]]]}}, {"type": "Feature", "properties": {"status": "existing", "bHeight": 71.4, "name": "", "levels": "21"}, "geometry": {"type": "Polygon", "coordinates": [[[55.2025522, 25.0603824], [55.2022483, 25.0606146], [55.2024019, 25.0607796], [55.2027058, 25.0605474], [55.2025522, 25.0603824]]]}}, {"type": "Feature", "properties": {"status": "existing", "bHeight": 12.0, "name": "", "levels": ""}, "geometry": {"type": "Polygon", "coordinates": [[[55.1999823, 25.0584238], [55.2000751, 25.0587395], [55.2001941, 25.0587108], [55.2001013, 25.0583951], [55.1999823, 25.0584238]]]}}, {"type": "Feature", "properties": {"status": "existing", "bHeight": 12.0, "name": "", "levels": ""}, "geometry": {"type": "Polygon", "coordinates": [[[55.1999876, 25.057983], [55.1998576, 25.0580144], [55.1999675, 25.0583885], [55.2000976, 25.0583572], [55.1999876, 25.057983]]]}}, {"type": "Feature", "properties": {"status": "existing", "bHeight": 12.0, "name": "", "levels": ""}, "geometry": {"type": "Polygon", "coordinates": [[[55.1998195, 25.0583934], [55.1996961, 25.0584272], [55.1996311, 25.0584449], [55.1997067, 25.0586721], [55.1994704, 25.0587367], [55.1993967, 25.0585151], [55.1993344, 25.0585321], [55.1991993, 25.058569], [55.1993199, 25.0589315], [55.199942, 25.0587616], [55.1998195, 25.0583934]]]}}, {"type": "Feature", "properties": {"status": "existing", "bHeight": 12.0, "name": "", "levels": ""}, "geometry": {"type": "Polygon", "coordinates": [[[55.2000064, 25.0590046], [55.1994725, 25.0591428], [55.1994484, 25.0599009], [55.1996336, 25.0599182], [55.199647, 25.0593059], [55.2000654, 25.0591917], [55.2000064, 25.0590046]]]}}, {"type": "Feature", "properties": {"status": "existing", "bHeight": 12.0, "name": "", "levels": ""}, "geometry": {"type": "Polygon", "coordinates": [[[55.2063681, 25.0640441], [55.2064976, 25.0640696], [55.2065324, 25.0639245], [55.206403, 25.063899], [55.2063681, 25.0640441]]]}}, {"type": "Feature", "properties": {"status": "existing", "bHeight": 12.0, "name": "", "levels": ""}, "geometry": {"type": "Polygon", "coordinates": [[[55.2062258, 25.0638607], [55.206187, 25.0640045], [55.2063357, 25.0640374], [55.2063745, 25.0638936], [55.2062258, 25.0638607]]]}}, {"type": "Feature", "properties": {"status": "existing", "bHeight": 12.0, "name": "", "levels": ""}, "geometry": {"type": "Polygon", "coordinates": [[[55.20601, 25.063957], [55.2061484, 25.0639885], [55.2061889, 25.0638426], [55.2060504, 25.0638111], [55.20601, 25.063957]]]}}, {"type": "Feature", "properties": {"status": "existing", "bHeight": 12.0, "name": "", "levels": ""}, "geometry": {"type": "Polygon", "coordinates": [[[55.2058803, 25.063763], [55.2058328, 25.0639218], [55.2059816, 25.0639583], [55.2060291, 25.0637995], [55.2058803, 25.063763]]]}}, {"type": "Feature", "properties": {"status": "existing", "bHeight": 12.0, "name": "", "levels": ""}, "geometry": {"type": "Polygon", "coordinates": [[[55.2048679, 25.0634546], [55.2047941, 25.0636162], [55.2051052, 25.0637231], [55.204955, 25.0640936], [55.2046412, 25.0639369], [55.2045691, 25.0640914], [55.205064, 25.0643514], [55.205352, 25.0636113], [55.2048679, 25.0634546]]]}}, {"type": "Feature", "properties": {"status": "existing", "bHeight": 12.0, "name": "", "levels": ""}, "geometry": {"type": "Polygon", "coordinates": [[[55.2046252, 25.063743], [55.2044742, 25.0636799], [55.2043219, 25.0639789], [55.2044729, 25.0640421], [55.2046252, 25.063743]]]}}, {"type": "Feature", "properties": {"status": "existing", "bHeight": 12.0, "name": "", "levels": ""}, "geometry": {"type": "Polygon", "coordinates": [[[55.2046439, 25.0633392], [55.204499, 25.0636514], [55.20464, 25.063705], [55.2047848, 25.0633928], [55.2046439, 25.0633392]]]}}, {"type": "Feature", "properties": {"status": "existing", "bHeight": 12.0, "name": "", "levels": ""}, "geometry": {"type": "Polygon", "coordinates": [[[55.2041114, 25.0631087], [55.204045, 25.0632189], [55.2040869, 25.0632396], [55.2040984, 25.0632205], [55.204135, 25.0632387], [55.204127, 25.0632519], [55.2042002, 25.0632881], [55.2042133, 25.0632665], [55.2042466, 25.063283], [55.2042388, 25.063296], [55.2043204, 25.0633363], [55.2043781, 25.0632406], [55.2041114, 25.0631087]]]}}, {"type": "Feature", "properties": {"status": "existing", "bHeight": 12.0, "name": "", "levels": ""}, "geometry": {"type": "Polygon", "coordinates": [[[55.2037602, 25.062917], [55.2036875, 25.0630259], [55.2037129, 25.0630398], [55.2037043, 25.0630526], [55.203775, 25.0630913], [55.2037876, 25.0630724], [55.2038184, 25.0630893], [55.2038073, 25.0631059], [55.203883, 25.0631473], [55.2038953, 25.063129], [55.2039258, 25.0631457], [55.2039157, 25.0631608], [55.204001, 25.0632042], [55.2040732, 25.0630885], [55.2037602, 25.062917]]]}}, {"type": "Feature", "properties": {"status": "existing", "bHeight": 12.0, "name": "", "levels": ""}, "geometry": {"type": "Polygon", "coordinates": [[[55.2040253, 25.0623899], [55.2037209, 25.0621736], [55.2035996, 25.0622671], [55.2039175, 25.0624846], [55.2040253, 25.0623899]]]}}, {"type": "Feature", "properties": {"status": "existing", "bHeight": 12.0, "name": "", "levels": ""}, "geometry": {"type": "Polygon", "coordinates": [[[55.2036514, 25.0621474], [55.203347, 25.0619312], [55.2032257, 25.0620247], [55.2035436, 25.0622422], [55.2036514, 25.0621474]]]}}, {"type": "Feature", "properties": {"status": "existing", "bHeight": 12.0, "name": "", "levels": ""}, "geometry": {"type": "Polygon", "coordinates": [[[55.2044273, 25.0620594], [55.2043056, 25.0619155], [55.2041067, 25.06208], [55.2039606, 25.0619635], [55.203907, 25.062046], [55.2038747, 25.0620254], [55.2038108, 25.0620953], [55.2041336, 25.0622914], [55.2044273, 25.0620594]]]}}, {"type": "Feature", "properties": {"status": "existing", "bHeight": 12.0, "name": "", "levels": ""}, "geometry": {"type": "Polygon", "coordinates": [[[55.203909, 25.061472], [55.2034396, 25.0618438], [55.2037818, 25.062056], [55.2041841, 25.0617571], [55.203909, 25.061472]]]}}, {"type": "Feature", "properties": {"status": "existing", "bHeight": 12.0, "name": "", "levels": ""}, "geometry": {"type": "Polygon", "coordinates": [[[55.2041509, 25.0612781], [55.2041097, 25.061311], [55.204132, 25.0613338], [55.204005, 25.0614355], [55.2045281, 25.0619711], [55.2046013, 25.0619123], [55.2046209, 25.0619324], [55.2047157, 25.0618563], [55.2041509, 25.0612781]]]}}, {"type": "Feature", "properties": {"status": "existing", "bHeight": 12.0, "name": "", "levels": ""}, "geometry": {"type": "Polygon", "coordinates": [[[55.2050013, 25.0602863], [55.2047324, 25.0600239], [55.2045579, 25.0601706], [55.2046634, 25.0602736], [55.2040739, 25.0607693], [55.2039545, 25.0606528], [55.2037765, 25.0608024], [55.2040593, 25.0610784], [55.2050013, 25.0602863]]]}}, {"type": "Feature", "properties": {"status": "existing", "bHeight": 12.0, "name": "", "levels": ""}, "geometry": {"type": "Polygon", "coordinates": [[[55.2057729, 25.0610081], [55.2056806, 25.0609107], [55.205559, 25.0610053], [55.2053982, 25.0608357], [55.2052663, 25.0609383], [55.2054329, 25.0611141], [55.2051393, 25.0613424], [55.2049491, 25.0611418], [55.2050018, 25.0611008], [55.2049447, 25.0610406], [55.2048877, 25.0610849], [55.2047719, 25.0609628], [55.2050242, 25.0607666], [55.2051055, 25.0608523], [55.2052243, 25.0607599], [55.2050279, 25.0605528], [55.2045391, 25.060933], [55.2051038, 25.0615287], [55.2057729, 25.0610081]]]}}, {"type": "Feature", "properties": {"status": "existing", "bHeight": 12.0, "name": "", "levels": ""}, "geometry": {"type": "Polygon", "coordinates": [[[55.2071873, 25.06111], [55.2068694, 25.0610505], [55.2068489, 25.0611407], [55.2071667, 25.0612002], [55.2071873, 25.06111]]]}}, {"type": "Feature", "properties": {"status": "existing", "bHeight": 12.0, "name": "", "levels": ""}, "geometry": {"type": "Polygon", "coordinates": [[[55.2072054, 25.0612119], [55.2075814, 25.0612494], [55.2075933, 25.0611521], [55.2072172, 25.0611146], [55.2072054, 25.0612119]]]}}, {"type": "Feature", "properties": {"status": "existing", "bHeight": 12.0, "name": "", "levels": ""}, "geometry": {"type": "Polygon", "coordinates": [[[55.2075085, 25.0618353], [55.2077645, 25.0617819], [55.2076706, 25.0614114], [55.2073958, 25.0613918], [55.2075085, 25.0618353]]]}}, {"type": "Feature", "properties": {"status": "existing", "bHeight": 12.0, "name": "", "levels": ""}, "geometry": {"type": "Polygon", "coordinates": [[[55.2070579, 25.0613287], [55.2068285, 25.0612893], [55.2069706, 25.0619161], [55.2071853, 25.0618766], [55.2070579, 25.0613287]]]}}, {"type": "Feature", "properties": {"status": "existing", "bHeight": 12.0, "name": "", "levels": ""}, "geometry": {"type": "Polygon", "coordinates": [[[55.207355, 25.0620191], [55.2069784, 25.062088], [55.2069987, 25.0621792], [55.2073753, 25.0621104], [55.207355, 25.0620191]]]}}, {"type": "Feature", "properties": {"status": "existing", "bHeight": 12.0, "name": "", "levels": ""}, "geometry": {"type": "Polygon", "coordinates": [[[55.2074092, 25.062104], [55.2077862, 25.0620318], [55.2077639, 25.0619362], [55.2073869, 25.0620085], [55.2074092, 25.062104]]]}}, {"type": "Feature", "properties": {"status": "existing", "bHeight": 12.0, "name": "", "levels": ""}, "geometry": {"type": "Polygon", "coordinates": [[[55.207943, 25.0625387], [55.207382, 25.06264], [55.2073954, 25.0628708], [55.2077566, 25.062812], [55.2077902, 25.062959], [55.2080315, 25.0629408], [55.207943, 25.0625387]]]}}, {"type": "Feature", "properties": {"status": "existing", "bHeight": 12.0, "name": "", "levels": ""}, "geometry": {"type": "Polygon", "coordinates": [[[55.2062452, 25.0633441], [55.2066878, 25.0634267], [55.206729, 25.0632456], [55.2062864, 25.063163], [55.2062452, 25.0633441]]]}}, {"type": "Feature", "properties": {"status": "existing", "bHeight": 12.0, "name": "", "levels": ""}, "geometry": {"type": "Polygon", "coordinates": [[[55.2073999, 25.0632821], [55.2080517, 25.063287], [55.2080545, 25.0629783], [55.2078223, 25.0629766], [55.2078212, 25.0630992], [55.2074016, 25.063096], [55.2073999, 25.0632821]]]}}, {"type": "Feature", "properties": {"status": "existing", "bHeight": 12.0, "name": "", "levels": ""}, "geometry": {"type": "Polygon", "coordinates": [[[55.2073306, 25.0633376], [55.2069487, 25.0633198], [55.2069398, 25.0634765], [55.2073217, 25.0634944], [55.2073306, 25.0633376]]]}}, {"type": "Feature", "properties": {"status": "existing", "bHeight": 12.0, "name": "", "levels": ""}, "geometry": {"type": "Polygon", "coordinates": [[[55.2076492, 25.0635196], [55.2076555, 25.063364], [55.2073546, 25.0633539], [55.2073483, 25.0635095], [55.2076492, 25.0635196]]]}}, {"type": "Feature", "properties": {"status": "existing", "bHeight": 12.0, "name": "", "levels": ""}, "geometry": {"type": "Polygon", "coordinates": [[[55.208063, 25.0633744], [55.2077091, 25.0633658], [55.2077045, 25.06352], [55.2080585, 25.0635286], [55.208063, 25.0633744]]]}}, {"type": "Feature", "properties": {"status": "existing", "bHeight": 12.0, "name": "", "levels": ""}, "geometry": {"type": "Polygon", "coordinates": [[[55.2114366, 25.0626869], [55.2114674, 25.0628193], [55.2115283, 25.0628077], [55.2114974, 25.0626752], [55.2114366, 25.0626869]]]}}, {"type": "Feature", "properties": {"status": "existing", "bHeight": 12.0, "name": "", "levels": ""}, "geometry": {"type": "Polygon", "coordinates": [[[55.2113481, 25.0628667], [55.2114475, 25.0628507], [55.2114207, 25.0627134], [55.2113213, 25.0627294], [55.2113481, 25.0628667]]]}}, {"type": "Feature", "properties": {"status": "existing", "bHeight": 12.0, "name": "", "levels": ""}, "geometry": {"type": "Polygon", "coordinates": [[[55.2111965, 25.0627889], [55.2112126, 25.0629238], [55.2113184, 25.0629134], [55.2113023, 25.0627786], [55.2111965, 25.0627889]]]}}, {"type": "Feature", "properties": {"status": "existing", "bHeight": 12.0, "name": "", "levels": ""}, "geometry": {"type": "Polygon", "coordinates": [[[55.2111348, 25.0629639], [55.211197, 25.062956], [55.2111742, 25.0628078], [55.2111121, 25.0628156], [55.2111348, 25.0629639]]]}}, {"type": "Feature", "properties": {"status": "existing", "bHeight": 12.0, "name": "", "levels": ""}, "geometry": {"type": "Polygon", "coordinates": [[[55.2109484, 25.0628946], [55.2109699, 25.0630282], [55.2110803, 25.0630137], [55.2110589, 25.0628801], [55.2109484, 25.0628946]]]}}, {"type": "Feature", "properties": {"status": "existing", "bHeight": 12.0, "name": "", "levels": ""}, "geometry": {"type": "Polygon", "coordinates": [[[55.2108344, 25.0630975], [55.2107969, 25.0629602], [55.2107394, 25.0629731], [55.210777, 25.0631104], [55.2108344, 25.0630975]]]}}, {"type": "Feature", "properties": {"status": "existing", "bHeight": 12.0, "name": "", "levels": ""}, "geometry": {"type": "Polygon", "coordinates": [[[55.2109149, 25.0629055], [55.210817, 25.0629214], [55.2108465, 25.0630708], [55.2109444, 25.063055], [55.2109149, 25.0629055]]]}}, {"type": "Feature", "properties": {"status": "existing", "bHeight": 12.0, "name": "", "levels": ""}, "geometry": {"type": "Polygon", "coordinates": [[[55.211731, 25.0668056], [55.2117174, 25.0666227], [55.2115633, 25.0666321], [55.2115769, 25.066815], [55.211731, 25.0668056]]]}}, {"type": "Feature", "properties": {"status": "existing", "bHeight": 12.0, "name": "", "levels": ""}, "geometry": {"type": "Polygon", "coordinates": [[[55.2118872, 25.0668028], [55.2118736, 25.0666199], [55.2117195, 25.0666293], [55.2117332, 25.0668123], [55.2118872, 25.0668028]]]}}, {"type": "Feature", "properties": {"status": "existing", "bHeight": 12.0, "name": "", "levels": ""}, "geometry": {"type": "Polygon", "coordinates": [[[55.2120569, 25.0667874], [55.2120432, 25.0666044], [55.2118892, 25.0666139], [55.2119028, 25.0667968], [55.2120569, 25.0667874]]]}}, {"type": "Feature", "properties": {"status": "existing", "bHeight": 12.0, "name": "", "levels": ""}, "geometry": {"type": "Polygon", "coordinates": [[[55.2122138, 25.0667922], [55.2122002, 25.0666093], [55.2120461, 25.0666187], [55.2120597, 25.0668016], [55.2122138, 25.0667922]]]}}, {"type": "Feature", "properties": {"status": "existing", "bHeight": 12.0, "name": "", "levels": ""}, "geometry": {"type": "Polygon", "coordinates": [[[55.2123807, 25.0667759], [55.2123671, 25.066593], [55.212213, 25.0666024], [55.2122267, 25.0667854], [55.2123807, 25.0667759]]]}}, {"type": "Feature", "properties": {"status": "existing", "bHeight": 12.0, "name": "", "levels": ""}, "geometry": {"type": "Polygon", "coordinates": [[[55.2088751, 25.0661698], [55.2091286, 25.0672279], [55.209553, 25.0671445], [55.2092995, 25.0660864], [55.2092682, 25.0660926], [55.2088751, 25.0661698]]]}}, {"type": "Feature", "properties": {"status": "existing", "bHeight": 12.0, "name": "", "levels": ""}, "geometry": {"type": "Polygon", "coordinates": [[[55.2083708, 25.0661868], [55.2078896, 25.0661914], [55.2079484, 25.0663241], [55.2082421, 25.0663265], [55.2083563, 25.0667368], [55.2084828, 25.0667298], [55.2083708, 25.0661868]]]}}, {"type": "Feature", "properties": {"status": "existing", "bHeight": 12.0, "name": "", "levels": ""}, "geometry": {"type": "Polygon", "coordinates": [[[55.2073439, 25.0651865], [55.2067752, 25.0651268], [55.2067514, 25.0653134], [55.2071172, 25.0653517], [55.2070768, 25.065668], [55.20687, 25.0656463], [55.206905, 25.0653721], [55.2066782, 25.0653483], [55.2066092, 25.0658883], [55.2072457, 25.065955], [55.2073439, 25.0651865]]]}}, {"type": "Feature", "properties": {"status": "existing", "bHeight": 12.0, "name": "", "levels": ""}, "geometry": {"type": "Polygon", "coordinates": [[[55.205918, 25.065616], [55.2057956, 25.065586], [55.2057413, 25.0657676], [55.2058637, 25.0657977], [55.205918, 25.065616]]]}}, {"type": "Feature", "properties": {"status": "existing", "bHeight": 12.0, "name": "", "levels": ""}, "geometry": {"type": "Polygon", "coordinates": [[[55.2059317, 25.0657943], [55.2060586, 25.0658205], [55.2061031, 25.0656437], [55.2059761, 25.0656176], [55.2059317, 25.0657943]]]}}, {"type": "Feature", "properties": {"status": "existing", "bHeight": 12.0, "name": "", "levels": ""}, "geometry": {"type": "Polygon", "coordinates": [[[55.2039332, 25.0659717], [55.2045151, 25.0666399], [55.2052584, 25.0661038], [55.2049604, 25.0658028], [55.2048665, 25.0658745], [55.204707, 25.0658052], [55.2045339, 25.0657882], [55.2043887, 25.0658433], [55.2042805, 25.0657433], [55.2039332, 25.0659717]]]}}, {"type": "Feature", "properties": {"status": "existing", "bHeight": 12.0, "name": "", "levels": ""}, "geometry": {"type": "Polygon", "coordinates": [[[55.2036131, 25.0655899], [55.2039185, 25.0659336], [55.2041744, 25.0657471], [55.2039586, 25.0655042], [55.2038988, 25.0655478], [55.2038092, 25.0654469], [55.2036131, 25.0655899]]]}}, {"type": "Feature", "properties": {"status": "existing", "bHeight": 12.0, "name": "", "levels": ""}, "geometry": {"type": "Polygon", "coordinates": [[[55.2020811, 25.0644366], [55.2021774, 25.0645459], [55.2023744, 25.0644035], [55.2027392, 25.0648174], [55.2025414, 25.0649604], [55.2026528, 25.0650868], [55.202995, 25.0648394], [55.2024226, 25.0641897], [55.2020811, 25.0644366]]]}}, {"type": "Feature", "properties": {"status": "existing", "bHeight": 12.0, "name": "", "levels": ""}, "geometry": {"type": "Polygon", "coordinates": [[[55.2014695, 25.0633898], [55.2015879, 25.0635237], [55.2018033, 25.0633674], [55.2021797, 25.0637932], [55.2019633, 25.0639501], [55.2020924, 25.0640961], [55.2024794, 25.0638155], [55.2018556, 25.0631098], [55.2014695, 25.0633898]]]}}, {"type": "Feature", "properties": {"status": "existing", "bHeight": 12.0, "name": "", "levels": ""}, "geometry": {"type": "Polygon", "coordinates": [[[55.2002266, 25.0636132], [55.2001397, 25.0636783], [55.2001878, 25.063731], [55.2002747, 25.0636659], [55.2002266, 25.0636132]]]}}, {"type": "Feature", "properties": {"status": "existing", "bHeight": 12.0, "name": "", "levels": ""}, "geometry": {"type": "Polygon", "coordinates": [[[55.2002419, 25.0636023], [55.2002811, 25.0636464], [55.2003998, 25.0635597], [55.2003606, 25.0635156], [55.2002419, 25.0636023]]]}}, {"type": "Feature", "properties": {"status": "existing", "bHeight": 8.0, "name": "Jumsouth Substation", "levels": "2"}, "geometry": {"type": "Polygon", "coordinates": [[[55.2000702, 25.0631576], [55.1997385, 25.0633877], [55.1999592, 25.0636487], [55.2002909, 25.0634186], [55.2002205, 25.0633353], [55.2001739, 25.0633676], [55.200107, 25.0632885], [55.2001536, 25.0632562], [55.2000702, 25.0631576]]]}}, {"type": "Feature", "properties": {"status": "existing", "bHeight": 36.0, "name": "Binghatti Gate", "levels": "9"}, "geometry": {"type": "Polygon", "coordinates": [[[55.1988148, 25.0623951], [55.1993354, 25.0630479], [55.199712, 25.0627832], [55.199556, 25.0625579], [55.1993307, 25.0627145], [55.1990839, 25.062423], [55.1990456, 25.0624497], [55.1990103, 25.0624081], [55.1989872, 25.0624242], [55.1989553, 25.0623866], [55.1989282, 25.0624054], [55.1988815, 25.0623502], [55.1988148, 25.0623951]]]}}, {"type": "Feature", "properties": {"status": "existing", "bHeight": 12.0, "name": "", "levels": ""}, "geometry": {"type": "Polygon", "coordinates": [[[55.1972816, 25.05768], [55.1968717, 25.0577631], [55.1969056, 25.0579004], [55.1973155, 25.0578173], [55.1972816, 25.05768]]]}}, {"type": "Feature", "properties": {"status": "existing", "bHeight": 12.0, "name": "", "levels": ""}, "geometry": {"type": "Polygon", "coordinates": [[[55.1977696, 25.0577538], [55.1977437, 25.0576032], [55.197328, 25.0576618], [55.1973538, 25.0578124], [55.1977696, 25.0577538]]]}}, {"type": "Feature", "properties": {"status": "existing", "bHeight": 10.2, "name": "", "levels": "3"}, "geometry": {"type": "Polygon", "coordinates": [[[55.1982448, 25.057575], [55.1978244, 25.0576024], [55.1978359, 25.0577469], [55.1982563, 25.0577196], [55.1982448, 25.057575]]]}}, {"type": "Feature", "properties": {"status": "existing", "bHeight": 12.0, "name": "", "levels": ""}, "geometry": {"type": "Polygon", "coordinates": [[[55.2000668, 25.0593047], [55.1998956, 25.0593738], [55.2000788, 25.059742], [55.1996617, 25.0601199], [55.1996014, 25.0600652], [55.19947, 25.0601903], [55.1996354, 25.0603773], [55.2003108, 25.0598003], [55.2000668, 25.0593047]]]}}, {"type": "Feature", "properties": {"status": "existing", "bHeight": 12.0, "name": "", "levels": ""}, "geometry": {"type": "Polygon", "coordinates": [[[55.2008159, 25.0609228], [55.2004487, 25.0612074], [55.2007308, 25.061506], [55.2008802, 25.0613902], [55.2007334, 25.0612348], [55.2009511, 25.0610659], [55.2008159, 25.0609228]]]}}, {"type": "Feature", "properties": {"status": "existing", "bHeight": 12.0, "name": "", "levels": ""}, "geometry": {"type": "Polygon", "coordinates": [[[55.2029765, 25.0581113], [55.202889, 25.0580129], [55.2021755, 25.058533], [55.202263, 25.0586314], [55.2029765, 25.0581113]]]}}, {"type": "Feature", "properties": {"status": "existing", "bHeight": 12.0, "name": "", "levels": ""}, "geometry": {"type": "Polygon", "coordinates": [[[55.2031915, 25.0578821], [55.2030399, 25.0579312], [55.2033564, 25.0586674], [55.2034503, 25.058515], [55.2031915, 25.0578821]]]}}, {"type": "Feature", "properties": {"status": "existing", "bHeight": 51.0, "name": "GMM Tower", "levels": "15"}, "geometry": {"type": "Polygon", "coordinates": [[[55.2122606, 25.0535579], [55.2118965, 25.0538355], [55.212149, 25.0541073], [55.2123237, 25.0539741], [55.2122068, 25.0538483], [55.2123962, 25.0537039], [55.2122606, 25.0535579]]]}}, {"type": "Feature", "properties": {"status": "existing", "bHeight": 12.0, "name": "white rose apartments", "levels": ""}, "geometry": {"type": "Polygon", "coordinates": [[[55.2113556, 25.05254], [55.2109748, 25.0528945], [55.2112619, 25.0531475], [55.2114197, 25.0530006], [55.2113018, 25.0528967], [55.2115248, 25.0526891], [55.2113556, 25.05254]]]}}, {"type": "Feature", "properties": {"status": "existing", "bHeight": 12.0, "name": "", "levels": ""}, "geometry": {"type": "Polygon", "coordinates": [[[55.2087949, 25.0517316], [55.2087839, 25.0515065], [55.2086362, 25.0515124], [55.2084575, 25.0515195], [55.2084432, 25.0515201], [55.2084367, 25.0513871], [55.2084175, 25.0513879], [55.2082613, 25.0513937], [55.2082908, 25.0517812], [55.2084708, 25.051774], [55.2084694, 25.0517445], [55.2084808, 25.051744], [55.2086467, 25.0517375], [55.2087949, 25.0517316]]]}}, {"type": "Feature", "properties": {"status": "existing", "bHeight": 12.0, "name": "", "levels": ""}, "geometry": {"type": "Polygon", "coordinates": [[[55.2079218, 25.0508786], [55.2075077, 25.0509464], [55.2075808, 25.0513124], [55.2076826, 25.0512957], [55.2076446, 25.0511056], [55.2076922, 25.0510978], [55.2078395, 25.0518356], [55.2077664, 25.0518476], [55.2077375, 25.051703], [55.2076766, 25.051713], [55.2077418, 25.05204], [55.2081406, 25.0519747], [55.2079218, 25.0508786]]]}}, {"type": "Feature", "properties": {"status": "existing", "bHeight": 12.0, "name": "", "levels": ""}, "geometry": {"type": "Polygon", "coordinates": [[[55.2084921, 25.0484577], [55.2082889, 25.0484796], [55.2082621, 25.0484833], [55.2082954, 25.0486507], [55.2081207, 25.0486465], [55.2081607, 25.0488737], [55.2086302, 25.0488838], [55.2086326, 25.0488232], [55.2085856, 25.0488232], [55.2085735, 25.0487467], [55.2085387, 25.0487503], [55.2084921, 25.0484577]]]}}, {"type": "Feature", "properties": {"status": "existing", "bHeight": 12.0, "name": "", "levels": ""}, "geometry": {"type": "Polygon", "coordinates": [[[55.2083059, 25.0492147], [55.2087975, 25.0492307], [55.2088049, 25.0490436], [55.2083133, 25.0490275], [55.2083059, 25.0492147]]]}}, {"type": "Feature", "properties": {"status": "existing", "bHeight": 12.0, "name": "", "levels": ""}, "geometry": {"type": "Polygon", "coordinates": [[[55.2077732, 25.0492116], [55.2082729, 25.0492115], [55.2082729, 25.0490378], [55.2077732, 25.049038], [55.2077732, 25.0492116]]]}}, {"type": "Feature", "properties": {"status": "existing", "bHeight": 44.2, "name": "", "levels": "13"}, "geometry": {"type": "Polygon", "coordinates": [[[55.20692, 25.0482217], [55.2064858, 25.0482998], [55.206567, 25.0486702], [55.2067828, 25.0486314], [55.2067492, 25.0484783], [55.2069676, 25.048439], [55.2069524, 25.0483698], [55.20692, 25.0482217]]]}}, {"type": "Feature", "properties": {"status": "existing", "bHeight": 12.0, "name": "", "levels": ""}, "geometry": {"type": "Polygon", "coordinates": [[[55.2073125, 25.0480884], [55.2069068, 25.0481614], [55.20692, 25.0482217], [55.2069524, 25.0483698], [55.2071117, 25.0483412], [55.2071842, 25.0486723], [55.2074307, 25.0486279], [55.2073125, 25.0480884]]]}}, {"type": "Feature", "properties": {"status": "existing", "bHeight": 12.0, "name": "", "levels": ""}, "geometry": {"type": "Polygon", "coordinates": [[[55.2089851, 25.0461361], [55.2091341, 25.0465941], [55.209861, 25.0468249], [55.210003, 25.0464836], [55.2089851, 25.0461361]]]}}, {"type": "Feature", "properties": {"status": "existing", "bHeight": 68.0, "name": "", "levels": "20"}, "geometry": {"type": "Polygon", "coordinates": [[[55.199857, 25.0525172], [55.1997089, 25.0529203], [55.200097, 25.0530373], [55.2002452, 25.0526342], [55.199857, 25.0525172]]]}}, {"type": "Feature", "properties": {"status": "existing", "bHeight": 12.0, "name": "", "levels": ""}, "geometry": {"type": "Polygon", "coordinates": [[[55.2014581, 25.0561709], [55.2010062, 25.0560328], [55.2009357, 25.0562104], [55.2010927, 25.056259], [55.2009465, 25.0566417], [55.2007923, 25.0565943], [55.200687, 25.0568432], [55.2007627, 25.0568665], [55.2010216, 25.0568531], [55.2011664, 25.0568944], [55.2014581, 25.0561709]]]}}, {"type": "Feature", "properties": {"status": "existing", "bHeight": 12.0, "name": "", "levels": ""}, "geometry": {"type": "Polygon", "coordinates": [[[55.2072322, 25.0604455], [55.207101, 25.0604168], [55.2070704, 25.0605321], [55.2068837, 25.0604913], [55.2068386, 25.0606608], [55.207025, 25.0607015], [55.2070122, 25.0607497], [55.2071437, 25.0607784], [55.2072322, 25.0604455]]]}}, {"type": "Feature", "properties": {"status": "existing", "bHeight": 12.0, "name": "", "levels": ""}, "geometry": {"type": "Polygon", "coordinates": [[[55.2069587, 25.0601588], [55.2068956, 25.0603799], [55.2070061, 25.0604057], [55.2070691, 25.0601846], [55.2069587, 25.0601588]]]}}, {"type": "Feature", "properties": {"status": "existing", "bHeight": 12.0, "name": "", "levels": ""}, "geometry": {"type": "Polygon", "coordinates": [[[55.2073596, 25.060126], [55.2072773, 25.0601414], [55.2073363, 25.0604002], [55.2074186, 25.0603847], [55.2073596, 25.060126]]]}}, {"type": "Feature", "properties": {"status": "existing", "bHeight": 68.0, "name": "", "levels": "20"}, "geometry": {"type": "Polygon", "coordinates": [[[55.2163585, 25.0607735], [55.2165845, 25.0608409], [55.2166605, 25.0606319], [55.216621, 25.0606201], [55.216642, 25.0605623], [55.2165087, 25.0605225], [55.2164876, 25.0605803], [55.2164344, 25.0605645], [55.2163585, 25.0607735]]]}}, {"type": "Feature", "properties": {"status": "existing", "bHeight": 12.0, "name": "", "levels": ""}, "geometry": {"type": "Polygon", "coordinates": [[[55.218865, 25.060017], [55.2189801, 25.0597193], [55.2186531, 25.0596155], [55.2185379, 25.0599132], [55.218865, 25.060017]]]}}, {"type": "Feature", "properties": {"status": "existing", "bHeight": 12.0, "name": "", "levels": ""}, "geometry": {"type": "Polygon", "coordinates": [[[55.2184748, 25.059906], [55.2185899, 25.0596083], [55.2182629, 25.0595045], [55.2181477, 25.0598022], [55.2184748, 25.059906]]]}}, {"type": "Feature", "properties": {"status": "existing", "bHeight": 68.0, "name": "Hessa Views", "levels": "20"}, "geometry": {"type": "Polygon", "coordinates": [[[55.2199688, 25.0577765], [55.2199647, 25.058068], [55.2200143, 25.0582235], [55.2201146, 25.0583515], [55.2204421, 25.0583718], [55.2204917, 25.0578894], [55.2199688, 25.0577765]]]}}, {"type": "Feature", "properties": {"status": "existing", "bHeight": 12.0, "name": "", "levels": ""}, "geometry": {"type": "Polygon", "coordinates": [[[55.220081, 25.0575661], [55.2200552, 25.0576649], [55.2204024, 25.0577392], [55.2204281, 25.0576403], [55.220081, 25.0575661]]]}}, {"type": "Feature", "properties": {"status": "existing", "bHeight": 85.0, "name": "Aayah Residences", "levels": "25"}, "geometry": {"type": "Polygon", "coordinates": [[[55.2200882, 25.0552258], [55.2201597, 25.0556106], [55.2206524, 25.0555355], [55.2205809, 25.0551507], [55.2200882, 25.0552258]]]}}, {"type": "Feature", "properties": {"status": "existing", "bHeight": 12.0, "name": "", "levels": ""}, "geometry": {"type": "Polygon", "coordinates": [[[55.2187925, 25.0558375], [55.2187975, 25.0559755], [55.2192405, 25.0559979], [55.2196961, 25.0559488], [55.2196911, 25.0558108], [55.2187925, 25.0558375]]]}}, {"type": "Feature", "properties": {"status": "existing", "bHeight": 17.0, "name": "Central Park", "levels": "5"}, "geometry": {"type": "Polygon", "coordinates": [[[55.2160075, 25.0570094], [55.2158559, 25.0574346], [55.2162001, 25.0575352], [55.2162824, 25.0573155], [55.2162945, 25.0572766], [55.2163012, 25.0572171], [55.2162846, 25.0571039], [55.2160075, 25.0570094]]]}}, {"type": "Feature", "properties": {"status": "existing", "bHeight": 74.8, "name": "", "levels": "22"}, "geometry": {"type": "Polygon", "coordinates": [[[55.2154073, 25.0595568], [55.2150852, 25.0594607], [55.2149447, 25.059847], [55.2152667, 25.0599432], [55.2154073, 25.0595568]]]}}, {"type": "Feature", "properties": {"status": "existing", "bHeight": 68.0, "name": "", "levels": "20"}, "geometry": {"type": "Polygon", "coordinates": [[[55.2150589, 25.0604746], [55.2143817, 25.0602669], [55.2142402, 25.0606454], [55.2149174, 25.0608532], [55.2150589, 25.0604746]]]}}, {"type": "Feature", "properties": {"status": "existing", "bHeight": 12.0, "name": "", "levels": ""}, "geometry": {"type": "Polygon", "coordinates": [[[55.2163745, 25.0612801], [55.2164861, 25.0613135], [55.2165933, 25.0610195], [55.2164818, 25.0609861], [55.2163745, 25.0612801]]]}}, {"type": "Feature", "properties": {"status": "existing", "bHeight": 12.0, "name": "", "levels": ""}, "geometry": {"type": "Polygon", "coordinates": [[[55.2161278, 25.0611975], [55.2162378, 25.0608986], [55.2161191, 25.0608628], [55.2160091, 25.0611616], [55.2161278, 25.0611975]]]}}, {"type": "Feature", "properties": {"status": "existing", "bHeight": 12.0, "name": "", "levels": ""}, "geometry": {"type": "Polygon", "coordinates": [[[55.2160674, 25.0612679], [55.2159701, 25.0612374], [55.2158359, 25.0615885], [55.2159333, 25.061619], [55.2160674, 25.0612679]]]}}, {"type": "Feature", "properties": {"status": "existing", "bHeight": 12.0, "name": "", "levels": ""}, "geometry": {"type": "Polygon", "coordinates": [[[55.2163303, 25.0613505], [55.2161935, 25.0617089], [55.2162853, 25.0617377], [55.2164221, 25.0613793], [55.2163303, 25.0613505]]]}}, {"type": "Feature", "properties": {"status": "existing", "bHeight": 12.0, "name": "", "levels": ""}, "geometry": {"type": "Polygon", "coordinates": [[[55.21529, 25.0656522], [55.2150866, 25.0656265], [55.215064, 25.0657726], [55.2152674, 25.0657983], [55.21529, 25.0656522]]]}}, {"type": "Feature", "properties": {"status": "existing", "bHeight": 12.0, "name": "", "levels": ""}, "geometry": {"type": "Polygon", "coordinates": [[[55.2168012, 25.0665179], [55.2163954, 25.0663617], [55.2161996, 25.066779], [55.2166054, 25.0669352], [55.2168012, 25.0665179]]]}}, {"type": "Feature", "properties": {"status": "existing", "bHeight": 12.0, "name": "", "levels": ""}, "geometry": {"type": "Polygon", "coordinates": [[[55.214515, 25.0544218], [55.2144158, 25.0545002], [55.2144913, 25.0545786], [55.2145905, 25.0545002], [55.214515, 25.0544218]]]}}, {"type": "Feature", "properties": {"status": "existing", "bHeight": 12.0, "name": "", "levels": ""}, "geometry": {"type": "Polygon", "coordinates": [[[55.214877, 25.0540275], [55.2150283, 25.0541848], [55.2151396, 25.0540969], [55.2150307, 25.0539837], [55.2149717, 25.0540302], [55.2149294, 25.0539862], [55.214877, 25.0540275]]]}}, {"type": "Feature", "properties": {"status": "existing", "bHeight": 12.0, "name": "", "levels": ""}, "geometry": {"type": "Polygon", "coordinates": [[[55.2143262, 25.0547137], [55.2142477, 25.0546326], [55.2139835, 25.0548424], [55.214062, 25.0549235], [55.2143262, 25.0547137]]]}}, {"type": "Feature", "properties": {"status": "existing", "bHeight": 12.0, "name": "", "levels": ""}, "geometry": {"type": "Polygon", "coordinates": [[[55.2146632, 25.0547385], [55.2143365, 25.0548563], [55.2143777, 25.05495], [55.2147044, 25.0548321], [55.2146632, 25.0547385]]]}}, {"type": "Feature", "properties": {"status": "existing", "bHeight": 12.0, "name": "", "levels": ""}, "geometry": {"type": "Polygon", "coordinates": [[[55.2184593, 25.0571866], [55.2187597, 25.0572826], [55.2188052, 25.0571655], [55.2185048, 25.0570695], [55.2184593, 25.0571866]]]}}, {"type": "Feature", "properties": {"status": "existing", "bHeight": 12.0, "name": "", "levels": ""}, "geometry": {"type": "Polygon", "coordinates": [[[55.2191439, 25.0572662], [55.2188247, 25.0571665], [55.2187785, 25.0572879], [55.2190977, 25.0573875], [55.2191439, 25.0572662]]]}}, {"type": "Feature", "properties": {"status": "existing", "bHeight": 85.0, "name": "Samha Residence 3", "levels": "25"}, "geometry": {"type": "Polygon", "coordinates": [[[55.2201739, 25.0567754], [55.2200787, 25.0571375], [55.2205856, 25.0572468], [55.2206808, 25.0568847], [55.2201739, 25.0567754]]]}}, {"type": "Feature", "properties": {"status": "existing", "bHeight": 12.0, "name": "", "levels": ""}, "geometry": {"type": "Polygon", "coordinates": [[[55.2133756, 25.0724598], [55.2132801, 25.072451], [55.2132674, 25.072564], [55.2132971, 25.0725668], [55.2132932, 25.0726013], [55.213359, 25.0726074], [55.2133756, 25.0724598]]]}}, {"type": "Feature", "properties": {"status": "existing", "bHeight": 12.0, "name": "", "levels": ""}, "geometry": {"type": "Polygon", "coordinates": [[[55.2127984, 25.0722218], [55.2128403, 25.0722222], [55.2128406, 25.0721904], [55.2127987, 25.07219], [55.2127984, 25.0722218]]]}}, {"type": "Feature", "properties": {"status": "existing", "bHeight": 12.0, "name": "", "levels": ""}, "geometry": {"type": "Polygon", "coordinates": [[[55.2126827, 25.0718712], [55.212628, 25.0718702], [55.2126268, 25.0719246], [55.2125776, 25.0719237], [55.2125746, 25.0720534], [55.2126785, 25.0720554], [55.2126827, 25.0718712]]]}}, {"type": "Feature", "properties": {"status": "existing", "bHeight": 12.0, "name": "", "levels": ""}, "geometry": {"type": "Polygon", "coordinates": [[[55.2128727, 25.0718891], [55.2128167, 25.0718867], [55.2128143, 25.071933], [55.2127636, 25.0719308], [55.2127567, 25.0720666], [55.2128634, 25.0720711], [55.2128727, 25.0718891]]]}}, {"type": "Feature", "properties": {"status": "existing", "bHeight": 12.0, "name": "", "levels": ""}, "geometry": {"type": "Polygon", "coordinates": [[[55.2130301, 25.0719034], [55.2129786, 25.071899], [55.2129731, 25.0719523], [55.2129282, 25.0719485], [55.2129147, 25.0720787], [55.2130111, 25.0720868], [55.2130301, 25.0719034]]]}}, {"type": "Feature", "properties": {"status": "existing", "bHeight": 12.0, "name": "", "levels": ""}, "geometry": {"type": "Polygon", "coordinates": [[[55.2131952, 25.0719262], [55.2131325, 25.0719177], [55.2131238, 25.0719703], [55.2130831, 25.0719648], [55.2130616, 25.0720943], [55.213165, 25.0721083], [55.2131952, 25.0719262]]]}}, {"type": "Feature", "properties": {"status": "existing", "bHeight": 12.0, "name": "", "levels": ""}, "geometry": {"type": "Polygon", "coordinates": [[[55.2133499, 25.0719533], [55.2132916, 25.0719457], [55.2132832, 25.0719992], [55.2132372, 25.0719932], [55.2132166, 25.0721238], [55.2133208, 25.0721373], [55.2133499, 25.0719533]]]}}, {"type": "Feature", "properties": {"status": "existing", "bHeight": 12.0, "name": "", "levels": ""}, "geometry": {"type": "Polygon", "coordinates": [[[55.21341, 25.072209], [55.213469, 25.0722175], [55.2134771, 25.0721717], [55.2134181, 25.0721632], [55.21341, 25.072209]]]}}, {"type": "Feature", "properties": {"status": "existing", "bHeight": 12.0, "name": "", "levels": ""}, "geometry": {"type": "Polygon", "coordinates": [[[55.2133671, 25.072152], [55.2134726, 25.0721595], [55.2134885, 25.0719776], [55.2134311, 25.0719735], [55.2134267, 25.0720238], [55.2133786, 25.0720204], [55.2133671, 25.072152]]]}}, {"type": "Feature", "properties": {"status": "existing", "bHeight": 12.0, "name": "", "levels": ""}, "geometry": {"type": "Polygon", "coordinates": [[[55.213517, 25.0721583], [55.2136178, 25.0721688], [55.2136405, 25.0719899], [55.2135885, 25.0719845], [55.2135809, 25.0720443], [55.2135321, 25.0720392], [55.213517, 25.0721583]]]}}, {"type": "Feature", "properties": {"status": "existing", "bHeight": 12.0, "name": "", "levels": ""}, "geometry": {"type": "Polygon", "coordinates": [[[55.2137035, 25.0721983], [55.2138032, 25.0722072], [55.2138222, 25.0720328], [55.2137703, 25.0720281], [55.2137655, 25.0720719], [55.2137177, 25.0720677], [55.2137035, 25.0721983]]]}}, {"type": "Feature", "properties": {"status": "existing", "bHeight": 12.0, "name": "", "levels": ""}, "geometry": {"type": "Polygon", "coordinates": [[[55.2138385, 25.0721756], [55.2138608, 25.0721967], [55.2139078, 25.072156], [55.2138855, 25.0721349], [55.2138385, 25.0721756]]]}}, {"type": "Feature", "properties": {"status": "existing", "bHeight": 12.0, "name": "", "levels": ""}, "geometry": {"type": "Polygon", "coordinates": [[[55.2135718, 25.0724334], [55.2135966, 25.0724608], [55.2136336, 25.0724333], [55.2136088, 25.0724059], [55.2135718, 25.0724334]]]}}, {"type": "Feature", "properties": {"status": "existing", "bHeight": 12.0, "name": "", "levels": ""}, "geometry": {"type": "Polygon", "coordinates": [[[55.213478, 25.0714725], [55.2134684, 25.0715414], [55.2135984, 25.0715563], [55.213608, 25.0714874], [55.213478, 25.0714725]]]}}, {"type": "Feature", "properties": {"status": "existing", "bHeight": 12.0, "name": "", "levels": ""}, "geometry": {"type": "Polygon", "coordinates": [[[55.2131788, 25.0715061], [55.213214, 25.0715067], [55.2132147, 25.0714733], [55.2131795, 25.0714726], [55.2131788, 25.0715061]]]}}, {"type": "Feature", "properties": {"status": "existing", "bHeight": 12.0, "name": "", "levels": ""}, "geometry": {"type": "Polygon", "coordinates": [[[55.2128723, 25.0714607], [55.2129178, 25.0714613], [55.2129183, 25.0714315], [55.2128727, 25.0714309], [55.2128723, 25.0714607]]]}}, {"type": "Feature", "properties": {"status": "existing", "bHeight": 12.0, "name": "", "levels": ""}, "geometry": {"type": "Polygon", "coordinates": [[[55.2128984, 25.0713617], [55.2128971, 25.0714212], [55.2129935, 25.071423], [55.2129948, 25.0713635], [55.2128984, 25.0713617]]]}}, {"type": "Feature", "properties": {"status": "existing", "bHeight": 12.0, "name": "", "levels": ""}, "geometry": {"type": "Polygon", "coordinates": [[[55.2131995, 25.0714309], [55.2132437, 25.0714309], [55.2132437, 25.0713726], [55.2131995, 25.0713726], [55.2131995, 25.0714309]]]}}, {"type": "Feature", "properties": {"status": "existing", "bHeight": 12.0, "name": "", "levels": ""}, "geometry": {"type": "Polygon", "coordinates": [[[55.2145698, 25.0714531], [55.2146189, 25.0714748], [55.2146497, 25.0714179], [55.2146006, 25.0713961], [55.2145698, 25.0714531]]]}}, {"type": "Feature", "properties": {"status": "existing", "bHeight": 12.0, "name": "", "levels": ""}, "geometry": {"type": "Polygon", "coordinates": [[[55.2144374, 25.0715974], [55.2144734, 25.0716331], [55.2145211, 25.0715936], [55.214485, 25.0715579], [55.2144374, 25.0715974]]]}}, {"type": "Feature", "properties": {"status": "existing", "bHeight": 12.0, "name": "", "levels": ""}, "geometry": {"type": "Polygon", "coordinates": [[[55.2143426, 25.0716769], [55.2143874, 25.0717177], [55.2144361, 25.0716738], [55.2143913, 25.071633], [55.2143426, 25.0716769]]]}}, {"type": "Feature", "properties": {"status": "existing", "bHeight": 12.0, "name": "", "levels": ""}, "geometry": {"type": "Polygon", "coordinates": [[[55.2126823, 25.0724908], [55.2125829, 25.0724869], [55.2125771, 25.0726103], [55.2126159, 25.0726118], [55.2126147, 25.0726381], [55.2126752, 25.0726404], [55.2126823, 25.0724908]]]}}, {"type": "Feature", "properties": {"status": "existing", "bHeight": 12.0, "name": "", "levels": ""}, "geometry": {"type": "Polygon", "coordinates": [[[55.2128388, 25.0724983], [55.2127355, 25.072495], [55.2127304, 25.0726235], [55.2127688, 25.0726247], [55.2127676, 25.0726538], [55.2128326, 25.0726559], [55.2128388, 25.0724983]]]}}, {"type": "Feature", "properties": {"status": "existing", "bHeight": 12.0, "name": "", "levels": ""}, "geometry": {"type": "Polygon", "coordinates": [[[55.2129981, 25.0725005], [55.2129006, 25.0724927], [55.2128888, 25.072613], [55.2129245, 25.0726159], [55.2129217, 25.0726447], [55.2129836, 25.0726497], [55.2129981, 25.0725005]]]}}, {"type": "Feature", "properties": {"status": "existing", "bHeight": 12.0, "name": "", "levels": ""}, "geometry": {"type": "Polygon", "coordinates": [[[55.213174, 25.0724983], [55.2130771, 25.0724873], [55.2130611, 25.0726033], [55.2130998, 25.0726077], [55.213096, 25.0726353], [55.2131542, 25.0726418], [55.213174, 25.0724983]]]}}, {"type": "Feature", "properties": {"status": "existing", "bHeight": 12.0, "name": "", "levels": ""}, "geometry": {"type": "Polygon", "coordinates": [[[55.2163611, 25.0709754], [55.2164389, 25.0710282], [55.2165068, 25.0709461], [55.2164289, 25.0708933], [55.2163611, 25.0709754]]]}}, {"type": "Feature", "properties": {"status": "existing", "bHeight": 12.0, "name": "", "levels": ""}, "geometry": {"type": "Polygon", "coordinates": [[[55.2102143, 25.0725302], [55.2102538, 25.0726404], [55.210419, 25.0725918], [55.210386, 25.0724997], [55.2103545, 25.072509], [55.210348, 25.0724909], [55.2102143, 25.0725302]]]}}, {"type": "Feature", "properties": {"status": "existing", "bHeight": 12.0, "name": "", "levels": ""}, "geometry": {"type": "Polygon", "coordinates": [[[55.2101535, 25.0723739], [55.2102031, 25.072491], [55.2103634, 25.0724352], [55.2103251, 25.072345], [55.2102832, 25.0723595], [55.2102718, 25.0723328], [55.2101535, 25.0723739]]]}}, {"type": "Feature", "properties": {"status": "existing", "bHeight": 12.0, "name": "", "levels": ""}, "geometry": {"type": "Polygon", "coordinates": [[[55.2098898, 25.0726548], [55.20998, 25.0726312], [55.2099222, 25.0724498], [55.209863, 25.0724653], [55.2098887, 25.0725462], [55.2098578, 25.0725543], [55.2098898, 25.0726548]]]}}, {"type": "Feature", "properties": {"status": "existing", "bHeight": 12.0, "name": "", "levels": ""}, "geometry": {"type": "Polygon", "coordinates": [[[55.2087197, 25.0718966], [55.2087751, 25.071869], [55.2087537, 25.0718337], [55.2087905, 25.0718154], [55.2087622, 25.0717687], [55.2087874, 25.0717562], [55.2087443, 25.071685], [55.2086711, 25.0717214], [55.208666, 25.071713], [55.2086218, 25.071735], [55.2087197, 25.0718966]]]}}, {"type": "Feature", "properties": {"status": "existing", "bHeight": 12.0, "name": "", "levels": ""}, "geometry": {"type": "Polygon", "coordinates": [[[55.2100357, 25.0711228], [55.2100777, 25.0712197], [55.2100576, 25.0712269], [55.2100764, 25.0712702], [55.2101341, 25.0712496], [55.21012, 25.0712172], [55.210156, 25.0712044], [55.2101093, 25.0710966], [55.2100357, 25.0711228]]]}}, {"type": "Feature", "properties": {"status": "existing", "bHeight": 12.0, "name": "", "levels": ""}, "geometry": {"type": "Polygon", "coordinates": [[[55.2098908, 25.071175], [55.20994, 25.0713151], [55.2099862, 25.0712998], [55.2099731, 25.0712674], [55.2100135, 25.0712541], [55.209971, 25.0711485], [55.2098908, 25.071175]]]}}, {"type": "Feature", "properties": {"status": "existing", "bHeight": 12.0, "name": "", "levels": ""}, "geometry": {"type": "Polygon", "coordinates": [[[55.2097332, 25.071229], [55.2097828, 25.0713229], [55.2097634, 25.0713313], [55.2097856, 25.0713733], [55.2098415, 25.071349], [55.2098249, 25.0713176], [55.2098597, 25.0713025], [55.2098045, 25.0711981], [55.2097332, 25.071229]]]}}, {"type": "Feature", "properties": {"status": "existing", "bHeight": 12.0, "name": "", "levels": ""}, "geometry": {"type": "Polygon", "coordinates": [[[55.2095907, 25.0712839], [55.209637, 25.0713792], [55.2096173, 25.0713871], [55.209638, 25.0714297], [55.2096947, 25.071407], [55.2096792, 25.0713751], [55.2097146, 25.071361], [55.209663, 25.0712551], [55.2095907, 25.0712839]]]}}, {"type": "Feature", "properties": {"status": "existing", "bHeight": 12.0, "name": "", "levels": ""}, "geometry": {"type": "Polygon", "coordinates": [[[55.2094431, 25.0713488], [55.2094893, 25.0714431], [55.2094742, 25.0714492], [55.2094956, 25.0714929], [55.2095479, 25.0714719], [55.2095321, 25.0714396], [55.2095672, 25.0714255], [55.2095154, 25.0713197], [55.2094431, 25.0713488]]]}}, {"type": "Feature", "properties": {"status": "existing", "bHeight": 12.0, "name": "", "levels": ""}, "geometry": {"type": "Polygon", "coordinates": [[[55.2092898, 25.0714186], [55.2093527, 25.0715057], [55.2093347, 25.0715164], [55.2093628, 25.0715553], [55.2094147, 25.0715246], [55.2093936, 25.0714954], [55.209426, 25.0714763], [55.209356, 25.0713794], [55.2092898, 25.0714186]]]}}, {"type": "Feature", "properties": {"status": "existing", "bHeight": 12.0, "name": "", "levels": ""}, "geometry": {"type": "Polygon", "coordinates": [[[55.2091514, 25.0714772], [55.2092067, 25.0715685], [55.2091879, 25.0715779], [55.2092126, 25.0716187], [55.2092669, 25.0715917], [55.2092484, 25.0715611], [55.2092823, 25.0715443], [55.2092208, 25.0714428], [55.2091514, 25.0714772]]]}}, {"type": "Feature", "properties": {"status": "existing", "bHeight": 12.0, "name": "", "levels": ""}, "geometry": {"type": "Polygon", "coordinates": [[[55.2090109, 25.0715559], [55.2090738, 25.071643], [55.2090557, 25.0716537], [55.2090839, 25.0716926], [55.2091357, 25.0716619], [55.2091147, 25.0716327], [55.209147, 25.0716135], [55.209077, 25.0715167], [55.2090109, 25.0715559]]]}}, {"type": "Feature", "properties": {"status": "existing", "bHeight": 12.0, "name": "", "levels": ""}, "geometry": {"type": "Polygon", "coordinates": [[[55.2087963, 25.0716623], [55.2088592, 25.0717494], [55.2088412, 25.0717601], [55.2088693, 25.071799], [55.2089212, 25.0717683], [55.2089001, 25.0717391], [55.2089325, 25.0717199], [55.2088625, 25.071623], [55.2087963, 25.0716623]]]}}, {"type": "Feature", "properties": {"status": "existing", "bHeight": 12.0, "name": "", "levels": ""}, "geometry": {"type": "Polygon", "coordinates": [[[55.2084846, 25.0718558], [55.2085486, 25.0719331], [55.2085341, 25.071943], [55.2085685, 25.0719846], [55.2086168, 25.0719518], [55.2085943, 25.0719246], [55.2086231, 25.0719051], [55.2085472, 25.0718133], [55.2084846, 25.0718558]]]}}, {"type": "Feature", "properties": {"status": "existing", "bHeight": 12.0, "name": "", "levels": ""}, "geometry": {"type": "Polygon", "coordinates": [[[55.2083322, 25.0719253], [55.2083991, 25.0720005], [55.2083851, 25.0720108], [55.2084211, 25.0720513], [55.2084681, 25.0720169], [55.2084445, 25.0719904], [55.2084725, 25.07197], [55.2083931, 25.0718808], [55.2083322, 25.0719253]]]}}, {"type": "Feature", "properties": {"status": "existing", "bHeight": 12.0, "name": "", "levels": ""}, "geometry": {"type": "Polygon", "coordinates": [[[55.208188, 25.0720413], [55.2082549, 25.0721165], [55.2082409, 25.0721268], [55.2082769, 25.0721672], [55.2083239, 25.0721329], [55.2083003, 25.0721065], [55.2083284, 25.072086], [55.2082489, 25.0719968], [55.208188, 25.0720413]]]}}, {"type": "Feature", "properties": {"status": "existing", "bHeight": 12.0, "name": "", "levels": ""}, "geometry": {"type": "Polygon", "coordinates": [[[55.2080436, 25.0721372], [55.2081105, 25.0722124], [55.2080965, 25.0722226], [55.2081325, 25.0722631], [55.2081795, 25.0722288], [55.2081559, 25.0722023], [55.2081839, 25.0721819], [55.2081045, 25.0720927], [55.2080436, 25.0721372]]]}}, {"type": "Feature", "properties": {"status": "existing", "bHeight": 12.0, "name": "", "levels": ""}, "geometry": {"type": "Polygon", "coordinates": [[[55.2079337, 25.0722289], [55.2079772, 25.0722756], [55.2079606, 25.0722882], [55.2079973, 25.0723275], [55.208039, 25.0722956], [55.2080695, 25.0723283], [55.2081099, 25.0722974], [55.2079992, 25.0721788], [55.2079337, 25.0722289]]]}}, {"type": "Feature", "properties": {"status": "existing", "bHeight": 12.0, "name": "", "levels": ""}, "geometry": {"type": "Polygon", "coordinates": [[[55.2095926, 25.0743341], [55.2097052, 25.0743511], [55.2097187, 25.0742779], [55.2096061, 25.0742609], [55.2095926, 25.0743341]]]}}, {"type": "Feature", "properties": {"status": "existing", "bHeight": 12.0, "name": "", "levels": ""}, "geometry": {"type": "Polygon", "coordinates": [[[55.2094533, 25.0724337], [55.2094809, 25.072417], [55.2094359, 25.0723559], [55.2094083, 25.0723726], [55.2094533, 25.0724337]]]}}, {"type": "Feature", "properties": {"status": "existing", "bHeight": 12.0, "name": "", "levels": ""}, "geometry": {"type": "Polygon", "coordinates": [[[55.2100787, 25.0719678], [55.2101243, 25.071952], [55.2101065, 25.0719098], [55.2100609, 25.0719256], [55.2100787, 25.0719678]]]}}, {"type": "Feature", "properties": {"status": "existing", "bHeight": 12.0, "name": "", "levels": ""}, "geometry": {"type": "Polygon", "coordinates": [[[55.2077284, 25.0720808], [55.2077673, 25.0721197], [55.2078028, 25.0720906], [55.2077639, 25.0720517], [55.2077284, 25.0720808]]]}}, {"type": "Feature", "properties": {"status": "existing", "bHeight": 12.0, "name": "", "levels": ""}, "geometry": {"type": "Polygon", "coordinates": [[[55.2070853, 25.0713653], [55.2071143, 25.0713958], [55.2071428, 25.0713736], [55.2071137, 25.0713431], [55.2070853, 25.0713653]]]}}, {"type": "Feature", "properties": {"status": "existing", "bHeight": 12.0, "name": "", "levels": ""}, "geometry": {"type": "Polygon", "coordinates": [[[55.2016652, 25.0463406], [55.2015726, 25.0460091], [55.2014159, 25.0460449], [55.2015079, 25.0463741], [55.2016652, 25.0463406]]]}}, {"type": "Feature", "properties": {"status": "existing", "bHeight": 12.0, "name": "", "levels": ""}, "geometry": {"type": "Polygon", "coordinates": [[[55.1983018, 25.0484962], [55.1986437, 25.0487617], [55.1987598, 25.048639], [55.198418, 25.0483735], [55.1983018, 25.0484962]]]}}, {"type": "Feature", "properties": {"status": "existing", "bHeight": 12.0, "name": "", "levels": ""}, "geometry": {"type": "Polygon", "coordinates": [[[55.1982761, 25.048479], [55.198389, 25.0483597], [55.1981457, 25.0481708], [55.1980328, 25.0482901], [55.1982761, 25.048479]]]}}, {"type": "Feature", "properties": {"status": "existing", "bHeight": 12.0, "name": "", "levels": ""}, "geometry": {"type": "Polygon", "coordinates": [[[55.1981328, 25.049436], [55.1982609, 25.0495181], [55.1983521, 25.0494015], [55.198224, 25.0493193], [55.1981328, 25.049436]]]}}, {"type": "Feature", "properties": {"status": "existing", "bHeight": 12.0, "name": "", "levels": ""}, "geometry": {"type": "Polygon", "coordinates": [[[55.1978861, 25.0492902], [55.198098, 25.0494117], [55.1981775, 25.0492978], [55.1979657, 25.0491763], [55.1978861, 25.0492902]]]}}, {"type": "Feature", "properties": {"status": "existing", "bHeight": 12.0, "name": "", "levels": ""}, "geometry": {"type": "Polygon", "coordinates": [[[55.1976219, 25.0493303], [55.1978686, 25.0494566], [55.1979204, 25.0493737], [55.1976736, 25.0492474], [55.1976219, 25.0493303]]]}}, {"type": "Feature", "properties": {"status": "existing", "bHeight": 12.0, "name": "", "levels": ""}, "geometry": {"type": "Polygon", "coordinates": [[[55.2010938, 25.0487573], [55.200999, 25.0488253], [55.2011181, 25.0489616], [55.2012129, 25.0488937], [55.2010938, 25.0487573]]]}}, {"type": "Feature", "properties": {"status": "existing", "bHeight": 12.0, "name": "", "levels": ""}, "geometry": {"type": "Polygon", "coordinates": [[[55.2030565, 25.0458307], [55.2033846, 25.0457539], [55.2032754, 25.0453712], [55.2029473, 25.0454481], [55.2030565, 25.0458307]]]}}, {"type": "Feature", "properties": {"status": "existing", "bHeight": 12.0, "name": "", "levels": ""}, "geometry": {"type": "Polygon", "coordinates": [[[55.2008069, 25.0609132], [55.2008159, 25.0609228], [55.2009511, 25.0610659], [55.200973, 25.061089], [55.2011671, 25.0609385], [55.2012767, 25.0610544], [55.2014624, 25.0609103], [55.2011868, 25.0606186], [55.2008069, 25.0609132]]]}}, {"type": "Feature", "properties": {"status": "existing", "bHeight": 12.0, "name": "", "levels": ""}, "geometry": {"type": "Polygon", "coordinates": [[[55.208277, 25.0500234], [55.2084031, 25.0500198], [55.2084045, 25.0498995], [55.2085661, 25.0497677], [55.2087351, 25.0497653], [55.2087344, 25.049648], [55.2083985, 25.0496552], [55.208275, 25.0496213], [55.208228, 25.0496449], [55.208214, 25.0496923], [55.2082637, 25.0498078], [55.208277, 25.0500234]]]}}, {"type": "Feature", "properties": {"status": "existing", "bHeight": 12.0, "name": "", "levels": ""}, "geometry": {"type": "Polygon", "coordinates": [[[55.2034689, 25.0655079], [55.2035467, 25.0655935], [55.2035929, 25.065559], [55.2035151, 25.0654734], [55.2034689, 25.0655079]]]}}, {"type": "Feature", "properties": {"status": "existing", "bHeight": 12.0, "name": "", "levels": ""}, "geometry": {"type": "Polygon", "coordinates": [[[55.2041046, 25.0671875], [55.2042444, 25.0673444], [55.2045547, 25.0671176], [55.2045528, 25.0671154], [55.2045989, 25.0670817], [55.2044686, 25.0669354], [55.2044152, 25.0669745], [55.2044076, 25.066966], [55.2041046, 25.0671875]]]}}, {"type": "Feature", "properties": {"status": "existing", "bHeight": 12.0, "name": "", "levels": ""}, "geometry": {"type": "Polygon", "coordinates": [[[55.2039122, 25.0669716], [55.2040622, 25.06714], [55.2043539, 25.0669267], [55.2043332, 25.0669035], [55.2043846, 25.066866], [55.2042714, 25.0667389], [55.2042297, 25.0667693], [55.2042136, 25.0667513], [55.2039122, 25.0669716]]]}}, {"type": "Feature", "properties": {"status": "existing", "bHeight": 12.0, "name": "", "levels": ""}, "geometry": {"type": "Polygon", "coordinates": [[[55.2037222, 25.0667583], [55.2038683, 25.0669223], [55.2041684, 25.0667029], [55.2041495, 25.0666817], [55.204198, 25.0666462], [55.204088, 25.0665227], [55.2040351, 25.0665613], [55.204018, 25.0665421], [55.2037222, 25.0667583]]]}}, {"type": "Feature", "properties": {"status": "existing", "bHeight": 12.0, "name": "", "levels": ""}, "geometry": {"type": "Polygon", "coordinates": [[[55.2035291, 25.0665416], [55.203673, 25.0667031], [55.2039766, 25.0664812], [55.2039598, 25.0664623], [55.2040006, 25.0664325], [55.2038881, 25.0663063], [55.2038444, 25.0663382], [55.2038297, 25.0663218], [55.2035291, 25.0665416]]]}}, {"type": "Feature", "properties": {"status": "existing", "bHeight": 12.0, "name": "", "levels": ""}, "geometry": {"type": "Polygon", "coordinates": [[[55.2033244, 25.0663118], [55.2034762, 25.0664822], [55.2037829, 25.066258], [55.203772, 25.0662458], [55.2038287, 25.0662043], [55.2036964, 25.0660558], [55.2036373, 25.066099], [55.2036287, 25.0660894], [55.2033244, 25.0663118]]]}}, {"type": "Feature", "properties": {"status": "existing", "bHeight": 12.0, "name": "", "levels": ""}, "geometry": {"type": "Polygon", "coordinates": [[[55.2113607, 25.0512825], [55.2114343, 25.0512202], [55.2114102, 25.0511968], [55.2113373, 25.0512585], [55.2113607, 25.0512825]]]}}, {"type": "Feature", "properties": {"status": "existing", "bHeight": 12.0, "name": "", "levels": ""}, "geometry": {"type": "Polygon", "coordinates": [[[55.2113373, 25.0512585], [55.2112753, 25.0513109], [55.2112994, 25.0513343], [55.2113607, 25.0512825], [55.2113373, 25.0512585]]]}}, {"type": "Feature", "properties": {"status": "existing", "bHeight": 12.0, "name": "", "levels": ""}, "geometry": {"type": "Polygon", "coordinates": [[[55.2147847, 25.0498276], [55.2150177, 25.050052], [55.2152625, 25.0498547], [55.2150299, 25.0497578], [55.2148736, 25.0497567], [55.2147847, 25.0498276]]]}}, {"type": "Feature", "properties": {"status": "existing", "bHeight": 12.0, "name": "", "levels": ""}, "geometry": {"type": "Polygon", "coordinates": [[[55.2130626, 25.0504423], [55.2133841, 25.0506562], [55.2141107, 25.0501069], [55.213708, 25.0498596], [55.2135692, 25.0499712], [55.2138026, 25.0501363], [55.2133702, 25.0504537], [55.2131967, 25.0503208], [55.2130626, 25.0504423]]]}}, {"type": "Feature", "properties": {"status": "existing", "bHeight": 12.0, "name": "", "levels": ""}, "geometry": {"type": "Polygon", "coordinates": [[[55.2091381, 25.0481632], [55.2091597, 25.0481726], [55.2091773, 25.0481395], [55.2091558, 25.04813], [55.2091381, 25.0481632]]]}}, {"type": "Feature", "properties": {"status": "existing", "bHeight": 12.0, "name": "", "levels": ""}, "geometry": {"type": "Polygon", "coordinates": [[[55.2090693, 25.0480901], [55.2091697, 25.0481224], [55.2091862, 25.0480804], [55.2090858, 25.048048], [55.2090693, 25.0480901]]]}}, {"type": "Feature", "properties": {"status": "existing", "bHeight": 12.0, "name": "", "levels": ""}, "geometry": {"type": "Polygon", "coordinates": [[[55.2090534, 25.0480987], [55.2090337, 25.0481437], [55.2090633, 25.0481544], [55.2090689, 25.0481416], [55.2091251, 25.0481618], [55.2091392, 25.0481297], [55.2090534, 25.0480987]]]}}, {"type": "Feature", "properties": {"status": "existing", "bHeight": 12.0, "name": "", "levels": ""}, "geometry": {"type": "Polygon", "coordinates": [[[55.2090931, 25.047965], [55.209131, 25.0479832], [55.2091784, 25.0479022], [55.2091404, 25.047884], [55.2090931, 25.047965]]]}}, {"type": "Feature", "properties": {"status": "existing", "bHeight": 12.0, "name": "", "levels": ""}, "geometry": {"type": "Polygon", "coordinates": [[[55.2089652, 25.0479351], [55.2090076, 25.0479526], [55.2090512, 25.0478659], [55.2090088, 25.0478483], [55.2089652, 25.0479351]]]}}, {"type": "Feature", "properties": {"status": "existing", "bHeight": 12.0, "name": "", "levels": ""}, "geometry": {"type": "Polygon", "coordinates": [[[55.2086401, 25.0478206], [55.2089567, 25.0479264], [55.2089823, 25.0478516], [55.2086692, 25.0477452], [55.2086401, 25.0478206]]]}}, {"type": "Feature", "properties": {"status": "existing", "bHeight": 12.0, "name": "", "levels": ""}, "geometry": {"type": "Polygon", "coordinates": [[[55.2086728, 25.0480928], [55.2087122, 25.0481049], [55.2087517, 25.0479995], [55.2087123, 25.0479874], [55.2086728, 25.0480928]]]}}, {"type": "Feature", "properties": {"status": "existing", "bHeight": 12.0, "name": "", "levels": ""}, "geometry": {"type": "Polygon", "coordinates": [[[55.2087234, 25.0481083], [55.2089421, 25.0481891], [55.2089593, 25.0481509], [55.2087406, 25.0480701], [55.2087234, 25.0481083]]]}}, {"type": "Feature", "properties": {"status": "existing", "bHeight": 12.0, "name": "", "levels": ""}, "geometry": {"type": "Polygon", "coordinates": [[[55.2087093, 25.0483691], [55.2087431, 25.0485954], [55.208787, 25.04859], [55.2087531, 25.0483637], [55.2087093, 25.0483691]]]}}, {"type": "Feature", "properties": {"status": "existing", "bHeight": 12.0, "name": "", "levels": ""}, "geometry": {"type": "Polygon", "coordinates": [[[55.2085909, 25.0531156], [55.2086585, 25.0531028], [55.2086433, 25.053037], [55.2085779, 25.0527538], [55.2085102, 25.0527667], [55.2085909, 25.0531156]]]}}, {"type": "Feature", "properties": {"status": "existing", "bHeight": 12.0, "name": "", "levels": ""}, "geometry": {"type": "Polygon", "coordinates": [[[55.2086585, 25.0531028], [55.2086433, 25.053037], [55.2089682, 25.0529664], [55.2089728, 25.0529222], [55.2090482, 25.0529284], [55.2090179, 25.0530337], [55.2086585, 25.0531028]]]}}, {"type": "Feature", "properties": {"status": "existing", "bHeight": 12.0, "name": "", "levels": ""}, "geometry": {"type": "Polygon", "coordinates": [[[55.2199379, 25.0576695], [55.2200358, 25.0576877], [55.2200777, 25.0575027], [55.2199798, 25.0574845], [55.2199379, 25.0576695]]]}}, {"type": "Feature", "properties": {"status": "existing", "bHeight": 12.0, "name": "", "levels": ""}, "geometry": {"type": "Polygon", "coordinates": [[[55.2199186, 25.0607231], [55.2199971, 25.0607472], [55.2200871, 25.0605068], [55.2200085, 25.0604827], [55.2199186, 25.0607231]]]}}, {"type": "Feature", "properties": {"status": "existing", "bHeight": 64.6, "name": "", "levels": "19"}, "geometry": {"type": "Polygon", "coordinates": [[[55.2179812, 25.0612673], [55.2184063, 25.0614204], [55.2185738, 25.0610387], [55.2181379, 25.060882], [55.2179812, 25.0612673]]]}}, {"type": "Feature", "properties": {"status": "existing", "bHeight": 12.0, "name": "", "levels": ""}, "geometry": {"type": "Polygon", "coordinates": [[[55.2103396, 25.0642078], [55.2103771, 25.0642018], [55.2103634, 25.0641321], [55.2103258, 25.0641382], [55.2103396, 25.0642078]]]}}, {"type": "Feature", "properties": {"status": "existing", "bHeight": 12.0, "name": "", "levels": ""}, "geometry": {"type": "Polygon", "coordinates": [[[55.20996, 25.0642491], [55.2099922, 25.0642431], [55.2099633, 25.0641173], [55.2099311, 25.0641234], [55.20996, 25.0642491]]]}}, {"type": "Feature", "properties": {"status": "existing", "bHeight": 12.0, "name": "", "levels": ""}, "geometry": {"type": "Polygon", "coordinates": [[[55.2125645, 25.0617685], [55.2125993, 25.0617988], [55.2126237, 25.0617759], [55.2125888, 25.0617455], [55.2125645, 25.0617685]]]}}, {"type": "Feature", "properties": {"status": "existing", "bHeight": 12.0, "name": "", "levels": ""}, "geometry": {"type": "Polygon", "coordinates": [[[55.2134161, 25.0639904], [55.2134724, 25.0639722], [55.2133849, 25.0637503], [55.2133286, 25.0637685], [55.2134161, 25.0639904]]]}}, {"type": "Feature", "properties": {"status": "existing", "bHeight": 12.0, "name": "", "levels": ""}, "geometry": {"type": "Polygon", "coordinates": [[[55.2134493, 25.064065], [55.2135137, 25.0640463], [55.2134929, 25.0639875], [55.2134285, 25.0640062], [55.2134493, 25.064065]]]}}, {"type": "Feature", "properties": {"status": "existing", "bHeight": 12.0, "name": "", "levels": ""}, "geometry": {"type": "Polygon", "coordinates": [[[55.2132932, 25.0638726], [55.2133337, 25.063859], [55.2133199, 25.0638253], [55.2132795, 25.063839], [55.2132932, 25.0638726]]]}}, {"type": "Feature", "properties": {"status": "existing", "bHeight": 12.0, "name": "", "levels": ""}, "geometry": {"type": "Polygon", "coordinates": [[[55.2131885, 25.0638696], [55.2132795, 25.063839], [55.2133199, 25.0638253], [55.2132648, 25.0636909], [55.2131334, 25.0637351], [55.2131885, 25.0638696]]]}}, {"type": "Feature", "properties": {"status": "existing", "bHeight": 12.0, "name": "", "levels": ""}, "geometry": {"type": "Polygon", "coordinates": [[[55.2136749, 25.0643864], [55.2137098, 25.0643645], [55.2136509, 25.0642875], [55.213616, 25.0643093], [55.2136749, 25.0643864]]]}}, {"type": "Feature", "properties": {"status": "existing", "bHeight": 12.0, "name": "", "levels": ""}, "geometry": {"type": "Polygon", "coordinates": [[[55.2136809, 25.0645407], [55.2137264, 25.064515], [55.2136977, 25.0644733], [55.2136522, 25.0644989], [55.2136809, 25.0645407]]]}}, {"type": "Feature", "properties": {"status": "existing", "bHeight": 12.0, "name": "", "levels": ""}, "geometry": {"type": "Polygon", "coordinates": [[[55.2137359, 25.06463], [55.2137766, 25.064607], [55.2137291, 25.0645378], [55.2136883, 25.0645608], [55.2137359, 25.06463]]]}}, {"type": "Feature", "properties": {"status": "existing", "bHeight": 12.0, "name": "", "levels": ""}, "geometry": {"type": "Polygon", "coordinates": [[[55.2137721, 25.0646913], [55.213809, 25.0646701], [55.2137772, 25.0646248], [55.2137404, 25.0646461], [55.2137721, 25.0646913]]]}}, {"type": "Feature", "properties": {"status": "existing", "bHeight": 12.0, "name": "", "levels": ""}, "geometry": {"type": "Polygon", "coordinates": [[[55.2121769, 25.0643803], [55.2122118, 25.064373], [55.2121815, 25.0642544], [55.2121467, 25.0642617], [55.2121769, 25.0643803]]]}}, {"type": "Feature", "properties": {"status": "existing", "bHeight": 12.0, "name": "", "levels": ""}, "geometry": {"type": "Polygon", "coordinates": [[[55.2092597, 25.0677847], [55.2094578, 25.0677501], [55.2094231, 25.0675869], [55.2096228, 25.067552], [55.2095816, 25.0673586], [55.2091838, 25.0674281], [55.2092597, 25.0677847]]]}}, {"type": "Feature", "properties": {"status": "existing", "bHeight": 12.0, "name": "", "levels": ""}, "geometry": {"type": "Polygon", "coordinates": [[[55.2073684, 25.0644017], [55.2073645, 25.0649704], [55.2081236, 25.0649509], [55.2080272, 25.0643751], [55.2078395, 25.0644264], [55.2079041, 25.064776], [55.2075593, 25.06479], [55.207544, 25.0644066], [55.2074443, 25.064409], [55.2074364, 25.0643036], [55.2073199, 25.0643108], [55.2073268, 25.0644022], [55.2073684, 25.0644017]]]}}, {"type": "Feature", "properties": {"status": "existing", "bHeight": 12.0, "name": "", "levels": ""}, "geometry": {"type": "Polygon", "coordinates": [[[55.2089247, 25.0631534], [55.2091446, 25.0631145], [55.2090638, 25.0627393], [55.2088439, 25.0627782], [55.2089247, 25.0631534]]]}}, {"type": "Feature", "properties": {"status": "existing", "bHeight": 12.0, "name": "", "levels": ""}, "geometry": {"type": "Polygon", "coordinates": [[[55.2120039, 25.0623176], [55.2120374, 25.0623655], [55.2121184, 25.0623191], [55.2120848, 25.0622711], [55.2120039, 25.0623176]]]}}, {"type": "Feature", "properties": {"status": "existing", "bHeight": 12.0, "name": "", "levels": ""}, "geometry": {"type": "Polygon", "coordinates": [[[55.2119073, 25.0623722], [55.2119395, 25.0624111], [55.2120033, 25.0623677], [55.2119712, 25.0623289], [55.2119073, 25.0623722]]]}}, {"type": "Feature", "properties": {"status": "existing", "bHeight": 12.0, "name": "", "levels": ""}, "geometry": {"type": "Polygon", "coordinates": [[[55.2119221, 25.0624636], [55.2119782, 25.062549], [55.2122666, 25.0623937], [55.2122106, 25.0623082], [55.2119221, 25.0624636]]]}}, {"type": "Feature", "properties": {"status": "existing", "bHeight": 12.0, "name": "", "levels": ""}, "geometry": {"type": "Polygon", "coordinates": [[[55.2118134, 25.0625302], [55.2118684, 25.0626067], [55.2119552, 25.0625556], [55.2119002, 25.062479], [55.2118134, 25.0625302]]]}}, {"type": "Feature", "properties": {"status": "existing", "bHeight": 12.0, "name": "", "levels": ""}, "geometry": {"type": "Polygon", "coordinates": [[[55.2086262, 25.0648066], [55.2088869, 25.0647677], [55.2087518, 25.064026], [55.2088648, 25.0640091], [55.2088423, 25.0638859], [55.2084686, 25.0639417], [55.2086262, 25.0648066]]]}}, {"type": "Feature", "properties": {"status": "existing", "bHeight": 47.6, "name": "", "levels": "14"}, "geometry": {"type": "Polygon", "coordinates": [[[55.2090769, 25.064832], [55.2094978, 25.0647603], [55.2093124, 25.0638677], [55.2088905, 25.0639396], [55.2089255, 25.0641081], [55.209165, 25.0640673], [55.2091724, 25.064103], [55.2091071, 25.0641141], [55.2092077, 25.0645983], [55.2092783, 25.0645863], [55.209287, 25.0646285], [55.2090432, 25.06467], [55.2090769, 25.064832]]]}}, {"type": "Feature", "properties": {"status": "existing", "bHeight": 12.0, "name": "", "levels": ""}, "geometry": {"type": "Polygon", "coordinates": [[[55.2088802, 25.0659347], [55.2092825, 25.0658716], [55.2092407, 25.0656524], [55.2091244, 25.0656706], [55.2091329, 25.0657149], [55.2090186, 25.0657327], [55.2089334, 25.0652865], [55.2091488, 25.0652528], [55.2091108, 25.0650537], [55.2087236, 25.0651143], [55.2088802, 25.0659347]]]}}, {"type": "Feature", "properties": {"status": "existing", "bHeight": 44.2, "name": "Bluebell Residence", "levels": "13"}, "geometry": {"type": "Polygon", "coordinates": [[[55.2117571, 25.0677581], [55.212399, 25.0677277], [55.2123768, 25.0673437], [55.2117349, 25.0673742], [55.2117571, 25.0677581]]]}}, {"type": "Feature", "properties": {"status": "existing", "bHeight": 12.0, "name": "", "levels": ""}, "geometry": {"type": "Polygon", "coordinates": [[[55.2119725, 25.0673156], [55.2121026, 25.0673071], [55.2120995, 25.0672677], [55.2119694, 25.0672762], [55.2119725, 25.0673156]]]}}, {"type": "Feature", "properties": {"status": "existing", "bHeight": 57.8, "name": "", "levels": "17"}, "geometry": {"type": "Polygon", "coordinates": [[[55.2132342, 25.0677376], [55.2137065, 25.0677807], [55.2137508, 25.0673819], [55.2132785, 25.0673389], [55.2132342, 25.0677376]]]}}, {"type": "Feature", "properties": {"status": "existing", "bHeight": 12.0, "name": "", "levels": ""}, "geometry": {"type": "Polygon", "coordinates": [[[55.2128976, 25.0674818], [55.2129345, 25.0674831], [55.212942, 25.067309], [55.2129051, 25.0673077], [55.2128976, 25.0674818]]]}}, {"type": "Feature", "properties": {"status": "existing", "bHeight": 12.0, "name": "", "levels": ""}, "geometry": {"type": "Polygon", "coordinates": [[[55.2128874, 25.0677191], [55.2129243, 25.0677204], [55.2129345, 25.0674831], [55.2128976, 25.0674818], [55.2128874, 25.0677191]]]}}, {"type": "Feature", "properties": {"status": "existing", "bHeight": 12.0, "name": "", "levels": ""}, "geometry": {"type": "Polygon", "coordinates": [[[55.2083857, 25.0651642], [55.2085209, 25.0651555], [55.2085173, 25.0651086], [55.208382, 25.0651172], [55.2083857, 25.0651642]]]}}, {"type": "Feature", "properties": {"status": "existing", "bHeight": 12.0, "name": "", "levels": ""}, "geometry": {"type": "Polygon", "coordinates": [[[55.2084483, 25.0653606], [55.2085586, 25.0653549], [55.2085529, 25.0652639], [55.2084212, 25.0652707], [55.2084239, 25.065314], [55.2084453, 25.0653129], [55.2084483, 25.0653606]]]}}, {"type": "Feature", "properties": {"status": "existing", "bHeight": 12.0, "name": "", "levels": ""}, "geometry": {"type": "Polygon", "coordinates": [[[55.2077378, 25.0668367], [55.2078478, 25.0668379], [55.2078483, 25.0667979], [55.2077384, 25.0667967], [55.2077378, 25.0668367]]]}}, {"type": "Feature", "properties": {"status": "existing", "bHeight": 12.0, "name": "", "levels": ""}, "geometry": {"type": "Polygon", "coordinates": [[[55.2135743, 25.0645613], [55.2136105, 25.0645383], [55.2135393, 25.0644466], [55.2135031, 25.0644697], [55.2135743, 25.0645613]]]}}, {"type": "Feature", "properties": {"status": "existing", "bHeight": 12.0, "name": "", "levels": ""}, "geometry": {"type": "Polygon", "coordinates": [[[55.2090508, 25.0679828], [55.2091527, 25.0679573], [55.2091449, 25.0679319], [55.209043, 25.0679574], [55.2090508, 25.0679828]]]}}, {"type": "Feature", "properties": {"status": "existing", "bHeight": 12.0, "name": "", "levels": ""}, "geometry": {"type": "Polygon", "coordinates": [[[55.2127901, 25.060621], [55.2128343, 25.0606344], [55.2128461, 25.0606023], [55.2128019, 25.0605889], [55.2127901, 25.060621]]]}}, {"type": "Feature", "properties": {"status": "existing", "bHeight": 12.0, "name": "", "levels": ""}, "geometry": {"type": "Polygon", "coordinates": [[[55.2090608, 25.0592429], [55.2090912, 25.0592415], [55.2090876, 25.0591796], [55.2090572, 25.059181], [55.2090608, 25.0592429]]]}}, {"type": "Feature", "properties": {"status": "existing", "bHeight": 12.0, "name": "", "levels": ""}, "geometry": {"type": "Polygon", "coordinates": [[[55.2091125, 25.0592695], [55.2091433, 25.0592671], [55.2091342, 25.0591726], [55.2091034, 25.059175], [55.2091125, 25.0592695]]]}}, {"type": "Feature", "properties": {"status": "existing", "bHeight": 12.0, "name": "", "levels": ""}, "geometry": {"type": "Polygon", "coordinates": [[[55.2125949, 25.0600382], [55.2126785, 25.0600636], [55.2126961, 25.0600164], [55.2126125, 25.059991], [55.2125949, 25.0600382]]]}}, {"type": "Feature", "properties": {"status": "existing", "bHeight": 12.0, "name": "", "levels": ""}, "geometry": {"type": "Polygon", "coordinates": [[[55.2141201, 25.0573044], [55.2142087, 25.0573347], [55.2142221, 25.0573025], [55.2141336, 25.0572722], [55.2141201, 25.0573044]]]}}, {"type": "Feature", "properties": {"status": "existing", "bHeight": 12.0, "name": "", "levels": ""}, "geometry": {"type": "Polygon", "coordinates": [[[55.2141346, 25.0572571], [55.2141768, 25.0572747], [55.2142287, 25.0571726], [55.2141864, 25.0571549], [55.2141346, 25.0572571]]]}}, {"type": "Feature", "properties": {"status": "existing", "bHeight": 12.0, "name": "", "levels": ""}, "geometry": {"type": "Polygon", "coordinates": [[[55.2141953, 25.0572752], [55.2142356, 25.0572905], [55.214281, 25.057192], [55.2142407, 25.0571768], [55.2141953, 25.0572752]]]}}, {"type": "Feature", "properties": {"status": "existing", "bHeight": 12.0, "name": "", "levels": ""}, "geometry": {"type": "Polygon", "coordinates": [[[55.2132443, 25.0603681], [55.2133524, 25.0604037], [55.213409, 25.0602626], [55.2133009, 25.060227], [55.2132443, 25.0603681]]]}}, {"type": "Feature", "properties": {"status": "existing", "bHeight": 12.0, "name": "", "levels": ""}, "geometry": {"type": "Polygon", "coordinates": [[[55.2110567, 25.0597573], [55.2110767, 25.0597777], [55.2111086, 25.059752], [55.2110886, 25.0597317], [55.2110567, 25.0597573]]]}}, {"type": "Feature", "properties": {"status": "existing", "bHeight": 12.0, "name": "", "levels": ""}, "geometry": {"type": "Polygon", "coordinates": [[[55.2111426, 25.0596641], [55.2111802, 25.059694], [55.2112295, 25.0596432], [55.2111919, 25.0596133], [55.2111426, 25.0596641]]]}}, {"type": "Feature", "properties": {"status": "existing", "bHeight": 12.0, "name": "", "levels": ""}, "geometry": {"type": "Polygon", "coordinates": [[[55.2146951, 25.0574642], [55.2149556, 25.0575487], [55.2148908, 25.0577125], [55.2150878, 25.0577764], [55.215224, 25.057432], [55.2147666, 25.0572835], [55.2146951, 25.0574642]]]}}, {"type": "Feature", "properties": {"status": "existing", "bHeight": 12.0, "name": "", "levels": ""}, "geometry": {"type": "Polygon", "coordinates": [[[55.2093203, 25.0598636], [55.2093793, 25.0598611], [55.2093735, 25.0597439], [55.2093145, 25.0597464], [55.2093203, 25.0598636]]]}}, {"type": "Feature", "properties": {"status": "existing", "bHeight": 12.0, "name": "", "levels": ""}, "geometry": {"type": "Polygon", "coordinates": [[[55.2095555, 25.0605295], [55.2099585, 25.0604223], [55.2098855, 25.0600269], [55.2094603, 25.0600913], [55.2095555, 25.0605295]]]}}, {"type": "Feature", "properties": {"status": "existing", "bHeight": 12.0, "name": "", "levels": ""}, "geometry": {"type": "Polygon", "coordinates": [[[55.2125028, 25.0605317], [55.2126208, 25.0605718], [55.2126518, 25.0604969], [55.2125338, 25.0604568], [55.2125028, 25.0605317]]]}}, {"type": "Feature", "properties": {"status": "existing", "bHeight": 12.0, "name": "", "levels": ""}, "geometry": {"type": "Polygon", "coordinates": [[[55.2139744, 25.0577899], [55.2140034, 25.0577987], [55.2140342, 25.0577155], [55.2140052, 25.0577067], [55.2139744, 25.0577899]]]}}, {"type": "Feature", "properties": {"status": "existing", "bHeight": 12.0, "name": "", "levels": ""}, "geometry": {"type": "Polygon", "coordinates": [[[55.2178722, 25.051172], [55.2179126, 25.0512067], [55.2179396, 25.051181], [55.2178992, 25.0511462], [55.2178722, 25.051172]]]}}, {"type": "Feature", "properties": {"status": "existing", "bHeight": 12.0, "name": "", "levels": ""}, "geometry": {"type": "Polygon", "coordinates": [[[55.2179006, 25.0512182], [55.2179638, 25.0512725], [55.2180027, 25.0512353], [55.2179396, 25.051181], [55.2179126, 25.0512067], [55.2179006, 25.0512182]]]}}, {"type": "Feature", "properties": {"status": "existing", "bHeight": 34.0, "name": "", "levels": "10"}, "geometry": {"type": "Polygon", "coordinates": [[[55.2209075, 25.0546468], [55.2210993, 25.0546347], [55.2211019, 25.0545861], [55.2213286, 25.0545168], [55.2210713, 25.0540977], [55.2209613, 25.0541026], [55.2209075, 25.0546468]]]}}, {"type": "Feature", "properties": {"status": "existing", "bHeight": 68.0, "name": "", "levels": "20"}, "geometry": {"type": "Polygon", "coordinates": [[[55.2199766, 25.0538499], [55.2200189, 25.0539774], [55.2204337, 25.0538644], [55.2203552, 25.0536278], [55.2202214, 25.0536643], [55.2202366, 25.0537101], [55.2200409, 25.0537635], [55.2200619, 25.0538267], [55.2199766, 25.0538499]]]}}, {"type": "Feature", "properties": {"status": "existing", "bHeight": 85.0, "name": "Mir 5", "levels": "25"}, "geometry": {"type": "Polygon", "coordinates": [[[55.2173456, 25.0653227], [55.2174463, 25.0650409], [55.2178657, 25.0651639], [55.2177651, 25.0654457], [55.2173456, 25.0653227]]]}}, {"type": "Feature", "properties": {"status": "existing", "bHeight": 12.0, "name": "", "levels": ""}, "geometry": {"type": "Polygon", "coordinates": [[[55.2190038, 25.0641799], [55.2189233, 25.064438], [55.2190379, 25.0644674], [55.2191184, 25.0642092], [55.2190038, 25.0641799]]]}}, {"type": "Feature", "properties": {"status": "existing", "bHeight": 12.0, "name": "", "levels": ""}, "geometry": {"type": "Polygon", "coordinates": [[[55.2188561, 25.0643096], [55.2189261, 25.0643246], [55.2189455, 25.0642501], [55.2188755, 25.0642351], [55.2188561, 25.0643096]]]}}, {"type": "Feature", "properties": {"status": "existing", "bHeight": 12.0, "name": "", "levels": ""}, "geometry": {"type": "Polygon", "coordinates": [[[55.2185767, 25.064488], [55.2186109, 25.0644956], [55.2186387, 25.0643939], [55.2186044, 25.0643863], [55.2185767, 25.064488]]]}}, {"type": "Feature", "properties": {"status": "existing", "bHeight": 12.0, "name": "", "levels": ""}, "geometry": {"type": "Polygon", "coordinates": [[[55.2185002, 25.0648456], [55.2185357, 25.0648553], [55.2185504, 25.0648113], [55.2185149, 25.0648016], [55.2185002, 25.0648456]]]}}, {"type": "Feature", "properties": {"status": "existing", "bHeight": 12.0, "name": "", "levels": ""}, "geometry": {"type": "Polygon", "coordinates": [[[55.2184834, 25.064927], [55.2185223, 25.0649391], [55.2185479, 25.0648719], [55.2185091, 25.0648597], [55.2184834, 25.064927]]]}}, {"type": "Feature", "properties": {"status": "existing", "bHeight": 12.0, "name": "", "levels": ""}, "geometry": {"type": "Polygon", "coordinates": [[[55.2184425, 25.0650266], [55.2184781, 25.0650412], [55.2185073, 25.0649827], [55.2184718, 25.0649681], [55.2184425, 25.0650266]]]}}, {"type": "Feature", "properties": {"status": "existing", "bHeight": 12.0, "name": "", "levels": ""}, "geometry": {"type": "Polygon", "coordinates": [[[55.2184197, 25.0651129], [55.2184553, 25.0651232], [55.2184764, 25.0650634], [55.2184409, 25.0650531], [55.2184197, 25.0651129]]]}}, {"type": "Feature", "properties": {"status": "existing", "bHeight": 12.0, "name": "", "levels": ""}, "geometry": {"type": "Polygon", "coordinates": [[[55.2183862, 25.065207], [55.2184164, 25.0652167], [55.2184389, 25.0651594], [55.2184087, 25.0651497], [55.2183862, 25.065207]]]}}, {"type": "Feature", "properties": {"status": "existing", "bHeight": 12.0, "name": "", "levels": ""}, "geometry": {"type": "Polygon", "coordinates": [[[55.2186846, 25.0655819], [55.2187449, 25.0654101], [55.2186747, 25.0653899], [55.2186144, 25.0655616], [55.2186846, 25.0655819]]]}}, {"type": "Feature", "properties": {"status": "existing", "bHeight": 12.0, "name": "", "levels": ""}, "geometry": {"type": "Polygon", "coordinates": [[[55.2180991, 25.0656558], [55.2180819, 25.0656948], [55.2181612, 25.0657234], [55.2181549, 25.0657379], [55.2183796, 25.0658227], [55.2184044, 25.0657658], [55.2180991, 25.0656558]]]}}, {"type": "Feature", "properties": {"status": "existing", "bHeight": 12.0, "name": "", "levels": ""}, "geometry": {"type": "Polygon", "coordinates": [[[55.2175805, 25.0671215], [55.2176117, 25.0671364], [55.2176323, 25.067101], [55.2176011, 25.0670861], [55.2175805, 25.0671215]]]}}, {"type": "Feature", "properties": {"status": "existing", "bHeight": 12.0, "name": "", "levels": ""}, "geometry": {"type": "Polygon", "coordinates": [[[55.2176064, 25.0671747], [55.2176412, 25.0671893], [55.2176791, 25.067115], [55.2176442, 25.0671004], [55.2176064, 25.0671747]]]}}, {"type": "Feature", "properties": {"status": "existing", "bHeight": 12.0, "name": "", "levels": ""}, "geometry": {"type": "Polygon", "coordinates": [[[55.2184649, 25.0647757], [55.2185147, 25.0647888], [55.2185366, 25.0647204], [55.2184868, 25.0647073], [55.2184649, 25.0647757]]]}}, {"type": "Feature", "properties": {"status": "existing", "bHeight": 12.0, "name": "", "levels": ""}, "geometry": {"type": "Polygon", "coordinates": [[[55.2185028, 25.0646571], [55.2186122, 25.0646857], [55.2186404, 25.0645975], [55.218531, 25.0645688], [55.2185028, 25.0646571]]]}}, {"type": "Feature", "properties": {"status": "existing", "bHeight": 12.0, "name": "", "levels": ""}, "geometry": {"type": "Polygon", "coordinates": [[[55.2184868, 25.0647073], [55.2185366, 25.0647204], [55.2185961, 25.064736], [55.2186122, 25.0646857], [55.2185028, 25.0646571], [55.2184868, 25.0647073]]]}}, {"type": "Feature", "properties": {"status": "existing", "bHeight": 12.0, "name": "", "levels": ""}, "geometry": {"type": "Polygon", "coordinates": [[[55.2103042, 25.0531639], [55.2103294, 25.05319], [55.2104186, 25.0531196], [55.2103934, 25.0530934], [55.2103042, 25.0531639]]]}}, {"type": "Feature", "properties": {"status": "existing", "bHeight": 12.0, "name": "", "levels": ""}, "geometry": {"type": "Polygon", "coordinates": [[[55.2118621, 25.0518738], [55.2118859, 25.0518984], [55.2119077, 25.0518811], [55.2118839, 25.0518565], [55.2118621, 25.0518738]]]}}, {"type": "Feature", "properties": {"status": "existing", "bHeight": 12.0, "name": "", "levels": ""}, "geometry": {"type": "Polygon", "coordinates": [[[55.2090615, 25.0478996], [55.209095, 25.0479142], [55.2091162, 25.0478742], [55.2090827, 25.0478596], [55.2090615, 25.0478996]]]}}, {"type": "Feature", "properties": {"status": "existing", "bHeight": 12.0, "name": "", "levels": ""}, "geometry": {"type": "Polygon", "coordinates": [[[55.2090354, 25.047958], [55.2090669, 25.0479731], [55.2090909, 25.0479323], [55.2090594, 25.0479171], [55.2090354, 25.047958]]]}}, {"type": "Feature", "properties": {"status": "existing", "bHeight": 12.0, "name": "", "levels": ""}, "geometry": {"type": "Polygon", "coordinates": [[[55.2091668, 25.0480056], [55.2091966, 25.0480208], [55.2092159, 25.0479897], [55.2091861, 25.0479745], [55.2091668, 25.0480056]]]}}, {"type": "Feature", "properties": {"status": "existing", "bHeight": 12.0, "name": "", "levels": ""}, "geometry": {"type": "Polygon", "coordinates": [[[55.2089542, 25.0481973], [55.2089798, 25.0482066], [55.2090173, 25.0481215], [55.2089918, 25.0481123], [55.2089542, 25.0481973]]]}}, {"type": "Feature", "properties": {"status": "existing", "bHeight": 12.0, "name": "", "levels": ""}, "geometry": {"type": "Polygon", "coordinates": [[[55.2086444, 25.0480163], [55.2086826, 25.0480296], [55.2086992, 25.0479907], [55.208661, 25.0479774], [55.2086444, 25.0480163]]]}}, {"type": "Feature", "properties": {"status": "existing", "bHeight": 12.0, "name": "", "levels": ""}, "geometry": {"type": "Polygon", "coordinates": [[[55.2087658, 25.0480582], [55.2089187, 25.048111], [55.2089383, 25.0480645], [55.2087854, 25.0480117], [55.2087658, 25.0480582]]]}}, {"type": "Feature", "properties": {"status": "existing", "bHeight": 12.0, "name": "", "levels": ""}, "geometry": {"type": "Polygon", "coordinates": [[[55.2089509, 25.0483954], [55.2089958, 25.0484081], [55.209009, 25.0483701], [55.208964, 25.0483573], [55.2089509, 25.0483954]]]}}, {"type": "Feature", "properties": {"status": "existing", "bHeight": 12.0, "name": "", "levels": ""}, "geometry": {"type": "Polygon", "coordinates": [[[55.2088389, 25.0486171], [55.2088748, 25.0486168], [55.2088745, 25.0485882], [55.2088386, 25.0485885], [55.2088389, 25.0486171]]]}}, {"type": "Feature", "properties": {"status": "existing", "bHeight": 12.0, "name": "", "levels": ""}, "geometry": {"type": "Polygon", "coordinates": [[[55.208802, 25.0486663], [55.2088382, 25.0486699], [55.2088417, 25.0486414], [55.2088055, 25.0486377], [55.208802, 25.0486663]]]}}, {"type": "Feature", "properties": {"status": "existing", "bHeight": 12.0, "name": "", "levels": ""}, "geometry": {"type": "Polygon", "coordinates": [[[55.2089126, 25.0487049], [55.2089371, 25.0487131], [55.2089592, 25.048659], [55.2089347, 25.0486508], [55.2089126, 25.0487049]]]}}, {"type": "Feature", "properties": {"status": "existing", "bHeight": 12.0, "name": "", "levels": ""}, "geometry": {"type": "Polygon", "coordinates": [[[55.2088483, 25.0487592], [55.2088691, 25.0487696], [55.2089038, 25.0487121], [55.208883, 25.0487018], [55.2088483, 25.0487592]]]}}, {"type": "Feature", "properties": {"status": "existing", "bHeight": 12.0, "name": "", "levels": ""}, "geometry": {"type": "Polygon", "coordinates": [[[55.2133866, 25.0494851], [55.21415, 25.0500099], [55.2142511, 25.0498892], [55.2134877, 25.0493644], [55.2133866, 25.0494851]]]}}, {"type": "Feature", "properties": {"status": "existing", "bHeight": 12.0, "name": "", "levels": ""}, "geometry": {"type": "Polygon", "coordinates": [[[55.2164671, 25.0556001], [55.2165076, 25.0556059], [55.2165132, 25.0555736], [55.2164726, 25.0555679], [55.2164671, 25.0556001]]]}}, {"type": "Feature", "properties": {"status": "existing", "bHeight": 12.0, "name": "", "levels": ""}, "geometry": {"type": "Polygon", "coordinates": [[[55.2160968, 25.0557065], [55.2161268, 25.0558291], [55.2164422, 25.0557658], [55.2164122, 25.0556432], [55.216156, 25.0556946], [55.2160968, 25.0557065]]]}}, {"type": "Feature", "properties": {"status": "existing", "bHeight": 12.0, "name": "", "levels": ""}, "geometry": {"type": "Polygon", "coordinates": [[[55.2204461, 25.0578511], [55.2204857, 25.0578596], [55.2205187, 25.0577335], [55.2204792, 25.057725], [55.2204461, 25.0578511]]]}}, {"type": "Feature", "properties": {"status": "existing", "bHeight": 12.0, "name": "", "levels": ""}, "geometry": {"type": "Polygon", "coordinates": [[[55.2199232, 25.0577969], [55.2199669, 25.0577978], [55.2199676, 25.0577662], [55.219924, 25.0577654], [55.2199232, 25.0577969]]]}}, {"type": "Feature", "properties": {"status": "existing", "bHeight": 12.0, "name": "", "levels": ""}, "geometry": {"type": "Polygon", "coordinates": [[[55.2184312, 25.0570952], [55.2184613, 25.0571061], [55.2184978, 25.0570236], [55.2184677, 25.0570127], [55.2184312, 25.0570952]]]}}, {"type": "Feature", "properties": {"status": "existing", "bHeight": 12.0, "name": "", "levels": ""}, "geometry": {"type": "Polygon", "coordinates": [[[55.2168074, 25.0554938], [55.2168423, 25.0555066], [55.2168569, 25.0554738], [55.2168221, 25.055461], [55.2168074, 25.0554938]]]}}, {"type": "Feature", "properties": {"status": "existing", "bHeight": 12.0, "name": "", "levels": ""}, "geometry": {"type": "Polygon", "coordinates": [[[55.2208218, 25.0561667], [55.220875, 25.0561756], [55.2208921, 25.0560924], [55.220839, 25.0560834], [55.2208218, 25.0561667]]]}}, {"type": "Feature", "properties": {"status": "existing", "bHeight": 12.0, "name": "", "levels": ""}, "geometry": {"type": "Polygon", "coordinates": [[[55.2212569, 25.0546737], [55.2213139, 25.0546763], [55.221318, 25.0546007], [55.22127, 25.0545985], [55.2212707, 25.054587], [55.2212377, 25.0545855], [55.2212341, 25.0546502], [55.2212582, 25.0546513], [55.2212569, 25.0546737]]]}}, {"type": "Feature", "properties": {"status": "existing", "bHeight": 12.0, "name": "", "levels": ""}, "geometry": {"type": "Polygon", "coordinates": [[[55.2204268, 25.0576313], [55.2205264, 25.057652], [55.2205367, 25.0576114], [55.2204371, 25.0575906], [55.2204268, 25.0576313]]]}}, {"type": "Feature", "properties": {"status": "existing", "bHeight": 12.0, "name": "", "levels": ""}, "geometry": {"type": "Polygon", "coordinates": [[[55.220312, 25.0575997], [55.220418, 25.0576209], [55.2204266, 25.0575858], [55.2203206, 25.0575645], [55.220312, 25.0575997]]]}}, {"type": "Feature", "properties": {"status": "existing", "bHeight": 12.0, "name": "", "levels": ""}, "geometry": {"type": "Polygon", "coordinates": [[[55.2186973, 25.0559407], [55.2187369, 25.0559395], [55.2187327, 25.055828], [55.2186932, 25.0558292], [55.2186973, 25.0559407]]]}}, {"type": "Feature", "properties": {"status": "existing", "bHeight": 12.0, "name": "", "levels": ""}, "geometry": {"type": "Polygon", "coordinates": [[[55.2169435, 25.0555208], [55.2171475, 25.0555359], [55.2171736, 25.0552469], [55.2169697, 25.0552318], [55.2169435, 25.0555208]]]}}, {"type": "Feature", "properties": {"status": "existing", "bHeight": 12.0, "name": "", "levels": ""}, "geometry": {"type": "Polygon", "coordinates": [[[55.2184289, 25.0564576], [55.2184621, 25.0564673], [55.2184748, 25.0564315], [55.2184416, 25.0564219], [55.2184289, 25.0564576]]]}}, {"type": "Feature", "properties": {"status": "existing", "bHeight": 12.0, "name": "", "levels": ""}, "geometry": {"type": "Polygon", "coordinates": [[[55.2183889, 25.0565324], [55.2184452, 25.0565445], [55.2184608, 25.0564852], [55.2184045, 25.0564731], [55.2183889, 25.0565324]]]}}, {"type": "Feature", "properties": {"status": "existing", "bHeight": 12.0, "name": "", "levels": ""}, "geometry": {"type": "Polygon", "coordinates": [[[55.2200465, 25.0568045], [55.2200854, 25.0568118], [55.2200983, 25.0567551], [55.2200594, 25.0567478], [55.2200465, 25.0568045]]]}}, {"type": "Feature", "properties": {"status": "existing", "bHeight": 12.0, "name": "", "levels": ""}, "geometry": {"type": "Polygon", "coordinates": [[[55.2199358, 25.057319], [55.21997, 25.0573251], [55.2199984, 25.057194], [55.2199642, 25.0571879], [55.2199358, 25.057319]]]}}, {"type": "Feature", "properties": {"status": "existing", "bHeight": 12.0, "name": "", "levels": ""}, "geometry": {"type": "Polygon", "coordinates": [[[55.2199802, 25.0571399], [55.220013, 25.0571446], [55.2200255, 25.0570731], [55.2199926, 25.0570685], [55.2199802, 25.0571399]]]}}, {"type": "Feature", "properties": {"status": "existing", "bHeight": 12.0, "name": "", "levels": ""}, "geometry": {"type": "Polygon", "coordinates": [[[55.2204716, 25.0559298], [55.2204897, 25.0559267], [55.2204813, 25.0558858], [55.2204632, 25.0558888], [55.2204716, 25.0559298]]]}}, {"type": "Feature", "properties": {"status": "existing", "bHeight": 12.0, "name": "", "levels": ""}, "geometry": {"type": "Polygon", "coordinates": [[[55.220733, 25.0557992], [55.2207455, 25.0558447], [55.2208489, 25.0558214], [55.2208364, 25.0557759], [55.220733, 25.0557992]]]}}, {"type": "Feature", "properties": {"status": "existing", "bHeight": 12.0, "name": "", "levels": ""}, "geometry": {"type": "Polygon", "coordinates": [[[55.2207428, 25.0558542], [55.2207569, 25.0558969], [55.2208662, 25.0558675], [55.2208522, 25.0558248], [55.2207428, 25.0558542]]]}}, {"type": "Feature", "properties": {"status": "existing", "bHeight": 12.0, "name": "", "levels": ""}, "geometry": {"type": "Polygon", "coordinates": [[[55.2211726, 25.0559804], [55.2211974, 25.05598], [55.2211953, 25.0558832], [55.2211704, 25.0558836], [55.2211726, 25.0559804]]]}}, {"type": "Feature", "properties": {"status": "existing", "bHeight": 3.2, "name": "", "levels": "1"}, "geometry": {"type": "Polygon", "coordinates": [[[55.2176783, 25.0580096], [55.217827, 25.0580579], [55.2181024, 25.0573613], [55.2179537, 25.0573131], [55.2176783, 25.0580096]]]}}, {"type": "Feature", "properties": {"status": "existing", "bHeight": 12.0, "name": "", "levels": ""}, "geometry": {"type": "Polygon", "coordinates": [[[55.2116887, 25.0617672], [55.2118255, 25.0617606], [55.2118231, 25.0617194], [55.2116863, 25.0617261], [55.2116887, 25.0617672]]]}}, {"type": "Feature", "properties": {"status": "existing", "bHeight": 3.2, "name": "", "levels": "1"}, "geometry": {"type": "Polygon", "coordinates": [[[55.2105702, 25.0619458], [55.2106159, 25.0621426], [55.2114305, 25.0619875], [55.2113848, 25.0617907], [55.2105702, 25.0619458]]]}}, {"type": "Feature", "properties": {"status": "existing", "bHeight": 3.2, "name": "", "levels": "1"}, "geometry": {"type": "Polygon", "coordinates": [[[55.2123766, 25.0487933], [55.2122854, 25.0489485], [55.2131647, 25.0493726], [55.2132559, 25.0492173], [55.2123766, 25.0487933]]]}}, {"type": "Feature", "properties": {"status": "existing", "bHeight": 3.2, "name": "", "levels": "1"}, "geometry": {"type": "Polygon", "coordinates": [[[55.2125163, 25.0504034], [55.2131416, 25.0508235], [55.2132203, 25.0507274], [55.212595, 25.0503073], [55.2125163, 25.0504034]]]}}, {"type": "Feature", "properties": {"status": "existing", "bHeight": 3.2, "name": "", "levels": "1"}, "geometry": {"type": "Polygon", "coordinates": [[[55.197904, 25.0596933], [55.1979203, 25.059737], [55.1977309, 25.0597951], [55.1977679, 25.059894], [55.1988796, 25.0595528], [55.1988263, 25.0594103], [55.197904, 25.0596933]]]}}, {"type": "Feature", "properties": {"status": "existing", "bHeight": 3.2, "name": "", "levels": "1"}, "geometry": {"type": "Polygon", "coordinates": [[[55.197829, 25.0589045], [55.1978957, 25.0590765], [55.1987204, 25.058814], [55.1986537, 25.0586421], [55.197829, 25.0589045]]]}}, {"type": "Feature", "properties": {"status": "existing", "bHeight": 12.0, "name": "", "levels": ""}, "geometry": {"type": "Polygon", "coordinates": [[[55.1970335, 25.0588995], [55.197047, 25.058937], [55.1971046, 25.0589199], [55.1970911, 25.0588825], [55.1970335, 25.0588995]]]}}, {"type": "Feature", "properties": {"status": "existing", "bHeight": 12.0, "name": "", "levels": ""}, "geometry": {"type": "Polygon", "coordinates": [[[55.1969995, 25.0588998], [55.1970252, 25.0588909], [55.1970062, 25.0588458], [55.1969805, 25.0588547], [55.1969995, 25.0588998]]]}}, {"type": "Feature", "properties": {"status": "existing", "bHeight": 12.0, "name": "", "levels": ""}, "geometry": {"type": "Polygon", "coordinates": [[[55.1971324, 25.0588953], [55.1972423, 25.0588625], [55.197229, 25.0588259], [55.1971191, 25.0588587], [55.1971324, 25.0588953]]]}}, {"type": "Feature", "properties": {"status": "existing", "bHeight": 12.0, "name": "", "levels": ""}, "geometry": {"type": "Polygon", "coordinates": [[[55.1972594, 25.0588743], [55.1973137, 25.0588575], [55.1972945, 25.0588064], [55.1972402, 25.0588232], [55.1972594, 25.0588743]]]}}, {"type": "Feature", "properties": {"status": "existing", "bHeight": 10.2, "name": "La Riviera estate", "levels": "3"}, "geometry": {"type": "Polygon", "coordinates": [[[55.2027739, 25.0624584], [55.2028481, 25.0625152], [55.2029467, 25.0624097], [55.2028542, 25.0623388], [55.2027739, 25.0624248], [55.2027922, 25.0624388], [55.2027739, 25.0624584]]]}}, {"type": "Feature", "properties": {"status": "existing", "bHeight": 10.2, "name": "La Riviera estate", "levels": "3"}, "geometry": {"type": "Polygon", "coordinates": [[[55.2025841, 25.0635916], [55.2026785, 25.063678], [55.2027917, 25.0635766], [55.2026974, 25.0634902], [55.2025841, 25.0635916]]]}}, {"type": "Feature", "properties": {"status": "existing", "bHeight": 10.2, "name": "La Riviera estate", "levels": "3"}, "geometry": {"type": "Polygon", "coordinates": [[[55.2022254, 25.062768], [55.2026436, 25.0632121], [55.2027019, 25.063167], [55.2026815, 25.0631453], [55.2027683, 25.0630781], [55.202503, 25.0627964], [55.2026927, 25.0626498], [55.2025603, 25.0625092], [55.2022254, 25.062768]]]}}, {"type": "Feature", "properties": {"status": "existing", "bHeight": 44.2, "name": "", "levels": "13"}, "geometry": {"type": "Polygon", "coordinates": [[[55.2018133, 25.0607331], [55.2020683, 25.0610111], [55.202351, 25.0607983], [55.202096, 25.0605203], [55.2018133, 25.0607331]]]}}, {"type": "Feature", "properties": {"status": "existing", "bHeight": 12.0, "name": "", "levels": ""}, "geometry": {"type": "Polygon", "coordinates": [[[55.2031633, 25.0595623], [55.2034315, 25.0598478], [55.2037398, 25.0596101], [55.2034716, 25.0593246], [55.2031633, 25.0595623]]]}}, {"type": "Feature", "properties": {"status": "existing", "bHeight": 12.0, "name": "", "levels": ""}, "geometry": {"type": "Polygon", "coordinates": [[[55.1989745, 25.0580406], [55.1996593, 25.0578666], [55.1995023, 25.0573591], [55.1988009, 25.0575373], [55.1988536, 25.0577075], [55.1994231, 25.0575628], [55.1994829, 25.057756], [55.1989298, 25.0578964], [55.1989745, 25.0580406]]]}}, {"type": "Feature", "properties": {"status": "existing", "bHeight": 12.0, "name": "", "levels": ""}, "geometry": {"type": "Polygon", "coordinates": [[[55.2000785, 25.0589883], [55.2001231, 25.0589741], [55.2001783, 25.0589564], [55.2001599, 25.0589091], [55.2000601, 25.058941], [55.2000785, 25.0589883]]]}}, {"type": "Feature", "properties": {"status": "existing", "bHeight": 3.2, "name": "", "levels": "1"}, "geometry": {"type": "Polygon", "coordinates": [[[55.2005583, 25.0599063], [55.2009342, 25.0605411], [55.2010683, 25.060476], [55.2006924, 25.0598411], [55.2005583, 25.0599063]]]}}, {"type": "Feature", "properties": {"status": "existing", "bHeight": 12.0, "name": "", "levels": ""}, "geometry": {"type": "Polygon", "coordinates": [[[55.2010379, 25.0594293], [55.2010664, 25.0594623], [55.2011391, 25.0594106], [55.2011106, 25.0593777], [55.2010379, 25.0594293]]]}}, {"type": "Feature", "properties": {"status": "existing", "bHeight": 12.0, "name": "", "levels": ""}, "geometry": {"type": "Polygon", "coordinates": [[[55.2016117, 25.0596279], [55.2017122, 25.0597967], [55.2018813, 25.059667], [55.2017472, 25.0595163], [55.2016117, 25.0596279]]]}}, {"type": "Feature", "properties": {"status": "existing", "bHeight": 12.0, "name": "", "levels": ""}, "geometry": {"type": "Polygon", "coordinates": [[[55.1998481, 25.0577764], [55.1998655, 25.0578214], [55.1999879, 25.0577824], [55.1999704, 25.0577375], [55.1998481, 25.0577764]]]}}, {"type": "Feature", "properties": {"status": "existing", "bHeight": 12.0, "name": "", "levels": ""}, "geometry": {"type": "Polygon", "coordinates": [[[55.1996938, 25.0578585], [55.199735, 25.0578502], [55.1997023, 25.0577182], [55.1996611, 25.0577265], [55.1996938, 25.0578585]]]}}, {"type": "Feature", "properties": {"status": "existing", "bHeight": 12.0, "name": "", "levels": ""}, "geometry": {"type": "Polygon", "coordinates": [[[55.1995786, 25.0574448], [55.1996188, 25.0574375], [55.1995898, 25.0573064], [55.1995496, 25.0573137], [55.1995786, 25.0574448]]]}}, {"type": "Feature", "properties": {"status": "existing", "bHeight": 12.0, "name": "", "levels": ""}, "geometry": {"type": "Polygon", "coordinates": [[[55.203291, 25.0619256], [55.2033177, 25.0619507], [55.203351, 25.0619215], [55.2033243, 25.0618964], [55.203291, 25.0619256]]]}}, {"type": "Feature", "properties": {"status": "existing", "bHeight": 12.0, "name": "", "levels": ""}, "geometry": {"type": "Polygon", "coordinates": [[[55.204674, 25.0615267], [55.2047471, 25.0615936], [55.2047637, 25.0615787], [55.2046906, 25.0615118], [55.204674, 25.0615267]]]}}, {"type": "Feature", "properties": {"status": "existing", "bHeight": 12.0, "name": "", "levels": ""}, "geometry": {"type": "Polygon", "coordinates": [[[55.2036079, 25.0606883], [55.2037185, 25.0608018], [55.2037471, 25.0607789], [55.2036366, 25.0606654], [55.2036079, 25.0606883]]]}}, {"type": "Feature", "properties": {"status": "existing", "bHeight": 12.0, "name": "", "levels": ""}, "geometry": {"type": "Polygon", "coordinates": [[[55.2036366, 25.0606654], [55.2036014, 25.0606293], [55.2036004, 25.06063], [55.2035802, 25.0606462], [55.2035727, 25.0606522], [55.2036079, 25.0606883], [55.2036366, 25.0606654]]]}}, {"type": "Feature", "properties": {"status": "existing", "bHeight": 12.0, "name": "", "levels": ""}, "geometry": {"type": "Polygon", "coordinates": [[[55.2037192, 25.0608014], [55.203739, 25.0608215], [55.2037687, 25.0607975], [55.2037489, 25.0607774], [55.2037471, 25.0607789], [55.2037192, 25.0608014]]]}}, {"type": "Feature", "properties": {"status": "existing", "bHeight": 12.0, "name": "", "levels": ""}, "geometry": {"type": "Polygon", "coordinates": [[[55.2035906, 25.0607431], [55.2036692, 25.0608278], [55.2037039, 25.0608013], [55.2036253, 25.0607167], [55.2035906, 25.0607431]]]}}, {"type": "Feature", "properties": {"status": "existing", "bHeight": 12.0, "name": "", "levels": ""}, "geometry": {"type": "Polygon", "coordinates": [[[55.2036253, 25.0607167], [55.203563, 25.0606496], [55.2035284, 25.060676], [55.2035906, 25.0607431], [55.2036253, 25.0607167]]]}}, {"type": "Feature", "properties": {"status": "existing", "bHeight": 12.0, "name": "", "levels": ""}, "geometry": {"type": "Polygon", "coordinates": [[[55.2032362, 25.0614131], [55.2033813, 25.0615619], [55.2037915, 25.0612337], [55.2035484, 25.0609844], [55.2033924, 25.0611092], [55.2034904, 25.0612098], [55.2032362, 25.0614131]]]}}, {"type": "Feature", "properties": {"status": "existing", "bHeight": 12.0, "name": "", "levels": ""}, "geometry": {"type": "Polygon", "coordinates": [[[55.2035192, 25.0605836], [55.2035802, 25.0606462], [55.2036004, 25.06063], [55.2035394, 25.0605674], [55.2035192, 25.0605836]]]}}, {"type": "Feature", "properties": {"status": "existing", "bHeight": 12.0, "name": "", "levels": ""}, "geometry": {"type": "Polygon", "coordinates": [[[55.2019544, 25.0586922], [55.2019907, 25.0587293], [55.2020721, 25.0586639], [55.2020358, 25.0586268], [55.2019544, 25.0586922]]]}}, {"type": "Feature", "properties": {"status": "existing", "bHeight": 12.0, "name": "", "levels": ""}, "geometry": {"type": "Polygon", "coordinates": [[[55.2024783, 25.0592327], [55.2025501, 25.059308], [55.2026463, 25.0592328], [55.2025745, 25.0591575], [55.2024783, 25.0592327]]]}}, {"type": "Feature", "properties": {"status": "existing", "bHeight": 12.0, "name": "", "levels": ""}, "geometry": {"type": "Polygon", "coordinates": [[[55.2023674, 25.060132], [55.2023908, 25.0601582], [55.2024184, 25.0601378], [55.202395, 25.0601117], [55.2023674, 25.060132]]]}}, {"type": "Feature", "properties": {"status": "existing", "bHeight": 12.0, "name": "Lotus Park Townhouse", "levels": "3"}, "geometry": {"type": "Polygon", "coordinates": [[[55.1994631, 25.0606944], [55.1998815, 25.0613107], [55.2000418, 25.0612214], [55.1996234, 25.0606051], [55.1994631, 25.0606944]]]}}, {"type": "Feature", "properties": {"status": "existing", "bHeight": 12.0, "name": "", "levels": ""}, "geometry": {"type": "Polygon", "coordinates": [[[55.2070291, 25.0671549], [55.2070498, 25.0671896], [55.207143, 25.0671437], [55.2071222, 25.0671091], [55.2070291, 25.0671549]]]}}, {"type": "Feature", "properties": {"status": "existing", "bHeight": 12.0, "name": "", "levels": ""}, "geometry": {"type": "Polygon", "coordinates": [[[55.2053802, 25.0656875], [55.2054217, 25.065702], [55.2054375, 25.0656651], [55.205396, 25.0656505], [55.2053802, 25.0656875]]]}}, {"type": "Feature", "properties": {"status": "existing", "bHeight": 12.0, "name": "", "levels": ""}, "geometry": {"type": "Polygon", "coordinates": [[[55.2040491, 25.0677563], [55.204141, 25.0678595], [55.2042656, 25.0677685], [55.2041737, 25.0676653], [55.2040491, 25.0677563]]]}}, {"type": "Feature", "properties": {"status": "existing", "bHeight": 12.0, "name": "", "levels": ""}, "geometry": {"type": "Polygon", "coordinates": [[[55.2051332, 25.0690018], [55.2052491, 25.0691463], [55.2055308, 25.0689608], [55.2054149, 25.0688164], [55.2051332, 25.0690018]]]}}, {"type": "Feature", "properties": {"status": "existing", "bHeight": 12.0, "name": "", "levels": ""}, "geometry": {"type": "Polygon", "coordinates": [[[55.2054306, 25.0687969], [55.2055441, 25.0689409], [55.2057853, 25.068785], [55.2056718, 25.068641], [55.2054306, 25.0687969]]]}}, {"type": "Feature", "properties": {"status": "existing", "bHeight": 12.0, "name": "", "levels": ""}, "geometry": {"type": "Polygon", "coordinates": [[[55.2056872, 25.0686236], [55.2058032, 25.068774], [55.2060442, 25.0686216], [55.2059282, 25.0684712], [55.2056872, 25.0686236]]]}}, {"type": "Feature", "properties": {"status": "existing", "bHeight": 12.0, "name": "", "levels": ""}, "geometry": {"type": "Polygon", "coordinates": [[[55.2059438, 25.0684553], [55.2060605, 25.0686114], [55.2063516, 25.068433], [55.206235, 25.0682769], [55.2059438, 25.0684553]]]}}, {"type": "Feature", "properties": {"status": "existing", "bHeight": 12.0, "name": "", "levels": ""}, "geometry": {"type": "Polygon", "coordinates": [[[55.2042168, 25.0676366], [55.2042972, 25.0677362], [55.2044212, 25.0676541], [55.2043407, 25.0675544], [55.2042168, 25.0676366]]]}}, {"type": "Feature", "properties": {"status": "existing", "bHeight": 12.0, "name": "", "levels": ""}, "geometry": {"type": "Polygon", "coordinates": [[[55.2045467, 25.0674251], [55.2045873, 25.0674745], [55.2046131, 25.0674571], [55.2045725, 25.0674077], [55.2045467, 25.0674251]]]}}, {"type": "Feature", "properties": {"status": "existing", "bHeight": 12.0, "name": "", "levels": ""}, "geometry": {"type": "Polygon", "coordinates": [[[55.2043911, 25.0675255], [55.2044743, 25.0676238], [55.2045925, 25.0675418], [55.2045094, 25.0674434], [55.2043911, 25.0675255]]]}}, {"type": "Feature", "properties": {"status": "existing", "bHeight": 12.0, "name": "", "levels": ""}, "geometry": {"type": "Polygon", "coordinates": [[[55.2045976, 25.0673821], [55.2046808, 25.0674787], [55.2048016, 25.0673933], [55.2047184, 25.0672968], [55.2045976, 25.0673821]]]}}, {"type": "Feature", "properties": {"status": "existing", "bHeight": 12.0, "name": "", "levels": ""}, "geometry": {"type": "Polygon", "coordinates": [[[55.204784, 25.0672746], [55.2048679, 25.0673779], [55.2049903, 25.0672963], [55.2049065, 25.067193], [55.204784, 25.0672746]]]}}, {"type": "Feature", "properties": {"status": "existing", "bHeight": 12.0, "name": "", "levels": ""}, "geometry": {"type": "Polygon", "coordinates": [[[55.2051555, 25.0671244], [55.2052565, 25.0672012], [55.2052884, 25.0671668], [55.2051874, 25.06709], [55.2051555, 25.0671244]]]}}, {"type": "Feature", "properties": {"status": "existing", "bHeight": 12.0, "name": "", "levels": ""}, "geometry": {"type": "Polygon", "coordinates": [[[55.2049474, 25.0671564], [55.2050231, 25.0672548], [55.205147, 25.0671766], [55.2050714, 25.0670782], [55.2049474, 25.0671564]]]}}, {"type": "Feature", "properties": {"status": "existing", "bHeight": 12.0, "name": "", "levels": ""}, "geometry": {"type": "Polygon", "coordinates": [[[55.2042169, 25.0679791], [55.2041997, 25.0680099], [55.2042636, 25.0679623], [55.2042808, 25.0679315], [55.2042169, 25.0679791]]]}}, {"type": "Feature", "properties": {"status": "existing", "bHeight": 12.0, "name": "", "levels": ""}, "geometry": {"type": "Polygon", "coordinates": [[[55.2089623, 25.0691946], [55.2089797, 25.0692359], [55.209089, 25.069198], [55.2090716, 25.0691567], [55.2089623, 25.0691946]]]}}, {"type": "Feature", "properties": {"status": "existing", "bHeight": 12.0, "name": "", "levels": ""}, "geometry": {"type": "Polygon", "coordinates": [[[55.209085, 25.0691508], [55.2090977, 25.0691885], [55.2091882, 25.0691634], [55.2091755, 25.0691257], [55.209085, 25.0691508]]]}}, {"type": "Feature", "properties": {"status": "existing", "bHeight": 12.0, "name": "", "levels": ""}, "geometry": {"type": "Polygon", "coordinates": [[[55.2081453, 25.0697936], [55.2082692, 25.070014], [55.2086962, 25.0698171], [55.2084907, 25.0694515], [55.2082601, 25.0695578], [55.2083418, 25.0697031], [55.2081453, 25.0697936]]]}}, {"type": "Feature", "properties": {"status": "existing", "bHeight": 12.0, "name": "", "levels": ""}, "geometry": {"type": "Polygon", "coordinates": [[[55.2071117, 25.0703902], [55.20725, 25.0705747], [55.2077041, 25.0702954], [55.2074681, 25.0699805], [55.2072578, 25.0701099], [55.2073555, 25.0702402], [55.2071117, 25.0703902]]]}}, {"type": "Feature", "properties": {"status": "existing", "bHeight": 12.0, "name": "", "levels": ""}, "geometry": {"type": "Polygon", "coordinates": [[[55.2097839, 25.0703744], [55.2097961, 25.0704219], [55.2098418, 25.0704123], [55.2098297, 25.0703648], [55.2097839, 25.0703744]]]}}, {"type": "Feature", "properties": {"status": "existing", "bHeight": 12.0, "name": "", "levels": ""}, "geometry": {"type": "Polygon", "coordinates": [[[55.2081918, 25.0707069], [55.2082247, 25.0707567], [55.2082815, 25.070726], [55.2082486, 25.0706762], [55.2081918, 25.0707069]]]}}, {"type": "Feature", "properties": {"status": "existing", "bHeight": 12.0, "name": "", "levels": ""}, "geometry": {"type": "Polygon", "coordinates": [[[55.2085982, 25.0705827], [55.2086203, 25.0706137], [55.2086546, 25.0705936], [55.2086324, 25.0705626], [55.2085982, 25.0705827]]]}}, {"type": "Feature", "properties": {"status": "existing", "bHeight": 12.0, "name": "", "levels": ""}, "geometry": {"type": "Polygon", "coordinates": [[[55.2095088, 25.0721768], [55.2095282, 25.0722084], [55.2095679, 25.0721883], [55.2095485, 25.0721567], [55.2095088, 25.0721768]]]}}, {"type": "Feature", "properties": {"status": "existing", "bHeight": 12.0, "name": "", "levels": ""}, "geometry": {"type": "Polygon", "coordinates": [[[55.2068381, 25.0663643], [55.2068802, 25.0663678], [55.2068853, 25.0663186], [55.2068432, 25.0663151], [55.2068381, 25.0663643]]]}}, {"type": "Feature", "properties": {"status": "existing", "bHeight": 12.0, "name": "", "levels": ""}, "geometry": {"type": "Polygon", "coordinates": [[[55.2074444, 25.0711681], [55.2074691, 25.0711981], [55.2075038, 25.0711747], [55.2074791, 25.0711447], [55.2074444, 25.0711681]]]}}, {"type": "Feature", "properties": {"status": "existing", "bHeight": 12.0, "name": "", "levels": ""}, "geometry": {"type": "Polygon", "coordinates": [[[55.2073094, 25.0710253], [55.2073897, 25.0711178], [55.2074238, 25.0710934], [55.2073435, 25.071001], [55.2073094, 25.0710253]]]}}, {"type": "Feature", "properties": {"status": "existing", "bHeight": 12.0, "name": "", "levels": ""}, "geometry": {"type": "Polygon", "coordinates": [[[55.2079873, 25.0679154], [55.2080959, 25.0678729], [55.2080786, 25.0678366], [55.20797, 25.0678791], [55.2079873, 25.0679154]]]}}, {"type": "Feature", "properties": {"status": "existing", "bHeight": 12.0, "name": "", "levels": ""}, "geometry": {"type": "Polygon", "coordinates": [[[55.2083132, 25.067715], [55.2083668, 25.0678219], [55.2084081, 25.0678048], [55.2083545, 25.0676979], [55.2083132, 25.067715]]]}}, {"type": "Feature", "properties": {"status": "existing", "bHeight": 12.0, "name": "", "levels": ""}, "geometry": {"type": "Polygon", "coordinates": [[[55.2083977, 25.0676834], [55.2084473, 25.0677806], [55.208489, 25.0677631], [55.2084394, 25.0676659], [55.2083977, 25.0676834]]]}}, {"type": "Feature", "properties": {"status": "existing", "bHeight": 12.0, "name": "", "levels": ""}, "geometry": {"type": "Polygon", "coordinates": [[[55.2086551, 25.067636], [55.2086779, 25.0676882], [55.208789, 25.0676485], [55.2087662, 25.0675962], [55.2086551, 25.067636]]]}}, {"type": "Feature", "properties": {"status": "existing", "bHeight": 12.0, "name": "", "levels": ""}, "geometry": {"type": "Polygon", "coordinates": [[[55.2045715, 25.0667407], [55.2047928, 25.0669922], [55.2048541, 25.0669478], [55.2046329, 25.0666964], [55.2045715, 25.0667407]]]}}, {"type": "Feature", "properties": {"status": "existing", "bHeight": 12.0, "name": "", "levels": ""}, "geometry": {"type": "Polygon", "coordinates": [[[55.207768, 25.0704804], [55.2078344, 25.0705757], [55.2078717, 25.0705544], [55.2078053, 25.0704591], [55.207768, 25.0704804]]]}}, {"type": "Feature", "properties": {"status": "existing", "bHeight": 12.0, "name": "", "levels": ""}, "geometry": {"type": "Polygon", "coordinates": [[[55.2088485, 25.0668793], [55.2089162, 25.0671983], [55.2087625, 25.067225], [55.2086948, 25.0669061], [55.2088485, 25.0668793]]]}}, {"type": "Feature", "properties": {"status": "existing", "bHeight": 12.0, "name": "", "levels": ""}, "geometry": {"type": "Polygon", "coordinates": [[[55.208614, 25.0665248], [55.2085504, 25.0662251], [55.2087041, 25.0661983], [55.2087677, 25.0664981], [55.208614, 25.0665248]]]}}, {"type": "Feature", "properties": {"status": "existing", "bHeight": 12.0, "name": "", "levels": ""}, "geometry": {"type": "Polygon", "coordinates": [[[55.2078699, 25.0679045], [55.2078894, 25.0679452], [55.2079648, 25.0679156], [55.2079454, 25.0678749], [55.2078699, 25.0679045]]]}}, {"type": "Feature", "properties": {"status": "existing", "bHeight": 12.0, "name": "", "levels": ""}, "geometry": {"type": "Polygon", "coordinates": [[[55.2111831, 25.0469119], [55.211224, 25.0469301], [55.2112389, 25.0469027], [55.211198, 25.0468845], [55.2111831, 25.0469119]]]}}, {"type": "Feature", "properties": {"status": "existing", "bHeight": 12.0, "name": "", "levels": ""}, "geometry": {"type": "Polygon", "coordinates": [[[55.2109148, 25.047107], [55.2109471, 25.0471431], [55.2109712, 25.0471254], [55.2109389, 25.0470893], [55.2109148, 25.047107]]]}}, {"type": "Feature", "properties": {"status": "existing", "bHeight": 12.0, "name": "", "levels": ""}, "geometry": {"type": "Polygon", "coordinates": [[[55.2109508, 25.0470794], [55.2109758, 25.0471169], [55.2110177, 25.0470939], [55.2109927, 25.0470565], [55.2109508, 25.0470794]]]}}, {"type": "Feature", "properties": {"status": "existing", "bHeight": 12.0, "name": "", "levels": ""}, "geometry": {"type": "Polygon", "coordinates": [[[55.2102611, 25.046681], [55.2103094, 25.0466986], [55.2103619, 25.0465806], [55.2103136, 25.046563], [55.2102611, 25.046681]]]}}, {"type": "Feature", "properties": {"status": "existing", "bHeight": 125.8, "name": "Village hangout Cafe", "levels": "37"}, "geometry": {"type": "Polygon", "coordinates": [[[55.2106647, 25.0478353], [55.2111904, 25.0480139], [55.2115588, 25.047308], [55.2114707, 25.0472752], [55.2112951, 25.0472923], [55.2111671, 25.0474094], [55.2108016, 25.0474844], [55.2106647, 25.0478353]]]}}, {"type": "Feature", "properties": {"status": "existing", "bHeight": 12.0, "name": "", "levels": ""}, "geometry": {"type": "Polygon", "coordinates": [[[55.2110328, 25.0468531], [55.2111259, 25.0468936], [55.2111447, 25.0468581], [55.2110517, 25.0468176], [55.2110328, 25.0468531]]]}}, {"type": "Feature", "properties": {"status": "existing", "bHeight": 12.0, "name": "", "levels": ""}, "geometry": {"type": "Polygon", "coordinates": [[[55.210182, 25.0469155], [55.2102504, 25.046941], [55.2102933, 25.0468466], [55.2102249, 25.0468211], [55.210182, 25.0469155]]]}}, {"type": "Feature", "properties": {"status": "existing", "bHeight": 12.0, "name": "", "levels": ""}, "geometry": {"type": "Polygon", "coordinates": [[[55.209376, 25.0479391], [55.209433, 25.0479543], [55.2094404, 25.0479316], [55.2093834, 25.0479164], [55.209376, 25.0479391]]]}}, {"type": "Feature", "properties": {"status": "existing", "bHeight": 3.2, "name": "", "levels": "1"}, "geometry": {"type": "Polygon", "coordinates": [[[55.1991993, 25.058569], [55.1993344, 25.0585321], [55.1992488, 25.0582749], [55.1996123, 25.0581756], [55.1996961, 25.0584272], [55.1998195, 25.0583934], [55.1997009, 25.058037], [55.1990788, 25.0582069], [55.1991993, 25.058569]]]}}, {"type": "Feature", "properties": {"status": "existing", "bHeight": 17.0, "name": "", "levels": "5"}, "geometry": {"type": "Polygon", "coordinates": [[[55.2091723, 25.0475181], [55.2090676, 25.0477925], [55.2085771, 25.047639], [55.2087035, 25.0473074], [55.2089779, 25.0473933], [55.2089316, 25.0475147], [55.2090574, 25.0475541], [55.209082, 25.0474898], [55.2091723, 25.0475181]]]}}, {"type": "Feature", "properties": {"status": "existing", "bHeight": 12.0, "name": "", "levels": ""}, "geometry": {"type": "Polygon", "coordinates": [[[55.2121452, 25.0716112], [55.2122735, 25.0716141], [55.2122754, 25.071548], [55.2123162, 25.071549], [55.212318, 25.0714833], [55.2121737, 25.07148], [55.2121725, 25.0715267], [55.2121476, 25.0715262], [55.2121452, 25.0716112]]]}}, {"type": "Feature", "properties": {"status": "existing", "bHeight": 12.0, "name": "", "levels": ""}, "geometry": {"type": "Polygon", "coordinates": [[[55.2121478, 25.0714473], [55.2123255, 25.0714397], [55.2123226, 25.0713834], [55.2122727, 25.0713856], [55.2122716, 25.0713631], [55.2121437, 25.0713685], [55.2121478, 25.0714473]]]}}, {"type": "Feature", "properties": {"status": "existing", "bHeight": 12.0, "name": "", "levels": ""}, "geometry": {"type": "Polygon", "coordinates": [[[55.2121541, 25.0713135], [55.2123352, 25.0713128], [55.2123349, 25.0712497], [55.2122899, 25.0712499], [55.2122899, 25.0712352], [55.2121537, 25.0712357], [55.2121541, 25.0713135]]]}}, {"type": "Feature", "properties": {"status": "existing", "bHeight": 12.0, "name": "", "levels": ""}, "geometry": {"type": "Polygon", "coordinates": [[[55.210359, 25.0718287], [55.210511, 25.0717707], [55.2104817, 25.0717079], [55.2103298, 25.0717659], [55.210359, 25.0718287]]]}}, {"type": "Feature", "properties": {"status": "existing", "bHeight": 12.0, "name": "", "levels": ""}, "geometry": {"type": "Polygon", "coordinates": [[[55.2103865, 25.0718962], [55.2104253, 25.0719795], [55.2105226, 25.0719423], [55.2104839, 25.071859], [55.2103865, 25.0718962]]]}}, {"type": "Feature", "properties": {"status": "existing", "bHeight": 12.0, "name": "", "levels": ""}, "geometry": {"type": "Polygon", "coordinates": [[[55.2102417, 25.0716004], [55.2102759, 25.0716739], [55.2103919, 25.0716296], [55.2103577, 25.0715561], [55.2102417, 25.0716004]]]}}, {"type": "Feature", "properties": {"status": "existing", "bHeight": 12.0, "name": "", "levels": ""}, "geometry": {"type": "Polygon", "coordinates": [[[55.2122644, 25.0724713], [55.2122921, 25.0724706], [55.2122912, 25.0724461], [55.2122636, 25.0724469], [55.2122644, 25.0724713]]]}}, {"type": "Feature", "properties": {"status": "existing", "bHeight": 12.0, "name": "", "levels": ""}, "geometry": {"type": "Polygon", "coordinates": [[[55.212295, 25.0726205], [55.2122902, 25.0724807], [55.2121925, 25.0724835], [55.2121973, 25.0726232], [55.212295, 25.0726205]]]}}, {"type": "Feature", "properties": {"status": "existing", "bHeight": 12.0, "name": "", "levels": ""}, "geometry": {"type": "Polygon", "coordinates": [[[55.2121473, 25.0726679], [55.2121376, 25.0724831], [55.2120456, 25.072487], [55.2120534, 25.0726346], [55.2120934, 25.0726329], [55.2120953, 25.0726702], [55.2121473, 25.0726679]]]}}, {"type": "Feature", "properties": {"status": "existing", "bHeight": 12.0, "name": "", "levels": ""}, "geometry": {"type": "Polygon", "coordinates": [[[55.2120057, 25.0726567], [55.2119925, 25.0724815], [55.211896, 25.0724874], [55.2119064, 25.0726251], [55.211949, 25.0726225], [55.2119518, 25.07266], [55.2120057, 25.0726567]]]}}, {"type": "Feature", "properties": {"status": "existing", "bHeight": 12.0, "name": "", "levels": ""}, "geometry": {"type": "Polygon", "coordinates": [[[55.211874, 25.0726533], [55.2118529, 25.0724722], [55.2117448, 25.0724825], [55.2117617, 25.0726277], [55.2118065, 25.0726235], [55.2118107, 25.0726594], [55.211874, 25.0726533]]]}}, {"type": "Feature", "properties": {"status": "existing", "bHeight": 12.0, "name": "", "levels": ""}, "geometry": {"type": "Polygon", "coordinates": [[[55.2117087, 25.0726533], [55.2116776, 25.0724588], [55.2116247, 25.0724658], [55.2116275, 25.0724831], [55.2115852, 25.0724887], [55.2116074, 25.072627], [55.2116472, 25.0726218], [55.2116534, 25.0726605], [55.2117087, 25.0726533]]]}}, {"type": "Feature", "properties": {"status": "existing", "bHeight": 12.0, "name": "", "levels": ""}, "geometry": {"type": "Polygon", "coordinates": [[[55.2115459, 25.0726436], [55.2115092, 25.0724756], [55.2114087, 25.0724936], [55.2114376, 25.0726257], [55.2114787, 25.0726183], [55.2114866, 25.0726543], [55.2115459, 25.0726436]]]}}, {"type": "Feature", "properties": {"status": "existing", "bHeight": 12.0, "name": "", "levels": ""}, "geometry": {"type": "Polygon", "coordinates": [[[55.2118704, 25.0722624], [55.2119247, 25.0722612], [55.2119234, 25.0722126], [55.2118691, 25.0722138], [55.2118704, 25.0722624]]]}}, {"type": "Feature", "properties": {"status": "existing", "bHeight": 12.0, "name": "", "levels": ""}, "geometry": {"type": "Polygon", "coordinates": [[[55.2120113, 25.0722576], [55.212133, 25.0722554], [55.2121317, 25.0721929], [55.2120099, 25.072195], [55.2120113, 25.0722576]]]}}, {"type": "Feature", "properties": {"status": "existing", "bHeight": 12.0, "name": "", "levels": ""}, "geometry": {"type": "Polygon", "coordinates": [[[55.2122171, 25.0722497], [55.2122185, 25.0721166], [55.2121722, 25.0721163], [55.2121709, 25.0722493], [55.2122171, 25.0722497]]]}}, {"type": "Feature", "properties": {"status": "existing", "bHeight": 12.0, "name": "", "levels": ""}, "geometry": {"type": "Polygon", "coordinates": [[[55.2122339, 25.0722503], [55.2122932, 25.0722494], [55.2122925, 25.0722135], [55.2122332, 25.0722144], [55.2122339, 25.0722503]]]}}, {"type": "Feature", "properties": {"status": "existing", "bHeight": 12.0, "name": "", "levels": ""}, "geometry": {"type": "Polygon", "coordinates": [[[55.2116787, 25.0723663], [55.2117687, 25.0723545], [55.2117605, 25.0723031], [55.2116705, 25.0723149], [55.2116787, 25.0723663]]]}}, {"type": "Feature", "properties": {"status": "existing", "bHeight": 12.0, "name": "", "levels": ""}, "geometry": {"type": "Polygon", "coordinates": [[[55.2066877, 25.0681997], [55.2067065, 25.0682313], [55.2067451, 25.0682124], [55.2067263, 25.0681809], [55.2066877, 25.0681997]]]}}, {"type": "Feature", "properties": {"status": "existing", "bHeight": 12.0, "name": "", "levels": ""}, "geometry": {"type": "Polygon", "coordinates": [[[55.2109562, 25.0683795], [55.2109855, 25.0685826], [55.2110982, 25.0685693], [55.2110688, 25.0683661], [55.2109562, 25.0683795]]]}}, {"type": "Feature", "properties": {"status": "existing", "bHeight": 12.0, "name": "", "levels": ""}, "geometry": {"type": "Polygon", "coordinates": [[[55.2105877, 25.0696811], [55.2106949, 25.0696586], [55.2106826, 25.0696211], [55.2105774, 25.0696461], [55.2105877, 25.0696811]]]}}, {"type": "Feature", "properties": {"status": "existing", "bHeight": 12.0, "name": "", "levels": ""}, "geometry": {"type": "Polygon", "coordinates": [[[55.2102028, 25.0699501], [55.2103121, 25.0699258], [55.2102988, 25.069877], [55.2101895, 25.0699013], [55.2102028, 25.0699501]]]}}, {"type": "Feature", "properties": {"status": "existing", "bHeight": 12.0, "name": "", "levels": ""}, "geometry": {"type": "Polygon", "coordinates": [[[55.2127113, 25.0695074], [55.2128025, 25.0695061], [55.2128016, 25.0694516], [55.2127104, 25.0694528], [55.2127113, 25.0695074]]]}}, {"type": "Feature", "properties": {"status": "existing", "bHeight": 12.0, "name": "", "levels": ""}, "geometry": {"type": "Polygon", "coordinates": [[[55.2121668, 25.0695468], [55.2122527, 25.0695474], [55.2122532, 25.0694892], [55.2121673, 25.0694886], [55.2121668, 25.0695468]]]}}, {"type": "Feature", "properties": {"status": "existing", "bHeight": 12.0, "name": "", "levels": ""}, "geometry": {"type": "Polygon", "coordinates": [[[55.2132189, 25.0695669], [55.2133363, 25.0695711], [55.2133383, 25.069525], [55.213221, 25.0695208], [55.2132189, 25.0695669]]]}}, {"type": "Feature", "properties": {"status": "existing", "bHeight": 12.0, "name": "", "levels": ""}, "geometry": {"type": "Polygon", "coordinates": [[[55.2121031, 25.0701809], [55.2121591, 25.0701806], [55.2121587, 25.0701178], [55.2121027, 25.0701181], [55.2121031, 25.0701809]]]}}, {"type": "Feature", "properties": {"status": "existing", "bHeight": 12.0, "name": "", "levels": ""}, "geometry": {"type": "Polygon", "coordinates": [[[55.2099976, 25.0687767], [55.2101116, 25.0687487], [55.2100619, 25.0685823], [55.2099479, 25.0686102], [55.2099976, 25.0687767]]]}}, {"type": "Feature", "properties": {"status": "existing", "bHeight": 12.0, "name": "", "levels": ""}, "geometry": {"type": "Polygon", "coordinates": [[[55.2097937, 25.0686491], [55.2098487, 25.068818], [55.2099643, 25.0687871], [55.2099093, 25.0686182], [55.2097937, 25.0686491]]]}}, {"type": "Feature", "properties": {"status": "existing", "bHeight": 12.0, "name": "", "levels": ""}, "geometry": {"type": "Polygon", "coordinates": [[[55.2000719, 25.0637236], [55.2001212, 25.0637776], [55.2001721, 25.0637395], [55.2001228, 25.0636855], [55.2000719, 25.0637236]]]}}, {"type": "Feature", "properties": {"status": "existing", "bHeight": 12.0, "name": "", "levels": ""}, "geometry": {"type": "Polygon", "coordinates": [[[55.2037523, 25.0653928], [55.2038233, 25.0654446], [55.2038656, 25.0653969], [55.2037947, 25.0653452], [55.2037523, 25.0653928]]]}}, {"type": "Feature", "properties": {"status": "existing", "bHeight": 12.0, "name": "", "levels": ""}, "geometry": {"type": "Polygon", "coordinates": [[[55.1969928, 25.0574666], [55.1970022, 25.0575156], [55.1971112, 25.0574986], [55.1971019, 25.0574495], [55.1969928, 25.0574666]]]}}, {"type": "Feature", "properties": {"status": "existing", "bHeight": 12.0, "name": "", "levels": ""}, "geometry": {"type": "Polygon", "coordinates": [[[55.1968039, 25.057448], [55.1968227, 25.057556], [55.196992, 25.0575319], [55.1969732, 25.0574238], [55.1968039, 25.057448]]]}}, {"type": "Feature", "properties": {"status": "existing", "bHeight": 12.0, "name": "", "levels": ""}, "geometry": {"type": "Polygon", "coordinates": [[[55.1971641, 25.0530034], [55.1971492, 25.05304], [55.1972315, 25.0530676], [55.1972464, 25.053031], [55.1971641, 25.0530034]]]}}, {"type": "Feature", "properties": {"status": "existing", "bHeight": 12.0, "name": "", "levels": ""}, "geometry": {"type": "Polygon", "coordinates": [[[55.197227, 25.0530908], [55.197288, 25.0531089], [55.1973099, 25.0530484], [55.1972489, 25.0530303], [55.197227, 25.0530908]]]}}, {"type": "Feature", "properties": {"status": "existing", "bHeight": 12.0, "name": "", "levels": ""}, "geometry": {"type": "Polygon", "coordinates": [[[55.1965198, 25.0541148], [55.1965745, 25.0541863], [55.196609, 25.0541647], [55.1965543, 25.0540932], [55.1965198, 25.0541148]]]}}, {"type": "Feature", "properties": {"status": "existing", "bHeight": 12.0, "name": "", "levels": ""}, "geometry": {"type": "Polygon", "coordinates": [[[55.2052371, 25.0454643], [55.2052757, 25.045473], [55.2053017, 25.0453784], [55.2053957, 25.0453996], [55.2054153, 25.0453281], [55.2052572, 25.0452924], [55.2052371, 25.0453654], [55.2052627, 25.0453712], [55.2052371, 25.0454643]]]}}, {"type": "Feature", "properties": {"status": "existing", "bHeight": 12.0, "name": "", "levels": ""}, "geometry": {"type": "Polygon", "coordinates": [[[55.2035365, 25.045775], [55.2036152, 25.0457607], [55.2035858, 25.0456276], [55.2035071, 25.0456419], [55.2035365, 25.045775]]]}}, {"type": "Feature", "properties": {"status": "existing", "bHeight": 12.0, "name": "", "levels": ""}, "geometry": {"type": "Polygon", "coordinates": [[[55.2067903, 25.0479655], [55.2071983, 25.0478812], [55.2070886, 25.0474456], [55.2068826, 25.0474882], [55.2069514, 25.0477615], [55.2067494, 25.0478032], [55.2067903, 25.0479655]]]}}, {"type": "Feature", "properties": {"status": "existing", "bHeight": 12.0, "name": "", "levels": ""}, "geometry": {"type": "Polygon", "coordinates": [[[55.2039085, 25.0487116], [55.2038128, 25.0484605], [55.2044704, 25.0482549], [55.2044027, 25.0480773], [55.203505, 25.048358], [55.2036683, 25.0487867], [55.2039085, 25.0487116]]]}}, {"type": "Feature", "properties": {"status": "existing", "bHeight": 12.0, "name": "", "levels": ""}, "geometry": {"type": "Polygon", "coordinates": [[[55.2037493, 25.0490508], [55.2045928, 25.0488398], [55.2044477, 25.0483637], [55.2043684, 25.0483835], [55.204385, 25.0484381], [55.2042593, 25.0484696], [55.2043336, 25.0487134], [55.2036951, 25.0488731], [55.2037493, 25.0490508]]]}}, {"type": "Feature", "properties": {"status": "existing", "bHeight": 12.0, "name": "", "levels": ""}, "geometry": {"type": "Polygon", "coordinates": [[[55.1980953, 25.0570783], [55.1981013, 25.0571245], [55.198137, 25.0571207], [55.198131, 25.0570745], [55.1980953, 25.0570783]]]}}, {"type": "Feature", "properties": {"status": "existing", "bHeight": 13.6, "name": "", "levels": "4"}, "geometry": {"type": "Polygon", "coordinates": [[[55.1970425, 25.0567375], [55.1970116, 25.0565501], [55.1974085, 25.0564963], [55.1974796, 25.0569266], [55.1972471, 25.056958], [55.197207, 25.0567152], [55.1970425, 25.0567375]]]}}, {"type": "Feature", "properties": {"status": "existing", "bHeight": 12.0, "name": "", "levels": ""}, "geometry": {"type": "Polygon", "coordinates": [[[55.2105414, 25.0697181], [55.2105865, 25.0697087], [55.2105652, 25.0696252], [55.2105201, 25.0696346], [55.2105414, 25.0697181]]]}}, {"type": "Feature", "properties": {"status": "existing", "bHeight": 12.0, "name": "", "levels": ""}, "geometry": {"type": "Polygon", "coordinates": [[[55.2171431, 25.0522512], [55.2171529, 25.0524377], [55.2171933, 25.052436], [55.2171813, 25.0522094], [55.2171409, 25.0522111], [55.2171431, 25.0522512]]]}}, {"type": "Feature", "properties": {"status": "existing", "bHeight": 12.0, "name": "", "levels": ""}, "geometry": {"type": "Polygon", "coordinates": [[[55.2173312, 25.0519102], [55.217467, 25.0519225], [55.2175098, 25.0515347], [55.217374, 25.0515224], [55.2173312, 25.0519102]]]}}, {"type": "Feature", "properties": {"status": "existing", "bHeight": 12.0, "name": "", "levels": ""}, "geometry": {"type": "Polygon", "coordinates": [[[55.2173357, 25.0523288], [55.2174709, 25.0523267], [55.2174641, 25.051955], [55.2173289, 25.0519571], [55.2173357, 25.0523288]]]}}, {"type": "Feature", "properties": {"status": "existing", "bHeight": 12.0, "name": "", "levels": ""}, "geometry": {"type": "Polygon", "coordinates": [[[55.215603, 25.0532788], [55.2160286, 25.053096], [55.2158547, 25.0526823], [55.215491, 25.0522678], [55.2151643, 25.0525384], [55.2152762, 25.0526488], [55.2154511, 25.0525429], [55.2156849, 25.052733], [55.2157668, 25.0530172], [55.215525, 25.0531114], [55.215603, 25.0532788]]]}}, {"type": "Feature", "properties": {"status": "existing", "bHeight": 12.0, "name": "", "levels": ""}, "geometry": {"type": "Polygon", "coordinates": [[[55.2180561, 25.0513428], [55.2181006, 25.051377], [55.2181309, 25.0513447], [55.2180864, 25.0513105], [55.2180561, 25.0513428]]]}}, {"type": "Feature", "properties": {"status": "existing", "bHeight": 12.0, "name": "", "levels": ""}, "geometry": {"type": "Polygon", "coordinates": [[[55.2052262, 25.064442], [55.2053842, 25.0644852], [55.2054621, 25.0642517], [55.2053041, 25.0642084], [55.2052262, 25.064442]]]}}, {"type": "Feature", "properties": {"status": "existing", "bHeight": 12.0, "name": "", "levels": ""}, "geometry": {"type": "Polygon", "coordinates": [[[55.20532, 25.0641752], [55.2054821, 25.064221], [55.2055746, 25.0639528], [55.2054125, 25.0639069], [55.20532, 25.0641752]]]}}, {"type": "Feature", "properties": {"status": "existing", "bHeight": 12.0, "name": "", "levels": ""}, "geometry": {"type": "Polygon", "coordinates": [[[55.2054271, 25.063875], [55.2055961, 25.0639211], [55.2056716, 25.0636943], [55.2055026, 25.0636482], [55.2054271, 25.063875]]]}}, {"type": "Feature", "properties": {"status": "existing", "bHeight": 12.0, "name": "", "levels": ""}, "geometry": {"type": "Polygon", "coordinates": [[[55.2047079, 25.0637959], [55.2047629, 25.0638179], [55.2047718, 25.0637997], [55.204786, 25.0638054], [55.2048347, 25.0637053], [55.2047656, 25.0636777], [55.2047079, 25.0637959]]]}}, {"type": "Feature", "properties": {"status": "existing", "bHeight": 12.0, "name": "", "levels": ""}, "geometry": {"type": "Polygon", "coordinates": [[[55.2043281, 25.0633647], [55.2043033, 25.0634067], [55.2043419, 25.0634254], [55.2043667, 25.0633835], [55.2043281, 25.0633647]]]}}, {"type": "Feature", "properties": {"status": "existing", "bHeight": 12.0, "name": "", "levels": ""}, "geometry": {"type": "Polygon", "coordinates": [[[55.2059606, 25.0632153], [55.2059915, 25.0632225], [55.2059807, 25.0632607], [55.2060193, 25.0632696], [55.2060135, 25.0632901], [55.2060539, 25.0632995], [55.2061228, 25.063056], [55.2060129, 25.0630305], [55.2059606, 25.0632153]]]}}, {"type": "Feature", "properties": {"status": "existing", "bHeight": 12.0, "name": "", "levels": ""}, "geometry": {"type": "Polygon", "coordinates": [[[55.2056255, 25.0632023], [55.2057424, 25.0632376], [55.2058263, 25.0630096], [55.2057095, 25.0629743], [55.2056255, 25.0632023]]]}}, {"type": "Feature", "properties": {"status": "existing", "bHeight": 12.0, "name": "", "levels": ""}, "geometry": {"type": "Polygon", "coordinates": [[[55.2053529, 25.0630573], [55.2053953, 25.0630731], [55.2053745, 25.0631188], [55.2054431, 25.0631445], [55.2055354, 25.0629418], [55.2054244, 25.0629003], [55.2053529, 25.0630573]]]}}, {"type": "Feature", "properties": {"status": "existing", "bHeight": 12.0, "name": "", "levels": ""}, "geometry": {"type": "Polygon", "coordinates": [[[55.2057996, 25.0631968], [55.2059078, 25.0632254], [55.2059571, 25.0630727], [55.2058489, 25.063044], [55.2057996, 25.0631968]]]}}, {"type": "Feature", "properties": {"status": "existing", "bHeight": 12.0, "name": "", "levels": ""}, "geometry": {"type": "Polygon", "coordinates": [[[55.2082515, 25.0646828], [55.2083065, 25.064927], [55.2084225, 25.0649056], [55.2083675, 25.0646614], [55.2082515, 25.0646828]]]}}, {"type": "Feature", "properties": {"status": "existing", "bHeight": 12.0, "name": "", "levels": ""}, "geometry": {"type": "Polygon", "coordinates": [[[55.2081603, 25.0642977], [55.2082394, 25.0646585], [55.208356, 25.0646375], [55.2082769, 25.0642767], [55.2081603, 25.0642977]]]}}, {"type": "Feature", "properties": {"status": "existing", "bHeight": 12.0, "name": "", "levels": ""}, "geometry": {"type": "Polygon", "coordinates": [[[55.2080972, 25.0640232], [55.2081469, 25.0642625], [55.2082619, 25.0642429], [55.2082123, 25.0640036], [55.2080972, 25.0640232]]]}}, {"type": "Feature", "properties": {"status": "existing", "bHeight": 12.0, "name": "", "levels": ""}, "geometry": {"type": "Polygon", "coordinates": [[[55.2056068, 25.065699], [55.2056631, 25.0657433], [55.2057007, 25.065744], [55.2057108, 25.0657057], [55.2056625, 25.065685], [55.2056826, 25.065631], [55.2057403, 25.0656449], [55.2057577, 25.0655964], [55.2056564, 25.0655648], [55.2056068, 25.065699]]]}}, {"type": "Feature", "properties": {"status": "existing", "bHeight": 12.0, "name": "", "levels": ""}, "geometry": {"type": "Polygon", "coordinates": [[[55.2182088, 25.0660147], [55.218188, 25.0660645], [55.2181815, 25.0660803], [55.2182228, 25.0660944], [55.2181441, 25.0662833], [55.2182326, 25.0663135], [55.2183848, 25.0663655], [55.2184124, 25.066375], [55.2184965, 25.0661731], [55.2185184, 25.0661204], [55.2184975, 25.0661133], [55.2182088, 25.0660147]]]}}, {"type": "Feature", "properties": {"status": "existing", "bHeight": 12.0, "name": "", "levels": ""}, "geometry": {"type": "Polygon", "coordinates": [[[55.2076161, 25.0645545], [55.2077851, 25.0645597], [55.2077889, 25.0644582], [55.2076018, 25.0644524], [55.2076007, 25.064483], [55.2076188, 25.0644836], [55.2076161, 25.0645545]]]}}, {"type": "Feature", "properties": {"status": "existing", "bHeight": 12.0, "name": "", "levels": ""}, "geometry": {"type": "Polygon", "coordinates": [[[55.2046553, 25.062283], [55.2051468, 25.0625058], [55.2051289, 25.0625384], [55.2052363, 25.0625871], [55.2053366, 25.0624057], [55.2052822, 25.062381], [55.2052441, 25.06245], [55.2046995, 25.0622031], [55.2046553, 25.062283]]]}}, {"type": "Feature", "properties": {"status": "existing", "bHeight": 12.0, "name": "", "levels": ""}, "geometry": {"type": "Polygon", "coordinates": [[[55.2040714, 25.0625965], [55.204137, 25.0626358], [55.2042402, 25.0625296], [55.2042358, 25.0625061], [55.2042819, 25.0624703], [55.2042561, 25.0624442], [55.2040714, 25.0625965]]]}}, {"type": "Feature", "properties": {"status": "existing", "bHeight": 12.0, "name": "", "levels": ""}, "geometry": {"type": "Polygon", "coordinates": [[[55.2042517, 25.0626301], [55.2043545, 25.0626739], [55.2044787, 25.0624348], [55.2043758, 25.062391], [55.2042517, 25.0626301]]]}}, {"type": "Feature", "properties": {"status": "existing", "bHeight": 12.0, "name": "", "levels": ""}, "geometry": {"type": "Polygon", "coordinates": [[[55.2043657, 25.0627057], [55.2044507, 25.0627423], [55.2046424, 25.0628236], [55.2047971, 25.0625259], [55.2046629, 25.0624687], [55.2046415, 25.0625104], [55.2045971, 25.0624927], [55.2044985, 25.0624499], [55.2043657, 25.0627057]]]}}, {"type": "Feature", "properties": {"status": "existing", "bHeight": 12.0, "name": "", "levels": ""}, "geometry": {"type": "Polygon", "coordinates": [[[55.203407, 25.0644979], [55.2034658, 25.0645626], [55.2035995, 25.0644629], [55.2035406, 25.0643982], [55.203407, 25.0644979]]]}}, {"type": "Feature", "properties": {"status": "existing", "bHeight": 12.0, "name": "", "levels": ""}, "geometry": {"type": "Polygon", "coordinates": [[[55.2017725, 25.0483888], [55.2018692, 25.0484728], [55.2019861, 25.0483625], [55.2018894, 25.0482785], [55.2017725, 25.0483888]]]}}, {"type": "Feature", "properties": {"status": "existing", "bHeight": 12.0, "name": "", "levels": ""}, "geometry": {"type": "Polygon", "coordinates": [[[55.2019108, 25.0482605], [55.2020474, 25.0483257], [55.2021093, 25.0482192], [55.2019726, 25.048154], [55.2019108, 25.0482605]]]}}, {"type": "Feature", "properties": {"status": "existing", "bHeight": 12.0, "name": "", "levels": ""}, "geometry": {"type": "Polygon", "coordinates": [[[55.2020884, 25.0478437], [55.202277, 25.0479317], [55.2023352, 25.0478292], [55.2021467, 25.0477413], [55.2020884, 25.0478437]]]}}, {"type": "Feature", "properties": {"status": "existing", "bHeight": 12.0, "name": "", "levels": ""}, "geometry": {"type": "Polygon", "coordinates": [[[55.2024008, 25.0473336], [55.2023017, 25.0474307], [55.2024553, 25.0475593], [55.2025544, 25.0474621], [55.2024008, 25.0473336]]]}}, {"type": "Feature", "properties": {"status": "existing", "bHeight": 12.0, "name": "", "levels": ""}, "geometry": {"type": "Polygon", "coordinates": [[[55.2012717, 25.0486809], [55.2013716, 25.0488042], [55.2014672, 25.0487406], [55.2013673, 25.0486173], [55.2012717, 25.0486809]]]}}, {"type": "Feature", "properties": {"status": "existing", "bHeight": 12.0, "name": "", "levels": ""}, "geometry": {"type": "Polygon", "coordinates": [[[55.2025022, 25.0466634], [55.2026443, 25.0466306], [55.2024742, 25.0460256], [55.2022932, 25.0459284], [55.2025022, 25.0466634]]]}}, {"type": "Feature", "properties": {"status": "existing", "bHeight": 12.0, "name": "", "levels": ""}, "geometry": {"type": "Polygon", "coordinates": [[[55.2049745, 25.0652246], [55.2050142, 25.0652436], [55.2050818, 25.0651274], [55.2050421, 25.0651085], [55.2049745, 25.0652246]]]}}, {"type": "Feature", "properties": {"status": "existing", "bHeight": 12.0, "name": "", "levels": ""}, "geometry": {"type": "Polygon", "coordinates": [[[55.2048363, 25.0653524], [55.2047759, 25.065456], [55.2048547, 25.0654937], [55.2048732, 25.0654618], [55.2048284, 25.0654405], [55.2048703, 25.0653686], [55.2048363, 25.0653524]]]}}, {"type": "Feature", "properties": {"status": "existing", "bHeight": 12.0, "name": "", "levels": ""}, "geometry": {"type": "Polygon", "coordinates": [[[55.2039157, 25.0643949], [55.2038151, 25.0644939], [55.2038537, 25.064525], [55.2039499, 25.0645121], [55.2039945, 25.0644606], [55.2039157, 25.0643949]]]}}, {"type": "Feature", "properties": {"status": "existing", "bHeight": 12.0, "name": "", "levels": ""}, "geometry": {"type": "Polygon", "coordinates": [[[55.2037128, 25.0647846], [55.203799, 25.064855], [55.2038239, 25.06483], [55.2037378, 25.0647596], [55.2037128, 25.0647846]]]}}, {"type": "Feature", "properties": {"status": "existing", "bHeight": 12.0, "name": "", "levels": ""}, "geometry": {"type": "Polygon", "coordinates": [[[55.2037903, 25.0647934], [55.2038225, 25.0648213], [55.2039236, 25.0647257], [55.2038914, 25.0646978], [55.2037903, 25.0647934]]]}}, {"type": "Feature", "properties": {"status": "existing", "bHeight": 12.0, "name": "", "levels": ""}, "geometry": {"type": "Polygon", "coordinates": [[[55.20367, 25.0647493], [55.2036991, 25.064774], [55.2038134, 25.0646634], [55.2037241, 25.0645876], [55.2036926, 25.064618], [55.2037529, 25.0646692], [55.20367, 25.0647493]]]}}, {"type": "Feature", "properties": {"status": "existing", "bHeight": 12.0, "name": "", "levels": ""}, "geometry": {"type": "Polygon", "coordinates": [[[55.2056075, 25.0594043], [55.2055076, 25.059485], [55.2055009, 25.059527], [55.2055505, 25.0595227], [55.2056457, 25.0594469], [55.2056075, 25.0594043]]]}}, {"type": "Feature", "properties": {"status": "existing", "bHeight": 12.0, "name": "", "levels": ""}, "geometry": {"type": "Polygon", "coordinates": [[[55.2055864, 25.0593437], [55.2057089, 25.059475], [55.2054916, 25.0596415], [55.2056306, 25.0597903], [55.2060476, 25.0594709], [55.2057861, 25.0591908], [55.2055864, 25.0593437]]]}}, {"type": "Feature", "properties": {"status": "existing", "bHeight": 12.0, "name": "", "levels": ""}, "geometry": {"type": "Polygon", "coordinates": [[[55.2062784, 25.0598645], [55.2063099, 25.0598409], [55.2062407, 25.0597652], [55.2062091, 25.0597888], [55.2062784, 25.0598645]]]}}, {"type": "Feature", "properties": {"status": "existing", "bHeight": 12.0, "name": "", "levels": ""}, "geometry": {"type": "Polygon", "coordinates": [[[55.206365, 25.05995], [55.2063894, 25.0599306], [55.2063156, 25.0598542], [55.2062912, 25.0598736], [55.206365, 25.05995]]]}}, {"type": "Feature", "properties": {"status": "existing", "bHeight": 12.0, "name": "", "levels": ""}, "geometry": {"type": "Polygon", "coordinates": [[[55.2061569, 25.0603761], [55.2061912, 25.0603899], [55.2062375, 25.0602949], [55.2062033, 25.0602812], [55.2061569, 25.0603761]]]}}, {"type": "Feature", "properties": {"status": "existing", "bHeight": 12.0, "name": "", "levels": ""}, "geometry": {"type": "Polygon", "coordinates": [[[55.2014576, 25.0565437], [55.2015083, 25.0565614], [55.201499, 25.0565834], [55.2015909, 25.0566155], [55.2016362, 25.0565089], [55.2015386, 25.0564749], [55.2014935, 25.0564592], [55.2014576, 25.0565437]]]}}, {"type": "Feature", "properties": {"status": "existing", "bHeight": 12.0, "name": "", "levels": ""}, "geometry": {"type": "Polygon", "coordinates": [[[55.2014111, 25.0566811], [55.2014591, 25.0566978], [55.2015434, 25.0567272], [55.2015909, 25.0566155], [55.201499, 25.0565834], [55.2014893, 25.0566061], [55.2014489, 25.056592], [55.2014111, 25.0566811]]]}}, {"type": "Feature", "properties": {"status": "existing", "bHeight": 12.0, "name": "", "levels": ""}, "geometry": {"type": "Polygon", "coordinates": [[[55.2013673, 25.0567933], [55.2014962, 25.0568383], [55.2015434, 25.0567272], [55.2014591, 25.0566978], [55.2014481, 25.0567236], [55.2014035, 25.0567081], [55.2013673, 25.0567933]]]}}, {"type": "Feature", "properties": {"status": "existing", "bHeight": 12.0, "name": "", "levels": ""}, "geometry": {"type": "Polygon", "coordinates": [[[55.2013217, 25.0569006], [55.2013706, 25.0569176], [55.2013634, 25.0569344], [55.2014435, 25.0569623], [55.2014962, 25.0568383], [55.2013673, 25.0567933], [55.2013217, 25.0569006]]]}}, {"type": "Feature", "properties": {"status": "existing", "bHeight": 12.0, "name": "", "levels": ""}, "geometry": {"type": "Polygon", "coordinates": [[[55.2007989, 25.0565572], [55.200896, 25.0565879], [55.2009993, 25.05632], [55.2009022, 25.0562893], [55.2007989, 25.0565572]]]}}, {"type": "Feature", "properties": {"status": "existing", "bHeight": 95.2, "name": "", "levels": "28"}, "geometry": {"type": "Polygon", "coordinates": [[[55.2020052, 25.0540774], [55.202155, 25.053693], [55.20187, 25.0536019], [55.2016677, 25.0535372], [55.2015179, 25.0539216], [55.2020052, 25.0540774]]]}}, {"type": "Feature", "properties": {"status": "existing", "bHeight": 12.0, "name": "", "levels": ""}, "geometry": {"type": "Polygon", "coordinates": [[[55.2018425, 25.0567143], [55.2020123, 25.05677], [55.2021429, 25.0564432], [55.2019732, 25.0563875], [55.2018425, 25.0567143]]]}}, {"type": "Feature", "properties": {"status": "existing", "bHeight": 12.0, "name": "", "levels": ""}, "geometry": {"type": "Polygon", "coordinates": [[[55.2017031, 25.0570793], [55.2018702, 25.0571343], [55.2020088, 25.0567884], [55.2018417, 25.0567334], [55.2017031, 25.0570793]]]}}, {"type": "Feature", "properties": {"status": "existing", "bHeight": 12.0, "name": "", "levels": ""}, "geometry": {"type": "Polygon", "coordinates": [[[55.2015392, 25.0563438], [55.2016848, 25.0563946], [55.2017344, 25.0562779], [55.2016298, 25.0562414], [55.2016227, 25.0562579], [55.2015818, 25.0562436], [55.2015392, 25.0563438]]]}}, {"type": "Feature", "properties": {"status": "existing", "bHeight": 12.0, "name": "", "levels": ""}, "geometry": {"type": "Polygon", "coordinates": [[[55.2015009, 25.0564339], [55.2015489, 25.0564507], [55.2015386, 25.0564749], [55.2016362, 25.0565089], [55.2016848, 25.0563946], [55.2015392, 25.0563438], [55.2015009, 25.0564339]]]}}, {"type": "Feature", "properties": {"status": "existing", "bHeight": 12.0, "name": "", "levels": ""}, "geometry": {"type": "Polygon", "coordinates": [[[55.2089971, 25.0525262], [55.2089938, 25.0525572], [55.2090193, 25.052559], [55.2090206, 25.0525286], [55.2089971, 25.0525262]]]}}, {"type": "Feature", "properties": {"status": "existing", "bHeight": 12.0, "name": "", "levels": ""}, "geometry": {"type": "Polygon", "coordinates": [[[55.2123069, 25.0555592], [55.2123763, 25.0555251], [55.2123568, 25.0554926], [55.2122875, 25.0555267], [55.2123069, 25.0555592]]]}}, {"type": "Feature", "properties": {"status": "existing", "bHeight": 12.0, "name": "", "levels": ""}, "geometry": {"type": "Polygon", "coordinates": [[[55.2123977, 25.0554757], [55.2124195, 25.0555251], [55.2124867, 25.0555008], [55.2124649, 25.0554514], [55.2123977, 25.0554757]]]}}, {"type": "Feature", "properties": {"status": "existing", "bHeight": 12.0, "name": "", "levels": ""}, "geometry": {"type": "Polygon", "coordinates": [[[55.212949, 25.0561726], [55.2129564, 25.0562413], [55.2130199, 25.0562356], [55.2130126, 25.0561681], [55.212949, 25.0561726]]]}}, {"type": "Feature", "properties": {"status": "existing", "bHeight": 12.0, "name": "", "levels": ""}, "geometry": {"type": "Polygon", "coordinates": [[[55.2137929, 25.065852], [55.2138737, 25.0659855], [55.2147177, 25.0655661], [55.2146288, 25.0654192], [55.2138846, 25.0657891], [55.2138693, 25.0657639], [55.2138201, 25.0657883], [55.2138434, 25.0658268], [55.2137929, 25.065852]]]}}, {"type": "Feature", "properties": {"status": "existing", "bHeight": 12.0, "name": "", "levels": ""}, "geometry": {"type": "Polygon", "coordinates": [[[55.2146009, 25.062265], [55.2147484, 25.062344], [55.2152002, 25.0616513], [55.2150527, 25.0615723], [55.2146009, 25.062265]]]}}, {"type": "Feature", "properties": {"status": "existing", "bHeight": 12.0, "name": "", "levels": ""}, "geometry": {"type": "Polygon", "coordinates": [[[55.2149517, 25.0623135], [55.2151032, 25.0623937], [55.2155042, 25.0617722], [55.2153531, 25.0616922], [55.2149517, 25.0623135]]]}}, {"type": "Feature", "properties": {"status": "existing", "bHeight": 12.0, "name": "", "levels": ""}, "geometry": {"type": "Polygon", "coordinates": [[[55.2159387, 25.0630875], [55.2160708, 25.0632521], [55.2162614, 25.0631102], [55.2164376, 25.0629569], [55.2166344, 25.0627497], [55.2167589, 25.0625911], [55.2165889, 25.0624627], [55.2164362, 25.0626349], [55.2162793, 25.0627989], [55.2160996, 25.0629642], [55.2159387, 25.0630875]]]}}, {"type": "Feature", "properties": {"status": "existing", "bHeight": 10.2, "name": "", "levels": "3"}, "geometry": {"type": "Polygon", "coordinates": [[[55.2144501, 25.0661072], [55.2148283, 25.065939], [55.2147625, 25.0658017], [55.2143615, 25.0659984], [55.2144501, 25.0661072]]]}}, {"type": "Feature", "properties": {"status": "existing", "bHeight": 10.2, "name": "", "levels": "3"}, "geometry": {"type": "Polygon", "coordinates": [[[55.2140317, 25.0663507], [55.2139645, 25.0667565], [55.2141362, 25.0667735], [55.2141926, 25.0663957], [55.2140317, 25.0663507]]]}}, {"type": "Feature", "properties": {"status": "existing", "bHeight": 12.0, "name": "", "levels": ""}, "geometry": {"type": "Polygon", "coordinates": [[[55.2134675, 25.0666841], [55.2136581, 25.0667414], [55.2138484, 25.0662221], [55.2136578, 25.0661648], [55.2134675, 25.0666841]]]}}, {"type": "Feature", "properties": {"status": "existing", "bHeight": 12.0, "name": "", "levels": ""}, "geometry": {"type": "Polygon", "coordinates": [[[55.2152058, 25.0656121], [55.215354, 25.0656486], [55.215396, 25.0655027], [55.2152867, 25.0654784], [55.2152225, 25.0655338], [55.2152058, 25.0656121]]]}}, {"type": "Feature", "properties": {"status": "existing", "bHeight": 12.0, "name": "", "levels": ""}, "geometry": {"type": "Polygon", "coordinates": [[[55.2027128, 25.0532182], [55.2028295, 25.0532594], [55.2030986, 25.0525836], [55.2029765, 25.0525418], [55.2027128, 25.0532182]]]}}, {"type": "Feature", "properties": {"status": "existing", "bHeight": 81.6, "name": "Park View Tower", "levels": "24"}, "geometry": {"type": "Polygon", "coordinates": [[[55.2026409, 25.054255], [55.2031907, 25.0544467], [55.2033327, 25.0540644], [55.2027854, 25.0538793], [55.2026409, 25.054255]]]}}, {"type": "Feature", "properties": {"status": "existing", "bHeight": 12.0, "name": "", "levels": ""}, "geometry": {"type": "Polygon", "coordinates": [[[55.2184607, 25.0649083], [55.2184808, 25.0648532], [55.2184225, 25.0648358], [55.2184024, 25.0648909], [55.2184607, 25.0649083]]]}}, {"type": "Feature", "properties": {"status": "existing", "bHeight": 12.0, "name": "", "levels": ""}, "geometry": {"type": "Polygon", "coordinates": [[[55.2183797, 25.0649534], [55.2183583, 25.0650119], [55.2184166, 25.0650293], [55.2184379, 25.0649708], [55.2183797, 25.0649534]]]}}, {"type": "Feature", "properties": {"status": "existing", "bHeight": 12.0, "name": "", "levels": ""}, "geometry": {"type": "Polygon", "coordinates": [[[55.2183583, 25.0650119], [55.2183357, 25.0650739], [55.2183939, 25.0650914], [55.2184166, 25.0650293], [55.2183583, 25.0650119]]]}}, {"type": "Feature", "properties": {"status": "existing", "bHeight": 12.0, "name": "", "levels": ""}, "geometry": {"type": "Polygon", "coordinates": [[[55.2183357, 25.0650739], [55.2183135, 25.0651346], [55.2183718, 25.0651521], [55.2183939, 25.0650914], [55.2183357, 25.0650739]]]}}, {"type": "Feature", "properties": {"status": "existing", "bHeight": 12.0, "name": "", "levels": ""}, "geometry": {"type": "Polygon", "coordinates": [[[55.2183135, 25.0651346], [55.2182935, 25.0651896], [55.2183518, 25.065207], [55.2183718, 25.0651521], [55.2183135, 25.0651346]]]}}, {"type": "Feature", "properties": {"status": "existing", "bHeight": 12.0, "name": "", "levels": ""}, "geometry": {"type": "Polygon", "coordinates": [[[55.2184024, 25.0648909], [55.2183797, 25.0649534], [55.2184379, 25.0649708], [55.2184607, 25.0649083], [55.2184024, 25.0648909]]]}}, {"type": "Feature", "properties": {"status": "existing", "bHeight": 12.0, "name": "", "levels": ""}, "geometry": {"type": "Polygon", "coordinates": [[[55.2184331, 25.0648256], [55.218468, 25.0648353], [55.2184811, 25.0647967], [55.2184462, 25.064787], [55.2184331, 25.0648256]]]}}, {"type": "Feature", "properties": {"status": "existing", "bHeight": 12.0, "name": "", "levels": ""}, "geometry": {"type": "Polygon", "coordinates": [[[55.2007308, 25.0500617], [55.2007676, 25.0500354], [55.2005556, 25.0497921], [55.2005188, 25.0498184], [55.2007308, 25.0500617]]]}}, {"type": "Feature", "properties": {"status": "existing", "bHeight": 12.0, "name": "", "levels": ""}, "geometry": {"type": "Polygon", "coordinates": [[[55.2009897, 25.050636], [55.2010923, 25.0507543], [55.2011254, 25.0507307], [55.2010229, 25.0506124], [55.2009897, 25.050636]]]}}, {"type": "Feature", "properties": {"status": "existing", "bHeight": 12.0, "name": "", "levels": ""}, "geometry": {"type": "Polygon", "coordinates": [[[55.2009727, 25.0506141], [55.2010114, 25.0505864], [55.2008111, 25.0503569], [55.2007724, 25.0503846], [55.2009727, 25.0506141]]]}}, {"type": "Feature", "properties": {"status": "existing", "bHeight": 12.0, "name": "", "levels": ""}, "geometry": {"type": "Polygon", "coordinates": [[[55.2019243, 25.050807], [55.2019668, 25.0507747], [55.2018137, 25.0506096], [55.2017712, 25.0506419], [55.2019243, 25.050807]]]}}, {"type": "Feature", "properties": {"status": "existing", "bHeight": 12.0, "name": "", "levels": ""}, "geometry": {"type": "Polygon", "coordinates": [[[55.2016069, 25.0511455], [55.2016803, 25.0510903], [55.2016552, 25.0510629], [55.2015817, 25.051118], [55.2016069, 25.0511455]]]}}, {"type": "Feature", "properties": {"status": "existing", "bHeight": 12.0, "name": "", "levels": ""}, "geometry": {"type": "Polygon", "coordinates": [[[55.2016237, 25.0511703], [55.2016465, 25.0511958], [55.2017357, 25.0511304], [55.2017129, 25.0511049], [55.2016237, 25.0511703]]]}}, {"type": "Feature", "properties": {"status": "existing", "bHeight": 12.0, "name": "", "levels": ""}, "geometry": {"type": "Polygon", "coordinates": [[[55.2016336, 25.0506903], [55.201836, 25.0509321], [55.2019248, 25.0508711], [55.2017224, 25.0506294], [55.2016336, 25.0506903]]]}}, {"type": "Feature", "properties": {"status": "existing", "bHeight": 12.0, "name": "", "levels": ""}, "geometry": {"type": "Polygon", "coordinates": [[[55.2012804, 25.0514309], [55.2015983, 25.0511758], [55.2012973, 25.0508415], [55.2007783, 25.05124], [55.2008124, 25.05129], [55.2012804, 25.0514309]]]}}, {"type": "Feature", "properties": {"status": "existing", "bHeight": 12.0, "name": "", "levels": ""}, "geometry": {"type": "Polygon", "coordinates": [[[55.202936, 25.0513811], [55.2029818, 25.0513467], [55.2029462, 25.0513078], [55.2029004, 25.0513422], [55.202936, 25.0513811]]]}}, {"type": "Feature", "properties": {"status": "existing", "bHeight": 12.0, "name": "", "levels": ""}, "geometry": {"type": "Polygon", "coordinates": [[[55.2130863, 25.055252], [55.2131311, 25.0552197], [55.2130954, 25.0551791], [55.2130506, 25.0552115], [55.2130863, 25.055252]]]}}, {"type": "Feature", "properties": {"status": "existing", "bHeight": 12.0, "name": "", "levels": ""}, "geometry": {"type": "Polygon", "coordinates": [[[55.2126003, 25.0548763], [55.2126571, 25.05486], [55.2126403, 25.0548119], [55.2125835, 25.0548282], [55.2126003, 25.0548763]]]}}, {"type": "Feature", "properties": {"status": "existing", "bHeight": 12.0, "name": "", "levels": ""}, "geometry": {"type": "Polygon", "coordinates": [[[55.2116363, 25.0526055], [55.2119117, 25.0523775], [55.2120483, 25.0525129], [55.2121829, 25.0524014], [55.2119086, 25.0521297], [55.2115563, 25.0524215], [55.2114987, 25.0524692], [55.2116363, 25.0526055]]]}}, {"type": "Feature", "properties": {"status": "existing", "bHeight": 12.0, "name": "", "levels": ""}, "geometry": {"type": "Polygon", "coordinates": [[[55.1971002, 25.0503459], [55.1973789, 25.050438], [55.1974393, 25.0502881], [55.1971605, 25.050196], [55.1971002, 25.0503459]]]}}, {"type": "Feature", "properties": {"status": "existing", "bHeight": 12.0, "name": "", "levels": ""}, "geometry": {"type": "Polygon", "coordinates": [[[55.1974187, 25.0504506], [55.1978426, 25.0505868], [55.1978998, 25.0504408], [55.1974759, 25.0503046], [55.1974187, 25.0504506]]]}}, {"type": "Feature", "properties": {"status": "existing", "bHeight": 12.0, "name": "", "levels": ""}, "geometry": {"type": "Polygon", "coordinates": [[[55.2121434, 25.0711877], [55.2122039, 25.0711874], [55.2122037, 25.0711546], [55.2121432, 25.0711548], [55.2121434, 25.0711877]]]}}, {"type": "Feature", "properties": {"status": "existing", "bHeight": 12.0, "name": "", "levels": ""}, "geometry": {"type": "Polygon", "coordinates": [[[55.2124826, 25.070693], [55.2125262, 25.0706924], [55.2125248, 25.0706163], [55.2124812, 25.070617], [55.2124826, 25.070693]]]}}, {"type": "Feature", "properties": {"status": "existing", "bHeight": 12.0, "name": "", "levels": ""}, "geometry": {"type": "Polygon", "coordinates": [[[55.2139171, 25.0707142], [55.2139497, 25.0707147], [55.2139502, 25.0706862], [55.2139176, 25.0706857], [55.2139171, 25.0707142]]]}}, {"type": "Feature", "properties": {"status": "existing", "bHeight": 12.0, "name": "", "levels": ""}, "geometry": {"type": "Polygon", "coordinates": [[[55.2145567, 25.0699313], [55.2145937, 25.0699341], [55.2145962, 25.0699064], [55.2145593, 25.0699036], [55.2145567, 25.0699313]]]}}, {"type": "Feature", "properties": {"status": "existing", "bHeight": 12.0, "name": "", "levels": ""}, "geometry": {"type": "Polygon", "coordinates": [[[55.2146152, 25.0699513], [55.2146481, 25.0699538], [55.2146529, 25.0699023], [55.21462, 25.0698998], [55.2146152, 25.0699513]]]}}, {"type": "Feature", "properties": {"status": "existing", "bHeight": 12.0, "name": "", "levels": ""}, "geometry": {"type": "Polygon", "coordinates": [[[55.214676, 25.0699802], [55.2147116, 25.0699878], [55.2147323, 25.0699083], [55.2146967, 25.0699007], [55.214676, 25.0699802]]]}}, {"type": "Feature", "properties": {"status": "existing", "bHeight": 12.0, "name": "", "levels": ""}, "geometry": {"type": "Polygon", "coordinates": [[[55.2158156, 25.0697411], [55.2158381, 25.0697472], [55.2158549, 25.0696956], [55.2158324, 25.0696895], [55.2158156, 25.0697411]]]}}, {"type": "Feature", "properties": {"status": "existing", "bHeight": 12.0, "name": "", "levels": ""}, "geometry": {"type": "Polygon", "coordinates": [[[55.2144499, 25.0696752], [55.2144683, 25.0695746], [55.2144256, 25.0695683], [55.2144073, 25.0696688], [55.2144499, 25.0696752]]]}}, {"type": "Feature", "properties": {"status": "existing", "bHeight": 12.0, "name": "", "levels": ""}, "geometry": {"type": "Polygon", "coordinates": [[[55.2142853, 25.0696563], [55.2143359, 25.0696631], [55.2143321, 25.0696862], [55.2143916, 25.0696942], [55.2144002, 25.0696417], [55.2143546, 25.0696356], [55.2143791, 25.069487], [55.2143145, 25.0694783], [55.2142853, 25.0696563]]]}}, {"type": "Feature", "properties": {"status": "existing", "bHeight": 12.0, "name": "", "levels": ""}, "geometry": {"type": "Polygon", "coordinates": [[[55.2152699, 25.0701263], [55.2153027, 25.0701369], [55.2153212, 25.0700897], [55.2152884, 25.0700791], [55.2152699, 25.0701263]]]}}, {"type": "Feature", "properties": {"status": "existing", "bHeight": 12.0, "name": "", "levels": ""}, "geometry": {"type": "Polygon", "coordinates": [[[55.2152225, 25.0700989], [55.2152494, 25.0701068], [55.2152586, 25.070081], [55.2152318, 25.0700731], [55.2152225, 25.0700989]]]}}, {"type": "Feature", "properties": {"status": "existing", "bHeight": 12.0, "name": "", "levels": ""}, "geometry": {"type": "Polygon", "coordinates": [[[55.2124273, 25.0697655], [55.2125274, 25.0697646], [55.2125269, 25.0697232], [55.2124269, 25.0697241], [55.2124273, 25.0697655]]]}}, {"type": "Feature", "properties": {"status": "existing", "bHeight": 12.0, "name": "", "levels": ""}, "geometry": {"type": "Polygon", "coordinates": [[[55.212313, 25.0694229], [55.2123848, 25.0694205], [55.212383, 25.0693786], [55.2123113, 25.069381], [55.212313, 25.0694229]]]}}, {"type": "Feature", "properties": {"status": "existing", "bHeight": 12.0, "name": "", "levels": ""}, "geometry": {"type": "Polygon", "coordinates": [[[55.2126081, 25.0693318], [55.2126557, 25.069332], [55.2126561, 25.0692138], [55.2126085, 25.0692136], [55.2126081, 25.0693318]]]}}, {"type": "Feature", "properties": {"status": "existing", "bHeight": 12.0, "name": "", "levels": ""}, "geometry": {"type": "Polygon", "coordinates": [[[55.2130126, 25.0561681], [55.2130047, 25.0560952], [55.2129412, 25.0561008], [55.212949, 25.0561726], [55.2130126, 25.0561681]]]}}, {"type": "Feature", "properties": {"status": "existing", "bHeight": 12.0, "name": "", "levels": ""}, "geometry": {"type": "Polygon", "coordinates": [[[55.2144229, 25.0619749], [55.2148224, 25.0617812], [55.214732, 25.0616286], [55.2143325, 25.0618223], [55.2144229, 25.0619749]]]}}, {"type": "Feature", "properties": {"status": "existing", "bHeight": 12.0, "name": "", "levels": ""}, "geometry": {"type": "Polygon", "coordinates": [[[55.214743, 25.0624634], [55.2147826, 25.0624452], [55.2147285, 25.0623488], [55.2146889, 25.062367], [55.214743, 25.0624634]]]}}, {"type": "Feature", "properties": {"status": "existing", "bHeight": 12.0, "name": "", "levels": ""}, "geometry": {"type": "Polygon", "coordinates": [[[55.2148497, 25.0616051], [55.2148873, 25.06163], [55.2149141, 25.0615967], [55.2148766, 25.0615718], [55.2148497, 25.0616051]]]}}, {"type": "Feature", "properties": {"status": "existing", "bHeight": 12.0, "name": "", "levels": ""}, "geometry": {"type": "Polygon", "coordinates": [[[55.2117485, 25.065445], [55.2121413, 25.0653715], [55.2120916, 25.0651535], [55.2116988, 25.065227], [55.2117485, 25.065445]]]}}, {"type": "Feature", "properties": {"status": "existing", "bHeight": 12.0, "name": "", "levels": ""}, "geometry": {"type": "Polygon", "coordinates": [[[55.2113622, 25.0655107], [55.2117068, 25.0654518], [55.211663, 25.0652415], [55.2113184, 25.0653004], [55.2113622, 25.0655107]]]}}, {"type": "Feature", "properties": {"status": "existing", "bHeight": 12.0, "name": "", "levels": ""}, "geometry": {"type": "Polygon", "coordinates": [[[55.2116199, 25.0646449], [55.21201, 25.0645746], [55.2119748, 25.064414], [55.2115847, 25.0644843], [55.2116199, 25.0646449]]]}}, {"type": "Feature", "properties": {"status": "existing", "bHeight": 12.0, "name": "", "levels": ""}, "geometry": {"type": "Polygon", "coordinates": [[[55.2111776, 25.0647142], [55.2115876, 25.0646471], [55.2115561, 25.0644893], [55.2111461, 25.0645563], [55.2111776, 25.0647142]]]}}, {"type": "Feature", "properties": {"status": "existing", "bHeight": 12.0, "name": "", "levels": ""}, "geometry": {"type": "Polygon", "coordinates": [[[55.2147583, 25.0541386], [55.2147818, 25.054164], [55.2148809, 25.0540886], [55.2148574, 25.0540632], [55.2147583, 25.0541386]]]}}, {"type": "Feature", "properties": {"status": "existing", "bHeight": 12.0, "name": "", "levels": ""}, "geometry": {"type": "Polygon", "coordinates": [[[55.2163283, 25.0534331], [55.2163544, 25.0534234], [55.2163394, 25.0533902], [55.2163133, 25.0534], [55.2163283, 25.0534331]]]}}, {"type": "Feature", "properties": {"status": "existing", "bHeight": 12.0, "name": "", "levels": ""}, "geometry": {"type": "Polygon", "coordinates": [[[55.2163162, 25.053653], [55.2163471, 25.0536403], [55.2163323, 25.0536111], [55.2163015, 25.0536238], [55.2163162, 25.053653]]]}}, {"type": "Feature", "properties": {"status": "existing", "bHeight": 12.0, "name": "", "levels": ""}, "geometry": {"type": "Polygon", "coordinates": [[[55.2157328, 25.0539057], [55.2157563, 25.0538972], [55.2157339, 25.0538464], [55.2157104, 25.0538549], [55.2157328, 25.0539057]]]}}, {"type": "Feature", "properties": {"status": "existing", "bHeight": 12.0, "name": "", "levels": ""}, "geometry": {"type": "Polygon", "coordinates": [[[55.2156785, 25.0539172], [55.2157148, 25.0539027], [55.2157006, 25.0538739], [55.2156644, 25.0538884], [55.2156785, 25.0539172]]]}}, {"type": "Feature", "properties": {"status": "existing", "bHeight": 3.2, "name": "", "levels": "1"}, "geometry": {"type": "Polygon", "coordinates": [[[55.2160983, 25.053403], [55.2161468, 25.0533848], [55.2161274, 25.0533422], [55.2160789, 25.0533604], [55.2160983, 25.053403]]]}}, {"type": "Feature", "properties": {"status": "existing", "bHeight": 12.0, "name": "", "levels": ""}, "geometry": {"type": "Polygon", "coordinates": [[[55.216156, 25.0556946], [55.2161422, 25.0556382], [55.216083, 25.0556501], [55.2160968, 25.0557065], [55.216156, 25.0556946]]]}}, {"type": "Feature", "properties": {"status": "existing", "bHeight": 12.0, "name": "", "levels": ""}, "geometry": {"type": "Polygon", "coordinates": [[[55.2171409, 25.0522111], [55.217027, 25.0522161], [55.2170291, 25.0522562], [55.2171431, 25.0522512], [55.2171409, 25.0522111]]]}}, {"type": "Feature", "properties": {"status": "existing", "bHeight": 12.0, "name": "", "levels": ""}, "geometry": {"type": "Polygon", "coordinates": [[[55.2139344, 25.0537177], [55.2139616, 25.0537442], [55.2139859, 25.0537237], [55.2139587, 25.0536972], [55.2139344, 25.0537177]]]}}, {"type": "Feature", "properties": {"status": "existing", "bHeight": 12.0, "name": "", "levels": ""}, "geometry": {"type": "Polygon", "coordinates": [[[55.2140883, 25.0538833], [55.2141165, 25.0539064], [55.2141422, 25.0538806], [55.214114, 25.0538575], [55.2140883, 25.0538833]]]}}, {"type": "Feature", "properties": {"status": "existing", "bHeight": 12.0, "name": "", "levels": ""}, "geometry": {"type": "Polygon", "coordinates": [[[55.2141758, 25.0549494], [55.2142147, 25.0549919], [55.2142601, 25.0549578], [55.2142212, 25.0549152], [55.2141758, 25.0549494]]]}}, {"type": "Feature", "properties": {"status": "existing", "bHeight": 12.0, "name": "", "levels": ""}, "geometry": {"type": "Polygon", "coordinates": [[[55.2058582, 25.0511117], [55.2058686, 25.0511585], [55.2058798, 25.0512085], [55.2060632, 25.051175], [55.2060417, 25.0510782], [55.2058582, 25.0511117]]]}}, {"type": "Feature", "properties": {"status": "existing", "bHeight": 12.0, "name": "", "levels": ""}, "geometry": {"type": "Polygon", "coordinates": [[[55.2056339, 25.0512014], [55.2058686, 25.0511585], [55.2058582, 25.0511117], [55.2056234, 25.0511546], [55.2056339, 25.0512014]]]}}, {"type": "Feature", "properties": {"status": "existing", "bHeight": 12.0, "name": "", "levels": ""}, "geometry": {"type": "Polygon", "coordinates": [[[55.2082361, 25.0540679], [55.2082668, 25.0540871], [55.2083352, 25.0539972], [55.2083044, 25.053978], [55.2082361, 25.0540679]]]}}, {"type": "Feature", "properties": {"status": "existing", "bHeight": 12.0, "name": "", "levels": ""}, "geometry": {"type": "Polygon", "coordinates": [[[55.2033222, 25.0501643], [55.2033597, 25.0502144], [55.20342, 25.0501773], [55.2033826, 25.0501273], [55.2033222, 25.0501643]]]}}, {"type": "Feature", "properties": {"status": "existing", "bHeight": 12.0, "name": "", "levels": ""}, "geometry": {"type": "Polygon", "coordinates": [[[55.2049108, 25.053407], [55.2049369, 25.0534307], [55.2049711, 25.0533997], [55.204945, 25.053376], [55.2049108, 25.053407]]]}}, {"type": "Feature", "properties": {"status": "existing", "bHeight": 12.0, "name": "", "levels": ""}, "geometry": {"type": "Polygon", "coordinates": [[[55.2142546, 25.0621926], [55.2144025, 25.0621191], [55.2142572, 25.0618793], [55.2141093, 25.0619527], [55.2142546, 25.0621926]]]}}, {"type": "Feature", "properties": {"status": "existing", "bHeight": 12.0, "name": "", "levels": ""}, "geometry": {"type": "Polygon", "coordinates": [[[55.2144492, 25.0625142], [55.214597, 25.0624418], [55.2144241, 25.0621523], [55.2142763, 25.0622247], [55.2144492, 25.0625142]]]}}, {"type": "Feature", "properties": {"status": "existing", "bHeight": 12.0, "name": "", "levels": ""}, "geometry": {"type": "Polygon", "coordinates": [[[55.1975802, 25.0493183], [55.1976081, 25.0492671], [55.1975175, 25.0492265], [55.1974895, 25.0492776], [55.1975802, 25.0493183]]]}}, {"type": "Feature", "properties": {"status": "existing", "bHeight": 12.0, "name": "", "levels": ""}, "geometry": {"type": "Polygon", "coordinates": [[[55.1981445, 25.0495707], [55.1982642, 25.0496361], [55.1982833, 25.0496075], [55.1981636, 25.049542], [55.1981445, 25.0495707]]]}}, {"type": "Feature", "properties": {"status": "existing", "bHeight": 12.0, "name": "", "levels": ""}, "geometry": {"type": "Polygon", "coordinates": [[[55.1979119, 25.0494668], [55.1981322, 25.049573], [55.1981533, 25.049537], [55.197933, 25.0494308], [55.1979119, 25.0494668]]]}}, {"type": "Feature", "properties": {"status": "existing", "bHeight": 12.0, "name": "", "levels": ""}, "geometry": {"type": "Polygon", "coordinates": [[[55.2031369, 25.0533507], [55.2032899, 25.0533989], [55.2035535, 25.0527121], [55.2034006, 25.0526639], [55.2031369, 25.0533507]]]}}, {"type": "Feature", "properties": {"status": "existing", "bHeight": 12.0, "name": "", "levels": ""}, "geometry": {"type": "Polygon", "coordinates": [[[55.2044642, 25.0541184], [55.2045566, 25.0541613], [55.2045693, 25.0541389], [55.2044769, 25.0540959], [55.2044642, 25.0541184]]]}}, {"type": "Feature", "properties": {"status": "existing", "bHeight": 12.0, "name": "", "levels": ""}, "geometry": {"type": "Polygon", "coordinates": [[[55.2045654, 25.0540807], [55.2046833, 25.0541145], [55.204696, 25.054078], [55.2045782, 25.0540442], [55.2045654, 25.0540807]]]}}, {"type": "Feature", "properties": {"status": "existing", "bHeight": 12.0, "name": "", "levels": ""}, "geometry": {"type": "Polygon", "coordinates": [[[55.2045883, 25.0542218], [55.20462, 25.0542326], [55.2046654, 25.0541229], [55.2046337, 25.0541122], [55.2045883, 25.0542218]]]}}, {"type": "Feature", "properties": {"status": "existing", "bHeight": 12.0, "name": "", "levels": ""}, "geometry": {"type": "Polygon", "coordinates": [[[55.2044971, 25.0542241], [55.2046079, 25.0542617], [55.20462, 25.0542326], [55.2045883, 25.0542218], [55.2045091, 25.0541949], [55.2044971, 25.0542241]]]}}, {"type": "Feature", "properties": {"status": "existing", "bHeight": 105.4, "name": "", "levels": "31"}, "geometry": {"type": "Polygon", "coordinates": [[[55.2044993, 25.0567726], [55.2048267, 25.056997], [55.2053248, 25.0567857], [55.2054376, 25.0563989], [55.2047493, 25.0561854], [55.2044993, 25.0567726]]]}}, {"type": "Feature", "properties": {"status": "existing", "bHeight": 12.0, "name": "", "levels": ""}, "geometry": {"type": "Polygon", "coordinates": [[[55.1986921, 25.0497506], [55.1988155, 25.0498053], [55.1989456, 25.0495125], [55.1991139, 25.0492027], [55.1992391, 25.0489846], [55.1990869, 25.0489196], [55.1989683, 25.0491152], [55.1988195, 25.0494335], [55.1986921, 25.0497506]]]}}, {"type": "Feature", "properties": {"status": "existing", "bHeight": 12.0, "name": "", "levels": ""}, "geometry": {"type": "Polygon", "coordinates": [[[55.1971737, 25.0531851], [55.1972047, 25.0531049], [55.1970265, 25.0530484], [55.1969955, 25.0531285], [55.1971737, 25.0531851]]]}}, {"type": "Feature", "properties": {"status": "existing", "bHeight": 12.0, "name": "Binghatti Luna", "levels": ""}, "geometry": {"type": "Polygon", "coordinates": [[[55.2185928, 25.0514977], [55.218979, 25.0511124], [55.2192794, 25.0516673], [55.2189634, 25.0518405], [55.2185928, 25.0514977]]]}}, {"type": "Feature", "properties": {"status": "existing", "bHeight": 68.0, "name": "Binghatti Nova", "levels": "20"}, "geometry": {"type": "Polygon", "coordinates": [[[55.218901, 25.0520597], [55.2193575, 25.0518617], [55.2195993, 25.0522328], [55.2190777, 25.0524383], [55.218901, 25.0520597]]]}}, {"type": "Feature", "properties": {"status": "existing", "bHeight": 12.0, "name": "casa luxo", "levels": ""}, "geometry": {"type": "Polygon", "coordinates": [[[55.21831, 25.0525878], [55.2181897, 25.0523174], [55.218452, 25.0522204], [55.2185892, 25.0524712], [55.21831, 25.0525878]]]}}, {"type": "Feature", "properties": {"status": "existing", "bHeight": 12.0, "name": "", "levels": ""}, "geometry": {"type": "Polygon", "coordinates": [[[55.2114925, 25.0600547], [55.2118541, 25.0596756], [55.2125477, 25.0598269], [55.2126085, 25.0597079], [55.2118434, 25.0594703], [55.2113502, 25.0599438], [55.2114925, 25.0600547]]]}}, {"type": "Feature", "properties": {"status": "existing", "bHeight": 12.0, "name": "", "levels": ""}, "geometry": {"type": "Polygon", "coordinates": [[[55.2158428, 25.0646533], [55.2158695, 25.0646287], [55.2158406, 25.0645972], [55.215812, 25.0646183], [55.2158428, 25.0646533]]]}}, {"type": "Feature", "properties": {"status": "existing", "bHeight": 12.0, "name": "", "levels": ""}, "geometry": {"type": "Polygon", "coordinates": [[[55.2109988, 25.0572979], [55.2110216, 25.0572621], [55.2110601, 25.0572759], [55.2110369, 25.0573101], [55.2109988, 25.0572979]]]}}, {"type": "Feature", "properties": {"status": "existing", "bHeight": 12.0, "name": "Binghatti Crest", "levels": ""}, "geometry": {"type": "Polygon", "coordinates": [[[55.206653, 25.0491437], [55.206593, 25.0487889], [55.2068032, 25.0487432], [55.2068462, 25.0487335], [55.2069127, 25.0490932], [55.2068644, 25.0491], [55.206653, 25.0491437]]]}}, {"type": "Feature", "properties": {"status": "existing", "bHeight": 12.0, "name": "Aura by Grovy", "levels": ""}, "geometry": {"type": "Polygon", "coordinates": [[[55.2059659, 25.0506177], [55.2063987, 25.0505421], [55.2063216, 25.05018], [55.2058888, 25.0502556], [55.2059659, 25.0506177]]]}}, {"type": "Feature", "properties": {"status": "existing", "bHeight": 12.0, "name": "Court by JW Marriot - Hotel & Residences", "levels": ""}, "geometry": {"type": "Polygon", "coordinates": [[[55.2189265, 25.0604543], [55.2191635, 25.0598033], [55.2198749, 25.0600159], [55.2196379, 25.0606668], [55.2189265, 25.0604543]]]}}, {"type": "Feature", "properties": {"status": "existing", "bHeight": 12.0, "name": "Holiday Inn Dubai Jumeirah Village Circle by IHG", "levels": ""}, "geometry": {"type": "Polygon", "coordinates": [[[55.2105416, 25.0542629], [55.2107034, 25.0541191], [55.2103886, 25.0538085], [55.2102223, 25.0539786], [55.2105416, 25.0542629]]]}}, {"type": "Feature", "properties": {"status": "existing", "bHeight": 85.0, "name": "", "levels": "25"}, "geometry": {"type": "Polygon", "coordinates": [[[55.2014968, 25.0609847], [55.201718, 25.061223], [55.201333, 25.0615162], [55.2011118, 25.061278], [55.2014968, 25.0609847]]]}}, {"type": "Feature", "properties": {"status": "existing", "bHeight": 34.0, "name": "", "levels": "10"}, "geometry": {"type": "Polygon", "coordinates": [[[55.2052557, 25.05911], [55.205464, 25.0589276], [55.205694, 25.0591432], [55.2054857, 25.0593255], [55.2052557, 25.05911]]]}}, {"type": "Feature", "properties": {"status": "existing", "bHeight": 119.0, "name": "Binghatti Corner", "levels": "35"}, "geometry": {"type": "Polygon", "coordinates": [[[55.201403, 25.0634694], [55.2010331, 25.0637063], [55.2017019, 25.0644339], [55.2020493, 25.0641835], [55.201403, 25.0634694]]]}}, {"type": "Feature", "properties": {"status": "existing", "bHeight": 119.0, "name": "Binghatti Heights", "levels": "35"}, "geometry": {"type": "Polygon", "coordinates": [[[55.2020075, 25.064459], [55.2016725, 25.0646888], [55.2019717, 25.0650217], [55.2023034, 25.0647683], [55.2020075, 25.064459]]]}}, {"type": "Feature", "properties": {"status": "existing", "bHeight": 78.2, "name": "", "levels": "23"}, "geometry": {"type": "Polygon", "coordinates": [[[55.2094966, 25.0622363], [55.2097723, 25.0621922], [55.2099897, 25.0633084], [55.2097138, 25.0633525], [55.2094966, 25.0622363]]]}}, {"type": "Feature", "properties": {"status": "existing", "bHeight": 71.4, "name": "Catch Residences by IGO", "levels": "21"}, "geometry": {"type": "Polygon", "coordinates": [[[55.2206415, 25.0555951], [55.2203196, 25.0556668], [55.2203804, 25.0558909], [55.2207024, 25.0558192], [55.2206415, 25.0555951]]]}}, {"type": "Feature", "properties": {"status": "existing", "bHeight": 12.0, "name": "", "levels": ""}, "geometry": {"type": "Polygon", "coordinates": [[[55.211257, 25.068509], [55.211531, 25.0684781], [55.21151, 25.0683248], [55.2111935, 25.0683603], [55.2112078, 25.0684653], [55.2112503, 25.0684605], [55.211257, 25.068509]]]}}, {"type": "Feature", "properties": {"status": "existing", "bHeight": 12.0, "name": "", "levels": ""}, "geometry": {"type": "Polygon", "coordinates": [[[55.2110747, 25.0683634], [55.211104, 25.0685665], [55.2112167, 25.0685532], [55.2111873, 25.06835], [55.2110747, 25.0683634]]]}}, {"type": "Feature", "properties": {"status": "existing", "bHeight": 12.0, "name": "", "levels": ""}, "geometry": {"type": "Polygon", "coordinates": [[[55.2118025, 25.0682277], [55.2128201, 25.0682179], [55.2128249, 25.0686361], [55.2118073, 25.0686458], [55.2118025, 25.0682277]]]}}, {"type": "Feature", "properties": {"status": "existing", "bHeight": 12.0, "name": "", "levels": ""}, "geometry": {"type": "Polygon", "coordinates": [[[55.212921, 25.0690118], [55.2134659, 25.069045], [55.2134938, 25.0686708], [55.2129488, 25.0686376], [55.212921, 25.0690118]]]}}, {"type": "Feature", "properties": {"status": "existing", "bHeight": 12.0, "name": "", "levels": ""}, "geometry": {"type": "Polygon", "coordinates": [[[55.2142307, 25.0683152], [55.2152849, 25.0685061], [55.2151972, 25.0689032], [55.214143, 25.0687124], [55.2142307, 25.0683152]]]}}, {"type": "Feature", "properties": {"status": "existing", "bHeight": 12.0, "name": "", "levels": ""}, "geometry": {"type": "Polygon", "coordinates": [[[55.2155899, 25.0686259], [55.2161321, 25.0687838], [55.2159974, 25.0691632], [55.2154552, 25.0690052], [55.2155899, 25.0686259]]]}}, {"type": "Feature", "properties": {"status": "existing", "bHeight": 12.0, "name": "", "levels": ""}, "geometry": {"type": "Polygon", "coordinates": [[[55.2121603, 25.0669657], [55.2126932, 25.0669309], [55.2127162, 25.0672854], [55.2124855, 25.0672928], [55.2124774, 25.0671268], [55.2121779, 25.0671398], [55.2121603, 25.0669657]]]}}, {"type": "Feature", "properties": {"status": "existing", "bHeight": 12.0, "name": "", "levels": ""}, "geometry": {"type": "Polygon", "coordinates": [[[55.2130115, 25.0669093], [55.2140801, 25.066983], [55.2140536, 25.0672984], [55.212985, 25.0672248], [55.2130115, 25.0669093]]]}}, {"type": "Feature", "properties": {"status": "existing", "bHeight": 12.0, "name": "", "levels": ""}, "geometry": {"type": "Polygon", "coordinates": [[[55.2144109, 25.0670885], [55.2156431, 25.0673012], [55.21556, 25.0676964], [55.2153525, 25.0676606], [55.2153951, 25.0674579], [55.2145464, 25.0673117], [55.2145097, 25.0674864], [55.2143336, 25.0674561], [55.2144109, 25.0670885]]]}}, {"type": "Feature", "properties": {"status": "existing", "bHeight": 12.0, "name": "", "levels": ""}, "geometry": {"type": "Polygon", "coordinates": [[[55.2137752, 25.067378], [55.214058, 25.067395], [55.2140282, 25.0678022], [55.2137453, 25.0677852], [55.2137752, 25.067378]]]}}, {"type": "Feature", "properties": {"status": "existing", "bHeight": 12.0, "name": "", "levels": ""}, "geometry": {"type": "Polygon", "coordinates": [[[55.2158922, 25.0673548], [55.2165778, 25.0675505], [55.2164468, 25.0679272], [55.2157612, 25.0677316], [55.2158922, 25.0673548]]]}}, {"type": "Feature", "properties": {"status": "existing", "bHeight": 12.0, "name": "Mass Residence", "levels": ""}, "geometry": {"type": "Polygon", "coordinates": [[[55.2161907, 25.0667831], [55.2160056, 25.0671592], [55.2164035, 25.0673198], [55.2165885, 25.0669437], [55.2161907, 25.0667831]]]}}, {"type": "Feature", "properties": {"status": "existing", "bHeight": 12.0, "name": "", "levels": ""}, "geometry": {"type": "Polygon", "coordinates": [[[55.2168364, 25.0665301], [55.2172087, 25.0666389], [55.2172205, 25.0666872], [55.2171678, 25.0668879], [55.2171799, 25.0670935], [55.2172388, 25.0672258], [55.2173552, 25.0673771], [55.217394, 25.0674677], [55.2173763, 25.0676026], [55.2173112, 25.067647], [55.2164252, 25.067324], [55.2168364, 25.0665301]]]}}, {"type": "Feature", "properties": {"status": "existing", "bHeight": 12.0, "name": "WestView Tower", "levels": ""}, "geometry": {"type": "Polygon", "coordinates": [[[55.2170947, 25.065919], [55.2174669, 25.0660536], [55.2172806, 25.0664764], [55.2169084, 25.0663419], [55.2170947, 25.065919]]]}}, {"type": "Feature", "properties": {"status": "existing", "bHeight": 12.0, "name": "", "levels": ""}, "geometry": {"type": "Polygon", "coordinates": [[[55.2168443, 25.0653885], [55.2172489, 25.0655344], [55.2168956, 25.0663384], [55.2164909, 25.0661924], [55.2168443, 25.0653885]]]}}, {"type": "Feature", "properties": {"status": "existing", "bHeight": 12.0, "name": "", "levels": ""}, "geometry": {"type": "Polygon", "coordinates": [[[55.2174592, 25.0635458], [55.2178653, 25.0636421], [55.2175983, 25.0645661], [55.2171923, 25.0644699], [55.2174592, 25.0635458]]]}}, {"type": "Feature", "properties": {"status": "existing", "bHeight": 12.0, "name": "", "levels": ""}, "geometry": {"type": "Polygon", "coordinates": [[[55.217813, 25.0639519], [55.2182356, 25.0640535], [55.2180425, 25.0647125], [55.2176198, 25.0646108], [55.217813, 25.0639519]]]}}, {"type": "Feature", "properties": {"status": "existing", "bHeight": 17.0, "name": "Belle Reve By Zimaya Properties", "levels": "5"}, "geometry": {"type": "Polygon", "coordinates": [[[55.2019009, 25.0561149], [55.2020524, 25.0557383], [55.2022663, 25.0558124], [55.2022114, 25.0559746], [55.2028008, 25.0561653], [55.2028672, 25.0559904], [55.2030844, 25.0560578], [55.2029476, 25.0564727], [55.2026016, 25.0563542], [55.2019009, 25.0561149]]]}}, {"type": "Feature", "properties": {"status": "existing", "bHeight": 12.0, "name": "Binghatti Apex", "levels": ""}, "geometry": {"type": "Polygon", "coordinates": [[[55.2018578, 25.0652292], [55.2021211, 25.0655195], [55.2024375, 25.0653013], [55.202166, 25.0649944], [55.2018578, 25.0652292]]]}}]}