{"type": "FeatureCollection", "features": [{"type": "Feature", "properties": {"status": "existing", "bHeight": 34.0, "name": "", "levels": "10"}, "geometry": {"type": "Polygon", "coordinates": [[[55.1403102, 25.0848922], [55.1406237, 25.0851912], [55.1405644, 25.0852344], [55.1406078, 25.0852537], [55.1406384, 25.0852823], [55.1406592, 25.0853255], [55.1409346, 25.0851128], [55.140531, 25.0846967], [55.1404866, 25.0847334], [55.1404281, 25.0847316], [55.140444, 25.0847653], [55.1404422, 25.0847877], [55.1404359, 25.0848102], [55.1404229, 25.0848337], [55.1404098, 25.0848479], [55.1403922, 25.0848635], [55.1403637, 25.084878], [55.1403102, 25.0848922]]]}}, {"type": "Feature", "properties": {"status": "existing", "bHeight": 53.3, "name": "Sheraton Jumeirah Beach Resort", "levels": "16"}, "geometry": {"type": "Polygon", "coordinates": [[[55.1282373, 25.0734191], [55.1284956, 25.0736571], [55.1286532, 25.073536], [55.1288609, 25.0733706], [55.1289914, 25.0734065], [55.1291658, 25.0733936], [55.1292973, 25.0735322], [55.1294961, 25.0733774], [55.1292275, 25.0730944], [55.128992, 25.0728279], [55.1289714, 25.0728046], [55.1282373, 25.0734191]]]}}, {"type": "Feature", "properties": {"status": "existing", "bHeight": 40.8, "name": "Hilton Dubai Jumeirah", "levels": "12"}, "geometry": {"type": "Polygon", "coordinates": [[[55.1338004, 25.0790593], [55.1336577, 25.0789104], [55.1337949, 25.0788026], [55.1343424, 25.0783725], [55.1346508, 25.0786945], [55.1345153, 25.078801], [55.1343485, 25.0786268], [55.1342838, 25.0786776], [55.1344958, 25.0789], [55.1342846, 25.0790651], [55.134074, 25.0788443], [55.1338004, 25.0790593]]]}}, {"type": "Feature", "properties": {"status": "existing", "bHeight": 127.1, "name": "Sofitel Dubai Jumeirah Beach", "levels": "37"}, "geometry": {"type": "Polygon", "coordinates": [[[55.1318441, 25.075318], [55.1319724, 25.0754341], [55.132151, 25.0756278], [55.1321769, 25.0756054], [55.132593, 25.0752987], [55.1323036, 25.0749592], [55.1318746, 25.0752917], [55.1318441, 25.075318]]]}}, {"type": "Feature", "properties": {"status": "existing", "bHeight": 188.6, "name": "Rimal", "levels": "55"}, "geometry": {"type": "Polygon", "coordinates": [[[55.1342204, 25.0775373], [55.1338835, 25.0775434], [55.1334817, 25.0771436], [55.1333733, 25.0770344], [55.1325585, 25.0761779], [55.1326182, 25.0761287], [55.1324767, 25.0759812], [55.1324142, 25.0760333], [55.1320754, 25.075685], [55.132151, 25.0756278], [55.1321769, 25.0756054], [55.132593, 25.0752987], [55.132907, 25.0755944], [55.1331846, 25.0757844], [55.1334264, 25.0759053], [55.1337403, 25.0760384], [55.1340814, 25.0761355], [55.1344455, 25.0761969], [55.1346935, 25.0762373], [55.1349738, 25.076314], [55.1353125, 25.0765198], [55.1353412, 25.0765983], [55.1348559, 25.0770342], [55.1348383, 25.0770481], [55.1342204, 25.0775373]]]}}, {"type": "Feature", "properties": {"status": "existing", "bHeight": 85.0, "name": "Sadaf", "levels": "25"}, "geometry": {"type": "Polygon", "coordinates": [[[55.1365651, 25.0802251], [55.1374734, 25.079514], [55.1378705, 25.079817], [55.1383029, 25.0800866], [55.1387221, 25.0803038], [55.1388409, 25.080371], [55.1394494, 25.0806927], [55.139441, 25.0809381], [55.1389841, 25.0813044], [55.1382979, 25.0818225], [55.1380981, 25.0817719], [55.136971, 25.0805414], [55.1369118, 25.0804767], [55.1368612, 25.0805184], [55.1366636, 25.0803226], [55.1365651, 25.0802251]]]}}, {"type": "Feature", "properties": {"status": "existing", "bHeight": 188.6, "name": "Murjan", "levels": "55"}, "geometry": {"type": "Polygon", "coordinates": [[[55.1395614, 25.0832955], [55.1398293, 25.083309], [55.1402943, 25.0829357], [55.1408989, 25.0824444], [55.1409403, 25.0821934], [55.1406486, 25.0817492], [55.1404316, 25.081542], [55.1402765, 25.0813957], [55.1398391, 25.0809829], [55.1396091, 25.0809548], [55.139051, 25.0813908], [55.1383756, 25.0818868], [55.1383908, 25.0820968], [55.1395614, 25.0832955]]]}}, {"type": "Feature", "properties": {"status": "existing", "bHeight": 30.6, "name": "ذا ويستن", "levels": "9"}, "geometry": {"type": "Polygon", "coordinates": [[[55.1489208, 25.092506], [55.1485094, 25.0920898], [55.147946, 25.0925233], [55.1479033, 25.0924778], [55.1475934, 25.0927981], [55.1477461, 25.0929361], [55.1478532, 25.0928341], [55.1479897, 25.0929429], [55.1479355, 25.0929906], [55.1480655, 25.0931235], [55.1481322, 25.0930795], [55.1482289, 25.093197], [55.1480796, 25.0933547], [55.1483585, 25.0936007], [55.1485385, 25.0934468], [55.1486641, 25.0935639], [55.1485745, 25.0936425], [55.148695, 25.093778], [55.148737, 25.0937358], [55.1488458, 25.0938633], [55.1486824, 25.0940122], [55.1488092, 25.0941246], [55.1497206, 25.0933694], [55.1492707, 25.0929572], [55.1488553, 25.0933099], [55.148759, 25.0932259], [55.1487933, 25.0931039], [55.1488794, 25.0930234], [55.1487328, 25.0928873], [55.1486216, 25.0929027], [55.1484315, 25.0928517], [55.1489208, 25.092506]]]}}, {"type": "Feature", "properties": {"status": "existing", "bHeight": 90.0, "name": "Radisson BLU Residence", "levels": "21"}, "geometry": {"type": "Polygon", "coordinates": [[[55.1431353, 25.0785251], [55.143079, 25.0785677], [55.142913, 25.0784122], [55.1431135, 25.0782588], [55.1432674, 25.0782558], [55.1433516, 25.0783422], [55.1431353, 25.0785251]]]}}, {"type": "Feature", "properties": {"status": "existing", "bHeight": 6.4, "name": "Horizon Tower", "levels": "2"}, "geometry": {"type": "Polygon", "coordinates": [[[55.1370618, 25.071985], [55.1370808, 25.0720347], [55.1365198, 25.0722464], [55.136331, 25.0720627], [55.1370643, 25.0714692], [55.1371148, 25.0715227], [55.1371119, 25.0715662], [55.1371091, 25.0716075], [55.1371061, 25.0716514], [55.1371037, 25.071684], [55.1371467, 25.0716966], [55.137194, 25.0717274], [55.1372268, 25.0717708], [55.1372412, 25.0718215], [55.1372359, 25.0718734], [55.1372115, 25.0719206], [55.137171, 25.0719575], [55.137119, 25.0719799], [55.1370618, 25.071985]]]}}, {"type": "Feature", "properties": {"status": "existing", "bHeight": 229.0, "name": "Dubai Marina Yacht Club", "levels": "57"}, "geometry": {"type": "Polygon", "coordinates": [[[55.1357457, 25.0719483], [55.1355629, 25.0720698], [55.1360487, 25.0725954], [55.1362283, 25.0728111], [55.1365138, 25.0731535], [55.1367928, 25.0729176], [55.1365046, 25.0726505], [55.1357457, 25.0719483]]]}}, {"type": "Feature", "properties": {"status": "existing", "bHeight": 12.0, "name": "Tennis courts Le Royal Méridien", "levels": ""}, "geometry": {"type": "Polygon", "coordinates": [[[55.1397266, 25.0837784], [55.1399639, 25.0840226], [55.1405021, 25.0835935], [55.1402648, 25.0833494], [55.1397266, 25.0837784]]]}}, {"type": "Feature", "properties": {"status": "existing", "bHeight": 214.0, "name": "Le Reve Tower", "levels": "50"}, "geometry": {"type": "Polygon", "coordinates": [[[55.1477094, 25.0891112], [55.1473951, 25.0893526], [55.14729, 25.0892962], [55.1472189, 25.0891643], [55.1475332, 25.088923], [55.1477094, 25.0891112]]]}}, {"type": "Feature", "properties": {"status": "existing", "bHeight": 12.0, "name": "Al Seef Tower", "levels": ""}, "geometry": {"type": "Polygon", "coordinates": [[[55.1503024, 25.0903554], [55.1498904, 25.0906734], [55.1497901, 25.0906661], [55.1494921, 25.0903445], [55.1499597, 25.0899895], [55.1503024, 25.0903554]]]}}, {"type": "Feature", "properties": {"status": "existing", "bHeight": 296.0, "name": "Emirates Crown", "levels": "63"}, "geometry": {"type": "Polygon", "coordinates": [[[55.1462235, 25.0882537], [55.1464758, 25.0885152], [55.1467901, 25.0882664], [55.1465378, 25.0880049], [55.1462235, 25.0882537]]]}}, {"type": "Feature", "properties": {"status": "existing", "bHeight": 256.0, "name": "Dubai Marriott Harbour Hotel & Suites", "levels": "59"}, "geometry": {"type": "Polygon", "coordinates": [[[55.145721, 25.0879387], [55.1459934, 25.0881758], [55.1462668, 25.0879183], [55.1459943, 25.0876812], [55.145721, 25.0879387]]]}}, {"type": "Feature", "properties": {"status": "existing", "bHeight": 207.0, "name": "Marina Crown", "levels": "52"}, "geometry": {"type": "Polygon", "coordinates": [[[55.1486038, 25.0899385], [55.1482615, 25.0901908], [55.1480185, 25.0899204], [55.1483608, 25.0896681], [55.1486038, 25.0899385]]]}}, {"type": "Feature", "properties": {"status": "existing", "bHeight": 34.0, "name": "Le Meridien Mina Seyahi", "levels": "10"}, "geometry": {"type": "Polygon", "coordinates": [[[55.1476944, 25.0922694], [55.1476179, 25.0923089], [55.1476612, 25.0923539], [55.1475908, 25.092409], [55.1475146, 25.0923315], [55.1474298, 25.092399], [55.1472341, 25.0921986], [55.1471872, 25.092222], [55.1467161, 25.0917398], [55.1469383, 25.0915084], [55.1469731, 25.0915499], [55.1470167, 25.0915689], [55.1470302, 25.0916421], [55.1470753, 25.091748], [55.1471983, 25.0916723], [55.1472618, 25.0917268], [55.1471642, 25.0918373], [55.1472065, 25.0918762], [55.1473048, 25.0919102], [55.1474119, 25.0919201], [55.1474395, 25.0919885], [55.1476944, 25.0922694]]]}}, {"type": "Feature", "properties": {"status": "existing", "bHeight": 12.0, "name": "", "levels": ""}, "geometry": {"type": "Polygon", "coordinates": [[[55.1362599, 25.0818358], [55.1364204, 25.0817107], [55.1364349, 25.081726], [55.1366616, 25.0815494], [55.1366864, 25.0815754], [55.1367486, 25.0815269], [55.1368077, 25.0815891], [55.1368656, 25.081544], [55.1371531, 25.0818466], [55.1370276, 25.0819444], [55.1367765, 25.0816799], [55.1363945, 25.0819775], [55.1363104, 25.0818889], [55.1362599, 25.0818358]]]}}, {"type": "Feature", "properties": {"status": "existing", "bHeight": 20.5, "name": "Hotel The Ritz-Carlton", "levels": "6"}, "geometry": {"type": "Polygon", "coordinates": [[[55.1369993, 25.0820042], [55.1372376, 25.0822521], [55.1372075, 25.0822758], [55.1372322, 25.0823015], [55.1371428, 25.082372], [55.1371701, 25.0824005], [55.1370114, 25.0825255], [55.13729, 25.0828157], [55.1373571, 25.0827628], [55.137411, 25.082819], [55.1373849, 25.0828395], [55.1374038, 25.0828593], [55.1374263, 25.0828828], [55.1374069, 25.082898], [55.1375289, 25.0830264], [55.1375469, 25.0830123], [55.1375846, 25.083052], [55.1375472, 25.083071], [55.1376982, 25.083283], [55.1378692, 25.0831831], [55.1378381, 25.0831393], [55.1379924, 25.0830498], [55.1380567, 25.0830663], [55.1384132, 25.083445], [55.1384124, 25.0835027], [55.1383078, 25.0836323], [55.1382621, 25.0836021], [55.1381482, 25.0837433], [55.1383641, 25.0838231], [55.1385911, 25.0835507], [55.1385905, 25.0834467], [55.1386844, 25.08354], [55.1387413, 25.083493], [55.1386749, 25.0834271], [55.1389607, 25.0831911], [55.1384323, 25.0826662], [55.1382573, 25.0828107], [55.138183, 25.0827368], [55.1381108, 25.0827965], [55.1381589, 25.0828444], [55.138096, 25.0828964], [55.1379716, 25.0828829], [55.1379261, 25.0828349], [55.1378832, 25.0828683], [55.137688, 25.0826624], [55.1377357, 25.0826253], [55.1378183, 25.0825611], [55.1377745, 25.082515], [55.1377052, 25.0825691], [55.137689, 25.0825525], [55.1376582, 25.0825198], [55.1376198, 25.0825499], [55.1374325, 25.082354], [55.1374622, 25.0823306], [55.1370844, 25.0819372], [55.1370437, 25.0819692], [55.1369993, 25.0820042]]]}}, {"type": "Feature", "properties": {"status": "existing", "bHeight": 12.0, "name": "", "levels": ""}, "geometry": {"type": "Polygon", "coordinates": [[[55.1372005, 25.0833225], [55.1372655, 25.0832948], [55.1373178, 25.0833482], [55.1374166, 25.0833264], [55.1374398, 25.0833871], [55.1374988, 25.0833871], [55.137514, 25.0835935], [55.1373768, 25.0835875], [55.1373647, 25.0836592], [55.1372833, 25.0836467], [55.1372842, 25.0835498], [55.1372856, 25.0834818], [55.1372547, 25.083398], [55.1372005, 25.0833225]]]}}, {"type": "Feature", "properties": {"status": "existing", "bHeight": 12.0, "name": "", "levels": ""}, "geometry": {"type": "Polygon", "coordinates": [[[55.1411122, 25.0769302], [55.1410297, 25.0770869], [55.1409518, 25.077165], [55.1409424, 25.0771938], [55.1409272, 25.0772406], [55.1410363, 25.0772889], [55.1409737, 25.0773541], [55.1411933, 25.0774414], [55.1416839, 25.0770941], [55.1417292, 25.0770063], [55.141703, 25.0769062], [55.1416556, 25.0768356], [55.1415912, 25.0767742], [55.1414929, 25.0767221], [55.1411313, 25.0769169], [55.1411122, 25.0769302]]]}}, {"type": "Feature", "properties": {"status": "existing", "bHeight": 61.5, "name": "Durrat al Marsa", "levels": "15"}, "geometry": {"type": "Polygon", "coordinates": [[[55.1292427, 25.0712556], [55.1293721, 25.071236], [55.129437, 25.0713079], [55.1294584, 25.0713315], [55.1295063, 25.0714314], [55.1295231, 25.0715138], [55.1295087, 25.0716224], [55.1293961, 25.0716462], [55.129329, 25.0715768], [55.1292906, 25.0715008], [55.1292667, 25.0714249], [55.1292595, 25.0713446], [55.1292355, 25.0713467], [55.1292427, 25.0712556]]]}}, {"type": "Feature", "properties": {"status": "existing", "bHeight": 90.0, "name": "The Jewels", "levels": "21"}, "geometry": {"type": "Polygon", "coordinates": [[[55.1303469, 25.0715537], [55.1303603, 25.0715034], [55.1304465, 25.071181], [55.1306292, 25.0712211], [55.1305296, 25.0715938], [55.1303469, 25.0715537]]]}}, {"type": "Feature", "properties": {"status": "existing", "bHeight": 61.5, "name": "La Residencia Del Mar", "levels": "15"}, "geometry": {"type": "Polygon", "coordinates": [[[55.1308457, 25.0716678], [55.131014, 25.0713143], [55.1312278, 25.0713978], [55.1310595, 25.0717513], [55.1308457, 25.0716678]]]}}, {"type": "Feature", "properties": {"status": "existing", "bHeight": 12.0, "name": "", "levels": ""}, "geometry": {"type": "Polygon", "coordinates": [[[55.1293721, 25.071236], [55.1297411, 25.0711796], [55.1297747, 25.0712534], [55.129437, 25.0713079], [55.1293721, 25.071236]]]}}, {"type": "Feature", "properties": {"status": "existing", "bHeight": 90.0, "name": "The Jewels B", "levels": "21"}, "geometry": {"type": "Polygon", "coordinates": [[[55.1298431, 25.0711193], [55.1298143, 25.0714668], [55.1300213, 25.0714808], [55.130025, 25.0714368], [55.1300501, 25.0711334], [55.1298431, 25.0711193]]]}}, {"type": "Feature", "properties": {"status": "existing", "bHeight": 10.2, "name": "Grosvenor House", "levels": "3"}, "geometry": {"type": "Polygon", "coordinates": [[[55.1434574, 25.0853956], [55.1438028, 25.085123], [55.1438615, 25.0851841], [55.1439316, 25.0851288], [55.1446425, 25.0858387], [55.144084, 25.08625], [55.1438118, 25.0859671], [55.143869, 25.0859219], [55.14343, 25.0854656], [55.1434838, 25.0854231], [55.1434574, 25.0853956]]]}}, {"type": "Feature", "properties": {"status": "existing", "bHeight": 381.0, "name": "Elite Residence", "levels": "112"}, "geometry": {"type": "Polygon", "coordinates": [[[55.1478737, 25.0897859], [55.1476012, 25.0895056], [55.1479193, 25.089252], [55.1481917, 25.0895323], [55.1478737, 25.0897859]]]}}, {"type": "Feature", "properties": {"status": "existing", "bHeight": 414.0, "name": "Princess Tower", "levels": "122"}, "geometry": {"type": "Polygon", "coordinates": [[[55.1467823, 25.0888928], [55.1464991, 25.0886413], [55.1467612, 25.0883992], [55.1470445, 25.0886508], [55.1467823, 25.0888928]]]}}, {"type": "Feature", "properties": {"status": "existing", "bHeight": 392.4, "name": "23 Marina", "levels": "115"}, "geometry": {"type": "Polygon", "coordinates": [[[55.1506901, 25.0900624], [55.1503401, 25.0896908], [55.1507588, 25.0893517], [55.1510457, 25.0896464], [55.1510385, 25.0898037], [55.1506901, 25.0900624]]]}}, {"type": "Feature", "properties": {"status": "existing", "bHeight": 24.6, "name": "Azure", "levels": "6"}, "geometry": {"type": "Polygon", "coordinates": [[[55.1369427, 25.0725421], [55.1369866, 25.0724754], [55.1370832, 25.0724373], [55.1371748, 25.072432], [55.1378435, 25.0731159], [55.137653, 25.0732687], [55.1369427, 25.0725421]]]}}, {"type": "Feature", "properties": {"status": "existing", "bHeight": 69.7, "name": "The Cascades", "levels": "17"}, "geometry": {"type": "Polygon", "coordinates": [[[55.1379283, 25.0729315], [55.1380863, 25.0728059], [55.1379403, 25.0726553], [55.1381066, 25.0725232], [55.1383549, 25.0728215], [55.1380555, 25.0730628], [55.1379283, 25.0729315]]]}}, {"type": "Feature", "properties": {"status": "existing", "bHeight": 125.8, "name": "La Riviera Tower", "levels": "37"}, "geometry": {"type": "Polygon", "coordinates": [[[55.1382486, 25.0732414], [55.138324, 25.0731841], [55.1382886, 25.0731438], [55.1383908, 25.0730651], [55.1383712, 25.0730466], [55.1384656, 25.0729737], [55.1385746, 25.0730843], [55.1386144, 25.0731066], [55.1386134, 25.073211], [55.1385659, 25.0732034], [55.138361, 25.07336], [55.1382486, 25.0732414]]]}}, {"type": "Feature", "properties": {"status": "existing", "bHeight": 61.2, "name": "Yacht Bay Tower", "levels": "18"}, "geometry": {"type": "Polygon", "coordinates": [[[55.1365564, 25.0715246], [55.1369284, 25.0712305], [55.1370478, 25.0713544], [55.1366758, 25.0716485], [55.1365564, 25.0715246]]]}}, {"type": "Feature", "properties": {"status": "existing", "bHeight": 12.0, "name": "Dream Tower", "levels": ""}, "geometry": {"type": "Polygon", "coordinates": [[[55.1354387, 25.0704232], [55.1359001, 25.0700623], [55.1362504, 25.0704297], [55.135789, 25.0707906], [55.1354387, 25.0704232]]]}}, {"type": "Feature", "properties": {"status": "existing", "bHeight": 28.7, "name": "Emerald Residence", "levels": "7"}, "geometry": {"type": "Polygon", "coordinates": [[[55.135679, 25.0713106], [55.135846, 25.0711783], [55.1362672, 25.0716147], [55.1361002, 25.071747], [55.135679, 25.0713106]]]}}, {"type": "Feature", "properties": {"status": "existing", "bHeight": 81.6, "name": "Marina Sail", "levels": "24"}, "geometry": {"type": "Polygon", "coordinates": [[[55.1349993, 25.0718205], [55.1354604, 25.0714553], [55.1357336, 25.071735], [55.1354125, 25.0719842], [55.135278, 25.0719657], [55.1352032, 25.072017], [55.135092, 25.0719557], [55.1349993, 25.0718205]]]}}, {"type": "Feature", "properties": {"status": "existing", "bHeight": 41.0, "name": "ARY Marina View", "levels": "10"}, "geometry": {"type": "Polygon", "coordinates": [[[55.1340438, 25.0718294], [55.1341613, 25.0716739], [55.1343866, 25.0714917], [55.1345717, 25.0714018], [55.134687, 25.0715087], [55.1345481, 25.0716788], [55.134355, 25.0718367], [55.1341484, 25.0719363], [55.1340438, 25.0718294]]]}}, {"type": "Feature", "properties": {"status": "existing", "bHeight": 41.0, "name": "Marina Byblos Hotel", "levels": "11"}, "geometry": {"type": "Polygon", "coordinates": [[[55.1348135, 25.0708902], [55.1351964, 25.0712738], [55.1350039, 25.0714314], [55.1348857, 25.071313], [55.1349755, 25.0712395], [55.1348191, 25.0710827], [55.1347316, 25.0711544], [55.1346233, 25.0710459], [55.1348135, 25.0708902]]]}}, {"type": "Feature", "properties": {"status": "existing", "bHeight": 34.0, "name": "Al Majara 3", "levels": "10"}, "geometry": {"type": "Polygon", "coordinates": [[[55.1375649, 25.0739956], [55.137734, 25.0738578], [55.1374307, 25.0735527], [55.1372617, 25.0736905], [55.1375649, 25.0739956]]]}}, {"type": "Feature", "properties": {"status": "existing", "bHeight": 34.0, "name": "Al Majara 4", "levels": "10"}, "geometry": {"type": "Polygon", "coordinates": [[[55.1369883, 25.074689], [55.1373391, 25.0743959], [55.1374647, 25.0745192], [55.1371139, 25.0748123], [55.1369883, 25.074689]]]}}, {"type": "Feature", "properties": {"status": "existing", "bHeight": 23.8, "name": "Al Majar 5", "levels": "7"}, "geometry": {"type": "Polygon", "coordinates": [[[55.1367354, 25.074267], [55.1370704, 25.0739789], [55.1369349, 25.0738497], [55.1367594, 25.0740006], [55.1367073, 25.0740454], [55.1367354, 25.074267]]]}}, {"type": "Feature", "properties": {"status": "existing", "bHeight": 108.8, "name": "Al Majara 2", "levels": "32"}, "geometry": {"type": "Polygon", "coordinates": [[[55.1367355, 25.0733432], [55.1368993, 25.0735131], [55.1371375, 25.0733142], [55.1370359, 25.0732071], [55.1370708, 25.0731756], [55.136963, 25.0730662], [55.1368831, 25.0731294], [55.1367355, 25.0733432]]]}}, {"type": "Feature", "properties": {"status": "existing", "bHeight": 98.6, "name": "Al Majara 1", "levels": "29"}, "geometry": {"type": "Polygon", "coordinates": [[[55.1376691, 25.0742613], [55.1379502, 25.0740431], [55.1380162, 25.0741132], [55.1379613, 25.0741555], [55.138093, 25.0742976], [55.1378304, 25.0745044], [55.1377656, 25.0744362], [55.1378096, 25.074405], [55.1376691, 25.0742613]]]}}, {"type": "Feature", "properties": {"status": "existing", "bHeight": 69.5, "name": "Marina Residence", "levels": "17"}, "geometry": {"type": "Polygon", "coordinates": [[[55.1373396, 25.0724894], [55.1374364, 25.0725809], [55.1375032, 25.0725259], [55.1375893, 25.0726101], [55.1377257, 25.0726144], [55.1378155, 25.0725422], [55.1378469, 25.0725742], [55.1379601, 25.0724965], [55.1377797, 25.0723137], [55.1376868, 25.0723972], [55.1377382, 25.0724515], [55.1376912, 25.0724813], [55.1376223, 25.0724806], [55.1375839, 25.0724473], [55.1376295, 25.072406], [55.1375373, 25.0723241], [55.1373396, 25.0724894]]]}}, {"type": "Feature", "properties": {"status": "existing", "bHeight": 24.6, "name": "Marina Park", "levels": "6"}, "geometry": {"type": "Polygon", "coordinates": [[[55.1330653, 25.0686949], [55.1332118, 25.0685566], [55.1337451, 25.0690204], [55.1335985, 25.0691586], [55.1330653, 25.0686949]]]}}, {"type": "Feature", "properties": {"status": "existing", "bHeight": 24.6, "name": "Marina Pearl", "levels": ""}, "geometry": {"type": "Polygon", "coordinates": [[[55.1338771, 25.0694767], [55.1340229, 25.0693602], [55.1344658, 25.0698301], [55.1343307, 25.0699452], [55.1338771, 25.0694767]]]}}, {"type": "Feature", "properties": {"status": "existing", "bHeight": 61.5, "name": "Marina Diamond 2", "levels": "15"}, "geometry": {"type": "Polygon", "coordinates": [[[55.1349732, 25.0692272], [55.1346075, 25.0695177], [55.1347618, 25.0696771], [55.1351276, 25.0693867], [55.1349732, 25.0692272]]]}}, {"type": "Feature", "properties": {"status": "existing", "bHeight": 17.0, "name": "DEC Towers", "levels": "5"}, "geometry": {"type": "Polygon", "coordinates": [[[55.1295342, 25.0692104], [55.1296844, 25.0691375], [55.1299497, 25.0688717], [55.1301726, 25.0686662], [55.1303603, 25.0685447], [55.1302315, 25.0682313], [55.1299406, 25.068258], [55.1299728, 25.0683503], [55.1301031, 25.0683319], [55.1301672, 25.068535], [55.1298805, 25.0687503], [55.1297278, 25.0689011], [55.1296163, 25.0685093], [55.1297097, 25.0684826], [55.1296786, 25.0683899], [55.1294104, 25.068454], [55.129444, 25.0685544], [55.1295816, 25.0690025], [55.1294805, 25.0690549], [55.1295342, 25.0692104]]]}}, {"type": "Feature", "properties": {"status": "existing", "bHeight": 86.1, "name": "DEC Tower 2", "levels": "26"}, "geometry": {"type": "Polygon", "coordinates": [[[55.1295802, 25.0680962], [55.1297767, 25.0680422], [55.1299062, 25.0684286], [55.1297097, 25.0684826], [55.1296786, 25.0683899], [55.1295802, 25.0680962]]]}}, {"type": "Feature", "properties": {"status": "existing", "bHeight": 106.6, "name": "DEC Tower 1", "levels": "22"}, "geometry": {"type": "Polygon", "coordinates": [[[55.129118, 25.068222], [55.1293145, 25.068168], [55.1294104, 25.068454], [55.129444, 25.0685544], [55.1292475, 25.0686084], [55.129118, 25.068222]]]}}, {"type": "Feature", "properties": {"status": "existing", "bHeight": 28.7, "name": "Belvedere", "levels": "7"}, "geometry": {"type": "Polygon", "coordinates": [[[55.1303945, 25.0679637], [55.1303671, 25.0680671], [55.1303749, 25.0681631], [55.1304067, 25.068235], [55.1304354, 25.0682957], [55.1309015, 25.0682031], [55.1309366, 25.0681656], [55.1309412, 25.0681039], [55.1309178, 25.0680562], [55.1307926, 25.0680128], [55.1303945, 25.0679637]]]}}, {"type": "Feature", "properties": {"status": "existing", "bHeight": 153.0, "name": "Silverene Tower A", "levels": "37"}, "geometry": {"type": "Polygon", "coordinates": [[[55.1378949, 25.0749745], [55.1380335, 25.0751338], [55.1377412, 25.0753423], [55.1376027, 25.075183], [55.1378949, 25.0749745]]]}}, {"type": "Feature", "properties": {"status": "existing", "bHeight": 310.0, "name": "Ocean Heights", "levels": "83"}, "geometry": {"type": "Polygon", "coordinates": [[[55.1487611, 25.0909134], [55.1485061, 25.0906347], [55.1487937, 25.0904188], [55.1490487, 25.0906975], [55.1487611, 25.0909134]]]}}, {"type": "Feature", "properties": {"status": "existing", "bHeight": 306.4, "name": "Cayan Tower", "levels": "73"}, "geometry": {"type": "Polygon", "coordinates": [[[55.1451549, 25.0870896], [55.1449035, 25.0868126], [55.1451867, 25.0866017], [55.1454381, 25.0868787], [55.1451549, 25.0870896]]]}}, {"type": "Feature", "properties": {"status": "existing", "bHeight": 208.0, "name": "Marina Heights", "levels": "55"}, "geometry": {"type": "Polygon", "coordinates": [[[55.1485087, 25.0874608], [55.1482777, 25.0873455], [55.1481501, 25.0871417], [55.1482619, 25.0870862], [55.1483429, 25.0869607], [55.1485661, 25.0870996], [55.1486688, 25.0873273], [55.1485805, 25.0873695], [55.1485087, 25.0874608]]]}}, {"type": "Feature", "properties": {"status": "existing", "bHeight": 20.4, "name": "Sky View Tower", "levels": "6"}, "geometry": {"type": "Polygon", "coordinates": [[[55.1420848, 25.084034], [55.1423444, 25.0843212], [55.1427306, 25.0843309], [55.1426981, 25.0840904], [55.1426287, 25.0838937], [55.1425093, 25.0836817], [55.1420848, 25.084034]]]}}, {"type": "Feature", "properties": {"status": "existing", "bHeight": 12.0, "name": "MAG 218", "levels": ""}, "geometry": {"type": "Polygon", "coordinates": [[[55.1489743, 25.0883738], [55.1486228, 25.0879981], [55.1489919, 25.0877005], [55.1491475, 25.0877052], [55.1494479, 25.0880005], [55.1489743, 25.0883738]]]}}, {"type": "Feature", "properties": {"status": "existing", "bHeight": 207.0, "name": "فندق تماني المارينا", "levels": "54"}, "geometry": {"type": "Polygon", "coordinates": [[[55.1490494, 25.0911704], [55.1489869, 25.0911568], [55.1489241, 25.0911161], [55.1488884, 25.0910645], [55.1488753, 25.0910029], [55.1488845, 25.0909504], [55.148926, 25.0908872], [55.1490051, 25.0908422], [55.1490912, 25.0908367], [55.149179, 25.0908728], [55.1492294, 25.0909318], [55.1492464, 25.0910115], [55.1492264, 25.091079], [55.1491835, 25.091129], [55.1491157, 25.0911633], [55.1490494, 25.0911704]]]}}, {"type": "Feature", "properties": {"status": "existing", "bHeight": 352.0, "name": "The Torch", "levels": "104"}, "geometry": {"type": "Polygon", "coordinates": [[[55.1474539, 25.0883334], [55.1470369, 25.0878716], [55.147418, 25.0875894], [55.1478349, 25.0880512], [55.1474539, 25.0883334]]]}}, {"type": "Feature", "properties": {"status": "existing", "bHeight": 110.0, "name": "Marina Plaza", "levels": "32"}, "geometry": {"type": "Polygon", "coordinates": [[[55.1397492, 25.0753543], [55.139444, 25.0755471], [55.1396821, 25.0758563], [55.1403168, 25.0754554], [55.140443, 25.075373], [55.1403799, 25.0752927], [55.1403366, 25.0752379], [55.1401812, 25.0750408], [55.140135, 25.0749822], [55.1400663, 25.074895], [55.1397162, 25.0751214], [55.1397667, 25.075186], [55.1397826, 25.0752337], [55.1397817, 25.0752847], [55.1397699, 25.0753209], [55.1397492, 25.0753543]]]}}, {"type": "Feature", "properties": {"status": "existing", "bHeight": 123.0, "name": "Orra Marina", "levels": "31"}, "geometry": {"type": "Polygon", "coordinates": [[[55.1328921, 25.0706365], [55.132892, 25.0706806], [55.1329182, 25.0707276], [55.132956, 25.0707656], [55.133005, 25.0707914], [55.1330518, 25.0707887], [55.1332896, 25.0705966], [55.1332896, 25.0705472], [55.1332632, 25.0704897], [55.1332267, 25.0704542], [55.133187, 25.0704382], [55.1331447, 25.0704432], [55.1331121, 25.070447], [55.1328921, 25.0706365]]]}}, {"type": "Feature", "properties": {"status": "existing", "bHeight": 28.7, "name": "Westside Marina", "levels": "8"}, "geometry": {"type": "Polygon", "coordinates": [[[55.1331659, 25.0699792], [55.133318, 25.0701345], [55.1337674, 25.0697731], [55.1336153, 25.0696178], [55.1331659, 25.0699792]]]}}, {"type": "Feature", "properties": {"status": "existing", "bHeight": 127.1, "name": "Zumurud Tower", "levels": "30"}, "geometry": {"type": "Polygon", "coordinates": [[[55.1337587, 25.0703949], [55.1336287, 25.0702622], [55.133903, 25.0700417], [55.134033, 25.0701744], [55.1337587, 25.0703949]]]}}, {"type": "Feature", "properties": {"status": "existing", "bHeight": 115.6, "name": "Opal Tower", "levels": "34"}, "geometry": {"type": "Polygon", "coordinates": [[[55.1324457, 25.0682441], [55.1325534, 25.0679242], [55.1327447, 25.0679771], [55.132637, 25.068297], [55.1324457, 25.0682441]]]}}, {"type": "Feature", "properties": {"status": "existing", "bHeight": 123.0, "name": "Manchester Tower", "levels": "31"}, "geometry": {"type": "Polygon", "coordinates": [[[55.1320023, 25.0677549], [55.1322014, 25.0677959], [55.1321082, 25.0681673], [55.1319091, 25.0681263], [55.1320023, 25.0677549]]]}}, {"type": "Feature", "properties": {"status": "existing", "bHeight": 108.8, "name": "Escan Tower", "levels": "32"}, "geometry": {"type": "Polygon", "coordinates": [[[55.1329736, 25.0683927], [55.1331623, 25.068473], [55.1333491, 25.0681126], [55.1331604, 25.0680323], [55.1329736, 25.0683927]]]}}, {"type": "Feature", "properties": {"status": "existing", "bHeight": 28.7, "name": "Jannah Place Hotel", "levels": "9"}, "geometry": {"type": "Polygon", "coordinates": [[[55.1329636, 25.0697109], [55.1328037, 25.0695493], [55.1330172, 25.069376], [55.1330592, 25.0694184], [55.133122, 25.0693674], [55.1330778, 25.0693227], [55.1332443, 25.0691876], [55.133406, 25.0693511], [55.1332309, 25.0694933], [55.1331809, 25.0694427], [55.1331216, 25.0694907], [55.1331721, 25.0695417], [55.1329636, 25.0697109]]]}}, {"type": "Feature", "properties": {"status": "existing", "bHeight": 27.0, "name": "pier 7", "levels": "7"}, "geometry": {"type": "Polygon", "coordinates": [[[55.1386585, 25.0762798], [55.1386854, 25.0763247], [55.138726, 25.07636], [55.1387767, 25.0763823], [55.1388326, 25.0763893], [55.138888, 25.0763804], [55.1389377, 25.0763565], [55.138977, 25.0763199], [55.1390019, 25.0762742], [55.13901, 25.0762237], [55.1390006, 25.0761733], [55.1389746, 25.0761281], [55.1389345, 25.0760924], [55.1389052, 25.0760769], [55.1388872, 25.0760704], [55.1388778, 25.0760677], [55.1388205, 25.0760619], [55.1387588, 25.0760746], [55.1387449, 25.0760806], [55.1387316, 25.0760876], [55.1387187, 25.0760958], [55.13868, 25.0761329], [55.1386558, 25.076179], [55.1386484, 25.0762296], [55.1386585, 25.0762798]]]}}, {"type": "Feature", "properties": {"status": "existing", "bHeight": 45.1, "name": "Marina Quay North", "levels": "12"}, "geometry": {"type": "Polygon", "coordinates": [[[55.1366841, 25.077321], [55.1371566, 25.0772877], [55.1373331, 25.0772752], [55.1373492, 25.0774647], [55.1366975, 25.0775103], [55.1366841, 25.077321]]]}}, {"type": "Feature", "properties": {"status": "existing", "bHeight": 45.1, "name": "Marina Quay East", "levels": "12"}, "geometry": {"type": "Polygon", "coordinates": [[[55.1365907, 25.0767656], [55.1366607, 25.0769382], [55.1372897, 25.0767069], [55.1372038, 25.0765295], [55.1370427, 25.0765903], [55.1365907, 25.0767656]]]}}, {"type": "Feature", "properties": {"status": "existing", "bHeight": 85.0, "name": "JBR Amwaj", "levels": "25"}, "geometry": {"type": "Polygon", "coordinates": [[[55.1313822, 25.0728243], [55.1309983, 25.0731455], [55.1304461, 25.0735829], [55.1304513, 25.0738346], [55.130495, 25.0738883], [55.1304308, 25.073933], [55.1306173, 25.0741344], [55.1311941, 25.0747576], [55.131264, 25.0747526], [55.1313478, 25.0748335], [55.1313384, 25.0749135], [55.1317711, 25.0753808], [55.1318441, 25.075318], [55.1318746, 25.0752917], [55.1323036, 25.0749592], [55.1321401, 25.0746408], [55.1319724, 25.0741811], [55.1319266, 25.0738177], [55.1319001, 25.0734786], [55.1318427, 25.0731916], [55.1316426, 25.0728514], [55.1313822, 25.0728243]]]}}, {"type": "Feature", "properties": {"status": "existing", "bHeight": 12.0, "name": "Bahar", "levels": ""}, "geometry": {"type": "Polygon", "coordinates": [[[55.1342352, 25.0778344], [55.1342648, 25.077719], [55.1349397, 25.0771661], [55.1354276, 25.0767736], [55.135609, 25.0767962], [55.1357227, 25.0768407], [55.1359445, 25.077181], [55.1361401, 25.0775454], [55.1362943, 25.0781279], [55.1365518, 25.0785863], [55.1357031, 25.0793021], [55.1350423, 25.0786177], [55.1342352, 25.0778344]]]}}, {"type": "Feature", "properties": {"status": "existing", "bHeight": 17.0, "name": "Marina Mansions", "levels": "5"}, "geometry": {"type": "Polygon", "coordinates": [[[55.1378025, 25.0734986], [55.1381865, 25.0738993], [55.1382717, 25.0738348], [55.1384258, 25.0739904], [55.1386789, 25.073782], [55.138884, 25.0736155], [55.1389006, 25.0734567], [55.1387849, 25.0733261], [55.1384798, 25.0735758], [55.1383595, 25.0736713], [55.1380185, 25.0733231], [55.1378025, 25.0734986]]]}}, {"type": "Feature", "properties": {"status": "existing", "bHeight": 139.0, "name": "Shams 1", "levels": "48"}, "geometry": {"type": "Polygon", "coordinates": [[[55.1306674, 25.0725873], [55.1309894, 25.072331], [55.1310552, 25.0723988], [55.1309864, 25.0724535], [55.1311676, 25.0726402], [55.1312338, 25.0725875], [55.1312999, 25.0726556], [55.1309829, 25.072908], [55.1309219, 25.0728451], [55.1309603, 25.0728145], [55.130775, 25.0726235], [55.1307341, 25.0726561], [55.1306674, 25.0725873]]]}}, {"type": "Feature", "properties": {"status": "existing", "bHeight": 133.0, "name": "Shams 2", "levels": "46"}, "geometry": {"type": "Polygon", "coordinates": [[[55.1301809, 25.0721093], [55.1304945, 25.0721495], [55.1304601, 25.0723693], [55.1301466, 25.0723291], [55.1301809, 25.0721093]]]}}, {"type": "Feature", "properties": {"status": "existing", "bHeight": 90.2, "name": "Shams 3 & Shams 4", "levels": "27"}, "geometry": {"type": "Polygon", "coordinates": [[[55.1294034, 25.0721875], [55.1298171, 25.0722047], [55.1298035, 25.0722713], [55.129717, 25.0722679], [55.1297296, 25.0725576], [55.1298821, 25.0727324], [55.1300384, 25.0729093], [55.1297492, 25.0731467], [55.1295699, 25.0729647], [55.1296568, 25.0728937], [55.1295043, 25.072719], [55.1294622, 25.0726269], [55.1294186, 25.0726247], [55.1294656, 25.0722532], [55.1293955, 25.0722464], [55.1294034, 25.0721875]]]}}, {"type": "Feature", "properties": {"status": "existing", "bHeight": 88.4, "name": "JA Ocean View", "levels": "26"}, "geometry": {"type": "Polygon", "coordinates": [[[55.1299101, 25.0731782], [55.1300027, 25.0732764], [55.1302523, 25.0730832], [55.1304741, 25.0730928], [55.1305942, 25.0732129], [55.1306854, 25.0731381], [55.1304772, 25.07293], [55.1302465, 25.0729178], [55.1299101, 25.0731782]]]}}, {"type": "Feature", "properties": {"status": "existing", "bHeight": 32.8, "name": "Panoramic Tower", "levels": "9"}, "geometry": {"type": "Polygon", "coordinates": [[[55.1276858, 25.0699075], [55.1279433, 25.0698443], [55.1280077, 25.0700922], [55.1279862, 25.0701893], [55.1278735, 25.0702282], [55.1277877, 25.0701699], [55.1276858, 25.0699075]]]}}, {"type": "Feature", "properties": {"status": "existing", "bHeight": 65.0, "name": "KG Tower", "levels": "20"}, "geometry": {"type": "Polygon", "coordinates": [[[55.1272274, 25.0695941], [55.1276619, 25.0692542], [55.12774, 25.0693344], [55.1276941, 25.0694386], [55.1276083, 25.0695066], [55.1274312, 25.0696718], [55.1273215, 25.0696988], [55.1272274, 25.0695941]]]}}, {"type": "Feature", "properties": {"status": "existing", "bHeight": 32.8, "name": "Al Husn Marina", "levels": "8"}, "geometry": {"type": "Polygon", "coordinates": [[[55.1283229, 25.0698059], [55.1286318, 25.0697249], [55.1287272, 25.0700233], [55.1284183, 25.0701043], [55.1283229, 25.0698059]]]}}, {"type": "Feature", "properties": {"status": "existing", "bHeight": 32.8, "name": "Jannah Marina Bay Suites", "levels": "8"}, "geometry": {"type": "Polygon", "coordinates": [[[55.1305122, 25.0686134], [55.1307616, 25.0689499], [55.1306369, 25.0690258], [55.1305824, 25.0689523], [55.130426, 25.0690474], [55.1302847, 25.0688567], [55.13045, 25.0687562], [55.1303964, 25.0686839], [55.1305122, 25.0686134]]]}}, {"type": "Feature", "properties": {"status": "existing", "bHeight": 32.8, "name": "Marina Tower", "levels": "9"}, "geometry": {"type": "Polygon", "coordinates": [[[55.1270095, 25.0700832], [55.1272348, 25.0700249], [55.1273421, 25.0703602], [55.1271114, 25.0704233], [55.1270095, 25.0700832]]]}}, {"type": "Feature", "properties": {"status": "existing", "bHeight": 32.8, "name": "الشيباني للشقق", "levels": "8"}, "geometry": {"type": "Polygon", "coordinates": [[[55.1295654, 25.0693714], [55.1296854, 25.0693399], [55.1298054, 25.0693083], [55.129851, 25.0694505], [55.1298989, 25.0695999], [55.1297558, 25.0696883], [55.1296739, 25.0697099], [55.1295654, 25.0693714]]]}}, {"type": "Feature", "properties": {"status": "existing", "bHeight": 32.8, "name": "Pearl Marina Hotel Apartments", "levels": "8"}, "geometry": {"type": "Polygon", "coordinates": [[[55.128948, 25.069608], [55.1291859, 25.0695446], [55.1292966, 25.0698851], [55.1290587, 25.0699486], [55.128948, 25.069608]]]}}, {"type": "Feature", "properties": {"status": "existing", "bHeight": 85.0, "name": "", "levels": "25"}, "geometry": {"type": "Polygon", "coordinates": [[[55.1372537, 25.0798394], [55.137345, 25.0796289], [55.1376712, 25.0797451], [55.1375799, 25.0799555], [55.1372537, 25.0798394]]]}}, {"type": "Feature", "properties": {"status": "existing", "bHeight": 155.0, "name": "Bay Central West", "levels": "44"}, "geometry": {"type": "Polygon", "coordinates": [[[55.1371805, 25.0784066], [55.1374537, 25.0782231], [55.1375971, 25.0783982], [55.1373239, 25.0785817], [55.1371805, 25.0784066]]]}}, {"type": "Feature", "properties": {"status": "existing", "bHeight": 147.6, "name": "Rimal 4", "levels": "42"}, "geometry": {"type": "Polygon", "coordinates": [[[55.1333837, 25.0766656], [55.1334041, 25.0762571], [55.1337722, 25.0762721], [55.1337518, 25.0766807], [55.1333837, 25.0766656]]]}}, {"type": "Feature", "properties": {"status": "existing", "bHeight": 104.0, "name": "Avant Tower", "levels": "26"}, "geometry": {"type": "Polygon", "coordinates": [[[55.1465313, 25.0833284], [55.1465638, 25.083257], [55.1466097, 25.0831828], [55.1466713, 25.083113], [55.1467793, 25.0830409], [55.1469341, 25.083178], [55.1468706, 25.0832704], [55.1468209, 25.0833283], [55.1467531, 25.0833792], [55.1466757, 25.0834227], [55.1465313, 25.0833284]]]}}, {"type": "Feature", "properties": {"status": "existing", "bHeight": 105.0, "name": "La Verda Suites and Villas Dubai Marina", "levels": "30"}, "geometry": {"type": "Polygon", "coordinates": [[[55.1429399, 25.0801182], [55.1431401, 25.079941], [55.1433533, 25.0801386], [55.1432601, 25.080221], [55.143153, 25.0803158], [55.1429399, 25.0801182]]]}}, {"type": "Feature", "properties": {"status": "existing", "bHeight": 124.0, "name": "Al Yass Tower", "levels": "27"}, "geometry": {"type": "Polygon", "coordinates": [[[55.1485283, 25.0836946], [55.1483636, 25.0834316], [55.1486919, 25.0832629], [55.1488566, 25.083526], [55.1485283, 25.0836946]]]}}, {"type": "Feature", "properties": {"status": "existing", "bHeight": 44.2, "name": "", "levels": "13"}, "geometry": {"type": "Polygon", "coordinates": [[[55.1441702, 25.0796829], [55.1445316, 25.0794028], [55.1444233, 25.0792882], [55.1442809, 25.0793987], [55.1440619, 25.0795684], [55.1441702, 25.0796829]]]}}, {"type": "Feature", "properties": {"status": "existing", "bHeight": 168.1, "name": "Marina Quay West", "levels": "39"}, "geometry": {"type": "Polygon", "coordinates": [[[55.136171, 25.0764591], [55.1364403, 25.0762401], [55.1366174, 25.0764188], [55.1363481, 25.0766377], [55.136171, 25.0764591]]]}}, {"type": "Feature", "properties": {"status": "existing", "bHeight": 213.2, "name": "Desert Safari Tours - Buggy Ride Dubai", "levels": "52"}, "geometry": {"type": "Polygon", "coordinates": [[[55.1352486, 25.0770732], [55.1354651, 25.0769037], [55.1357928, 25.0772469], [55.1355764, 25.0774165], [55.1352486, 25.0770732]]]}}, {"type": "Feature", "properties": {"status": "existing", "bHeight": 163.2, "name": "Hilton Dubai The Walk", "levels": "48"}, "geometry": {"type": "Polygon", "coordinates": [[[55.1348494, 25.0779134], [55.1351091, 25.0779131], [55.1351444, 25.078306], [55.1348693, 25.0783172], [55.1348494, 25.0779134]]]}}, {"type": "Feature", "properties": {"status": "existing", "bHeight": 151.7, "name": "Sadaf 5", "levels": "42"}, "geometry": {"type": "Polygon", "coordinates": [[[55.1376791, 25.0809297], [55.1374432, 25.0806999], [55.1372747, 25.0808417], [55.1375106, 25.0810716], [55.1376791, 25.0809297]]]}}, {"type": "Feature", "properties": {"status": "existing", "bHeight": 106.6, "name": "Murjan 3", "levels": "30"}, "geometry": {"type": "Polygon", "coordinates": [[[55.1391124, 25.0824259], [55.139531, 25.0824021], [55.1395481, 25.0826486], [55.1391294, 25.0826723], [55.1391124, 25.0824259]]]}}, {"type": "Feature", "properties": {"status": "existing", "bHeight": 68.0, "name": "Marina Diamond 5", "levels": "20"}, "geometry": {"type": "Polygon", "coordinates": [[[55.1461971, 25.0813958], [55.1460235, 25.0812228], [55.1462944, 25.0809997], [55.146468, 25.0811726], [55.1464164, 25.0812219], [55.1463689, 25.0812593], [55.1461971, 25.0813958]]]}}, {"type": "Feature", "properties": {"status": "existing", "bHeight": 158.0, "name": "Time Place", "levels": "34"}, "geometry": {"type": "Polygon", "coordinates": [[[55.1442632, 25.0807214], [55.1440761, 25.0805257], [55.1443412, 25.0803178], [55.1445284, 25.0805134], [55.1442632, 25.0807214]]]}}, {"type": "Feature", "properties": {"status": "existing", "bHeight": 180.0, "name": "Bay Central", "levels": "52"}, "geometry": {"type": "Polygon", "coordinates": [[[55.1379076, 25.0785568], [55.1381843, 25.0783471], [55.1383175, 25.0784912], [55.1380408, 25.0787009], [55.1379076, 25.0785568]]]}}, {"type": "Feature", "properties": {"status": "existing", "bHeight": 135.0, "name": "City Premiere Marina Hotel Apartments", "levels": "37"}, "geometry": {"type": "Polygon", "coordinates": [[[55.142951, 25.079752], [55.1427963, 25.0796173], [55.1430863, 25.0793441], [55.143241, 25.0794789], [55.142951, 25.079752]]]}}, {"type": "Feature", "properties": {"status": "existing", "bHeight": 119.0, "name": "Bahar 6", "levels": "35"}, "geometry": {"type": "Polygon", "coordinates": [[[55.1361696, 25.078662], [55.1361338, 25.0782843], [55.1363732, 25.0782657], [55.1364089, 25.0786434], [55.1361696, 25.078662]]]}}, {"type": "Feature", "properties": {"status": "existing", "bHeight": 196.8, "name": "Bahar 5", "levels": "46"}, "geometry": {"type": "Polygon", "coordinates": [[[55.1357667, 25.0789225], [55.1357639, 25.0787228], [55.1360552, 25.0787195], [55.136058, 25.0789192], [55.1357667, 25.0789225]]]}}, {"type": "Feature", "properties": {"status": "existing", "bHeight": 82.0, "name": "Marina Diamond 4", "levels": "20"}, "geometry": {"type": "Polygon", "coordinates": [[[55.1450661, 25.0801585], [55.1452043, 25.0800352], [55.1452492, 25.0800563], [55.145292, 25.0800807], [55.1453319, 25.0801079], [55.1453734, 25.0801419], [55.1454098, 25.0801776], [55.1454434, 25.0802173], [55.1454725, 25.0802593], [55.1454977, 25.0803042], [55.1453607, 25.080428], [55.1450661, 25.0801585]]]}}, {"type": "Feature", "properties": {"status": "existing", "bHeight": 110.7, "name": "Murjan 2", "levels": "30"}, "geometry": {"type": "Polygon", "coordinates": [[[55.1387489, 25.0820652], [55.1387142, 25.0817874], [55.1391093, 25.0817469], [55.139144, 25.0820247], [55.1387489, 25.0820652]]]}}, {"type": "Feature", "properties": {"status": "existing", "bHeight": 130.0, "name": "The Point", "levels": "27"}, "geometry": {"type": "Polygon", "coordinates": [[[55.1327895, 25.0733701], [55.1326773, 25.0731789], [55.1329969, 25.0730251], [55.133109, 25.0732163], [55.1327895, 25.0733701]]]}}, {"type": "Feature", "properties": {"status": "existing", "bHeight": 98.0, "name": "Al Sahab 1", "levels": "24"}, "geometry": {"type": "Polygon", "coordinates": [[[55.1349273, 25.075793], [55.1349934, 25.0755417], [55.1352747, 25.0756024], [55.1352085, 25.0758538], [55.1349273, 25.075793]]]}}, {"type": "Feature", "properties": {"status": "existing", "bHeight": 61.0, "name": "Marina Diamond 3", "levels": "15"}, "geometry": {"type": "Polygon", "coordinates": [[[55.1468482, 25.0818632], [55.1466996, 25.0816986], [55.1469765, 25.0814935], [55.1471251, 25.0816581], [55.1468482, 25.0818632]]]}}, {"type": "Feature", "properties": {"status": "existing", "bHeight": 135.3, "name": "Murjan 4", "levels": "38"}, "geometry": {"type": "Polygon", "coordinates": [[[55.1395872, 25.0831255], [55.1395774, 25.0830397], [55.1396646, 25.0830315], [55.1396335, 25.0827587], [55.1398634, 25.0827372], [55.1398937, 25.0830026], [55.1399732, 25.0829951], [55.1399838, 25.0830883], [55.1395872, 25.0831255]]]}}, {"type": "Feature", "properties": {"status": "existing", "bHeight": 82.0, "name": "Marina Diamond 6", "levels": "20"}, "geometry": {"type": "Polygon", "coordinates": [[[55.1455558, 25.0808357], [55.1454215, 25.0807016], [55.1454771, 25.0806335], [55.1455488, 25.0805715], [55.1456252, 25.0805199], [55.1457005, 25.0804724], [55.1458348, 25.0806065], [55.1457815, 25.0806851], [55.1457117, 25.0807489], [55.1456333, 25.0807963], [55.1455558, 25.0808357]]]}}, {"type": "Feature", "properties": {"status": "existing", "bHeight": 78.2, "name": "Sadaf 3", "levels": "23"}, "geometry": {"type": "Polygon", "coordinates": [[[55.1366396, 25.0802149], [55.1370032, 25.0799224], [55.1371566, 25.0800788], [55.136793, 25.0803713], [55.1366396, 25.0802149]]]}}, {"type": "Feature", "properties": {"status": "existing", "bHeight": 98.4, "name": "Amwaj Suites Hotel", "levels": "30"}, "geometry": {"type": "Polygon", "coordinates": [[[55.1316689, 25.075043], [55.1316791, 25.0748002], [55.1321193, 25.0748153], [55.1321091, 25.0750581], [55.1316689, 25.075043]]]}}, {"type": "Feature", "properties": {"status": "existing", "bHeight": 127.1, "name": "Bahar 4", "levels": "30"}, "geometry": {"type": "Polygon", "coordinates": [[[55.1352967, 25.0786025], [55.1352936, 25.0785323], [55.1352876, 25.0783937], [55.1357105, 25.0783786], [55.1357196, 25.0785874], [55.135351, 25.0786006], [55.1352967, 25.0786025]]]}}, {"type": "Feature", "properties": {"status": "existing", "bHeight": 221.4, "name": "Sadaf 4", "levels": "54"}, "geometry": {"type": "Polygon", "coordinates": [[[55.136974, 25.0804593], [55.1371675, 25.08033], [55.1374199, 25.0806042], [55.1372328, 25.0807454], [55.136974, 25.0804593]]]}}, {"type": "Feature", "properties": {"status": "existing", "bHeight": 159.9, "name": "Rimal 5", "levels": "45"}, "geometry": {"type": "Polygon", "coordinates": [[[55.1327417, 25.0761557], [55.1327758, 25.0757378], [55.1331994, 25.0757662], [55.1331653, 25.0761841], [55.1327417, 25.0761557]]]}}, {"type": "Feature", "properties": {"status": "existing", "bHeight": 94.3, "name": "Amwaj 2", "levels": "30"}, "geometry": {"type": "Polygon", "coordinates": [[[55.1317218, 25.0745214], [55.1317396, 25.0742316], [55.1319834, 25.0742439], [55.1319656, 25.0745337], [55.1317218, 25.0745214]]]}}, {"type": "Feature", "properties": {"status": "existing", "bHeight": 135.3, "name": "Amwaj 3", "levels": "37"}, "geometry": {"type": "Polygon", "coordinates": [[[55.1314094, 25.0739421], [55.1314328, 25.0736387], [55.1319041, 25.0736685], [55.1318807, 25.0739719], [55.1314094, 25.0739421]]]}}, {"type": "Feature", "properties": {"status": "existing", "bHeight": 98.0, "name": "Fairooz Tower", "levels": "20"}, "geometry": {"type": "Polygon", "coordinates": [[[55.1483996, 25.0856494], [55.148531, 25.0853815], [55.1489015, 25.0855306], [55.14877, 25.0857985], [55.1483996, 25.0856494]]]}}, {"type": "Feature", "properties": {"status": "existing", "bHeight": 147.6, "name": "Rimal 6", "levels": "42"}, "geometry": {"type": "Polygon", "coordinates": [[[55.1324006, 25.0757302], [55.1324124, 25.0755235], [55.132778, 25.0755406], [55.1327663, 25.0757472], [55.1324006, 25.0757302]]]}}, {"type": "Feature", "properties": {"status": "existing", "bHeight": 188.6, "name": "Sadaf 8", "levels": "52"}, "geometry": {"type": "Polygon", "coordinates": [[[55.1390372, 25.081161], [55.138727, 25.0808173], [55.139054, 25.0805753], [55.1393641, 25.080919], [55.1390372, 25.081161]]]}}, {"type": "Feature", "properties": {"status": "existing", "bHeight": 164.0, "name": "Murjan 6", "levels": "40"}, "geometry": {"type": "Polygon", "coordinates": [[[55.1404048, 25.082223], [55.1402019, 25.082007], [55.1403736, 25.0818747], [55.1405765, 25.0820906], [55.1404048, 25.082223]]]}}, {"type": "Feature", "properties": {"status": "existing", "bHeight": 62.0, "name": "Marina Diamond 1", "levels": "15"}, "geometry": {"type": "Polygon", "coordinates": [[[55.1447499, 25.0799531], [55.1445874, 25.0800946], [55.1444393, 25.079955], [55.1447509, 25.0796838], [55.1449001, 25.079824], [55.1447499, 25.0799531]]]}}, {"type": "Feature", "properties": {"status": "existing", "bHeight": 168.1, "name": "Amwaj 4", "levels": "46"}, "geometry": {"type": "Polygon", "coordinates": [[[55.1316043, 25.0733489], [55.1312484, 25.0730121], [55.1314319, 25.0728531], [55.1317877, 25.07319], [55.1316043, 25.0733489]]]}}, {"type": "Feature", "properties": {"status": "existing", "bHeight": 155.8, "name": "Rimal 2", "levels": "46"}, "geometry": {"type": "Polygon", "coordinates": [[[55.1340454, 25.0774194], [55.1340604, 25.0771266], [55.1342827, 25.077136], [55.1342677, 25.0774288], [55.1340454, 25.0774194]]]}}, {"type": "Feature", "properties": {"status": "existing", "bHeight": 85.0, "name": "Anbar Tower", "levels": "19"}, "geometry": {"type": "Polygon", "coordinates": [[[55.1484322, 25.0844055], [55.1482564, 25.084118], [55.1486056, 25.0839428], [55.1487814, 25.0842303], [55.1484322, 25.0844055]]]}}, {"type": "Feature", "properties": {"status": "existing", "bHeight": 148.0, "name": "Murjan Tower", "levels": "37"}, "geometry": {"type": "Polygon", "coordinates": [[[55.1490761, 25.0853547], [55.149205, 25.0850953], [55.1495623, 25.0852409], [55.1494334, 25.0855003], [55.1490761, 25.0853547]]]}}, {"type": "Feature", "properties": {"status": "existing", "bHeight": 164.0, "name": "Murjan 5", "levels": "40"}, "geometry": {"type": "Polygon", "coordinates": [[[55.1404935, 25.0825902], [55.1404608, 25.0823171], [55.1406937, 25.0822942], [55.1407264, 25.0825673], [55.1404935, 25.0825902]]]}}, {"type": "Feature", "properties": {"status": "existing", "bHeight": 90.2, "name": "Amwaj 5", "levels": "25"}, "geometry": {"type": "Polygon", "coordinates": [[[55.1308038, 25.0741891], [55.1308095, 25.074105], [55.1308815, 25.0741091], [55.1308971, 25.0738792], [55.1311589, 25.0738938], [55.131143, 25.0741287], [55.1312475, 25.0741345], [55.1312421, 25.0742136], [55.1308038, 25.0741891]]]}}, {"type": "Feature", "properties": {"status": "existing", "bHeight": 148.0, "name": "Al Mass Tower", "levels": "37"}, "geometry": {"type": "Polygon", "coordinates": [[[55.1486848, 25.0864045], [55.1488043, 25.0861327], [55.1491994, 25.0862752], [55.1490799, 25.086547], [55.1486848, 25.0864045]]]}}, {"type": "Feature", "properties": {"status": "existing", "bHeight": 188.6, "name": "Murjan 1", "levels": "46"}, "geometry": {"type": "Polygon", "coordinates": [[[55.1398918, 25.0814001], [55.1395639, 25.0810817], [55.1392362, 25.0813586], [55.1395641, 25.081677], [55.1398918, 25.0814001]]]}}, {"type": "Feature", "properties": {"status": "existing", "bHeight": 188.6, "name": "Rimal 1", "levels": "52"}, "geometry": {"type": "Polygon", "coordinates": [[[55.1349089, 25.076865], [55.1346509, 25.0765729], [55.1349561, 25.0763518], [55.1352141, 25.0766438], [55.1349089, 25.076865]]]}}, {"type": "Feature", "properties": {"status": "existing", "bHeight": 185.0, "name": "Mesk Tower", "levels": "40"}, "geometry": {"type": "Polygon", "coordinates": [[[55.1491362, 25.0846665], [55.1489289, 25.084372], [55.1492415, 25.0841915], [55.1494488, 25.084486], [55.1491362, 25.0846665]]]}}, {"type": "Feature", "properties": {"status": "existing", "bHeight": 131.0, "name": "Al Habtoor Tower", "levels": "32"}, "geometry": {"type": "Polygon", "coordinates": [[[55.147364, 25.0834029], [55.1475111, 25.0830818], [55.1477283, 25.0831634], [55.1475812, 25.0834846], [55.1475027, 25.0834566], [55.1474739, 25.0834464], [55.147364, 25.0834029]]]}}, {"type": "Feature", "properties": {"status": "existing", "bHeight": 180.0, "name": "Al Sahab 2", "levels": "44"}, "geometry": {"type": "Polygon", "coordinates": [[[55.1354786, 25.0758837], [55.135762, 25.0756815], [55.1359392, 25.0758852], [55.1356558, 25.0760875], [55.1354786, 25.0758837]]]}}, {"type": "Feature", "properties": {"status": "existing", "bHeight": 132.0, "name": "Oceanic Tower", "levels": "34"}, "geometry": {"type": "Polygon", "coordinates": [[[55.1467058, 25.0826283], [55.1466367, 25.0826568], [55.1465539, 25.0826731], [55.1465361, 25.082587], [55.1464429, 25.0825714], [55.1464719, 25.0825014], [55.146518, 25.0824327], [55.1465458, 25.0823925], [55.1466047, 25.0823395], [55.1466722, 25.0823058], [55.1467498, 25.082286], [55.1467736, 25.0823906], [55.1468831, 25.082437], [55.1468598, 25.0824716], [55.1468416, 25.0824987], [55.1467694, 25.0825761], [55.1467058, 25.0826283]]]}}, {"type": "Feature", "properties": {"status": "existing", "bHeight": 164.0, "name": "Rimal 3", "levels": "46"}, "geometry": {"type": "Polygon", "coordinates": [[[55.1338575, 25.0769317], [55.1338632, 25.0768436], [55.1339579, 25.0768486], [55.1339785, 25.0765307], [55.1341966, 25.0765423], [55.1341755, 25.076868], [55.134289, 25.076874], [55.1342838, 25.0769543], [55.1338575, 25.0769317]]]}}, {"type": "Feature", "properties": {"status": "existing", "bHeight": 139.4, "name": "Bahar 2", "levels": "34"}, "geometry": {"type": "Polygon", "coordinates": [[[55.1347734, 25.0776283], [55.1347551, 25.0774128], [55.135061, 25.0773915], [55.1350793, 25.077607], [55.1347734, 25.0776283]]]}}, {"type": "Feature", "properties": {"status": "existing", "bHeight": 160.9, "name": "Delta Hotels by Marriot Jumeirah Beach", "levels": "48"}, "geometry": {"type": "Polygon", "coordinates": [[[55.1357654, 25.0779], [55.135711, 25.0774355], [55.1360089, 25.077407], [55.1360631, 25.0778715], [55.1357654, 25.0779]]]}}, {"type": "Feature", "properties": {"status": "existing", "bHeight": 120.0, "name": "Bayside Residence", "levels": "24"}, "geometry": {"type": "Polygon", "coordinates": [[[55.1447359, 25.0815452], [55.1447484, 25.0814653], [55.14481, 25.0813896], [55.14489, 25.0813029], [55.144975, 25.081246], [55.1450169, 25.0812228], [55.1450817, 25.0811967], [55.1451864, 25.0812969], [55.1451505, 25.0813582], [55.1451017, 25.0814218], [55.1450461, 25.0814713], [55.1449806, 25.0815173], [55.1449024, 25.0815675], [55.1448037, 25.0816115], [55.1447359, 25.0815452]]]}}, {"type": "Feature", "properties": {"status": "existing", "bHeight": 155.8, "name": "Sadaf 1 & 2", "levels": "42"}, "geometry": {"type": "Polygon", "coordinates": [[[55.1382607, 25.0802536], [55.1385324, 25.0804363], [55.1383924, 25.0806091], [55.1381176, 25.0804168], [55.1381409, 25.0803722], [55.1380919, 25.0803417], [55.1380398, 25.0803375], [55.1380359, 25.0804022], [55.1376914, 25.0804352], [55.1376695, 25.080211], [55.1380248, 25.0801798], [55.1381325, 25.0801887], [55.1382607, 25.0802536]]]}}, {"type": "Feature", "properties": {"status": "existing", "bHeight": 188.6, "name": "Sadaf 6 & 7", "levels": "50"}, "geometry": {"type": "Polygon", "coordinates": [[[55.1380847, 25.0814396], [55.1380295, 25.0814093], [55.1377285, 25.081244], [55.1378716, 25.0810497], [55.1382185, 25.0812398], [55.1385722, 25.0811574], [55.1386421, 25.0813829], [55.1382886, 25.0814652], [55.1380847, 25.0814396]]]}}, {"type": "Feature", "properties": {"status": "existing", "bHeight": 10.2, "name": "The Royal Oceanic", "levels": "3"}, "geometry": {"type": "Polygon", "coordinates": [[[55.1419047, 25.0846247], [55.1417619, 25.0844774], [55.1415792, 25.0842888], [55.1414717, 25.0841779], [55.1417791, 25.0839336], [55.1418866, 25.0840445], [55.1420693, 25.0842331], [55.1422121, 25.0843805], [55.1419047, 25.0846247]]]}}, {"type": "Feature", "properties": {"status": "existing", "bHeight": 6.4, "name": "", "levels": "2"}, "geometry": {"type": "Polygon", "coordinates": [[[55.1410542, 25.0855286], [55.1410796, 25.0855559], [55.1410977, 25.0855407], [55.1411586, 25.0856111], [55.1411365, 25.0856263], [55.1411717, 25.0856681], [55.1415762, 25.0861233], [55.141712, 25.0862792], [55.1414293, 25.0864811], [55.1413161, 25.0864258], [55.1412534, 25.0863538], [55.1411627, 25.0864302], [55.1410937, 25.0863583], [55.141066, 25.0863009], [55.1410663, 25.0862592], [55.1410863, 25.0862139], [55.1411142, 25.0861727], [55.141068, 25.0861718], [55.141036, 25.0861568], [55.140824, 25.085911], [55.1408963, 25.0858578], [55.1407881, 25.0857328], [55.1410542, 25.0855286]]]}}, {"type": "Feature", "properties": {"status": "existing", "bHeight": 12.0, "name": "", "levels": ""}, "geometry": {"type": "Polygon", "coordinates": [[[55.1415559, 25.0772451], [55.1417701, 25.0774654], [55.1418774, 25.0774606], [55.1421631, 25.0771962], [55.1421765, 25.0771421], [55.141948, 25.0769254], [55.1417053, 25.0771117], [55.1415559, 25.0772451]]]}}, {"type": "Feature", "properties": {"status": "existing", "bHeight": 47.6, "name": "Al Fattan Business Centre", "levels": "14"}, "geometry": {"type": "Polygon", "coordinates": [[[55.1364664, 25.0789591], [55.136936, 25.0794525], [55.1370862, 25.0794768], [55.1372167, 25.0793991], [55.1367561, 25.0789542], [55.1366005, 25.0789008], [55.1364664, 25.0789591]]]}}, {"type": "Feature", "properties": {"status": "existing", "bHeight": 123.0, "name": "دبي مارينا مول", "levels": "36"}, "geometry": {"type": "Polygon", "coordinates": [[[55.1398366, 25.077749], [55.1399889, 25.0776395], [55.1400061, 25.0776271], [55.1403675, 25.0773672], [55.140413, 25.0774361], [55.1404443, 25.0774274], [55.1405137, 25.0774081], [55.1405712, 25.0773994], [55.1406469, 25.0773973], [55.1407223, 25.0774068], [55.1407809, 25.0774229], [55.1408417, 25.0774463], [55.1409737, 25.0773541], [55.1410363, 25.0772889], [55.1409272, 25.0772406], [55.1409424, 25.0771938], [55.1409518, 25.077165], [55.1410297, 25.0770869], [55.1411122, 25.0769302], [55.1411316, 25.0768488], [55.141128, 25.0765666], [55.1411218, 25.0762358], [55.1410328, 25.0760643], [55.140941, 25.0758798], [55.1408118, 25.0757176], [55.1406756, 25.0755563], [55.1403591, 25.0755709], [55.1394633, 25.076086], [55.1394248, 25.0761944], [55.1392986, 25.0764653], [55.1392912, 25.0765181], [55.1393187, 25.0767057], [55.1393882, 25.0769314], [55.1395189, 25.0771403], [55.139599, 25.0772367], [55.1397624, 25.0773176], [55.140096, 25.077364], [55.1398671, 25.0775286], [55.1398476, 25.0775427], [55.1397299, 25.0776273], [55.1398366, 25.077749]]]}}, {"type": "Feature", "properties": {"status": "existing", "bHeight": 114.8, "name": "The Delphine", "levels": "25"}, "geometry": {"type": "Polygon", "coordinates": [[[55.1327995, 25.0738324], [55.1330472, 25.0737988], [55.1330041, 25.0735381], [55.1327564, 25.0735716], [55.1327995, 25.0738324]]]}}, {"type": "Feature", "properties": {"status": "existing", "bHeight": 94.3, "name": "The Aurora", "levels": "29"}, "geometry": {"type": "Polygon", "coordinates": [[[55.1332025, 25.0744924], [55.1333974, 25.0743795], [55.1332618, 25.074205], [55.1330736, 25.0743179], [55.1332025, 25.0744924]]]}}, {"type": "Feature", "properties": {"status": "existing", "bHeight": 147.6, "name": "The Shemara", "levels": "33"}, "geometry": {"type": "Polygon", "coordinates": [[[55.1326174, 25.0743877], [55.1328628, 25.0743144], [55.1327839, 25.0740977], [55.1325346, 25.0741722], [55.1326174, 25.0743877]]]}}, {"type": "Feature", "properties": {"status": "existing", "bHeight": 98.4, "name": "The Beauport", "levels": "26"}, "geometry": {"type": "Polygon", "coordinates": [[[55.1334918, 25.0748401], [55.1336345, 25.0749379], [55.1337914, 25.0747787], [55.1336894, 25.0746983], [55.1336084, 25.074727], [55.1335351, 25.0747765], [55.1334918, 25.0748401]]]}}, {"type": "Feature", "properties": {"status": "existing", "bHeight": 143.5, "name": "The Attessa", "levels": "32"}, "geometry": {"type": "Polygon", "coordinates": [[[55.1335883, 25.0754484], [55.1337954, 25.0755475], [55.1339186, 25.0753365], [55.1337115, 25.0752373], [55.1335883, 25.0754484]]]}}, {"type": "Feature", "properties": {"status": "existing", "bHeight": 159.9, "name": "The Paloma", "levels": "40"}, "geometry": {"type": "Polygon", "coordinates": [[[55.1342324, 25.0752887], [55.1345303, 25.0753959], [55.1346111, 25.0752116], [55.1343131, 25.0751045], [55.1342324, 25.0752887]]]}}, {"type": "Feature", "properties": {"status": "existing", "bHeight": 17.0, "name": "Botanica Tower", "levels": "5"}, "geometry": {"type": "Polygon", "coordinates": [[[55.1421275, 25.084883], [55.1426586, 25.0849885], [55.1426186, 25.0850691], [55.1425349, 25.0855363], [55.142448, 25.0855969], [55.1419468, 25.0850218], [55.1421275, 25.084883]]]}}, {"type": "Feature", "properties": {"status": "existing", "bHeight": 10.2, "name": "Al Habtoor Business Tower", "levels": "3"}, "geometry": {"type": "Polygon", "coordinates": [[[55.1420848, 25.0858969], [55.1423956, 25.085667], [55.1418905, 25.0851068], [55.1415796, 25.0853368], [55.1420848, 25.0858969]]]}}, {"type": "Feature", "properties": {"status": "existing", "bHeight": 10.2, "name": "Grosvenor House", "levels": "3"}, "geometry": {"type": "Polygon", "coordinates": [[[55.1438081, 25.0863889], [55.1434411, 25.0866794], [55.1431529, 25.0863806], [55.1431264, 25.086351], [55.1431055, 25.0863256], [55.1430093, 25.0861996], [55.1429558, 25.0857154], [55.1430706, 25.0856245], [55.1438081, 25.0863889]]]}}, {"type": "Feature", "properties": {"status": "existing", "bHeight": 155.0, "name": "Intercontinental Tower", "levels": "40"}, "geometry": {"type": "Polygon", "coordinates": [[[55.1381389, 25.0789188], [55.1382789, 25.0790681], [55.1379948, 25.0792868], [55.1378548, 25.0791376], [55.1381389, 25.0789188]]]}}, {"type": "Feature", "properties": {"status": "existing", "bHeight": 12.0, "name": "", "levels": ""}, "geometry": {"type": "Polygon", "coordinates": [[[55.133211, 25.0787851], [55.132788, 25.0783525], [55.132972, 25.078208], [55.1331352, 25.0780889], [55.1336496, 25.0780068], [55.1337864, 25.0781343], [55.1334976, 25.078362], [55.1336091, 25.078489], [55.133211, 25.0787851]]]}}, {"type": "Feature", "properties": {"status": "existing", "bHeight": 12.0, "name": "Ad Ventura Marketing Services Private Limited", "levels": ""}, "geometry": {"type": "Polygon", "coordinates": [[[55.1347701, 25.0778584], [55.134829, 25.0777965], [55.1349734, 25.0778565], [55.1348168, 25.0779118], [55.1347701, 25.0778584]]]}}, {"type": "Feature", "properties": {"status": "existing", "bHeight": 10.2, "name": "Ariyana Tower", "levels": "3"}, "geometry": {"type": "Polygon", "coordinates": [[[55.1481529, 25.0829182], [55.1483681, 25.0827426], [55.1482843, 25.0826585], [55.1483261, 25.0826244], [55.1482517, 25.0825498], [55.1480678, 25.0823653], [55.1479166, 25.0824889], [55.1480994, 25.0826722], [55.147935, 25.0828066], [55.1480172, 25.0828891], [55.1480333, 25.0828759], [55.1480529, 25.0828923], [55.1480754, 25.082905], [55.1481002, 25.0829138], [55.1481263, 25.0829182], [55.1481529, 25.0829182]]]}}, {"type": "Feature", "properties": {"status": "existing", "bHeight": 6.4, "name": "", "levels": "2"}, "geometry": {"type": "Polygon", "coordinates": [[[55.1442809, 25.0793987], [55.144157, 25.0792687], [55.1441207, 25.0792971], [55.1440775, 25.0792517], [55.14425, 25.0791168], [55.1443283, 25.0791989], [55.1442953, 25.0792248], [55.1443097, 25.0792399], [55.1443218, 25.0792526], [55.1443611, 25.0792218], [55.1444233, 25.0792882], [55.1442809, 25.0793987]]]}}, {"type": "Feature", "properties": {"status": "existing", "bHeight": 12.0, "name": "", "levels": ""}, "geometry": {"type": "Polygon", "coordinates": [[[55.1431353, 25.0785251], [55.1433437, 25.0787273], [55.14356, 25.0785443], [55.1433516, 25.0783422], [55.1431353, 25.0785251]]]}}, {"type": "Feature", "properties": {"status": "existing", "bHeight": 12.0, "name": "", "levels": ""}, "geometry": {"type": "Polygon", "coordinates": [[[55.142477, 25.0788474], [55.1425085, 25.0788479], [55.1425414, 25.0788577], [55.1427004, 25.0789877], [55.1428191, 25.0791], [55.1420746, 25.0796227], [55.141758, 25.079845], [55.1417466, 25.079858], [55.1415672, 25.0796899], [55.1417349, 25.0795589], [55.1416661, 25.0794944], [55.1416577, 25.0794865], [55.142477, 25.0788474]]]}}, {"type": "Feature", "properties": {"status": "existing", "bHeight": 12.0, "name": "Marina Hotel Appartments", "levels": ""}, "geometry": {"type": "Polygon", "coordinates": [[[55.1458105, 25.0818195], [55.1456826, 25.0816882], [55.145641, 25.0816455], [55.1455837, 25.0816912], [55.14555, 25.0816566], [55.145129, 25.0819931], [55.1454323, 25.0823043], [55.1454455, 25.0823131], [55.1454582, 25.0823193], [55.145476, 25.0823239], [55.1455023, 25.0823261], [55.1455315, 25.0823252], [55.145561, 25.0823175], [55.1455841, 25.0823049], [55.1461063, 25.0818819], [55.1459701, 25.081742], [55.1458379, 25.0818476], [55.1458105, 25.0818195]]]}}, {"type": "Feature", "properties": {"status": "existing", "bHeight": 12.0, "name": "", "levels": ""}, "geometry": {"type": "Polygon", "coordinates": [[[55.1463689, 25.0812593], [55.1464436, 25.0813355], [55.1464107, 25.0813614], [55.1465379, 25.081494], [55.1466901, 25.0813743], [55.1465721, 25.0812513], [55.1465004, 25.0813077], [55.1464164, 25.0812219], [55.1463689, 25.0812593]]]}}, {"type": "Feature", "properties": {"status": "existing", "bHeight": 183.0, "name": "Marina Terrace", "levels": "38"}, "geometry": {"type": "Polygon", "coordinates": [[[55.1446904, 25.0847213], [55.1447571, 25.0847165], [55.1448187, 25.0846928], [55.1448689, 25.0846527], [55.1449026, 25.0846003], [55.1449162, 25.0845409], [55.1449085, 25.0844807], [55.1448802, 25.0844258], [55.1448341, 25.0843818], [55.1447716, 25.0843521], [55.1447017, 25.084343], [55.1446254, 25.0847068], [55.1446904, 25.0847213]]]}}, {"type": "Feature", "properties": {"status": "existing", "bHeight": 145.0, "name": "Marina Tower", "levels": "33"}, "geometry": {"type": "Polygon", "coordinates": [[[55.1447981, 25.0840864], [55.1447312, 25.0838845], [55.1450794, 25.0837898], [55.1451463, 25.0839916], [55.1447981, 25.0840864]]]}}, {"type": "Feature", "properties": {"status": "existing", "bHeight": 13.6, "name": "Iris Blue", "levels": "4"}, "geometry": {"type": "Polygon", "coordinates": [[[55.1448468, 25.085663], [55.1451032, 25.085455], [55.1449444, 25.0849178], [55.1448487, 25.0848861], [55.1444213, 25.0852329], [55.1448468, 25.085663]]]}}, {"type": "Feature", "properties": {"status": "existing", "bHeight": 143.5, "name": "Fairfield Tower", "levels": "35"}, "geometry": {"type": "Polygon", "coordinates": [[[55.1419775, 25.0817965], [55.1419078, 25.0817771], [55.1418935, 25.0817049], [55.1419133, 25.0816268], [55.1419384, 25.0815487], [55.1420173, 25.0814491], [55.1420799, 25.0814637], [55.1421012, 25.0815977], [55.1420501, 25.0817414], [55.1419775, 25.0817965]]]}}, {"type": "Feature", "properties": {"status": "existing", "bHeight": 115.0, "name": "Blakely Tower", "levels": "31"}, "geometry": {"type": "Polygon", "coordinates": [[[55.1421151, 25.0826904], [55.1420347, 25.0826103], [55.1420454, 25.082569], [55.1420293, 25.0825349], [55.1420991, 25.0825131], [55.1421688, 25.0824791], [55.1422263, 25.0824303], [55.1422466, 25.0824499], [55.1422653, 25.0824353], [55.1423324, 25.0825034], [55.1423083, 25.0825252], [55.1423458, 25.082552], [55.1422868, 25.0825787], [55.1422224, 25.0826394], [55.1421876, 25.0826977], [55.14215, 25.0826783], [55.1421151, 25.0826904]]]}}, {"type": "Feature", "properties": {"status": "existing", "bHeight": 114.7, "name": "Sanibel Tower", "levels": "31"}, "geometry": {"type": "Polygon", "coordinates": [[[55.1413287, 25.0818287], [55.1413453, 25.0818135], [55.1413775, 25.0818377], [55.1414258, 25.0817697], [55.1414821, 25.0817163], [55.1415438, 25.0816896], [55.1415009, 25.0816483], [55.141517, 25.0816191], [55.1414634, 25.0815705], [55.1414339, 25.08159], [55.1414124, 25.0815559], [55.1413453, 25.0816143], [55.1412863, 25.0816531], [55.1412139, 25.081675], [55.1412407, 25.0817066], [55.1412273, 25.0817284], [55.1413287, 25.0818287]]]}}, {"type": "Feature", "properties": {"status": "existing", "bHeight": 143.5, "name": "Bonaire Tower", "levels": "35"}, "geometry": {"type": "Polygon", "coordinates": [[[55.1421742, 25.0821317], [55.1423029, 25.0821608], [55.1423968, 25.0821511], [55.1425228, 25.0820928], [55.1425148, 25.0820321], [55.1423995, 25.0820029], [55.1422868, 25.0820127], [55.1421581, 25.0820855], [55.1421742, 25.0821317]]]}}, {"type": "Feature", "properties": {"status": "existing", "bHeight": 12.0, "name": "", "levels": ""}, "geometry": {"type": "Polygon", "coordinates": [[[55.1413386, 25.0819507], [55.141399, 25.0818985], [55.1414862, 25.0819495], [55.1415519, 25.0820151], [55.141623, 25.0821013], [55.1416538, 25.0821766], [55.1415774, 25.0822191], [55.1413386, 25.0819507]]]}}, {"type": "Feature", "properties": {"status": "existing", "bHeight": 12.0, "name": "", "levels": ""}, "geometry": {"type": "Polygon", "coordinates": [[[55.141694, 25.0823503], [55.1417705, 25.0822847], [55.1418429, 25.0823321], [55.1419287, 25.0824098], [55.1419891, 25.0825009], [55.1418912, 25.0825592], [55.141694, 25.0823503]]]}}, {"type": "Feature", "properties": {"status": "existing", "bHeight": 110.7, "name": "The Waves 1", "levels": "24"}, "geometry": {"type": "Polygon", "coordinates": [[[55.1341112, 25.0708841], [55.1341688, 25.0708629], [55.1342302, 25.0708576], [55.1342986, 25.0708561], [55.1343654, 25.0708566], [55.1344317, 25.070851], [55.1344934, 25.0708358], [55.1345488, 25.0707965], [55.1346062, 25.0707106], [55.1345964, 25.070691], [55.1346044, 25.0706564], [55.1345592, 25.0706858], [55.1345105, 25.0707032], [55.1344536, 25.0707039], [55.1343763, 25.0707097], [55.1343279, 25.0707121], [55.1342589, 25.0707308], [55.134176, 25.0707705], [55.1341307, 25.0708088], [55.1341144, 25.0708467], [55.1341112, 25.0708841]]]}}, {"type": "Feature", "properties": {"status": "existing", "bHeight": 41.0, "name": "", "levels": "12"}, "geometry": {"type": "Polygon", "coordinates": [[[55.1336749, 25.0714717], [55.1337122, 25.0715188], [55.1337789, 25.0715275], [55.1338576, 25.0714999], [55.133918, 25.0714542], [55.1340313, 25.0713541], [55.1341281, 25.0712689], [55.1342546, 25.0711673], [55.1342439, 25.0710916], [55.1342002, 25.0711002], [55.1341512, 25.0710934], [55.1340933, 25.071087], [55.1340653, 25.0710575], [55.1338834, 25.070866], [55.1335583, 25.0711158], [55.1335627, 25.0712385], [55.1336869, 25.0712752], [55.1337199, 25.0713234], [55.1336916, 25.0713655], [55.1336586, 25.0714304], [55.1336749, 25.0714717]]]}}, {"type": "Feature", "properties": {"status": "existing", "bHeight": 131.2, "name": "West Avenue Tower", "levels": "39"}, "geometry": {"type": "Polygon", "coordinates": [[[55.1387982, 25.0746461], [55.139013, 25.0744599], [55.139333, 25.0741669], [55.139107, 25.0739181], [55.1387596, 25.0741934], [55.138534, 25.0743712], [55.1387982, 25.0746461]]]}}, {"type": "Feature", "properties": {"status": "existing", "bHeight": 12.0, "name": "", "levels": ""}, "geometry": {"type": "Polygon", "coordinates": [[[55.1331158, 25.0751695], [55.1332342, 25.0750462], [55.1333864, 25.0751661], [55.133268, 25.0752894], [55.1331158, 25.0751695]]]}}, {"type": "Feature", "properties": {"status": "existing", "bHeight": 12.0, "name": "", "levels": ""}, "geometry": {"type": "Polygon", "coordinates": [[[55.1327134, 25.0746979], [55.1327805, 25.0748073], [55.1328261, 25.0748631], [55.1329682, 25.0747757], [55.1328556, 25.0746129], [55.1327134, 25.0746979]]]}}, {"type": "Feature", "properties": {"status": "existing", "bHeight": 3.2, "name": "Marina Promenade Guard House", "levels": "1"}, "geometry": {"type": "Polygon", "coordinates": [[[55.1329387, 25.0749798], [55.1330433, 25.0750891], [55.1330755, 25.0750648], [55.1329736, 25.0749506], [55.1329387, 25.0749798]]]}}, {"type": "Feature", "properties": {"status": "existing", "bHeight": 12.0, "name": "", "levels": ""}, "geometry": {"type": "Polygon", "coordinates": [[[55.1324184, 25.0739181], [55.1324076, 25.0738088], [55.1326651, 25.0736776], [55.1327, 25.0737626], [55.1326598, 25.0737723], [55.1326759, 25.0737966], [55.1326356, 25.0738258], [55.1326195, 25.0737893], [55.1325847, 25.0738063], [55.1326034, 25.0738452], [55.1325713, 25.0738622], [55.1325444, 25.0738306], [55.1325069, 25.0738404], [55.1325176, 25.0738792], [55.1324184, 25.0739181]]]}}, {"type": "Feature", "properties": {"status": "existing", "bHeight": 12.0, "name": "", "levels": ""}, "geometry": {"type": "Polygon", "coordinates": [[[55.1329468, 25.073923], [55.1331157, 25.0738598], [55.1332364, 25.0741732], [55.1331788, 25.0741914], [55.1330621, 25.0742242], [55.1329468, 25.073923]]]}}, {"type": "Feature", "properties": {"status": "existing", "bHeight": 12.0, "name": "", "levels": ""}, "geometry": {"type": "Polygon", "coordinates": [[[55.1328341, 25.0745449], [55.1329494, 25.0747028], [55.1331667, 25.0745716], [55.133046, 25.0744137], [55.1328341, 25.0745449]]]}}, {"type": "Feature", "properties": {"status": "existing", "bHeight": 12.0, "name": "", "levels": ""}, "geometry": {"type": "Polygon", "coordinates": [[[55.1333115, 25.0750818], [55.1334725, 25.0752203], [55.1336388, 25.0750162], [55.1334886, 25.0748923], [55.1333115, 25.0750818]]]}}, {"type": "Feature", "properties": {"status": "existing", "bHeight": 12.0, "name": "", "levels": ""}, "geometry": {"type": "Polygon", "coordinates": [[[55.1337539, 25.0749523], [55.1340854, 25.0751328], [55.1341771, 25.0749946], [55.1338457, 25.0748141], [55.1337539, 25.0749523]]]}}, {"type": "Feature", "properties": {"status": "existing", "bHeight": 90.2, "name": "", "levels": "22"}, "geometry": {"type": "Polygon", "coordinates": [[[55.1438753, 25.0788163], [55.1436822, 25.0786376], [55.1434815, 25.0788156], [55.1436088, 25.0789334], [55.1436746, 25.0789943], [55.1438753, 25.0788163]]]}}, {"type": "Feature", "properties": {"status": "existing", "bHeight": 12.0, "name": "Medcare Medical Centre", "levels": ""}, "geometry": {"type": "Polygon", "coordinates": [[[55.1434493, 25.0790749], [55.1435272, 25.0790059], [55.1436088, 25.0789334], [55.1434816, 25.0788158], [55.143322, 25.0789573], [55.1434493, 25.0790749]]]}}, {"type": "Feature", "properties": {"status": "existing", "bHeight": 12.0, "name": "", "levels": ""}, "geometry": {"type": "Polygon", "coordinates": [[[55.1479086, 25.0837144], [55.147909, 25.0836585], [55.1479262, 25.0836586], [55.1479263, 25.0836422], [55.1478929, 25.083642], [55.1478931, 25.0836242], [55.1478932, 25.0836061], [55.1479108, 25.0836062], [55.1479652, 25.0836065], [55.1479651, 25.0836325], [55.1480541, 25.0836329], [55.1480539, 25.0836633], [55.1480782, 25.0836634], [55.148078, 25.0836926], [55.1480557, 25.0836925], [55.1480556, 25.0837138], [55.1480621, 25.0837138], [55.1480619, 25.0837456], [55.1480878, 25.0837457], [55.1480872, 25.0838509], [55.1480669, 25.0838508], [55.1480666, 25.0838984], [55.1480813, 25.0838985], [55.148081, 25.0839358], [55.1480601, 25.0839357], [55.1480599, 25.0839626], [55.1480135, 25.0839624], [55.148013, 25.0840404], [55.1478664, 25.0840397], [55.1478667, 25.0839854], [55.147883, 25.0839854], [55.1478832, 25.0839537], [55.1479198, 25.0839539], [55.1479199, 25.083927], [55.1479041, 25.0839269], [55.1479045, 25.0838686], [55.1479771, 25.083869], [55.1479773, 25.083848], [55.1479101, 25.0838477], [55.1479108, 25.0837409], [55.1479308, 25.083741], [55.147931, 25.0837145], [55.1479086, 25.0837144]]]}}, {"type": "Feature", "properties": {"status": "existing", "bHeight": 95.0, "name": "Dolce Vita", "levels": "25"}, "geometry": {"type": "Polygon", "coordinates": [[[55.1418465, 25.0785557], [55.1417034, 25.078414], [55.1413966, 25.0786682], [55.1415397, 25.0788099], [55.1418465, 25.0785557]]]}}, {"type": "Feature", "properties": {"status": "existing", "bHeight": 12.0, "name": "", "levels": ""}, "geometry": {"type": "Polygon", "coordinates": [[[55.1428736, 25.0831667], [55.1427272, 25.0831409], [55.1427313, 25.0831188], [55.1426154, 25.0830949], [55.1426113, 25.0831096], [55.1424833, 25.083082], [55.1424894, 25.083047], [55.1424368, 25.0830379], [55.1424691, 25.0829034], [55.1423796, 25.0828721], [55.1424243, 25.0827801], [55.1424894, 25.0827985], [55.1426988, 25.0828464], [55.1427557, 25.0828703], [55.1428146, 25.0828795], [55.1428471, 25.0828777], [55.1428959, 25.0828648], [55.1429468, 25.0828721], [55.1429772, 25.0828869], [55.1428736, 25.0831667]]]}}, {"type": "Feature", "properties": {"status": "existing", "bHeight": 12.0, "name": "", "levels": ""}, "geometry": {"type": "Polygon", "coordinates": [[[55.1409866, 25.082834], [55.1412467, 25.0826081], [55.1414318, 25.0828], [55.141169, 25.0830137], [55.1409866, 25.082834]]]}}, {"type": "Feature", "properties": {"status": "existing", "bHeight": 12.0, "name": "", "levels": ""}, "geometry": {"type": "Polygon", "coordinates": [[[55.1413674, 25.0832081], [55.1412816, 25.0831231], [55.1413245, 25.0830793], [55.1412816, 25.0830405], [55.1414318, 25.082902], [55.1415659, 25.0830405], [55.1413674, 25.0832081]]]}}, {"type": "Feature", "properties": {"status": "existing", "bHeight": 12.0, "name": "", "levels": ""}, "geometry": {"type": "Polygon", "coordinates": [[[55.1358869, 25.0782925], [55.1358694, 25.0781503], [55.1358505, 25.0779967], [55.1361744, 25.077964], [55.1361982, 25.0781577], [55.1362916, 25.0781483], [55.1363412, 25.0782467], [55.1362732, 25.0782535], [55.1358869, 25.0782925]]]}}, {"type": "Feature", "properties": {"status": "existing", "bHeight": 122.0, "name": "Silverene Tower B", "levels": "27"}, "geometry": {"type": "Polygon", "coordinates": [[[55.1383955, 25.0752077], [55.1386148, 25.0752488], [55.1385392, 25.0755788], [55.13832, 25.0755376], [55.1383955, 25.0752077]]]}}, {"type": "Feature", "properties": {"status": "existing", "bHeight": 12.0, "name": "دبي مارينا", "levels": ""}, "geometry": {"type": "Polygon", "coordinates": [[[55.1380351, 25.0756705], [55.1380408, 25.0756501], [55.1380845, 25.0756601], [55.1380788, 25.0756805], [55.1380351, 25.0756705]]]}}, {"type": "Feature", "properties": {"status": "existing", "bHeight": 3.2, "name": "Marina Promenade (Water Bus)", "levels": "1"}, "geometry": {"type": "Polygon", "coordinates": [[[55.1348643, 25.0751738], [55.1348704, 25.0751546], [55.1348978, 25.0751618], [55.1348917, 25.0751809], [55.1348643, 25.0751738]]]}}, {"type": "Feature", "properties": {"status": "existing", "bHeight": 3.2, "name": "Marina Mall (Water Bus)", "levels": "1"}, "geometry": {"type": "Polygon", "coordinates": [[[55.1400431, 25.0776225], [55.1400548, 25.0776147], [55.1400644, 25.0776265], [55.1400527, 25.0776343], [55.1400431, 25.0776225]]]}}, {"type": "Feature", "properties": {"status": "existing", "bHeight": 3.2, "name": "Marina Walk (Water Bus)", "levels": "1"}, "geometry": {"type": "Polygon", "coordinates": [[[55.1477332, 25.0852839], [55.1477455, 25.0852752], [55.1477527, 25.0852835], [55.1477404, 25.0852922], [55.1477332, 25.0852839]]]}}, {"type": "Feature", "properties": {"status": "existing", "bHeight": 3.2, "name": "Marina Terrace (Water Bus)", "levels": "1"}, "geometry": {"type": "Polygon", "coordinates": [[[55.145304, 25.0853315], [55.1453116, 25.0853206], [55.1453321, 25.0853323], [55.1453246, 25.0853431], [55.145304, 25.0853315]]]}}, {"type": "Feature", "properties": {"status": "existing", "bHeight": 142.8, "name": "Al Dar Tower", "levels": "42"}, "geometry": {"type": "Polygon", "coordinates": [[[55.1420514, 25.0838136], [55.141922, 25.0836866], [55.1422565, 25.083407], [55.1423859, 25.0835341], [55.1420514, 25.0838136]]]}}, {"type": "Feature", "properties": {"status": "existing", "bHeight": 12.0, "name": "Reem Al Bawadi (Dubai Marina Walk Branch)", "levels": ""}, "geometry": {"type": "Polygon", "coordinates": [[[55.1474835, 25.0856161], [55.1474746, 25.0855174], [55.1475486, 25.0854447], [55.1475453, 25.0854069], [55.1476505, 25.0853992], [55.1476538, 25.0854362], [55.1476931, 25.0854675], [55.1477319, 25.0854985], [55.1477408, 25.0855972], [55.1476746, 25.0856677], [55.1476779, 25.0857046], [55.1475726, 25.0857123], [55.1475692, 25.0856748], [55.1474835, 25.0856161]]]}}, {"type": "Feature", "properties": {"status": "existing", "bHeight": 12.0, "name": "", "levels": ""}, "geometry": {"type": "Polygon", "coordinates": [[[55.1494684, 25.0839379], [55.1494249, 25.0838649], [55.1495444, 25.0838055], [55.149572, 25.0838509], [55.1495583, 25.0838577], [55.1495754, 25.0838859], [55.1494684, 25.0839379]]]}}, {"type": "Feature", "properties": {"status": "existing", "bHeight": 12.0, "name": "", "levels": ""}, "geometry": {"type": "Polygon", "coordinates": [[[55.1496189, 25.0839588], [55.149511, 25.084009], [55.1494684, 25.0839379], [55.1495754, 25.0838859], [55.1495929, 25.0838773], [55.1496189, 25.0839211], [55.1496034, 25.0839286], [55.1496189, 25.0839588]]]}}, {"type": "Feature", "properties": {"status": "existing", "bHeight": 12.0, "name": "", "levels": ""}, "geometry": {"type": "Polygon", "coordinates": [[[55.1496722, 25.084024], [55.1495521, 25.0840815], [55.149511, 25.084009], [55.1496189, 25.0839588], [55.1496354, 25.0839879], [55.1496482, 25.083982], [55.1496722, 25.084024]]]}}, {"type": "Feature", "properties": {"status": "existing", "bHeight": 12.0, "name": "", "levels": ""}, "geometry": {"type": "Polygon", "coordinates": [[[55.1495845, 25.0841604], [55.1495425, 25.0840861], [55.1495521, 25.0840815], [55.1496722, 25.084024], [55.1496982, 25.0840685], [55.1496758, 25.0840792], [55.1496927, 25.0841081], [55.1495845, 25.0841604]]]}}, {"type": "Feature", "properties": {"status": "existing", "bHeight": 12.0, "name": "", "levels": ""}, "geometry": {"type": "Polygon", "coordinates": [[[55.1497321, 25.0841789], [55.1496257, 25.0842303], [55.1495845, 25.0841604], [55.1496927, 25.0841081], [55.1497063, 25.0841015], [55.1497317, 25.0841445], [55.1497157, 25.0841522], [55.1497321, 25.0841789]]]}}, {"type": "Feature", "properties": {"status": "existing", "bHeight": 12.0, "name": "", "levels": ""}, "geometry": {"type": "Polygon", "coordinates": [[[55.1497603, 25.0842598], [55.1496593, 25.0843127], [55.1496141, 25.0842359], [55.1496257, 25.0842303], [55.1497321, 25.0841789], [55.1497587, 25.0842241], [55.1497421, 25.0842321], [55.1497603, 25.0842598]]]}}, {"type": "Feature", "properties": {"status": "existing", "bHeight": 12.0, "name": "", "levels": ""}, "geometry": {"type": "Polygon", "coordinates": [[[55.1497906, 25.0843378], [55.1496844, 25.0843884], [55.1496418, 25.0843218], [55.1496593, 25.0843127], [55.1497603, 25.0842598], [55.149787, 25.0843017], [55.1497765, 25.0843072], [55.1497906, 25.0843378]]]}}, {"type": "Feature", "properties": {"status": "existing", "bHeight": 12.0, "name": "", "levels": ""}, "geometry": {"type": "Polygon", "coordinates": [[[55.1498046, 25.0844238], [55.1497, 25.0844736], [55.1496578, 25.0844011], [55.1496844, 25.0843884], [55.1497906, 25.0843378], [55.1498079, 25.0843675], [55.1498209, 25.0843613], [55.1498457, 25.0844042], [55.1498046, 25.0844238]]]}}, {"type": "Feature", "properties": {"status": "existing", "bHeight": 12.0, "name": "", "levels": ""}, "geometry": {"type": "Polygon", "coordinates": [[[55.149828, 25.0844983], [55.149722, 25.0845485], [55.1496826, 25.0844831], [55.1497, 25.0844736], [55.1498046, 25.0844238], [55.1498276, 25.0844621], [55.1498113, 25.0844701], [55.149828, 25.0844983]]]}}, {"type": "Feature", "properties": {"status": "existing", "bHeight": 12.0, "name": "", "levels": ""}, "geometry": {"type": "Polygon", "coordinates": [[[55.1497429, 25.0846359], [55.1496988, 25.0845595], [55.149722, 25.0845485], [55.149828, 25.0844983], [55.1498529, 25.0845414], [55.1498287, 25.0845529], [55.149848, 25.0845863], [55.1498244, 25.0845975], [55.1497429, 25.0846359]]]}}, {"type": "Feature", "properties": {"status": "existing", "bHeight": 12.0, "name": "", "levels": ""}, "geometry": {"type": "Polygon", "coordinates": [[[55.1497579, 25.0847241], [55.1498825, 25.0846653], [55.1498554, 25.0846183], [55.1498405, 25.0846253], [55.1498244, 25.0845975], [55.1497429, 25.0846359], [55.1497148, 25.0846492], [55.1497579, 25.0847241]]]}}, {"type": "Feature", "properties": {"status": "existing", "bHeight": 12.0, "name": "", "levels": ""}, "geometry": {"type": "Polygon", "coordinates": [[[55.1492294, 25.0833788], [55.1491201, 25.0834416], [55.1490717, 25.0833724], [55.149181, 25.0833096], [55.1492294, 25.0833788]]]}}, {"type": "Feature", "properties": {"status": "existing", "bHeight": 12.0, "name": "", "levels": ""}, "geometry": {"type": "Polygon", "coordinates": [[[55.1492411, 25.0835659], [55.1492296, 25.0835725], [55.149215, 25.0835516], [55.1492045, 25.0835576], [55.1491735, 25.0835133], [55.1492805, 25.0834519], [55.1493019, 25.0834396], [55.1493475, 25.0835048], [55.1492411, 25.0835659]]]}}, {"type": "Feature", "properties": {"status": "existing", "bHeight": 12.0, "name": "", "levels": ""}, "geometry": {"type": "Polygon", "coordinates": [[[55.1491619, 25.0835199], [55.1491298, 25.0834739], [55.149139, 25.0834686], [55.1491201, 25.0834416], [55.1492294, 25.0833788], [55.1492805, 25.0834519], [55.1491735, 25.0835133], [55.1491619, 25.0835199]]]}}, {"type": "Feature", "properties": {"status": "existing", "bHeight": 12.0, "name": "", "levels": ""}, "geometry": {"type": "Polygon", "coordinates": [[[55.1492929, 25.08364], [55.1494131, 25.083571], [55.1493819, 25.0835264], [55.1493682, 25.0835343], [55.1493475, 25.0835048], [55.1492411, 25.0835659], [55.1492929, 25.08364]]]}}, {"type": "Feature", "properties": {"status": "existing", "bHeight": 12.0, "name": "", "levels": ""}, "geometry": {"type": "Polygon", "coordinates": [[[55.1487033, 25.0830931], [55.1486911, 25.0830994], [55.1486468, 25.0830287], [55.1487524, 25.0829745], [55.1487699, 25.0830024], [55.1487821, 25.0829961], [55.1488088, 25.0830389], [55.1487033, 25.0830931]]]}}, {"type": "Feature", "properties": {"status": "existing", "bHeight": 12.0, "name": "", "levels": ""}, "geometry": {"type": "Polygon", "coordinates": [[[55.148785, 25.0831434], [55.1487651, 25.0831541], [55.1487507, 25.0831311], [55.1487328, 25.0831404], [55.1487033, 25.0830931], [55.1488088, 25.0830389], [55.1488369, 25.0830245], [55.1488812, 25.0830954], [55.148785, 25.0831434]]]}}, {"type": "Feature", "properties": {"status": "existing", "bHeight": 12.0, "name": "", "levels": ""}, "geometry": {"type": "Polygon", "coordinates": [[[55.1488289, 25.0832156], [55.148955, 25.0831527], [55.148926, 25.083105], [55.1489113, 25.0831123], [55.1488964, 25.0830879], [55.1488812, 25.0830954], [55.148785, 25.0831434], [55.1488289, 25.0832156]]]}}, {"type": "Feature", "properties": {"status": "existing", "bHeight": 12.0, "name": "", "levels": ""}, "geometry": {"type": "Polygon", "coordinates": [[[55.148398, 25.0845422], [55.1483524, 25.0844645], [55.1483136, 25.0844831], [55.1482988, 25.084458], [55.1483147, 25.0844503], [55.1482597, 25.0843566], [55.1482365, 25.0843677], [55.148223, 25.0843447], [55.1482457, 25.0843338], [55.1481345, 25.0841442], [55.1481215, 25.0841504], [55.1481059, 25.0841238], [55.1480872, 25.0841328], [55.1480453, 25.0840614], [55.1479906, 25.0840876], [55.1479848, 25.0840776], [55.1479224, 25.0841076], [55.1479555, 25.084164], [55.1479708, 25.0841566], [55.147986, 25.0841827], [55.1480091, 25.0841716], [55.1480242, 25.0841973], [55.1480031, 25.0842074], [55.1480345, 25.0842609], [55.1480454, 25.0842557], [55.1481257, 25.0843926], [55.1481701, 25.0843713], [55.1481819, 25.0843915], [55.1481344, 25.0844144], [55.1481641, 25.084465], [55.1481751, 25.0844597], [55.1482016, 25.084505], [55.1482538, 25.0844799], [55.1482684, 25.0845048], [55.1482382, 25.0845194], [55.1482612, 25.0845586], [55.1482748, 25.0845521], [55.1482974, 25.0845906], [55.148398, 25.0845422]]]}}, {"type": "Feature", "properties": {"status": "existing", "bHeight": 12.0, "name": "", "levels": ""}, "geometry": {"type": "Polygon", "coordinates": [[[55.1483852, 25.0860436], [55.1483311, 25.0860796], [55.1484354, 25.0862086], [55.148541, 25.0861385], [55.1484821, 25.0860657], [55.1484366, 25.0860095], [55.1483852, 25.0860436]]]}}, {"type": "Feature", "properties": {"status": "existing", "bHeight": 12.0, "name": "", "levels": ""}, "geometry": {"type": "Polygon", "coordinates": [[[55.1482358, 25.0858302], [55.1482567, 25.0858561], [55.1482111, 25.0858864], [55.1482472, 25.0859311], [55.1482795, 25.0859097], [55.1482974, 25.0859318], [55.1482488, 25.085964], [55.1482806, 25.0860033], [55.1482912, 25.0859963], [55.1483218, 25.0860341], [55.148358, 25.0860101], [55.1483852, 25.0860436], [55.1484366, 25.0860095], [55.14841, 25.0859766], [55.1484339, 25.0859608], [55.1483198, 25.0858198], [55.1483013, 25.0858321], [55.1482775, 25.0858026], [55.1482358, 25.0858302]]]}}, {"type": "Feature", "properties": {"status": "existing", "bHeight": 12.0, "name": "", "levels": ""}, "geometry": {"type": "Polygon", "coordinates": [[[55.1481646, 25.0857821], [55.1481815, 25.0858029], [55.1481692, 25.085811], [55.1482026, 25.0858523], [55.1482358, 25.0858302], [55.1482775, 25.0858026], [55.1483125, 25.0857793], [55.1482623, 25.0857172], [55.1481646, 25.0857821]]]}}, {"type": "Feature", "properties": {"status": "existing", "bHeight": 12.0, "name": "", "levels": ""}, "geometry": {"type": "Polygon", "coordinates": [[[55.1481015, 25.0857251], [55.1481342, 25.0857654], [55.1481452, 25.0857581], [55.1481646, 25.0857821], [55.1482623, 25.0857172], [55.1482103, 25.0856529], [55.1482025, 25.0856581], [55.1481015, 25.0857251]]]}}, {"type": "Feature", "properties": {"status": "existing", "bHeight": 12.0, "name": "", "levels": ""}, "geometry": {"type": "Polygon", "coordinates": [[[55.1480483, 25.0856504], [55.1480276, 25.0856641], [55.1480641, 25.0857093], [55.1480802, 25.0856986], [55.1481015, 25.0857251], [55.1482025, 25.0856581], [55.1481445, 25.0855865], [55.1480483, 25.0856504]]]}}, {"type": "Feature", "properties": {"status": "existing", "bHeight": 12.0, "name": "", "levels": ""}, "geometry": {"type": "Polygon", "coordinates": [[[55.1480483, 25.0856504], [55.1481445, 25.0855865], [55.148094, 25.085524], [55.1480592, 25.0855471], [55.1480357, 25.0855182], [55.1479881, 25.0855498], [55.1480109, 25.085578], [55.147985, 25.0855951], [55.1480188, 25.0856369], [55.1480309, 25.0856288], [55.1480483, 25.0856504]]]}}, {"type": "Feature", "properties": {"status": "existing", "bHeight": 12.0, "name": "", "levels": ""}, "geometry": {"type": "Polygon", "coordinates": [[[55.1481236, 25.0854113], [55.1480847, 25.0854881], [55.1480277, 25.0854645], [55.1480106, 25.0854982], [55.1479644, 25.0854791], [55.1479797, 25.0854487], [55.1479486, 25.0854358], [55.1479723, 25.085389], [55.1479842, 25.0853939], [55.1480011, 25.0853606], [55.1481236, 25.0854113]]]}}, {"type": "Feature", "properties": {"status": "existing", "bHeight": 12.0, "name": "", "levels": ""}, "geometry": {"type": "Polygon", "coordinates": [[[55.1481378, 25.0853297], [55.1481279, 25.0853492], [55.1481503, 25.0853584], [55.1481236, 25.0854113], [55.1480011, 25.0853606], [55.1480258, 25.0853118], [55.1480782, 25.0853335], [55.1480901, 25.08531], [55.1481378, 25.0853297]]]}}, {"type": "Feature", "properties": {"status": "existing", "bHeight": 12.0, "name": "", "levels": ""}, "geometry": {"type": "Polygon", "coordinates": [[[55.1482124, 25.0852693], [55.1481743, 25.0853449], [55.1481378, 25.0853297], [55.1480901, 25.08531], [55.1480495, 25.0852931], [55.1480754, 25.0852418], [55.1481293, 25.0852642], [55.1481415, 25.0852399], [55.1482124, 25.0852693]]]}}, {"type": "Feature", "properties": {"status": "existing", "bHeight": 12.0, "name": "", "levels": ""}, "geometry": {"type": "Polygon", "coordinates": [[[55.1482495, 25.085196], [55.1482124, 25.0852693], [55.1481415, 25.0852399], [55.1480813, 25.0852149], [55.148103, 25.0851719], [55.1481242, 25.0851807], [55.1481395, 25.0851504], [55.1481903, 25.0851715], [55.1482495, 25.085196]]]}}, {"type": "Feature", "properties": {"status": "existing", "bHeight": 12.0, "name": "", "levels": ""}, "geometry": {"type": "Polygon", "coordinates": [[[55.1483336, 25.0851441], [55.1482973, 25.0852159], [55.1482495, 25.085196], [55.1481903, 25.0851715], [55.148205, 25.0851426], [55.1481838, 25.0851338], [55.1482054, 25.085091], [55.148269, 25.0851174], [55.1483336, 25.0851441]]]}}, {"type": "Feature", "properties": {"status": "existing", "bHeight": 12.0, "name": "", "levels": ""}, "geometry": {"type": "Polygon", "coordinates": [[[55.148431, 25.0850924], [55.1483296, 25.0850504], [55.1483149, 25.0850795], [55.1482928, 25.0850704], [55.148269, 25.0851174], [55.1483336, 25.0851441], [55.1483925, 25.0851685], [55.148431, 25.0850924]]]}}, {"type": "Feature", "properties": {"status": "existing", "bHeight": 12.0, "name": "", "levels": ""}, "geometry": {"type": "Polygon", "coordinates": [[[55.1491745, 25.0868732], [55.149153, 25.0869196], [55.1491352, 25.0869129], [55.1491205, 25.0869447], [55.1490096, 25.0869026], [55.1490458, 25.0868244], [55.1490716, 25.0868342], [55.1491745, 25.0868732]]]}}, {"type": "Feature", "properties": {"status": "existing", "bHeight": 12.0, "name": "", "levels": ""}, "geometry": {"type": "Polygon", "coordinates": [[[55.1492288, 25.0868066], [55.1492131, 25.0868405], [55.1492286, 25.0868464], [55.14921, 25.0868867], [55.1491745, 25.0868732], [55.1490716, 25.0868342], [55.1491057, 25.08676], [55.1491436, 25.0867743], [55.1492288, 25.0868066]]]}}, {"type": "Feature", "properties": {"status": "existing", "bHeight": 12.0, "name": "", "levels": ""}, "geometry": {"type": "Polygon", "coordinates": [[[55.1493034, 25.0867477], [55.1492839, 25.0867898], [55.1492695, 25.0867843], [55.1492546, 25.0868164], [55.1492288, 25.0868066], [55.1491436, 25.0867743], [55.1491779, 25.0867001], [55.1491983, 25.0867078], [55.1493034, 25.0867477]]]}}, {"type": "Feature", "properties": {"status": "existing", "bHeight": 12.0, "name": "", "levels": ""}, "geometry": {"type": "Polygon", "coordinates": [[[55.1493471, 25.0866739], [55.149334, 25.0867022], [55.1493573, 25.086711], [55.1493348, 25.0867596], [55.1493034, 25.0867477], [55.1491983, 25.0867078], [55.1492338, 25.0866309], [55.1492546, 25.0866388], [55.1493471, 25.0866739]]]}}, {"type": "Feature", "properties": {"status": "existing", "bHeight": 12.0, "name": "", "levels": ""}, "geometry": {"type": "Polygon", "coordinates": [[[55.149424, 25.0866108], [55.149403, 25.0866564], [55.1493864, 25.0866501], [55.1493712, 25.086683], [55.1493471, 25.0866739], [55.1492546, 25.0866388], [55.1492908, 25.0865603], [55.1493146, 25.0865693], [55.149424, 25.0866108]]]}}, {"type": "Feature", "properties": {"status": "existing", "bHeight": 12.0, "name": "", "levels": ""}, "geometry": {"type": "Polygon", "coordinates": [[[55.1493479, 25.0864973], [55.1493146, 25.0865693], [55.149424, 25.0866108], [55.1494364, 25.0865841], [55.1494521, 25.08659], [55.149473, 25.0865447], [55.1493479, 25.0864973]]]}}, {"type": "Feature", "properties": {"status": "existing", "bHeight": 12.0, "name": "", "levels": ""}, "geometry": {"type": "Polygon", "coordinates": [[[55.1495534, 25.0864084], [55.1495394, 25.0864358], [55.1495709, 25.0864489], [55.1495472, 25.0864956], [55.1494175, 25.0864416], [55.1494552, 25.0863675], [55.1495534, 25.0864084]]]}}, {"type": "Feature", "properties": {"status": "existing", "bHeight": 12.0, "name": "", "levels": ""}, "geometry": {"type": "Polygon", "coordinates": [[[55.149607, 25.0863367], [55.1495914, 25.0863678], [55.1496116, 25.0863761], [55.1495885, 25.0864224], [55.1495534, 25.0864084], [55.1494552, 25.0863675], [55.1494938, 25.08629], [55.149607, 25.0863367]]]}}, {"type": "Feature", "properties": {"status": "existing", "bHeight": 12.0, "name": "", "levels": ""}, "geometry": {"type": "Polygon", "coordinates": [[[55.1496646, 25.086271], [55.1496423, 25.0863155], [55.1496219, 25.0863071], [55.149607, 25.0863367], [55.1494938, 25.08629], [55.1495311, 25.0862159], [55.1496646, 25.086271]]]}}, {"type": "Feature", "properties": {"status": "existing", "bHeight": 12.0, "name": "", "levels": ""}, "geometry": {"type": "Polygon", "coordinates": [[[55.149571, 25.0861372], [55.1495311, 25.0862159], [55.1496646, 25.086271], [55.1496889, 25.0862233], [55.1496627, 25.0862124], [55.1496783, 25.0861817], [55.149571, 25.0861372]]]}}, {"type": "Feature", "properties": {"status": "existing", "bHeight": 12.0, "name": "", "levels": ""}, "geometry": {"type": "Polygon", "coordinates": [[[55.1498138, 25.0852332], [55.1497842, 25.0852221], [55.1498202, 25.0851434], [55.1499482, 25.0851915], [55.1499266, 25.0852384], [55.1499057, 25.0852306], [55.1498911, 25.0852623], [55.1498138, 25.0852332]]]}}, {"type": "Feature", "properties": {"status": "existing", "bHeight": 12.0, "name": "", "levels": ""}, "geometry": {"type": "Polygon", "coordinates": [[[55.1498026, 25.0853219], [55.1497773, 25.0853123], [55.1498138, 25.0852332], [55.1498911, 25.0852623], [55.1499228, 25.0852743], [55.1499091, 25.085304], [55.1499344, 25.0853136], [55.1499116, 25.0853631], [55.1498026, 25.0853219]]]}}, {"type": "Feature", "properties": {"status": "existing", "bHeight": 12.0, "name": "", "levels": ""}, "geometry": {"type": "Polygon", "coordinates": [[[55.1497853, 25.0854031], [55.1497674, 25.0853961], [55.1498026, 25.0853219], [55.1499116, 25.0853631], [55.1499003, 25.0853869], [55.1499188, 25.0853941], [55.1498944, 25.0854455], [55.1497853, 25.0854031]]]}}, {"type": "Feature", "properties": {"status": "existing", "bHeight": 12.0, "name": "", "levels": ""}, "geometry": {"type": "Polygon", "coordinates": [[[55.1497755, 25.0854869], [55.14975, 25.0854769], [55.1497853, 25.0854031], [55.1498944, 25.0854455], [55.1499036, 25.0854494], [55.1498888, 25.0854803], [55.1499145, 25.0854903], [55.1498939, 25.0855334], [55.1497755, 25.0854869]]]}}, {"type": "Feature", "properties": {"status": "existing", "bHeight": 12.0, "name": "", "levels": ""}, "geometry": {"type": "Polygon", "coordinates": [[[55.1497604, 25.0855723], [55.1497385, 25.0855636], [55.1497755, 25.0854869], [55.1498939, 25.0855334], [55.1499027, 25.0855372], [55.1498822, 25.0855796], [55.1498663, 25.0855733], [55.1498497, 25.0856077], [55.1497604, 25.0855723]]]}}, {"type": "Feature", "properties": {"status": "existing", "bHeight": 12.0, "name": "", "levels": ""}, "geometry": {"type": "Polygon", "coordinates": [[[55.149734, 25.0856498], [55.1497245, 25.0856461], [55.1497604, 25.0855723], [55.1498497, 25.0856077], [55.149871, 25.0856164], [55.1498602, 25.0856386], [55.1498774, 25.0856455], [55.1498524, 25.0856971], [55.149734, 25.0856498]]]}}, {"type": "Feature", "properties": {"status": "existing", "bHeight": 12.0, "name": "", "levels": ""}, "geometry": {"type": "Polygon", "coordinates": [[[55.1497218, 25.0857311], [55.1496983, 25.0857216], [55.149734, 25.0856498], [55.1498524, 25.0856971], [55.1498367, 25.085728], [55.1498558, 25.0857358], [55.1498352, 25.0857773], [55.1497218, 25.0857311]]]}}, {"type": "Feature", "properties": {"status": "existing", "bHeight": 12.0, "name": "", "levels": ""}, "geometry": {"type": "Polygon", "coordinates": [[[55.1496962, 25.0858104], [55.1496847, 25.0858057], [55.1497218, 25.0857311], [55.1498352, 25.0857773], [55.149853, 25.0857846], [55.1498293, 25.0858323], [55.1498091, 25.0858241], [55.1497957, 25.085851], [55.1496962, 25.0858104]]]}}, {"type": "Feature", "properties": {"status": "existing", "bHeight": 12.0, "name": "", "levels": ""}, "geometry": {"type": "Polygon", "coordinates": [[[55.1496586, 25.0858862], [55.1497838, 25.0859373], [55.1498091, 25.0858864], [55.1497961, 25.0858811], [55.1498085, 25.0858562], [55.1497957, 25.085851], [55.1496962, 25.0858104], [55.1496586, 25.0858862]]]}}, {"type": "Feature", "properties": {"status": "existing", "bHeight": 12.0, "name": "", "levels": ""}, "geometry": {"type": "Polygon", "coordinates": [[[55.1504511, 25.0882862], [55.1509068, 25.087947], [55.1506881, 25.0877059], [55.1502323, 25.0880452], [55.1504511, 25.0882862]]]}}, {"type": "Feature", "properties": {"status": "existing", "bHeight": 27.2, "name": "Landmark Group", "levels": "8"}, "geometry": {"type": "Polygon", "coordinates": [[[55.1510344, 25.0869393], [55.1506732, 25.0872291], [55.1512958, 25.0878656], [55.151657, 25.0875759], [55.1511479, 25.0870554], [55.1510344, 25.0869393]]]}}, {"type": "Feature", "properties": {"status": "existing", "bHeight": 12.0, "name": "The Jewels", "levels": ""}, "geometry": {"type": "Polygon", "coordinates": [[[55.130025, 25.0714368], [55.1303603, 25.0715034], [55.1304465, 25.071181], [55.1300501, 25.0711334], [55.130025, 25.0714368]]]}}, {"type": "Feature", "properties": {"status": "existing", "bHeight": 6.4, "name": "Bunyan Tower", "levels": "2"}, "geometry": {"type": "Polygon", "coordinates": [[[55.1473098, 25.0818824], [55.1474793, 25.0820426], [55.1475099, 25.082016], [55.1477661, 25.0822581], [55.1475805, 25.0824192], [55.1473244, 25.0821771], [55.1473826, 25.0821265], [55.147299, 25.0820474], [55.1472216, 25.0821146], [55.1471357, 25.0820334], [55.1473098, 25.0818824]]]}}, {"type": "Feature", "properties": {"status": "existing", "bHeight": 10.2, "name": "Trident Grand Residence", "levels": "3"}, "geometry": {"type": "Polygon", "coordinates": [[[55.141303, 25.0841246], [55.1415413, 25.0839346], [55.1410441, 25.0834231], [55.1410628, 25.0833913], [55.1410851, 25.0833548], [55.141095, 25.0833269], [55.1411011, 25.0833004], [55.1411041, 25.083277], [55.1411064, 25.0832534], [55.1411057, 25.0832307], [55.1411045, 25.0832104], [55.1411241, 25.0831948], [55.1409056, 25.08297], [55.1406364, 25.0831805], [55.1406106, 25.083215], [55.1405905, 25.0832448], [55.1405816, 25.0832749], [55.1405756, 25.0833066], [55.1405761, 25.0833395], [55.1405815, 25.0833826], [55.141303, 25.0841246]]]}}, {"type": "Feature", "properties": {"status": "existing", "bHeight": 12.0, "name": "", "levels": ""}, "geometry": {"type": "Polygon", "coordinates": [[[55.1436746, 25.0789943], [55.1437299, 25.0790453], [55.1439054, 25.0792076], [55.144106, 25.0790296], [55.1438753, 25.0788163], [55.1436746, 25.0789943]]]}}, {"type": "Feature", "properties": {"status": "existing", "bHeight": 12.0, "name": "", "levels": ""}, "geometry": {"type": "Polygon", "coordinates": [[[55.1447499, 25.0799531], [55.1449001, 25.079824], [55.1451224, 25.0800339], [55.1449734, 25.0801637], [55.1447499, 25.0799531]]]}}, {"type": "Feature", "properties": {"status": "existing", "bHeight": 17.0, "name": "Caesars Palace Bluewaters Dubai", "levels": "5"}, "geometry": {"type": "Polygon", "coordinates": [[[55.1196409, 25.0800556], [55.1198288, 25.0799905], [55.1198584, 25.0800776], [55.1201299, 25.0799882], [55.1201422, 25.0800195], [55.1202064, 25.0800419], [55.1205371, 25.0800396], [55.1205594, 25.0802677], [55.1206655, 25.0802654], [55.1207103, 25.0805413], [55.1207124, 25.0805583], [55.1207889, 25.0809003], [55.1208358, 25.0811305], [55.1204976, 25.0812289], [55.1205248, 25.0813116], [55.1202632, 25.0813921], [55.1202394, 25.0813238], [55.1203276, 25.0812956], [55.120313, 25.081251], [55.1202233, 25.0812775], [55.1201916, 25.0811864], [55.1205075, 25.081088], [55.1204705, 25.0809405], [55.1203989, 25.0809495], [55.1203668, 25.0807818], [55.1205051, 25.080755], [55.1204976, 25.0806924], [55.1206136, 25.08067], [55.1206044, 25.080627], [55.1205692, 25.0806343], [55.1205523, 25.0805638], [55.1205445, 25.0805314], [55.1205764, 25.0805247], [55.1205668, 25.0804845], [55.1203693, 25.0805203], [55.1202977, 25.0803213], [55.1203668, 25.0803012], [55.1203199, 25.0801693], [55.1201891, 25.0801536], [55.1201348, 25.0801715], [55.1201496, 25.0802229], [55.1199398, 25.0802833], [55.1199069, 25.0801993], [55.1197238, 25.0802601], [55.1196933, 25.0801809], [55.1197547, 25.0801581], [55.1197375, 25.0801179], [55.119678, 25.0801396], [55.1196409, 25.0800556]]]}}, {"type": "Feature", "properties": {"status": "existing", "bHeight": 17.0, "name": "Caesars Resort Bluewaters Dubai", "levels": "5"}, "geometry": {"type": "Polygon", "coordinates": [[[55.1208307, 25.0822294], [55.1213553, 25.0819512], [55.1216175, 25.0822161], [55.1218547, 25.0823884], [55.1215225, 25.0828105], [55.1216729, 25.0829146], [55.1220282, 25.082466], [55.1226008, 25.0827443], [55.1226802, 25.0826118], [55.1219634, 25.0822124], [55.1216917, 25.0819739], [55.1214389, 25.081707], [55.1207262, 25.0820761], [55.1208307, 25.0822294]]]}}, {"type": "Feature", "properties": {"status": "existing", "bHeight": 12.0, "name": "", "levels": ""}, "geometry": {"type": "Polygon", "coordinates": [[[55.1323838, 25.0776576], [55.1325635, 25.0775191], [55.1327352, 25.0777013], [55.1325555, 25.0778349], [55.1323838, 25.0776576]]]}}, {"type": "Feature", "properties": {"status": "existing", "bHeight": 30.6, "name": "The Residences At Caesars Resort Bluewaters", "levels": "9"}, "geometry": {"type": "Polygon", "coordinates": [[[55.1222854, 25.0820907], [55.1226047, 25.0817015], [55.1224246, 25.0815933], [55.1222638, 25.0814504], [55.1221101, 25.0813053], [55.1219805, 25.0811253], [55.1215436, 25.0813862], [55.1216372, 25.0815297], [55.1219157, 25.0813602], [55.1221077, 25.0815678], [55.1223286, 25.081758], [55.1221317, 25.0819972], [55.1222854, 25.0820907]]]}}, {"type": "Feature", "properties": {"status": "existing", "bHeight": 27.2, "name": "The Residences At Caesars Palace Bluewaters Dubai", "levels": "8"}, "geometry": {"type": "Polygon", "coordinates": [[[55.1213738, 25.0810268], [55.1218688, 25.080842], [55.1217759, 25.0806653], [55.1217193, 25.0804677], [55.1216701, 25.0802717], [55.1216612, 25.080057], [55.1211383, 25.0800769], [55.121137, 25.0802436], [55.1214722, 25.0802281], [55.1215188, 25.0804956], [55.1216, 25.0807617], [55.1212952, 25.080875], [55.1213738, 25.0810268]]]}}, {"type": "Feature", "properties": {"status": "existing", "bHeight": 6.4, "name": "", "levels": "2"}, "geometry": {"type": "Polygon", "coordinates": [[[55.1231211, 25.0810034], [55.1230757, 25.0809662], [55.1229707, 25.0808743], [55.1228854, 25.0807875], [55.1227909, 25.0806638], [55.1227438, 25.0805811], [55.1223016, 25.0808302], [55.1224012, 25.0809996], [55.1224236, 25.0809885], [55.1224704, 25.0810732], [55.1228399, 25.0813753], [55.1231211, 25.0810034]]]}}, {"type": "Feature", "properties": {"status": "existing", "bHeight": 6.4, "name": "", "levels": "2"}, "geometry": {"type": "Polygon", "coordinates": [[[55.1227166, 25.0805191], [55.1226788, 25.0804164], [55.1226473, 25.0802821], [55.1226297, 25.0801478], [55.1226356, 25.0800199], [55.1226459, 25.0799528], [55.1225026, 25.0799844], [55.1225482, 25.0803345], [55.122481, 25.0803388], [55.1224474, 25.0801018], [55.1220825, 25.080141], [55.1221449, 25.0805236], [55.1222625, 25.0807628], [55.1227166, 25.0805191]]]}}, {"type": "Feature", "properties": {"status": "existing", "bHeight": 6.4, "name": "", "levels": "2"}, "geometry": {"type": "Polygon", "coordinates": [[[55.1225053, 25.0790541], [55.1226822, 25.0788369], [55.1230298, 25.0786399], [55.1232595, 25.0789602], [55.1233286, 25.0789271], [55.1234201, 25.0790523], [55.1233939, 25.0790747], [55.1232263, 25.0791633], [55.1230757, 25.0792596], [55.1229543, 25.0793632], [55.1225053, 25.0790541]]]}}, {"type": "Feature", "properties": {"status": "existing", "bHeight": 12.0, "name": "", "levels": ""}, "geometry": {"type": "Polygon", "coordinates": [[[55.1240439, 25.0784181], [55.1239524, 25.0788729], [55.1239077, 25.0788673], [55.1239396, 25.0790656], [55.1236104, 25.079029], [55.1235217, 25.0790491], [55.1234631, 25.0790672], [55.1234713, 25.0789955], [55.1236725, 25.0789513], [55.1236522, 25.0788427], [55.1235628, 25.0788592], [55.1234571, 25.0783879], [55.1236197, 25.0782204], [55.1236644, 25.0780657], [55.1237721, 25.0781302], [55.123802, 25.0782045], [55.1237675, 25.0783813], [55.1240439, 25.0784181]]]}}, {"type": "Feature", "properties": {"status": "existing", "bHeight": 12.0, "name": "", "levels": ""}, "geometry": {"type": "Polygon", "coordinates": [[[55.1238391, 25.0783387], [55.1238737, 25.0781561], [55.1240868, 25.0781892], [55.1240522, 25.0783718], [55.1238391, 25.0783387]]]}}, {"type": "Feature", "properties": {"status": "existing", "bHeight": 12.0, "name": "", "levels": ""}, "geometry": {"type": "Polygon", "coordinates": [[[55.123814, 25.0780907], [55.1237233, 25.0780809], [55.12362, 25.0780278], [55.1237161, 25.077852], [55.1237819, 25.077881], [55.1238781, 25.0778842], [55.1238692, 25.0779617], [55.1238479, 25.0779617], [55.123814, 25.0780907]]]}}, {"type": "Feature", "properties": {"status": "existing", "bHeight": 12.0, "name": "", "levels": ""}, "geometry": {"type": "Polygon", "coordinates": [[[55.1238928, 25.0780913], [55.123921, 25.077922], [55.1240363, 25.0779377], [55.1240295, 25.0779782], [55.1241169, 25.0779901], [55.1240954, 25.078119], [55.1238928, 25.0780913]]]}}, {"type": "Feature", "properties": {"status": "existing", "bHeight": 12.0, "name": "", "levels": ""}, "geometry": {"type": "Polygon", "coordinates": [[[55.1237502, 25.0778467], [55.1238315, 25.077681], [55.124175, 25.0777325], [55.1241527, 25.0778798], [55.1239941, 25.0778559], [55.123984, 25.0778946], [55.1237502, 25.0778467]]]}}, {"type": "Feature", "properties": {"status": "existing", "bHeight": 12.0, "name": "", "levels": ""}, "geometry": {"type": "Polygon", "coordinates": [[[55.1237966, 25.0776428], [55.1239551, 25.077247], [55.1240751, 25.0772727], [55.1240324, 25.0774311], [55.1239917, 25.0774292], [55.123947, 25.0776667], [55.1237966, 25.0776428]]]}}, {"type": "Feature", "properties": {"status": "existing", "bHeight": 12.0, "name": "", "levels": ""}, "geometry": {"type": "Polygon", "coordinates": [[[55.1240181, 25.0776695], [55.1240421, 25.0774968], [55.1240819, 25.0775014], [55.1240916, 25.0774322], [55.1241963, 25.0774441], [55.1241655, 25.0776651], [55.1240716, 25.0776544], [55.1240687, 25.0776753], [55.1240181, 25.0776695]]]}}, {"type": "Feature", "properties": {"status": "existing", "bHeight": 12.0, "name": "", "levels": ""}, "geometry": {"type": "Polygon", "coordinates": [[[55.1245031, 25.0792321], [55.1243751, 25.0791658], [55.1242572, 25.0791235], [55.1241555, 25.0790977], [55.1241738, 25.0789799], [55.1242023, 25.0789836], [55.1242145, 25.0788657], [55.1241779, 25.0788639], [55.1242097, 25.0787085], [55.1245162, 25.0787887], [55.124497, 25.0788676], [55.1245804, 25.0788842], [55.1245031, 25.0792321]]]}}, {"type": "Feature", "properties": {"status": "existing", "bHeight": 12.0, "name": "Shi Restaurant", "levels": ""}, "geometry": {"type": "Polygon", "coordinates": [[[55.1246128, 25.0784501], [55.1247251, 25.0785876], [55.1246375, 25.0786463], [55.1246526, 25.0786647], [55.1246047, 25.0786968], [55.1244016, 25.0786668], [55.1241984, 25.0786367], [55.1242151, 25.0785442], [55.1242401, 25.0785479], [55.1242701, 25.0783817], [55.1243604, 25.078395], [55.1243572, 25.0784123], [55.1246128, 25.0784501]]]}}, {"type": "Feature", "properties": {"status": "existing", "bHeight": 12.0, "name": "", "levels": ""}, "geometry": {"type": "Polygon", "coordinates": [[[55.1248039, 25.0785992], [55.1245986, 25.0783672], [55.124625, 25.0782236], [55.1247389, 25.0782439], [55.1247328, 25.0782163], [55.1248771, 25.0781923], [55.1248974, 25.0783304], [55.124873, 25.0783378], [55.1248974, 25.078498], [55.1248527, 25.0785274], [55.1248588, 25.0785606], [55.1248039, 25.0785992]]]}}, {"type": "Feature", "properties": {"status": "existing", "bHeight": 12.0, "name": "", "levels": ""}, "geometry": {"type": "Polygon", "coordinates": [[[55.1245579, 25.0783046], [55.1244929, 25.0782218], [55.1243201, 25.0781923], [55.1242937, 25.0783249], [55.1244868, 25.0783525], [55.1245579, 25.0783046]]]}}, {"type": "Feature", "properties": {"status": "existing", "bHeight": 12.0, "name": "Frank", "levels": ""}, "geometry": {"type": "Polygon", "coordinates": [[[55.1247344, 25.0781967], [55.1246892, 25.0779386], [55.1248271, 25.0779188], [55.1248723, 25.0781769], [55.1247344, 25.0781967]]]}}, {"type": "Feature", "properties": {"status": "existing", "bHeight": 12.0, "name": "", "levels": ""}, "geometry": {"type": "Polygon", "coordinates": [[[55.1246964, 25.0778992], [55.1246581, 25.0776465], [55.1248041, 25.077626], [55.1248137, 25.0776819], [55.1247833, 25.077696], [55.1248134, 25.0778838], [55.1246964, 25.0778992]]]}}, {"type": "Feature", "properties": {"status": "existing", "bHeight": 12.0, "name": "", "levels": ""}, "geometry": {"type": "Polygon", "coordinates": [[[55.1247843, 25.0775808], [55.1247579, 25.0773498], [55.1246071, 25.0773661], [55.1246335, 25.0775972], [55.1247843, 25.0775808]]]}}, {"type": "Feature", "properties": {"status": "existing", "bHeight": 12.0, "name": "", "levels": ""}, "geometry": {"type": "Polygon", "coordinates": [[[55.1246077, 25.0773056], [55.1245666, 25.0770241], [55.1246938, 25.0770088], [55.1247349, 25.0772903], [55.1246077, 25.0773056]]]}}, {"type": "Feature", "properties": {"status": "existing", "bHeight": 12.0, "name": "", "levels": ""}, "geometry": {"type": "Polygon", "coordinates": [[[55.1244129, 25.0772608], [55.124436, 25.0771661], [55.1245012, 25.0771792], [55.124478, 25.0772738], [55.1244129, 25.0772608]]]}}, {"type": "Feature", "properties": {"status": "existing", "bHeight": 12.0, "name": "", "levels": ""}, "geometry": {"type": "Polygon", "coordinates": [[[55.1244428, 25.077383], [55.1244411, 25.0775517], [55.1244712, 25.0775519], [55.1244705, 25.0776187], [55.1246051, 25.0776198], [55.1246058, 25.0775497], [55.1245697, 25.0775494], [55.1245713, 25.077384], [55.1244428, 25.077383]]]}}, {"type": "Feature", "properties": {"status": "existing", "bHeight": 12.0, "name": "", "levels": ""}, "geometry": {"type": "Polygon", "coordinates": [[[55.12464, 25.0779018], [55.1246095, 25.0776514], [55.1245648, 25.0776569], [55.1244123, 25.0776495], [55.1243839, 25.077887], [55.1245058, 25.0778981], [55.1245058, 25.0779257], [55.12464, 25.0779018]]]}}, {"type": "Feature", "properties": {"status": "existing", "bHeight": 12.0, "name": "", "levels": ""}, "geometry": {"type": "Polygon", "coordinates": [[[55.1246563, 25.0781779], [55.1246217, 25.0779441], [55.1245282, 25.0779607], [55.1244449, 25.0779496], [55.1244347, 25.0779846], [55.1243676, 25.0779773], [55.1243351, 25.0781319], [55.1246563, 25.0781779]]]}}, {"type": "Feature", "properties": {"status": "existing", "bHeight": 6.4, "name": "Al Bateen Towers", "levels": "2"}, "geometry": {"type": "Polygon", "coordinates": [[[55.1280497, 25.0732424], [55.1277828, 25.0729799], [55.1277496, 25.0728597], [55.1275147, 25.0727445], [55.1274112, 25.07264], [55.1278552, 25.0722944], [55.1282346, 25.0722835], [55.1286379, 25.0727401], [55.128334, 25.0729916], [55.1280497, 25.0732424]]]}}, {"type": "Feature", "properties": {"status": "existing", "bHeight": 90.2, "name": "", "levels": "29"}, "geometry": {"type": "Polygon", "coordinates": [[[55.1294034, 25.0721875], [55.1293955, 25.0722464], [55.1294656, 25.0722532], [55.1294186, 25.0726247], [55.1294622, 25.0726269], [55.1295043, 25.072719], [55.1297296, 25.0725576], [55.129717, 25.0722679], [55.1298035, 25.0722713], [55.1298171, 25.0722047], [55.1294034, 25.0721875]]]}}, {"type": "Feature", "properties": {"status": "existing", "bHeight": 137.6, "name": "", "levels": "43"}, "geometry": {"type": "Polygon", "coordinates": [[[55.1295043, 25.072719], [55.1297296, 25.0725576], [55.1298821, 25.0727324], [55.1300384, 25.0729093], [55.1297492, 25.0731467], [55.1295699, 25.0729647], [55.1296568, 25.0728937], [55.1295043, 25.072719]]]}}, {"type": "Feature", "properties": {"status": "existing", "bHeight": 118.9, "name": "Marina Wharf 2", "levels": "29"}, "geometry": {"type": "Polygon", "coordinates": [[[55.1323875, 25.0724642], [55.1322538, 25.0723258], [55.1325512, 25.0720901], [55.132685, 25.0722286], [55.1323875, 25.0724642]]]}}, {"type": "Feature", "properties": {"status": "existing", "bHeight": 61.5, "name": "Sparkle Tower B", "levels": "15"}, "geometry": {"type": "Polygon", "coordinates": [[[55.1316049, 25.0720685], [55.1313823, 25.0718669], [55.1315727, 25.0716944], [55.1317953, 25.0718961], [55.1316049, 25.0720685]]]}}, {"type": "Feature", "properties": {"status": "existing", "bHeight": 123.0, "name": "Sparkle Tower A", "levels": "31"}, "geometry": {"type": "Polygon", "coordinates": [[[55.1320419, 25.0718214], [55.1318368, 25.0715998], [55.1321542, 25.0713588], [55.1323593, 25.0715805], [55.1320419, 25.0718214]]]}}, {"type": "Feature", "properties": {"status": "existing", "bHeight": 118.9, "name": "Marina Wharf 1", "levels": "29"}, "geometry": {"type": "Polygon", "coordinates": [[[55.1327729, 25.072692], [55.1326544, 25.0725394], [55.1329577, 25.0723462], [55.1330762, 25.0724988], [55.1327729, 25.072692]]]}}, {"type": "Feature", "properties": {"status": "existing", "bHeight": 138.0, "name": "Continental Tower", "levels": "30"}, "geometry": {"type": "Polygon", "coordinates": [[[55.1391688, 25.0799239], [55.1390314, 25.0797863], [55.1392431, 25.0795152], [55.1394455, 25.0796577], [55.1391688, 25.0799239]]]}}, {"type": "Feature", "properties": {"status": "existing", "bHeight": 170.0, "name": "Pier 8", "levels": "47"}, "geometry": {"type": "Polygon", "coordinates": [[[55.1396254, 25.0802745], [55.1399126, 25.0800175], [55.1400838, 25.0802349], [55.1399694, 25.0803435], [55.1398037, 25.0803678], [55.1396254, 25.0802745]]]}}, {"type": "Feature", "properties": {"status": "existing", "bHeight": 164.0, "name": "Marina Residences", "levels": "42"}, "geometry": {"type": "Polygon", "coordinates": [[[55.1404873, 25.0807313], [55.1403382, 25.0805767], [55.140662, 25.0803205], [55.1408111, 25.080475], [55.1404873, 25.0807313]]]}}, {"type": "Feature", "properties": {"status": "existing", "bHeight": 127.1, "name": "", "levels": "32"}, "geometry": {"type": "Polygon", "coordinates": [[[55.132127, 25.0754], [55.1320069, 25.075267], [55.1323167, 25.0750374], [55.1324368, 25.0751704], [55.132127, 25.0754]]]}}, {"type": "Feature", "properties": {"status": "existing", "bHeight": 12.0, "name": "", "levels": ""}, "geometry": {"type": "Polygon", "coordinates": [[[55.1315213, 25.0745234], [55.1314521, 25.0744607], [55.1314002, 25.074391], [55.131364, 25.074304], [55.1313514, 25.0742286], [55.1313546, 25.0741845], [55.1313986, 25.0741873], [55.131408, 25.0741645], [55.1314426, 25.0741246], [55.1314851, 25.0741118], [55.1315056, 25.0741132], [55.1315024, 25.0741346], [55.1315527, 25.0741417], [55.1315905, 25.0741616], [55.1316046, 25.0742115], [55.1315967, 25.0742613], [55.1315778, 25.0743083], [55.13157, 25.0743496], [55.13157, 25.0743923], [55.1315873, 25.0744323], [55.1315999, 25.0744522], [55.1315213, 25.0745234]]]}}, {"type": "Feature", "properties": {"status": "existing", "bHeight": 53.3, "name": "", "levels": "11"}, "geometry": {"type": "Polygon", "coordinates": [[[55.1286532, 25.073536], [55.1285158, 25.0733945], [55.1289049, 25.0730847], [55.1292275, 25.0730944], [55.1294961, 25.0733774], [55.1292973, 25.0735322], [55.1291658, 25.0733936], [55.1290791, 25.073301], [55.1289442, 25.0733035], [55.1288609, 25.0733706], [55.1286532, 25.073536]]]}}, {"type": "Feature", "properties": {"status": "existing", "bHeight": 174.0, "name": "Dusit Princess Residence", "levels": "35"}, "geometry": {"type": "Polygon", "coordinates": [[[55.1444809, 25.0831091], [55.1444547, 25.0830795], [55.1443994, 25.083017], [55.144442, 25.0828994], [55.1444921, 25.082858], [55.1445196, 25.0828366], [55.1445423, 25.0828201], [55.1446741, 25.082969], [55.1444809, 25.0831091]]]}}, {"type": "Feature", "properties": {"status": "existing", "bHeight": 97.8, "name": "", "levels": "36"}, "geometry": {"type": "Polygon", "coordinates": [[[55.1441434, 25.0837155], [55.1439914, 25.0835834], [55.1441987, 25.0833877], [55.1443508, 25.0835198], [55.1441434, 25.0837155]]]}}, {"type": "Feature", "properties": {"status": "existing", "bHeight": 49.2, "name": "", "levels": "12"}, "geometry": {"type": "Polygon", "coordinates": [[[55.1405807, 25.0855178], [55.1406233, 25.0854872], [55.1406403, 25.085463], [55.1406572, 25.0854388], [55.1406681, 25.0854016], [55.1406688, 25.085363], [55.1406592, 25.0853255], [55.1406384, 25.0852823], [55.1406078, 25.0852537], [55.1405644, 25.0852344], [55.140518, 25.0852227], [55.1404698, 25.0852229], [55.1404266, 25.0852338], [55.1403879, 25.0852543], [55.1403562, 25.085283], [55.1403337, 25.0853179], [55.1403217, 25.0853568], [55.1403209, 25.0853971], [55.1403339, 25.0854419], [55.1403606, 25.0854814], [55.1403988, 25.0855122], [55.1404397, 25.0855301], [55.1404844, 25.0855379], [55.1405298, 25.085535], [55.1405807, 25.0855178]]]}}, {"type": "Feature", "properties": {"status": "existing", "bHeight": 45.1, "name": "", "levels": "10"}, "geometry": {"type": "Polygon", "coordinates": [[[55.1404359, 25.0848102], [55.1404229, 25.0848337], [55.1404098, 25.0848479], [55.1403922, 25.0848635], [55.1403637, 25.084878], [55.140335, 25.0848848], [55.1403082, 25.0848866], [55.1402761, 25.0848821], [55.1402448, 25.0848656], [55.1402224, 25.0848491], [55.1402023, 25.0848249], [55.1401963, 25.0848023], [55.1401991, 25.0847615], [55.1402085, 25.0847376], [55.1402372, 25.0846919], [55.1402476, 25.0846547], [55.1402527, 25.0846095], [55.1402472, 25.0845537], [55.1402374, 25.084513], [55.1402222, 25.0844738], [55.140198, 25.0844276], [55.1401715, 25.0843936], [55.1401381, 25.084364], [55.1401016, 25.0843419], [55.1400807, 25.0843521], [55.140057, 25.084347], [55.1400428, 25.0843337], [55.1400402, 25.0843147], [55.139974, 25.084286], [55.1399082, 25.0842691], [55.1398423, 25.0842605], [55.1398131, 25.0841301], [55.139956, 25.0841041], [55.1400429, 25.0841073], [55.1401238, 25.0841421], [55.1401038, 25.0841819], [55.1401934, 25.084236], [55.1402779, 25.0842996], [55.1403299, 25.0843551], [55.1403661, 25.0844134], [55.140392, 25.0844771], [55.1404446, 25.0844632], [55.1404778, 25.0845546], [55.140487, 25.0846416], [55.1404866, 25.0847334], [55.1404281, 25.0847316], [55.140444, 25.0847653], [55.1404422, 25.0847877], [55.1404359, 25.0848102]]]}}, {"type": "Feature", "properties": {"status": "existing", "bHeight": 82.0, "name": "Tower 1", "levels": "16"}, "geometry": {"type": "Polygon", "coordinates": [[[55.1392092, 25.0844508], [55.1391079, 25.0843524], [55.139121, 25.084289], [55.1391576, 25.0842379], [55.1392278, 25.084185], [55.1392777, 25.0841469], [55.1393694, 25.0841001], [55.139499, 25.0842401], [55.1394826, 25.0842716], [55.1394449, 25.0843299], [55.1393994, 25.0843752], [55.1393511, 25.0844002], [55.1392814, 25.0844309], [55.1392092, 25.0844508]]]}}, {"type": "Feature", "properties": {"status": "existing", "bHeight": 12.0, "name": "", "levels": ""}, "geometry": {"type": "Polygon", "coordinates": [[[55.1394042, 25.0854327], [55.1394244, 25.0854658], [55.139432, 25.0855031], [55.1394263, 25.0855406], [55.1394078, 25.0855745], [55.1393783, 25.0856015], [55.1393382, 25.0856194], [55.1392937, 25.085624], [55.1392501, 25.0856148], [55.1392125, 25.0855928], [55.1391853, 25.0855606], [55.1391716, 25.0855219], [55.1391732, 25.0854814], [55.1391898, 25.0854437], [55.1392171, 25.085415], [55.139253, 25.0853956], [55.1392938, 25.0853874], [55.1393354, 25.0853913], [55.1393735, 25.085407], [55.1394042, 25.0854327]]]}}, {"type": "Feature", "properties": {"status": "existing", "bHeight": 12.0, "name": "Maya", "levels": ""}, "geometry": {"type": "Polygon", "coordinates": [[[55.139246, 25.0861686], [55.1390611, 25.0861698], [55.1390634, 25.0864496], [55.1393261, 25.0864479], [55.139323, 25.086117], [55.1392456, 25.0861175], [55.1392449, 25.0861449], [55.139246, 25.0861686]]]}}, {"type": "Feature", "properties": {"status": "existing", "bHeight": 3.2, "name": "", "levels": "1"}, "geometry": {"type": "Polygon", "coordinates": [[[55.138916, 25.0867766], [55.1389069, 25.0865296], [55.1392714, 25.0865185], [55.1392744, 25.086601], [55.1392165, 25.0866027], [55.1392204, 25.086706], [55.1392222, 25.0867557], [55.1390365, 25.0867613], [55.139037, 25.0867729], [55.138916, 25.0867766]]]}}, {"type": "Feature", "properties": {"status": "existing", "bHeight": 12.0, "name": "", "levels": ""}, "geometry": {"type": "Polygon", "coordinates": [[[55.1407953, 25.0868042], [55.1407883, 25.0868573], [55.1407619, 25.0869051], [55.1407191, 25.0869419], [55.140665, 25.0869633], [55.1406114, 25.0869672], [55.1405591, 25.0869559], [55.1405133, 25.0869303], [55.1404785, 25.0868932], [55.1404582, 25.0868481], [55.1404543, 25.0867995], [55.1404674, 25.0867522], [55.140496, 25.086711], [55.1405373, 25.0866798], [55.1405873, 25.0866618], [55.1406462, 25.0866593], [55.1407026, 25.0866751], [55.1407497, 25.0867074], [55.1407818, 25.0867522], [55.1407953, 25.0868042]]]}}, {"type": "Feature", "properties": {"status": "existing", "bHeight": 127.1, "name": "Al Fattan Crystal Tower B", "levels": "33"}, "geometry": {"type": "Polygon", "coordinates": [[[55.135401, 25.0808167], [55.1352851, 25.080713], [55.1355555, 25.0802805], [55.1358316, 25.0803065], [55.1358673, 25.0805206], [55.135401, 25.0808167]]]}}, {"type": "Feature", "properties": {"status": "existing", "bHeight": 147.6, "name": "Al Fattan Crystal Tower A", "levels": "38"}, "geometry": {"type": "Polygon", "coordinates": [[[55.134977, 25.0802266], [55.1350631, 25.0803518], [55.1355885, 25.0802079], [55.1356212, 25.0799583], [55.1353984, 25.0798797], [55.134977, 25.0802266]]]}}, {"type": "Feature", "properties": {"status": "existing", "bHeight": 127.1, "name": "Rixos Premium", "levels": "37"}, "geometry": {"type": "Polygon", "coordinates": [[[55.1355789, 25.0797145], [55.135849, 25.0799459], [55.1358445, 25.0800065], [55.1359471, 25.0801155], [55.1360051, 25.0801115], [55.1362696, 25.0803902], [55.135063, 25.0813297], [55.1344333, 25.0806351], [55.1355789, 25.0797145]]]}}, {"type": "Feature", "properties": {"status": "existing", "bHeight": 12.0, "name": "", "levels": ""}, "geometry": {"type": "Polygon", "coordinates": [[[55.1323704, 25.077501], [55.1321913, 25.0774459], [55.1320865, 25.0775072], [55.1318567, 25.0772531], [55.1321005, 25.0771255], [55.1322643, 25.0771941], [55.1324714, 25.0773883], [55.1323704, 25.077501]]]}}, {"type": "Feature", "properties": {"status": "existing", "bHeight": 12.0, "name": "", "levels": ""}, "geometry": {"type": "Polygon", "coordinates": [[[55.1326297, 25.0772968], [55.1323999, 25.077052], [55.1324877, 25.0769877], [55.1324201, 25.0769081], [55.1325445, 25.0768154], [55.1328447, 25.0771386], [55.1326297, 25.0772968]]]}}, {"type": "Feature", "properties": {"status": "existing", "bHeight": 12.0, "name": "", "levels": ""}, "geometry": {"type": "Polygon", "coordinates": [[[55.1329663, 25.0780391], [55.1329241, 25.0779882], [55.1326769, 25.0778509], [55.1328623, 25.0777109], [55.1329691, 25.0778229], [55.1329972, 25.0778025], [55.1331292, 25.0779348], [55.1329663, 25.0780391]]]}}, {"type": "Feature", "properties": {"status": "existing", "bHeight": 6.4, "name": "", "levels": "2"}, "geometry": {"type": "Polygon", "coordinates": [[[55.1333846, 25.0777867], [55.1331964, 25.0775933], [55.1334099, 25.0774254], [55.1336374, 25.0776544], [55.1333846, 25.0777867]]]}}, {"type": "Feature", "properties": {"status": "existing", "bHeight": 12.0, "name": "", "levels": ""}, "geometry": {"type": "Polygon", "coordinates": [[[55.1320752, 25.0769576], [55.1318842, 25.0771001], [55.1318448, 25.0770619], [55.1317999, 25.0771052], [55.1317212, 25.0770034], [55.1317549, 25.0769729], [55.1317156, 25.0768889], [55.1317493, 25.076866], [55.131665, 25.0767668], [55.1318476, 25.0766294], [55.1318982, 25.0766828], [55.131919, 25.0766679], [55.1320603, 25.0768263], [55.1320049, 25.0768813], [55.1320752, 25.0769576]]]}}, {"type": "Feature", "properties": {"status": "existing", "bHeight": 12.0, "name": "", "levels": ""}, "geometry": {"type": "Polygon", "coordinates": [[[55.1323667, 25.0768592], [55.132058, 25.0765257], [55.1321863, 25.0764284], [55.1324949, 25.0767618], [55.1323667, 25.0768592]]]}}, {"type": "Feature", "properties": {"status": "existing", "bHeight": 12.0, "name": "", "levels": ""}, "geometry": {"type": "Polygon", "coordinates": [[[55.1320561, 25.0762884], [55.1319235, 25.0763953], [55.1318055, 25.0762681], [55.1317156, 25.0763317], [55.1315512, 25.0761616], [55.1315939, 25.0761159], [55.131621, 25.0760632], [55.1316268, 25.0760174], [55.131621, 25.0759946], [55.1316787, 25.0759506], [55.1320561, 25.0762884]]]}}, {"type": "Feature", "properties": {"status": "existing", "bHeight": 12.0, "name": "", "levels": ""}, "geometry": {"type": "Polygon", "coordinates": [[[55.1312198, 25.0762357], [55.1312703, 25.0762498], [55.1313169, 25.0762603], [55.1313615, 25.0762638], [55.1314061, 25.0762586], [55.1315944, 25.0764467], [55.1316662, 25.0765944], [55.1314857, 25.0767315], [55.1313867, 25.0766242], [55.1313634, 25.0766418], [55.1313091, 25.0765873], [55.1312877, 25.0766049], [55.1311771, 25.0765012], [55.1311383, 25.0764062], [55.1312198, 25.0762357]]]}}, {"type": "Feature", "properties": {"status": "existing", "bHeight": 12.0, "name": "", "levels": ""}, "geometry": {"type": "Polygon", "coordinates": [[[55.1310873, 25.0760719], [55.1311339, 25.0761089], [55.1311746, 25.0761352], [55.1312076, 25.0761511], [55.1311707, 25.0761985], [55.1311533, 25.0762266], [55.1311436, 25.07626], [55.1310659, 25.0763233], [55.1309242, 25.0761792], [55.1309922, 25.0761282], [55.1310407, 25.076086], [55.1310698, 25.076093], [55.1310873, 25.0760719]]]}}, {"type": "Feature", "properties": {"status": "existing", "bHeight": 12.0, "name": "", "levels": ""}, "geometry": {"type": "Polygon", "coordinates": [[[55.1310049, 25.0760306], [55.1308904, 25.0761167], [55.1307468, 25.0759726], [55.1308186, 25.0759234], [55.130906, 25.0758882], [55.1309254, 25.0759234], [55.1309525, 25.0759638], [55.1309797, 25.0760025], [55.1310049, 25.0760306]]]}}, {"type": "Feature", "properties": {"status": "existing", "bHeight": 12.0, "name": "", "levels": ""}, "geometry": {"type": "Polygon", "coordinates": [[[55.1309044, 25.0756254], [55.1308752, 25.0756518], [55.13085, 25.0756904], [55.1308364, 25.0757291], [55.1308287, 25.0757713], [55.1308287, 25.0758135], [55.1308345, 25.0758504], [55.1308422, 25.0758891], [55.1306811, 25.0759313], [55.1306113, 25.0758645], [55.1305802, 25.0758891], [55.1305162, 25.075824], [55.1305822, 25.0757748], [55.1304172, 25.0755955], [55.130555, 25.0754918], [55.1306676, 25.0756096], [55.1307957, 25.0755111], [55.1309044, 25.0756254]]]}}, {"type": "Feature", "properties": {"status": "existing", "bHeight": 12.0, "name": "", "levels": ""}, "geometry": {"type": "Polygon", "coordinates": [[[55.1312561, 25.0755234], [55.1312095, 25.0755076], [55.1311552, 25.0755006], [55.1311222, 25.0754988], [55.1310795, 25.0755023], [55.1308466, 25.075265], [55.1310989, 25.0750804], [55.1314114, 25.0754092], [55.1313726, 25.0754408], [55.1313585, 25.0754289], [55.1312561, 25.0755234]]]}}, {"type": "Feature", "properties": {"status": "existing", "bHeight": 12.0, "name": "", "levels": ""}, "geometry": {"type": "Polygon", "coordinates": [[[55.1305156, 25.075352], [55.1303927, 25.0752204], [55.1304848, 25.0751498], [55.1306077, 25.0752814], [55.1305156, 25.075352]]]}}, {"type": "Feature", "properties": {"status": "existing", "bHeight": 12.0, "name": "Eataly at The Beach Dubai", "levels": ""}, "geometry": {"type": "Polygon", "coordinates": [[[55.1303222, 25.0751915], [55.1304653, 25.0753375], [55.1303245, 25.0754508], [55.1301814, 25.0753049], [55.1303222, 25.0751915]]]}}, {"type": "Feature", "properties": {"status": "existing", "bHeight": 12.0, "name": "", "levels": ""}, "geometry": {"type": "Polygon", "coordinates": [[[55.1301301, 25.0752542], [55.1300294, 25.0753307], [55.1297059, 25.0749815], [55.1298065, 25.074905], [55.1301301, 25.0752542]]]}}, {"type": "Feature", "properties": {"status": "existing", "bHeight": 12.0, "name": "", "levels": ""}, "geometry": {"type": "Polygon", "coordinates": [[[55.1305316, 25.074638], [55.1301761, 25.0742609], [55.1302941, 25.0741696], [55.1306496, 25.0745467], [55.1305316, 25.074638]]]}}, {"type": "Feature", "properties": {"status": "existing", "bHeight": 12.0, "name": "", "levels": ""}, "geometry": {"type": "Polygon", "coordinates": [[[55.1299554, 25.0744085], [55.1297913, 25.0742419], [55.1299093, 25.0741466], [55.1298747, 25.0741115], [55.1299855, 25.074022], [55.1301841, 25.0742237], [55.1299554, 25.0744085]]]}}, {"type": "Feature", "properties": {"status": "existing", "bHeight": 64.6, "name": "Rove Dubai Marina", "levels": "19"}, "geometry": {"type": "Polygon", "coordinates": [[[55.1279544, 25.0695422], [55.1278537, 25.0692084], [55.1279307, 25.0691893], [55.1279107, 25.069123], [55.1280543, 25.0690875], [55.128175, 25.0694876], [55.1279544, 25.0695422]]]}}, {"type": "Feature", "properties": {"status": "existing", "bHeight": 139.4, "name": "The First Collection Dubai Marina", "levels": "32"}, "geometry": {"type": "Polygon", "coordinates": [[[55.1283883, 25.0691885], [55.1282588, 25.0687237], [55.1285235, 25.0686632], [55.128653, 25.069128], [55.1283883, 25.0691885]]]}}, {"type": "Feature", "properties": {"status": "existing", "bHeight": 64.6, "name": "", "levels": "19"}, "geometry": {"type": "Polygon", "coordinates": [[[55.1278896, 25.0696552], [55.1277269, 25.0691514], [55.1281035, 25.0688344], [55.1283308, 25.0695383], [55.1278896, 25.0696552]]]}}, {"type": "Feature", "properties": {"status": "existing", "bHeight": 12.0, "name": "Swedish Dental Clinic", "levels": ""}, "geometry": {"type": "Polygon", "coordinates": [[[55.129851, 25.0694505], [55.129941, 25.0693866], [55.1299172, 25.0693528], [55.1300427, 25.0692428], [55.1299469, 25.0691434], [55.1299138, 25.069171], [55.1299271, 25.0691877], [55.1298933, 25.0692151], [55.1299128, 25.0692377], [55.1298591, 25.069273], [55.1298054, 25.0693083], [55.129851, 25.0694505]]]}}, {"type": "Feature", "properties": {"status": "existing", "bHeight": 77.9, "name": "The Zen", "levels": "17"}, "geometry": {"type": "Polygon", "coordinates": [[[55.13112, 25.0678085], [55.1309017, 25.067807], [55.1309046, 25.067467], [55.130945, 25.0674141], [55.13112, 25.0674019], [55.1311694, 25.0674426], [55.1311649, 25.0677475], [55.13112, 25.0678085]]]}}, {"type": "Feature", "properties": {"status": "existing", "bHeight": 65.0, "name": "Trident Waterfront", "levels": "20"}, "geometry": {"type": "Polygon", "coordinates": [[[55.1316055, 25.067843], [55.1313872, 25.0678415], [55.13139, 25.0675015], [55.1314304, 25.0674486], [55.1316055, 25.0674364], [55.1316548, 25.0674771], [55.1316503, 25.067782], [55.1316055, 25.067843]]]}}, {"type": "Feature", "properties": {"status": "existing", "bHeight": 32.8, "name": "Signature Hotel Apartments & Spa", "levels": "8"}, "geometry": {"type": "Polygon", "coordinates": [[[55.1310404, 25.0688559], [55.1309887, 25.0688469], [55.1309346, 25.0688202], [55.1308903, 25.0687756], [55.1308657, 25.0687243], [55.1308558, 25.0686463], [55.1308804, 25.0685839], [55.1309395, 25.0685214], [55.1310872, 25.0684925], [55.1311487, 25.0685415], [55.1311856, 25.0686062], [55.1312004, 25.0686753], [55.1312004, 25.0687355], [55.131193, 25.0687912], [55.1311709, 25.0688291], [55.1310404, 25.0688559]]]}}, {"type": "Feature", "properties": {"status": "existing", "bHeight": 57.8, "name": "Marina Suites", "levels": "17"}, "geometry": {"type": "Polygon", "coordinates": [[[55.1337662, 25.0684171], [55.1336273, 25.0685688], [55.1335631, 25.0686043], [55.1335097, 25.0686043], [55.1334385, 25.0685397], [55.1334171, 25.0684978], [55.1334171, 25.0684623], [55.133442, 25.0684171], [55.133581, 25.0682784], [55.1336237, 25.0682838], [55.1336664, 25.0683002], [55.1337092, 25.0683348], [55.1337662, 25.0684171]]]}}, {"type": "Feature", "properties": {"status": "existing", "bHeight": 127.0, "name": "Stella Di Mare Dubai Marina", "levels": "31"}, "geometry": {"type": "Polygon", "coordinates": [[[55.1339069, 25.0689314], [55.1337534, 25.0687856], [55.1339053, 25.0686544], [55.1340221, 25.0685535], [55.1341756, 25.0686993], [55.1340807, 25.0687813], [55.1339069, 25.0689314]]]}}, {"type": "Feature", "properties": {"status": "existing", "bHeight": 30.6, "name": "", "levels": "9"}, "geometry": {"type": "Polygon", "coordinates": [[[55.1336287, 25.0702622], [55.1335014, 25.0703636], [55.1336307, 25.0704968], [55.1337587, 25.0703949], [55.134033, 25.0701744], [55.133903, 25.0700417], [55.1336287, 25.0702622]]]}}, {"type": "Feature", "properties": {"status": "existing", "bHeight": 61.2, "name": "Al Zarooni Building A", "levels": "18"}, "geometry": {"type": "Polygon", "coordinates": [[[55.1353135, 25.0700906], [55.135298, 25.0700742], [55.135231, 25.0700034], [55.1351225, 25.0698885], [55.1353915, 25.0696851], [55.1355292, 25.0696972], [55.1356503, 25.06982], [55.1353135, 25.0700906]]]}}, {"type": "Feature", "properties": {"status": "existing", "bHeight": 27.2, "name": "Al Zarooni Building B", "levels": "8"}, "geometry": {"type": "Polygon", "coordinates": [[[55.1348346, 25.0704649], [55.1347145, 25.0703378], [55.1347129, 25.0702604], [55.1348464, 25.0701502], [55.1350019, 25.0703133], [55.135045, 25.0703585], [55.1349102, 25.0704693], [55.1348346, 25.0704649]]]}}, {"type": "Feature", "properties": {"status": "existing", "bHeight": 41.0, "name": "The Waves 2", "levels": "11"}, "geometry": {"type": "Polygon", "coordinates": [[[55.1337303, 25.0714358], [55.1337561, 25.0714229], [55.1337454, 25.0714003], [55.133749, 25.071381], [55.1337721, 25.0713471], [55.1338095, 25.0712729], [55.1338416, 25.0712067], [55.1338861, 25.0711567], [55.133952, 25.0711051], [55.1340233, 25.0710712], [55.1340653, 25.0710575], [55.1340933, 25.071087], [55.1340678, 25.0711035], [55.1341235, 25.0711023], [55.1341788, 25.0711085], [55.1342031, 25.0711109], [55.1341559, 25.0711439], [55.1341059, 25.0711781], [55.1340681, 25.0712197], [55.1340425, 25.0712564], [55.1340114, 25.0712992], [55.1339818, 25.0713322], [55.1339413, 25.0713652], [55.1338967, 25.0713921], [55.1338414, 25.0714153], [55.1337793, 25.0714312], [55.1337496, 25.0714361], [55.1337303, 25.0714358]]]}}, {"type": "Feature", "properties": {"status": "existing", "bHeight": 23.8, "name": "", "levels": "7"}, "geometry": {"type": "Polygon", "coordinates": [[[55.1356364, 25.0709996], [55.1355297, 25.0708942], [55.1355175, 25.0709215], [55.1354031, 25.0708292], [55.1354173, 25.070816], [55.1353272, 25.0707193], [55.1353065, 25.0707379], [55.1352038, 25.0706181], [55.1352184, 25.0706061], [55.135158, 25.0705463], [55.135177, 25.0705305], [55.1351446, 25.0704985], [55.1352289, 25.0705008], [55.1352585, 25.0704862], [55.1352954, 25.0704551], [55.1357264, 25.0708756], [55.1356466, 25.0709426], [55.1356364, 25.0709996]]]}}, {"type": "Feature", "properties": {"status": "existing", "bHeight": 102.0, "name": "", "levels": "30"}, "geometry": {"type": "Polygon", "coordinates": [[[55.135548, 25.0704694], [55.1355816, 25.0704079], [55.1356302, 25.0703358], [55.1357071, 25.0702661], [55.1357908, 25.0702135], [55.1358705, 25.0701842], [55.135969, 25.0701585], [55.1360554, 25.0702429], [55.1360486, 25.0702734], [55.1360257, 25.0703297], [55.1360122, 25.0703492], [55.1359812, 25.0703945], [55.1359515, 25.0704263], [55.1359218, 25.0704568], [55.1358759, 25.0704947], [55.1358178, 25.0705314], [55.1357476, 25.070562], [55.1356815, 25.0705803], [55.1356397, 25.0705718], [55.135614, 25.0705828], [55.1355614, 25.0705278], [55.1355722, 25.0705045], [55.135548, 25.0704694]]]}}, {"type": "Feature", "properties": {"status": "existing", "bHeight": 131.2, "name": "Millennium Place Marina", "levels": "22"}, "geometry": {"type": "Polygon", "coordinates": [[[55.1360702, 25.0710069], [55.1364422, 25.0707128], [55.1365616, 25.0708367], [55.1361896, 25.0711308], [55.1360702, 25.0710069]]]}}, {"type": "Feature", "properties": {"status": "existing", "bHeight": 110.0, "name": "SONO Windows & Doors", "levels": "28"}, "geometry": {"type": "Polygon", "coordinates": [[[55.1396821, 25.0758563], [55.1403168, 25.0754554], [55.1400787, 25.0751461], [55.1397492, 25.0753543], [55.139444, 25.0755471], [55.1396821, 25.0758563]]]}}, {"type": "Feature", "properties": {"status": "existing", "bHeight": 98.4, "name": "Crowne Plaza Dubai Marina", "levels": "24"}, "geometry": {"type": "Polygon", "coordinates": [[[55.1390939, 25.0755655], [55.1387773, 25.0754498], [55.1388212, 25.0753514], [55.1389293, 25.0753909], [55.1389602, 25.0753215], [55.1388455, 25.0752796], [55.1388885, 25.0751831], [55.1392057, 25.075299], [55.139165, 25.0753903], [55.1390799, 25.0753592], [55.1390543, 25.0754168], [55.1391453, 25.0754501], [55.1390939, 25.0755655]]]}}, {"type": "Feature", "properties": {"status": "existing", "bHeight": 131.2, "name": "West Avenue Tower", "levels": "34"}, "geometry": {"type": "Polygon", "coordinates": [[[55.1387596, 25.0741934], [55.139013, 25.0744599], [55.1387982, 25.0746461], [55.138534, 25.0743712], [55.1387596, 25.0741934]]]}}, {"type": "Feature", "properties": {"status": "existing", "bHeight": 123.0, "name": "The Address Dubai Marina", "levels": "42"}, "geometry": {"type": "Polygon", "coordinates": [[[55.1398366, 25.077749], [55.1399889, 25.0776395], [55.1400061, 25.0776271], [55.1403675, 25.0773672], [55.1405829, 25.0772124], [55.1405609, 25.0772037], [55.1404395, 25.0771353], [55.140096, 25.077364], [55.1398671, 25.0775286], [55.1398476, 25.0775427], [55.1397299, 25.0776273], [55.1398366, 25.077749]]]}}, {"type": "Feature", "properties": {"status": "existing", "bHeight": 60.0, "name": "", "levels": "19"}, "geometry": {"type": "Polygon", "coordinates": [[[55.1403675, 25.0773672], [55.140413, 25.0774361], [55.1405137, 25.0774081], [55.1405712, 25.0773994], [55.1406469, 25.0773973], [55.1407223, 25.0774068], [55.1407809, 25.0774229], [55.1408417, 25.0774463], [55.1409737, 25.0773541], [55.1410363, 25.0772889], [55.1409272, 25.0772406], [55.1408123, 25.0772154], [55.1407324, 25.0772068], [55.1406643, 25.0772026], [55.1405829, 25.0772124], [55.1403675, 25.0773672]]]}}, {"type": "Feature", "properties": {"status": "existing", "bHeight": 80.0, "name": "The Atlantic Tower", "levels": "18"}, "geometry": {"type": "Polygon", "coordinates": [[[55.1405336, 25.0785981], [55.1404974, 25.078647], [55.1404456, 25.0786825], [55.1403838, 25.0787009], [55.1403188, 25.0787001], [55.1402577, 25.0786803], [55.140207, 25.0786436], [55.1401722, 25.0785939], [55.1401571, 25.0785368], [55.1401632, 25.0784782], [55.14019, 25.0784247], [55.1402346, 25.0783819], [55.140292, 25.0783545], [55.1403562, 25.0783455], [55.1404202, 25.0783559], [55.1404769, 25.0783845], [55.1405204, 25.0784283], [55.1405458, 25.0784825], [55.1405504, 25.0785412], [55.1405336, 25.0785981]]]}}, {"type": "Feature", "properties": {"status": "existing", "bHeight": 12.0, "name": "", "levels": ""}, "geometry": {"type": "Polygon", "coordinates": [[[55.1404974, 25.078647], [55.1406285, 25.0787671], [55.1407476, 25.0786439], [55.1405458, 25.0784825], [55.1405504, 25.0785412], [55.1405336, 25.0785981], [55.1404974, 25.078647]]]}}, {"type": "Feature", "properties": {"status": "existing", "bHeight": 49.2, "name": "Marina View Tower 2", "levels": "12"}, "geometry": {"type": "Polygon", "coordinates": [[[55.141758, 25.079845], [55.1415924, 25.0796922], [55.1419057, 25.0794617], [55.1420746, 25.0796227], [55.141758, 25.079845]]]}}, {"type": "Feature", "properties": {"status": "existing", "bHeight": 98.4, "name": "Marina View Tower 1", "levels": "24"}, "geometry": {"type": "Polygon", "coordinates": [[[55.1423363, 25.0793011], [55.1421835, 25.0791473], [55.1425118, 25.0788798], [55.1426646, 25.0790337], [55.1424051, 25.079245], [55.1423363, 25.0793011]]]}}, {"type": "Feature", "properties": {"status": "existing", "bHeight": 12.0, "name": "", "levels": ""}, "geometry": {"type": "Polygon", "coordinates": [[[55.143153, 25.0803158], [55.1433088, 25.080541], [55.1434546, 25.0807123], [55.1436685, 25.0808584], [55.143836, 25.0809426], [55.1439755, 25.0808752], [55.1441523, 25.0807909], [55.1442632, 25.0807214], [55.1440761, 25.0805257], [55.1439338, 25.0806123], [55.1437806, 25.0806942], [55.1435018, 25.0804077], [55.1433679, 25.0802971], [55.1432601, 25.080221], [55.143153, 25.0803158]]]}}, {"type": "Feature", "properties": {"status": "existing", "bHeight": 71.4, "name": "", "levels": "21"}, "geometry": {"type": "Polygon", "coordinates": [[[55.1455205, 25.082066], [55.1453883, 25.0819382], [55.1456826, 25.0816882], [55.1458105, 25.0818195], [55.1455205, 25.082066]]]}}, {"type": "Feature", "properties": {"status": "existing", "bHeight": 104.0, "name": "", "levels": "31"}, "geometry": {"type": "Polygon", "coordinates": [[[55.1464719, 25.0825014], [55.1464382, 25.0824902], [55.1463731, 25.0825604], [55.1463049, 25.0826447], [55.1462614, 25.0827177], [55.1462428, 25.0827935], [55.146249, 25.0828693], [55.1462614, 25.0829199], [55.1462987, 25.0829171], [55.146339, 25.0830716], [55.1463917, 25.0831923], [55.1464661, 25.0832991], [55.1465343, 25.0833861], [55.1466274, 25.0834451], [55.1467514, 25.0835013], [55.1468878, 25.0835322], [55.1470274, 25.083549], [55.1471638, 25.0835546], [55.1472538, 25.0835462], [55.1473468, 25.0835294], [55.1474739, 25.0834464], [55.1475027, 25.0834566], [55.1475812, 25.0834846], [55.1477283, 25.0831634], [55.1475111, 25.0830818], [55.1475406, 25.083036], [55.1473344, 25.0828665], [55.1469933, 25.0831783], [55.14677, 25.0829845], [55.1466863, 25.0829143], [55.1466336, 25.0828525], [55.1466119, 25.0828076], [55.1466026, 25.0827458], [55.1466026, 25.0826812], [55.1466367, 25.0826568], [55.1467058, 25.0826283], [55.1467694, 25.0825761], [55.1468416, 25.0824987], [55.1468598, 25.0824716], [55.1468831, 25.082437], [55.1467736, 25.0823906], [55.1467498, 25.082286], [55.1466722, 25.0823058], [55.1466047, 25.0823395], [55.1465458, 25.0823925], [55.146518, 25.0824327], [55.1464719, 25.0825014]]]}}, {"type": "Feature", "properties": {"status": "existing", "bHeight": 208.0, "name": "", "levels": "61"}, "geometry": {"type": "Polygon", "coordinates": [[[55.1484615, 25.0876021], [55.1480058, 25.0871154], [55.1483714, 25.086857], [55.1487483, 25.0872266], [55.1487284, 25.0873602], [55.1484615, 25.0876021]]]}}, {"type": "Feature", "properties": {"status": "existing", "bHeight": 12.0, "name": "Marina Arcade Tower", "levels": ""}, "geometry": {"type": "Polygon", "coordinates": [[[55.1503277, 25.0903494], [55.1506663, 25.0900867], [55.150317, 25.0897181], [55.1499784, 25.0899772], [55.1503277, 25.0903494]]]}}, {"type": "Feature", "properties": {"status": "existing", "bHeight": 27.2, "name": "1, Blue Waters Island Street", "levels": "8"}, "geometry": {"type": "Polygon", "coordinates": [[[55.119429, 25.0795416], [55.1195102, 25.0792084], [55.1194903, 25.0791889], [55.1198442, 25.0788929], [55.1199327, 25.0789798], [55.1199045, 25.0790034], [55.1199705, 25.079068], [55.1197268, 25.0792718], [55.1196453, 25.0796063], [55.1195163, 25.0795805], [55.1195213, 25.0795601], [55.119429, 25.0795416]]]}}, {"type": "Feature", "properties": {"status": "existing", "bHeight": 27.2, "name": "2, Blue Waters Island Street", "levels": "8"}, "geometry": {"type": "Polygon", "coordinates": [[[55.1202631, 25.0796851], [55.120164, 25.0796127], [55.1201833, 25.079591], [55.1200933, 25.0795252], [55.1204725, 25.0790997], [55.1204538, 25.079099], [55.1204832, 25.0784634], [55.1206141, 25.0784683], [55.1206124, 25.0785052], [55.1207137, 25.0785091], [55.120681, 25.0792162], [55.1202631, 25.0796851]]]}}, {"type": "Feature", "properties": {"status": "existing", "bHeight": 30.6, "name": "10, Blue Waters Island Street", "levels": "9"}, "geometry": {"type": "Polygon", "coordinates": [[[55.1207911, 25.0796756], [55.120806, 25.0793459], [55.1207814, 25.0793286], [55.1210835, 25.0789751], [55.1211938, 25.0790524], [55.1211663, 25.0790846], [55.1212399, 25.0791362], [55.1210363, 25.0793746], [55.1210217, 25.0796996], [55.1209006, 25.0796952], [55.1209013, 25.0796797], [55.1207911, 25.0796756]]]}}, {"type": "Feature", "properties": {"status": "existing", "bHeight": 44.2, "name": "9, Blue Waters Island Street", "levels": "13"}, "geometry": {"type": "Polygon", "coordinates": [[[55.1213148, 25.0796342], [55.1214723, 25.0791609], [55.1216043, 25.0791969], [55.1216132, 25.07917], [55.1216884, 25.0791905], [55.121515, 25.0797117], [55.1213869, 25.0796767], [55.1213938, 25.0796557], [55.1213148, 25.0796342]]]}}, {"type": "Feature", "properties": {"status": "existing", "bHeight": 30.6, "name": "3, Blue Waters Island Street", "levels": "9"}, "geometry": {"type": "Polygon", "coordinates": [[[55.1210172, 25.0789452], [55.1209217, 25.0788778], [55.1209485, 25.0788465], [55.1208466, 25.0787746], [55.1211439, 25.078429], [55.1211093, 25.0784276], [55.1211387, 25.0778331], [55.1212469, 25.0778374], [55.1212448, 25.0778805], [55.1213761, 25.0778858], [55.1213424, 25.0785671], [55.1210172, 25.0789452]]]}}, {"type": "Feature", "properties": {"status": "existing", "bHeight": 30.6, "name": "4, Blue Waters Island Street", "levels": "9"}, "geometry": {"type": "Polygon", "coordinates": [[[55.1219875, 25.0780495], [55.121674, 25.0784172], [55.121548, 25.078329], [55.1215748, 25.0782975], [55.1215093, 25.0782517], [55.1217573, 25.0779609], [55.1217897, 25.077289], [55.1219287, 25.0772945], [55.1219271, 25.077327], [55.1220221, 25.0773307], [55.1219875, 25.0780495]]]}}, {"type": "Feature", "properties": {"status": "existing", "bHeight": 30.6, "name": "5, Blue Waters Island Street", "levels": "9"}, "geometry": {"type": "Polygon", "coordinates": [[[55.1221683, 25.0777565], [55.1224242, 25.077453], [55.1224629, 25.0768062], [55.122581, 25.076812], [55.1225788, 25.0768487], [55.1226699, 25.0768532], [55.122628, 25.0775541], [55.1223321, 25.077905], [55.1222245, 25.0778306], [55.1222433, 25.0778083], [55.1221683, 25.0777565]]]}}, {"type": "Feature", "properties": {"status": "existing", "bHeight": 51.0, "name": "8, Blue Waters Island Street", "levels": "15"}, "geometry": {"type": "Polygon", "coordinates": [[[55.1227748, 25.078211], [55.1222421, 25.0785593], [55.1221455, 25.078438], [55.1221753, 25.0784186], [55.1221034, 25.0783284], [55.1225731, 25.0780213], [55.1226548, 25.0781237], [55.1226879, 25.078102], [55.1227748, 25.078211]]]}}, {"type": "Feature", "properties": {"status": "existing", "bHeight": 51.0, "name": "7, Blue Waters Island Street", "levels": "15"}, "geometry": {"type": "Polygon", "coordinates": [[[55.122745, 25.0780228], [55.1227858, 25.0779496], [55.1228078, 25.0779596], [55.1230117, 25.0775945], [55.1231179, 25.0776432], [55.1231349, 25.0776128], [55.1231937, 25.0776398], [55.1229041, 25.0781582], [55.1227923, 25.0781069], [55.1228201, 25.0780572], [55.122745, 25.0780228]]]}}, {"type": "Feature", "properties": {"status": "existing", "bHeight": 44.2, "name": "6, Blue Waters Island Street", "levels": "13"}, "geometry": {"type": "Polygon", "coordinates": [[[55.1231412, 25.077356], [55.1231251, 25.0770556], [55.1232573, 25.0770498], [55.1232553, 25.0770115], [55.123341, 25.0770077], [55.1233709, 25.0775658], [55.1232785, 25.0775698], [55.1232774, 25.0775488], [55.1231762, 25.0775532], [55.1231656, 25.0773549], [55.1231412, 25.077356]]]}}, {"type": "Feature", "properties": {"status": "existing", "bHeight": 12.0, "name": "Caesars Forum", "levels": ""}, "geometry": {"type": "Polygon", "coordinates": [[[55.1231572, 25.0821462], [55.1229777, 25.0824349], [55.1226774, 25.0822818], [55.1227613, 25.0821467], [55.1227112, 25.0821212], [55.1228068, 25.0819675], [55.1231572, 25.0821462]]]}}, {"type": "Feature", "properties": {"status": "existing", "bHeight": 12.0, "name": "The Wharf", "levels": ""}, "geometry": {"type": "Polygon", "coordinates": [[[55.1231091, 25.0808299], [55.1231211, 25.0810034], [55.1230757, 25.0809662], [55.1229707, 25.0808743], [55.1228854, 25.0807875], [55.1227909, 25.0806638], [55.1227438, 25.0805811], [55.1227166, 25.0805191], [55.1226788, 25.0804164], [55.1226473, 25.0802821], [55.1226297, 25.0801478], [55.1226356, 25.0800199], [55.1226459, 25.0799528], [55.1226578, 25.079875], [55.1226915, 25.0797802], [55.1227689, 25.0796046], [55.1228656, 25.0794605], [55.1229543, 25.0793632], [55.1230757, 25.0792596], [55.1232263, 25.0791633], [55.1233939, 25.0790747], [55.1234631, 25.0790672], [55.1235217, 25.0790491], [55.1236104, 25.079029], [55.1234954, 25.0791829], [55.123367, 25.0792167], [55.1232093, 25.079278], [55.1230809, 25.0793584], [55.1229607, 25.0794578], [55.1228614, 25.0795762], [55.1227937, 25.0796957], [55.1227435, 25.0798353], [55.1227202, 25.0799654], [55.1227155, 25.0801092], [55.1227365, 25.0802371], [55.1227774, 25.0803545], [55.1228112, 25.0804659], [55.1228627, 25.0805619], [55.1229349, 25.0806844], [55.1230772, 25.0808057], [55.1231091, 25.0808299]]]}}, {"type": "Feature", "properties": {"status": "existing", "bHeight": 6.4, "name": "", "levels": "2"}, "geometry": {"type": "Polygon", "coordinates": [[[55.1223604, 25.0791632], [55.1222382, 25.0793122], [55.1221399, 25.079518], [55.1220799, 25.0797373], [55.1224353, 25.07979], [55.1224271, 25.0798269], [55.1225151, 25.0798416], [55.1225395, 25.0797664], [55.1226915, 25.0797802], [55.1227689, 25.0796046], [55.1228656, 25.0794605], [55.1223604, 25.0791632]]]}}, {"type": "Feature", "properties": {"status": "existing", "bHeight": 12.0, "name": "", "levels": ""}, "geometry": {"type": "Polygon", "coordinates": [[[55.122146, 25.0799935], [55.1221944, 25.0800141], [55.1222616, 25.080023], [55.1223061, 25.0800141], [55.1223328, 25.0799988], [55.1223387, 25.0799854], [55.1223318, 25.0799684], [55.1222913, 25.0799433], [55.1222191, 25.0799353], [55.1221638, 25.0799451], [55.1221341, 25.0799594], [55.1221302, 25.0799693], [55.1221321, 25.0799809], [55.122146, 25.0799935]]]}}, {"type": "Feature", "properties": {"status": "existing", "bHeight": 12.0, "name": "", "levels": ""}, "geometry": {"type": "Polygon", "coordinates": [[[55.1246829, 25.0769606], [55.1246288, 25.0769683], [55.124574, 25.0769761], [55.1244923, 25.0765059], [55.1246457, 25.0765271], [55.1246269, 25.0766382], [55.1246829, 25.0769606]]]}}, {"type": "Feature", "properties": {"status": "existing", "bHeight": 12.0, "name": "", "levels": ""}, "geometry": {"type": "Polygon", "coordinates": [[[55.1243726, 25.0763265], [55.1242044, 25.0762959], [55.1241715, 25.0764422], [55.1242, 25.0764474], [55.12417, 25.0765808], [55.1241271, 25.0765729], [55.1240794, 25.0768438], [55.1240203, 25.0771257], [55.1241376, 25.0771515], [55.1241282, 25.0772091], [55.1241792, 25.0772166], [55.1243726, 25.0763265]]]}}, {"type": "Feature", "properties": {"status": "existing", "bHeight": 12.0, "name": "", "levels": ""}, "geometry": {"type": "Polygon", "coordinates": [[[55.123332, 25.0764856], [55.1231989, 25.0763442], [55.1232748, 25.0762856], [55.1234079, 25.076427], [55.123332, 25.0764856]]]}}, {"type": "Feature", "properties": {"status": "existing", "bHeight": 27.2, "name": "Five JBR", "levels": "8"}, "geometry": {"type": "Polygon", "coordinates": [[[55.1351597, 25.0814372], [55.1352993, 25.0815803], [55.1358242, 25.0811527], [55.1361658, 25.0814925], [55.1356567, 25.0818812], [55.1358008, 25.0820284], [55.1369677, 25.0810489], [55.1366762, 25.0807604], [55.1364204, 25.0805073], [55.1363607, 25.0804482], [55.1351597, 25.0814372]]]}}, {"type": "Feature", "properties": {"status": "existing", "bHeight": 12.0, "name": "Daily Gourmet", "levels": ""}, "geometry": {"type": "Polygon", "coordinates": [[[55.1386787, 25.0822291], [55.1387645, 25.0823141], [55.1388074, 25.0822643], [55.1388799, 25.0823299], [55.1389228, 25.0823262], [55.1389147, 25.0822024], [55.1386787, 25.0822291]]]}}, {"type": "Feature", "properties": {"status": "existing", "bHeight": 12.0, "name": "", "levels": ""}, "geometry": {"type": "Polygon", "coordinates": [[[55.1377625, 25.0806031], [55.1377685, 25.0806385], [55.1377618, 25.0806737], [55.1377432, 25.0807053], [55.1377146, 25.0807299], [55.1376789, 25.0807451], [55.1376397, 25.0807493], [55.1375983, 25.0807412], [55.1375624, 25.0807208], [55.1375362, 25.0806907], [55.1375228, 25.0806544], [55.1375236, 25.0806161], [55.1375387, 25.0805802], [55.1375663, 25.0805511], [55.1376031, 25.0805322], [55.1376419, 25.0805256], [55.137681, 25.0805304], [55.1377164, 25.0805462], [55.1377446, 25.0805713], [55.1377625, 25.0806031]]]}}, {"type": "Feature", "properties": {"status": "existing", "bHeight": 3.2, "name": "", "levels": "1"}, "geometry": {"type": "Polygon", "coordinates": [[[55.1351286, 25.0775327], [55.1352108, 25.0781266], [55.1356146, 25.0780829], [55.1355968, 25.0779162], [55.1355682, 25.0778288], [55.135511, 25.0777155], [55.1354556, 25.0776378], [55.1353913, 25.0775602], [55.1353216, 25.0775051], [55.1353359, 25.0774744], [55.1353323, 25.0774404], [55.1353145, 25.0774064], [55.1352894, 25.0773821], [55.1352483, 25.077366], [55.1352144, 25.0773595], [55.1351787, 25.0773676], [55.1351304, 25.0773983], [55.1351072, 25.0774307], [55.1351054, 25.0774825], [55.1351286, 25.0775327]]]}}, {"type": "Feature", "properties": {"status": "existing", "bHeight": 335.0, "name": "DAMAC Heights", "levels": "86"}, "geometry": {"type": "Polygon", "coordinates": [[[55.145253, 25.0874717], [55.1454919, 25.0876678], [55.1458574, 25.0873025], [55.1456184, 25.0871065], [55.145253, 25.0874717]]]}}, {"type": "Feature", "properties": {"status": "existing", "bHeight": 377.0, "name": "Ciel Tower", "levels": "82"}, "geometry": {"type": "Polygon", "coordinates": [[[55.1442945, 25.0874579], [55.1447845, 25.0875886], [55.1450145, 25.08765], [55.1451917, 25.0875315], [55.1451556, 25.0875022], [55.1450237, 25.0873951], [55.1446096, 25.0870591], [55.1443143, 25.0873423], [55.1442945, 25.0874579]]]}}, {"type": "Feature", "properties": {"status": "existing", "bHeight": 12.0, "name": "Al Marsa Fire Station", "levels": ""}, "geometry": {"type": "Polygon", "coordinates": [[[55.1517373, 25.0888479], [55.1518325, 25.0887568], [55.1520672, 25.0888771], [55.1520297, 25.0889293], [55.151964, 25.0889937], [55.1519077, 25.0890374], [55.1518594, 25.0889888], [55.151803, 25.0890168], [55.1517682, 25.0889961], [55.1517816, 25.0890593], [55.1517239, 25.0890726], [55.1517414, 25.0891115], [55.1516475, 25.0891516], [55.151563, 25.0891661], [55.151512, 25.0891686], [55.151508, 25.0889572], [55.1517092, 25.0889099], [55.1517414, 25.0888929], [55.1517668, 25.0888698], [55.1517373, 25.0888479]]]}}, {"type": "Feature", "properties": {"status": "existing", "bHeight": 155.8, "name": "The Summit", "levels": "38"}, "geometry": {"type": "Polygon", "coordinates": [[[55.1522609, 25.0885525], [55.152281, 25.0884505], [55.1522917, 25.0883569], [55.152269, 25.0882792], [55.1517419, 25.0877508], [55.1515166, 25.0879233], [55.1514857, 25.0880727], [55.1514978, 25.0881213], [55.1520745, 25.0887286], [55.152218, 25.0886084], [55.1522609, 25.0885525]]]}}, {"type": "Feature", "properties": {"status": "existing", "bHeight": 90.0, "name": "The Jewels A", "levels": "21"}, "geometry": {"type": "Polygon", "coordinates": [[[55.1303469, 25.0715537], [55.1305296, 25.0715938], [55.1306292, 25.0712211], [55.1304465, 25.071181], [55.1303469, 25.0715537]]]}}, {"type": "Feature", "properties": {"status": "existing", "bHeight": 3.2, "name": "Le Deck", "levels": "1"}, "geometry": {"type": "Polygon", "coordinates": [[[55.140059, 25.0850693], [55.1400782, 25.085088], [55.1400886, 25.0851117], [55.1400888, 25.0851372], [55.1400787, 25.085161], [55.1400597, 25.0851799], [55.1400381, 25.0851901], [55.1400141, 25.0851936], [55.13999, 25.0851901], [55.1399685, 25.0851799], [55.1399505, 25.0851625], [55.1399401, 25.0851406], [55.1399386, 25.0851168], [55.1399461, 25.085094], [55.1399618, 25.0850749], [55.1399837, 25.0850617], [55.1400093, 25.0850561], [55.1400354, 25.0850588], [55.140059, 25.0850693]]]}}, {"type": "Feature", "properties": {"status": "existing", "bHeight": 3.2, "name": "Pool Bar", "levels": "1"}, "geometry": {"type": "Polygon", "coordinates": [[[55.1385154, 25.0849573], [55.1385348, 25.0849726], [55.1385471, 25.084993], [55.138551, 25.085016], [55.1385459, 25.0850389], [55.1385324, 25.0850587], [55.1385122, 25.0850731], [55.1384878, 25.0850804], [55.1384621, 25.0850796], [55.1384383, 25.0850709], [55.1384211, 25.0850574], [55.1384094, 25.0850398], [55.1384041, 25.0850198], [55.1384068, 25.0849957], [55.1384188, 25.0849741], [55.1384386, 25.0849578], [55.1384635, 25.0849489], [55.1384903, 25.0849488], [55.1385154, 25.0849573]]]}}, {"type": "Feature", "properties": {"status": "existing", "bHeight": 3.0, "name": "", "levels": ""}, "geometry": {"type": "Polygon", "coordinates": [[[55.138622, 25.0847371], [55.138738, 25.084643], [55.1386883, 25.0845927], [55.1385723, 25.0846869], [55.138622, 25.0847371]]]}}, {"type": "Feature", "properties": {"status": "existing", "bHeight": 75.0, "name": "Orra Harbour Residences & Hotel Apartments", "levels": "19"}, "geometry": {"type": "Polygon", "coordinates": [[[55.1410689, 25.0791759], [55.1410933, 25.0792281], [55.1411272, 25.0792165], [55.1411487, 25.0792486], [55.141264, 25.0791648], [55.1414013, 25.0790536], [55.1413391, 25.0790358], [55.141365, 25.0789996], [55.1413419, 25.078993], [55.1413176, 25.0789466], [55.1412622, 25.0789512], [55.1412253, 25.0789221], [55.1411725, 25.0789648], [55.1411365, 25.0789345], [55.1410901, 25.078977], [55.1408731, 25.078744], [55.140895, 25.0787247], [55.140915, 25.0787315], [55.1410499, 25.0786223], [55.1410111, 25.0785826], [55.1406895, 25.0788315], [55.1407833, 25.0789002], [55.140804, 25.0788928], [55.1410148, 25.0791091], [55.1409905, 25.0791316], [55.1410186, 25.0791472], [55.1409983, 25.0791764], [55.1410689, 25.0791759]]]}}, {"type": "Feature", "properties": {"status": "existing", "bHeight": 3.2, "name": "", "levels": "1"}, "geometry": {"type": "Polygon", "coordinates": [[[55.1347681, 25.0756579], [55.1348734, 25.0756838], [55.1348874, 25.075637], [55.1348682, 25.0756322], [55.1348842, 25.0755785], [55.134934, 25.0755908], [55.1349503, 25.0755365], [55.1349314, 25.0755319], [55.1349438, 25.0754906], [55.1349818, 25.0755], [55.1350223, 25.0753648], [55.1353334, 25.0754412], [55.1353532, 25.0753751], [55.1349608, 25.0752786], [55.134903, 25.0754715], [55.1348667, 25.0754625], [55.1348503, 25.0755175], [55.1348367, 25.0755141], [55.1348233, 25.0755589], [55.1348106, 25.0755558], [55.134794, 25.0756112], [55.1347829, 25.0756085], [55.1347681, 25.0756579]]]}}, {"type": "Feature", "properties": {"status": "existing", "bHeight": 3.2, "name": "Kababji Abo Ali", "levels": "1"}, "geometry": {"type": "Polygon", "coordinates": [[[55.1307651, 25.0750314], [55.130908, 25.0749221], [55.1307041, 25.0747035], [55.1305613, 25.0748127], [55.1307651, 25.0750314]]]}}, {"type": "Feature", "properties": {"status": "existing", "bHeight": 3.2, "name": "", "levels": "1"}, "geometry": {"type": "Polygon", "coordinates": [[[55.1371273, 25.0783426], [55.1372425, 25.0782646], [55.1371312, 25.0781298], [55.137016, 25.0782078], [55.1371273, 25.0783426]]]}}, {"type": "Feature", "properties": {"status": "existing", "bHeight": 3.2, "name": "", "levels": "1"}, "geometry": {"type": "Polygon", "coordinates": [[[55.1365855, 25.0771972], [55.1366722, 25.0771613], [55.1364871, 25.0767945], [55.1364005, 25.0768303], [55.1365855, 25.0771972]]]}}, {"type": "Feature", "properties": {"status": "existing", "bHeight": 224.0, "name": "Marina Gate 3", "levels": "56"}, "geometry": {"type": "Polygon", "coordinates": [[[55.1470659, 25.0873223], [55.1468191, 25.0870478], [55.1465126, 25.0872737], [55.1467594, 25.0875482], [55.1470659, 25.0873223]]]}}, {"type": "Feature", "properties": {"status": "existing", "bHeight": 206.0, "name": "Marina Gate 1", "levels": "52"}, "geometry": {"type": "Polygon", "coordinates": [[[55.1479205, 25.0866945], [55.1476711, 25.0864054], [55.1473615, 25.0866245], [55.1476109, 25.0869136], [55.1479205, 25.0866945]]]}}, {"type": "Feature", "properties": {"status": "existing", "bHeight": 215.0, "name": "Marina Arcade Tower", "levels": "131", "height_source": "hand-pinned: Overture 65 floors; the 40 m fallback had given it a neighbour's height"}, "geometry": {"type": "Polygon", "coordinates": [[[55.149386, 25.0886366], [55.1497182, 25.0883745], [55.1494547, 25.0881005], [55.1491225, 25.0883625], [55.149386, 25.0886366]]]}}, {"type": "Feature", "properties": {"status": "existing", "bHeight": 256.0, "name": "Marina Gate 2", "levels": "66"}, "geometry": {"type": "Polygon", "coordinates": [[[55.1467082, 25.0866896], [55.146945, 25.0869451], [55.1472294, 25.0867289], [55.1469925, 25.0864734], [55.1467082, 25.0866896]]]}}, {"type": "Feature", "properties": {"status": "existing", "bHeight": 125.8, "name": "No.9", "levels": "37"}, "geometry": {"type": "Polygon", "coordinates": [[[55.1449916, 25.0834296], [55.1448414, 25.0832814], [55.1447583, 25.0833505], [55.1447347, 25.0833701], [55.1446594, 25.0834327], [55.1448096, 25.0835809], [55.1449916, 25.0834296]]]}}, {"type": "Feature", "properties": {"status": "existing", "bHeight": 6.4, "name": "1/JBR", "levels": "2"}, "geometry": {"type": "Polygon", "coordinates": [[[55.1388056, 25.0843951], [55.139446, 25.0838876], [55.1393744, 25.0838133], [55.1394222, 25.0837763], [55.1393723, 25.0837236], [55.139422, 25.0836724], [55.1391352, 25.0833474], [55.1390477, 25.08342], [55.1389888, 25.0833648], [55.1383301, 25.0838568], [55.1383554, 25.0838704], [55.1383094, 25.0839136], [55.1388056, 25.0843951]]]}}, {"type": "Feature", "properties": {"status": "existing", "bHeight": 12.0, "name": "Zero Gravity", "levels": ""}, "geometry": {"type": "Polygon", "coordinates": [[[55.1376473, 25.0896412], [55.1380892, 25.0893388], [55.1377582, 25.0889419], [55.1373162, 25.0892443], [55.1376473, 25.0896412]]]}}, {"type": "Feature", "properties": {"status": "existing", "bHeight": 30.6, "name": "Al Tasamuh Mosque", "levels": "9"}, "geometry": {"type": "Polygon", "coordinates": [[[55.1219635, 25.0790532], [55.1217838, 25.0790265], [55.1217931, 25.0789876], [55.121702, 25.078973], [55.1217154, 25.0789342], [55.1216309, 25.0789172], [55.1216389, 25.0788832], [55.1215625, 25.0788662], [55.1215786, 25.0788212], [55.1216054, 25.0788212], [55.1216094, 25.0787896], [55.1216336, 25.0787884], [55.1216416, 25.078752], [55.1216617, 25.0787532], [55.1216631, 25.0787289], [55.1216872, 25.0787313], [55.1216926, 25.0786888], [55.1217167, 25.0786949], [55.1217194, 25.0786572], [55.1217408, 25.0786633], [55.1217489, 25.0786244], [55.1217771, 25.0786244], [55.1217811, 25.0786001], [55.1217891, 25.0785601], [55.1222759, 25.0787082], [55.1219635, 25.0790532]]]}}, {"type": "Feature", "properties": {"status": "existing", "bHeight": 12.0, "name": "", "levels": ""}, "geometry": {"type": "Polygon", "coordinates": [[[55.1415852, 25.0831405], [55.1419137, 25.0834624], [55.1421619, 25.0832546], [55.1418333, 25.0829327], [55.1415852, 25.0831405]]]}}, {"type": "Feature", "properties": {"status": "existing", "bHeight": 12.0, "name": "Dubai Harbour Cruise Terminal B", "levels": ""}, "geometry": {"type": "Polygon", "coordinates": [[[55.1328704, 25.0939815], [55.1318769, 25.0935638], [55.1315676, 25.0941674], [55.1325611, 25.0945849], [55.1328704, 25.0939815]]]}}, {"type": "Feature", "properties": {"status": "existing", "bHeight": 12.0, "name": "Dubai Harbour Cruise Terminal A", "levels": ""}, "geometry": {"type": "Polygon", "coordinates": [[[55.1298402, 25.0927058], [55.1288467, 25.0922881], [55.1285374, 25.0928917], [55.1295309, 25.0933092], [55.1298402, 25.0927058]]]}}, {"type": "Feature", "properties": {"status": "existing", "bHeight": 12.0, "name": "", "levels": ""}, "geometry": {"type": "Polygon", "coordinates": [[[55.1274511, 25.0924105], [55.127513, 25.0922924], [55.1273537, 25.092224], [55.1272918, 25.0923422], [55.1274511, 25.0924105]]]}}, {"type": "Feature", "properties": {"status": "existing", "bHeight": 12.0, "name": "", "levels": ""}, "geometry": {"type": "Polygon", "coordinates": [[[55.1308059, 25.093547], [55.1309925, 25.0931877], [55.1308051, 25.0931079], [55.1306185, 25.0934672], [55.1308059, 25.093547]]]}}, {"type": "Feature", "properties": {"status": "existing", "bHeight": 12.0, "name": "", "levels": ""}, "geometry": {"type": "Polygon", "coordinates": [[[55.1338877, 25.09512], [55.1339477, 25.0950016], [55.1337898, 25.094936], [55.1337298, 25.0950544], [55.1338877, 25.09512]]]}}, {"type": "Feature", "properties": {"status": "existing", "bHeight": 20.4, "name": "Beach Vista towers 1 and 2", "levels": "6"}, "geometry": {"type": "Polygon", "coordinates": [[[55.1398986, 25.0989715], [55.1393933, 25.0984606], [55.1392043, 25.0982695], [55.1390588, 25.0981224], [55.1394255, 25.0978249], [55.1395889, 25.0979901], [55.139778, 25.0981812], [55.1402654, 25.0986739], [55.1398986, 25.0989715]]]}}, {"type": "Feature", "properties": {"status": "existing", "bHeight": 27.2, "name": "Marina  Vista", "levels": "8"}, "geometry": {"type": "Polygon", "coordinates": [[[55.1415472, 25.0985778], [55.140873, 25.0978582], [55.140699, 25.0976831], [55.1403088, 25.098001], [55.1404828, 25.0981762], [55.1408528, 25.0985722], [55.1411503, 25.0988888], [55.1413576, 25.0987189], [55.1415472, 25.0985778]]]}}, {"type": "Feature", "properties": {"status": "existing", "bHeight": 20.4, "name": "Sunrise Bay", "levels": "6"}, "geometry": {"type": "Polygon", "coordinates": [[[55.1402831, 25.0978935], [55.1396554, 25.0971908], [55.1394186, 25.0969411], [55.1397901, 25.0966522], [55.1400268, 25.0969019], [55.1406602, 25.097611], [55.1402831, 25.0978935]]]}}, {"type": "Feature", "properties": {"status": "existing", "bHeight": 12.0, "name": "Beach Mansion", "levels": ""}, "geometry": {"type": "Polygon", "coordinates": [[[55.1424913, 25.0995895], [55.1416441, 25.0987002], [55.1412799, 25.0989847], [55.1421273, 25.0998739], [55.1424913, 25.0995895]]]}}, {"type": "Feature", "properties": {"status": "existing", "bHeight": 12.0, "name": "", "levels": ""}, "geometry": {"type": "Polygon", "coordinates": [[[55.1373669, 25.0886251], [55.1373776, 25.0885291], [55.1373449, 25.0885261], [55.1373342, 25.0886221], [55.1373669, 25.0886251]]]}}, {"type": "Feature", "properties": {"status": "existing", "bHeight": 12.0, "name": "", "levels": ""}, "geometry": {"type": "Polygon", "coordinates": [[[55.1368915, 25.0896894], [55.1369337, 25.0896062], [55.1366605, 25.0894926], [55.1366183, 25.0895757], [55.1368915, 25.0896894]]]}}, {"type": "Feature", "properties": {"status": "existing", "bHeight": 12.0, "name": "", "levels": ""}, "geometry": {"type": "Polygon", "coordinates": [[[55.1374109, 25.0889828], [55.1374779, 25.0889376], [55.1374261, 25.0888746], [55.1373591, 25.0889198], [55.1374109, 25.0889828]]]}}, {"type": "Feature", "properties": {"status": "existing", "bHeight": 12.0, "name": "", "levels": ""}, "geometry": {"type": "Polygon", "coordinates": [[[55.1393576, 25.090018], [55.1393482, 25.0900098], [55.1393312, 25.0900256], [55.1393514, 25.0900435], [55.1393685, 25.0900277], [55.1393576, 25.090018]]]}}, {"type": "Feature", "properties": {"status": "existing", "bHeight": 84.0, "name": "Dorra Bay", "levels": "22"}, "geometry": {"type": "Polygon", "coordinates": [[[55.1279898, 25.0713733], [55.1281295, 25.0715289], [55.128209, 25.0716175], [55.1282687, 25.071661], [55.1283297, 25.0716918], [55.1284047, 25.0717205], [55.1284926, 25.0717438], [55.1285793, 25.0717587], [55.1286661, 25.0717661], [55.1287422, 25.0717597], [55.1292099, 25.071627], [55.1290517, 25.0710686], [55.1288137, 25.071127], [55.1288067, 25.0711005], [55.1287188, 25.0711185], [55.1287247, 25.0711493], [55.1285957, 25.0711631], [55.1284785, 25.0711716], [55.1283496, 25.0711727], [55.1283461, 25.0712087], [55.1282008, 25.0712013], [55.1279898, 25.0713733]]]}}, {"type": "Feature", "properties": {"status": "existing", "bHeight": 12.0, "name": "", "levels": ""}, "geometry": {"type": "Polygon", "coordinates": [[[55.1350549, 25.070267], [55.135298, 25.0700742], [55.135231, 25.0700034], [55.1349895, 25.0701975], [55.1350549, 25.070267]]]}}, {"type": "Feature", "properties": {"status": "existing", "bHeight": 108.8, "name": "Studio One", "levels": "32"}, "geometry": {"type": "Polygon", "coordinates": [[[55.128639, 25.0684241], [55.1287608, 25.0687865], [55.1289649, 25.0687302], [55.1288431, 25.0683678], [55.128639, 25.0684241]]]}}, {"type": "Feature", "properties": {"status": "existing", "bHeight": 91.8, "name": "Marina Star", "levels": "27"}, "geometry": {"type": "Polygon", "coordinates": [[[55.131296, 25.0688468], [55.131406, 25.0688517], [55.131516, 25.0688602], [55.1316394, 25.0688966], [55.1317091, 25.0689355], [55.1317185, 25.0684228], [55.1316192, 25.0683925], [55.1314731, 25.0683949], [55.1312933, 25.0683949], [55.1311713, 25.0684119], [55.131296, 25.0688468]]]}}, {"type": "Feature", "properties": {"status": "existing", "bHeight": 12.0, "name": "Al Rahim Mosque", "levels": ""}, "geometry": {"type": "Polygon", "coordinates": [[[55.1318888, 25.069068], [55.1318994, 25.0690211], [55.1318527, 25.0690124], [55.1318648, 25.0689593], [55.1318277, 25.0689524], [55.1318537, 25.0688386], [55.1318915, 25.0688456], [55.1319035, 25.0687933], [55.1319465, 25.0688013], [55.1319563, 25.0687581], [55.1320895, 25.068783], [55.1320937, 25.0687645], [55.1321561, 25.0687765], [55.1321592, 25.0687647], [55.132284, 25.068788], [55.1322624, 25.068883], [55.1322131, 25.0688738], [55.1322038, 25.0689146], [55.1322555, 25.0689242], [55.1322296, 25.0690383], [55.1321821, 25.0690294], [55.1321713, 25.0690773], [55.1321052, 25.0690649], [55.1320972, 25.0691069], [55.1318888, 25.069068]]]}}, {"type": "Feature", "properties": {"status": "existing", "bHeight": 12.0, "name": "Al Rahim Quran School and Library", "levels": ""}, "geometry": {"type": "Polygon", "coordinates": [[[55.1322965, 25.0688784], [55.1323139, 25.0687824], [55.1323273, 25.0687278], [55.1323555, 25.0686609], [55.1325929, 25.0687533], [55.1325567, 25.0688189], [55.1324708, 25.0687885], [55.1324655, 25.0688225], [55.1325674, 25.0688322], [55.13255, 25.0689258], [55.1322965, 25.0688784]]]}}, {"type": "Feature", "properties": {"status": "existing", "bHeight": 209.0, "name": "Stella Maris", "levels": "54"}, "geometry": {"type": "Polygon", "coordinates": [[[55.1323971, 25.0700864], [55.1326733, 25.0698484], [55.132487, 25.0696272], [55.1322173, 25.0698107], [55.1322214, 25.069903], [55.1322388, 25.0699613], [55.1322629, 25.0700354], [55.1323971, 25.0700864]]]}}, {"type": "Feature", "properties": {"status": "existing", "bHeight": 95.2, "name": "LIV Residence", "levels": "28"}, "geometry": {"type": "Polygon", "coordinates": [[[55.1408508, 25.0813234], [55.1405148, 25.0809376], [55.1409669, 25.0805916], [55.1409956, 25.0806914], [55.1409305, 25.0808863], [55.1409184, 25.0811039], [55.1409466, 25.0812614], [55.1408508, 25.0813234]]]}}, {"type": "Feature", "properties": {"status": "existing", "bHeight": 303.0, "name": "Address Jumeirah Resort", "levels": "78"}, "geometry": {"type": "Polygon", "coordinates": [[[55.1273841, 25.0722946], [55.127335, 25.0722822], [55.127275, 25.0722683], [55.1272394, 25.0722609], [55.1271972, 25.0721976], [55.1271812, 25.0722176], [55.1271644, 25.0722303], [55.1271463, 25.0722406], [55.1270514, 25.0722288], [55.1269759, 25.072226], [55.1269142, 25.072224], [55.1268598, 25.0722234], [55.1267977, 25.0722223], [55.1267521, 25.0722233], [55.1267061, 25.0722242], [55.1266217, 25.0722338], [55.1265917, 25.0722236], [55.1265639, 25.0722092], [55.1265385, 25.0721909], [55.1265154, 25.0722133], [55.1265043, 25.0722256], [55.1264945, 25.0722376], [55.1264794, 25.0722585], [55.1264113, 25.0722694], [55.1263589, 25.0722801], [55.1262819, 25.0722959], [55.1262551, 25.07231], [55.1262404, 25.0723298], [55.1262352, 25.0723532], [55.1262404, 25.0723765], [55.126255, 25.0723963], [55.126277, 25.0724095], [55.1264077, 25.0724392], [55.1265278, 25.0724627], [55.1266492, 25.0724801], [55.126746, 25.0724901], [55.1268392, 25.0724957], [55.1269568, 25.0724963], [55.1270728, 25.0724933], [55.1271396, 25.0724883], [55.1272616, 25.072475], [55.1273825, 25.0724556], [55.1274581, 25.0724417], [55.1274911, 25.0724345], [55.1275101, 25.0724297], [55.127524, 25.0724221], [55.1275369, 25.0724048], [55.1275435, 25.072385], [55.1275411, 25.0723645], [55.1275302, 25.0723464], [55.127512, 25.072335], [55.1275044, 25.0723314], [55.1274893, 25.0723264], [55.1274778, 25.0723225], [55.1274632, 25.072318], [55.1274518, 25.0723149], [55.1274292, 25.0723077], [55.1273841, 25.0722946]]]}}, {"type": "Feature", "properties": {"status": "existing", "bHeight": 40.0, "name": "The Flying Cup", "levels": ""}, "geometry": {"type": "Polygon", "coordinates": [[[55.1321668, 25.0786094], [55.1321502, 25.0786162], [55.1321321, 25.0786175], [55.1321145, 25.0786132], [55.1320996, 25.0786036], [55.1320892, 25.0785901], [55.1320845, 25.0785741], [55.1320861, 25.0785577], [55.1320926, 25.0785443], [55.1321033, 25.0785333], [55.1321171, 25.0785258], [55.1321328, 25.0785224], [55.1321489, 25.0785235], [55.1321639, 25.0785289], [55.1321764, 25.0785382], [55.1321852, 25.0785505], [55.1321896, 25.0785665], [55.1321878, 25.078583], [55.1321799, 25.0785978], [55.1321668, 25.0786094]]]}}, {"type": "Feature", "properties": {"status": "existing", "bHeight": 12.0, "name": "The Flying Cup", "levels": ""}, "geometry": {"type": "Polygon", "coordinates": [[[55.1321868, 25.0784172], [55.132152, 25.0784123], [55.1321009, 25.0784243], [55.1320691, 25.0784574], [55.1320499, 25.0785064], [55.1320445, 25.0785504], [55.1320571, 25.078595], [55.1320853, 25.0786211], [55.1321303, 25.0786298], [55.132176, 25.0786255], [55.1322084, 25.0786026], [55.1322468, 25.0785608], [55.1322594, 25.0785135], [55.1322534, 25.0784656], [55.1322276, 25.0784362], [55.1321868, 25.0784172]]]}}, {"type": "Feature", "properties": {"status": "existing", "bHeight": 12.0, "name": "", "levels": ""}, "geometry": {"type": "Polygon", "coordinates": [[[55.1321156, 25.0784666], [55.1321218, 25.0784459], [55.1322361, 25.0784742], [55.1322299, 25.0784949], [55.1321156, 25.0784666]]]}}, {"type": "Feature", "properties": {"status": "existing", "bHeight": 12.0, "name": "", "levels": ""}, "geometry": {"type": "Polygon", "coordinates": [[[55.1422869, 25.0876067], [55.14269, 25.0872868], [55.1422977, 25.0868814], [55.1418947, 25.0872014], [55.1422869, 25.0876067]]]}}, {"type": "Feature", "properties": {"status": "existing", "bHeight": 12.0, "name": "", "levels": ""}, "geometry": {"type": "Polygon", "coordinates": [[[55.1427767, 25.0872056], [55.1428142, 25.0871721], [55.1427069, 25.0870736], [55.1426694, 25.0871072], [55.1427767, 25.0872056]]]}}, {"type": "Feature", "properties": {"status": "existing", "bHeight": 12.0, "name": "", "levels": ""}, "geometry": {"type": "Polygon", "coordinates": [[[55.142828, 25.0874002], [55.1428723, 25.0873656], [55.1428239, 25.0873148], [55.1427795, 25.0873495], [55.142828, 25.0874002]]]}}, {"type": "Feature", "properties": {"status": "existing", "bHeight": 25.0, "name": "Marina Gate", "levels": "8"}, "geometry": {"type": "Polygon", "coordinates": [[[55.1479184, 25.0863399], [55.1477655, 25.0863569], [55.1475026, 25.0862598], [55.1472961, 25.0862428], [55.147154, 25.0863011], [55.1469313, 25.0864031], [55.1467516, 25.0864395], [55.1466282, 25.0864322], [55.1464861, 25.0864298], [55.1464582, 25.0864758], [55.1465183, 25.0867675], [55.146529, 25.0869132], [55.1464888, 25.0870298], [55.1463654, 25.0871999], [55.1467463, 25.0876541], [55.1481678, 25.0866071], [55.1479184, 25.0863399]]]}}, {"type": "Feature", "properties": {"status": "existing", "bHeight": 210.0, "name": "Ain Dubai", "levels": ""}, "geometry": {"type": "Polygon", "coordinates": [[[55.1236099, 25.0811322], [55.1240868, 25.0789934], [55.1239685, 25.0789718], [55.123492, 25.0811107], [55.1236099, 25.0811322]]]}}, {"type": "Feature", "properties": {"status": "existing", "bHeight": 12.0, "name": "", "levels": ""}, "geometry": {"type": "Polygon", "coordinates": [[[55.1241785, 25.0798114], [55.1241805, 25.0798199], [55.1241854, 25.0798272], [55.1241928, 25.0798326], [55.1242017, 25.0798356], [55.1242112, 25.0798357], [55.1242202, 25.0798329], [55.1242277, 25.0798276], [55.1242328, 25.0798204], [55.124235, 25.079812], [55.1242341, 25.0798035], [55.1242303, 25.0797961], [55.1242241, 25.0797901], [55.1242162, 25.0797862], [55.1242074, 25.0797847], [55.1241984, 25.0797859], [55.1241904, 25.0797895], [55.1241839, 25.0797952], [55.1241797, 25.0798029], [55.1241785, 25.0798114]]]}}, {"type": "Feature", "properties": {"status": "existing", "bHeight": 12.0, "name": "", "levels": ""}, "geometry": {"type": "Polygon", "coordinates": [[[55.1240489, 25.0804339], [55.1240509, 25.0804423], [55.1240558, 25.0804497], [55.1240632, 25.0804551], [55.1240721, 25.080458], [55.1240816, 25.0804581], [55.1240906, 25.0804554], [55.1240981, 25.0804501], [55.1241032, 25.0804429], [55.1241054, 25.0804345], [55.1241044, 25.0804259], [55.1241007, 25.0804185], [55.1240945, 25.0804126], [55.1240866, 25.0804087], [55.1240777, 25.0804072], [55.1240688, 25.0804083], [55.1240607, 25.0804119], [55.1240543, 25.0804177], [55.1240501, 25.0804254], [55.1240489, 25.0804339]]]}}, {"type": "Feature", "properties": {"status": "existing", "bHeight": 12.0, "name": "", "levels": ""}, "geometry": {"type": "Polygon", "coordinates": [[[55.1234399, 25.0796975], [55.1234419, 25.0797059], [55.1234468, 25.0797133], [55.1234542, 25.0797187], [55.1234631, 25.0797217], [55.1234726, 25.0797218], [55.1234816, 25.079719], [55.1234891, 25.0797137], [55.1234942, 25.0797065], [55.1234964, 25.0796981], [55.1234954, 25.0796896], [55.1234917, 25.0796821], [55.1234855, 25.0796762], [55.1234776, 25.0796723], [55.1234688, 25.0796708], [55.1234598, 25.0796719], [55.1234518, 25.0796756], [55.1234453, 25.0796813], [55.1234411, 25.079689], [55.1234399, 25.0796975]]]}}, {"type": "Feature", "properties": {"status": "existing", "bHeight": 12.0, "name": "", "levels": ""}, "geometry": {"type": "Polygon", "coordinates": [[[55.1233196, 25.0803146], [55.1233216, 25.080323], [55.1233265, 25.0803303], [55.1233338, 25.0803358], [55.1233428, 25.0803387], [55.1233523, 25.0803388], [55.1233613, 25.0803361], [55.1233688, 25.0803308], [55.1233739, 25.0803235], [55.1233761, 25.0803152], [55.1233751, 25.0803066], [55.1233713, 25.0802992], [55.1233652, 25.0802932], [55.1233573, 25.0802893], [55.1233484, 25.0802879], [55.1233395, 25.080289], [55.1233314, 25.0802926], [55.123325, 25.0802983], [55.1233208, 25.080306], [55.1233196, 25.0803146]]]}}, {"type": "Feature", "properties": {"status": "existing", "bHeight": 20.4, "name": "", "levels": "6"}, "geometry": {"type": "Polygon", "coordinates": [[[55.1357401, 25.075449], [55.1361433, 25.075689], [55.1360848, 25.0757697], [55.1357096, 25.0755463], [55.1357401, 25.075449]]]}}, {"type": "Feature", "properties": {"status": "existing", "bHeight": 12.0, "name": "", "levels": ""}, "geometry": {"type": "Polygon", "coordinates": [[[55.1466537, 25.0806372], [55.1467926, 25.0806276], [55.1471943, 25.0809738], [55.1471819, 25.0809874], [55.1472244, 25.0810227], [55.1471147, 25.0811236], [55.1466584, 25.0807488], [55.1466537, 25.0806372]]]}}, {"type": "Feature", "properties": {"status": "existing", "bHeight": 12.0, "name": "", "levels": ""}, "geometry": {"type": "Polygon", "coordinates": [[[55.1376374, 25.0911443], [55.1378233, 25.0909696], [55.1377879, 25.0908926], [55.1379489, 25.0908141], [55.1379684, 25.0908414], [55.1380834, 25.0907821], [55.138071, 25.0907468], [55.1381913, 25.0906394], [55.1380533, 25.090508], [55.1379259, 25.0906202], [55.1379206, 25.0906042], [55.1378463, 25.0906426], [55.1378586, 25.0906603], [55.1376486, 25.0907542], [55.1375684, 25.0907901], [55.1376374, 25.0908878], [55.1375431, 25.0909787], [55.1374977, 25.0910225], [55.1375348, 25.0910561], [55.1375136, 25.0910753], [55.1375808, 25.0911395], [55.1376109, 25.0911266], [55.1376374, 25.0911443]]]}}, {"type": "Feature", "properties": {"status": "existing", "bHeight": 12.0, "name": "", "levels": ""}, "geometry": {"type": "Polygon", "coordinates": [[[55.1375431, 25.0909787], [55.137487, 25.0908846], [55.1375631, 25.0908446], [55.1375384, 25.0907933], [55.1376268, 25.0907356], [55.1376486, 25.0907542], [55.1375684, 25.0907901], [55.1376374, 25.0908878], [55.1375431, 25.0909787]]]}}, {"type": "Feature", "properties": {"status": "existing", "bHeight": 12.0, "name": "", "levels": ""}, "geometry": {"type": "Polygon", "coordinates": [[[55.1384213, 25.0905192], [55.1386399, 25.0906052], [55.1386966, 25.0904872], [55.138478, 25.0904011], [55.1384213, 25.0905192]]]}}, {"type": "Feature", "properties": {"status": "existing", "bHeight": 12.0, "name": "", "levels": ""}, "geometry": {"type": "Polygon", "coordinates": [[[55.1436117, 25.0969907], [55.144119, 25.0965908], [55.1442726, 25.0967506], [55.1437654, 25.0971506], [55.1436117, 25.0969907]]]}}, {"type": "Feature", "properties": {"status": "existing", "bHeight": 12.0, "name": "", "levels": ""}, "geometry": {"type": "Polygon", "coordinates": [[[55.1434391, 25.0971225], [55.1432343, 25.0972844], [55.1434022, 25.0974585], [55.143607, 25.0972966], [55.1434391, 25.0971225]]]}}, {"type": "Feature", "properties": {"status": "existing", "bHeight": 12.0, "name": "", "levels": ""}, "geometry": {"type": "Polygon", "coordinates": [[[55.1436836, 25.0970888], [55.143596, 25.0971568], [55.1436732, 25.0972386], [55.143761, 25.0971706], [55.1436836, 25.0970888]]]}}, {"type": "Feature", "properties": {"status": "existing", "bHeight": 10.2, "name": "", "levels": "3"}, "geometry": {"type": "Polygon", "coordinates": [[[55.1493985, 25.0893996], [55.1490297, 25.0890209], [55.1485648, 25.0893923], [55.1485878, 25.0894159], [55.1487473, 25.0895796], [55.148902, 25.0897385], [55.1489337, 25.089771], [55.1493985, 25.0893996]]]}}, {"type": "Feature", "properties": {"status": "existing", "bHeight": 425.0, "name": "", "levels": "125"}, "geometry": {"type": "Polygon", "coordinates": [[[55.1486435, 25.0886585], [55.1481937, 25.0890188], [55.1485648, 25.0893923], [55.1490297, 25.0890209], [55.1486435, 25.0886585]]]}}, {"type": "Feature", "properties": {"status": "existing", "bHeight": 13.6, "name": "Marina Pinnacle", "levels": "4"}, "geometry": {"type": "Polygon", "coordinates": [[[55.1481937, 25.0890188], [55.1486435, 25.0886585], [55.1482564, 25.0882639], [55.1479017, 25.0885494], [55.1478761, 25.0886036], [55.1478728, 25.0886756], [55.1478921, 25.0887398], [55.1481937, 25.0890188]]]}}, {"type": "Feature", "properties": {"status": "existing", "bHeight": 12.0, "name": "", "levels": ""}, "geometry": {"type": "Polygon", "coordinates": [[[55.1344859, 25.0953673], [55.1343118, 25.0952925], [55.13435, 25.0952196], [55.134417, 25.0950917], [55.1344677, 25.0949949], [55.1346419, 25.0950697], [55.1344859, 25.0953673]]]}}, {"type": "Feature", "properties": {"status": "existing", "bHeight": 12.0, "name": "", "levels": ""}, "geometry": {"type": "Polygon", "coordinates": [[[55.13435, 25.0952196], [55.134417, 25.0950917], [55.1342345, 25.0950134], [55.1341676, 25.0951413], [55.13435, 25.0952196]]]}}, {"type": "Feature", "properties": {"status": "existing", "bHeight": 102.0, "name": "Beach Isle at Emaar Beachfront Tower 1", "levels": "30"}, "geometry": {"type": "Polygon", "coordinates": [[[55.1400571, 25.0990946], [55.1403697, 25.0988324], [55.1405838, 25.0990417], [55.1402712, 25.099304], [55.1400571, 25.0990946]]]}}, {"type": "Feature", "properties": {"status": "existing", "bHeight": 78.2, "name": "Beach Isle at Emaar Beachfront Tower 2", "levels": "23"}, "geometry": {"type": "Polygon", "coordinates": [[[55.1406558, 25.0994492], [55.1409275, 25.0997209], [55.1411464, 25.0995415], [55.1408748, 25.0992697], [55.1406558, 25.0994492]]]}}, {"type": "Feature", "properties": {"status": "existing", "bHeight": 12.0, "name": "Grand Bleu Tower 2", "levels": ""}, "geometry": {"type": "Polygon", "coordinates": [[[55.1409989, 25.1001017], [55.1412386, 25.1003567], [55.1416194, 25.1000632], [55.1413797, 25.0998082], [55.1409989, 25.1001017]]]}}, {"type": "Feature", "properties": {"status": "existing", "bHeight": 12.0, "name": "Grand Bleu Tower Building 1", "levels": ""}, "geometry": {"type": "Polygon", "coordinates": [[[55.141565, 25.1006544], [55.141857, 25.1009597], [55.1422097, 25.1006831], [55.1419177, 25.1003777], [55.141565, 25.1006544]]]}}, {"type": "Feature", "properties": {"status": "existing", "bHeight": 12.0, "name": "", "levels": ""}, "geometry": {"type": "Polygon", "coordinates": [[[55.1428441, 25.0779831], [55.1426632, 25.0781229], [55.1426116, 25.078124], [55.1426126, 25.0781669], [55.1424212, 25.0783149], [55.1423736, 25.0783159], [55.1422732, 25.0782093], [55.1423046, 25.078185], [55.142306, 25.078241], [55.142382, 25.0782394], [55.1422906, 25.0781424], [55.14244, 25.0780269], [55.1424483, 25.0780267], [55.1425892, 25.0779178], [55.1425881, 25.0778735], [55.1426723, 25.0778083], [55.1426885, 25.077808], [55.1427304, 25.0777756], [55.1427912, 25.0777743], [55.1428401, 25.0778262], [55.1428441, 25.0779831]]]}}, {"type": "Feature", "properties": {"status": "existing", "bHeight": 12.0, "name": "", "levels": ""}, "geometry": {"type": "Polygon", "coordinates": [[[55.1423135, 25.0772978], [55.1424694, 25.077466], [55.1423026, 25.0775928], [55.1422836, 25.0775722], [55.1419116, 25.0778551], [55.1418139, 25.0777496], [55.1417957, 25.0777635], [55.1417566, 25.0777213], [55.1423135, 25.0772978]]]}}, {"type": "Feature", "properties": {"status": "existing", "bHeight": 12.0, "name": "", "levels": ""}, "geometry": {"type": "Polygon", "coordinates": [[[55.1410731, 25.0778921], [55.1409401, 25.0777247], [55.1410397, 25.0776597], [55.1411607, 25.0778119], [55.1411826, 25.0778234], [55.1412166, 25.0777704], [55.1412513, 25.0777477], [55.1413213, 25.0777845], [55.141392, 25.0778734], [55.141373, 25.0779031], [55.141298, 25.077952], [55.1412673, 25.0779359], [55.1412345, 25.0778947], [55.1410624, 25.0780069], [55.1411352, 25.0780985], [55.1411129, 25.0781334], [55.1410438, 25.0781785], [55.1410161, 25.0782217], [55.1408375, 25.0783382], [55.1407466, 25.0782238], [55.1408841, 25.078009], [55.1409578, 25.077961], [55.1409587, 25.0779594], [55.1409988, 25.0779377], [55.1410244, 25.0779239], [55.1410731, 25.0778921]]]}}, {"type": "Feature", "properties": {"status": "existing", "bHeight": 12.0, "name": "", "levels": ""}, "geometry": {"type": "Polygon", "coordinates": [[[55.1412395, 25.0848073], [55.141116, 25.0846786], [55.1411404, 25.0846593], [55.1411072, 25.0846247], [55.1413609, 25.0844251], [55.1416464, 25.0847226], [55.1410275, 25.0852097], [55.1409346, 25.0851128], [55.1411256, 25.0849625], [55.1410897, 25.0849251], [55.1412395, 25.0848073]]]}}, {"type": "Feature", "properties": {"status": "existing", "bHeight": 12.0, "name": "", "levels": ""}, "geometry": {"type": "Polygon", "coordinates": [[[55.140729, 25.0852756], [55.1409346, 25.0851128], [55.1410275, 25.0852097], [55.140828, 25.0853688], [55.140729, 25.0852756]]]}}, {"type": "Feature", "properties": {"status": "existing", "bHeight": 12.0, "name": "", "levels": ""}, "geometry": {"type": "Polygon", "coordinates": [[[55.1401442, 25.0853712], [55.1402071, 25.0853471], [55.1402696, 25.0854811], [55.1402067, 25.0855052], [55.1401442, 25.0853712]]]}}, {"type": "Feature", "properties": {"status": "existing", "bHeight": 12.0, "name": "", "levels": ""}, "geometry": {"type": "Polygon", "coordinates": [[[55.1394542, 25.087165], [55.1393317, 25.087256], [55.1391936, 25.0871035], [55.1393161, 25.0870125], [55.1394542, 25.087165]]]}}, {"type": "Feature", "properties": {"status": "existing", "bHeight": 12.0, "name": "", "levels": ""}, "geometry": {"type": "Polygon", "coordinates": [[[55.1386385, 25.0874581], [55.1384354, 25.0875717], [55.1383306, 25.0874179], [55.1385792, 25.0872789], [55.1386643, 25.0874038], [55.1386188, 25.0874293], [55.1386385, 25.0874581]]]}}, {"type": "Feature", "properties": {"status": "existing", "bHeight": 12.0, "name": "", "levels": ""}, "geometry": {"type": "Polygon", "coordinates": [[[55.1383227, 25.0874304], [55.1383756, 25.0875076], [55.1382525, 25.0875768], [55.1381996, 25.0874996], [55.1383227, 25.0874304]]]}}, {"type": "Feature", "properties": {"status": "existing", "bHeight": 12.0, "name": "", "levels": ""}, "geometry": {"type": "Polygon", "coordinates": [[[55.1383982, 25.0878933], [55.1383537, 25.0879164], [55.138322, 25.0878662], [55.1383665, 25.0878431], [55.1383982, 25.0878933]]]}}, {"type": "Feature", "properties": {"status": "existing", "bHeight": 12.0, "name": "", "levels": ""}, "geometry": {"type": "Polygon", "coordinates": [[[55.1387402, 25.0880861], [55.1386286, 25.0881225], [55.1386106, 25.0880774], [55.1387222, 25.088041], [55.1387402, 25.0880861]]]}}, {"type": "Feature", "properties": {"status": "existing", "bHeight": 12.0, "name": "", "levels": ""}, "geometry": {"type": "Polygon", "coordinates": [[[55.1387369, 25.0886317], [55.1389405, 25.0885054], [55.1390113, 25.0885989], [55.1388077, 25.0887253], [55.1387369, 25.0886317]]]}}, {"type": "Feature", "properties": {"status": "existing", "bHeight": 12.0, "name": "", "levels": ""}, "geometry": {"type": "Polygon", "coordinates": [[[55.1388341, 25.0884953], [55.1388616, 25.0885264], [55.1387227, 25.0886271], [55.1386952, 25.088596], [55.1388341, 25.0884953]]]}}, {"type": "Feature", "properties": {"status": "existing", "bHeight": 12.0, "name": "", "levels": ""}, "geometry": {"type": "Polygon", "coordinates": [[[55.1383002, 25.0893486], [55.1382381, 25.0892697], [55.1385261, 25.0890837], [55.1385883, 25.0891626], [55.1383002, 25.0893486]]]}}, {"type": "Feature", "properties": {"status": "existing", "bHeight": 12.0, "name": "", "levels": ""}, "geometry": {"type": "Polygon", "coordinates": [[[55.1382527, 25.088912], [55.1382818, 25.0889463], [55.1382403, 25.0889751], [55.1382572, 25.0889949], [55.1381728, 25.0890536], [55.1381269, 25.0889994], [55.1382527, 25.088912]]]}}, {"type": "Feature", "properties": {"status": "existing", "bHeight": 34.0, "name": "", "levels": "10"}, "geometry": {"type": "Polygon", "coordinates": [[[55.1391079, 25.0843524], [55.1390121, 25.0844345], [55.1391158, 25.0845338], [55.1392092, 25.0844508], [55.1391079, 25.0843524]]]}}, {"type": "Feature", "properties": {"status": "existing", "bHeight": 34.0, "name": "", "levels": "10"}, "geometry": {"type": "Polygon", "coordinates": [[[55.1405123, 25.0843186], [55.140565, 25.0842754], [55.1406055, 25.0842444], [55.140558, 25.0841961], [55.1405068, 25.084144], [55.1404643, 25.0841785], [55.1404134, 25.0842215], [55.1403674, 25.0841827], [55.1402776, 25.0841316], [55.1401556, 25.0840791], [55.1401238, 25.0841421], [55.1401038, 25.0841819], [55.1401934, 25.084236], [55.1402779, 25.0842996], [55.1403296, 25.0843542], [55.1403661, 25.0844134], [55.140392, 25.0844771], [55.1404446, 25.0844632], [55.1404969, 25.084605], [55.1406384, 25.0845677], [55.1405981, 25.0844535], [55.1405472, 25.0843612], [55.1405123, 25.0843186]]]}}, {"type": "Feature", "properties": {"status": "existing", "bHeight": 34.0, "name": "", "levels": "10"}, "geometry": {"type": "Polygon", "coordinates": [[[55.1393694, 25.0841001], [55.139499, 25.0842401], [55.1395527, 25.0842586], [55.139557, 25.0843219], [55.1396195, 25.0843667], [55.1396864, 25.0843654], [55.1397373, 25.0843391], [55.1397562, 25.0842982], [55.1398423, 25.0842605], [55.1398131, 25.0841301], [55.1395486, 25.0839259], [55.1393694, 25.0841001]]]}}, {"type": "Feature", "properties": {"status": "existing", "bHeight": 115.0, "name": "W Dubai - Mina Seyahi", "levels": "32"}, "geometry": {"type": "Polygon", "coordinates": [[[55.1468642, 25.0915543], [55.1469471, 25.0913725], [55.1468575, 25.0912806], [55.1465974, 25.0913882], [55.1464772, 25.0914634], [55.1464233, 25.0915807], [55.1464809, 25.0915982], [55.1465652, 25.0915701], [55.1466061, 25.091615], [55.146564, 25.091697], [55.1465788, 25.0917273], [55.1466049, 25.09174], [55.1468642, 25.0915543]]]}}, {"type": "Feature", "properties": {"status": "existing", "bHeight": 12.0, "name": "", "levels": ""}, "geometry": {"type": "Polygon", "coordinates": [[[55.1375972, 25.072067], [55.1375759, 25.0720493], [55.1375264, 25.071982], [55.1374822, 25.0719003], [55.1374415, 25.0718273], [55.1374291, 25.0718001], [55.1374308, 25.0717889], [55.1374556, 25.0717648], [55.1374972, 25.0717624], [55.1375229, 25.0717865], [55.1375715, 25.0718538], [55.1376273, 25.071954], [55.1376423, 25.0720181], [55.1376379, 25.0720453], [55.1376211, 25.0720694], [55.1375972, 25.072067]]]}}, {"type": "Feature", "properties": {"status": "existing", "bHeight": 12.0, "name": "Bla Bla", "levels": ""}, "geometry": {"type": "Polygon", "coordinates": [[[55.1290544, 25.0751731], [55.1286424, 25.0747525], [55.1292959, 25.0742228], [55.1294506, 25.0743794], [55.129362, 25.0744511], [55.1296375, 25.07473], [55.1290544, 25.0751731]]]}}, {"type": "Feature", "properties": {"status": "existing", "bHeight": 12.0, "name": "", "levels": ""}, "geometry": {"type": "Polygon", "coordinates": [[[55.130756, 25.0722032], [55.1307768, 25.0721651], [55.130872, 25.0722076], [55.1308512, 25.0722458], [55.130756, 25.0722032]]]}}, {"type": "Feature", "properties": {"status": "existing", "bHeight": 12.0, "name": "Shower", "levels": ""}, "geometry": {"type": "Polygon", "coordinates": [[[55.1301014, 25.0758526], [55.1301278, 25.0757698], [55.1301355, 25.0757712], [55.1301446, 25.0757703], [55.1301532, 25.0757647], [55.1301573, 25.0757592], [55.1301578, 25.07575], [55.1301563, 25.075744], [55.1301482, 25.0757357], [55.1301832, 25.0756865], [55.1302117, 25.0757072], [55.1302239, 25.0756985], [55.1302335, 25.0757127], [55.1302366, 25.0757224], [55.1302407, 25.075739], [55.1302437, 25.0757611], [55.1302447, 25.0757735], [55.1302417, 25.0757947], [55.1302351, 25.0758149], [55.1302249, 25.0758333], [55.1302081, 25.0758494], [55.1301883, 25.0758632], [55.1301715, 25.0758724], [55.1301522, 25.0758789], [55.130141, 25.0758807], [55.130137, 25.0758568], [55.1301014, 25.0758526]]]}}, {"type": "Feature", "properties": {"status": "existing", "bHeight": 12.0, "name": "Shower", "levels": ""}, "geometry": {"type": "Polygon", "coordinates": [[[55.1299491, 25.0756214], [55.130025, 25.0755802], [55.1300303, 25.0755857], [55.1300361, 25.0755897], [55.1300428, 25.0755905], [55.130051, 25.0755899], [55.130058, 25.0755873], [55.1300632, 25.0755823], [55.1300656, 25.0755781], [55.1301213, 25.0756061], [55.1301099, 25.0756233], [55.130124, 25.0756341], [55.1301152, 25.0756412], [55.1301062, 25.0756484], [55.1300959, 25.0756547], [55.1300869, 25.0756595], [55.1300714, 25.0756656], [55.1300571, 25.0756698], [55.1300449, 25.0756732], [55.1300306, 25.0756748], [55.1300145, 25.0756748], [55.1300002, 25.0756727], [55.1299859, 25.0756703], [55.1299736, 25.0756666], [55.1299663, 25.075665], [55.1299795, 25.0756463], [55.1299491, 25.0756214]]]}}, {"type": "Feature", "properties": {"status": "existing", "bHeight": 12.0, "name": "Shower", "levels": ""}, "geometry": {"type": "Polygon", "coordinates": [[[55.1313228, 25.0770962], [55.1313493, 25.0770134], [55.1313569, 25.0770148], [55.131366, 25.0770138], [55.1313747, 25.0770083], [55.1313787, 25.0770028], [55.1313793, 25.0769936], [55.1313777, 25.0769876], [55.1313696, 25.0769793], [55.1314047, 25.0769301], [55.1314331, 25.0769508], [55.1314453, 25.076942], [55.131455, 25.0769563], [55.131458, 25.076966], [55.1314621, 25.0769825], [55.1314651, 25.0770046], [55.1314662, 25.0770171], [55.1314631, 25.0770382], [55.1314565, 25.0770585], [55.1314463, 25.0770769], [55.1314296, 25.077093], [55.1314097, 25.0771068], [55.131393, 25.077116], [55.1313737, 25.0771225], [55.1313625, 25.0771243], [55.1313584, 25.0771004], [55.1313228, 25.0770962]]]}}, {"type": "Feature", "properties": {"status": "existing", "bHeight": 12.0, "name": "Shower", "levels": ""}, "geometry": {"type": "Polygon", "coordinates": [[[55.1311754, 25.0768663], [55.1312512, 25.0768251], [55.1312565, 25.0768307], [55.1312623, 25.0768346], [55.1312691, 25.0768354], [55.1312772, 25.0768349], [55.1312842, 25.0768322], [55.1312895, 25.0768272], [55.1312918, 25.076823], [55.1313476, 25.076851], [55.1313362, 25.0768682], [55.1313502, 25.076879], [55.1313414, 25.0768862], [55.1313324, 25.0768933], [55.1313222, 25.0768996], [55.1313131, 25.0769044], [55.1312977, 25.0769105], [55.1312834, 25.0769147], [55.1312711, 25.0769182], [55.1312568, 25.0769197], [55.1312407, 25.0769197], [55.1312264, 25.0769176], [55.1312121, 25.0769152], [55.1311999, 25.0769115], [55.1311926, 25.07691], [55.1312057, 25.0768912], [55.1311754, 25.0768663]]]}}, {"type": "Feature", "properties": {"status": "existing", "bHeight": 12.0, "name": "", "levels": ""}, "geometry": {"type": "Polygon", "coordinates": [[[55.1244022, 25.0765104], [55.1243651, 25.0764963], [55.1243436, 25.0764806], [55.1243265, 25.0764609], [55.1243149, 25.0764382], [55.1243092, 25.0764136], [55.1243098, 25.0763886], [55.1243167, 25.0763643], [55.1243294, 25.0763421], [55.1243474, 25.0763231], [55.1243697, 25.0763082], [55.1243951, 25.0762984], [55.1244349, 25.0762939], [55.1244742, 25.0763014], [55.1245086, 25.0763201], [55.1245344, 25.076348], [55.1245487, 25.0763821], [55.1245499, 25.0764184], [55.1245379, 25.0764531], [55.1245141, 25.0764824], [55.124481, 25.076503], [55.1244423, 25.0765127], [55.1244022, 25.0765104]]]}}, {"type": "Feature", "properties": {"status": "existing", "bHeight": 12.0, "name": "", "levels": ""}, "geometry": {"type": "Polygon", "coordinates": [[[55.1243833, 25.0761765], [55.1243567, 25.0761664], [55.1243372, 25.0761512], [55.1243234, 25.0761315], [55.1243164, 25.0761091], [55.124317, 25.0760858], [55.124325, 25.0760636], [55.1243397, 25.0760445], [55.1243599, 25.0760301], [55.1243839, 25.0760217], [55.1244096, 25.0760199], [55.1244376, 25.0760259], [55.124462, 25.0760399], [55.1244801, 25.0760603], [55.1244898, 25.0760849], [55.1244902, 25.0761111], [55.1244813, 25.0761359], [55.1244639, 25.0761568], [55.12444, 25.0761714], [55.1244121, 25.0761782], [55.1243833, 25.0761765]]]}}, {"type": "Feature", "properties": {"status": "existing", "bHeight": 12.0, "name": "", "levels": ""}, "geometry": {"type": "Polygon", "coordinates": [[[55.1245158, 25.0768182], [55.1244891, 25.0768081], [55.1244696, 25.0767929], [55.1244558, 25.0767732], [55.1244489, 25.0767508], [55.1244495, 25.0767275], [55.1244575, 25.0767053], [55.1244722, 25.0766862], [55.1244924, 25.0766718], [55.1245164, 25.0766634], [55.124542, 25.0766616], [55.1245701, 25.0766676], [55.1245945, 25.0766816], [55.1246125, 25.076702], [55.1246223, 25.0767266], [55.1246227, 25.0767528], [55.1246138, 25.0767776], [55.1245964, 25.0767985], [55.1245724, 25.0768131], [55.1245446, 25.0768199], [55.1245158, 25.0768182]]]}}, {"type": "Feature", "properties": {"status": "existing", "bHeight": 12.0, "name": "", "levels": ""}, "geometry": {"type": "Polygon", "coordinates": [[[55.1243436, 25.0773307], [55.124317, 25.0773205], [55.1242975, 25.0773053], [55.1242837, 25.0772857], [55.1242768, 25.0772633], [55.1242773, 25.07724], [55.1242853, 25.0772178], [55.1243001, 25.0771987], [55.1243203, 25.0771843], [55.1243442, 25.0771758], [55.1243699, 25.077174], [55.124398, 25.0771801], [55.1244223, 25.0771941], [55.1244404, 25.0772145], [55.1244502, 25.0772391], [55.1244506, 25.0772653], [55.1244416, 25.0772901], [55.1244242, 25.077311], [55.1244003, 25.0773256], [55.1243724, 25.0773324], [55.1243436, 25.0773307]]]}}, {"type": "Feature", "properties": {"status": "existing", "bHeight": 12.0, "name": "", "levels": ""}, "geometry": {"type": "Polygon", "coordinates": [[[55.1241781, 25.0774383], [55.124141, 25.0774242], [55.1241195, 25.0774085], [55.1241024, 25.0773888], [55.1240908, 25.0773661], [55.1240851, 25.0773416], [55.1240857, 25.0773165], [55.1240926, 25.0772923], [55.1241053, 25.07727], [55.1241233, 25.077251], [55.1241456, 25.0772362], [55.124171, 25.0772263], [55.1242108, 25.0772218], [55.1242501, 25.0772293], [55.1242846, 25.0772481], [55.1243103, 25.077276], [55.1243246, 25.07731], [55.1243258, 25.0773463], [55.1243138, 25.077381], [55.12429, 25.0774103], [55.1242569, 25.0774309], [55.1242182, 25.0774406], [55.1241781, 25.0774383]]]}}, {"type": "Feature", "properties": {"status": "existing", "bHeight": 12.0, "name": "", "levels": ""}, "geometry": {"type": "Polygon", "coordinates": [[[55.1243546, 25.0771558], [55.124334, 25.077119], [55.1243275, 25.0770781], [55.1243359, 25.0770375], [55.1243581, 25.0770015], [55.1243919, 25.0769738], [55.1244338, 25.0769574], [55.1244792, 25.0769541], [55.1245234, 25.076964], [55.1245618, 25.0769863], [55.1245908, 25.0770195], [55.1246062, 25.0770595], [55.1246062, 25.0771018], [55.1245909, 25.0771418], [55.1245619, 25.0771751], [55.1245225, 25.0771978], [55.124477, 25.0772076], [55.1244305, 25.0772032], [55.1243881, 25.0771853], [55.1243546, 25.0771558]]]}}, {"type": "Feature", "properties": {"status": "existing", "bHeight": 12.0, "name": "", "levels": ""}, "geometry": {"type": "Polygon", "coordinates": [[[55.1243208, 25.0777411], [55.1242942, 25.077731], [55.1242747, 25.0777158], [55.1242609, 25.0776961], [55.124254, 25.0776737], [55.1242545, 25.0776504], [55.1242625, 25.0776282], [55.1242773, 25.0776092], [55.1242975, 25.0775948], [55.1243215, 25.0775863], [55.1243471, 25.0775845], [55.1243752, 25.0775905], [55.1243996, 25.0776045], [55.1244176, 25.0776249], [55.1244274, 25.0776495], [55.1244278, 25.0776757], [55.1244188, 25.0777005], [55.1244014, 25.0777214], [55.1243775, 25.077736], [55.1243496, 25.0777428], [55.1243208, 25.0777411]]]}}, {"type": "Feature", "properties": {"status": "existing", "bHeight": 12.0, "name": "", "levels": ""}, "geometry": {"type": "Polygon", "coordinates": [[[55.1240768, 25.0779496], [55.1240398, 25.0779355], [55.1240182, 25.0779198], [55.1240012, 25.0779001], [55.1239895, 25.0778774], [55.1239838, 25.0778529], [55.1239844, 25.0778278], [55.1239913, 25.0778036], [55.124004, 25.0777813], [55.124022, 25.0777623], [55.1240443, 25.0777475], [55.1240697, 25.0777376], [55.1241096, 25.0777331], [55.1241489, 25.0777406], [55.1241833, 25.0777594], [55.124209, 25.0777873], [55.1242233, 25.0778213], [55.1242245, 25.0778576], [55.1242126, 25.0778924], [55.1241887, 25.0779216], [55.1241556, 25.0779422], [55.1241169, 25.0779519], [55.1240768, 25.0779496]]]}}, {"type": "Feature", "properties": {"status": "existing", "bHeight": 12.0, "name": "", "levels": ""}, "geometry": {"type": "Polygon", "coordinates": [[[55.1240613, 25.0781687], [55.1240347, 25.0781586], [55.1240152, 25.0781434], [55.1240014, 25.0781238], [55.1239945, 25.0781013], [55.1239951, 25.078078], [55.124003, 25.0780559], [55.1240178, 25.0780368], [55.124038, 25.0780224], [55.124062, 25.0780139], [55.1240876, 25.0780121], [55.1241157, 25.0780182], [55.1241401, 25.0780322], [55.1241581, 25.0780526], [55.1241679, 25.0780772], [55.1241683, 25.0781033], [55.1241593, 25.0781282], [55.1241419, 25.078149], [55.124118, 25.0781637], [55.1240901, 25.0781705], [55.1240613, 25.0781687]]]}}, {"type": "Feature", "properties": {"status": "existing", "bHeight": 12.0, "name": "", "levels": ""}, "geometry": {"type": "Polygon", "coordinates": [[[55.1243221, 25.0782237], [55.1242955, 25.0782136], [55.124276, 25.0781984], [55.1242622, 25.0781788], [55.1242552, 25.0781563], [55.1242558, 25.0781331], [55.1242638, 25.0781109], [55.1242785, 25.0780918], [55.1242988, 25.0780774], [55.1243227, 25.0780689], [55.1243484, 25.0780671], [55.1243764, 25.0780732], [55.1244008, 25.0780872], [55.1244189, 25.0781076], [55.1244286, 25.0781322], [55.1244291, 25.0781583], [55.1244201, 25.0781832], [55.1244027, 25.0782041], [55.1243788, 25.0782187], [55.1243509, 25.0782255], [55.1243221, 25.0782237]]]}}, {"type": "Feature", "properties": {"status": "existing", "bHeight": 12.0, "name": "", "levels": ""}, "geometry": {"type": "Polygon", "coordinates": [[[55.1242856, 25.0779748], [55.124265, 25.077938], [55.1242585, 25.0778971], [55.1242668, 25.0778566], [55.1242891, 25.0778205], [55.1243229, 25.0777929], [55.1243647, 25.0777765], [55.1244102, 25.0777731], [55.1244544, 25.0777831], [55.1244928, 25.0778054], [55.1245218, 25.0778385], [55.1245372, 25.0778785], [55.1245372, 25.0779209], [55.1245218, 25.0779609], [55.1244929, 25.0779941], [55.1244534, 25.0780168], [55.124408, 25.0780266], [55.1243615, 25.0780223], [55.1243191, 25.0780043], [55.1242856, 25.0779748]]]}}, {"type": "Feature", "properties": {"status": "existing", "bHeight": 12.0, "name": "", "levels": ""}, "geometry": {"type": "Polygon", "coordinates": [[[55.124116, 25.0783463], [55.1240954, 25.0783095], [55.1240889, 25.0782686], [55.1240972, 25.078228], [55.1241195, 25.078192], [55.1241533, 25.0781643], [55.1241951, 25.0781479], [55.1242406, 25.0781445], [55.1242848, 25.0781545], [55.1243231, 25.0781768], [55.1243522, 25.07821], [55.1243675, 25.07825], [55.1243676, 25.0782923], [55.1243522, 25.0783323], [55.1243232, 25.0783655], [55.1242838, 25.0783883], [55.1242383, 25.078398], [55.1241918, 25.0783937], [55.1241495, 25.0783758], [55.124116, 25.0783463]]]}}, {"type": "Feature", "properties": {"status": "existing", "bHeight": 12.0, "name": "", "levels": ""}, "geometry": {"type": "Polygon", "coordinates": [[[55.1245236, 25.0782958], [55.1244866, 25.0782818], [55.1244651, 25.0782661], [55.124448, 25.0782463], [55.1244363, 25.0782236], [55.1244307, 25.0781991], [55.1244313, 25.0781741], [55.1244381, 25.0781498], [55.1244509, 25.0781276], [55.1244689, 25.0781086], [55.1244911, 25.0780937], [55.1245166, 25.0780838], [55.1245564, 25.0780793], [55.1245957, 25.0780869], [55.1246301, 25.0781056], [55.1246559, 25.0781335], [55.1246701, 25.0781675], [55.1246714, 25.0782039], [55.1246594, 25.0782386], [55.1246355, 25.0782679], [55.1246024, 25.0782885], [55.1245637, 25.0782981], [55.1245236, 25.0782958]]]}}, {"type": "Feature", "properties": {"status": "existing", "bHeight": 12.0, "name": "", "levels": ""}, "geometry": {"type": "Polygon", "coordinates": [[[55.1241528, 25.0785836], [55.1241157, 25.0785695], [55.1240942, 25.0785538], [55.1240771, 25.0785341], [55.1240655, 25.0785114], [55.1240598, 25.0784869], [55.1240604, 25.0784618], [55.1240672, 25.0784376], [55.12408, 25.0784153], [55.124098, 25.0783963], [55.1241203, 25.0783815], [55.1241457, 25.0783716], [55.1241855, 25.0783671], [55.1242248, 25.0783746], [55.1242592, 25.0783934], [55.124285, 25.0784213], [55.1242993, 25.0784553], [55.1243005, 25.0784916], [55.1242885, 25.0785264], [55.1242647, 25.0785556], [55.1242316, 25.0785762], [55.1241928, 25.0785859], [55.1241528, 25.0785836]]]}}, {"type": "Feature", "properties": {"status": "existing", "bHeight": 12.0, "name": "", "levels": ""}, "geometry": {"type": "Polygon", "coordinates": [[[55.1240413, 25.0787819], [55.1240207, 25.0787451], [55.1240142, 25.0787042], [55.1240225, 25.0786637], [55.1240448, 25.0786276], [55.1240786, 25.0786], [55.1241205, 25.0785836], [55.1241659, 25.0785802], [55.1242101, 25.0785902], [55.1242485, 25.0786125], [55.1242775, 25.0786457], [55.1242929, 25.0786856], [55.1242929, 25.078728], [55.1242775, 25.078768], [55.1242486, 25.0788012], [55.1242091, 25.0788239], [55.1241637, 25.0788337], [55.1241172, 25.0788294], [55.1240748, 25.0788115], [55.1240413, 25.0787819]]]}}, {"type": "Feature", "properties": {"status": "existing", "bHeight": 12.0, "name": "", "levels": ""}, "geometry": {"type": "Polygon", "coordinates": [[[55.1531088, 25.0864067], [55.1531502, 25.0864264], [55.1531987, 25.0863428], [55.1531572, 25.0863231], [55.1531088, 25.0864067]]]}}, {"type": "Feature", "properties": {"status": "existing", "bHeight": 12.0, "name": "", "levels": ""}, "geometry": {"type": "Polygon", "coordinates": [[[55.1530272, 25.0865427], [55.1530812, 25.0865677], [55.153118, 25.0865027], [55.153064, 25.0864776], [55.1530272, 25.0865427]]]}}, {"type": "Feature", "properties": {"status": "existing", "bHeight": 12.0, "name": "", "levels": ""}, "geometry": {"type": "Polygon", "coordinates": [[[55.1458543, 25.0919496], [55.1458271, 25.0919756], [55.1458939, 25.0920573], [55.145879, 25.0920867], [55.145829, 25.0920889], [55.145825, 25.0921268], [55.1458634, 25.0921421], [55.1459558, 25.0920711], [55.1458543, 25.0919496]]]}}, {"type": "Feature", "properties": {"status": "existing", "bHeight": 12.0, "name": "", "levels": ""}, "geometry": {"type": "Polygon", "coordinates": [[[55.1458543, 25.0919496], [55.1459558, 25.0920711], [55.146052, 25.0920052], [55.1459505, 25.0918837], [55.1458543, 25.0919496]]]}}, {"type": "Feature", "properties": {"status": "existing", "bHeight": 12.0, "name": "", "levels": ""}, "geometry": {"type": "Polygon", "coordinates": [[[55.145977, 25.0918792], [55.1460658, 25.0919834], [55.1461339, 25.0919358], [55.1460451, 25.0918316], [55.145977, 25.0918792]]]}}, {"type": "Feature", "properties": {"status": "existing", "bHeight": 12.0, "name": "", "levels": ""}, "geometry": {"type": "Polygon", "coordinates": [[[55.1482852, 25.0940689], [55.148331, 25.0941143], [55.1483705, 25.0940815], [55.1483247, 25.0940362], [55.1482852, 25.0940689]]]}}, {"type": "Feature", "properties": {"status": "existing", "bHeight": 12.0, "name": "", "levels": ""}, "geometry": {"type": "Polygon", "coordinates": [[[55.1480926, 25.0939504], [55.1481267, 25.0939843], [55.1481534, 25.0939622], [55.1481192, 25.0939284], [55.1480926, 25.0939504]]]}}, {"type": "Feature", "properties": {"status": "existing", "bHeight": 12.0, "name": "", "levels": ""}, "geometry": {"type": "Polygon", "coordinates": [[[55.1481874, 25.0939725], [55.1482168, 25.094004], [55.1482441, 25.0939831], [55.1482147, 25.0939516], [55.1481874, 25.0939725]]]}}, {"type": "Feature", "properties": {"status": "existing", "bHeight": 12.0, "name": "", "levels": ""}, "geometry": {"type": "Polygon", "coordinates": [[[55.1484698, 25.0940887], [55.1485483, 25.0941812], [55.1486499, 25.0941105], [55.1485714, 25.094018], [55.1484698, 25.0940887]]]}}, {"type": "Feature", "properties": {"status": "existing", "bHeight": 12.0, "name": "", "levels": ""}, "geometry": {"type": "Polygon", "coordinates": [[[55.1473968, 25.0933931], [55.1474176, 25.0934118], [55.1474626, 25.0933707], [55.1475089, 25.0934123], [55.1475318, 25.0933913], [55.1474648, 25.0933311], [55.1473968, 25.0933931]]]}}, {"type": "Feature", "properties": {"status": "existing", "bHeight": 12.0, "name": "", "levels": ""}, "geometry": {"type": "Polygon", "coordinates": [[[55.1475059, 25.0934624], [55.1475592, 25.0935225], [55.1476418, 25.0934625], [55.1475885, 25.0934024], [55.1475059, 25.0934624]]]}}, {"type": "Feature", "properties": {"status": "existing", "bHeight": 12.0, "name": "", "levels": ""}, "geometry": {"type": "Polygon", "coordinates": [[[55.1431291, 25.089162], [55.1431619, 25.0891921], [55.1432201, 25.0891402], [55.1431873, 25.08911], [55.1431291, 25.089162]]]}}, {"type": "Feature", "properties": {"status": "existing", "bHeight": 12.0, "name": "", "levels": ""}, "geometry": {"type": "Polygon", "coordinates": [[[55.1432645, 25.0892912], [55.1434547, 25.0894763], [55.1435703, 25.0893788], [55.1433801, 25.0891937], [55.1432645, 25.0892912]]]}}, {"type": "Feature", "properties": {"status": "existing", "bHeight": 12.0, "name": "", "levels": ""}, "geometry": {"type": "Polygon", "coordinates": [[[55.1457947, 25.0915732], [55.1460291, 25.0918278], [55.146059, 25.0918052], [55.1461245, 25.0918764], [55.1461524, 25.0918553], [55.1462323, 25.0917949], [55.1462554, 25.0917775], [55.1461365, 25.0916483], [55.1461114, 25.0916673], [55.1459839, 25.0915288], [55.1460103, 25.0915089], [55.1459568, 25.0914508], [55.1457947, 25.0915732]]]}}, {"type": "Feature", "properties": {"status": "existing", "bHeight": 12.0, "name": "", "levels": ""}, "geometry": {"type": "Polygon", "coordinates": [[[55.1528981, 25.0864734], [55.1529376, 25.0865044], [55.1529636, 25.0864772], [55.152924, 25.0864462], [55.1528981, 25.0864734]]]}}, {"type": "Feature", "properties": {"status": "existing", "bHeight": 12.0, "name": "", "levels": ""}, "geometry": {"type": "Polygon", "coordinates": [[[55.1482547, 25.0944953], [55.1482891, 25.0945076], [55.1482995, 25.0944839], [55.1482651, 25.0944715], [55.1482547, 25.0944953]]]}}, {"type": "Feature", "properties": {"status": "existing", "bHeight": 12.0, "name": "", "levels": ""}, "geometry": {"type": "Polygon", "coordinates": [[[55.1482438, 25.0941104], [55.1483075, 25.0941768], [55.1483337, 25.0941561], [55.14827, 25.0940897], [55.1482438, 25.0941104]]]}}, {"type": "Feature", "properties": {"status": "existing", "bHeight": 12.0, "name": "", "levels": ""}, "geometry": {"type": "Polygon", "coordinates": [[[55.1461524, 25.0918553], [55.1461907, 25.0918968], [55.1462706, 25.0918365], [55.1462323, 25.0917949], [55.1461524, 25.0918553]]]}}, {"type": "Feature", "properties": {"status": "existing", "bHeight": 12.0, "name": "", "levels": ""}, "geometry": {"type": "Polygon", "coordinates": [[[55.1477911, 25.0924946], [55.1478229, 25.0925252], [55.1479449, 25.0924214], [55.1479132, 25.0923908], [55.1477911, 25.0924946]]]}}, {"type": "Feature", "properties": {"status": "existing", "bHeight": 12.0, "name": "", "levels": ""}, "geometry": {"type": "Polygon", "coordinates": [[[55.1477122, 25.0923978], [55.1477453, 25.0924289], [55.1477886, 25.0923912], [55.1477765, 25.0923798], [55.147834, 25.0923296], [55.147813, 25.0923099], [55.1477122, 25.0923978]]]}}, {"type": "Feature", "properties": {"status": "existing", "bHeight": 12.0, "name": "", "levels": ""}, "geometry": {"type": "Polygon", "coordinates": [[[55.1480459, 25.0917281], [55.1480929, 25.0917757], [55.1481313, 25.0917447], [55.1480843, 25.0916971], [55.1480459, 25.0917281]]]}}, {"type": "Feature", "properties": {"status": "existing", "bHeight": 12.0, "name": "", "levels": ""}, "geometry": {"type": "Polygon", "coordinates": [[[55.1481782, 25.0915379], [55.1479605, 25.0917142], [55.1480061, 25.0917604], [55.1480459, 25.0917281], [55.1480843, 25.0916971], [55.1482238, 25.0915841], [55.1481782, 25.0915379]]]}}, {"type": "Feature", "properties": {"status": "existing", "bHeight": 12.0, "name": "", "levels": ""}, "geometry": {"type": "Polygon", "coordinates": [[[55.1482308, 25.0919546], [55.1482439, 25.0919678], [55.1482677, 25.0919484], [55.1482547, 25.0919352], [55.1482308, 25.0919546]]]}}, {"type": "Feature", "properties": {"status": "existing", "bHeight": 12.0, "name": "", "levels": ""}, "geometry": {"type": "Polygon", "coordinates": [[[55.1482753, 25.0919542], [55.1483449, 25.0920237], [55.1483811, 25.0919939], [55.1483115, 25.0919244], [55.1482753, 25.0919542]]]}}, {"type": "Feature", "properties": {"status": "existing", "bHeight": 12.0, "name": "", "levels": ""}, "geometry": {"type": "Polygon", "coordinates": [[[55.1480559, 25.0918058], [55.1482152, 25.0919672], [55.1482308, 25.0919546], [55.1482547, 25.0919352], [55.1483048, 25.0918947], [55.1481454, 25.0917332], [55.1481313, 25.0917447], [55.1480929, 25.0917757], [55.1480559, 25.0918058]]]}}, {"type": "Feature", "properties": {"status": "existing", "bHeight": 12.0, "name": "", "levels": ""}, "geometry": {"type": "Polygon", "coordinates": [[[55.1476525, 25.0912023], [55.1476253, 25.0911711], [55.1475938, 25.0911935], [55.147621, 25.0912248], [55.1476525, 25.0912023]]]}}, {"type": "Feature", "properties": {"status": "existing", "bHeight": 12.0, "name": "", "levels": ""}, "geometry": {"type": "Polygon", "coordinates": [[[55.147591, 25.0914202], [55.1476047, 25.0914362], [55.1476627, 25.0913954], [55.1476491, 25.0913795], [55.147591, 25.0914202]]]}}, {"type": "Feature", "properties": {"status": "existing", "bHeight": 12.0, "name": "", "levels": ""}, "geometry": {"type": "Polygon", "coordinates": [[[55.1476311, 25.0911658], [55.1476974, 25.0912361], [55.1477287, 25.0912118], [55.1477204, 25.091203], [55.1476624, 25.0911416], [55.1476311, 25.0911658]]]}}, {"type": "Feature", "properties": {"status": "existing", "bHeight": 12.0, "name": "", "levels": ""}, "geometry": {"type": "Polygon", "coordinates": [[[55.1476624, 25.0911416], [55.1477204, 25.091203], [55.1477413, 25.0911868], [55.1476834, 25.0911253], [55.1476624, 25.0911416]]]}}, {"type": "Feature", "properties": {"status": "existing", "bHeight": 12.0, "name": "", "levels": ""}, "geometry": {"type": "Polygon", "coordinates": [[[55.147621, 25.0912248], [55.1476734, 25.091285], [55.1476949, 25.0913097], [55.1477264, 25.0912872], [55.1476525, 25.0912023], [55.147621, 25.0912248]]]}}, {"type": "Feature", "properties": {"status": "existing", "bHeight": 12.0, "name": "", "levels": ""}, "geometry": {"type": "Polygon", "coordinates": [[[55.1476518, 25.0913403], [55.1476949, 25.0913097], [55.1476734, 25.091285], [55.1476304, 25.0913156], [55.1476518, 25.0913403]]]}}, {"type": "Feature", "properties": {"status": "existing", "bHeight": 12.0, "name": "", "levels": ""}, "geometry": {"type": "Polygon", "coordinates": [[[55.1475883, 25.0913475], [55.1476202, 25.0913799], [55.147651, 25.091355], [55.1476191, 25.0913226], [55.1475883, 25.0913475]]]}}, {"type": "Feature", "properties": {"status": "existing", "bHeight": 12.0, "name": "", "levels": ""}, "geometry": {"type": "Polygon", "coordinates": [[[55.1474634, 25.0913062], [55.1474832, 25.0913264], [55.1475868, 25.0912431], [55.147567, 25.0912228], [55.1474634, 25.0913062]]]}}, {"type": "Feature", "properties": {"status": "existing", "bHeight": 12.0, "name": "", "levels": ""}, "geometry": {"type": "Polygon", "coordinates": [[[55.1474956, 25.091341], [55.1475143, 25.0913602], [55.1476131, 25.0912812], [55.1475944, 25.091262], [55.1474956, 25.091341]]]}}, {"type": "Feature", "properties": {"status": "existing", "bHeight": 12.0, "name": "", "levels": ""}, "geometry": {"type": "Polygon", "coordinates": [[[55.1473907, 25.0914248], [55.1474095, 25.091444], [55.1475143, 25.0913602], [55.1474956, 25.091341], [55.1473907, 25.0914248]]]}}, {"type": "Feature", "properties": {"status": "existing", "bHeight": 12.0, "name": "", "levels": ""}, "geometry": {"type": "Polygon", "coordinates": [[[55.1473586, 25.0913905], [55.1473784, 25.0914107], [55.1474832, 25.0913264], [55.1474634, 25.0913062], [55.1473586, 25.0913905]]]}}, {"type": "Feature", "properties": {"status": "existing", "bHeight": 12.0, "name": "", "levels": ""}, "geometry": {"type": "Polygon", "coordinates": [[[55.1473062, 25.091407], [55.1474149, 25.0915297], [55.1474976, 25.0914698], [55.1474715, 25.0914403], [55.1474219, 25.0914762], [55.1473394, 25.0913829], [55.1473062, 25.091407]]]}}, {"type": "Feature", "properties": {"status": "existing", "bHeight": 12.0, "name": "", "levels": ""}, "geometry": {"type": "Polygon", "coordinates": [[[55.1474807, 25.0915066], [55.1474955, 25.0915228], [55.1475491, 25.0914827], [55.1475343, 25.0914665], [55.1474807, 25.0915066]]]}}, {"type": "Feature", "properties": {"status": "existing", "bHeight": 12.0, "name": "", "levels": ""}, "geometry": {"type": "Polygon", "coordinates": [[[55.1477603, 25.0911999], [55.1478077, 25.0911625], [55.1477402, 25.0910924], [55.1476928, 25.0911298], [55.1477603, 25.0911999]]]}}, {"type": "Feature", "properties": {"status": "existing", "bHeight": 12.0, "name": "", "levels": ""}, "geometry": {"type": "Polygon", "coordinates": [[[55.1475823, 25.091191], [55.1476366, 25.0911482], [55.1475488, 25.0910571], [55.1475257, 25.0910754], [55.1475472, 25.0910977], [55.1475161, 25.0911223], [55.1475823, 25.091191]]]}}, {"type": "Feature", "properties": {"status": "existing", "bHeight": 12.0, "name": "", "levels": ""}, "geometry": {"type": "Polygon", "coordinates": [[[55.1462978, 25.0903175], [55.1465506, 25.0905766], [55.1468845, 25.0903094], [55.1466317, 25.0900503], [55.1462978, 25.0903175]]]}}, {"type": "Feature", "properties": {"status": "existing", "bHeight": 12.0, "name": "", "levels": ""}, "geometry": {"type": "Polygon", "coordinates": [[[55.14627, 25.0908205], [55.1463254, 25.0908779], [55.1463504, 25.0908581], [55.146295, 25.0908007], [55.14627, 25.0908205]]]}}, {"type": "Feature", "properties": {"status": "existing", "bHeight": 12.0, "name": "", "levels": ""}, "geometry": {"type": "Polygon", "coordinates": [[[55.1476295, 25.0933217], [55.1476935, 25.0933224], [55.1476939, 25.0932957], [55.1476299, 25.093295], [55.1476295, 25.0933217]]]}}, {"type": "Feature", "properties": {"status": "existing", "bHeight": 12.0, "name": "", "levels": ""}, "geometry": {"type": "Polygon", "coordinates": [[[55.145587, 25.0919885], [55.1456074, 25.0920099], [55.1456277, 25.0919941], [55.1456074, 25.0919726], [55.145587, 25.0919885]]]}}, {"type": "Feature", "properties": {"status": "existing", "bHeight": 12.0, "name": "", "levels": ""}, "geometry": {"type": "Polygon", "coordinates": [[[55.1456928, 25.0920833], [55.1457176, 25.0921107], [55.1457368, 25.0920964], [55.145712, 25.092069], [55.1456928, 25.0920833]]]}}, {"type": "Feature", "properties": {"status": "existing", "bHeight": 12.0, "name": "", "levels": ""}, "geometry": {"type": "Polygon", "coordinates": [[[55.1456771, 25.0920951], [55.1457019, 25.0921224], [55.1457176, 25.0921107], [55.1456928, 25.0920833], [55.1456771, 25.0920951]]]}}, {"type": "Feature", "properties": {"status": "existing", "bHeight": 12.0, "name": "", "levels": ""}, "geometry": {"type": "Polygon", "coordinates": [[[55.1456608, 25.0921072], [55.1456856, 25.0921345], [55.1457019, 25.0921224], [55.1456771, 25.0920951], [55.1456608, 25.0921072]]]}}, {"type": "Feature", "properties": {"status": "existing", "bHeight": 12.0, "name": "", "levels": ""}, "geometry": {"type": "Polygon", "coordinates": [[[55.1456446, 25.0920598], [55.1456683, 25.0920878], [55.1456897, 25.092073], [55.145666, 25.092045], [55.1456446, 25.0920598]]]}}, {"type": "Feature", "properties": {"status": "existing", "bHeight": 12.0, "name": "", "levels": ""}, "geometry": {"type": "Polygon", "coordinates": [[[55.1456281, 25.0920713], [55.1456519, 25.0920993], [55.1456683, 25.0920878], [55.1456446, 25.0920598], [55.1456281, 25.0920713]]]}}, {"type": "Feature", "properties": {"status": "existing", "bHeight": 12.0, "name": "", "levels": ""}, "geometry": {"type": "Polygon", "coordinates": [[[55.1455703, 25.0920015], [55.1455907, 25.092023], [55.1456074, 25.0920099], [55.145587, 25.0919885], [55.1455703, 25.0920015]]]}}, {"type": "Feature", "properties": {"status": "existing", "bHeight": 12.0, "name": "", "levels": ""}, "geometry": {"type": "Polygon", "coordinates": [[[55.1457138, 25.0925459], [55.1457536, 25.0925687], [55.1457972, 25.0925062], [55.1457573, 25.0924834], [55.1457138, 25.0925459]]]}}, {"type": "Feature", "properties": {"status": "existing", "bHeight": 12.0, "name": "", "levels": ""}, "geometry": {"type": "Polygon", "coordinates": [[[55.1463474, 25.0929792], [55.1463752, 25.0930038], [55.1464024, 25.0929786], [55.1463746, 25.092954], [55.1463474, 25.0929792]]]}}, {"type": "Feature", "properties": {"status": "existing", "bHeight": 12.0, "name": "", "levels": ""}, "geometry": {"type": "Polygon", "coordinates": [[[55.1465781, 25.0928086], [55.1466122, 25.0928493], [55.1466524, 25.0928217], [55.1466183, 25.092781], [55.1465781, 25.0928086]]]}}, {"type": "Feature", "properties": {"status": "existing", "bHeight": 12.0, "name": "", "levels": ""}, "geometry": {"type": "Polygon", "coordinates": [[[55.146676, 25.0932683], [55.1468608, 25.0934132], [55.1470298, 25.0932298], [55.1470039, 25.0931274], [55.1469362, 25.0930715], [55.146849, 25.0930873], [55.146676, 25.0932683]]]}}, {"type": "Feature", "properties": {"status": "existing", "bHeight": 12.0, "name": "", "levels": ""}, "geometry": {"type": "Polygon", "coordinates": [[[55.1513109, 25.0889548], [55.1513455, 25.0889903], [55.1515171, 25.0888531], [55.1514825, 25.0888176], [55.1513109, 25.0889548]]]}}, {"type": "Feature", "properties": {"status": "existing", "bHeight": 12.0, "name": "", "levels": ""}, "geometry": {"type": "Polygon", "coordinates": [[[55.151514, 25.0887963], [55.1515502, 25.0888331], [55.1515871, 25.0888033], [55.1515509, 25.0887665], [55.151514, 25.0887963]]]}}, {"type": "Feature", "properties": {"status": "existing", "bHeight": 12.0, "name": "", "levels": ""}, "geometry": {"type": "Polygon", "coordinates": [[[55.1515717, 25.0888838], [55.1516233, 25.0888431], [55.1515906, 25.088809], [55.151539, 25.0888497], [55.1515717, 25.0888838]]]}}, {"type": "Feature", "properties": {"status": "existing", "bHeight": 12.0, "name": "", "levels": ""}, "geometry": {"type": "Polygon", "coordinates": [[[55.1511989, 25.0889184], [55.1512338, 25.0889536], [55.1515329, 25.0887107], [55.1514979, 25.0886755], [55.1511989, 25.0889184]]]}}, {"type": "Feature", "properties": {"status": "existing", "bHeight": 12.0, "name": "", "levels": ""}, "geometry": {"type": "Polygon", "coordinates": [[[55.1512861, 25.0890914], [55.1513954, 25.089205], [55.1514483, 25.0891632], [55.151339, 25.0890497], [55.1512861, 25.0890914]]]}}, {"type": "Feature", "properties": {"status": "existing", "bHeight": 12.0, "name": "", "levels": ""}, "geometry": {"type": "Polygon", "coordinates": [[[55.1512137, 25.0881981], [55.1511549, 25.0881398], [55.1510381, 25.0882364], [55.1510969, 25.0882947], [55.1512137, 25.0881981]]]}}, {"type": "Feature", "properties": {"status": "existing", "bHeight": 12.0, "name": "", "levels": ""}, "geometry": {"type": "Polygon", "coordinates": [[[55.1504874, 25.0883407], [55.1507488, 25.0886], [55.1510209, 25.088375], [55.150809, 25.0881647], [55.1506768, 25.088274], [55.1506274, 25.088225], [55.1504874, 25.0883407]]]}}, {"type": "Feature", "properties": {"status": "existing", "bHeight": 12.0, "name": "", "levels": ""}, "geometry": {"type": "Polygon", "coordinates": [[[55.1426574, 25.0886439], [55.1427467, 25.0887339], [55.142852, 25.0886483], [55.1427627, 25.0885582], [55.1426574, 25.0886439]]]}}, {"type": "Feature", "properties": {"status": "existing", "bHeight": 12.0, "name": "Dubai Harbour - Operations Building", "levels": ""}, "geometry": {"type": "Polygon", "coordinates": [[[55.1430859, 25.089075], [55.1433809, 25.0888419], [55.1431007, 25.088551], [55.1428056, 25.0887842], [55.1430859, 25.089075]]]}}, {"type": "Feature", "properties": {"status": "existing", "bHeight": 12.0, "name": "", "levels": ""}, "geometry": {"type": "Polygon", "coordinates": [[[55.1434556, 25.0881099], [55.1437005, 25.0883845], [55.1436862, 25.0883949], [55.1438251, 25.0885506], [55.143928, 25.0884753], [55.1440014, 25.0885576], [55.1443109, 25.0883311], [55.1440964, 25.0880907], [55.1440454, 25.088128], [55.1439838, 25.088059], [55.1438927, 25.0881257], [55.1437115, 25.0879227], [55.1434556, 25.0881099]]]}}, {"type": "Feature", "properties": {"status": "existing", "bHeight": 12.0, "name": "Tamoka", "levels": ""}, "geometry": {"type": "Polygon", "coordinates": [[[55.1363982, 25.0837335], [55.1365338, 25.0838766], [55.1367864, 25.0836801], [55.1366537, 25.0835401], [55.1365903, 25.0835895], [55.1365681, 25.0835661], [55.1364795, 25.0836349], [55.1364988, 25.0836552], [55.1363982, 25.0837335]]]}}, {"type": "Feature", "properties": {"status": "existing", "bHeight": 198.0, "name": "1 برج 42 | 52", "levels": "51"}, "geometry": {"type": "Polygon", "coordinates": [[[55.1249321, 25.0713072], [55.1251429, 25.071349], [55.1250762, 25.0716248], [55.1248654, 25.0715829], [55.1249321, 25.0713072]]]}}, {"type": "Feature", "properties": {"status": "existing", "bHeight": 122.4, "name": "2 برج 42 | 52", "levels": "36"}, "geometry": {"type": "Polygon", "coordinates": [[[55.1254992, 25.0707957], [55.1257118, 25.0707505], [55.1257918, 25.0710593], [55.1255791, 25.0711045], [55.1254992, 25.0707957]]]}}, {"type": "Feature", "properties": {"status": "existing", "bHeight": 12.0, "name": "", "levels": ""}, "geometry": {"type": "Polygon", "coordinates": [[[55.1328117, 25.070559], [55.1326758, 25.0704261], [55.1325854, 25.0705019], [55.1327213, 25.0706348], [55.1328117, 25.070559]]]}}, {"type": "Feature", "properties": {"status": "existing", "bHeight": 85.0, "name": "", "levels": "25"}, "geometry": {"type": "Polygon", "coordinates": [[[55.1306206, 25.0737121], [55.130516, 25.0736047], [55.1306805, 25.0734733], [55.1307189, 25.0735127], [55.1308958, 25.0733713], [55.1311417, 25.0736238], [55.1310693, 25.0736817], [55.1308897, 25.0734972], [55.1306206, 25.0737121]]]}}, {"type": "Feature", "properties": {"status": "existing", "bHeight": 12.0, "name": "", "levels": ""}, "geometry": {"type": "Polygon", "coordinates": [[[55.1364204, 25.0805073], [55.1365084, 25.0804355], [55.136644, 25.0803362], [55.1366636, 25.0803226], [55.1368612, 25.0805184], [55.1369118, 25.0804767], [55.136971, 25.0805414], [55.1368906, 25.0805975], [55.1367521, 25.080699], [55.1366762, 25.0807604], [55.1364204, 25.0805073]]]}}, {"type": "Feature", "properties": {"status": "existing", "bHeight": 12.0, "name": "", "levels": ""}, "geometry": {"type": "Polygon", "coordinates": [[[55.1354689, 25.0790744], [55.1354987, 25.0790495], [55.1356355, 25.0789383], [55.1358604, 25.0791623], [55.1357898, 25.0792205], [55.1356375, 25.0792467], [55.1354689, 25.0790744]]]}}, {"type": "Feature", "properties": {"status": "existing", "bHeight": 12.0, "name": "", "levels": ""}, "geometry": {"type": "Polygon", "coordinates": [[[55.135351, 25.0786006], [55.1353812, 25.0787507], [55.1352945, 25.0788183], [55.1352672, 25.0788396], [55.1349935, 25.0785537], [55.1351913, 25.0784019], [55.1352936, 25.0785323], [55.1352967, 25.0786025], [55.135351, 25.0786006]]]}}, {"type": "Feature", "properties": {"status": "existing", "bHeight": 12.0, "name": "", "levels": ""}, "geometry": {"type": "Polygon", "coordinates": [[[55.1343476, 25.0778746], [55.1344007, 25.0778425], [55.1345699, 25.0778246], [55.1345742, 25.0778765], [55.1347419, 25.0778675], [55.1347858, 25.0782046], [55.1346453, 25.0782013], [55.1343476, 25.0778746]]]}}, {"type": "Feature", "properties": {"status": "existing", "bHeight": 12.0, "name": "", "levels": ""}, "geometry": {"type": "Polygon", "coordinates": [[[55.134352, 25.0778041], [55.1346218, 25.0777966], [55.1346529, 25.0777724], [55.1346322, 25.0774946], [55.1345676, 25.0774989], [55.1343514, 25.0776752], [55.134352, 25.0778041]]]}}, {"type": "Feature", "properties": {"status": "existing", "bHeight": 138.0, "name": "La Vie Residences", "levels": "36"}, "geometry": {"type": "Polygon", "coordinates": [[[55.1340915, 25.0796136], [55.1344618, 25.079997], [55.1346394, 25.0798562], [55.1342692, 25.0794729], [55.1340915, 25.0796136]]]}}, {"type": "Feature", "properties": {"status": "existing", "bHeight": 12.0, "name": "", "levels": ""}, "geometry": {"type": "Polygon", "coordinates": [[[55.1447583, 25.0833505], [55.1447275, 25.0833158], [55.1447006, 25.0832856], [55.14478, 25.0832215], [55.1448414, 25.0832814], [55.1447583, 25.0833505]]]}}, {"type": "Feature", "properties": {"status": "existing", "bHeight": 12.0, "name": "", "levels": ""}, "geometry": {"type": "Polygon", "coordinates": [[[55.1447006, 25.0832856], [55.1446727, 25.0832579], [55.1446448, 25.0832302], [55.1447295, 25.0831661], [55.14478, 25.0832215], [55.1447006, 25.0832856]]]}}, {"type": "Feature", "properties": {"status": "existing", "bHeight": 12.0, "name": "", "levels": ""}, "geometry": {"type": "Polygon", "coordinates": [[[55.1269002, 25.0729732], [55.1268846, 25.0729575], [55.1268774, 25.0729499], [55.1268478, 25.0729749], [55.1268395, 25.0729667], [55.1268271, 25.0729544], [55.1268227, 25.0729501], [55.1268002, 25.0729279], [55.1266003, 25.0730593], [55.1265895, 25.0730099], [55.1265675, 25.0729093], [55.1266016, 25.0728971], [55.1266342, 25.0728819], [55.126665, 25.0728639], [55.1266942, 25.0728427], [55.1266872, 25.0728319], [55.1266295, 25.0727435], [55.1265587, 25.072774], [55.1264855, 25.0727998], [55.1264106, 25.0728208], [55.1263341, 25.0728368], [55.1262566, 25.0728477], [55.1262413, 25.0728062], [55.1261814, 25.0728112], [55.1261213, 25.072812], [55.1260612, 25.0728086], [55.1260017, 25.0728009], [55.1259817, 25.0728296], [55.1259065, 25.0728028], [55.1259298, 25.0727582], [55.1258623, 25.0727088], [55.1258957, 25.0726531], [55.1259345, 25.0726005], [55.1259797, 25.0725519], [55.1260294, 25.0725074], [55.1260836, 25.0724674], [55.126142, 25.0724324], [55.126255, 25.0723963], [55.126277, 25.0724095], [55.1264077, 25.0724392], [55.1265278, 25.0724627], [55.1266492, 25.0724801], [55.126746, 25.0724901], [55.1268392, 25.0724957], [55.1269568, 25.0724963], [55.1270728, 25.0724933], [55.1271396, 25.0724883], [55.1272616, 25.072475], [55.1273825, 25.0724556], [55.1274581, 25.0724417], [55.1274911, 25.0724345], [55.1275101, 25.0724297], [55.127524, 25.0724221], [55.1269002, 25.0729732]]]}}, {"type": "Feature", "properties": {"status": "existing", "bHeight": 12.0, "name": "", "levels": ""}, "geometry": {"type": "Polygon", "coordinates": [[[55.1256289, 25.0728279], [55.1256514, 25.0727731], [55.1255848, 25.0727496], [55.1255626, 25.0728069], [55.1255796, 25.0728123], [55.1256289, 25.0728279]]]}}, {"type": "Feature", "properties": {"status": "existing", "bHeight": 12.0, "name": "", "levels": ""}, "geometry": {"type": "Polygon", "coordinates": [[[55.1255213, 25.0733698], [55.1254741, 25.0733684], [55.1254751, 25.0731786], [55.1255278, 25.0731801], [55.1255213, 25.0733698]]]}}, {"type": "Feature", "properties": {"status": "existing", "bHeight": 12.0, "name": "", "levels": ""}, "geometry": {"type": "Polygon", "coordinates": [[[55.1255596, 25.0730474], [55.1255053, 25.0730344], [55.1255704, 25.0728316], [55.1255721, 25.0728265], [55.1256283, 25.0728486], [55.1255596, 25.0730474]]]}}, {"type": "Feature", "properties": {"status": "existing", "bHeight": 12.0, "name": "", "levels": ""}, "geometry": {"type": "Polygon", "coordinates": [[[55.1398, 25.0868867], [55.1399, 25.0868301], [55.1400213, 25.0869397], [55.1399136, 25.0870218], [55.139848, 25.087016], [55.139799, 25.0869629], [55.1398, 25.0868867]]]}}, {"type": "Feature", "properties": {"status": "existing", "bHeight": 12.0, "name": "", "levels": ""}, "geometry": {"type": "Polygon", "coordinates": [[[55.1333733, 25.0770344], [55.1329521, 25.0773775], [55.1330615, 25.0774876], [55.1331274, 25.077434], [55.1331838, 25.0774908], [55.1332479, 25.0774386], [55.1331905, 25.0773808], [55.1334817, 25.0771436], [55.1333733, 25.0770344]]]}}, {"type": "Feature", "properties": {"status": "existing", "bHeight": 118.9, "name": "", "levels": "35"}, "geometry": {"type": "Polygon", "coordinates": [[[55.132555, 25.072022], [55.1327315, 25.0720243], [55.1329537, 25.0722592], [55.1321238, 25.0728069], [55.1319543, 25.0726186], [55.1319602, 25.0725751], [55.132555, 25.072022]]]}}, {"type": "Feature", "properties": {"status": "existing", "bHeight": 118.9, "name": "", "levels": "35"}, "geometry": {"type": "Polygon", "coordinates": [[[55.1321692, 25.072848], [55.1322535, 25.0729962], [55.132315, 25.073167], [55.1331682, 25.0726136], [55.133131, 25.0724807], [55.1330982, 25.0724187], [55.13297, 25.0722835], [55.1321692, 25.072848]]]}}, {"type": "Feature", "properties": {"status": "existing", "bHeight": 12.0, "name": "Mosque Sheikh Rashid bin Mohammed", "levels": ""}, "geometry": {"type": "Polygon", "coordinates": [[[55.1452927, 25.0894398], [55.1453187, 25.0890847], [55.1457067, 25.0891081], [55.1456806, 25.0894632], [55.1452927, 25.0894398]]]}}, {"type": "Feature", "properties": {"status": "existing", "bHeight": 12.0, "name": "", "levels": ""}, "geometry": {"type": "Polygon", "coordinates": [[[55.1342144, 25.0756693], [55.1342696, 25.0756954], [55.1343619, 25.0756508], [55.1344898, 25.0754286], [55.1343821, 25.0753778], [55.1342144, 25.0756693]]]}}, {"type": "Feature", "properties": {"status": "existing", "bHeight": 12.0, "name": "", "levels": ""}, "geometry": {"type": "Polygon", "coordinates": [[[55.1378995, 25.0800133], [55.1379453, 25.0799432], [55.1380064, 25.0799759], [55.1379606, 25.080046], [55.1378995, 25.0800133]]]}}, {"type": "Feature", "properties": {"status": "existing", "bHeight": 12.0, "name": "", "levels": ""}, "geometry": {"type": "Polygon", "coordinates": [[[55.1380231, 25.0800388], [55.1381632, 25.080121], [55.1382099, 25.0800557], [55.1380697, 25.0799735], [55.1380231, 25.0800388]]]}}, {"type": "Feature", "properties": {"status": "existing", "bHeight": 12.0, "name": "", "levels": ""}, "geometry": {"type": "Polygon", "coordinates": [[[55.1388144, 25.0804605], [55.138968, 25.0805437], [55.1390084, 25.0804826], [55.1388547, 25.0803994], [55.1388144, 25.0804605]]]}}, {"type": "Feature", "properties": {"status": "existing", "bHeight": 12.0, "name": "", "levels": ""}, "geometry": {"type": "Polygon", "coordinates": [[[55.138762, 25.0805602], [55.1388434, 25.0806006], [55.1388796, 25.0805407], [55.1387982, 25.0805003], [55.138762, 25.0805602]]]}}, {"type": "Feature", "properties": {"status": "existing", "bHeight": 12.0, "name": "", "levels": ""}, "geometry": {"type": "Polygon", "coordinates": [[[55.1396578, 25.0818686], [55.1397225, 25.0818686], [55.1397953, 25.0818924], [55.139771, 25.0819382], [55.1398114, 25.0819656], [55.1398438, 25.0820224], [55.1398579, 25.0820865], [55.1400014, 25.0821597], [55.1400965, 25.0822348], [55.1401894, 25.08233], [55.140238, 25.082427], [55.1402764, 25.0825424], [55.1401025, 25.0826632], [55.1399833, 25.0826211], [55.1398478, 25.0825442], [55.1397346, 25.0824289], [55.1396841, 25.082319], [55.1396598, 25.0822311], [55.1395951, 25.082222], [55.1395507, 25.0821853], [55.1395102, 25.0821506], [55.1394658, 25.0821561], [55.1394577, 25.0821066], [55.1394556, 25.0820535], [55.1394617, 25.0820242], [55.1395001, 25.0820389], [55.1395284, 25.0819931], [55.139579, 25.081951], [55.1396558, 25.0819217], [55.1396578, 25.0818686]]]}}, {"type": "Feature", "properties": {"status": "existing", "bHeight": 12.0, "name": "", "levels": ""}, "geometry": {"type": "Polygon", "coordinates": [[[55.1372513, 25.0800787], [55.1373231, 25.0801426], [55.1373787, 25.0800912], [55.1373069, 25.0800274], [55.1372513, 25.0800787]]]}}, {"type": "Feature", "properties": {"status": "existing", "bHeight": 12.0, "name": "", "levels": ""}, "geometry": {"type": "Polygon", "coordinates": [[[55.1348511, 25.0772747], [55.1348992, 25.0773264], [55.1349381, 25.0772967], [55.1348901, 25.077245], [55.1348511, 25.0772747]]]}}, {"type": "Feature", "properties": {"status": "existing", "bHeight": 12.0, "name": "", "levels": ""}, "geometry": {"type": "Polygon", "coordinates": [[[55.1349702, 25.0771704], [55.1350182, 25.0772221], [55.1350572, 25.0771923], [55.1350091, 25.0771406], [55.1349702, 25.0771704]]]}}, {"type": "Feature", "properties": {"status": "existing", "bHeight": 12.0, "name": "", "levels": ""}, "geometry": {"type": "Polygon", "coordinates": [[[55.1297138, 25.0747987], [55.1301806, 25.0752719], [55.1303909, 25.0751016], [55.129924, 25.0746285], [55.1297138, 25.0747987]]]}}, {"type": "Feature", "properties": {"status": "existing", "bHeight": 12.0, "name": "", "levels": ""}, "geometry": {"type": "Polygon", "coordinates": [[[55.1294897, 25.0745242], [55.1296339, 25.0746781], [55.1297974, 25.0745524], [55.1296532, 25.0743985], [55.1294897, 25.0745242]]]}}]}