{"type": "FeatureCollection", "features": [{"type": "Feature", "properties": {"status": "existing", "bHeight": 12.6, "name": "DNATA", "levels": "3", "height_source": "osm_geom", "height_basis": "osm levels 3 · 100% of this footprint"}, "geometry": {"type": "Polygon", "coordinates": [[[55.2564018, 25.1865604], [55.2566228, 25.1867977], [55.2566728, 25.1867596], [55.2567104, 25.1867999], [55.2567572, 25.1867642], [55.2567825, 25.1867914], [55.2572089, 25.186466], [55.2571891, 25.1864448], [55.2572513, 25.1863974], [55.2569379, 25.186061], [55.2568826, 25.1861032], [55.2568603, 25.1860792], [55.2564278, 25.1864092], [55.2564595, 25.1864433], [55.2564131, 25.1864787], [55.2564529, 25.1865214], [55.2564018, 25.1865604]]]}}, {"type": "Feature", "properties": {"status": "existing", "bHeight": 285.0, "name": "Millenium Tower", "levels": "60"}, "geometry": {"type": "Polygon", "coordinates": [[[55.2656183, 25.194793], [55.2658937, 25.1950893], [55.2661356, 25.1948974], [55.2658676, 25.1945943], [55.2656183, 25.194793]]]}}, {"type": "Feature", "properties": {"status": "existing", "bHeight": 12.0, "name": "الخليج التجاري", "levels": ""}, "geometry": {"type": "Polygon", "coordinates": [[[55.2605826, 25.1916185], [55.2604679, 25.1915599], [55.2603016, 25.1914068], [55.2601148, 25.1911898], [55.2600429, 25.1910189], [55.2600258, 25.1909408], [55.2600287, 25.1908962], [55.2600626, 25.1908743], [55.2601543, 25.1909054], [55.2601685, 25.1909102], [55.2603149, 25.1910041], [55.2605422, 25.1912397], [55.2606774, 25.1914061], [55.2607377, 25.1915339], [55.2607397, 25.1915756], [55.2607421, 25.1916244], [55.2607171, 25.1916484], [55.2605826, 25.1916185]]]}}, {"type": "Feature", "properties": {"status": "existing", "bHeight": 355.0, "name": "JW Marriott Marquis Hotel", "levels": "104"}, "geometry": {"type": "Polygon", "coordinates": [[[55.2581149, 25.1860487], [55.2580812, 25.1860122], [55.2577018, 25.1855932], [55.2576861, 25.1855722], [55.2576559, 25.1855112], [55.2576327, 25.1854412], [55.2576186, 25.1853549], [55.2576245, 25.1852749], [55.257641, 25.1852176], [55.2576771, 25.1851539], [55.2577299, 25.1851799], [55.2577558, 25.1851785], [55.2577824, 25.1851771], [55.2578419, 25.1851403], [55.2579674, 25.18522], [55.258473, 25.1857779], [55.2586601, 25.1860458], [55.2586162, 25.186083], [55.2586025, 25.1861289], [55.2586224, 25.1861916], [55.2585434, 25.1862057], [55.2584696, 25.1862069], [55.2583893, 25.1861986], [55.2582961, 25.1861764], [55.2582171, 25.1861401], [55.2581654, 25.1861037], [55.2581149, 25.1860487]]]}}, {"type": "Feature", "properties": {"status": "existing", "bHeight": 330.0, "name": "JW Marriott Marquis Hotel Tower 1", "levels": "77"}, "geometry": {"type": "Polygon", "coordinates": [[[55.2577299, 25.1851799], [55.2577558, 25.1851785], [55.2577824, 25.1851771], [55.2578419, 25.1851403], [55.2578047, 25.1851994], [55.2578292, 25.1852624], [55.2578459, 25.1853339], [55.257852, 25.185421], [55.2578388, 25.1855003], [55.257817, 25.1855562], [55.2577752, 25.1856169], [55.2577257, 25.1855898], [55.2577018, 25.1855932], [55.2576861, 25.1855722], [55.2576559, 25.1855112], [55.2576327, 25.1854412], [55.2576186, 25.1853549], [55.2576245, 25.1852749], [55.257641, 25.1852176], [55.2576771, 25.1851539], [55.2577299, 25.1851799]]]}}, {"type": "Feature", "properties": {"status": "existing", "bHeight": 330.0, "name": "JW Marriott Marquis Hotel Tower 2", "levels": "77"}, "geometry": {"type": "Polygon", "coordinates": [[[55.2586162, 25.186083], [55.2586025, 25.1861289], [55.2586224, 25.1861916], [55.2585434, 25.1862057], [55.2584696, 25.1862069], [55.2583893, 25.1861986], [55.2582961, 25.1861764], [55.2582171, 25.1861401], [55.2581654, 25.1861037], [55.2581149, 25.1860487], [55.2580812, 25.1860122], [55.2580858, 25.1859929], [55.2580644, 25.1859373], [55.2581418, 25.1859174], [55.2582152, 25.1859106], [55.258296, 25.1859128], [55.2583909, 25.1859279], [55.258473, 25.1859582], [55.2585279, 25.1859904], [55.2586601, 25.1860458], [55.2586162, 25.186083]]]}}, {"type": "Feature", "properties": {"status": "existing", "bHeight": 105.0, "name": "", "levels": "", "height_source": "osm_geom", "height_basis": "osm height · 44% of this footprint"}, "geometry": {"type": "Polygon", "coordinates": [[[55.2907449, 25.1919727], [55.2910083, 25.1916524], [55.2911331, 25.1916469], [55.2918607, 25.192173], [55.2917879, 25.1922647], [55.291839, 25.1922938], [55.2916722, 25.192486], [55.2916239, 25.1924605], [55.291561, 25.1925317], [55.2907616, 25.1920394], [55.2907449, 25.1919727]]]}}, {"type": "Feature", "properties": {"status": "existing", "bHeight": 12.0, "name": "DAMAC Paramount Hotel & Residence Towers", "levels": ""}, "geometry": {"type": "Polygon", "coordinates": [[[55.2915397, 25.1854509], [55.2913762, 25.1855282], [55.2912488, 25.185649], [55.2911711, 25.1858004], [55.2911512, 25.1859664], [55.2911913, 25.1861293], [55.2912871, 25.186272], [55.2914285, 25.1863793], [55.2916004, 25.1864397], [55.2917891, 25.1864465], [55.2919698, 25.1863969], [55.2921224, 25.1862962], [55.2922299, 25.1861558], [55.2922806, 25.1859912], [55.2922686, 25.1858207], [55.2921954, 25.1856632], [55.2920691, 25.1855362], [55.2919037, 25.1854538], [55.2917219, 25.1854252], [55.2915397, 25.1854509]]]}}, {"type": "Feature", "properties": {"status": "existing", "bHeight": 12.0, "name": "", "levels": ""}, "geometry": {"type": "Polygon", "coordinates": [[[55.2641939, 25.1925622], [55.2645298, 25.1923098], [55.2651766, 25.1930143], [55.2648962, 25.1932251], [55.2648408, 25.1931648], [55.2647853, 25.1932064], [55.2641939, 25.1925622]]]}}, {"type": "Feature", "properties": {"status": "existing", "bHeight": 12.0, "name": "", "levels": ""}, "geometry": {"type": "Polygon", "coordinates": [[[55.2637289, 25.1922976], [55.2639754, 25.1925638], [55.2642951, 25.1923213], [55.2640487, 25.1920552], [55.2637289, 25.1922976]]]}}, {"type": "Feature", "properties": {"status": "existing", "bHeight": 193.0, "name": "Tiara United Tower 2", "levels": "46"}, "geometry": {"type": "Polygon", "coordinates": [[[55.2600465, 25.1891232], [55.2603315, 25.1889179], [55.2601096, 25.1886657], [55.2598246, 25.1888709], [55.2600465, 25.1891232]]]}}, {"type": "Feature", "properties": {"status": "existing", "bHeight": 193.0, "name": "Tiara United Tower 1", "levels": "46"}, "geometry": {"type": "Polygon", "coordinates": [[[55.2595561, 25.1883548], [55.2597804, 25.1885884], [55.2594135, 25.1888769], [55.2591892, 25.1886434], [55.2595561, 25.1883548]]]}}, {"type": "Feature", "properties": {"status": "existing", "bHeight": 115.0, "name": "One by Omniyat", "levels": "6", "height_source": "osm_geom", "height_basis": "osm levels 35 (stated height implausible for the floor count) · 39% of this footprint"}, "geometry": {"type": "Polygon", "coordinates": [[[55.2617626, 25.1882306], [55.262262, 25.1878551], [55.2617728, 25.1873353], [55.2612488, 25.1877368], [55.2617626, 25.1882306]]]}}, {"type": "Feature", "properties": {"status": "existing", "bHeight": 120.0, "name": "Taj Dubai Hotel", "levels": "35"}, "geometry": {"type": "Polygon", "coordinates": [[[55.2671461, 25.1925594], [55.2675675, 25.1922282], [55.2674192, 25.1920737], [55.2671098, 25.1923169], [55.2669978, 25.192405], [55.2671461, 25.1925594]]]}}, {"type": "Feature", "properties": {"status": "existing", "bHeight": 114.0, "name": "Executive Tower C", "levels": "29"}, "geometry": {"type": "Polygon", "coordinates": [[[55.2670044, 25.1920077], [55.2670437, 25.1916461], [55.266789, 25.1916234], [55.2667497, 25.191985], [55.2670044, 25.1920077]]]}}, {"type": "Feature", "properties": {"status": "existing", "bHeight": 190.0, "name": "Executive Tower B", "levels": "48"}, "geometry": {"type": "Polygon", "coordinates": [[[55.2664393, 25.1930106], [55.2667449, 25.1927791], [55.2665233, 25.1925396], [55.2662177, 25.1927711], [55.2664393, 25.1930106]]]}}, {"type": "Feature", "properties": {"status": "existing", "bHeight": 120.0, "name": "Executive Tower F", "levels": "31"}, "geometry": {"type": "Polygon", "coordinates": [[[55.2664358, 25.1911336], [55.2664567, 25.1908135], [55.2660098, 25.1907896], [55.2659889, 25.1911098], [55.2664358, 25.1911336]]]}}, {"type": "Feature", "properties": {"status": "existing", "bHeight": 118.0, "name": "Executive Tower E", "levels": "30"}, "geometry": {"type": "Polygon", "coordinates": [[[55.2663307, 25.1912992], [55.2662922, 25.1917132], [55.2660217, 25.1916927], [55.2660601, 25.1912786], [55.2663307, 25.1912992]]]}}, {"type": "Feature", "properties": {"status": "existing", "bHeight": 12.0, "name": "", "levels": ""}, "geometry": {"type": "Polygon", "coordinates": [[[55.26468, 25.1910551], [55.2652746, 25.1916489], [55.2654983, 25.1914654], [55.2649037, 25.1908716], [55.26468, 25.1910551]]]}}, {"type": "Feature", "properties": {"status": "existing", "bHeight": 170.0, "name": "Executive Tower G", "levels": "43"}, "geometry": {"type": "Polygon", "coordinates": [[[55.2655066, 25.1905776], [55.2658084, 25.1905913], [55.2658242, 25.1903058], [55.2655225, 25.1902921], [55.2655066, 25.1905776]]]}}, {"type": "Feature", "properties": {"status": "existing", "bHeight": 182.0, "name": "Executive Tower H", "levels": "46"}, "geometry": {"type": "Polygon", "coordinates": [[[55.2653604, 25.1903006], [55.2654041, 25.1898601], [55.265068, 25.1898328], [55.2650243, 25.1902734], [55.2653604, 25.1903006]]]}}, {"type": "Feature", "properties": {"status": "existing", "bHeight": 170.0, "name": "Executive Tower J", "levels": "47"}, "geometry": {"type": "Polygon", "coordinates": [[[55.2648292, 25.1898775], [55.264874, 25.1895227], [55.2645343, 25.1894876], [55.2644896, 25.1898425], [55.2648292, 25.1898775]]]}}, {"type": "Feature", "properties": {"status": "existing", "bHeight": 186.0, "name": "Executive Tower K", "levels": "46"}, "geometry": {"type": "Polygon", "coordinates": [[[55.2642484, 25.1894917], [55.2642969, 25.189112], [55.263944, 25.1890751], [55.2638955, 25.1894548], [55.2642484, 25.1894917]]]}}, {"type": "Feature", "properties": {"status": "existing", "bHeight": 182.0, "name": "Executive Tower L", "levels": "46"}, "geometry": {"type": "Polygon", "coordinates": [[[55.264252, 25.1889338], [55.2642989, 25.1886353], [55.2639534, 25.1885908], [55.2639065, 25.1888893], [55.264252, 25.1889338]]]}}, {"type": "Feature", "properties": {"status": "existing", "bHeight": 210.0, "name": "Executive Tower M", "levels": "53"}, "geometry": {"type": "Polygon", "coordinates": [[[55.2633724, 25.189736], [55.2636374, 25.1895331], [55.2636671, 25.1895099], [55.2633074, 25.1891259], [55.2630127, 25.1893519], [55.2633724, 25.189736]]]}}, {"type": "Feature", "properties": {"status": "existing", "bHeight": 122.4, "name": "", "levels": "36"}, "geometry": {"type": "Polygon", "coordinates": [[[55.2612488, 25.1877368], [55.2617728, 25.1873353], [55.2618905, 25.187244], [55.2614704, 25.1868069], [55.260808, 25.1872687], [55.2612488, 25.1877368]]]}}, {"type": "Feature", "properties": {"status": "existing", "bHeight": 108.6, "name": "Regal Tower", "levels": "5", "height_source": "osm_geom", "height_basis": "osm levels 33 (stated height implausible for the floor count) · 28% of this footprint"}, "geometry": {"type": "Polygon", "coordinates": [[[55.260808, 25.1872687], [55.2614704, 25.1868069], [55.2610247, 25.1863447], [55.2603564, 25.1867959], [55.260808, 25.1872687]]]}}, {"type": "Feature", "properties": {"status": "existing", "bHeight": 105.4, "name": "Exchange Tower", "levels": "3", "height_source": "osm_geom", "height_basis": "osm levels 32 (stated height implausible for the floor count) · 33% of this footprint"}, "geometry": {"type": "Polygon", "coordinates": [[[55.2603564, 25.1867959], [55.2610247, 25.1863447], [55.2605721, 25.1858738], [55.259922, 25.1863491], [55.2603564, 25.1867959]]]}}, {"type": "Feature", "properties": {"status": "existing", "bHeight": 140.6, "name": "Iris Bay Tower", "levels": "4", "height_source": "osm_geom", "height_basis": "osm levels 43 (stated height implausible for the floor count) · 28% of this footprint"}, "geometry": {"type": "Polygon", "coordinates": [[[55.259922, 25.1863491], [55.2605721, 25.1858738], [55.2601759, 25.1854217], [55.2595183, 25.1858936], [55.259922, 25.1863491]]]}}, {"type": "Feature", "properties": {"status": "existing", "bHeight": 125.0, "name": "Anantara Downtown Dubai", "levels": "3", "height_source": "osm_geom", "height_basis": "osm height · 12% of this footprint"}, "geometry": {"type": "Polygon", "coordinates": [[[55.2637943, 25.1863777], [55.2643392, 25.185951], [55.2643767, 25.1856608], [55.2641896, 25.185389], [55.2640173, 25.1855067], [55.2638091, 25.1854505], [55.2630996, 25.1858926], [55.2633834, 25.1863587], [55.2637943, 25.1863777]]]}}, {"type": "Feature", "properties": {"status": "existing", "bHeight": 131.0, "name": "The Burlington", "levels": "4", "height_source": "osm_geom", "height_basis": "osm levels 40 (stated height implausible for the floor count) · 16% of this footprint"}, "geometry": {"type": "Polygon", "coordinates": [[[55.2653946, 25.1853887], [55.2653007, 25.1851633], [55.2652685, 25.1848708], [55.2652998, 25.1846125], [55.2651067, 25.1844139], [55.2644171, 25.1850176], [55.2647022, 25.1855439], [55.2649628, 25.1856123], [55.265117, 25.1856002], [55.2653946, 25.1853887]]]}}, {"type": "Feature", "properties": {"status": "existing", "bHeight": 108.6, "name": "Silver Tower", "levels": "5", "height_source": "osm_geom", "height_basis": "osm levels 33 (stated height implausible for the floor count) · 24% of this footprint"}, "geometry": {"type": "Polygon", "coordinates": [[[55.2644171, 25.1850176], [55.2651067, 25.1844139], [55.2647141, 25.1839876], [55.26409, 25.1845235], [55.2644171, 25.1850176]]]}}, {"type": "Feature", "properties": {"status": "existing", "bHeight": 95.8, "name": "Bayswater Tower", "levels": "5", "height_source": "osm_geom", "height_basis": "osm levels 29 (stated height implausible for the floor count) · 31% of this footprint"}, "geometry": {"type": "Polygon", "coordinates": [[[55.26409, 25.1845235], [55.2647141, 25.1839876], [55.2643379, 25.1836275], [55.2637215, 25.184139], [55.26409, 25.1845235]]]}}, {"type": "Feature", "properties": {"status": "existing", "bHeight": 156.6, "name": "ذا سيتاديل", "levels": "", "height_source": "osm_geom", "height_basis": "osm levels 48 (stated height implausible for the floor count) · 42% of this footprint"}, "geometry": {"type": "Polygon", "coordinates": [[[55.2610461, 25.1839414], [55.261211, 25.1838853], [55.2609653, 25.1832934], [55.2603874, 25.1834898], [55.2603565, 25.1835493], [55.2605716, 25.1840673], [55.2606229, 25.1840852], [55.2607178, 25.184053], [55.2607764, 25.184092], [55.2608469, 25.1841081], [55.2609189, 25.1840989], [55.2609695, 25.1840748], [55.2610098, 25.1840381], [55.2610361, 25.1839923], [55.2610461, 25.1839414]]]}}, {"type": "Feature", "properties": {"status": "existing", "bHeight": 115.0, "name": "المنارة", "levels": "7", "height_source": "osm_geom", "height_basis": "osm levels 35 (stated height implausible for the floor count) · 50% of this footprint"}, "geometry": {"type": "Polygon", "coordinates": [[[55.2596638, 25.1845033], [55.2596988, 25.1844864], [55.2597114, 25.1845065], [55.2598009, 25.1844642], [55.2598345, 25.1845073], [55.2600687, 25.1843944], [55.2600476, 25.1843431], [55.2601377, 25.1842986], [55.2601222, 25.1842735], [55.2601768, 25.184245], [55.2598749, 25.1837029], [55.2593111, 25.1839668], [55.2596638, 25.1845033]]]}}, {"type": "Feature", "properties": {"status": "existing", "bHeight": 65.02, "name": "Capital Golden Tower", "levels": "", "height_source": "osm_geom", "height_basis": "osm height · 43% of this footprint"}, "geometry": {"type": "Polygon", "coordinates": [[[55.2737933, 25.1783206], [55.2741353, 25.1780761], [55.2738548, 25.1777547], [55.2735092, 25.1780004], [55.2737933, 25.1783206]]]}}, {"type": "Feature", "properties": {"status": "existing", "bHeight": 12.0, "name": "Oxford Tower", "levels": ""}, "geometry": {"type": "Polygon", "coordinates": [[[55.2731721, 25.1776461], [55.2734752, 25.1773622], [55.2734548, 25.1773483], [55.2734325, 25.1773282], [55.2733563, 25.177273], [55.2733964, 25.1772314], [55.2731917, 25.1770793], [55.2731446, 25.1771311], [55.2730284, 25.1770544], [55.2728034, 25.1773317], [55.2731721, 25.1776461]]]}}, {"type": "Feature", "properties": {"status": "existing", "bHeight": 12.0, "name": "", "levels": ""}, "geometry": {"type": "Polygon", "coordinates": [[[55.2770513, 25.181041], [55.2772579, 25.1810162], [55.2772247, 25.1807897], [55.2770181, 25.1808145], [55.2770513, 25.181041]]]}}, {"type": "Feature", "properties": {"status": "existing", "bHeight": 90.0, "name": "Moon Tower", "levels": "21"}, "geometry": {"type": "Polygon", "coordinates": [[[55.284805, 25.1845177], [55.284995, 25.1847127], [55.2853354, 25.1844412], [55.2851454, 25.1842462], [55.284805, 25.1845177]]]}}, {"type": "Feature", "properties": {"status": "existing", "bHeight": 86.2, "name": "15 Northside", "levels": "", "height_source": "osm_geom", "height_basis": "osm levels 26 (stated height implausible for the floor count) · 25% of this footprint"}, "geometry": {"type": "Polygon", "coordinates": [[[55.2860115, 25.186815], [55.2869255, 25.1866484], [55.2868784, 25.1865948], [55.2865921, 25.1862695], [55.2858953, 25.1864215], [55.2860115, 25.186815]]]}}, {"type": "Feature", "properties": {"status": "existing", "bHeight": 12.0, "name": "", "levels": ""}, "geometry": {"type": "Polygon", "coordinates": [[[55.2796881, 25.1811475], [55.2802529, 25.1812537], [55.2803508, 25.1807558], [55.2797492, 25.1806429], [55.2796881, 25.1811475]]]}}, {"type": "Feature", "properties": {"status": "existing", "bHeight": 100.0, "name": "", "levels": "29"}, "geometry": {"type": "Polygon", "coordinates": [[[55.2733418, 25.1861206], [55.274, 25.1856717], [55.2736429, 25.1852725], [55.2729929, 25.1857057], [55.2733418, 25.1861206]]]}}, {"type": "Feature", "properties": {"status": "existing", "bHeight": 83.0, "name": "Lake Central Tower", "levels": "", "height_source": "osm_geom", "height_basis": "osm levels 25 (stated height implausible for the floor count) · 28% of this footprint"}, "geometry": {"type": "Polygon", "coordinates": [[[55.2727597, 25.1865329], [55.2733256, 25.186127], [55.2729917, 25.185733], [55.2724286, 25.1861426], [55.2727597, 25.1865329]]]}}, {"type": "Feature", "properties": {"status": "existing", "bHeight": 80.0, "name": "Pullman Dubai Downtown", "levels": "", "height_source": "osm_geom", "height_basis": "osm height · 35% of this footprint"}, "geometry": {"type": "Polygon", "coordinates": [[[55.2715187, 25.1873458], [55.2721408, 25.1869516], [55.2718259, 25.1865746], [55.2712071, 25.1869642], [55.2715187, 25.1873458]]]}}, {"type": "Feature", "properties": {"status": "existing", "bHeight": 73.4, "name": "", "levels": "4", "height_source": "osm_geom", "height_basis": "osm levels 22 (stated height implausible for the floor count) · 27% of this footprint"}, "geometry": {"type": "Polygon", "coordinates": [[[55.2688814, 25.188108], [55.2691363, 25.1881299], [55.269539, 25.1881094], [55.2694554, 25.1874296], [55.2689222, 25.1874052], [55.2688814, 25.188108]]]}}, {"type": "Feature", "properties": {"status": "existing", "bHeight": 63.8, "name": "داماك ميزون كور جاردان شقق فندقية", "levels": "", "height_source": "osm_geom", "height_basis": "osm levels 19 · 39% of this footprint"}, "geometry": {"type": "Polygon", "coordinates": [[[55.26778, 25.1876435], [55.2678479, 25.1871511], [55.2673116, 25.1870499], [55.2671468, 25.187777], [55.2673324, 25.1878727], [55.2675268, 25.187921], [55.2675738, 25.1879288], [55.2677231, 25.1878603], [55.26778, 25.1876435]]]}}, {"type": "Feature", "properties": {"status": "existing", "bHeight": 118.2, "name": "Free Room LLC", "levels": "", "height_source": "osm_geom", "height_basis": "osm levels 36 (stated height implausible for the floor count) · 22% of this footprint"}, "geometry": {"type": "Polygon", "coordinates": [[[55.2714154, 25.1888363], [55.2715543, 25.188872], [55.2719783, 25.1885805], [55.27201, 25.1884541], [55.2719955, 25.1883805], [55.2719378, 25.1882713], [55.2717528, 25.1880481], [55.2716173, 25.1879982], [55.2714993, 25.1879862], [55.2713531, 25.1880104], [55.2711014, 25.188168], [55.2714154, 25.1888363]]]}}, {"type": "Feature", "properties": {"status": "existing", "bHeight": 101.0, "name": "", "levels": "30"}, "geometry": {"type": "Polygon", "coordinates": [[[55.2702402, 25.1879557], [55.2708145, 25.1877896], [55.2708284, 25.1877836], [55.2709634, 25.1877267], [55.2710906, 25.1876646], [55.2712331, 25.1875442], [55.2708601, 25.1871414], [55.2704751, 25.1872768], [55.2700536, 25.1873734], [55.2702402, 25.1879557]]]}}, {"type": "Feature", "properties": {"status": "existing", "bHeight": 95.8, "name": "Sonder Business Bay", "levels": "3", "height_source": "osm_geom", "height_basis": "osm levels 29 (stated height implausible for the floor count) · 31% of this footprint"}, "geometry": {"type": "Polygon", "coordinates": [[[55.26931, 25.1893242], [55.2700227, 25.1892203], [55.2698756, 25.1886059], [55.269855, 25.1885107], [55.2692959, 25.1885779], [55.26931, 25.1893242]]]}}, {"type": "Feature", "properties": {"status": "existing", "bHeight": 89.4, "name": "The Metropolis", "levels": "", "height_source": "osm_geom", "height_basis": "osm levels 27 (stated height implausible for the floor count) · 36% of this footprint"}, "geometry": {"type": "Polygon", "coordinates": [[[55.2767746, 25.1854519], [55.2771678, 25.1851516], [55.2768217, 25.184586], [55.276277, 25.1848399], [55.2767153, 25.185379], [55.2767746, 25.1854519]]]}}, {"type": "Feature", "properties": {"status": "existing", "bHeight": 150.0, "name": "Westburry Tower 2", "levels": "4", "height_source": "osm_geom", "height_basis": "osm height · 32% of this footprint"}, "geometry": {"type": "Polygon", "coordinates": [[[55.2744758, 25.1869614], [55.2749791, 25.1866192], [55.2744389, 25.1859685], [55.2742905, 25.1860667], [55.2740938, 25.1862072], [55.2739363, 25.1863117], [55.2744758, 25.1869614]]]}}, {"type": "Feature", "properties": {"status": "existing", "bHeight": 160.0, "name": "Single Business Tower", "levels": "46"}, "geometry": {"type": "Polygon", "coordinates": [[[55.2585361, 25.1883434], [55.2587805, 25.1881519], [55.2585286, 25.1878887], [55.2582842, 25.1880802], [55.2585361, 25.1883434]]]}}, {"type": "Feature", "properties": {"status": "existing", "bHeight": 35.0, "name": "", "levels": "10", "height_source": "osm_geom", "height_basis": "osm levels 10 · 100% of this footprint"}, "geometry": {"type": "Polygon", "coordinates": [[[55.2588341, 25.1880952], [55.2591637, 25.1878424], [55.2589115, 25.187573], [55.2585979, 25.18783], [55.2588341, 25.1880952]]]}}, {"type": "Feature", "properties": {"status": "existing", "bHeight": 83.0, "name": "The Binary Tower by Omniyat", "levels": "5", "height_source": "osm_geom", "height_basis": "osm levels 25 (stated height implausible for the floor count) · 13% of this footprint"}, "geometry": {"type": "Polygon", "coordinates": [[[55.2670269, 25.1877194], [55.2665008, 25.1874483], [55.2667794, 25.1863976], [55.2668584, 25.1864083], [55.2669878, 25.1864195], [55.2671018, 25.1864083], [55.2672127, 25.1863944], [55.2673352, 25.1863797], [55.267351, 25.1866764], [55.2672494, 25.1869963], [55.2670269, 25.1877194]]]}}, {"type": "Feature", "properties": {"status": "existing", "bHeight": 83.0, "name": "Bay's Edge Tower", "levels": "", "height_source": "osm_geom", "height_basis": "osm levels 25 (stated height implausible for the floor count) · 32% of this footprint"}, "geometry": {"type": "Polygon", "coordinates": [[[55.269539, 25.1881094], [55.2698886, 25.188041], [55.2702402, 25.1879557], [55.2700536, 25.1873734], [55.2694554, 25.1874296], [55.269539, 25.1881094]]]}}, {"type": "Feature", "properties": {"status": "existing", "bHeight": 79.8, "name": "Opal Tower", "levels": "", "height_source": "osm_geom", "height_basis": "osm levels 24 (stated height implausible for the floor count) · 45% of this footprint"}, "geometry": {"type": "Polygon", "coordinates": [[[55.2757633, 25.1851699], [55.2755269, 25.1853388], [55.2755074, 25.1853166], [55.2754706, 25.1853504], [55.2754456, 25.1853249], [55.2754059, 25.1854014], [55.2753827, 25.1854817], [55.2753834, 25.1855541], [55.2755466, 25.1857238], [55.2755859, 25.1857694], [55.2757722, 25.1859693], [55.2758294, 25.1859819], [55.275888, 25.185985], [55.2759731, 25.1859743], [55.2760177, 25.1859513], [55.2759843, 25.1859163], [55.2760294, 25.1858843], [55.2760153, 25.1858691], [55.2762287, 25.1857172], [55.2757633, 25.1851699]]]}}, {"type": "Feature", "properties": {"status": "existing", "bHeight": 12.0, "name": "Millennium Atria Business Bay", "levels": ""}, "geometry": {"type": "Polygon", "coordinates": [[[55.2633908, 25.1806193], [55.2640634, 25.1805855], [55.2642427, 25.1805765], [55.2643745, 25.1803653], [55.2644673, 25.1802013], [55.2643049, 25.1800053], [55.2640533, 25.1797082], [55.2638815, 25.1795578], [55.2636664, 25.179651], [55.2636049, 25.1796779], [55.2631915, 25.1799377], [55.2633908, 25.1806193]]]}}, {"type": "Feature", "properties": {"status": "existing", "bHeight": 12.0, "name": "", "levels": ""}, "geometry": {"type": "Polygon", "coordinates": [[[55.271019, 25.177591], [55.2707599, 25.1773297], [55.2707875, 25.177053], [55.271018, 25.17691], [55.2710675, 25.1768697], [55.2714637, 25.1772536], [55.271019, 25.177591]]]}}, {"type": "Feature", "properties": {"status": "existing", "bHeight": 6.2, "name": "Breeze", "levels": "1", "height_source": "osm_geom", "height_basis": "osm levels 1 · 100% of this footprint"}, "geometry": {"type": "Polygon", "coordinates": [[[55.2714852, 25.1771525], [55.2719131, 25.1769259], [55.2724763, 25.1771348], [55.272695, 25.1768028], [55.2726097, 25.1767543], [55.2724555, 25.1766694], [55.2724727, 25.176638], [55.2720843, 25.1764823], [55.2718307, 25.1764103], [55.2716898, 25.1765043], [55.2713073, 25.1767427], [55.2711934, 25.1767987], [55.2714852, 25.1771525]]]}}, {"type": "Feature", "properties": {"status": "existing", "bHeight": 12.0, "name": "Avanti", "levels": ""}, "geometry": {"type": "Polygon", "coordinates": [[[55.2724763, 25.1771348], [55.2724962, 25.1771462], [55.2727348, 25.1772843], [55.2728034, 25.1773317], [55.2730284, 25.1770544], [55.2730578, 25.177017], [55.27297, 25.17697], [55.2730011, 25.1769338], [55.2727538, 25.1767747], [55.2727192, 25.1768173], [55.272695, 25.1768028], [55.2724763, 25.1771348]]]}}, {"type": "Feature", "properties": {"status": "existing", "bHeight": 54.4, "name": "Safeer Tower 2", "levels": "16"}, "geometry": {"type": "Polygon", "coordinates": [[[55.2762185, 25.18029], [55.2762506, 25.1803066], [55.2761921, 25.1803989], [55.27588, 25.180237], [55.2759479, 25.1801298], [55.2760526, 25.1801841], [55.276079, 25.1801425], [55.276046, 25.1801254], [55.2761121, 25.1800212], [55.2764221, 25.1801821], [55.276351, 25.1802943], [55.2762492, 25.1802415], [55.2762185, 25.18029]]]}}, {"type": "Feature", "properties": {"status": "existing", "bHeight": 100.0, "name": "Residence 22", "levels": "", "height_source": "osm_geom", "height_basis": "osm height · 30% of this footprint"}, "geometry": {"type": "Polygon", "coordinates": [[[55.2887468, 25.1923127], [55.2884331, 25.1920062], [55.2881093, 25.1922483], [55.2881536, 25.192295], [55.2882625, 25.1924122], [55.2884214, 25.192573], [55.2884592, 25.1925448], [55.2884881, 25.1925221], [55.2887468, 25.1923127]]]}}, {"type": "Feature", "properties": {"status": "existing", "bHeight": 79.8, "name": "MAG 318", "levels": "", "height_source": "osm_geom", "height_basis": "osm levels 24 (stated height implausible for the floor count) · 34% of this footprint"}, "geometry": {"type": "Polygon", "coordinates": [[[55.2828698, 25.1902769], [55.2830891, 25.1901872], [55.2833281, 25.1900227], [55.2836844, 25.1905384], [55.2836969, 25.1905848], [55.2836769, 25.1906289], [55.2836321, 25.1906643], [55.2836044, 25.1906838], [55.2835374, 25.1907182], [55.2834669, 25.1907473], [55.2833839, 25.1907713], [55.2833048, 25.1907832], [55.2832116, 25.1907811], [55.2828698, 25.1902769]]]}}, {"type": "Feature", "properties": {"status": "existing", "bHeight": 110.0, "name": "Reva Residences", "levels": "", "height_source": "osm_geom", "height_basis": "osm height · 28% of this footprint"}, "geometry": {"type": "Polygon", "coordinates": [[[55.282696, 25.1875024], [55.2827734, 25.1876803], [55.2828597, 25.187905], [55.2829358, 25.1883031], [55.2831652, 25.1882926], [55.2834814, 25.1882581], [55.2833711, 25.1877773], [55.2832563, 25.1875172], [55.2831877, 25.1873813], [55.2831598, 25.1873214], [55.282696, 25.1875024]]]}}, {"type": "Feature", "properties": {"status": "existing", "bHeight": 80.0, "name": "ENI Coral Tower", "levels": "3", "height_source": "osm_geom", "height_basis": "osm height · 37% of this footprint"}, "geometry": {"type": "Polygon", "coordinates": [[[55.2842106, 25.1897262], [55.2846583, 25.1896959], [55.2845884, 25.1891093], [55.2845268, 25.1890771], [55.2841781, 25.1891074], [55.2841277, 25.1891782], [55.2842106, 25.1897262]]]}}, {"type": "Feature", "properties": {"status": "existing", "bHeight": 90.0, "name": "Damac Maison Canal Views", "levels": "", "height_source": "osm_geom", "height_basis": "osm height · 26% of this footprint"}, "geometry": {"type": "Polygon", "coordinates": [[[55.2839687, 25.187974], [55.2844138, 25.1878759], [55.28424, 25.1872805], [55.2838191, 25.1874101], [55.2839687, 25.187974]]]}}, {"type": "Feature", "properties": {"status": "existing", "bHeight": 135.0, "name": "Westburry Tower 1", "levels": "3", "height_source": "osm_geom", "height_basis": "osm height · 24% of this footprint"}, "geometry": {"type": "Polygon", "coordinates": [[[55.2749791, 25.1866192], [55.2754479, 25.1863133], [55.2754638, 25.18617], [55.275113, 25.1857625], [55.2747817, 25.1857228], [55.2744389, 25.1859685], [55.2749791, 25.1866192]]]}}, {"type": "Feature", "properties": {"status": "existing", "bHeight": 79.8, "name": "B2B Tower", "levels": "", "height_source": "osm_geom", "height_basis": "osm levels 24 (stated height implausible for the floor count) · 27% of this footprint"}, "geometry": {"type": "Polygon", "coordinates": [[[55.2852559, 25.1908947], [55.2852859, 25.1909106], [55.2854621, 25.1910892], [55.2855825, 25.1911639], [55.2857069, 25.1912301], [55.285481, 25.1915706], [55.2849948, 25.1912433], [55.2849224, 25.1911608], [55.2849264, 25.1911193], [55.2849973, 25.19105], [55.2851105, 25.1909657], [55.2852208, 25.1909017], [55.2852559, 25.1908947]]]}}, {"type": "Feature", "properties": {"status": "existing", "bHeight": 12.0, "name": "", "levels": ""}, "geometry": {"type": "Polygon", "coordinates": [[[55.2579143, 25.1869928], [55.2580173, 25.1869098], [55.25818, 25.187075], [55.258077, 25.1871581], [55.2579143, 25.1869928]]]}}, {"type": "Feature", "properties": {"status": "existing", "bHeight": 12.0, "name": "", "levels": ""}, "geometry": {"type": "Polygon", "coordinates": [[[55.2580622, 25.1869248], [55.2581623, 25.1870254], [55.2582431, 25.1869596], [55.258143, 25.186859], [55.2580622, 25.1869248]]]}}, {"type": "Feature", "properties": {"status": "existing", "bHeight": 12.0, "name": "", "levels": ""}, "geometry": {"type": "Polygon", "coordinates": [[[55.2580057, 25.1874322], [55.2579484, 25.1874763], [55.2578005, 25.1873187], [55.2578577, 25.1872747], [55.2580057, 25.1874322]]]}}, {"type": "Feature", "properties": {"status": "existing", "bHeight": 15.8, "name": "dnata DLM Car Parking Building", "levels": "4", "height_source": "osm_geom", "height_basis": "osm levels 4 · 100% of this footprint"}, "geometry": {"type": "Polygon", "coordinates": [[[55.257759, 25.1867472], [55.2579915, 25.1865717], [55.257295, 25.1858157], [55.2570625, 25.1859912], [55.257759, 25.1867472]]]}}, {"type": "Feature", "properties": {"status": "existing", "bHeight": 12.0, "name": "", "levels": ""}, "geometry": {"type": "Polygon", "coordinates": [[[55.2583893, 25.1861986], [55.2583915, 25.1862705], [55.2583531, 25.1863487], [55.2580977, 25.1865327], [55.2573554, 25.1857307], [55.2573425, 25.185699], [55.2573467, 25.1856265], [55.2573496, 25.1855753], [55.2574168, 25.1854406], [55.2575128, 25.1853146], [55.2576245, 25.1852749], [55.2576186, 25.1853549], [55.2576327, 25.1854412], [55.2576559, 25.1855112], [55.2576861, 25.1855722], [55.2577018, 25.1855932], [55.2580812, 25.1860122], [55.2581149, 25.1860487], [55.2581654, 25.1861037], [55.2582171, 25.1861401], [55.2582961, 25.1861764], [55.2583893, 25.1861986]]]}}, {"type": "Feature", "properties": {"status": "existing", "bHeight": 201.4, "name": "Aykon City", "levels": "4", "height_source": "osm_geom", "height_basis": "osm levels 62 (stated height implausible for the floor count) · 14% of this footprint"}, "geometry": {"type": "Polygon", "coordinates": [[[55.2528792, 25.1815241], [55.2529306, 25.1814667], [55.2529812, 25.1814102], [55.2530074, 25.1814243], [55.2532074, 25.1811276], [55.2532563, 25.1810865], [55.2533126, 25.1810467], [55.2533676, 25.1810366], [55.2535955, 25.1810355], [55.2535886, 25.1808966], [55.2534913, 25.1807916], [55.2532834, 25.1805684], [55.2531092, 25.180377], [55.2530282, 25.1802921], [55.2528733, 25.1802365], [55.2526814, 25.1805382], [55.252648, 25.1805908], [55.2526015, 25.1806268], [55.2525394, 25.1806516], [55.252329, 25.1806604], [55.2521697, 25.1807517], [55.2521782, 25.1811639], [55.2522348, 25.1813106], [55.2526803, 25.1815429], [55.2527534, 25.1814408], [55.2528792, 25.1815241]]]}}, {"type": "Feature", "properties": {"status": "existing", "bHeight": 76.6, "name": "The 9 Tower", "levels": "", "height_source": "osm_geom", "height_basis": "osm levels 23 (stated height implausible for the floor count) · 32% of this footprint"}, "geometry": {"type": "Polygon", "coordinates": [[[55.2721408, 25.1869516], [55.2727597, 25.1865329], [55.2724286, 25.1861426], [55.2718259, 25.1865746], [55.2721408, 25.1869516]]]}}, {"type": "Feature", "properties": {"status": "existing", "bHeight": 41.4, "name": "", "levels": "12", "height_source": "osm_geom", "height_basis": "osm levels 12 · 100% of this footprint"}, "geometry": {"type": "Polygon", "coordinates": [[[55.2662645, 25.1948048], [55.2659695, 25.1944782], [55.2662747, 25.1942525], [55.2665697, 25.194579], [55.2662645, 25.1948048]]]}}, {"type": "Feature", "properties": {"status": "existing", "bHeight": 12.0, "name": "", "levels": ""}, "geometry": {"type": "Polygon", "coordinates": [[[55.2673334, 25.1932833], [55.2669403, 25.1935157], [55.2671246, 25.1937708], [55.2675176, 25.1935384], [55.2673334, 25.1932833]]]}}, {"type": "Feature", "properties": {"status": "existing", "bHeight": 67.0, "name": "Empire Heights", "levels": "4", "height_source": "osm_geom", "height_basis": "osm levels 20 (stated height implausible for the floor count) · 20% of this footprint"}, "geometry": {"type": "Polygon", "coordinates": [[[55.2854223, 25.1921711], [55.2851514, 25.1920449], [55.2848788, 25.1918787], [55.2846257, 25.1916881], [55.2844004, 25.1914745], [55.2840839, 25.1917051], [55.2842556, 25.1918554], [55.2842739, 25.1919153], [55.2843343, 25.191986], [55.2843966, 25.1920226], [55.2845072, 25.1920414], [55.2846492, 25.1921381], [55.2847899, 25.1922193], [55.2848368, 25.1923002], [55.284913, 25.1923572], [55.2849827, 25.1923804], [55.285049, 25.1923842], [55.2851021, 25.1923752], [55.2852668, 25.1924454], [55.2854223, 25.1921711]]]}}, {"type": "Feature", "properties": {"status": "existing", "bHeight": 3.2, "name": "Al Wajeha Al Maeyah", "levels": "1"}, "geometry": {"type": "Polygon", "coordinates": [[[55.2846711, 25.1879275], [55.2846675, 25.1878961], [55.2846911, 25.1878939], [55.2846948, 25.1879253], [55.2846711, 25.1879275]]]}}, {"type": "Feature", "properties": {"status": "existing", "bHeight": 6.2, "name": "مراسي", "levels": "1", "height_source": "osm_geom", "height_basis": "osm levels 1 · 100% of this footprint"}, "geometry": {"type": "Polygon", "coordinates": [[[55.2708602, 25.1822548], [55.2708932, 25.182226], [55.2709311, 25.1822616], [55.2708981, 25.1822903], [55.2708602, 25.1822548]]]}}, {"type": "Feature", "properties": {"status": "existing", "bHeight": 55.0, "name": "", "levels": "12"}, "geometry": {"type": "Polygon", "coordinates": [[[55.2793391, 25.1855544], [55.2793035, 25.1855083], [55.2792298, 25.1855548], [55.2790013, 25.1852581], [55.2793797, 25.1850193], [55.2794999, 25.1851753], [55.27942, 25.1852257], [55.2795639, 25.1854125], [55.2793391, 25.1855544]]]}}, {"type": "Feature", "properties": {"status": "existing", "bHeight": 35.0, "name": "", "levels": "6"}, "geometry": {"type": "Polygon", "coordinates": [[[55.2798797, 25.1864101], [55.2796692, 25.1861375], [55.2800377, 25.1859045], [55.2802482, 25.186177], [55.2798797, 25.1864101]]]}}, {"type": "Feature", "properties": {"status": "existing", "bHeight": 40.0, "name": "", "levels": "9"}, "geometry": {"type": "Polygon", "coordinates": [[[55.2808167, 25.1854387], [55.2806334, 25.1851868], [55.2809437, 25.1850019], [55.2810074, 25.1850894], [55.2810846, 25.1850434], [55.2812362, 25.1852517], [55.2809269, 25.185436], [55.2808949, 25.1853921], [55.2808167, 25.1854387]]]}}, {"type": "Feature", "properties": {"status": "existing", "bHeight": 60.0, "name": "DoubleTree by Hilton Dubai - Business Bay", "levels": "", "height_source": "osm_geom", "height_basis": "osm height · 59% of this footprint"}, "geometry": {"type": "Polygon", "coordinates": [[[55.2807158, 25.1862842], [55.2805862, 25.1861153], [55.2800792, 25.1864336], [55.2800559, 25.1864034], [55.2799102, 25.1864952], [55.2801203, 25.1867703], [55.2807906, 25.1863489], [55.2807327, 25.1862735], [55.2807158, 25.1862842]]]}}, {"type": "Feature", "properties": {"status": "existing", "bHeight": 252.6, "name": "SLS Dubai Hotel & Residences", "levels": "6", "height_source": "osm_geom", "height_basis": "osm levels 78 (stated height implausible for the floor count) · 36% of this footprint"}, "geometry": {"type": "Polygon", "coordinates": [[[55.2928122, 25.1843634], [55.2924122, 25.1839508], [55.291797, 25.184819], [55.2919194, 25.1848303], [55.2920299, 25.1848522], [55.2921686, 25.1848988], [55.292301, 25.184953], [55.2928122, 25.1843634]]]}}, {"type": "Feature", "properties": {"status": "existing", "bHeight": 12.0, "name": "", "levels": ""}, "geometry": {"type": "Polygon", "coordinates": [[[55.2926554, 25.1887603], [55.2926696, 25.1883698], [55.2930368, 25.1883806], [55.2930328, 25.188489], [55.2930832, 25.1884905], [55.293073, 25.1887727], [55.2926554, 25.1887603]]]}}, {"type": "Feature", "properties": {"status": "existing", "bHeight": 12.0, "name": "", "levels": ""}, "geometry": {"type": "Polygon", "coordinates": [[[55.2932196, 25.1884534], [55.2932222, 25.1883593], [55.2933308, 25.1883618], [55.2933282, 25.1884559], [55.2932196, 25.1884534]]]}}, {"type": "Feature", "properties": {"status": "existing", "bHeight": 12.0, "name": "", "levels": ""}, "geometry": {"type": "Polygon", "coordinates": [[[55.2880487, 25.1864182], [55.2878925, 25.1865113], [55.2878379, 25.1864363], [55.2879941, 25.1863432], [55.2880487, 25.1864182]]]}}, {"type": "Feature", "properties": {"status": "existing", "bHeight": 111.8, "name": "ذا كورت", "levels": "5", "height_source": "osm_geom", "height_basis": "osm levels 34 (stated height implausible for the floor count) · 67% of this footprint"}, "geometry": {"type": "Polygon", "coordinates": [[[55.2590934, 25.1848269], [55.258868, 25.1849765], [55.2587009, 25.1849536], [55.2585923, 25.1850156], [55.2582728, 25.184558], [55.2586134, 25.1843633], [55.2587352, 25.1842965], [55.2590934, 25.1848269]]]}}, {"type": "Feature", "properties": {"status": "existing", "bHeight": 150.0, "name": "Park Lane Tower", "levels": "34"}, "geometry": {"type": "Polygon", "coordinates": [[[55.2622241, 25.185258], [55.2622158, 25.1852771], [55.2622052, 25.1853016], [55.2622419, 25.1853348], [55.2621685, 25.1853699], [55.2621815, 25.1853894], [55.262135, 25.185408], [55.2621982, 25.1855347], [55.2614919, 25.1858354], [55.2614041, 25.1856099], [55.2613239, 25.1853897], [55.2619847, 25.1851236], [55.2620133, 25.1851891], [55.2620611, 25.1851677], [55.2620658, 25.1851993], [55.2621649, 25.1851781], [55.2621649, 25.1852492], [55.2622241, 25.185258]]]}}, {"type": "Feature", "properties": {"status": "existing", "bHeight": 63.8, "name": "داماك ميزون كور جاردان شقق فندقية", "levels": "19", "height_source": "osm_geom", "height_basis": "osm levels 19 · 100% of this footprint"}, "geometry": {"type": "Polygon", "coordinates": [[[55.2672217, 25.1877937], [55.2672799, 25.1875455], [55.2673959, 25.1875678], [55.2674552, 25.1873146], [55.2677077, 25.1873631], [55.2676403, 25.1876504], [55.2677177, 25.1876653], [55.2676763, 25.187842], [55.2676037, 25.1878281], [55.267595, 25.1878653], [55.2672217, 25.1877937]]]}}, {"type": "Feature", "properties": {"status": "existing", "bHeight": 120.0, "name": "Bay's Edge Tower", "levels": "25"}, "geometry": {"type": "Polygon", "coordinates": [[[55.269611, 25.1880692], [55.2695804, 25.1878488], [55.2696083, 25.1877021], [55.2696499, 25.1875892], [55.2697518, 25.1875189], [55.2698618, 25.1875261], [55.2699691, 25.187605], [55.2700363, 25.1877101], [55.2700885, 25.187838], [55.2701245, 25.1879696], [55.270024, 25.1879945], [55.2699618, 25.1878406], [55.2698994, 25.1877347], [55.2698044, 25.1876832], [55.2697411, 25.1877516], [55.2697049, 25.1878453], [55.2697232, 25.188057], [55.269611, 25.1880692]]]}}, {"type": "Feature", "properties": {"status": "existing", "bHeight": 101.0, "name": "Blue Bay Tower", "levels": "23"}, "geometry": {"type": "Polygon", "coordinates": [[[55.270996, 25.1877096], [55.2708156, 25.1877885], [55.2706438, 25.1878229], [55.2705809, 25.1878297], [55.2704838, 25.1878403], [55.2704045, 25.1876547], [55.2705623, 25.1875423], [55.2707076, 25.1874778], [55.2708678, 25.1874431], [55.2710075, 25.1874446], [55.2710804, 25.1876116], [55.270996, 25.1877096]]]}}, {"type": "Feature", "properties": {"status": "existing", "bHeight": 80.0, "name": "Pullman Dubai Downtown", "levels": "22"}, "geometry": {"type": "Polygon", "coordinates": [[[55.2715845, 25.1872962], [55.2713215, 25.186953], [55.2716605, 25.1867253], [55.2717916, 25.1868858], [55.2716206, 25.1870001], [55.2716483, 25.1870339], [55.2716191, 25.1870534], [55.271707, 25.1871611], [55.2716746, 25.1871828], [55.2717027, 25.1872172], [55.2715845, 25.1872962]]]}}, {"type": "Feature", "properties": {"status": "existing", "bHeight": 107.0, "name": "Lake Central Tower", "levels": "25"}, "geometry": {"type": "Polygon", "coordinates": [[[55.2730964, 25.1862178], [55.2729288, 25.1863412], [55.2727753, 25.1861829], [55.2726673, 25.1862729], [55.2725919, 25.1861956], [55.2728202, 25.1860129], [55.2730135, 25.1858977], [55.273082, 25.185986], [55.2729794, 25.1860487], [55.2730964, 25.1862178]]]}}, {"type": "Feature", "properties": {"status": "existing", "bHeight": 100.0, "name": "St. Regis", "levels": "23"}, "geometry": {"type": "Polygon", "coordinates": [[[55.2738191, 25.185688], [55.2734441, 25.185955], [55.2734119, 25.1859179], [55.2733745, 25.1859445], [55.2732009, 25.1857448], [55.2736474, 25.185427], [55.2738227, 25.1856286], [55.2737885, 25.1856529], [55.2738191, 25.185688]]]}}, {"type": "Feature", "properties": {"status": "existing", "bHeight": 50.0, "name": "Bay Square 3", "levels": "10"}, "geometry": {"type": "Polygon", "coordinates": [[[55.2798649, 25.1856435], [55.27998, 25.1857922], [55.2795885, 25.1860405], [55.2793027, 25.1856713], [55.2796177, 25.1854717], [55.2797883, 25.185692], [55.2798649, 25.1856435]]]}}, {"type": "Feature", "properties": {"status": "existing", "bHeight": 55.0, "name": "", "levels": "12"}, "geometry": {"type": "Polygon", "coordinates": [[[55.2794419, 25.1849419], [55.2791629, 25.1845709], [55.2793938, 25.1844288], [55.2794625, 25.1845202], [55.2795319, 25.1844775], [55.2797063, 25.1847094], [55.2796313, 25.1847556], [55.2796671, 25.1848032], [55.2794419, 25.1849419]]]}}, {"type": "Feature", "properties": {"status": "existing", "bHeight": 50.0, "name": "", "levels": "10"}, "geometry": {"type": "Polygon", "coordinates": [[[55.2797006, 25.1854553], [55.2795885, 25.1853048], [55.2796573, 25.1852628], [55.2795753, 25.1851527], [55.2796562, 25.1851033], [55.2795741, 25.1849931], [55.2798194, 25.1848435], [55.2800957, 25.1852144], [55.2797006, 25.1854553]]]}}, {"type": "Feature", "properties": {"status": "existing", "bHeight": 40.0, "name": "", "levels": "8"}, "geometry": {"type": "Polygon", "coordinates": [[[55.2804168, 25.1856234], [55.2802315, 25.1857421], [55.2801917, 25.1856913], [55.2800529, 25.1857803], [55.2798231, 25.1854867], [55.280128, 25.1852913], [55.2802827, 25.185489], [55.280302, 25.1854766], [55.2804168, 25.1856234]]]}}, {"type": "Feature", "properties": {"status": "existing", "bHeight": 55.0, "name": "", "levels": "11"}, "geometry": {"type": "Polygon", "coordinates": [[[55.2811723, 25.1863811], [55.2808863, 25.1860085], [55.2812023, 25.1858098], [55.2812612, 25.1858865], [55.2813333, 25.1858411], [55.2815605, 25.186137], [55.2811723, 25.1863811]]]}}, {"type": "Feature", "properties": {"status": "existing", "bHeight": 55.0, "name": "Building 12", "levels": "12"}, "geometry": {"type": "Polygon", "coordinates": [[[55.2819133, 25.1858477], [55.2817592, 25.1859421], [55.2817411, 25.1859179], [55.2815837, 25.1860143], [55.2813895, 25.1857549], [55.2817717, 25.1855206], [55.2819227, 25.1857223], [55.2818519, 25.1857657], [55.2819133, 25.1858477]]]}}, {"type": "Feature", "properties": {"status": "existing", "bHeight": 55.0, "name": "", "levels": "11"}, "geometry": {"type": "Polygon", "coordinates": [[[55.2813765, 25.1856997], [55.2812984, 25.1856039], [55.281215, 25.1856596], [55.2810675, 25.1854787], [55.2813633, 25.1852812], [55.2814039, 25.185331], [55.2814786, 25.1852811], [55.2816636, 25.185508], [55.2813765, 25.1856997]]]}}, {"type": "Feature", "properties": {"status": "existing", "bHeight": 45.0, "name": "", "levels": "10"}, "geometry": {"type": "Polygon", "coordinates": [[[55.2803533, 25.1851584], [55.2799588, 25.1846521], [55.2800458, 25.1845966], [55.2800807, 25.1846413], [55.280098, 25.1846303], [55.2801228, 25.184662], [55.2801468, 25.1846466], [55.2801836, 25.1846939], [55.2802166, 25.1846728], [55.280386, 25.1848903], [55.2805314, 25.1847976], [55.2805567, 25.18483], [55.2806045, 25.1847995], [55.2806438, 25.1848499], [55.2806652, 25.1848363], [55.2807293, 25.1849185], [55.2803533, 25.1851584]]]}}, {"type": "Feature", "properties": {"status": "existing", "bHeight": 150.0, "name": "Prime Tower", "levels": "36"}, "geometry": {"type": "Polygon", "coordinates": [[[55.2718294, 25.188401], [55.2715744, 25.1882919], [55.2713364, 25.1881567], [55.27139, 25.1880189], [55.2715868, 25.1880356], [55.2717265, 25.1881014], [55.2718373, 25.1881897], [55.2719039, 25.1882763], [55.2718294, 25.188401]]]}}, {"type": "Feature", "properties": {"status": "existing", "bHeight": 195.0, "name": "Vision Tower", "levels": "8", "height_source": "osm_geom", "height_basis": "osm levels 60 (stated height implausible for the floor count) · 24% of this footprint"}, "geometry": {"type": "Polygon", "coordinates": [[[55.2633011, 25.1885226], [55.2635346, 25.1887785], [55.2642966, 25.1882093], [55.264214, 25.1881187], [55.2641585, 25.1881601], [55.2640924, 25.1880876], [55.2640125, 25.1881473], [55.2639278, 25.1880545], [55.2633011, 25.1885226]]]}}, {"type": "Feature", "properties": {"status": "existing", "bHeight": 135.0, "name": "Aspect Tower", "levels": "40"}, "geometry": {"type": "Polygon", "coordinates": [[[55.266326, 25.1920565], [55.2666865, 25.1920812], [55.2666685, 25.1922957], [55.2663102, 25.1922711], [55.2663053, 25.1923296], [55.2661919, 25.1923218], [55.2662246, 25.1919318], [55.2663358, 25.1919395], [55.266326, 25.1920565]]]}}, {"type": "Feature", "properties": {"status": "existing", "bHeight": 108.8, "name": "", "levels": "32"}, "geometry": {"type": "Polygon", "coordinates": [[[55.2671098, 25.1923169], [55.2669882, 25.1921951], [55.2668799, 25.1922837], [55.2669978, 25.192405], [55.2671098, 25.1923169]]]}}, {"type": "Feature", "properties": {"status": "existing", "bHeight": 15.0, "name": "", "levels": ""}, "geometry": {"type": "Polygon", "coordinates": [[[55.2673614, 25.1918105], [55.2670337, 25.1914634], [55.2669859, 25.1915004], [55.2664939, 25.1909793], [55.2665923, 25.1909033], [55.2665431, 25.1908512], [55.266623, 25.1907895], [55.2671026, 25.1912974], [55.2670473, 25.1913402], [55.267142, 25.1914405], [55.2672009, 25.1913951], [55.2673167, 25.1915177], [55.2672837, 25.1915432], [55.2675748, 25.1918514], [55.2675105, 25.1919011], [55.2673981, 25.1917821], [55.2673614, 25.1918105]]]}}, {"type": "Feature", "properties": {"status": "existing", "bHeight": 12.0, "name": "", "levels": ""}, "geometry": {"type": "Polygon", "coordinates": [[[55.2663612, 25.1907312], [55.2663293, 25.1906975], [55.2662294, 25.1907749], [55.2661373, 25.1906775], [55.2663263, 25.1905312], [55.2664503, 25.1906623], [55.2663612, 25.1907312]]]}}, {"type": "Feature", "properties": {"status": "existing", "bHeight": 15.0, "name": "", "levels": ""}, "geometry": {"type": "Polygon", "coordinates": [[[55.2660967, 25.1904541], [55.2658785, 25.1902119], [55.2658045, 25.1902664], [55.265601, 25.1900405], [55.2656743, 25.1899865], [55.2655267, 25.1898227], [55.2656372, 25.1897412], [55.2659482, 25.1900865], [55.2659206, 25.1901069], [55.2660162, 25.1902131], [55.2660519, 25.1901868], [55.2662144, 25.1903672], [55.2660967, 25.1904541]]]}}, {"type": "Feature", "properties": {"status": "existing", "bHeight": 15.0, "name": "", "levels": ""}, "geometry": {"type": "Polygon", "coordinates": [[[55.2655856, 25.1896861], [55.2654771, 25.1897675], [55.2653161, 25.1895919], [55.2652384, 25.1896503], [55.2650698, 25.1894663], [55.2649958, 25.1895218], [55.2649126, 25.189431], [55.2649624, 25.1893937], [55.2648918, 25.1893167], [55.2648531, 25.1893457], [55.2647758, 25.1892613], [55.2649919, 25.1890991], [55.2650592, 25.1891725], [55.2650922, 25.1891477], [55.2655856, 25.1896861]]]}}, {"type": "Feature", "properties": {"status": "existing", "bHeight": 15.0, "name": "", "levels": ""}, "geometry": {"type": "Polygon", "coordinates": [[[55.2648666, 25.1889699], [55.2646727, 25.1891141], [55.2643011, 25.1887053], [55.2643587, 25.1886624], [55.2642918, 25.1885889], [55.2643653, 25.1885342], [55.2642512, 25.1884086], [55.2643548, 25.1883315], [55.2644552, 25.188442], [55.2646665, 25.1886744], [55.2646213, 25.188708], [55.2646674, 25.1887587], [55.2647511, 25.1886964], [55.2648755, 25.1888332], [55.2647961, 25.1888923], [55.2648666, 25.1889699]]]}}, {"type": "Feature", "properties": {"status": "existing", "bHeight": 12.0, "name": "", "levels": ""}, "geometry": {"type": "Polygon", "coordinates": [[[55.2635736, 25.1898053], [55.2636374, 25.1895331], [55.2640008, 25.1896031], [55.2639909, 25.1896451], [55.2640902, 25.1896642], [55.2641077, 25.1895896], [55.2642035, 25.189608], [55.2641902, 25.1896648], [55.2643748, 25.1897004], [55.2643838, 25.1896621], [55.2644851, 25.1896816], [55.2644178, 25.1899677], [55.2638612, 25.1898606], [55.2635736, 25.1898053]]]}}, {"type": "Feature", "properties": {"status": "existing", "bHeight": 185.4, "name": "Baygate Tower", "levels": "11", "height_source": "osm_geom", "height_basis": "osm levels 57 (stated height implausible for the floor count) · 34% of this footprint"}, "geometry": {"type": "Polygon", "coordinates": [[[55.2627095, 25.1889891], [55.2626332, 25.1890477], [55.2625344, 25.1889424], [55.263135, 25.1884808], [55.2634155, 25.1887797], [55.2634922, 25.1888615], [55.2628869, 25.1893266], [55.2628254, 25.1892611], [55.2629064, 25.1891989], [55.2627095, 25.1889891]]]}}, {"type": "Feature", "properties": {"status": "existing", "bHeight": 70.2, "name": "Radisson Blu Hotel, Dubai Canal View", "levels": "", "height_source": "osm_geom", "height_basis": "osm levels 21 (stated height implausible for the floor count) · 28% of this footprint"}, "geometry": {"type": "Polygon", "coordinates": [[[55.2899698, 25.1914809], [55.2897571, 25.191245], [55.2899983, 25.1910987], [55.2900788, 25.1912117], [55.290234, 25.1910956], [55.2903338, 25.1910472], [55.2904216, 25.1910297], [55.2904745, 25.1910252], [55.2904762, 25.1910862], [55.2905213, 25.1912163], [55.2903841, 25.1913782], [55.2903284, 25.191428], [55.2901465, 25.1916038], [55.2900039, 25.1914703], [55.2899698, 25.1914809]]]}}, {"type": "Feature", "properties": {"status": "existing", "bHeight": 130.0, "name": "Al Shafar Tower", "levels": "4", "height_source": "osm_geom", "height_basis": "osm height · 20% of this footprint"}, "geometry": {"type": "Polygon", "coordinates": [[[55.2904491, 25.1936898], [55.2902117, 25.1938755], [55.2901085, 25.1938209], [55.2899408, 25.193941], [55.2895144, 25.1936522], [55.2896337, 25.193543], [55.2895952, 25.1934032], [55.2897531, 25.1931934], [55.2898604, 25.1931971], [55.2901849, 25.1934059], [55.2904545, 25.1935648], [55.2903988, 25.1936546], [55.2904491, 25.1936898]]]}}, {"type": "Feature", "properties": {"status": "existing", "bHeight": 38.2, "name": "Millennium Central", "levels": "4", "height_source": "osm_geom", "height_basis": "osm levels 11 (stated height implausible for the floor count) · 22% of this footprint"}, "geometry": {"type": "Polygon", "coordinates": [[[55.289434, 25.1937443], [55.289475, 25.1936973], [55.289506, 25.1936618], [55.2895144, 25.1936522], [55.2899408, 25.193941], [55.2898027, 25.1940624], [55.2896498, 25.1941012], [55.2897283, 25.1941526], [55.2895742, 25.1942473], [55.2894903, 25.1942949], [55.2893612, 25.194298], [55.2891741, 25.1942977], [55.2891014, 25.1941626], [55.2891684, 25.194115], [55.2890505, 25.1940052], [55.2893019, 25.1937625], [55.289434, 25.1937443]]]}}, {"type": "Feature", "properties": {"status": "existing", "bHeight": 80.0, "name": "Fifty One Business Bay Tower", "levels": "21"}, "geometry": {"type": "Polygon", "coordinates": [[[55.2847341, 25.1901727], [55.2846341, 25.1901886], [55.2846144, 25.190203], [55.2845853, 25.1902183], [55.2845302, 25.1902363], [55.2844811, 25.1902432], [55.2844428, 25.1902446], [55.2844076, 25.1902404], [55.2842945, 25.1902559], [55.2842837, 25.1901786], [55.2843234, 25.1901753], [55.2843034, 25.1900866], [55.284255, 25.1900901], [55.2842422, 25.1900131], [55.2843341, 25.1899965], [55.284354, 25.1899743], [55.2843862, 25.189959], [55.2844306, 25.1899479], [55.2844704, 25.1899396], [55.2845179, 25.1899396], [55.2845639, 25.1899424], [55.2846752, 25.1899236], [55.2846907, 25.1900046], [55.2846512, 25.1900115], [55.2846742, 25.1901032], [55.2847199, 25.1900981], [55.2847341, 25.1901727]]]}}, {"type": "Feature", "properties": {"status": "existing", "bHeight": 67.0, "name": "Hamilton Residency", "levels": "", "height_source": "osm_geom", "height_basis": "osm levels 20 (stated height implausible for the floor count) · 38% of this footprint"}, "geometry": {"type": "Polygon", "coordinates": [[[55.2862036, 25.185782], [55.2857612, 25.1859263], [55.2855838, 25.1856095], [55.2857508, 25.1855352], [55.2857347, 25.1855031], [55.2859885, 25.1853987], [55.2862036, 25.185782]]]}}, {"type": "Feature", "properties": {"status": "existing", "bHeight": 85.0, "name": "Al Madar Scala Tower", "levels": "", "height_source": "osm_geom", "height_basis": "osm height · 45% of this footprint"}, "geometry": {"type": "Polygon", "coordinates": [[[55.2855354, 25.1855129], [55.2853136, 25.1851624], [55.2857019, 25.1849612], [55.2858029, 25.185121], [55.2858429, 25.1851002], [55.2859637, 25.185291], [55.2855354, 25.1855129]]]}}, {"type": "Feature", "properties": {"status": "existing", "bHeight": 90.0, "name": "Waves Tower by KASCO", "levels": "", "height_source": "osm_geom", "height_basis": "osm height · 47% of this footprint"}, "geometry": {"type": "Polygon", "coordinates": [[[55.2839856, 25.1838442], [55.2836722, 25.1836404], [55.2839472, 25.1832847], [55.2840638, 25.1833635], [55.2840959, 25.1833282], [55.2842728, 25.1834568], [55.2842877, 25.183587], [55.2840696, 25.1838361], [55.2839856, 25.1838442]]]}}, {"type": "Feature", "properties": {"status": "existing", "bHeight": 80.0, "name": "Dolphin Tower", "levels": "", "height_source": "osm_geom", "height_basis": "osm height · 35% of this footprint"}, "geometry": {"type": "Polygon", "coordinates": [[[55.2831219, 25.1827844], [55.2830934, 25.1828268], [55.2830026, 25.1827769], [55.2827359, 25.1831747], [55.2831274, 25.1833896], [55.2833905, 25.182997], [55.2833226, 25.1829597], [55.2833546, 25.1829121], [55.2831219, 25.1827844]]]}}, {"type": "Feature", "properties": {"status": "existing", "bHeight": 85.0, "name": "Clayton Residency", "levels": "", "height_source": "osm_geom", "height_basis": "osm height · 33% of this footprint"}, "geometry": {"type": "Polygon", "coordinates": [[[55.282977, 25.1827829], [55.282743, 25.1831457], [55.2822727, 25.1829299], [55.2824843, 25.1825522], [55.2825596, 25.1825868], [55.2825884, 25.1825355], [55.2828626, 25.1826614], [55.2828312, 25.1827175], [55.2829245, 25.1827603], [55.2829633, 25.182777], [55.282977, 25.1827829]]]}}, {"type": "Feature", "properties": {"status": "existing", "bHeight": 80.0, "name": "Mayfair Residency", "levels": "", "height_source": "osm_geom", "height_basis": "osm height · 34% of this footprint"}, "geometry": {"type": "Polygon", "coordinates": [[[55.2775288, 25.1819988], [55.2770625, 25.1820756], [55.2769744, 25.1816569], [55.2773988, 25.181577], [55.2774711, 25.1816347], [55.2775288, 25.1819988]]]}}, {"type": "Feature", "properties": {"status": "existing", "bHeight": 83.0, "name": "Ubora Residential Tower 2", "levels": "4", "height_source": "osm_geom", "height_basis": "osm height · 21% of this footprint"}, "geometry": {"type": "Polygon", "coordinates": [[[55.2695236, 25.1801008], [55.2697786, 25.1794603], [55.2699837, 25.1795293], [55.2701888, 25.1796048], [55.2703796, 25.1796875], [55.2705615, 25.1797719], [55.2708527, 25.1799169], [55.2711028, 25.1800542], [55.2712546, 25.1801609], [55.2713922, 25.180274], [55.2717758, 25.1805507], [55.2715918, 25.1807128], [55.2714951, 25.1806411], [55.2714673, 25.1806906], [55.2712528, 25.1810863], [55.2709094, 25.1808532], [55.2705627, 25.1806215], [55.2702164, 25.1804597], [55.2696242, 25.1802423], [55.2696577, 25.1801362], [55.2695236, 25.1801008]]]}}, {"type": "Feature", "properties": {"status": "existing", "bHeight": 79.8, "name": "O 14 Tower", "levels": "", "height_source": "osm_geom", "height_basis": "osm levels 24 (stated height implausible for the floor count) · 31% of this footprint"}, "geometry": {"type": "Polygon", "coordinates": [[[55.2697136, 25.1813186], [55.2692763, 25.1811445], [55.2694899, 25.1806951], [55.2699621, 25.1808789], [55.2697136, 25.1813186]]]}}, {"type": "Feature", "properties": {"status": "existing", "bHeight": 97.53, "name": "Bay View Tower", "levels": "", "height_source": "osm_geom", "height_basis": "osm height · 37% of this footprint"}, "geometry": {"type": "Polygon", "coordinates": [[[55.2697118, 25.1813458], [55.2699566, 25.1809644], [55.2703881, 25.1811878], [55.270153, 25.1815638], [55.2697118, 25.1813458]]]}}, {"type": "Feature", "properties": {"status": "existing", "bHeight": 76.6, "name": "Damac Business Tower", "levels": "", "height_source": "osm_geom", "height_basis": "osm levels 23 (stated height implausible for the floor count) · 38% of this footprint"}, "geometry": {"type": "Polygon", "coordinates": [[[55.2688033, 25.1810294], [55.2683763, 25.1809142], [55.2683221, 25.1808361], [55.2683942, 25.180534], [55.268502, 25.1804759], [55.268937, 25.1805513], [55.2688033, 25.1810294]]]}}, {"type": "Feature", "properties": {"status": "existing", "bHeight": 76.6, "name": "XL Tower", "levels": "", "height_source": "osm_geom", "height_basis": "osm levels 23 (stated height implausible for the floor count) · 32% of this footprint"}, "geometry": {"type": "Polygon", "coordinates": [[[55.2677102, 25.180831], [55.2673067, 25.1808434], [55.2672354, 25.1803707], [55.2678126, 25.1803556], [55.2677102, 25.180831]]]}}, {"type": "Feature", "properties": {"status": "existing", "bHeight": 72.0, "name": "", "levels": "", "height_source": "osm_geom", "height_basis": "osm height · 24% of this footprint"}, "geometry": {"type": "Polygon", "coordinates": [[[55.2647994, 25.1812595], [55.2647032, 25.1807468], [55.2651827, 25.1806611], [55.2652884, 25.1811729], [55.2647994, 25.1812595]]]}}, {"type": "Feature", "properties": {"status": "existing", "bHeight": 72.0, "name": "", "levels": "", "height_source": "osm_geom", "height_basis": "osm height · 84% of this footprint"}, "geometry": {"type": "Polygon", "coordinates": [[[55.2648984, 25.1810839], [55.2648936, 25.1810621], [55.2648883, 25.1810629], [55.2648832, 25.1810376], [55.2648905, 25.1810364], [55.2648795, 25.1809892], [55.2648775, 25.1809895], [55.2648766, 25.1809861], [55.2648785, 25.1809857], [55.2648546, 25.1808853], [55.2648527, 25.1808855], [55.2648517, 25.1808808], [55.2648533, 25.1808805], [55.2648278, 25.1807745], [55.2650591, 25.1807278], [55.2651012, 25.1809138], [55.2651028, 25.1810026], [55.2650955, 25.1810547], [55.2648984, 25.1810839]]]}}, {"type": "Feature", "properties": {"status": "existing", "bHeight": 176.0, "name": "Churchill Executive", "levels": "", "height_source": "osm_geom", "height_basis": "osm height · 14% of this footprint"}, "geometry": {"type": "Polygon", "coordinates": [[[55.2621705, 25.1815637], [55.2620306, 25.1809985], [55.2623505, 25.1808043], [55.2623371, 25.1807137], [55.2626691, 25.1804268], [55.2628201, 25.1803262], [55.263191, 25.1802459], [55.263466, 25.1814948], [55.2623452, 25.1816995], [55.2621705, 25.1815637]]]}}, {"type": "Feature", "properties": {"status": "existing", "bHeight": 200.0, "name": "MBK Tower", "levels": "59"}, "geometry": {"type": "Polygon", "coordinates": [[[55.2622308, 25.192547], [55.2620464, 25.1923429], [55.262265, 25.1921812], [55.2624494, 25.1923853], [55.2622308, 25.192547]]]}}, {"type": "Feature", "properties": {"status": "existing", "bHeight": 172.0, "name": "Escape Tower", "levels": "40"}, "geometry": {"type": "Polygon", "coordinates": [[[55.2619677, 25.1920806], [55.2619264, 25.1921075], [55.2618937, 25.192072], [55.2618229, 25.1920424], [55.2617635, 25.1919472], [55.261755, 25.1918979], [55.2617134, 25.1918515], [55.2617889, 25.1918332], [55.2618426, 25.1917676], [55.2619272, 25.1917363], [55.2619668, 25.1916777], [55.2620194, 25.1917426], [55.2621169, 25.1918028], [55.2621381, 25.1918769], [55.2621863, 25.1918946], [55.2621486, 25.1919313], [55.262125, 25.1920075], [55.2620693, 25.1920646], [55.2619677, 25.1920806]]]}}, {"type": "Feature", "properties": {"status": "existing", "bHeight": 28.6, "name": "", "levels": "8", "height_source": "osm_geom", "height_basis": "osm levels 8 · 100% of this footprint"}, "geometry": {"type": "Polygon", "coordinates": [[[55.2623151, 25.1918195], [55.2621224, 25.1916036], [55.2624408, 25.191371], [55.2626335, 25.191587], [55.2623151, 25.1918195]]]}}, {"type": "Feature", "properties": {"status": "existing", "bHeight": 35.0, "name": "", "levels": "10", "height_source": "osm_geom", "height_basis": "osm levels 10 · 100% of this footprint"}, "geometry": {"type": "Polygon", "coordinates": [[[55.2625552, 25.1922778], [55.2623609, 25.1920608], [55.2626789, 25.1918277], [55.2628732, 25.1920447], [55.2625552, 25.1922778]]]}}, {"type": "Feature", "properties": {"status": "existing", "bHeight": 140.0, "name": "City Premiere Hotel Apartment", "levels": "43"}, "geometry": {"type": "Polygon", "coordinates": [[[55.262884, 25.1932305], [55.2626925, 25.1930314], [55.2629303, 25.1928442], [55.2631217, 25.1930433], [55.262884, 25.1932305]]]}}, {"type": "Feature", "properties": {"status": "existing", "bHeight": 38.2, "name": "", "levels": "11", "height_source": "osm_geom", "height_basis": "osm levels 11 · 100% of this footprint"}, "geometry": {"type": "Polygon", "coordinates": [[[55.2632816, 25.1930311], [55.2630955, 25.19283], [55.2634017, 25.1925979], [55.2635879, 25.192799], [55.2632816, 25.1930311]]]}}, {"type": "Feature", "properties": {"status": "existing", "bHeight": 35.0, "name": "", "levels": "10", "height_source": "osm_geom", "height_basis": "osm levels 10 · 100% of this footprint"}, "geometry": {"type": "Polygon", "coordinates": [[[55.2636356, 25.1934015], [55.2634495, 25.1932004], [55.2637557, 25.1929682], [55.2639419, 25.1931693], [55.2636356, 25.1934015]]]}}, {"type": "Feature", "properties": {"status": "existing", "bHeight": 41.4, "name": "", "levels": "12", "height_source": "osm_geom", "height_basis": "osm levels 12 · 100% of this footprint"}, "geometry": {"type": "Polygon", "coordinates": [[[55.2640516, 25.1937468], [55.2638654, 25.1935457], [55.2641717, 25.1933136], [55.2643579, 25.1935147], [55.2640516, 25.1937468]]]}}, {"type": "Feature", "properties": {"status": "existing", "bHeight": 163.0, "name": "Falcon Tower", "levels": "42"}, "geometry": {"type": "Polygon", "coordinates": [[[55.2630156, 25.1934896], [55.2632646, 25.193303], [55.2634729, 25.1935305], [55.2632239, 25.1937171], [55.2630156, 25.1934896]]]}}, {"type": "Feature", "properties": {"status": "existing", "bHeight": 248.0, "name": "Manazel Al Safa Tower", "levels": "59"}, "geometry": {"type": "Polygon", "coordinates": [[[55.2635244, 25.1938128], [55.2637312, 25.1936496], [55.2639295, 25.1938553], [55.2637226, 25.1940185], [55.2635244, 25.1938128]]]}}, {"type": "Feature", "properties": {"status": "existing", "bHeight": 9.4, "name": "Al Habtoor Tennis Academy", "levels": "2", "height_source": "osm_geom", "height_basis": "osm levels 2 · 100% of this footprint"}, "geometry": {"type": "Polygon", "coordinates": [[[55.254833, 25.1820905], [55.2544725, 25.1823726], [55.2544255, 25.1823234], [55.2543962, 25.1823463], [55.2542204, 25.1821625], [55.2546176, 25.1818554], [55.254833, 25.1820905]]]}}, {"type": "Feature", "properties": {"status": "existing", "bHeight": 12.0, "name": "", "levels": ""}, "geometry": {"type": "Polygon", "coordinates": [[[55.2541564, 25.1815771], [55.2542611, 25.1814968], [55.2543504, 25.1815921], [55.2542458, 25.1816725], [55.2541564, 25.1815771]]]}}, {"type": "Feature", "properties": {"status": "existing", "bHeight": 12.0, "name": "", "levels": ""}, "geometry": {"type": "Polygon", "coordinates": [[[55.254156, 25.1817728], [55.2539979, 25.1818945], [55.2539362, 25.1818288], [55.2540943, 25.1817071], [55.254156, 25.1817728]]]}}, {"type": "Feature", "properties": {"status": "existing", "bHeight": 12.0, "name": "", "levels": ""}, "geometry": {"type": "Polygon", "coordinates": [[[55.2537837, 25.1816384], [55.2538085, 25.1816186], [55.2538372, 25.1816482], [55.2540956, 25.1814427], [55.2538591, 25.1811992], [55.2537807, 25.1812616], [55.2537629, 25.1812432], [55.2537376, 25.1812633], [55.2536911, 25.1812154], [55.2536485, 25.1812494], [55.2536404, 25.1812411], [55.2535035, 25.18135], [55.2537837, 25.1816384]]]}}, {"type": "Feature", "properties": {"status": "existing", "bHeight": 12.0, "name": "", "levels": ""}, "geometry": {"type": "Polygon", "coordinates": [[[55.2541634, 25.1815176], [55.2541164, 25.1814683], [55.2541915, 25.1814097], [55.2542385, 25.181459], [55.2541634, 25.1815176]]]}}, {"type": "Feature", "properties": {"status": "existing", "bHeight": 12.0, "name": "", "levels": ""}, "geometry": {"type": "Polygon", "coordinates": [[[55.2540851, 25.1815002], [55.2540794, 25.1815067], [55.2540764, 25.1815146], [55.2540763, 25.1815229], [55.2540792, 25.1815308], [55.2540847, 25.1815375], [55.2540923, 25.1815422], [55.2541012, 25.1815444], [55.2541105, 25.1815439], [55.2541192, 25.1815407], [55.2541262, 25.181535], [55.2541308, 25.1815276], [55.2541325, 25.1815192], [55.254131, 25.1815108], [55.2541265, 25.1815033], [55.2541196, 25.1814976], [55.254111, 25.1814942], [55.2541017, 25.1814935], [55.2540928, 25.1814956], [55.2540851, 25.1815002]]]}}, {"type": "Feature", "properties": {"status": "existing", "bHeight": 12.0, "name": "", "levels": ""}, "geometry": {"type": "Polygon", "coordinates": [[[55.2540265, 25.1815419], [55.2540208, 25.1815484], [55.2540178, 25.1815563], [55.2540177, 25.1815646], [55.2540206, 25.1815725], [55.2540261, 25.1815792], [55.2540337, 25.1815839], [55.2540426, 25.1815861], [55.2540519, 25.1815856], [55.2540606, 25.1815823], [55.2540676, 25.1815767], [55.2540722, 25.1815693], [55.2540739, 25.1815609], [55.2540724, 25.1815525], [55.2540679, 25.181545], [55.254061, 25.1815393], [55.2540524, 25.1815359], [55.2540431, 25.1815352], [55.2540342, 25.1815373], [55.2540265, 25.1815419]]]}}, {"type": "Feature", "properties": {"status": "existing", "bHeight": 12.0, "name": "", "levels": ""}, "geometry": {"type": "Polygon", "coordinates": [[[55.2537255, 25.1811668], [55.253792, 25.1811145], [55.2537705, 25.181092], [55.2537039, 25.1811444], [55.2537255, 25.1811668]]]}}, {"type": "Feature", "properties": {"status": "existing", "bHeight": 12.0, "name": "", "levels": ""}, "geometry": {"type": "Polygon", "coordinates": [[[55.2534172, 25.1816158], [55.2533851, 25.1815844], [55.2534121, 25.1815618], [55.2534442, 25.1815932], [55.2534172, 25.1816158]]]}}, {"type": "Feature", "properties": {"status": "existing", "bHeight": 157.0, "name": "", "levels": ""}, "geometry": {"type": "Polygon", "coordinates": [[[55.2537506, 25.1835456], [55.2539971, 25.183356], [55.253907, 25.1832641], [55.2541691, 25.1830605], [55.2542581, 25.1831543], [55.2544991, 25.182967], [55.2551438, 25.1836464], [55.2554725, 25.1839927], [55.2556734, 25.1842043], [55.2549279, 25.1847837], [55.2547315, 25.1845768], [55.2543944, 25.1842215], [55.2537506, 25.1835456]]]}}, {"type": "Feature", "properties": {"status": "existing", "bHeight": 210.0, "name": "", "levels": "49"}, "geometry": {"type": "Polygon", "coordinates": [[[55.262007, 25.1914351], [55.2618098, 25.1912348], [55.2615869, 25.1914145], [55.2617841, 25.1916148], [55.262007, 25.1914351]]]}}, {"type": "Feature", "properties": {"status": "existing", "bHeight": 110.0, "name": "UPSIDE Living by SRG", "levels": "", "height_source": "osm_geom", "height_basis": "osm height · 30% of this footprint"}, "geometry": {"type": "Polygon", "coordinates": [[[55.2900527, 25.1847481], [55.2897651, 25.1845124], [55.2897238, 25.1845547], [55.2897448, 25.1845722], [55.2895699, 25.1847426], [55.2894879, 25.1846811], [55.2894756, 25.1847009], [55.2894276, 25.1846644], [55.2893281, 25.1847726], [55.2894517, 25.1848735], [55.2892205, 25.1851017], [55.2894836, 25.1853166], [55.2897188, 25.1850824], [55.289838, 25.1851715], [55.2899374, 25.1850621], [55.2899002, 25.1850331], [55.2899144, 25.1850173], [55.2898536, 25.1849688], [55.2900527, 25.1847481]]]}}, {"type": "Feature", "properties": {"status": "existing", "bHeight": 6.2, "name": "District Cooling Plant", "levels": "1", "height_source": "osm_geom", "height_basis": "osm levels 1 · 100% of this footprint"}, "geometry": {"type": "Polygon", "coordinates": [[[55.2883027, 25.1935184], [55.2885579, 25.1932115], [55.288167, 25.1929454], [55.2882019, 25.1929034], [55.2879923, 25.1927606], [55.2877022, 25.1931094], [55.2883027, 25.1935184]]]}}, {"type": "Feature", "properties": {"status": "existing", "bHeight": 6.2, "name": "", "levels": "1", "height_source": "osm_geom", "height_basis": "osm levels 1 · 100% of this footprint"}, "geometry": {"type": "Polygon", "coordinates": [[[55.288782, 25.1938152], [55.2890161, 25.1935546], [55.2889357, 25.1934955], [55.2889222, 25.1935105], [55.2887032, 25.1933494], [55.2884873, 25.1935896], [55.2885033, 25.1936013], [55.2884406, 25.193671], [55.288647, 25.1938228], [55.2887048, 25.1937584], [55.288782, 25.1938152]]]}}, {"type": "Feature", "properties": {"status": "existing", "bHeight": 70.0, "name": "Al Noor Tower", "levels": "", "height_source": "osm_geom", "height_basis": "osm height · 45% of this footprint"}, "geometry": {"type": "Polygon", "coordinates": [[[55.285496, 25.1915747], [55.2860083, 25.191819], [55.2861724, 25.191721], [55.2862132, 25.1914653], [55.2861767, 25.1914138], [55.2860545, 25.1913757], [55.2859269, 25.1913279], [55.2858209, 25.191285], [55.2857175, 25.1912324], [55.2856073, 25.1914029], [55.285496, 25.1915747]]]}}, {"type": "Feature", "properties": {"status": "existing", "bHeight": 71.4, "name": "", "levels": "21"}, "geometry": {"type": "Polygon", "coordinates": [[[55.2663173, 25.1887385], [55.2664664, 25.1881509], [55.2667498, 25.1882615], [55.266933, 25.1883326], [55.2671022, 25.1884], [55.2671032, 25.1884004], [55.2673894, 25.1885125], [55.267241, 25.189104], [55.2669436, 25.1889918], [55.2668053, 25.1889372], [55.2665804, 25.1888485], [55.2663173, 25.1887385]]]}}, {"type": "Feature", "properties": {"status": "existing", "bHeight": 12.0, "name": "", "levels": ""}, "geometry": {"type": "Polygon", "coordinates": [[[55.2688013, 25.1898678], [55.2687856, 25.1894613], [55.2690959, 25.1894515], [55.2690979, 25.189503], [55.2691704, 25.1895007], [55.2691808, 25.1897698], [55.2691072, 25.1897721], [55.2691106, 25.189858], [55.2688013, 25.1898678]]]}}, {"type": "Feature", "properties": {"status": "existing", "bHeight": 12.0, "name": "", "levels": ""}, "geometry": {"type": "Polygon", "coordinates": [[[55.269385, 25.1899532], [55.2693053, 25.1899565], [55.2693, 25.1898502], [55.2693797, 25.189847], [55.269385, 25.1899532]]]}}, {"type": "Feature", "properties": {"status": "existing", "bHeight": 12.0, "name": "", "levels": ""}, "geometry": {"type": "Polygon", "coordinates": [[[55.2693859, 25.1899673], [55.2693354, 25.1899708], [55.2693394, 25.1900383], [55.2693903, 25.1900387], [55.2693859, 25.1899673]]]}}, {"type": "Feature", "properties": {"status": "existing", "bHeight": 12.0, "name": "", "levels": ""}, "geometry": {"type": "Polygon", "coordinates": [[[55.2693566, 25.1894455], [55.2692922, 25.1894489], [55.2693022, 25.1896048], [55.2693666, 25.1896014], [55.2693566, 25.1894455]]]}}, {"type": "Feature", "properties": {"status": "existing", "bHeight": 12.0, "name": "", "levels": ""}, "geometry": {"type": "Polygon", "coordinates": [[[55.2693496, 25.1897113], [55.2693542, 25.1897163], [55.2693568, 25.1897225], [55.2693572, 25.189729], [55.2693552, 25.1897353], [55.2693512, 25.1897408], [55.2693455, 25.1897448], [55.2693387, 25.189747], [55.2693314, 25.1897471], [55.269324, 25.189745], [55.2693178, 25.1897407], [55.2693136, 25.1897348], [55.2693118, 25.189728], [55.2693126, 25.1897209], [55.269316, 25.1897146], [55.2693216, 25.1897097], [55.2693287, 25.1897068], [55.2693365, 25.1897062], [55.2693435, 25.1897078], [55.2693496, 25.1897113]]]}}, {"type": "Feature", "properties": {"status": "existing", "bHeight": 12.0, "name": "", "levels": ""}, "geometry": {"type": "Polygon", "coordinates": [[[55.269354, 25.1897761], [55.2693586, 25.1897811], [55.2693612, 25.1897873], [55.2693616, 25.1897938], [55.2693596, 25.1898001], [55.2693556, 25.1898056], [55.2693499, 25.1898096], [55.2693431, 25.1898118], [55.2693358, 25.189812], [55.2693284, 25.1898098], [55.2693222, 25.1898055], [55.269318, 25.1897996], [55.2693162, 25.1897928], [55.269317, 25.1897857], [55.2693205, 25.1897794], [55.269326, 25.1897745], [55.2693331, 25.1897716], [55.2693409, 25.189771], [55.2693479, 25.1897726], [55.269354, 25.1897761]]]}}, {"type": "Feature", "properties": {"status": "existing", "bHeight": 12.0, "name": "", "levels": ""}, "geometry": {"type": "Polygon", "coordinates": [[[55.2681782, 25.1895003], [55.2681994, 25.1893302], [55.2683022, 25.1893407], [55.2682809, 25.1895108], [55.2681782, 25.1895003]]]}}, {"type": "Feature", "properties": {"status": "existing", "bHeight": 61.2, "name": "", "levels": "18"}, "geometry": {"type": "Polygon", "coordinates": [[[55.2761776, 25.1785932], [55.2755919, 25.1790411], [55.2757703, 25.1792321], [55.2759002, 25.1791327], [55.2758301, 25.1790576], [55.2762858, 25.178709], [55.2761776, 25.1785932]]]}}, {"type": "Feature", "properties": {"status": "existing", "bHeight": 61.2, "name": "", "levels": "18"}, "geometry": {"type": "Polygon", "coordinates": [[[55.2768565, 25.1795747], [55.2769378, 25.1794954], [55.2769761, 25.1795275], [55.2773067, 25.1792048], [55.2774432, 25.1793194], [55.277425, 25.1793371], [55.2774478, 25.1793562], [55.2773803, 25.1794221], [55.2773486, 25.1793956], [55.2770224, 25.179714], [55.2768565, 25.1795747]]]}}, {"type": "Feature", "properties": {"status": "existing", "bHeight": 12.0, "name": "", "levels": ""}, "geometry": {"type": "Polygon", "coordinates": [[[55.2767914, 25.1799993], [55.2768431, 25.1799285], [55.2769452, 25.1799895], [55.2768935, 25.1800603], [55.2767914, 25.1799993]]]}}, {"type": "Feature", "properties": {"status": "existing", "bHeight": 12.0, "name": "", "levels": ""}, "geometry": {"type": "Polygon", "coordinates": [[[55.2585715, 25.1872361], [55.2587824, 25.1874681], [55.2584651, 25.1877072], [55.2582536, 25.1874752], [55.2585715, 25.1872361]]]}}, {"type": "Feature", "properties": {"status": "existing", "bHeight": 140.0, "name": "Damac Maison Prive", "levels": "3", "height_source": "osm_geom", "height_basis": "osm height · 12% of this footprint"}, "geometry": {"type": "Polygon", "coordinates": [[[55.276414, 25.1841597], [55.2760473, 25.1843053], [55.2756102, 25.1845134], [55.2752324, 25.1847439], [55.2749104, 25.1849639], [55.2748704, 25.1849153], [55.2748141, 25.184953], [55.2745635, 25.1846632], [55.2748919, 25.1844343], [55.2750974, 25.1843066], [55.2756827, 25.1839989], [55.2759078, 25.1839009], [55.2762561, 25.1837716], [55.2764654, 25.1840917], [55.276402, 25.1841205], [55.276414, 25.1841597]]]}}, {"type": "Feature", "properties": {"status": "existing", "bHeight": 60.0, "name": "UFC Gym", "levels": "14"}, "geometry": {"type": "Polygon", "coordinates": [[[55.2787647, 25.184788], [55.2788178, 25.1848615], [55.2787564, 25.1848978], [55.2789544, 25.1851717], [55.2793158, 25.1849578], [55.2789431, 25.1844421], [55.2787991, 25.1845273], [55.2788498, 25.1845975], [55.2787738, 25.1846425], [55.2788447, 25.1847406], [55.2787647, 25.184788]]]}}, {"type": "Feature", "properties": {"status": "existing", "bHeight": 6.2, "name": "زووم", "levels": "1", "height_source": "osm_geom", "height_basis": "osm levels 1 · 100% of this footprint"}, "geometry": {"type": "Polygon", "coordinates": [[[55.2530388, 25.1783275], [55.2531514, 25.1784517], [55.2532546, 25.1783751], [55.253142, 25.1782508], [55.2530388, 25.1783275]]]}}, {"type": "Feature", "properties": {"status": "existing", "bHeight": 6.2, "name": "اوتوبرو", "levels": "1", "height_source": "osm_geom", "height_basis": "osm levels 1 · 100% of this footprint"}, "geometry": {"type": "Polygon", "coordinates": [[[55.253183, 25.1784949], [55.2533048, 25.1786258], [55.2533843, 25.1785652], [55.2532625, 25.1784343], [55.253183, 25.1784949]]]}}, {"type": "Feature", "properties": {"status": "existing", "bHeight": 75.0, "name": "", "levels": "22"}, "geometry": {"type": "Polygon", "coordinates": [[[55.2810862, 25.1869143], [55.2810033, 25.1869126], [55.2806436, 25.1871369], [55.2805839, 25.1873185], [55.2806784, 25.187496], [55.2811556, 25.1881494], [55.281737, 25.187783], [55.2810862, 25.1869143]]]}}, {"type": "Feature", "properties": {"status": "existing", "bHeight": 75.0, "name": "Tamani Art Offices Tower", "levels": "20"}, "geometry": {"type": "Polygon", "coordinates": [[[55.2814483, 25.1875369], [55.2815515, 25.1876721], [55.281234, 25.1878707], [55.2813043, 25.1879628], [55.2811536, 25.1880571], [55.2806007, 25.1873329], [55.2807582, 25.1872344], [55.2807991, 25.1872879], [55.2811091, 25.1870941], [55.2812136, 25.187231], [55.2808988, 25.1874278], [55.2811327, 25.1877342], [55.2814483, 25.1875369]]]}}, {"type": "Feature", "properties": {"status": "existing", "bHeight": 99.0, "name": "Marquise Square Tower", "levels": "", "height_source": "osm_geom", "height_basis": "osm levels 30 (stated height implausible for the floor count) · 28% of this footprint"}, "geometry": {"type": "Polygon", "coordinates": [[[55.2762483, 25.1857044], [55.2757762, 25.1851593], [55.2758522, 25.1851036], [55.2758143, 25.1850564], [55.2758621, 25.1850298], [55.2759301, 25.1850554], [55.276277, 25.1848399], [55.2767153, 25.185379], [55.2766174, 25.1854388], [55.2766775, 25.185511], [55.2766413, 25.1855381], [55.2765541, 25.1855021], [55.2762483, 25.1857044]]]}}, {"type": "Feature", "properties": {"status": "existing", "bHeight": 90.0, "name": "Art 14 XIV", "levels": "", "height_source": "osm_geom", "height_basis": "osm height · 36% of this footprint"}, "geometry": {"type": "Polygon", "coordinates": [[[55.2835007, 25.1887031], [55.2834516, 25.188313], [55.2829534, 25.1883643], [55.2830025, 25.1887544], [55.2835007, 25.1887031]]]}}, {"type": "Feature", "properties": {"status": "existing", "bHeight": 75.0, "name": "Damac Maison Majestine", "levels": "19"}, "geometry": {"type": "Polygon", "coordinates": [[[55.2817479, 25.1868638], [55.2817192, 25.1868295], [55.2816676, 25.1868611], [55.2814802, 25.1866174], [55.2815402, 25.1865808], [55.2815214, 25.1865516], [55.2816716, 25.186446], [55.2818337, 25.1863601], [55.2819398, 25.186355], [55.2820203, 25.1863696], [55.2820685, 25.186338], [55.2820136, 25.1862276], [55.2821302, 25.1861681], [55.2822724, 25.1861317], [55.2823849, 25.1861465], [55.2825218, 25.1862312], [55.2826115, 25.1863517], [55.2817479, 25.1868638]]]}}, {"type": "Feature", "properties": {"status": "existing", "bHeight": 75.0, "name": "Majestic Tower", "levels": "", "height_source": "osm_geom", "height_basis": "osm height · 30% of this footprint"}, "geometry": {"type": "Polygon", "coordinates": [[[55.2813871, 25.1846529], [55.2809753, 25.1844483], [55.2810071, 25.1843842], [55.2808839, 25.1843284], [55.2811002, 25.1838946], [55.2818222, 25.1843048], [55.2815323, 25.1846651], [55.2814225, 25.1845972], [55.2813871, 25.1846529]]]}}, {"type": "Feature", "properties": {"status": "existing", "bHeight": 12.0, "name": "", "levels": ""}, "geometry": {"type": "Polygon", "coordinates": [[[55.25478, 25.1790707], [55.2539355, 25.1796984], [55.2537962, 25.1795449], [55.2546407, 25.1789172], [55.25478, 25.1790707]]]}}, {"type": "Feature", "properties": {"status": "existing", "bHeight": 12.0, "name": "", "levels": ""}, "geometry": {"type": "Polygon", "coordinates": [[[55.2539129, 25.1796975], [55.2538802, 25.1797209], [55.2538351, 25.1796694], [55.2538678, 25.179646], [55.2539129, 25.1796975]]]}}, {"type": "Feature", "properties": {"status": "existing", "bHeight": 12.0, "name": "", "levels": ""}, "geometry": {"type": "Polygon", "coordinates": [[[55.2549496, 25.1789774], [55.2549125, 25.1790066], [55.2548774, 25.17897], [55.2549144, 25.1789409], [55.2549496, 25.1789774]]]}}, {"type": "Feature", "properties": {"status": "existing", "bHeight": 12.0, "name": "", "levels": ""}, "geometry": {"type": "Polygon", "coordinates": [[[55.2532617, 25.1802372], [55.2533756, 25.1801514], [55.2534905, 25.1802762], [55.2533767, 25.180362], [55.2532617, 25.1802372]]]}}, {"type": "Feature", "properties": {"status": "existing", "bHeight": 12.0, "name": "", "levels": ""}, "geometry": {"type": "Polygon", "coordinates": [[[55.2535905, 25.1805245], [55.2536672, 25.1804686], [55.2536111, 25.1804056], [55.2535345, 25.1804614], [55.2535905, 25.1805245]]]}}, {"type": "Feature", "properties": {"status": "existing", "bHeight": 12.0, "name": "", "levels": ""}, "geometry": {"type": "Polygon", "coordinates": [[[55.2532578, 25.1800666], [55.2531732, 25.1799739], [55.2530856, 25.1800394], [55.2531583, 25.1801192], [55.2531884, 25.1800967], [55.2532002, 25.1801096], [55.2532578, 25.1800666]]]}}, {"type": "Feature", "properties": {"status": "existing", "bHeight": 12.0, "name": "", "levels": ""}, "geometry": {"type": "Polygon", "coordinates": [[[55.2534079, 25.1801061], [55.2535024, 25.1800347], [55.253333, 25.179851], [55.2531814, 25.1799654], [55.2532478, 25.1800375], [55.2533049, 25.1799944], [55.2534079, 25.1801061]]]}}, {"type": "Feature", "properties": {"status": "existing", "bHeight": 12.0, "name": "", "levels": ""}, "geometry": {"type": "Polygon", "coordinates": [[[55.2534724, 25.1801695], [55.2535623, 25.1802701], [55.2536082, 25.1802366], [55.253586, 25.1802117], [55.2536399, 25.1801723], [55.2535722, 25.1800965], [55.2534724, 25.1801695]]]}}, {"type": "Feature", "properties": {"status": "existing", "bHeight": 12.0, "name": "", "levels": ""}, "geometry": {"type": "Polygon", "coordinates": [[[55.2537261, 25.1807657], [55.2538096, 25.1807035], [55.2537766, 25.1806672], [55.2536931, 25.1807294], [55.2537261, 25.1807657]]]}}, {"type": "Feature", "properties": {"status": "existing", "bHeight": 12.0, "name": "", "levels": ""}, "geometry": {"type": "Polygon", "coordinates": [[[55.2548976, 25.1776064], [55.2552855, 25.1780633], [55.2551595, 25.1781509], [55.2547716, 25.1776939], [55.2548976, 25.1776064]]]}}, {"type": "Feature", "properties": {"status": "existing", "bHeight": 12.0, "name": "", "levels": ""}, "geometry": {"type": "Polygon", "coordinates": [[[55.2551245, 25.1774454], [55.2551381, 25.1774611], [55.255193, 25.1775246], [55.2555174, 25.1778993], [55.2553959, 25.1779855], [55.255003, 25.1775316], [55.2551245, 25.1774454]]]}}, {"type": "Feature", "properties": {"status": "existing", "bHeight": 12.0, "name": "", "levels": ""}, "geometry": {"type": "Polygon", "coordinates": [[[55.2554126, 25.1772397], [55.2558084, 25.1776969], [55.2556837, 25.1777853], [55.2556526, 25.1777495], [55.2556011, 25.1776899], [55.2553572, 25.1774082], [55.2553023, 25.1773448], [55.2552879, 25.1773281], [55.2554126, 25.1772397]]]}}, {"type": "Feature", "properties": {"status": "existing", "bHeight": 12.0, "name": "", "levels": ""}, "geometry": {"type": "Polygon", "coordinates": [[[55.255644, 25.1770767], [55.2560351, 25.1775373], [55.2559091, 25.1776249], [55.255518, 25.1771644], [55.255644, 25.1770767]]]}}, {"type": "Feature", "properties": {"status": "existing", "bHeight": 12.0, "name": "", "levels": ""}, "geometry": {"type": "Polygon", "coordinates": [[[55.2563063, 25.1766111], [55.2566998, 25.1770727], [55.2565729, 25.1771613], [55.2561794, 25.1766997], [55.2563063, 25.1766111]]]}}, {"type": "Feature", "properties": {"status": "existing", "bHeight": 12.0, "name": "", "levels": ""}, "geometry": {"type": "Polygon", "coordinates": [[[55.2565299, 25.1764539], [55.2565427, 25.1764688], [55.2565974, 25.1765326], [55.2569215, 25.176911], [55.2568009, 25.1769956], [55.2564092, 25.1765385], [55.2565299, 25.1764539]]]}}, {"type": "Feature", "properties": {"status": "existing", "bHeight": 12.0, "name": "", "levels": ""}, "geometry": {"type": "Polygon", "coordinates": [[[55.2568231, 25.1762452], [55.2572171, 25.176705], [55.2570907, 25.1767937], [55.2570611, 25.1767591], [55.2570075, 25.1766965], [55.2567658, 25.1764144], [55.2567111, 25.1763506], [55.2566968, 25.1763339], [55.2568231, 25.1762452]]]}}, {"type": "Feature", "properties": {"status": "existing", "bHeight": 12.0, "name": "", "levels": ""}, "geometry": {"type": "Polygon", "coordinates": [[[55.2570546, 25.1760837], [55.2574475, 25.176542], [55.2573225, 25.1766299], [55.2569295, 25.1761715], [55.2570546, 25.1760837]]]}}, {"type": "Feature", "properties": {"status": "existing", "bHeight": 12.0, "name": "", "levels": ""}, "geometry": {"type": "Polygon", "coordinates": [[[55.2575957, 25.1763119], [55.2574149, 25.1761058], [55.2573397, 25.1761599], [55.2575205, 25.1763659], [55.2575957, 25.1763119]]]}}, {"type": "Feature", "properties": {"status": "existing", "bHeight": 12.0, "name": "", "levels": ""}, "geometry": {"type": "Polygon", "coordinates": [[[55.2569817, 25.1759707], [55.2569082, 25.1760209], [55.2568192, 25.175914], [55.2568927, 25.1758639], [55.2569817, 25.1759707]]]}}, {"type": "Feature", "properties": {"status": "existing", "bHeight": 12.0, "name": "", "levels": ""}, "geometry": {"type": "Polygon", "coordinates": [[[55.2568783, 25.1760448], [55.2568049, 25.1760963], [55.2566251, 25.1758863], [55.2566985, 25.1758348], [55.2568783, 25.1760448]]]}}, {"type": "Feature", "properties": {"status": "existing", "bHeight": 12.0, "name": "", "levels": ""}, "geometry": {"type": "Polygon", "coordinates": [[[55.2567744, 25.1761168], [55.2567053, 25.1761646], [55.2565254, 25.1759513], [55.2565945, 25.1759036], [55.2567744, 25.1761168]]]}}, {"type": "Feature", "properties": {"status": "existing", "bHeight": 12.0, "name": "", "levels": ""}, "geometry": {"type": "Polygon", "coordinates": [[[55.2566651, 25.1761943], [55.2565983, 25.1762405], [55.2564193, 25.1760282], [55.2564861, 25.175982], [55.2566651, 25.1761943]]]}}, {"type": "Feature", "properties": {"status": "existing", "bHeight": 12.0, "name": "", "levels": ""}, "geometry": {"type": "Polygon", "coordinates": [[[55.256569, 25.1762596], [55.2565012, 25.1763069], [55.2563271, 25.1761023], [55.256395, 25.176055], [55.256569, 25.1762596]]]}}, {"type": "Feature", "properties": {"status": "existing", "bHeight": 12.0, "name": "", "levels": ""}, "geometry": {"type": "Polygon", "coordinates": [[[55.2562747, 25.1764698], [55.2562031, 25.1765197], [55.2560253, 25.1763108], [55.2560969, 25.1762609], [55.2562747, 25.1764698]]]}}, {"type": "Feature", "properties": {"status": "existing", "bHeight": 12.0, "name": "", "levels": ""}, "geometry": {"type": "Polygon", "coordinates": [[[55.2561091, 25.1765867], [55.2560368, 25.1766381], [55.2558545, 25.1764279], [55.2559268, 25.1763766], [55.2561091, 25.1765867]]]}}, {"type": "Feature", "properties": {"status": "existing", "bHeight": 12.0, "name": "", "levels": ""}, "geometry": {"type": "Polygon", "coordinates": [[[55.2553796, 25.1771039], [55.2553019, 25.177156], [55.2551292, 25.1769454], [55.255207, 25.1768932], [55.2553796, 25.1771039]]]}}, {"type": "Feature", "properties": {"status": "existing", "bHeight": 12.0, "name": "", "levels": ""}, "geometry": {"type": "Polygon", "coordinates": [[[55.2554809, 25.1770349], [55.2554116, 25.1770816], [55.2552464, 25.1768809], [55.2553156, 25.1768342], [55.2554809, 25.1770349]]]}}, {"type": "Feature", "properties": {"status": "existing", "bHeight": 12.0, "name": "", "levels": ""}, "geometry": {"type": "Polygon", "coordinates": [[[55.2555836, 25.1769625], [55.2555077, 25.1770121], [55.2553315, 25.1767912], [55.2554075, 25.1767417], [55.2555836, 25.1769625]]]}}, {"type": "Feature", "properties": {"status": "existing", "bHeight": 12.0, "name": "", "levels": ""}, "geometry": {"type": "Polygon", "coordinates": [[[55.2556753, 25.176887], [55.2556129, 25.1769303], [55.2554331, 25.1767182], [55.2554955, 25.1766749], [55.2556753, 25.176887]]]}}, {"type": "Feature", "properties": {"status": "existing", "bHeight": 12.0, "name": "", "levels": ""}, "geometry": {"type": "Polygon", "coordinates": [[[55.2557923, 25.1768057], [55.2557151, 25.1768594], [55.2555387, 25.1766513], [55.255616, 25.1765977], [55.2557923, 25.1768057]]]}}, {"type": "Feature", "properties": {"status": "existing", "bHeight": 12.0, "name": "", "levels": ""}, "geometry": {"type": "Polygon", "coordinates": [[[55.2556129, 25.1769303], [55.2556738, 25.1770021], [55.2558532, 25.1768775], [55.2557923, 25.1768057], [55.2557151, 25.1768594], [55.2556753, 25.176887], [55.2556129, 25.1769303]]]}}, {"type": "Feature", "properties": {"status": "existing", "bHeight": 12.0, "name": "", "levels": ""}, "geometry": {"type": "Polygon", "coordinates": [[[55.2562919, 25.1762115], [55.2561728, 25.1762931], [55.25613, 25.1762418], [55.2562491, 25.1761603], [55.2562919, 25.1762115]]]}}, {"type": "Feature", "properties": {"status": "existing", "bHeight": 12.0, "name": "", "levels": ""}, "geometry": {"type": "Polygon", "coordinates": [[[55.2563648, 25.1762854], [55.256239, 25.1763727], [55.2561942, 25.1763198], [55.25632, 25.1762325], [55.2563648, 25.1762854]]]}}, {"type": "Feature", "properties": {"status": "existing", "bHeight": 12.0, "name": "", "levels": ""}, "geometry": {"type": "Polygon", "coordinates": [[[55.2564237, 25.1763625], [55.2563045, 25.1764454], [55.2562596, 25.1763925], [55.2563788, 25.1763097], [55.2564237, 25.1763625]]]}}, {"type": "Feature", "properties": {"status": "existing", "bHeight": 12.0, "name": "", "levels": ""}, "geometry": {"type": "Polygon", "coordinates": [[[55.2565009, 25.1763158], [55.2565251, 25.1763461], [55.2565564, 25.1763256], [55.2565323, 25.1762954], [55.2565009, 25.1763158]]]}}, {"type": "Feature", "properties": {"status": "existing", "bHeight": 12.0, "name": "", "levels": ""}, "geometry": {"type": "Polygon", "coordinates": [[[55.2557368, 25.1766499], [55.2557625, 25.1765441], [55.2559608, 25.1765836], [55.2559352, 25.1766893], [55.2557368, 25.1766499]]]}}, {"type": "Feature", "properties": {"status": "existing", "bHeight": 12.0, "name": "", "levels": ""}, "geometry": {"type": "Polygon", "coordinates": [[[55.2573042, 25.1760296], [55.2572144, 25.1759269], [55.2571658, 25.1759617], [55.2572557, 25.1760644], [55.2573042, 25.1760296]]]}}, {"type": "Feature", "properties": {"status": "existing", "bHeight": 12.0, "name": "", "levels": ""}, "geometry": {"type": "Polygon", "coordinates": [[[55.2573919, 25.1773547], [55.2573405, 25.1773902], [55.2573001, 25.1773424], [55.2573516, 25.1773069], [55.2573919, 25.1773547]]]}}, {"type": "Feature", "properties": {"status": "existing", "bHeight": 12.0, "name": "", "levels": ""}, "geometry": {"type": "Polygon", "coordinates": [[[55.2567658, 25.1764144], [55.2565974, 25.1765326], [55.2565427, 25.1764688], [55.2567111, 25.1763506], [55.2567658, 25.1764144]]]}}, {"type": "Feature", "properties": {"status": "existing", "bHeight": 12.0, "name": "", "levels": ""}, "geometry": {"type": "Polygon", "coordinates": [[[55.2568621, 25.1767985], [55.2570075, 25.1766965], [55.2570611, 25.1767591], [55.2569157, 25.1768612], [55.2568621, 25.1767985]]]}}, {"type": "Feature", "properties": {"status": "existing", "bHeight": 12.0, "name": "", "levels": ""}, "geometry": {"type": "Polygon", "coordinates": [[[55.2559835, 25.1783467], [55.2559337, 25.1783836], [55.2558931, 25.1783388], [55.255943, 25.1783018], [55.2559835, 25.1783467]]]}}, {"type": "Feature", "properties": {"status": "existing", "bHeight": 12.0, "name": "", "levels": ""}, "geometry": {"type": "Polygon", "coordinates": [[[55.2552696, 25.1772175], [55.2552345, 25.1772412], [55.2552099, 25.1772114], [55.255245, 25.1771877], [55.2552696, 25.1772175]]]}}, {"type": "Feature", "properties": {"status": "existing", "bHeight": 12.0, "name": "", "levels": ""}, "geometry": {"type": "Polygon", "coordinates": [[[55.2551965, 25.1772626], [55.2550728, 25.1773487], [55.2550269, 25.1772947], [55.2551506, 25.1772086], [55.2551965, 25.1772626]]]}}, {"type": "Feature", "properties": {"status": "existing", "bHeight": 12.0, "name": "", "levels": ""}, "geometry": {"type": "Polygon", "coordinates": [[[55.2550048, 25.1772673], [55.2551248, 25.1771835], [55.255081, 25.1771323], [55.2549611, 25.1772161], [55.2550048, 25.1772673]]]}}, {"type": "Feature", "properties": {"status": "existing", "bHeight": 12.0, "name": "", "levels": ""}, "geometry": {"type": "Polygon", "coordinates": [[[55.2550503, 25.1770282], [55.2550367, 25.1770944], [55.2549828, 25.1770854], [55.2549963, 25.1770191], [55.2550503, 25.1770282]]]}}, {"type": "Feature", "properties": {"status": "existing", "bHeight": 12.0, "name": "", "levels": ""}, "geometry": {"type": "Polygon", "coordinates": [[[55.2550174, 25.1773619], [55.2549388, 25.1774166], [55.2547565, 25.1772021], [55.2548351, 25.1771474], [55.2550174, 25.1773619]]]}}, {"type": "Feature", "properties": {"status": "existing", "bHeight": 12.0, "name": "", "levels": ""}, "geometry": {"type": "Polygon", "coordinates": [[[55.2547848, 25.177523], [55.2547119, 25.1775745], [55.2545319, 25.1773661], [55.2546047, 25.1773146], [55.2547848, 25.177523]]]}}, {"type": "Feature", "properties": {"status": "existing", "bHeight": 12.0, "name": "", "levels": ""}, "geometry": {"type": "Polygon", "coordinates": [[[55.2553572, 25.1774082], [55.255193, 25.1775246], [55.2551381, 25.1774611], [55.2553023, 25.1773448], [55.2553572, 25.1774082]]]}}, {"type": "Feature", "properties": {"status": "existing", "bHeight": 12.0, "name": "", "levels": ""}, "geometry": {"type": "Polygon", "coordinates": [[[55.2554524, 25.1777953], [55.2556011, 25.1776899], [55.2556526, 25.1777495], [55.255504, 25.1778549], [55.2554524, 25.1777953]]]}}, {"type": "Feature", "properties": {"status": "existing", "bHeight": 12.0, "name": "", "levels": ""}, "geometry": {"type": "Polygon", "coordinates": [[[55.2545656, 25.1777614], [55.2546373, 25.1777147], [55.254666, 25.1777508], [55.2545943, 25.1777975], [55.2545656, 25.1777614]]]}}, {"type": "Feature", "properties": {"status": "existing", "bHeight": 12.0, "name": "", "levels": ""}, "geometry": {"type": "Polygon", "coordinates": [[[55.2547661, 25.1780564], [55.2547995, 25.1780313], [55.2547827, 25.1780131], [55.2547494, 25.1780382], [55.2547661, 25.1780564]]]}}, {"type": "Feature", "properties": {"status": "existing", "bHeight": 12.0, "name": "", "levels": ""}, "geometry": {"type": "Polygon", "coordinates": [[[55.2546805, 25.1775945], [55.2546057, 25.1776476], [55.2544217, 25.1774352], [55.2544965, 25.1773822], [55.2546805, 25.1775945]]]}}, {"type": "Feature", "properties": {"status": "existing", "bHeight": 12.0, "name": "", "levels": ""}, "geometry": {"type": "Polygon", "coordinates": [[[55.2545768, 25.1776677], [55.254502, 25.1777195], [55.2543237, 25.1775085], [55.2543984, 25.1774567], [55.2545768, 25.1776677]]]}}, {"type": "Feature", "properties": {"status": "existing", "bHeight": 12.0, "name": "", "levels": ""}, "geometry": {"type": "Polygon", "coordinates": [[[55.2670703, 25.1761543], [55.2667692, 25.1761892], [55.2667503, 25.1760555], [55.2670514, 25.1760206], [55.2670703, 25.1761543]]]}}, {"type": "Feature", "properties": {"status": "existing", "bHeight": 12.0, "name": "", "levels": ""}, "geometry": {"type": "Polygon", "coordinates": [[[55.2599, 25.180322], [55.2603429, 25.1800449], [55.2602522, 25.1799261], [55.2598093, 25.1802033], [55.2599, 25.180322]]]}}, {"type": "Feature", "properties": {"status": "existing", "bHeight": 12.0, "name": "", "levels": ""}, "geometry": {"type": "Polygon", "coordinates": [[[55.2604949, 25.1799336], [55.2608519, 25.1797009], [55.2607913, 25.1796228], [55.2607603, 25.1795851], [55.2604026, 25.1798177], [55.2604949, 25.1799336]]]}}, {"type": "Feature", "properties": {"status": "existing", "bHeight": 12.0, "name": "", "levels": ""}, "geometry": {"type": "Polygon", "coordinates": [[[55.2607603, 25.1795851], [55.2608099, 25.1795517], [55.2608409, 25.1795895], [55.2607913, 25.1796228], [55.2607603, 25.1795851]]]}}, {"type": "Feature", "properties": {"status": "existing", "bHeight": 12.0, "name": "", "levels": ""}, "geometry": {"type": "Polygon", "coordinates": [[[55.2608442, 25.1799075], [55.26077, 25.1799524], [55.2607185, 25.1798827], [55.2607928, 25.1798378], [55.2608442, 25.1799075]]]}}, {"type": "Feature", "properties": {"status": "existing", "bHeight": 12.0, "name": "", "levels": ""}, "geometry": {"type": "Polygon", "coordinates": [[[55.2600222, 25.1806384], [55.2599632, 25.1806741], [55.259926, 25.1806238], [55.259985, 25.180588], [55.2600222, 25.1806384]]]}}, {"type": "Feature", "properties": {"status": "existing", "bHeight": 12.0, "name": "", "levels": ""}, "geometry": {"type": "Polygon", "coordinates": [[[55.2589181, 25.180593], [55.2588536, 25.1806363], [55.2588307, 25.1806083], [55.2588953, 25.180565], [55.2589181, 25.180593]]]}}, {"type": "Feature", "properties": {"status": "existing", "bHeight": 12.0, "name": "", "levels": ""}, "geometry": {"type": "Polygon", "coordinates": [[[55.2592565, 25.1811515], [55.2595256, 25.1815111], [55.2593916, 25.1815932], [55.2591225, 25.1812336], [55.2592565, 25.1811515]]]}}, {"type": "Feature", "properties": {"status": "existing", "bHeight": 12.0, "name": "", "levels": ""}, "geometry": {"type": "Polygon", "coordinates": [[[55.2590753, 25.181268], [55.2593444, 25.1816276], [55.2592104, 25.1817097], [55.2589413, 25.1813501], [55.2590753, 25.181268]]]}}, {"type": "Feature", "properties": {"status": "existing", "bHeight": 12.0, "name": "", "levels": ""}, "geometry": {"type": "Polygon", "coordinates": [[[55.2588659, 25.1813904], [55.2590671, 25.1816513], [55.2589332, 25.1817397], [55.2587808, 25.1815432], [55.2587319, 25.1814725], [55.2588659, 25.1813904]]]}}, {"type": "Feature", "properties": {"status": "existing", "bHeight": 12.0, "name": "", "levels": ""}, "geometry": {"type": "Polygon", "coordinates": [[[55.2590053, 25.1818327], [55.2589006, 25.1818992], [55.2586793, 25.1816077], [55.2587808, 25.1815432], [55.2589332, 25.1817397], [55.2590053, 25.1818327]]]}}, {"type": "Feature", "properties": {"status": "existing", "bHeight": 12.0, "name": "", "levels": ""}, "geometry": {"type": "Polygon", "coordinates": [[[55.2586793, 25.1816077], [55.2586734, 25.1815999], [55.2586227, 25.1816314], [55.2588551, 25.1819377], [55.2589059, 25.1819061], [55.2589006, 25.1818992], [55.2586793, 25.1816077]]]}}, {"type": "Feature", "properties": {"status": "existing", "bHeight": 12.0, "name": "", "levels": ""}, "geometry": {"type": "Polygon", "coordinates": [[[55.2588469, 25.1819364], [55.2587415, 25.1820051], [55.2586711, 25.1819166], [55.2587764, 25.1818479], [55.2588469, 25.1819364]]]}}, {"type": "Feature", "properties": {"status": "existing", "bHeight": 12.0, "name": "", "levels": ""}, "geometry": {"type": "Polygon", "coordinates": [[[55.2586828, 25.1819821], [55.2586535, 25.1820006], [55.2586341, 25.1819755], [55.2586634, 25.1819569], [55.2586828, 25.1819821]]]}}, {"type": "Feature", "properties": {"status": "existing", "bHeight": 12.0, "name": "", "levels": ""}, "geometry": {"type": "Polygon", "coordinates": [[[55.258388, 25.1822536], [55.2583209, 25.1821626], [55.2583959, 25.1821182], [55.2584587, 25.1822065], [55.2584148, 25.1822341], [55.258388, 25.1822536]]]}}, {"type": "Feature", "properties": {"status": "existing", "bHeight": 12.0, "name": "", "levels": ""}, "geometry": {"type": "Polygon", "coordinates": [[[55.2582685, 25.1821435], [55.2582638, 25.1821466], [55.2580043, 25.1823151], [55.2579974, 25.1823195], [55.2579512, 25.1822613], [55.2582223, 25.1820853], [55.2582685, 25.1821435]]]}}, {"type": "Feature", "properties": {"status": "existing", "bHeight": 12.0, "name": "", "levels": ""}, "geometry": {"type": "Polygon", "coordinates": [[[55.2583489, 25.1822421], [55.2580778, 25.1824181], [55.2580316, 25.1823599], [55.2580373, 25.1823562], [55.2582958, 25.1821883], [55.2583027, 25.1821838], [55.2583489, 25.1822421]]]}}, {"type": "Feature", "properties": {"status": "existing", "bHeight": 12.0, "name": "", "levels": ""}, "geometry": {"type": "Polygon", "coordinates": [[[55.2580043, 25.1823151], [55.2580373, 25.1823562], [55.2582958, 25.1821883], [55.2582638, 25.1821466], [55.2580043, 25.1823151]]]}}, {"type": "Feature", "properties": {"status": "existing", "bHeight": 12.0, "name": "", "levels": ""}, "geometry": {"type": "Polygon", "coordinates": [[[55.2583489, 25.1819469], [55.2579127, 25.1822247], [55.2578278, 25.1821156], [55.257868, 25.1820913], [55.2579266, 25.1820528], [55.2581679, 25.1818991], [55.2582434, 25.1818524], [55.2582642, 25.1818378], [55.2583489, 25.1819469]]]}}, {"type": "Feature", "properties": {"status": "existing", "bHeight": 12.0, "name": "", "levels": ""}, "geometry": {"type": "Polygon", "coordinates": [[[55.2581407, 25.1816723], [55.2581188, 25.1816876], [55.2580433, 25.1817343], [55.2577971, 25.1818913], [55.2577384, 25.1819298], [55.2577044, 25.1819502], [55.2576196, 25.1818411], [55.258056, 25.1815633], [55.2581407, 25.1816723]]]}}, {"type": "Feature", "properties": {"status": "existing", "bHeight": 6.9, "name": "", "levels": "1", "height_source": "osm_geom", "height_basis": "osm height · 61% of this footprint"}, "geometry": {"type": "Polygon", "coordinates": [[[55.2581188, 25.1816876], [55.2581321, 25.1817042], [55.2582289, 25.1818326], [55.2582434, 25.1818524], [55.2582638, 25.1818798], [55.2581881, 25.181925], [55.2581679, 25.1818991], [55.2581528, 25.1818797], [55.2580589, 25.1817527], [55.2580433, 25.1817343], [55.25803, 25.1817157], [55.2581043, 25.1816705], [55.2581188, 25.1816876]]]}}, {"type": "Feature", "properties": {"status": "existing", "bHeight": 12.0, "name": "", "levels": ""}, "geometry": {"type": "Polygon", "coordinates": [[[55.2577384, 25.1819298], [55.257868, 25.1820913], [55.2579266, 25.1820528], [55.2577971, 25.1818913], [55.2577384, 25.1819298]]]}}, {"type": "Feature", "properties": {"status": "existing", "bHeight": 12.0, "name": "", "levels": ""}, "geometry": {"type": "Polygon", "coordinates": [[[55.2577552, 25.1826589], [55.257864, 25.182591], [55.2578396, 25.182559], [55.2577308, 25.1826269], [55.2577552, 25.1826589]]]}}, {"type": "Feature", "properties": {"status": "existing", "bHeight": 12.0, "name": "", "levels": ""}, "geometry": {"type": "Polygon", "coordinates": [[[55.2576384, 25.1827335], [55.2577472, 25.1826657], [55.2577229, 25.1826337], [55.2576141, 25.1827016], [55.2576384, 25.1827335]]]}}, {"type": "Feature", "properties": {"status": "existing", "bHeight": 12.0, "name": "", "levels": ""}, "geometry": {"type": "Polygon", "coordinates": [[[55.2576251, 25.1826527], [55.2575814, 25.1826829], [55.2575098, 25.1825983], [55.2575535, 25.182568], [55.2576251, 25.1826527]]]}}, {"type": "Feature", "properties": {"status": "existing", "bHeight": 12.0, "name": "", "levels": ""}, "geometry": {"type": "Polygon", "coordinates": [[[55.2578331, 25.1825514], [55.2579426, 25.1825682], [55.2579635, 25.1824565], [55.2579258, 25.1824508], [55.2579217, 25.1824724], [55.2578499, 25.1824614], [55.2578331, 25.1825514]]]}}, {"type": "Feature", "properties": {"status": "existing", "bHeight": 12.0, "name": "", "levels": ""}, "geometry": {"type": "Polygon", "coordinates": [[[55.2570077, 25.1826025], [55.2569255, 25.1826781], [55.2566452, 25.1824284], [55.2567273, 25.1823528], [55.2570077, 25.1826025]]]}}, {"type": "Feature", "properties": {"status": "existing", "bHeight": 12.0, "name": "", "levels": ""}, "geometry": {"type": "Polygon", "coordinates": [[[55.2571848, 25.1824406], [55.2571025, 25.1825162], [55.2568222, 25.1822665], [55.2569044, 25.1821909], [55.2571848, 25.1824406]]]}}, {"type": "Feature", "properties": {"status": "existing", "bHeight": 12.0, "name": "", "levels": ""}, "geometry": {"type": "Polygon", "coordinates": [[[55.2570715, 25.182528], [55.2569333, 25.1824044], [55.2568889, 25.1824451], [55.2570271, 25.1825687], [55.2570715, 25.182528]]]}}, {"type": "Feature", "properties": {"status": "existing", "bHeight": 12.0, "name": "", "levels": ""}, "geometry": {"type": "Polygon", "coordinates": [[[55.256081, 25.1824989], [55.2561489, 25.1824473], [55.2562093, 25.1825123], [55.2562387, 25.18249], [55.2563395, 25.1825987], [55.2562422, 25.1826726], [55.256081, 25.1824989]]]}}, {"type": "Feature", "properties": {"status": "existing", "bHeight": 12.0, "name": "", "levels": ""}, "geometry": {"type": "Polygon", "coordinates": [[[55.2565704, 25.1824879], [55.2568578, 25.182746], [55.2567622, 25.1828331], [55.2564749, 25.182575], [55.2565704, 25.1824879]]]}}, {"type": "Feature", "properties": {"status": "existing", "bHeight": 12.0, "name": "", "levels": ""}, "geometry": {"type": "Polygon", "coordinates": [[[55.2567039, 25.1829065], [55.256599, 25.1829844], [55.2563988, 25.1827635], [55.2565037, 25.1826856], [55.2567039, 25.1829065]]]}}, {"type": "Feature", "properties": {"status": "existing", "bHeight": 12.0, "name": "", "levels": ""}, "geometry": {"type": "Polygon", "coordinates": [[[55.2567015, 25.1830661], [55.256735, 25.1830463], [55.2567877, 25.1831195], [55.2567542, 25.1831393], [55.2567015, 25.1830661]]]}}, {"type": "Feature", "properties": {"status": "existing", "bHeight": 12.0, "name": "", "levels": ""}, "geometry": {"type": "Polygon", "coordinates": [[[55.261583, 25.1798972], [55.2615606, 25.1800179], [55.2614927, 25.1800076], [55.2614959, 25.1799904], [55.2614291, 25.1799802], [55.2614454, 25.1798928], [55.2615145, 25.1799033], [55.2615175, 25.1798873], [55.261583, 25.1798972]]]}}, {"type": "Feature", "properties": {"status": "existing", "bHeight": 12.0, "name": "", "levels": ""}, "geometry": {"type": "Polygon", "coordinates": [[[55.2624176, 25.1789183], [55.2623825, 25.1789406], [55.262328, 25.1789753], [55.2620665, 25.1791417], [55.2620008, 25.1791835], [55.2619774, 25.1791984], [55.2618899, 25.1790857], [55.26233, 25.1788056], [55.2624176, 25.1789183]]]}}, {"type": "Feature", "properties": {"status": "existing", "bHeight": 12.0, "name": "", "levels": ""}, "geometry": {"type": "Polygon", "coordinates": [[[55.2626344, 25.1791985], [55.2621943, 25.1794785], [55.2621068, 25.179366], [55.2621298, 25.1793512], [55.2621957, 25.1793096], [55.2624567, 25.1791431], [55.2625113, 25.1791089], [55.262547, 25.1790859], [55.2626344, 25.1791985]]]}}, {"type": "Feature", "properties": {"status": "existing", "bHeight": 12.0, "name": "", "levels": ""}, "geometry": {"type": "Polygon", "coordinates": [[[55.2625113, 25.1791089], [55.2624968, 25.17909], [55.2625178, 25.1790768], [55.2624183, 25.178947], [55.2623975, 25.1789601], [55.2623825, 25.1789406], [55.262328, 25.1789753], [55.2624567, 25.1791431], [55.2625113, 25.1791089]]]}}, {"type": "Feature", "properties": {"status": "existing", "bHeight": 12.0, "name": "", "levels": ""}, "geometry": {"type": "Polygon", "coordinates": [[[55.2620008, 25.1791835], [55.2621298, 25.1793512], [55.2621957, 25.1793096], [55.2620665, 25.1791417], [55.2620008, 25.1791835]]]}}, {"type": "Feature", "properties": {"status": "existing", "bHeight": 12.0, "name": "", "levels": ""}, "geometry": {"type": "Polygon", "coordinates": [[[55.2624847, 25.1789098], [55.2625503, 25.1788679], [55.2626588, 25.1790068], [55.2625932, 25.1790488], [55.2624847, 25.1789098]]]}}, {"type": "Feature", "properties": {"status": "existing", "bHeight": 12.0, "name": "", "levels": ""}, "geometry": {"type": "Polygon", "coordinates": [[[55.2623585, 25.1796065], [55.2630688, 25.1791538], [55.2631241, 25.1792248], [55.2624138, 25.1796775], [55.2623585, 25.1796065]]]}}, {"type": "Feature", "properties": {"status": "existing", "bHeight": 12.0, "name": "", "levels": ""}, "geometry": {"type": "Polygon", "coordinates": [[[55.2646216, 25.172106], [55.2646755, 25.1721059], [55.2646754, 25.1720783], [55.2646215, 25.1720784], [55.2646216, 25.172106]]]}}, {"type": "Feature", "properties": {"status": "existing", "bHeight": 12.0, "name": "", "levels": ""}, "geometry": {"type": "Polygon", "coordinates": [[[55.264695, 25.1721238], [55.2646949, 25.1721059], [55.2646755, 25.1721059], [55.2646216, 25.172106], [55.2646216, 25.172124], [55.264695, 25.1721238]]]}}, {"type": "Feature", "properties": {"status": "existing", "bHeight": 12.0, "name": "", "levels": ""}, "geometry": {"type": "Polygon", "coordinates": [[[55.2616823, 25.1795587], [55.2617327, 25.1795253], [55.2617783, 25.1795817], [55.2617279, 25.1796151], [55.2616823, 25.1795587]]]}}, {"type": "Feature", "properties": {"status": "existing", "bHeight": 12.0, "name": "", "levels": ""}, "geometry": {"type": "Polygon", "coordinates": [[[55.2629607, 25.1782806], [55.2628706, 25.1781608], [55.2628219, 25.1781909], [55.2628503, 25.1782287], [55.2628341, 25.1782387], [55.2628675, 25.1782831], [55.2628807, 25.1782749], [55.2629089, 25.1783125], [55.2629607, 25.1782806]]]}}, {"type": "Feature", "properties": {"status": "existing", "bHeight": 12.0, "name": "", "levels": ""}, "geometry": {"type": "Polygon", "coordinates": [[[55.2630198, 25.1780789], [55.2631176, 25.1780147], [55.2631742, 25.1780853], [55.2630763, 25.1781496], [55.2630198, 25.1780789]]]}}, {"type": "Feature", "properties": {"status": "existing", "bHeight": 12.0, "name": "", "levels": ""}, "geometry": {"type": "Polygon", "coordinates": [[[55.2631959, 25.1781375], [55.2632467, 25.1781056], [55.2632803, 25.1781494], [55.2632294, 25.1781813], [55.2631959, 25.1781375]]]}}, {"type": "Feature", "properties": {"status": "existing", "bHeight": 12.0, "name": "", "levels": ""}, "geometry": {"type": "Polygon", "coordinates": [[[55.2629546, 25.1784152], [55.2633064, 25.1781889], [55.2633949, 25.1783014], [55.2633787, 25.1783121], [55.26331, 25.1783557], [55.2630431, 25.1785277], [55.2629546, 25.1784152]]]}}, {"type": "Feature", "properties": {"status": "existing", "bHeight": 12.0, "name": "", "levels": ""}, "geometry": {"type": "Polygon", "coordinates": [[[55.2631647, 25.1786895], [55.2634342, 25.1785161], [55.2635025, 25.1784722], [55.2635165, 25.1784631], [55.263605, 25.1785757], [55.2632532, 25.178802], [55.2631647, 25.1786895]]]}}, {"type": "Feature", "properties": {"status": "existing", "bHeight": 12.0, "name": "", "levels": ""}, "geometry": {"type": "Polygon", "coordinates": [[[55.2635025, 25.1784722], [55.2633787, 25.1783121], [55.26331, 25.1783557], [55.2634342, 25.1785161], [55.2635025, 25.1784722]]]}}, {"type": "Feature", "properties": {"status": "existing", "bHeight": 35.0, "name": "", "levels": "10", "height_source": "osm_geom", "height_basis": "osm levels 10 · 100% of this footprint"}, "geometry": {"type": "Polygon", "coordinates": [[[55.2622531, 25.1908776], [55.2624489, 25.191088], [55.2621438, 25.1913205], [55.261948, 25.1911101], [55.2622531, 25.1908776]]]}}, {"type": "Feature", "properties": {"status": "existing", "bHeight": 12.0, "name": "", "levels": ""}, "geometry": {"type": "Polygon", "coordinates": [[[55.2605044, 25.1883959], [55.2606697, 25.1885724], [55.2606901, 25.1885943], [55.2603651, 25.1888435], [55.2601793, 25.1886451], [55.2605044, 25.1883959]]]}}, {"type": "Feature", "properties": {"status": "existing", "bHeight": 12.0, "name": "", "levels": ""}, "geometry": {"type": "Polygon", "coordinates": [[[55.2599331, 25.1881216], [55.2601054, 25.1883239], [55.259799, 25.1885376], [55.2596267, 25.1883352], [55.2599331, 25.1881216]]]}}, {"type": "Feature", "properties": {"status": "existing", "bHeight": 113.8, "name": "Elite Business Bay Residences", "levels": "28"}, "geometry": {"type": "Polygon", "coordinates": [[[55.2655382, 25.1801256], [55.2655218, 25.1800393], [55.2654712, 25.1800486], [55.2654079, 25.1800604], [55.2652899, 25.1794753], [55.2658515, 25.1793778], [55.2659691, 25.1799743], [55.2658431, 25.1799938], [55.2658591, 25.1800762], [55.2655382, 25.1801256]]]}}, {"type": "Feature", "properties": {"status": "existing", "bHeight": 89.4, "name": "Canal Central Hotel", "levels": "", "height_source": "osm_geom", "height_basis": "osm height · 30% of this footprint"}, "geometry": {"type": "Polygon", "coordinates": [[[55.2667556, 25.1809161], [55.2662719, 25.1809987], [55.266161, 25.1805138], [55.2666375, 25.1804428], [55.2667556, 25.1809161]]]}}, {"type": "Feature", "properties": {"status": "existing", "bHeight": 101.59, "name": "AG Tower", "levels": "", "height_source": "osm_geom", "height_basis": "osm height · 30% of this footprint"}, "geometry": {"type": "Polygon", "coordinates": [[[55.2697786, 25.1794603], [55.2694305, 25.1793682], [55.2690145, 25.1792696], [55.2687457, 25.1798932], [55.2688587, 25.1800672], [55.2694726, 25.1802254], [55.2695236, 25.1801008], [55.2697786, 25.1794603]]]}}, {"type": "Feature", "properties": {"status": "existing", "bHeight": 76.6, "name": "Damac Business Tower", "levels": "", "height_source": "osm_geom", "height_basis": "osm levels 23 (stated height implausible for the floor count) · 32% of this footprint"}, "geometry": {"type": "Polygon", "coordinates": [[[55.2684217, 25.1804187], [55.2689516, 25.1805226], [55.2688219, 25.1810435], [55.26859, 25.1809835], [55.2682808, 25.1809035], [55.2684217, 25.1804187]]]}}, {"type": "Feature", "properties": {"status": "existing", "bHeight": 97.53, "name": "Millennium Binghatti Residence", "levels": "", "height_source": "osm_geom", "height_basis": "osm height · 37% of this footprint"}, "geometry": {"type": "Polygon", "coordinates": [[[55.2694899, 25.1806951], [55.2689516, 25.1805226], [55.2688219, 25.1810435], [55.2692763, 25.1811445], [55.2694899, 25.1806951]]]}}, {"type": "Feature", "properties": {"status": "existing", "bHeight": 89.4, "name": "InterContinental Residences", "levels": "22"}, "geometry": {"type": "Polygon", "coordinates": [[[55.270153, 25.1815638], [55.2703881, 25.1811878], [55.2707225, 25.1813999], [55.2707699, 25.1814001], [55.2707702, 25.1814383], [55.2708398, 25.1814366], [55.2708406, 25.1815157], [55.2707716, 25.1815172], [55.2707707, 25.1815606], [55.2706893, 25.181687], [55.2704706, 25.181754], [55.2703315, 25.1816621], [55.270153, 25.1815638]]]}}, {"type": "Feature", "properties": {"status": "existing", "bHeight": 105.7, "name": "Mama Shelter", "levels": "26"}, "geometry": {"type": "Polygon", "coordinates": [[[55.271607, 25.1801913], [55.2721412, 25.1798177], [55.2722779, 25.1799778], [55.2717438, 25.1803514], [55.271607, 25.1801913]]]}}, {"type": "Feature", "properties": {"status": "existing", "bHeight": 65.02, "name": "Sobha Ivory Tower 2", "levels": "", "height_source": "osm_geom", "height_basis": "osm height · 40% of this footprint"}, "geometry": {"type": "Polygon", "coordinates": [[[55.2723259, 25.1788983], [55.2727195, 25.1786068], [55.2730086, 25.1789359], [55.2726208, 25.1792196], [55.2723259, 25.1788983]]]}}, {"type": "Feature", "properties": {"status": "existing", "bHeight": 73.15, "name": "Art XVIII", "levels": "", "height_source": "osm_geom", "height_basis": "osm height · 36% of this footprint"}, "geometry": {"type": "Polygon", "coordinates": [[[55.2717626, 25.1782934], [55.2717802, 25.1782054], [55.2720471, 25.1779921], [55.2721252, 25.1779889], [55.2723811, 25.1782589], [55.2720071, 25.1785531], [55.2717626, 25.1782934]]]}}, {"type": "Feature", "properties": {"status": "existing", "bHeight": 67.0, "name": "Sol Bay Tower", "levels": "", "height_source": "osm_geom", "height_basis": "osm levels 20 (stated height implausible for the floor count) · 35% of this footprint"}, "geometry": {"type": "Polygon", "coordinates": [[[55.2733406, 25.1789494], [55.2736106, 25.1792462], [55.2730411, 25.1796705], [55.2727711, 25.1793737], [55.2733406, 25.1789494]]]}}, {"type": "Feature", "properties": {"status": "existing", "bHeight": 97.5, "name": "The Oval Tower", "levels": "21"}, "geometry": {"type": "Polygon", "coordinates": [[[55.2744136, 25.1776951], [55.2742774, 25.1775412], [55.2747355, 25.1772092], [55.2748718, 25.1773633], [55.2744136, 25.1776951]]]}}, {"type": "Feature", "properties": {"status": "existing", "bHeight": 81.3, "name": "Sobha Saphire", "levels": "19"}, "geometry": {"type": "Polygon", "coordinates": [[[55.2746574, 25.177947], [55.2747846, 25.1781863], [55.2752479, 25.1777904], [55.2750789, 25.1776087], [55.2746574, 25.177947]]]}}, {"type": "Feature", "properties": {"status": "existing", "bHeight": 70.2, "name": "The Oval Tower", "levels": "", "height_source": "osm_geom", "height_basis": "osm levels 21 (stated height implausible for the floor count) · 32% of this footprint"}, "geometry": {"type": "Polygon", "coordinates": [[[55.2741547, 25.1773943], [55.2746675, 25.1770034], [55.2750278, 25.1774306], [55.2745248, 25.1778305], [55.2741547, 25.1773943]]]}}, {"type": "Feature", "properties": {"status": "existing", "bHeight": 68.0, "name": "Sol Avenue", "levels": "20"}, "geometry": {"type": "Polygon", "coordinates": [[[55.2749227, 25.1799679], [55.2746417, 25.1796831], [55.2750692, 25.1793377], [55.2753501, 25.1796225], [55.2749227, 25.1799679]]]}}, {"type": "Feature", "properties": {"status": "existing", "bHeight": 61.2, "name": "", "levels": "18"}, "geometry": {"type": "Polygon", "coordinates": [[[55.2770556, 25.1799812], [55.2773846, 25.179608], [55.2774139, 25.1796291], [55.2774568, 25.1795805], [55.2775713, 25.1796632], [55.2775156, 25.1797263], [55.2775289, 25.1797359], [55.2775775, 25.179771], [55.2772613, 25.1801297], [55.2771884, 25.1800771], [55.2770556, 25.1799812]]]}}, {"type": "Feature", "properties": {"status": "existing", "bHeight": 12.0, "name": "", "levels": ""}, "geometry": {"type": "Polygon", "coordinates": [[[55.2766484, 25.1812639], [55.2765388, 25.1808394], [55.2769241, 25.1807579], [55.2770338, 25.1811824], [55.2766484, 25.1812639]]]}}, {"type": "Feature", "properties": {"status": "existing", "bHeight": 120.0, "name": "", "levels": "", "height_source": "osm_geom", "height_basis": "osm height · 35% of this footprint"}, "geometry": {"type": "Polygon", "coordinates": [[[55.2795697, 25.1804392], [55.2789393, 25.1803043], [55.2789355, 25.1808489], [55.2792609, 25.1809038], [55.2792584, 25.1809688], [55.2795542, 25.1810251], [55.2795697, 25.1804392]]]}}, {"type": "Feature", "properties": {"status": "existing", "bHeight": 120.0, "name": "", "levels": "", "height_source": "osm_geom", "height_basis": "osm height · 34% of this footprint"}, "geometry": {"type": "Polygon", "coordinates": [[[55.2789393, 25.1803043], [55.2783713, 25.1803011], [55.2783702, 25.1804656], [55.2783675, 25.1808456], [55.2789355, 25.1808489], [55.2789393, 25.1803043]]]}}, {"type": "Feature", "properties": {"status": "existing", "bHeight": 120.0, "name": "", "levels": "", "height_source": "osm_geom", "height_basis": "osm height · 21% of this footprint"}, "geometry": {"type": "Polygon", "coordinates": [[[55.2777062, 25.1804409], [55.2780207, 25.1803336], [55.2783713, 25.1803011], [55.2783702, 25.1804656], [55.2783675, 25.1808456], [55.2780923, 25.1808746], [55.2779124, 25.1808536], [55.2777991, 25.1807355], [55.2777062, 25.1804409]]]}}, {"type": "Feature", "properties": {"status": "existing", "bHeight": 68.0, "name": "Safeer Tower 3", "levels": "20"}, "geometry": {"type": "Polygon", "coordinates": [[[55.2776463, 25.1801138], [55.2780427, 25.1796512], [55.2782265, 25.1797802], [55.2778301, 25.1802428], [55.2776463, 25.1801138]]]}}, {"type": "Feature", "properties": {"status": "existing", "bHeight": 80.0, "name": "Residence 110", "levels": "20"}, "geometry": {"type": "Polygon", "coordinates": [[[55.2700758, 25.1781366], [55.2697611, 25.1777772], [55.2699351, 25.1776525], [55.2702498, 25.1780118], [55.2700758, 25.1781366]]]}}, {"type": "Feature", "properties": {"status": "existing", "bHeight": 75.0, "name": "The First Collection Business Bay, Dubai, a Tribute Portfolio Hotel", "levels": "20"}, "geometry": {"type": "Polygon", "coordinates": [[[55.2677211, 25.1782935], [55.2678067, 25.177909], [55.2682406, 25.1779253], [55.2681894, 25.1780716], [55.2679878, 25.1780819], [55.2679055, 25.1783292], [55.2677211, 25.1782935]]]}}, {"type": "Feature", "properties": {"status": "existing", "bHeight": 80.0, "name": "", "levels": "", "height_source": "osm_geom", "height_basis": "osm height · 31% of this footprint"}, "geometry": {"type": "Polygon", "coordinates": [[[55.2675448, 25.1784742], [55.2671279, 25.1783772], [55.2669175, 25.1779515], [55.2672802, 25.1778681], [55.2677282, 25.177866], [55.2675448, 25.1784742]]]}}, {"type": "Feature", "properties": {"status": "existing", "bHeight": 12.0, "name": "", "levels": ""}, "geometry": {"type": "Polygon", "coordinates": [[[55.2671279, 25.1783772], [55.2663055, 25.1789311], [55.2660957, 25.1791115], [55.2657411, 25.1786565], [55.2667377, 25.1780242], [55.2669175, 25.1779515], [55.2671279, 25.1783772]]]}}, {"type": "Feature", "properties": {"status": "existing", "bHeight": 75.0, "name": "The First Collection Business Bay, Dubai, a Tribute Portfolio Hotel", "levels": "", "height_source": "osm_geom", "height_basis": "osm height · 34% of this footprint"}, "geometry": {"type": "Polygon", "coordinates": [[[55.2675448, 25.1784742], [55.2678775, 25.1785711], [55.2679311, 25.1785468], [55.268363, 25.1778484], [55.2682988, 25.1778519], [55.2679711, 25.17786], [55.2677282, 25.177866], [55.2675448, 25.1784742]]]}}, {"type": "Feature", "properties": {"status": "existing", "bHeight": 12.0, "name": "", "levels": ""}, "geometry": {"type": "Polygon", "coordinates": [[[55.2681093, 25.1902502], [55.2681866, 25.1902618], [55.2681998, 25.190189], [55.2681271, 25.1901527], [55.2681093, 25.1902502]]]}}, {"type": "Feature", "properties": {"status": "existing", "bHeight": 12.0, "name": "", "levels": ""}, "geometry": {"type": "Polygon", "coordinates": [[[55.2683606, 25.1911843], [55.2684201, 25.1911072], [55.2680091, 25.1908476], [55.2679913, 25.1908707], [55.2679797, 25.1909435], [55.2683606, 25.1911843]]]}}, {"type": "Feature", "properties": {"status": "existing", "bHeight": 12.0, "name": "", "levels": ""}, "geometry": {"type": "Polygon", "coordinates": [[[55.2679987, 25.1907846], [55.268062, 25.1907966], [55.2680507, 25.1908446], [55.2682079, 25.190875], [55.2682196, 25.1908255], [55.2684756, 25.1908742], [55.2685312, 25.1906345], [55.2684417, 25.1905291], [55.2682961, 25.1905014], [55.2683058, 25.1904602], [55.2681485, 25.1904298], [55.2681383, 25.190473], [55.268074, 25.1904607], [55.2679987, 25.1907846]]]}}, {"type": "Feature", "properties": {"status": "existing", "bHeight": 12.0, "name": "", "levels": ""}, "geometry": {"type": "Polygon", "coordinates": [[[55.2696707, 25.1896223], [55.2697815, 25.1896031], [55.269774, 25.1895676], [55.2696632, 25.1895868], [55.2696707, 25.1896223]]]}}, {"type": "Feature", "properties": {"status": "existing", "bHeight": 12.0, "name": "", "levels": ""}, "geometry": {"type": "Polygon", "coordinates": [[[55.26954, 25.1896447], [55.2696552, 25.1896247], [55.2696477, 25.1895892], [55.2695325, 25.1896092], [55.26954, 25.1896447]]]}}, {"type": "Feature", "properties": {"status": "existing", "bHeight": 12.0, "name": "", "levels": ""}, "geometry": {"type": "Polygon", "coordinates": [[[55.2696392, 25.1897625], [55.269733, 25.1897463], [55.2697101, 25.189638], [55.2696163, 25.1896543], [55.2696392, 25.1897625]]]}}, {"type": "Feature", "properties": {"status": "existing", "bHeight": 12.0, "name": "", "levels": ""}, "geometry": {"type": "Polygon", "coordinates": [[[55.2696723, 25.1899046], [55.2697707, 25.1898875], [55.2697487, 25.1897839], [55.2696504, 25.1898009], [55.2696723, 25.1899046]]]}}, {"type": "Feature", "properties": {"status": "existing", "bHeight": 12.0, "name": "", "levels": ""}, "geometry": {"type": "Polygon", "coordinates": [[[55.2695973, 25.1899322], [55.2696626, 25.1899209], [55.2696067, 25.1896565], [55.2695414, 25.1896679], [55.2695973, 25.1899322]]]}}, {"type": "Feature", "properties": {"status": "existing", "bHeight": 12.0, "name": "", "levels": ""}, "geometry": {"type": "Polygon", "coordinates": [[[55.2701609, 25.1896134], [55.2703556, 25.1895698], [55.270324, 25.1894542], [55.2704825, 25.1894187], [55.2704205, 25.1891921], [55.2700673, 25.1892713], [55.2701609, 25.1896134]]]}}, {"type": "Feature", "properties": {"status": "existing", "bHeight": 8.0, "name": "Danube Sports World", "levels": ""}, "geometry": {"type": "Polygon", "coordinates": [[[55.2523813, 25.1787851], [55.2532011, 25.1796609], [55.2537741, 25.1792218], [55.2529544, 25.1783458], [55.2523813, 25.1787851]]]}}, {"type": "Feature", "properties": {"status": "existing", "bHeight": 100.0, "name": "Binghatti Canal", "levels": "", "height_source": "osm_geom", "height_basis": "osm height · 41% of this footprint"}, "geometry": {"type": "Polygon", "coordinates": [[[55.2858913, 25.1863887], [55.2857493, 25.1860065], [55.2863047, 25.1857876], [55.2865953, 25.1862112], [55.2858913, 25.1863887]]]}}, {"type": "Feature", "properties": {"status": "existing", "bHeight": 100.0, "name": "The Pad by Omniyat", "levels": "", "height_source": "osm_geom", "height_basis": "osm height · 27% of this footprint"}, "geometry": {"type": "Polygon", "coordinates": [[[55.2818222, 25.1843048], [55.2815323, 25.1846651], [55.282105, 25.1850397], [55.2824052, 25.1846877], [55.2818222, 25.1843048]]]}}, {"type": "Feature", "properties": {"status": "existing", "bHeight": 85.0, "name": "J ONE", "levels": "21"}, "geometry": {"type": "Polygon", "coordinates": [[[55.2832021, 25.1854699], [55.2835603, 25.1859216], [55.2836683, 25.1860747], [55.2839158, 25.186485], [55.2834925, 25.1866959], [55.2832411, 25.1862806], [55.2831399, 25.1861214], [55.2828261, 25.1857059], [55.2832021, 25.1854699]]]}}, {"type": "Feature", "properties": {"status": "existing", "bHeight": 67.0, "name": "RBC Tower", "levels": "", "height_source": "osm_geom", "height_basis": "osm levels 20 (stated height implausible for the floor count) · 32% of this footprint"}, "geometry": {"type": "Polygon", "coordinates": [[[55.2892486, 25.1889597], [55.2892129, 25.1889732], [55.2891756, 25.1888581], [55.289129, 25.1887308], [55.2887153, 25.1888863], [55.288775, 25.1890383], [55.2888252, 25.1892292], [55.288866, 25.1894431], [55.288876, 25.1896521], [55.2893008, 25.1896558], [55.2893021, 25.1895547], [55.2893007, 25.1894693], [55.2893586, 25.1894619], [55.2893266, 25.1892117], [55.2893001, 25.1892127], [55.2892486, 25.1889597]]]}}, {"type": "Feature", "properties": {"status": "existing", "bHeight": 90.0, "name": "", "levels": "", "height_source": "osm_geom", "height_basis": "osm height · 41% of this footprint"}, "geometry": {"type": "Polygon", "coordinates": [[[55.2908473, 25.1899419], [55.291516, 25.1908931], [55.2912081, 25.191237], [55.2910239, 25.1910739], [55.2907924, 25.1902288], [55.2907795, 25.1901423], [55.290783, 25.1900261], [55.2908473, 25.1899419]]]}}, {"type": "Feature", "properties": {"status": "existing", "bHeight": 165.0, "name": "Nobles Tower", "levels": "53"}, "geometry": {"type": "Polygon", "coordinates": [[[55.2902257, 25.1848792], [55.289649, 25.1844035], [55.2897711, 25.1843683], [55.2899132, 25.1843428], [55.2902606, 25.1843646], [55.2904135, 25.1844071], [55.2905543, 25.1844654], [55.2906576, 25.1845297], [55.2907233, 25.184594], [55.2907635, 25.1846535], [55.2906643, 25.1846595], [55.2905422, 25.1846875], [55.2904242, 25.1847348], [55.2903209, 25.1847991], [55.2902257, 25.1848792]]]}}, {"type": "Feature", "properties": {"status": "existing", "bHeight": 100.9, "name": "Regalia By Deyaar", "levels": "6", "height_source": "osm_geom", "height_basis": "osm height (feet -> metres) · 36% of this footprint"}, "geometry": {"type": "Polygon", "coordinates": [[[55.2926786, 25.1852688], [55.2933912, 25.1849666], [55.2928194, 25.1843671], [55.2923098, 25.1849557], [55.2923956, 25.1850042], [55.2924962, 25.1850807], [55.29257, 25.1851426], [55.2926786, 25.1852688]]]}}, {"type": "Feature", "properties": {"status": "existing", "bHeight": 12.0, "name": "District Cooling Plant", "levels": ""}, "geometry": {"type": "Polygon", "coordinates": [[[55.288048, 25.183764], [55.2884536, 25.1835156], [55.2889373, 25.1842175], [55.2888862, 25.1842488], [55.2889044, 25.1842732], [55.2886005, 25.1844593], [55.288048, 25.183764]]]}}, {"type": "Feature", "properties": {"status": "existing", "bHeight": 80.0, "name": "Royal Continental Suites", "levels": "", "height_source": "osm_geom", "height_basis": "osm height · 39% of this footprint"}, "geometry": {"type": "Polygon", "coordinates": [[[55.2835922, 25.1830465], [55.2837984, 25.1831713], [55.2837637, 25.1832183], [55.2838383, 25.1832635], [55.2835572, 25.1836437], [55.2831871, 25.1834197], [55.2834697, 25.1830372], [55.283559, 25.1830913], [55.2835922, 25.1830465]]]}}, {"type": "Feature", "properties": {"status": "existing", "bHeight": 80.0, "name": "Trillionaire Residences", "levels": "", "height_source": "osm_geom", "height_basis": "osm height · 30% of this footprint"}, "geometry": {"type": "Polygon", "coordinates": [[[55.2811002, 25.1838946], [55.2808333, 25.183783], [55.2805799, 25.1836944], [55.2803478, 25.1836191], [55.2801494, 25.1841446], [55.2803787, 25.1842114], [55.2805839, 25.1842854], [55.2808521, 25.1843922], [55.2808839, 25.1843284], [55.2811002, 25.1838946]]]}}, {"type": "Feature", "properties": {"status": "existing", "bHeight": 75.0, "name": "", "levels": "22"}, "geometry": {"type": "Polygon", "coordinates": [[[55.2742536, 25.1848275], [55.2746238, 25.1852195], [55.2740297, 25.1856503], [55.2736481, 25.1852352], [55.2742536, 25.1848275]]]}}, {"type": "Feature", "properties": {"status": "existing", "bHeight": 12.0, "name": "", "levels": ""}, "geometry": {"type": "Polygon", "coordinates": [[[55.2888788, 25.1938828], [55.288803, 25.193958], [55.2888438, 25.1939917], [55.2889196, 25.1939164], [55.2888788, 25.1938828]]]}}, {"type": "Feature", "properties": {"status": "existing", "bHeight": 12.0, "name": "", "levels": ""}, "geometry": {"type": "Polygon", "coordinates": [[[55.2889501, 25.193785], [55.2888823, 25.1938566], [55.2889356, 25.193898], [55.2890035, 25.1938264], [55.2889501, 25.193785]]]}}, {"type": "Feature", "properties": {"status": "existing", "bHeight": 12.0, "name": "", "levels": ""}, "geometry": {"type": "Polygon", "coordinates": [[[55.2890657, 25.1936658], [55.2889709, 25.1937674], [55.2890179, 25.1938034], [55.2891127, 25.1937017], [55.2890657, 25.1936658]]]}}, {"type": "Feature", "properties": {"status": "existing", "bHeight": 12.0, "name": "", "levels": ""}, "geometry": {"type": "Polygon", "coordinates": [[[55.2891251, 25.1936145], [55.2890855, 25.1936534], [55.289126, 25.193687], [55.2891655, 25.1936482], [55.2891251, 25.1936145]]]}}, {"type": "Feature", "properties": {"status": "existing", "bHeight": 12.0, "name": "", "levels": ""}, "geometry": {"type": "Polygon", "coordinates": [[[55.2887607, 25.193242], [55.2887319, 25.1932738], [55.2888217, 25.1933405], [55.2888505, 25.1933087], [55.2887607, 25.193242]]]}}, {"type": "Feature", "properties": {"status": "existing", "bHeight": 12.0, "name": "", "levels": ""}, "geometry": {"type": "Polygon", "coordinates": [[[55.2892417, 25.1836138], [55.2892726, 25.1836464], [55.2892959, 25.1836283], [55.289265, 25.1835957], [55.2892417, 25.1836138]]]}}, {"type": "Feature", "properties": {"status": "existing", "bHeight": 12.0, "name": "", "levels": ""}, "geometry": {"type": "Polygon", "coordinates": [[[55.2892777, 25.1836484], [55.2893672, 25.1837607], [55.2894199, 25.1837263], [55.2893304, 25.183614], [55.2892777, 25.1836484]]]}}, {"type": "Feature", "properties": {"status": "existing", "bHeight": 12.0, "name": "", "levels": ""}, "geometry": {"type": "Polygon", "coordinates": [[[55.2895231, 25.1839425], [55.2895478, 25.1839722], [55.2895875, 25.1839452], [55.2895628, 25.1839155], [55.2895231, 25.1839425]]]}}, {"type": "Feature", "properties": {"status": "existing", "bHeight": 12.0, "name": "", "levels": ""}, "geometry": {"type": "Polygon", "coordinates": [[[55.2895628, 25.1839155], [55.2894933, 25.1838319], [55.2894304, 25.1838747], [55.2894998, 25.1839583], [55.2895231, 25.1839425], [55.2895628, 25.1839155]]]}}, {"type": "Feature", "properties": {"status": "existing", "bHeight": 12.0, "name": "", "levels": ""}, "geometry": {"type": "Polygon", "coordinates": [[[55.2888041, 25.1838095], [55.2890608, 25.1841371], [55.28938, 25.1839349], [55.2891558, 25.1836473], [55.2890894, 25.1836931], [55.2890537, 25.1836498], [55.2888041, 25.1838095]]]}}, {"type": "Feature", "properties": {"status": "existing", "bHeight": 12.0, "name": "", "levels": ""}, "geometry": {"type": "Polygon", "coordinates": [[[55.2899923, 25.1864872], [55.2900092, 25.1865076], [55.2900599, 25.1864731], [55.290043, 25.1864527], [55.2899923, 25.1864872]]]}}, {"type": "Feature", "properties": {"status": "existing", "bHeight": 12.0, "name": "", "levels": ""}, "geometry": {"type": "Polygon", "coordinates": [[[55.2899362, 25.186369], [55.2899457, 25.1863807], [55.2899113, 25.1864035], [55.289935, 25.1864329], [55.289902, 25.1864548], [55.2898455, 25.1863849], [55.289878, 25.1863634], [55.2899012, 25.1863921], [55.2899362, 25.186369]]]}}, {"type": "Feature", "properties": {"status": "existing", "bHeight": 12.0, "name": "", "levels": ""}, "geometry": {"type": "Polygon", "coordinates": [[[55.2899087, 25.1863349], [55.2899362, 25.186369], [55.2899457, 25.1863807], [55.2899676, 25.1864078], [55.2901797, 25.1862675], [55.2901208, 25.1861946], [55.2899087, 25.1863349]]]}}, {"type": "Feature", "properties": {"status": "existing", "bHeight": 12.0, "name": "", "levels": ""}, "geometry": {"type": "Polygon", "coordinates": [[[55.288962, 25.1851], [55.289075, 25.1850444], [55.2892613, 25.1853545], [55.2892118, 25.1853788], [55.2890894, 25.1851751], [55.2890259, 25.1852064], [55.288962, 25.1851]]]}}, {"type": "Feature", "properties": {"status": "existing", "bHeight": 12.0, "name": "", "levels": ""}, "geometry": {"type": "Polygon", "coordinates": [[[55.2863092, 25.1842305], [55.2863196, 25.1842429], [55.2863463, 25.1842245], [55.2863359, 25.1842122], [55.2863092, 25.1842305]]]}}, {"type": "Feature", "properties": {"status": "existing", "bHeight": 12.0, "name": "", "levels": ""}, "geometry": {"type": "Polygon", "coordinates": [[[55.2863684, 25.184195], [55.2863971, 25.1842285], [55.286425, 25.184209], [55.2863963, 25.1841754], [55.2863684, 25.184195]]]}}, {"type": "Feature", "properties": {"status": "existing", "bHeight": 12.0, "name": "", "levels": ""}, "geometry": {"type": "Polygon", "coordinates": [[[55.2865945, 25.1846063], [55.2866626, 25.1846867], [55.2866949, 25.1846643], [55.2866268, 25.184584], [55.2865945, 25.1846063]]]}}, {"type": "Feature", "properties": {"status": "existing", "bHeight": 12.0, "name": "", "levels": ""}, "geometry": {"type": "Polygon", "coordinates": [[[55.2866951, 25.1847286], [55.2867659, 25.1848115], [55.2867996, 25.184788], [55.2867288, 25.184705], [55.2866951, 25.1847286]]]}}, {"type": "Feature", "properties": {"status": "existing", "bHeight": 12.0, "name": "", "levels": ""}, "geometry": {"type": "Polygon", "coordinates": [[[55.2866379, 25.1848073], [55.286699, 25.1847623], [55.2867489, 25.1848178], [55.2866878, 25.1848628], [55.2866379, 25.1848073]]]}}, {"type": "Feature", "properties": {"status": "existing", "bHeight": 12.0, "name": "", "levels": ""}, "geometry": {"type": "Polygon", "coordinates": [[[55.2877142, 25.1865189], [55.2877396, 25.186543], [55.2877657, 25.1865205], [55.2877403, 25.1864964], [55.2877142, 25.1865189]]]}}, {"type": "Feature", "properties": {"status": "existing", "bHeight": 12.0, "name": "", "levels": ""}, "geometry": {"type": "Polygon", "coordinates": [[[55.287163, 25.1876694], [55.2872591, 25.1876826], [55.2873107, 25.1873768], [55.2872145, 25.1873636], [55.287163, 25.1876694]]]}}, {"type": "Feature", "properties": {"status": "existing", "bHeight": 12.0, "name": "", "levels": ""}, "geometry": {"type": "Polygon", "coordinates": [[[55.2845999, 25.1886916], [55.2846215, 25.1886907], [55.2846185, 25.1886293], [55.2845968, 25.1886302], [55.2845999, 25.1886916]]]}}, {"type": "Feature", "properties": {"status": "existing", "bHeight": 12.0, "name": "", "levels": ""}, "geometry": {"type": "Polygon", "coordinates": [[[55.2845755, 25.1888074], [55.2846188, 25.1888049], [55.2846152, 25.1887528], [55.2845719, 25.1887552], [55.2845755, 25.1888074]]]}}, {"type": "Feature", "properties": {"status": "existing", "bHeight": 12.0, "name": "", "levels": ""}, "geometry": {"type": "Polygon", "coordinates": [[[55.2842087, 25.1889387], [55.2842172, 25.1890157], [55.2844228, 25.188997], [55.2844143, 25.1889201], [55.2842087, 25.1889387]]]}}, {"type": "Feature", "properties": {"status": "existing", "bHeight": 12.0, "name": "", "levels": ""}, "geometry": {"type": "Polygon", "coordinates": [[[55.2929815, 25.1844299], [55.2930294, 25.1844727], [55.2930437, 25.1844595], [55.2929958, 25.1844168], [55.2929815, 25.1844299]]]}}, {"type": "Feature", "properties": {"status": "existing", "bHeight": 12.0, "name": "", "levels": ""}, "geometry": {"type": "Polygon", "coordinates": [[[55.2925902, 25.18404], [55.2926425, 25.1840925], [55.292673, 25.1840676], [55.2926207, 25.1840152], [55.2925902, 25.18404]]]}}, {"type": "Feature", "properties": {"status": "existing", "bHeight": 12.0, "name": "", "levels": ""}, "geometry": {"type": "Polygon", "coordinates": [[[55.2926566, 25.184105], [55.2927223, 25.1841766], [55.2927523, 25.1841541], [55.2926865, 25.1840825], [55.2926566, 25.184105]]]}}, {"type": "Feature", "properties": {"status": "existing", "bHeight": 12.0, "name": "", "levels": ""}, "geometry": {"type": "Polygon", "coordinates": [[[55.283471, 25.1897873], [55.2836609, 25.1897732], [55.2836458, 25.1896084], [55.283456, 25.1896226], [55.283471, 25.1897873]]]}}, {"type": "Feature", "properties": {"status": "existing", "bHeight": 12.0, "name": "", "levels": ""}, "geometry": {"type": "Polygon", "coordinates": [[[55.28341, 25.1897639], [55.2834392, 25.1897612], [55.2834188, 25.1895785], [55.2833032, 25.189589], [55.2833236, 25.1897718], [55.28341, 25.1897639]]]}}, {"type": "Feature", "properties": {"status": "existing", "bHeight": 12.0, "name": "", "levels": ""}, "geometry": {"type": "Polygon", "coordinates": [[[55.2833236, 25.1897718], [55.2833399, 25.1898247], [55.2833607, 25.1898623], [55.2833989, 25.189912], [55.2834224, 25.1899211], [55.2835076, 25.1899139], [55.2835076, 25.1898926], [55.2834197, 25.1898981], [55.28341, 25.1897639], [55.2833236, 25.1897718]]]}}, {"type": "Feature", "properties": {"status": "existing", "bHeight": 12.0, "name": "", "levels": ""}, "geometry": {"type": "Polygon", "coordinates": [[[55.2832557, 25.1894206], [55.2832868, 25.1894187], [55.2832783, 25.1893029], [55.2832472, 25.1893048], [55.2832557, 25.1894206]]]}}, {"type": "Feature", "properties": {"status": "existing", "bHeight": 12.0, "name": "", "levels": ""}, "geometry": {"type": "Polygon", "coordinates": [[[55.2832536, 25.1894275], [55.28329, 25.1894242], [55.283295, 25.1894691], [55.2832777, 25.1894707], [55.2832797, 25.1894885], [55.2832606, 25.1894902], [55.2832536, 25.1894275]]]}}, {"type": "Feature", "properties": {"status": "existing", "bHeight": 12.0, "name": "", "levels": ""}, "geometry": {"type": "Polygon", "coordinates": [[[55.2833318, 25.1895486], [55.2835891, 25.1895312], [55.2835862, 25.189497], [55.2835188, 25.1895015], [55.2835154, 25.1894598], [55.2833858, 25.1894686], [55.2833894, 25.189513], [55.2833292, 25.1895171], [55.2833318, 25.1895486]]]}}, {"type": "Feature", "properties": {"status": "existing", "bHeight": 67.0, "name": "Burj Pacific", "levels": "", "height_source": "osm_geom", "height_basis": "osm levels 20 (stated height implausible for the floor count) · 34% of this footprint"}, "geometry": {"type": "Polygon", "coordinates": [[[55.2830225, 25.1895405], [55.2827054, 25.1890732], [55.2824492, 25.1892259], [55.2821816, 25.1893846], [55.2822092, 25.1894207], [55.2822928, 25.1895331], [55.282524, 25.1898416], [55.2830225, 25.1895405]]]}}, {"type": "Feature", "properties": {"status": "existing", "bHeight": 95.0, "name": "The Sterling", "levels": "25"}, "geometry": {"type": "Polygon", "coordinates": [[[55.281907, 25.1889628], [55.2820894, 25.1888513], [55.2823216, 25.1891626], [55.2821392, 25.189274], [55.281907, 25.1889628]]]}}, {"type": "Feature", "properties": {"status": "existing", "bHeight": 95.0, "name": "The Sterling", "levels": "25"}, "geometry": {"type": "Polygon", "coordinates": [[[55.2816648, 25.1886537], [55.2818907, 25.1889581], [55.2820814, 25.1888422], [55.2818554, 25.1885378], [55.2816648, 25.1886537]]]}}, {"type": "Feature", "properties": {"status": "existing", "bHeight": 12.0, "name": "", "levels": ""}, "geometry": {"type": "Polygon", "coordinates": [[[55.2821346, 25.1888109], [55.282427, 25.1886271], [55.2827277, 25.1890599], [55.2827054, 25.1890732], [55.2824492, 25.1892259], [55.2821346, 25.1888109]]]}}, {"type": "Feature", "properties": {"status": "existing", "bHeight": 12.0, "name": "", "levels": ""}, "geometry": {"type": "Polygon", "coordinates": [[[55.281916, 25.1882663], [55.2820703, 25.188167], [55.2823515, 25.1885293], [55.2821899, 25.1886314], [55.281916, 25.1882663]]]}}, {"type": "Feature", "properties": {"status": "existing", "bHeight": 80.0, "name": "Cavo Dubai", "levels": "", "height_source": "osm_geom", "height_basis": "osm height · 70% of this footprint"}, "geometry": {"type": "Polygon", "coordinates": [[[55.281753, 25.1878633], [55.2819621, 25.1881216], [55.2819981, 25.1880977], [55.2820582, 25.188172], [55.281916, 25.1882663], [55.2815088, 25.1885362], [55.2814806, 25.1885549], [55.281451, 25.1885183], [55.2812114, 25.1882223], [55.281753, 25.1878633]]]}}, {"type": "Feature", "properties": {"status": "existing", "bHeight": 12.0, "name": "", "levels": ""}, "geometry": {"type": "Polygon", "coordinates": [[[55.2866571, 25.1824866], [55.2867242, 25.1824915], [55.2867267, 25.1824626], [55.2866597, 25.1824578], [55.2866571, 25.1824866]]]}}, {"type": "Feature", "properties": {"status": "existing", "bHeight": 12.0, "name": "", "levels": ""}, "geometry": {"type": "Polygon", "coordinates": [[[55.2828263, 25.181106], [55.2828708, 25.181116], [55.2828792, 25.1810851], [55.2828348, 25.1810752], [55.2828263, 25.181106]]]}}, {"type": "Feature", "properties": {"status": "existing", "bHeight": 12.0, "name": "", "levels": ""}, "geometry": {"type": "Polygon", "coordinates": [[[55.2810399, 25.1868429], [55.2810654, 25.1868301], [55.2810454, 25.1867974], [55.2810199, 25.1868102], [55.2810399, 25.1868429]]]}}, {"type": "Feature", "properties": {"status": "existing", "bHeight": 12.0, "name": "", "levels": ""}, "geometry": {"type": "Polygon", "coordinates": [[[55.2810299, 25.1868896], [55.2810514, 25.186873], [55.2810092, 25.1868281], [55.2809876, 25.1868447], [55.2810299, 25.1868896]]]}}, {"type": "Feature", "properties": {"status": "existing", "bHeight": 12.0, "name": "", "levels": ""}, "geometry": {"type": "Polygon", "coordinates": [[[55.2823151, 25.1873334], [55.2823862, 25.1873038], [55.282327, 25.1871874], [55.2822559, 25.187217], [55.2823151, 25.1873334]]]}}, {"type": "Feature", "properties": {"status": "existing", "bHeight": 12.0, "name": "", "levels": ""}, "geometry": {"type": "Polygon", "coordinates": [[[55.281966, 25.1872786], [55.2820478, 25.1872343], [55.2820249, 25.1871997], [55.2819431, 25.187244], [55.281966, 25.1872786]]]}}, {"type": "Feature", "properties": {"status": "existing", "bHeight": 12.0, "name": "", "levels": ""}, "geometry": {"type": "Polygon", "coordinates": [[[55.2822285, 25.1872252], [55.2822617, 25.1872042], [55.2822361, 25.1871711], [55.2822029, 25.187192], [55.2822285, 25.1872252]]]}}, {"type": "Feature", "properties": {"status": "existing", "bHeight": 12.0, "name": "", "levels": ""}, "geometry": {"type": "Polygon", "coordinates": [[[55.282525, 25.1876193], [55.2825503, 25.1876088], [55.2825098, 25.1875293], [55.2824846, 25.1875398], [55.282525, 25.1876193]]]}}, {"type": "Feature", "properties": {"status": "existing", "bHeight": 12.0, "name": "", "levels": ""}, "geometry": {"type": "Polygon", "coordinates": [[[55.2825896, 25.1880753], [55.2826409, 25.1880604], [55.2825922, 25.1879228], [55.2825409, 25.1879377], [55.2825896, 25.1880753]]]}}, {"type": "Feature", "properties": {"status": "existing", "bHeight": 12.0, "name": "", "levels": ""}, "geometry": {"type": "Polygon", "coordinates": [[[55.2860483, 25.1879445], [55.2863376, 25.1878614], [55.2863157, 25.1877991], [55.2860264, 25.1878822], [55.2860483, 25.1879445]]]}}, {"type": "Feature", "properties": {"status": "existing", "bHeight": 12.0, "name": "", "levels": ""}, "geometry": {"type": "Polygon", "coordinates": [[[55.2875785, 25.1872573], [55.287606, 25.1872203], [55.2875575, 25.1871909], [55.28753, 25.1872279], [55.2875785, 25.1872573]]]}}, {"type": "Feature", "properties": {"status": "existing", "bHeight": 12.0, "name": "", "levels": ""}, "geometry": {"type": "Polygon", "coordinates": [[[55.2874162, 25.1871815], [55.2874705, 25.1871845], [55.2874768, 25.1870928], [55.2874225, 25.1870898], [55.2874162, 25.1871815]]]}}, {"type": "Feature", "properties": {"status": "existing", "bHeight": 12.0, "name": "", "levels": ""}, "geometry": {"type": "Polygon", "coordinates": [[[55.2874088, 25.1872786], [55.287434, 25.1872828], [55.2874447, 25.18723], [55.2874196, 25.1872258], [55.2874088, 25.1872786]]]}}, {"type": "Feature", "properties": {"status": "existing", "bHeight": 12.0, "name": "", "levels": ""}, "geometry": {"type": "Polygon", "coordinates": [[[55.2861173, 25.187068], [55.286342, 25.1870152], [55.2863174, 25.1869297], [55.2860928, 25.1869824], [55.2861173, 25.187068]]]}}, {"type": "Feature", "properties": {"status": "existing", "bHeight": 12.0, "name": "", "levels": ""}, "geometry": {"type": "Polygon", "coordinates": [[[55.2870194, 25.1868831], [55.2870539, 25.186884], [55.2870552, 25.1868453], [55.2870207, 25.1868444], [55.2870194, 25.1868831]]]}}, {"type": "Feature", "properties": {"status": "existing", "bHeight": 12.0, "name": "", "levels": ""}, "geometry": {"type": "Polygon", "coordinates": [[[55.2869911, 25.1867191], [55.2870353, 25.1866857], [55.2870054, 25.1866532], [55.2869611, 25.1866866], [55.2869911, 25.1867191]]]}}, {"type": "Feature", "properties": {"status": "existing", "bHeight": 12.0, "name": "", "levels": ""}, "geometry": {"type": "Polygon", "coordinates": [[[55.2818057, 25.1878562], [55.2818432, 25.1878314], [55.2818029, 25.1877815], [55.2817654, 25.1878064], [55.2818057, 25.1878562]]]}}, {"type": "Feature", "properties": {"status": "existing", "bHeight": 12.0, "name": "", "levels": ""}, "geometry": {"type": "Polygon", "coordinates": [[[55.2819479, 25.1880468], [55.2819794, 25.1880249], [55.2819405, 25.1879791], [55.281909, 25.1880009], [55.2819479, 25.1880468]]]}}, {"type": "Feature", "properties": {"status": "existing", "bHeight": 12.0, "name": "", "levels": ""}, "geometry": {"type": "Polygon", "coordinates": [[[55.2833506, 25.1900188], [55.2833781, 25.1900043], [55.2833606, 25.1899771], [55.2833331, 25.1899917], [55.2833506, 25.1900188]]]}}, {"type": "Feature", "properties": {"status": "existing", "bHeight": 12.0, "name": "", "levels": ""}, "geometry": {"type": "Polygon", "coordinates": [[[55.2833969, 25.1899849], [55.2834465, 25.1899551], [55.2834321, 25.1899354], [55.2833824, 25.1899651], [55.2833969, 25.1899849]]]}}, {"type": "Feature", "properties": {"status": "existing", "bHeight": 12.0, "name": "", "levels": ""}, "geometry": {"type": "Polygon", "coordinates": [[[55.2834373, 25.1899842], [55.2834011, 25.1900047], [55.2834391, 25.1900598], [55.2834753, 25.1900393], [55.2834373, 25.1899842]]]}}, {"type": "Feature", "properties": {"status": "existing", "bHeight": 12.0, "name": "", "levels": ""}, "geometry": {"type": "Polygon", "coordinates": [[[55.2834821, 25.1900492], [55.2835337, 25.19002], [55.283489, 25.1899551], [55.2834373, 25.1899842], [55.2834753, 25.1900393], [55.2834821, 25.1900492]]]}}, {"type": "Feature", "properties": {"status": "existing", "bHeight": 12.0, "name": "", "levels": ""}, "geometry": {"type": "Polygon", "coordinates": [[[55.2836933, 25.1901578], [55.2837355, 25.1901554], [55.2837326, 25.1901134], [55.2836904, 25.1901159], [55.2836933, 25.1901578]]]}}, {"type": "Feature", "properties": {"status": "existing", "bHeight": 12.0, "name": "", "levels": ""}, "geometry": {"type": "Polygon", "coordinates": [[[55.2675084, 25.1930948], [55.2675851, 25.1931826], [55.2676934, 25.1931051], [55.2676167, 25.1930173], [55.2675084, 25.1930948]]]}}, {"type": "Feature", "properties": {"status": "existing", "bHeight": 12.0, "name": "", "levels": ""}, "geometry": {"type": "Polygon", "coordinates": [[[55.267618, 25.192969], [55.2677406, 25.1931339], [55.2678258, 25.193082], [55.2677032, 25.1929171], [55.267618, 25.192969]]]}}, {"type": "Feature", "properties": {"status": "existing", "bHeight": 12.0, "name": "", "levels": ""}, "geometry": {"type": "Polygon", "coordinates": [[[55.2767195, 25.1841424], [55.2767618, 25.1841296], [55.2767504, 25.1840988], [55.2767081, 25.1841117], [55.2767195, 25.1841424]]]}}, {"type": "Feature", "properties": {"status": "existing", "bHeight": 12.0, "name": "", "levels": ""}, "geometry": {"type": "Polygon", "coordinates": [[[55.2818992, 25.1816292], [55.2818724, 25.1816604], [55.2818985, 25.1816788], [55.2819254, 25.1816475], [55.2818992, 25.1816292]]]}}, {"type": "Feature", "properties": {"status": "existing", "bHeight": 12.0, "name": "", "levels": ""}, "geometry": {"type": "Polygon", "coordinates": [[[55.281851, 25.1816122], [55.2818318, 25.181644], [55.2818578, 25.1816568], [55.2818769, 25.1816249], [55.281851, 25.1816122]]]}}, {"type": "Feature", "properties": {"status": "existing", "bHeight": 12.0, "name": "", "levels": ""}, "geometry": {"type": "Polygon", "coordinates": [[[55.2774193, 25.1836477], [55.2775439, 25.1836424], [55.2775519, 25.183798], [55.2776466, 25.183794], [55.2776493, 25.1838455], [55.2779146, 25.1838342], [55.2779169, 25.1838791], [55.2780309, 25.1838743], [55.2780105, 25.1834815], [55.2778785, 25.1834871], [55.2778801, 25.1835198], [55.277606, 25.1835314], [55.2776078, 25.1835664], [55.2775392, 25.1835693], [55.2775394, 25.1835725], [55.2774157, 25.1835777], [55.2774193, 25.1836477]]]}}, {"type": "Feature", "properties": {"status": "existing", "bHeight": 12.0, "name": "", "levels": ""}, "geometry": {"type": "Polygon", "coordinates": [[[55.269324, 25.1774905], [55.2693716, 25.1774893], [55.2693705, 25.1774519], [55.2693229, 25.1774531], [55.269324, 25.1774905]]]}}, {"type": "Feature", "properties": {"status": "existing", "bHeight": 12.0, "name": "", "levels": ""}, "geometry": {"type": "Polygon", "coordinates": [[[55.2648293, 25.1779111], [55.2649439, 25.177826], [55.2648741, 25.177749], [55.2647595, 25.1778342], [55.2648293, 25.1779111]]]}}, {"type": "Feature", "properties": {"status": "existing", "bHeight": 12.0, "name": "", "levels": ""}, "geometry": {"type": "Polygon", "coordinates": [[[55.2626404, 25.1779776], [55.2626739, 25.1780219], [55.2627763, 25.1779585], [55.2627427, 25.1779142], [55.2626404, 25.1779776]]]}}, {"type": "Feature", "properties": {"status": "existing", "bHeight": 12.0, "name": "", "levels": ""}, "geometry": {"type": "Polygon", "coordinates": [[[55.2626002, 25.1779262], [55.2626353, 25.1779713], [55.2627366, 25.1779066], [55.2627014, 25.1778615], [55.2626002, 25.1779262]]]}}, {"type": "Feature", "properties": {"status": "existing", "bHeight": 12.0, "name": "", "levels": ""}, "geometry": {"type": "Polygon", "coordinates": [[[55.2613891, 25.1794918], [55.2613563, 25.1795308], [55.2614476, 25.1795936], [55.2614804, 25.1795545], [55.2613891, 25.1794918]]]}}, {"type": "Feature", "properties": {"status": "existing", "bHeight": 12.0, "name": "", "levels": ""}, "geometry": {"type": "Polygon", "coordinates": [[[55.2615349, 25.1796976], [55.2615564, 25.1797304], [55.2615936, 25.1797104], [55.2615721, 25.1796776], [55.2615349, 25.1796976]]]}}, {"type": "Feature", "properties": {"status": "existing", "bHeight": 12.0, "name": "", "levels": ""}, "geometry": {"type": "Polygon", "coordinates": [[[55.2614346, 25.1797097], [55.2614325, 25.1797632], [55.2615169, 25.179766], [55.261519, 25.1797125], [55.2614346, 25.1797097]]]}}, {"type": "Feature", "properties": {"status": "existing", "bHeight": 12.0, "name": "", "levels": ""}, "geometry": {"type": "Polygon", "coordinates": [[[55.262247, 25.1776799], [55.2623758, 25.1778449], [55.2625827, 25.1777127], [55.262454, 25.1775477], [55.262247, 25.1776799]]]}}, {"type": "Feature", "properties": {"status": "existing", "bHeight": 12.0, "name": "", "levels": ""}, "geometry": {"type": "Polygon", "coordinates": [[[55.2629855, 25.177857], [55.2630083, 25.1778881], [55.2630539, 25.1778606], [55.2630311, 25.1778296], [55.2629855, 25.177857]]]}}, {"type": "Feature", "properties": {"status": "existing", "bHeight": 12.0, "name": "", "levels": ""}, "geometry": {"type": "Polygon", "coordinates": [[[55.2627392, 25.1778237], [55.2628268, 25.1779368], [55.2629321, 25.1778701], [55.2628445, 25.1777569], [55.2627392, 25.1778237]]]}}, {"type": "Feature", "properties": {"status": "existing", "bHeight": 12.0, "name": "", "levels": ""}, "geometry": {"type": "Polygon", "coordinates": [[[55.2623936, 25.1782011], [55.2624811, 25.1783153], [55.2626423, 25.1782142], [55.2625548, 25.1781], [55.2623936, 25.1782011]]]}}, {"type": "Feature", "properties": {"status": "existing", "bHeight": 12.0, "name": "", "levels": ""}, "geometry": {"type": "Polygon", "coordinates": [[[55.262266, 25.1780406], [55.2623524, 25.1781537], [55.2625589, 25.1780245], [55.2624725, 25.1779113], [55.262266, 25.1780406]]]}}, {"type": "Feature", "properties": {"status": "existing", "bHeight": 12.0, "name": "", "levels": ""}, "geometry": {"type": "Polygon", "coordinates": [[[55.2621056, 25.1784747], [55.2621459, 25.1785268], [55.262354, 25.1783948], [55.2623137, 25.1783428], [55.2621056, 25.1784747]]]}}, {"type": "Feature", "properties": {"status": "existing", "bHeight": 12.0, "name": "", "levels": ""}, "geometry": {"type": "Polygon", "coordinates": [[[55.2653618, 25.1777859], [55.2653907, 25.1778228], [55.265431, 25.1777969], [55.2654021, 25.17776], [55.2653618, 25.1777859]]]}}, {"type": "Feature", "properties": {"status": "existing", "bHeight": 12.0, "name": "", "levels": ""}, "geometry": {"type": "Polygon", "coordinates": [[[55.2651385, 25.1775775], [55.2651929, 25.1776481], [55.2652763, 25.1775954], [55.2652219, 25.1775249], [55.2651385, 25.1775775]]]}}, {"type": "Feature", "properties": {"status": "existing", "bHeight": 12.0, "name": "", "levels": ""}, "geometry": {"type": "Polygon", "coordinates": [[[55.2649822, 25.1779833], [55.2650084, 25.1780173], [55.2650459, 25.1779936], [55.2650197, 25.1779597], [55.2649822, 25.1779833]]]}}, {"type": "Feature", "properties": {"status": "existing", "bHeight": 12.0, "name": "", "levels": ""}, "geometry": {"type": "Polygon", "coordinates": [[[55.2644851, 25.1781871], [55.2645769, 25.1783056], [55.2649321, 25.1780803], [55.2648403, 25.1779618], [55.2644851, 25.1781871]]]}}, {"type": "Feature", "properties": {"status": "existing", "bHeight": 12.0, "name": "", "levels": ""}, "geometry": {"type": "Polygon", "coordinates": [[[55.2637462, 25.17871], [55.2638041, 25.178786], [55.2640353, 25.1786417], [55.2639774, 25.1785657], [55.2637462, 25.17871]]]}}, {"type": "Feature", "properties": {"status": "existing", "bHeight": 12.0, "name": "", "levels": ""}, "geometry": {"type": "Polygon", "coordinates": [[[55.2632512, 25.1790348], [55.26331, 25.179109], [55.2637655, 25.1788137], [55.2637067, 25.1787395], [55.2632512, 25.1790348]]]}}, {"type": "Feature", "properties": {"status": "existing", "bHeight": 12.0, "name": "", "levels": ""}, "geometry": {"type": "Polygon", "coordinates": [[[55.2630765, 25.179148], [55.2631326, 25.1792205], [55.2633016, 25.1791134], [55.2632455, 25.179041], [55.2630765, 25.179148]]]}}, {"type": "Feature", "properties": {"status": "existing", "bHeight": 12.0, "name": "", "levels": ""}, "geometry": {"type": "Polygon", "coordinates": [[[55.2772788, 25.1810126], [55.2773436, 25.1810013], [55.2773, 25.1807974], [55.2772352, 25.1808087], [55.2772788, 25.1810126]]]}}, {"type": "Feature", "properties": {"status": "existing", "bHeight": 64.6, "name": "Capital Business Courtyard", "levels": "19"}, "geometry": {"type": "Polygon", "coordinates": [[[55.2752476, 25.1799763], [55.275641, 25.1802587], [55.2759011, 25.1799572], [55.2757855, 25.1798793], [55.2757993, 25.1798633], [55.2756606, 25.1797679], [55.2756241, 25.1797736], [55.2755245, 25.1797064], [55.2752476, 25.1799763]]]}}, {"type": "Feature", "properties": {"status": "existing", "bHeight": 12.0, "name": "", "levels": ""}, "geometry": {"type": "Polygon", "coordinates": [[[55.269833, 25.1743203], [55.2699658, 25.1743434], [55.2699758, 25.1742959], [55.2698431, 25.1742728], [55.269833, 25.1743203]]]}}, {"type": "Feature", "properties": {"status": "existing", "bHeight": 12.0, "name": "", "levels": ""}, "geometry": {"type": "Polygon", "coordinates": [[[55.2689308, 25.1737265], [55.2689015, 25.1738551], [55.2691788, 25.1739067], [55.269208, 25.1737781], [55.2689308, 25.1737265]]]}}, {"type": "Feature", "properties": {"status": "existing", "bHeight": 12.0, "name": "", "levels": ""}, "geometry": {"type": "Polygon", "coordinates": [[[55.2685978, 25.1738009], [55.2688583, 25.1738476], [55.2688863, 25.17372], [55.2686258, 25.1736732], [55.2685978, 25.1738009]]]}}, {"type": "Feature", "properties": {"status": "existing", "bHeight": 12.0, "name": "", "levels": ""}, "geometry": {"type": "Polygon", "coordinates": [[[55.2686659, 25.1735772], [55.2687249, 25.1735866], [55.26873, 25.1735602], [55.268671, 25.1735508], [55.2686659, 25.1735772]]]}}, {"type": "Feature", "properties": {"status": "existing", "bHeight": 12.0, "name": "", "levels": ""}, "geometry": {"type": "Polygon", "coordinates": [[[55.2693691, 25.1736671], [55.2695877, 25.1737128], [55.2696089, 25.17363], [55.2693903, 25.1735842], [55.2693691, 25.1736671]]]}}, {"type": "Feature", "properties": {"status": "existing", "bHeight": 12.0, "name": "", "levels": ""}, "geometry": {"type": "Polygon", "coordinates": [[[55.2690958, 25.1736207], [55.2693275, 25.1736655], [55.2693469, 25.1735833], [55.2691152, 25.1735385], [55.2690958, 25.1736207]]]}}, {"type": "Feature", "properties": {"status": "existing", "bHeight": 12.0, "name": "", "levels": ""}, "geometry": {"type": "Polygon", "coordinates": [[[55.2688345, 25.1735709], [55.2690478, 25.1736097], [55.2690664, 25.173526], [55.2688531, 25.1734872], [55.2688345, 25.1735709]]]}}, {"type": "Feature", "properties": {"status": "existing", "bHeight": 12.0, "name": "", "levels": ""}, "geometry": {"type": "Polygon", "coordinates": [[[55.2694288, 25.1754452], [55.2694654, 25.1754509], [55.2694709, 25.1754221], [55.2694343, 25.1754164], [55.2694288, 25.1754452]]]}}, {"type": "Feature", "properties": {"status": "existing", "bHeight": 12.0, "name": "", "levels": ""}, "geometry": {"type": "Polygon", "coordinates": [[[55.269326, 25.1753817], [55.2693638, 25.1753817], [55.2693638, 25.1753523], [55.269326, 25.1753523], [55.269326, 25.1753817]]]}}, {"type": "Feature", "properties": {"status": "existing", "bHeight": 12.0, "name": "", "levels": ""}, "geometry": {"type": "Polygon", "coordinates": [[[55.2693771, 25.1753257], [55.2693705, 25.1753573], [55.2695015, 25.1753796], [55.269508, 25.175348], [55.2693771, 25.1753257]]]}}, {"type": "Feature", "properties": {"status": "existing", "bHeight": 12.0, "name": "", "levels": ""}, "geometry": {"type": "Polygon", "coordinates": [[[55.2693389, 25.1753191], [55.2693771, 25.1753257], [55.269508, 25.175348], [55.2695015, 25.1753796], [55.2694902, 25.1754338], [55.2695608, 25.1754459], [55.2695922, 25.1752947], [55.2693525, 25.1752538], [55.2693389, 25.1753191]]]}}, {"type": "Feature", "properties": {"status": "existing", "bHeight": 12.0, "name": "", "levels": ""}, "geometry": {"type": "Polygon", "coordinates": [[[55.2709932, 25.1746145], [55.2710452, 25.1746201], [55.2710482, 25.1745971], [55.2709961, 25.1745916], [55.2709932, 25.1746145]]]}}, {"type": "Feature", "properties": {"status": "existing", "bHeight": 12.0, "name": "", "levels": ""}, "geometry": {"type": "Polygon", "coordinates": [[[55.2709669, 25.1746256], [55.2709313, 25.174787], [55.2710042, 25.1748002], [55.2710398, 25.1746387], [55.2709669, 25.1746256]]]}}, {"type": "Feature", "properties": {"status": "existing", "bHeight": 12.0, "name": "", "levels": ""}, "geometry": {"type": "Polygon", "coordinates": [[[55.2699153, 25.1746414], [55.2704287, 25.1747377], [55.2704585, 25.174608], [55.269945, 25.1745117], [55.2699153, 25.1746414]]]}}, {"type": "Feature", "properties": {"status": "existing", "bHeight": 12.0, "name": "", "levels": ""}, "geometry": {"type": "Polygon", "coordinates": [[[55.2704603, 25.1751154], [55.2703618, 25.1755786], [55.2705081, 25.1756041], [55.2706067, 25.1751409], [55.2704603, 25.1751154]]]}}, {"type": "Feature", "properties": {"status": "existing", "bHeight": 12.0, "name": "", "levels": ""}, "geometry": {"type": "Polygon", "coordinates": [[[55.2696754, 25.1756803], [55.270187, 25.1757786], [55.2702182, 25.1756458], [55.2697066, 25.1755474], [55.2696754, 25.1756803]]]}}, {"type": "Feature", "properties": {"status": "existing", "bHeight": 12.0, "name": "", "levels": ""}, "geometry": {"type": "Polygon", "coordinates": [[[55.2697145, 25.175914], [55.2699071, 25.1759478], [55.2699354, 25.1758159], [55.2697428, 25.1757821], [55.2697145, 25.175914]]]}}, {"type": "Feature", "properties": {"status": "existing", "bHeight": 12.0, "name": "", "levels": ""}, "geometry": {"type": "Polygon", "coordinates": [[[55.2702114, 25.1759986], [55.2702051, 25.1760267], [55.270251, 25.1760352], [55.2702573, 25.1760071], [55.2702114, 25.1759986]]]}}, {"type": "Feature", "properties": {"status": "existing", "bHeight": 12.0, "name": "", "levels": ""}, "geometry": {"type": "Polygon", "coordinates": [[[55.2702262, 25.175887], [55.2702015, 25.1759968], [55.2702114, 25.1759986], [55.2702573, 25.1760071], [55.2702712, 25.1760096], [55.2702958, 25.1758998], [55.2702262, 25.175887]]]}}, {"type": "Feature", "properties": {"status": "existing", "bHeight": 12.0, "name": "", "levels": ""}, "geometry": {"type": "Polygon", "coordinates": [[[55.2704062, 25.176164], [55.2704736, 25.1761737], [55.2704871, 25.1760976], [55.2704196, 25.1760878], [55.2704062, 25.176164]]]}}, {"type": "Feature", "properties": {"status": "existing", "bHeight": 12.0, "name": "", "levels": ""}, "geometry": {"type": "Polygon", "coordinates": [[[55.2704441, 25.1763416], [55.2706308, 25.1763685], [55.2706604, 25.1762006], [55.2704736, 25.1761737], [55.2704441, 25.1763416]]]}}, {"type": "Feature", "properties": {"status": "existing", "bHeight": 12.0, "name": "", "levels": ""}, "geometry": {"type": "Polygon", "coordinates": [[[55.2703901, 25.1765108], [55.2704918, 25.1765282], [55.2705126, 25.1764283], [55.270411, 25.1764109], [55.2703901, 25.1765108]]]}}, {"type": "Feature", "properties": {"status": "existing", "bHeight": 12.0, "name": "", "levels": ""}, "geometry": {"type": "Polygon", "coordinates": [[[55.2707768, 25.1764935], [55.2709206, 25.1765229], [55.2709791, 25.1762616], [55.2708369, 25.1762318], [55.2707768, 25.1764935]]]}}, {"type": "Feature", "properties": {"status": "existing", "bHeight": 12.0, "name": "", "levels": ""}, "geometry": {"type": "Polygon", "coordinates": [[[55.2690431, 25.1758481], [55.2691044, 25.1758545], [55.2691071, 25.1758335], [55.2690457, 25.1758272], [55.2690431, 25.1758481]]]}}, {"type": "Feature", "properties": {"status": "existing", "bHeight": 12.0, "name": "", "levels": ""}, "geometry": {"type": "Polygon", "coordinates": [[[55.2691229, 25.1757774], [55.2694434, 25.1758372], [55.2694584, 25.1757712], [55.2691379, 25.1757115], [55.2691229, 25.1757774]]]}}, {"type": "Feature", "properties": {"status": "existing", "bHeight": 12.0, "name": "", "levels": ""}, "geometry": {"type": "Polygon", "coordinates": [[[55.2688935, 25.1757404], [55.2691014, 25.1757762], [55.2691163, 25.1757055], [55.2689084, 25.1756697], [55.2688935, 25.1757404]]]}}, {"type": "Feature", "properties": {"status": "existing", "bHeight": 12.0, "name": "", "levels": ""}, "geometry": {"type": "Polygon", "coordinates": [[[55.2686672, 25.1756943], [55.2688677, 25.1757285], [55.2688825, 25.1756577], [55.268682, 25.1756235], [55.2686672, 25.1756943]]]}}, {"type": "Feature", "properties": {"status": "existing", "bHeight": 12.0, "name": "", "levels": ""}, "geometry": {"type": "Polygon", "coordinates": [[[55.2683615, 25.1756448], [55.2686371, 25.1757012], [55.2686561, 25.175625], [55.2683805, 25.1755686], [55.2683615, 25.1756448]]]}}, {"type": "Feature", "properties": {"status": "existing", "bHeight": 12.0, "name": "", "levels": ""}, "geometry": {"type": "Polygon", "coordinates": [[[55.2682092, 25.1756318], [55.2683373, 25.1756539], [55.268352, 25.1755844], [55.2682239, 25.1755622], [55.2682092, 25.1756318]]]}}, {"type": "Feature", "properties": {"status": "existing", "bHeight": 12.0, "name": "", "levels": ""}, "geometry": {"type": "Polygon", "coordinates": [[[55.2686477, 25.1758215], [55.2688472, 25.1758482], [55.2688584, 25.1757795], [55.268659, 25.1757528], [55.2686477, 25.1758215]]]}}, {"type": "Feature", "properties": {"status": "existing", "bHeight": 12.0, "name": "", "levels": ""}, "geometry": {"type": "Polygon", "coordinates": [[[55.2683371, 25.1757715], [55.2686199, 25.175817], [55.2686353, 25.1757384], [55.2683525, 25.1756929], [55.2683371, 25.1757715]]]}}, {"type": "Feature", "properties": {"status": "existing", "bHeight": 12.0, "name": "", "levels": ""}, "geometry": {"type": "Polygon", "coordinates": [[[55.2681945, 25.1757472], [55.2683159, 25.1757639], [55.2683278, 25.1756927], [55.2682064, 25.175676], [55.2681945, 25.1757472]]]}}, {"type": "Feature", "properties": {"status": "existing", "bHeight": 12.0, "name": "", "levels": ""}, "geometry": {"type": "Polygon", "coordinates": [[[55.2699607, 25.1764522], [55.2700489, 25.1764674], [55.2700578, 25.1764249], [55.2699697, 25.1764097], [55.2699607, 25.1764522]]]}}, {"type": "Feature", "properties": {"status": "existing", "bHeight": 12.0, "name": "", "levels": ""}, "geometry": {"type": "Polygon", "coordinates": [[[55.2696983, 25.1763899], [55.2698331, 25.176411], [55.2698403, 25.1763729], [55.2697056, 25.1763519], [55.2696983, 25.1763899]]]}}, {"type": "Feature", "properties": {"status": "existing", "bHeight": 12.0, "name": "", "levels": ""}, "geometry": {"type": "Polygon", "coordinates": [[[55.2696157, 25.1763579], [55.2696083, 25.1763894], [55.2696697, 25.1764012], [55.2696771, 25.1763697], [55.2696157, 25.1763579]]]}}, {"type": "Feature", "properties": {"status": "existing", "bHeight": 12.0, "name": "", "levels": ""}, "geometry": {"type": "Polygon", "coordinates": [[[55.2694194, 25.1763555], [55.2694844, 25.1763563], [55.2694852, 25.1763078], [55.2694202, 25.176307], [55.2694194, 25.1763555]]]}}, {"type": "Feature", "properties": {"status": "existing", "bHeight": 12.0, "name": "", "levels": ""}, "geometry": {"type": "Polygon", "coordinates": [[[55.2695818, 25.1761348], [55.2700951, 25.176227], [55.2701233, 25.1760987], [55.26961, 25.1760065], [55.2695818, 25.1761348]]]}}, {"type": "Feature", "properties": {"status": "existing", "bHeight": 12.0, "name": "", "levels": ""}, "geometry": {"type": "Polygon", "coordinates": [[[55.2691701, 25.1760129], [55.2694038, 25.1760578], [55.2694375, 25.1759141], [55.2692038, 25.1758692], [55.2691701, 25.1760129]]]}}, {"type": "Feature", "properties": {"status": "existing", "bHeight": 12.0, "name": "", "levels": ""}, "geometry": {"type": "Polygon", "coordinates": [[[55.2691453, 25.1761705], [55.2693664, 25.1762136], [55.269382, 25.1761479], [55.2691609, 25.1761048], [55.2691453, 25.1761705]]]}}, {"type": "Feature", "properties": {"status": "existing", "bHeight": 12.0, "name": "", "levels": ""}, "geometry": {"type": "Polygon", "coordinates": [[[55.2689522, 25.1760984], [55.2690961, 25.1761257], [55.269152, 25.1758849], [55.269008, 25.1758575], [55.2689522, 25.1760984]]]}}, {"type": "Feature", "properties": {"status": "existing", "bHeight": 12.0, "name": "", "levels": ""}, "geometry": {"type": "Polygon", "coordinates": [[[55.2688788, 25.1759988], [55.2689706, 25.1760082], [55.268978, 25.1759492], [55.2688862, 25.1759398], [55.2688788, 25.1759988]]]}}, {"type": "Feature", "properties": {"status": "existing", "bHeight": 12.0, "name": "", "levels": ""}, "geometry": {"type": "Polygon", "coordinates": [[[55.2686428, 25.1761822], [55.2687997, 25.1762034], [55.2688178, 25.1760934], [55.2686609, 25.1760722], [55.2686428, 25.1761822]]]}}, {"type": "Feature", "properties": {"status": "existing", "bHeight": 12.0, "name": "", "levels": ""}, "geometry": {"type": "Polygon", "coordinates": [[[55.2682042, 25.175903], [55.2682558, 25.1758727], [55.2682322, 25.1758398], [55.2681806, 25.1758701], [55.2682042, 25.175903]]]}}, {"type": "Feature", "properties": {"status": "existing", "bHeight": 12.0, "name": "", "levels": ""}, "geometry": {"type": "Polygon", "coordinates": [[[55.2684428, 25.1760658], [55.2686091, 25.1760968], [55.2686297, 25.1760064], [55.2684635, 25.1759753], [55.2684428, 25.1760658]]]}}, {"type": "Feature", "properties": {"status": "existing", "bHeight": 12.0, "name": "", "levels": ""}, "geometry": {"type": "Polygon", "coordinates": [[[55.2686917, 25.1732941], [55.2686904, 25.1733212], [55.2686798, 25.1733466], [55.2686611, 25.1733678], [55.2686361, 25.1733828], [55.2686072, 25.17339], [55.2685773, 25.1733888], [55.2685492, 25.1733793], [55.2685258, 25.1733623], [55.2685092, 25.1733397], [55.2685013, 25.1733135], [55.2685026, 25.1732864], [55.2685131, 25.173261], [55.2685318, 25.1732398], [55.2685569, 25.1732249], [55.2685858, 25.1732177], [55.2686157, 25.1732189], [55.2686438, 25.1732284], [55.2686672, 25.1732453], [55.2686837, 25.173268], [55.2686917, 25.1732941]]]}}, {"type": "Feature", "properties": {"status": "existing", "bHeight": 12.0, "name": "", "levels": ""}, "geometry": {"type": "Polygon", "coordinates": [[[55.2700979, 25.1763072], [55.2701137, 25.1762819], [55.2701369, 25.1762616], [55.2701654, 25.1762481], [55.2702003, 25.1761173], [55.2703114, 25.1761411], [55.2702844, 25.1762733], [55.2703032, 25.1762969], [55.270314, 25.1763244], [55.2703158, 25.1763535], [55.2703084, 25.1763818], [55.2702925, 25.1764072], [55.2702694, 25.1764274], [55.2702409, 25.1764409], [55.2702093, 25.1764467], [55.2701773, 25.1764441], [55.2701473, 25.1764335], [55.2701219, 25.1764157], [55.270103, 25.1763921], [55.2700923, 25.1763646], [55.2700905, 25.1763355], [55.2700979, 25.1763072]]]}}, {"type": "Feature", "properties": {"status": "existing", "bHeight": 12.0, "name": "", "levels": ""}, "geometry": {"type": "Polygon", "coordinates": [[[55.2683407, 25.1746822], [55.2684011, 25.1746892], [55.2684081, 25.1746397], [55.2683477, 25.1746327], [55.2683407, 25.1746822]]]}}, {"type": "Feature", "properties": {"status": "existing", "bHeight": 12.0, "name": "", "levels": ""}, "geometry": {"type": "Polygon", "coordinates": [[[55.2682971, 25.1759605], [55.2682976, 25.1759941], [55.2683345, 25.1759937], [55.268334, 25.1759601], [55.2682971, 25.1759605]]]}}, {"type": "Feature", "properties": {"status": "existing", "bHeight": 12.0, "name": "", "levels": ""}, "geometry": {"type": "Polygon", "coordinates": [[[55.2700441, 25.1759257], [55.2700424, 25.1759567], [55.2700879, 25.1759587], [55.2700896, 25.1759277], [55.2700441, 25.1759257]]]}}, {"type": "Feature", "properties": {"status": "existing", "bHeight": 12.0, "name": "", "levels": ""}, "geometry": {"type": "Polygon", "coordinates": [[[55.2703071, 25.1765141], [55.2703647, 25.1765202], [55.2704435, 25.176184], [55.2703858, 25.1761798], [55.2703071, 25.1765141]]]}}, {"type": "Feature", "properties": {"status": "existing", "bHeight": 12.0, "name": "", "levels": ""}, "geometry": {"type": "Polygon", "coordinates": [[[55.2696469, 25.1753503], [55.2696674, 25.1753515], [55.2696703, 25.1753114], [55.2696498, 25.1753102], [55.2696469, 25.1753503]]]}}, {"type": "Feature", "properties": {"status": "existing", "bHeight": 12.0, "name": "", "levels": ""}, "geometry": {"type": "Polygon", "coordinates": [[[55.2699891, 25.1747724], [55.2700238, 25.1747738], [55.270025, 25.1747482], [55.2699903, 25.1747468], [55.2699891, 25.1747724]]]}}, {"type": "Feature", "properties": {"status": "existing", "bHeight": 12.0, "name": "", "levels": ""}, "geometry": {"type": "Polygon", "coordinates": [[[55.2628679, 25.1774716], [55.2629196, 25.177533], [55.262991, 25.1774839], [55.2629393, 25.1774224], [55.2628679, 25.1774716]]]}}, {"type": "Feature", "properties": {"status": "existing", "bHeight": 12.0, "name": "", "levels": ""}, "geometry": {"type": "Polygon", "coordinates": [[[55.2628057, 25.1775144], [55.2628574, 25.1775759], [55.2629196, 25.177533], [55.2628679, 25.1774716], [55.2628057, 25.1775144]]]}}, {"type": "Feature", "properties": {"status": "existing", "bHeight": 12.0, "name": "", "levels": ""}, "geometry": {"type": "Polygon", "coordinates": [[[55.2620835, 25.1780351], [55.2621067, 25.1780189], [55.2620839, 25.1779922], [55.2620607, 25.1780084], [55.2620835, 25.1780351]]]}}, {"type": "Feature", "properties": {"status": "existing", "bHeight": 12.0, "name": "", "levels": ""}, "geometry": {"type": "Polygon", "coordinates": [[[55.2620607, 25.1780084], [55.2620363, 25.1780255], [55.2620591, 25.1780522], [55.2620835, 25.1780351], [55.2620607, 25.1780084]]]}}, {"type": "Feature", "properties": {"status": "existing", "bHeight": 12.0, "name": "", "levels": ""}, "geometry": {"type": "Polygon", "coordinates": [[[55.2620363, 25.1780255], [55.2620149, 25.1780405], [55.2620378, 25.1780672], [55.2620591, 25.1780522], [55.2620363, 25.1780255]]]}}, {"type": "Feature", "properties": {"status": "existing", "bHeight": 12.0, "name": "", "levels": ""}, "geometry": {"type": "Polygon", "coordinates": [[[55.2620149, 25.1780405], [55.2619959, 25.1780538], [55.2620187, 25.1780805], [55.2620378, 25.1780672], [55.2620149, 25.1780405]]]}}, {"type": "Feature", "properties": {"status": "existing", "bHeight": 12.0, "name": "", "levels": ""}, "geometry": {"type": "Polygon", "coordinates": [[[55.2615116, 25.180075], [55.2615453, 25.180075], [55.2615453, 25.1800407], [55.2615116, 25.1800407], [55.2615116, 25.180075]]]}}, {"type": "Feature", "properties": {"status": "existing", "bHeight": 12.0, "name": "", "levels": ""}, "geometry": {"type": "Polygon", "coordinates": [[[55.2588552, 25.1754442], [55.2588782, 25.1754678], [55.2589041, 25.1754472], [55.2588811, 25.1754236], [55.2588552, 25.1754442]]]}}, {"type": "Feature", "properties": {"status": "existing", "bHeight": 12.0, "name": "", "levels": ""}, "geometry": {"type": "Polygon", "coordinates": [[[55.2587818, 25.1755433], [55.2588082, 25.17557], [55.2588285, 25.1755536], [55.2588021, 25.1755269], [55.2587818, 25.1755433]]]}}, {"type": "Feature", "properties": {"status": "existing", "bHeight": 12.0, "name": "", "levels": ""}, "geometry": {"type": "Polygon", "coordinates": [[[55.2579554, 25.1757558], [55.2579975, 25.1757242], [55.2579302, 25.1756509], [55.2578882, 25.1756825], [55.2579554, 25.1757558]]]}}, {"type": "Feature", "properties": {"status": "existing", "bHeight": 12.0, "name": "", "levels": ""}, "geometry": {"type": "Polygon", "coordinates": [[[55.2580069, 25.1758018], [55.2580317, 25.1757801], [55.2580069, 25.1757571], [55.2579822, 25.1757788], [55.2580069, 25.1758018]]]}}, {"type": "Feature", "properties": {"status": "existing", "bHeight": 12.0, "name": "", "levels": ""}, "geometry": {"type": "Polygon", "coordinates": [[[55.2580612, 25.1758932], [55.2581087, 25.1758557], [55.2580579, 25.1758029], [55.2580104, 25.1758403], [55.2580612, 25.1758932]]]}}, {"type": "Feature", "properties": {"status": "existing", "bHeight": 12.0, "name": "", "levels": ""}, "geometry": {"type": "Polygon", "coordinates": [[[55.2576565, 25.1773025], [55.257815, 25.1771887], [55.2577902, 25.1771604], [55.2576317, 25.1772742], [55.2576565, 25.1773025]]]}}, {"type": "Feature", "properties": {"status": "existing", "bHeight": 12.0, "name": "", "levels": ""}, "geometry": {"type": "Polygon", "coordinates": [[[55.2579897, 25.1770918], [55.258036, 25.1770597], [55.2580038, 25.1770218], [55.2579576, 25.177054], [55.2579897, 25.1770918]]]}}, {"type": "Feature", "properties": {"status": "existing", "bHeight": 12.0, "name": "", "levels": ""}, "geometry": {"type": "Polygon", "coordinates": [[[55.2583503, 25.1772961], [55.2584033, 25.1772587], [55.2583604, 25.177209], [55.2583075, 25.1772464], [55.2583503, 25.1772961]]]}}, {"type": "Feature", "properties": {"status": "existing", "bHeight": 12.0, "name": "", "levels": ""}, "geometry": {"type": "Polygon", "coordinates": [[[55.2606534, 25.1781024], [55.2607016, 25.1780683], [55.2606738, 25.1780363], [55.2606257, 25.1780704], [55.2606534, 25.1781024]]]}}, {"type": "Feature", "properties": {"status": "existing", "bHeight": 12.0, "name": "", "levels": ""}, "geometry": {"type": "Polygon", "coordinates": [[[55.2618083, 25.1780618], [55.2619326, 25.1779819], [55.2618914, 25.1779293], [55.2617671, 25.1780091], [55.2618083, 25.1780618]]]}}, {"type": "Feature", "properties": {"status": "existing", "bHeight": 12.0, "name": "", "levels": ""}, "geometry": {"type": "Polygon", "coordinates": [[[55.2626111, 25.1795856], [55.2626424, 25.1795631], [55.2626281, 25.1795468], [55.2625968, 25.1795693], [55.2626111, 25.1795856]]]}}, {"type": "Feature", "properties": {"status": "existing", "bHeight": 12.0, "name": "", "levels": ""}, "geometry": {"type": "Polygon", "coordinates": [[[55.2602266, 25.1736402], [55.2602777, 25.1736083], [55.2602388, 25.1735573], [55.2601877, 25.1735892], [55.2602266, 25.1736402]]]}}, {"type": "Feature", "properties": {"status": "existing", "bHeight": 85.0, "name": "Hotel Indigo Dubai Downtown", "levels": "", "height_source": "osm_geom", "height_basis": "osm height · 48% of this footprint"}, "geometry": {"type": "Polygon", "coordinates": [[[55.2872005, 25.1929447], [55.2871844, 25.1927718], [55.2870146, 25.1927181], [55.2868699, 25.1926723], [55.2868417, 25.1926541], [55.2868196, 25.1926346], [55.2867975, 25.1926077], [55.2868887, 25.1926061], [55.2870307, 25.1926037], [55.2870287, 25.1924404], [55.2866565, 25.1924441], [55.286617, 25.1924526], [55.2865814, 25.1924683], [55.2864553, 25.1925503], [55.286572, 25.1926765], [55.2866238, 25.1927342], [55.286654, 25.1927554], [55.2866922, 25.1927754], [55.287032, 25.1928886], [55.2872005, 25.1929447]]]}}, {"type": "Feature", "properties": {"status": "existing", "bHeight": 12.0, "name": "", "levels": ""}, "geometry": {"type": "Polygon", "coordinates": [[[55.270586, 25.1891256], [55.2706276, 25.1892688], [55.2707466, 25.1892406], [55.270705, 25.1890974], [55.270586, 25.1891256]]]}}, {"type": "Feature", "properties": {"status": "existing", "bHeight": 100.0, "name": "", "levels": "23"}, "geometry": {"type": "Polygon", "coordinates": [[[55.2720997, 25.1866798], [55.2721467, 25.1867368], [55.2721149, 25.1867582], [55.2721947, 25.1868549], [55.2722353, 25.1868274], [55.2722645, 25.1868627], [55.272649, 25.186603], [55.2726043, 25.1865488], [55.27257, 25.186572], [55.2725259, 25.1865186], [55.2725796, 25.1864823], [55.2725125, 25.1864009], [55.2720997, 25.1866798]]]}}, {"type": "Feature", "properties": {"status": "existing", "bHeight": 12.0, "name": "", "levels": ""}, "geometry": {"type": "Polygon", "coordinates": [[[55.2682599, 25.1805969], [55.2683145, 25.180604], [55.2683309, 25.1804992], [55.2682763, 25.1804922], [55.2682599, 25.1805969]]]}}, {"type": "Feature", "properties": {"status": "existing", "bHeight": 12.0, "name": "", "levels": ""}, "geometry": {"type": "Polygon", "coordinates": [[[55.2681586, 25.1808257], [55.2682469, 25.180837], [55.2682739, 25.1806643], [55.2681857, 25.180653], [55.2681586, 25.1808257]]]}}, {"type": "Feature", "properties": {"status": "existing", "bHeight": 12.0, "name": "", "levels": ""}, "geometry": {"type": "Polygon", "coordinates": [[[55.2677697, 25.1808682], [55.2681667, 25.1809192], [55.2681784, 25.1808445], [55.2677814, 25.1807936], [55.2677697, 25.1808682]]]}}, {"type": "Feature", "properties": {"status": "existing", "bHeight": 12.0, "name": "", "levels": ""}, "geometry": {"type": "Polygon", "coordinates": [[[55.2677912, 25.1807245], [55.2678805, 25.1807442], [55.2679725, 25.180402], [55.2678832, 25.1803824], [55.2677912, 25.1807245]]]}}, {"type": "Feature", "properties": {"status": "existing", "bHeight": 12.0, "name": "", "levels": ""}, "geometry": {"type": "Polygon", "coordinates": [[[55.2606567, 25.1882368], [55.2606348, 25.1882542], [55.2606698, 25.1882902], [55.2607441, 25.188231], [55.2607091, 25.188195], [55.2606936, 25.1882074], [55.2606567, 25.1882368]]]}}, {"type": "Feature", "properties": {"status": "existing", "bHeight": 12.0, "name": "", "levels": ""}, "geometry": {"type": "Polygon", "coordinates": [[[55.2606028, 25.1881814], [55.2606567, 25.1882368], [55.2606936, 25.1882074], [55.2606397, 25.188152], [55.2606028, 25.1881814]]]}}, {"type": "Feature", "properties": {"status": "existing", "bHeight": 12.0, "name": "", "levels": ""}, "geometry": {"type": "Polygon", "coordinates": [[[55.2605721, 25.1881399], [55.2605999, 25.1881647], [55.2606224, 25.1881441], [55.2605946, 25.1881193], [55.2605721, 25.1881399]]]}}, {"type": "Feature", "properties": {"status": "existing", "bHeight": 38.2, "name": "", "levels": "11", "height_source": "osm_geom", "height_basis": "osm levels 11 · 100% of this footprint"}, "geometry": {"type": "Polygon", "coordinates": [[[55.2568729, 25.1869044], [55.2571331, 25.1871726], [55.2576693, 25.1867811], [55.2573878, 25.1864946], [55.2568729, 25.1869044]]]}}, {"type": "Feature", "properties": {"status": "existing", "bHeight": 12.0, "name": "", "levels": ""}, "geometry": {"type": "Polygon", "coordinates": [[[55.254896, 25.1780673], [55.2549168, 25.17809], [55.2549346, 25.1780767], [55.2549138, 25.1780539], [55.254896, 25.1780673]]]}}, {"type": "Feature", "properties": {"status": "existing", "bHeight": 12.0, "name": "", "levels": ""}, "geometry": {"type": "Polygon", "coordinates": [[[55.2549763, 25.1781555], [55.2550018, 25.1781834], [55.2550215, 25.1781686], [55.254996, 25.1781407], [55.2549763, 25.1781555]]]}}, {"type": "Feature", "properties": {"status": "existing", "bHeight": 12.0, "name": "", "levels": ""}, "geometry": {"type": "Polygon", "coordinates": [[[55.2562623, 25.1778643], [55.2562947, 25.1779024], [55.2563414, 25.1778699], [55.256309, 25.1778318], [55.2562623, 25.1778643]]]}}, {"type": "Feature", "properties": {"status": "existing", "bHeight": 12.0, "name": "", "levels": ""}, "geometry": {"type": "Polygon", "coordinates": [[[55.2537436, 25.1783675], [55.2537708, 25.1783959], [55.2538164, 25.1783614], [55.2537885, 25.1783322], [55.2537436, 25.1783675]]]}}, {"type": "Feature", "properties": {"status": "existing", "bHeight": 12.0, "name": "", "levels": ""}, "geometry": {"type": "Polygon", "coordinates": [[[55.2533239, 25.1786392], [55.253351, 25.1786679], [55.2533757, 25.1786489], [55.2533486, 25.1786201], [55.2533239, 25.1786392]]]}}, {"type": "Feature", "properties": {"status": "existing", "bHeight": 12.0, "name": "", "levels": ""}, "geometry": {"type": "Polygon", "coordinates": [[[55.2533434, 25.1786092], [55.2533864, 25.178651], [55.2534288, 25.1786153], [55.2533858, 25.1785735], [55.2533434, 25.1786092]]]}}, {"type": "Feature", "properties": {"status": "existing", "bHeight": 12.0, "name": "", "levels": ""}, "geometry": {"type": "Polygon", "coordinates": [[[55.2543325, 25.1787015], [55.2543609, 25.1787331], [55.2544183, 25.1786908], [55.2543899, 25.1786592], [55.2543325, 25.1787015]]]}}, {"type": "Feature", "properties": {"status": "existing", "bHeight": 12.0, "name": "", "levels": ""}, "geometry": {"type": "Polygon", "coordinates": [[[55.2542263, 25.1785949], [55.2543022, 25.1786808], [55.254359, 25.1786396], [55.2542831, 25.1785538], [55.2542263, 25.1785949]]]}}, {"type": "Feature", "properties": {"status": "existing", "bHeight": 12.0, "name": "", "levels": ""}, "geometry": {"type": "Polygon", "coordinates": [[[55.2540494, 25.1784087], [55.2541497, 25.1785212], [55.2542044, 25.1784813], [55.2541041, 25.1783688], [55.2540494, 25.1784087]]]}}, {"type": "Feature", "properties": {"status": "existing", "bHeight": 12.0, "name": "", "levels": ""}, "geometry": {"type": "Polygon", "coordinates": [[[55.2536739, 25.1786998], [55.2539607, 25.1790159], [55.2542695, 25.1787864], [55.2540453, 25.1785393], [55.2539837, 25.1785851], [55.2539211, 25.1785161], [55.2536739, 25.1786998]]]}}, {"type": "Feature", "properties": {"status": "existing", "bHeight": 12.0, "name": "", "levels": ""}, "geometry": {"type": "Polygon", "coordinates": [[[55.2526826, 25.1796369], [55.2527114, 25.1796645], [55.2527301, 25.1796485], [55.2527013, 25.1796209], [55.2526826, 25.1796369]]]}}, {"type": "Feature", "properties": {"status": "existing", "bHeight": 12.0, "name": "", "levels": ""}, "geometry": {"type": "Polygon", "coordinates": [[[55.2527445, 25.1797225], [55.2528354, 25.179816], [55.2528703, 25.1797882], [55.2527794, 25.1796946], [55.2527445, 25.1797225]]]}}, {"type": "Feature", "properties": {"status": "existing", "bHeight": 12.0, "name": "", "levels": ""}, "geometry": {"type": "Polygon", "coordinates": [[[55.2531663, 25.1801595], [55.2531866, 25.1801799], [55.2532303, 25.1801443], [55.25321, 25.1801239], [55.2531663, 25.1801595]]]}}, {"type": "Feature", "properties": {"status": "existing", "bHeight": 12.0, "name": "", "levels": ""}, "geometry": {"type": "Polygon", "coordinates": [[[55.2536036, 25.1806491], [55.2536254, 25.1806695], [55.2536521, 25.180646], [55.2536303, 25.1806257], [55.2536036, 25.1806491]]]}}, {"type": "Feature", "properties": {"status": "existing", "bHeight": 12.0, "name": "", "levels": ""}, "geometry": {"type": "Polygon", "coordinates": [[[55.2536375, 25.1807009], [55.2536676, 25.1807358], [55.2536978, 25.1807144], [55.2536677, 25.1806795], [55.2536375, 25.1807009]]]}}, {"type": "Feature", "properties": {"status": "existing", "bHeight": 12.0, "name": "", "levels": ""}, "geometry": {"type": "Polygon", "coordinates": [[[55.2538102, 25.1801731], [55.2538341, 25.1801983], [55.2538824, 25.1801609], [55.2538586, 25.1801357], [55.2538102, 25.1801731]]]}}, {"type": "Feature", "properties": {"status": "existing", "bHeight": 12.0, "name": "", "levels": ""}, "geometry": {"type": "Polygon", "coordinates": [[[55.2538014, 25.1801717], [55.2538608, 25.1801272], [55.2538325, 25.1800963], [55.2537732, 25.1801408], [55.2538014, 25.1801717]]]}}, {"type": "Feature", "properties": {"status": "existing", "bHeight": 12.0, "name": "", "levels": ""}, "geometry": {"type": "Polygon", "coordinates": [[[55.2537732, 25.1801408], [55.2537438, 25.1801628], [55.253772, 25.1801937], [55.2538014, 25.1801717], [55.2537732, 25.1801408]]]}}, {"type": "Feature", "properties": {"status": "existing", "bHeight": 12.0, "name": "", "levels": ""}, "geometry": {"type": "Polygon", "coordinates": [[[55.2537782, 25.1800119], [55.2537459, 25.1799763], [55.2537057, 25.1800061], [55.253738, 25.1800417], [55.2537782, 25.1800119]]]}}, {"type": "Feature", "properties": {"status": "existing", "bHeight": 12.0, "name": "", "levels": ""}, "geometry": {"type": "Polygon", "coordinates": [[[55.253738, 25.1800417], [55.2537543, 25.1800597], [55.2537944, 25.1800299], [55.2537782, 25.1800119], [55.253738, 25.1800417]]]}}, {"type": "Feature", "properties": {"status": "existing", "bHeight": 12.0, "name": "", "levels": ""}, "geometry": {"type": "Polygon", "coordinates": [[[55.2537464, 25.1801219], [55.2537748, 25.1800975], [55.2537443, 25.1800684], [55.2537159, 25.1800928], [55.2537464, 25.1801219]]]}}, {"type": "Feature", "properties": {"status": "existing", "bHeight": 12.0, "name": "", "levels": ""}, "geometry": {"type": "Polygon", "coordinates": [[[55.2537159, 25.1800928], [55.2536655, 25.1801361], [55.2536961, 25.1801652], [55.2537464, 25.1801219], [55.2537159, 25.1800928]]]}}, {"type": "Feature", "properties": {"status": "existing", "bHeight": 12.0, "name": "", "levels": ""}, "geometry": {"type": "Polygon", "coordinates": [[[55.2533495, 25.1797843], [55.2535099, 25.1799662], [55.2536654, 25.1798539], [55.253505, 25.179672], [55.2533495, 25.1797843]]]}}, {"type": "Feature", "properties": {"status": "existing", "bHeight": 12.0, "name": "", "levels": ""}, "geometry": {"type": "Polygon", "coordinates": [[[55.2559593, 25.1763229], [55.2559984, 25.176366], [55.2560189, 25.1763508], [55.2559798, 25.1763077], [55.2559593, 25.1763229]]]}}, {"type": "Feature", "properties": {"status": "existing", "bHeight": 12.0, "name": "", "levels": ""}, "geometry": {"type": "Polygon", "coordinates": [[[55.2556811, 25.1775432], [55.2557272, 25.1775978], [55.2557503, 25.1775819], [55.2557042, 25.1775272], [55.2556811, 25.1775432]]]}}, {"type": "Feature", "properties": {"status": "existing", "bHeight": 12.0, "name": "", "levels": ""}, "geometry": {"type": "Polygon", "coordinates": [[[55.2626554, 25.1838228], [55.2626889, 25.1838495], [55.2627107, 25.1838271], [55.2626772, 25.1838004], [55.2626554, 25.1838228]]]}}, {"type": "Feature", "properties": {"status": "existing", "bHeight": 15.8, "name": "", "levels": "4", "height_source": "osm_geom", "height_basis": "osm levels 4 · 100% of this footprint"}, "geometry": {"type": "Polygon", "coordinates": [[[55.2620803, 25.1829293], [55.2620825, 25.1829475], [55.2620836, 25.1829719], [55.2620885, 25.1829939], [55.2620922, 25.1830265], [55.2620968, 25.1830537], [55.2621065, 25.1831449], [55.2621666, 25.1831389], [55.2621465, 25.1829876], [55.2621404, 25.1829233], [55.2620803, 25.1829293]]]}}, {"type": "Feature", "properties": {"status": "existing", "bHeight": 12.0, "name": "", "levels": ""}, "geometry": {"type": "Polygon", "coordinates": [[[55.260563, 25.1847027], [55.2608476, 25.1845969], [55.260803, 25.1844987], [55.2605185, 25.1846046], [55.260563, 25.1847027]]]}}, {"type": "Feature", "properties": {"status": "existing", "bHeight": 12.0, "name": "", "levels": ""}, "geometry": {"type": "Polygon", "coordinates": [[[55.2676114, 25.1861111], [55.2676431, 25.18615], [55.2676813, 25.1861245], [55.2676497, 25.1860856], [55.2676114, 25.1861111]]]}}, {"type": "Feature", "properties": {"status": "existing", "bHeight": 12.0, "name": "", "levels": ""}, "geometry": {"type": "Polygon", "coordinates": [[[55.2675484, 25.1861348], [55.2675785, 25.1861801], [55.2676153, 25.1861601], [55.2675853, 25.1861147], [55.2675484, 25.1861348]]]}}, {"type": "Feature", "properties": {"status": "existing", "bHeight": 12.0, "name": "", "levels": ""}, "geometry": {"type": "Polygon", "coordinates": [[[55.2674834, 25.1865231], [55.2675132, 25.1865597], [55.2675571, 25.1865304], [55.2675219, 25.1864932], [55.2674834, 25.1865231]]]}}, {"type": "Feature", "properties": {"status": "existing", "bHeight": 15.0, "name": "One Waterfront", "levels": ""}, "geometry": {"type": "Polygon", "coordinates": [[[55.2652875, 25.1834735], [55.2659125, 25.1841434], [55.2660627, 25.1840286], [55.2658288, 25.1837779], [55.2654377, 25.1833587], [55.2652875, 25.1834735]]]}}, {"type": "Feature", "properties": {"status": "existing", "bHeight": 130.0, "name": "One", "levels": "", "height_source": "osm_geom", "height_basis": "osm height · 24% of this footprint"}, "geometry": {"type": "Polygon", "coordinates": [[[55.2663547, 25.185132], [55.2666831, 25.184885], [55.2665881, 25.1847824], [55.2666746, 25.1847218], [55.2663779, 25.1843908], [55.2662857, 25.1842881], [55.2661829, 25.1843736], [55.2661317, 25.1843178], [55.2658607, 25.184509], [55.2659076, 25.1845621], [55.2658605, 25.1845962], [55.2662041, 25.184969], [55.2663547, 25.185132]]]}}, {"type": "Feature", "properties": {"status": "existing", "bHeight": 12.0, "name": "", "levels": ""}, "geometry": {"type": "Polygon", "coordinates": [[[55.2630222, 25.1875195], [55.2630446, 25.1875434], [55.2630765, 25.187519], [55.2630541, 25.187495], [55.2630222, 25.1875195]]]}}, {"type": "Feature", "properties": {"status": "existing", "bHeight": 12.0, "name": "", "levels": ""}, "geometry": {"type": "Polygon", "coordinates": [[[55.2629813, 25.1875531], [55.2630021, 25.1875753], [55.2630345, 25.1875504], [55.2630137, 25.1875282], [55.2629813, 25.1875531]]]}}, {"type": "Feature", "properties": {"status": "existing", "bHeight": 12.0, "name": "", "levels": ""}, "geometry": {"type": "Polygon", "coordinates": [[[55.2629394, 25.1875841], [55.2629578, 25.1876071], [55.2629902, 25.1875859], [55.2629718, 25.1875629], [55.2629394, 25.1875841]]]}}, {"type": "Feature", "properties": {"status": "existing", "bHeight": 12.0, "name": "", "levels": ""}, "geometry": {"type": "Polygon", "coordinates": [[[55.2633926, 25.1872972], [55.2634573, 25.1872537], [55.2634297, 25.1872202], [55.2633651, 25.1872637], [55.2633926, 25.1872972]]]}}, {"type": "Feature", "properties": {"status": "existing", "bHeight": 12.0, "name": "", "levels": ""}, "geometry": {"type": "Polygon", "coordinates": [[[55.2631771, 25.1873223], [55.263279, 25.1874357], [55.263419, 25.1873327], [55.2633171, 25.1872193], [55.2631771, 25.1873223]]]}}, {"type": "Feature", "properties": {"status": "existing", "bHeight": 258.0, "name": "Paramount Hotel Midtown", "levels": "63"}, "geometry": {"type": "Polygon", "coordinates": [[[55.2649319, 25.1932772], [55.2655381, 25.1936777], [55.2656786, 25.1935406], [55.2652789, 25.1929727], [55.2649319, 25.1932772]]]}}, {"type": "Feature", "properties": {"status": "existing", "bHeight": 12.0, "name": "", "levels": ""}, "geometry": {"type": "Polygon", "coordinates": [[[55.2537283, 25.1812213], [55.2537565, 25.1811991], [55.2537255, 25.1811668], [55.2537039, 25.1811444], [55.2536757, 25.1811666], [55.2537283, 25.1812213]]]}}, {"type": "Feature", "properties": {"status": "existing", "bHeight": 20.0, "name": "The DXB Night Club", "levels": ""}, "geometry": {"type": "Polygon", "coordinates": [[[55.2558891, 25.1841433], [55.2568538, 25.183407], [55.2568232, 25.1833743], [55.2557745, 25.1822489], [55.2548282, 25.1829724], [55.2548098, 25.1829852], [55.2558891, 25.1841433]]]}}, {"type": "Feature", "properties": {"status": "existing", "bHeight": 12.0, "name": "girgish | the everything agency", "levels": ""}, "geometry": {"type": "Polygon", "coordinates": [[[55.2717789, 25.1886243], [55.2716793, 25.1886685], [55.2716316, 25.1885737], [55.2717444, 25.1885296], [55.2717789, 25.1886243]]]}}, {"type": "Feature", "properties": {"status": "existing", "bHeight": 110.0, "name": "Vera Residences", "levels": "", "height_source": "osm_geom", "height_basis": "osm height · 28% of this footprint"}, "geometry": {"type": "Polygon", "coordinates": [[[55.282696, 25.1875024], [55.2831598, 25.1873214], [55.2831103, 25.1872152], [55.2830406, 25.1870532], [55.2829825, 25.1869533], [55.2828859, 25.1867761], [55.2827105, 25.1865079], [55.2826613, 25.1865298], [55.2826372, 25.1864885], [55.2822688, 25.1867278], [55.2826517, 25.1874092], [55.282696, 25.1875024]]]}}, {"type": "Feature", "properties": {"status": "existing", "bHeight": 15.0, "name": "", "levels": "3"}, "geometry": {"type": "Polygon", "coordinates": [[[55.2700227, 25.1892203], [55.2706826, 25.1890601], [55.2704653, 25.1883563], [55.2700281, 25.1884291], [55.2700575, 25.1885796], [55.2698756, 25.1886059], [55.2700227, 25.1892203]]]}}, {"type": "Feature", "properties": {"status": "existing", "bHeight": 110.0, "name": "", "levels": ""}, "geometry": {"type": "Polygon", "coordinates": [[[55.2613154, 25.1844193], [55.2613862, 25.1844002], [55.2614451, 25.1843837], [55.2614234, 25.1843225], [55.2616791, 25.1842554], [55.2619054, 25.1843765], [55.2620457, 25.1848278], [55.2618086, 25.1848987], [55.2618301, 25.184957], [55.2616001, 25.1850238], [55.2615489, 25.1850386], [55.2613154, 25.1844193]]]}}, {"type": "Feature", "properties": {"status": "existing", "bHeight": 8.0, "name": "Bay Avenue ​Mall", "levels": "2"}, "geometry": {"type": "Polygon", "coordinates": [[[55.2662177, 25.1927711], [55.2660849, 25.1926583], [55.2660703, 25.1924871], [55.2660448, 25.1921348], [55.2659939, 25.1917923], [55.2659612, 25.1914927], [55.2657936, 25.1911084], [55.2655027, 25.1907486], [55.2649969, 25.1903074], [55.2646258, 25.1900701], [55.2644178, 25.1899677], [55.2638612, 25.1898606], [55.2635736, 25.1898053], [55.2633724, 25.189736], [55.2630127, 25.1893519], [55.2633074, 25.1891259], [55.2639534, 25.1885908], [55.2642512, 25.1884086], [55.2643548, 25.1883315], [55.2644552, 25.188442], [55.2646665, 25.1886744], [55.2646213, 25.188708], [55.2646674, 25.1887587], [55.2647511, 25.1886964], [55.2648755, 25.1888332], [55.2647961, 25.1888923], [55.2648666, 25.1889699], [55.2649919, 25.1890991], [55.2650592, 25.1891725], [55.2650922, 25.1891477], [55.2655856, 25.1896861], [55.2656372, 25.1897412], [55.2659482, 25.1900865], [55.2659206, 25.1901069], [55.2660162, 25.1902131], [55.2660519, 25.1901868], [55.2662144, 25.1903672], [55.2663263, 25.1905312], [55.2664503, 25.1906623], [55.266623, 25.1907895], [55.2671026, 25.1912974], [55.2670473, 25.1913402], [55.267142, 25.1914405], [55.2672009, 25.1913951], [55.2673167, 25.1915177], [55.2672837, 25.1915432], [55.2675748, 25.1918514], [55.2677891, 25.1920586], [55.2677122, 25.1921174], [55.2675675, 25.1922282], [55.2671461, 25.1925594], [55.2667449, 25.1927791], [55.2664393, 25.1930106], [55.2662177, 25.1927711]]]}}, {"type": "Feature", "properties": {"status": "existing", "bHeight": 170.0, "name": "", "levels": "42"}, "geometry": {"type": "Polygon", "coordinates": [[[55.2583592, 25.1878167], [55.2581848, 25.1879472], [55.2580103, 25.1880777], [55.2577671, 25.1878115], [55.2581162, 25.1875505], [55.2583592, 25.1878167]]]}}, {"type": "Feature", "properties": {"status": "existing", "bHeight": 67.0, "name": "", "levels": "", "height_source": "osm_geom", "height_basis": "osm levels 20 (stated height implausible for the floor count) · 32% of this footprint"}, "geometry": {"type": "Polygon", "coordinates": [[[55.2798793, 25.1817403], [55.2797762, 25.1817202], [55.2797854, 25.181675], [55.2794449, 25.1816185], [55.2794343, 25.1816709], [55.2793617, 25.1816588], [55.2792891, 25.1820605], [55.2797993, 25.1821344], [55.2798793, 25.1817403]]]}}, {"type": "Feature", "properties": {"status": "existing", "bHeight": 100.0, "name": "", "levels": "", "height_source": "osm_geom", "height_basis": "osm height · 62% of this footprint"}, "geometry": {"type": "Polygon", "coordinates": [[[55.2793252, 25.1816557], [55.2792631, 25.1816445], [55.2792645, 25.1815983], [55.2789777, 25.1815709], [55.2789708, 25.1816233], [55.2788853, 25.1816146], [55.2788385, 25.1820126], [55.2792602, 25.1820594], [55.2793252, 25.1816557]]]}}, {"type": "Feature", "properties": {"status": "existing", "bHeight": 80.0, "name": "", "levels": "", "height_source": "osm_geom", "height_basis": "osm height · 38% of this footprint"}, "geometry": {"type": "Polygon", "coordinates": [[[55.2787778, 25.1820064], [55.278804, 25.1815958], [55.2786854, 25.1815834], [55.2786868, 25.1815409], [55.2782594, 25.181521], [55.2782359, 25.1819777], [55.2787778, 25.1820064]]]}}, {"type": "Feature", "properties": {"status": "existing", "bHeight": 80.0, "name": "", "levels": "", "height_source": "osm_geom", "height_basis": "osm height · 61% of this footprint"}, "geometry": {"type": "Polygon", "coordinates": [[[55.278179, 25.1819915], [55.2781839, 25.1815513], [55.2778372, 25.1815482], [55.2778324, 25.1819884], [55.278179, 25.1819915]]]}}, {"type": "Feature", "properties": {"status": "existing", "bHeight": 90.0, "name": "Canal Bay", "levels": "22", "height_source": "osm_geom", "height_basis": "osm height · 40% of this footprint"}, "geometry": {"type": "Polygon", "coordinates": [[[55.2769381, 25.1816188], [55.2764984, 25.1816998], [55.2765973, 25.1821389], [55.277037, 25.1820578], [55.2769381, 25.1816188]]]}}, {"type": "Feature", "properties": {"status": "existing", "bHeight": 102.0, "name": "Bottega Dalmut Clubhouse Dubai", "levels": "30"}, "geometry": {"type": "Polygon", "coordinates": [[[55.2674192, 25.1920737], [55.2675576, 25.1919591], [55.2677122, 25.1921174], [55.2675675, 25.1922282], [55.2674192, 25.1920737]]]}}, {"type": "Feature", "properties": {"status": "existing", "bHeight": 12.0, "name": "بروواش", "levels": ""}, "geometry": {"type": "Polygon", "coordinates": [[[55.2537098, 25.1783674], [55.2536931, 25.1783789], [55.2536418, 25.1784142], [55.2535996, 25.1784432], [55.2535624, 25.1784689], [55.2535201, 25.178498], [55.2534776, 25.1785273], [55.2534516, 25.1785452], [55.253393, 25.1784756], [55.2534183, 25.1784583], [55.2534607, 25.178429], [55.2535005, 25.1784016], [55.2535378, 25.1783759], [55.25358, 25.1783469], [55.2536305, 25.1783121], [55.2536513, 25.1782978], [55.2537098, 25.1783674]]]}}, {"type": "Feature", "properties": {"status": "existing", "bHeight": 75.0, "name": "", "levels": "20"}, "geometry": {"type": "Polygon", "coordinates": [[[55.2739774, 25.1854686], [55.2738497, 25.1853174], [55.2742895, 25.1850133], [55.2744172, 25.1851645], [55.2739774, 25.1854686]]]}}, {"type": "Feature", "properties": {"status": "existing", "bHeight": 130.0, "name": "Two", "levels": "35"}, "geometry": {"type": "Polygon", "coordinates": [[[55.2667039, 25.1856295], [55.2667377, 25.1855008], [55.2665495, 25.1854591], [55.266227, 25.1856988], [55.2663739, 25.1858608], [55.2664198, 25.1858289], [55.2665109, 25.1859336], [55.2665927, 25.1858098], [55.2667039, 25.1856295]]]}}, {"type": "Feature", "properties": {"status": "existing", "bHeight": 122.4, "name": "", "levels": "36"}, "geometry": {"type": "Polygon", "coordinates": [[[55.272013, 25.1825454], [55.2721496, 25.1826269], [55.2721997, 25.1826083], [55.272317, 25.1826708], [55.2723191, 25.1827199], [55.2724398, 25.1827624], [55.2722672, 25.1831207], [55.2717355, 25.1829027], [55.2713217, 25.1825096], [55.2716389, 25.1822234], [55.2717401, 25.1823267], [55.2717942, 25.1823218], [55.2718818, 25.1823993], [55.2718665, 25.1824379], [55.272013, 25.1825454]]]}}, {"type": "Feature", "properties": {"status": "existing", "bHeight": 180.0, "name": "Four", "levels": "52"}, "geometry": {"type": "Polygon", "coordinates": [[[55.2682626, 25.1846656], [55.2682342, 25.1844267], [55.2682242, 25.1843421], [55.2678655, 25.184377], [55.2678759, 25.1845031], [55.2679039, 25.1847005], [55.2679891, 25.1846922], [55.2682626, 25.1846656]]]}}, {"type": "Feature", "properties": {"status": "existing", "bHeight": 180.0, "name": "Four", "levels": "52"}, "geometry": {"type": "Polygon", "coordinates": [[[55.2676248, 25.1842354], [55.2675864, 25.1839119], [55.2673171, 25.183938], [55.2672276, 25.1839467], [55.2672423, 25.1841142], [55.267266, 25.1842702], [55.2674934, 25.1842509], [55.2676248, 25.1842354]]]}}, {"type": "Feature", "properties": {"status": "existing", "bHeight": 130.0, "name": "Five", "levels": "35"}, "geometry": {"type": "Polygon", "coordinates": [[[55.2665936, 25.1837722], [55.2666669, 25.1835585], [55.2662415, 25.1834401], [55.2661699, 25.1836587], [55.2663809, 25.1837148], [55.2665936, 25.1837722]]]}}, {"type": "Feature", "properties": {"status": "existing", "bHeight": 15.0, "name": "Five Waterfront A", "levels": "4"}, "geometry": {"type": "Polygon", "coordinates": [[[55.2656477, 25.1831024], [55.2656909, 25.1829209], [55.2663595, 25.1830513], [55.2663163, 25.1832329], [55.2656477, 25.1831024]]]}}, {"type": "Feature", "properties": {"status": "existing", "bHeight": 15.0, "name": "Five Waterfront B", "levels": ""}, "geometry": {"type": "Polygon", "coordinates": [[[55.2664944, 25.183284], [55.2665682, 25.1831108], [55.2672064, 25.1833334], [55.2671325, 25.1835067], [55.2664944, 25.183284]]]}}, {"type": "Feature", "properties": {"status": "existing", "bHeight": 15.0, "name": "Four The Lofts D", "levels": ""}, "geometry": {"type": "Polygon", "coordinates": [[[55.2672001, 25.1835497], [55.2672942, 25.1833847], [55.2679021, 25.1836685], [55.2678079, 25.1838336], [55.2672001, 25.1835497]]]}}, {"type": "Feature", "properties": {"status": "existing", "bHeight": 15.0, "name": "Four The Lofts E", "levels": ""}, "geometry": {"type": "Polygon", "coordinates": [[[55.2681372, 25.1840816], [55.26827, 25.1839401], [55.2687912, 25.1843409], [55.2686583, 25.1844825], [55.2683977, 25.184282], [55.2681372, 25.1840816]]]}}, {"type": "Feature", "properties": {"status": "existing", "bHeight": 180.0, "name": "Three", "levels": "49"}, "geometry": {"type": "Polygon", "coordinates": [[[55.2691244, 25.1855133], [55.2686622, 25.1850073], [55.2685654, 25.1850316], [55.268514, 25.1851038], [55.2687044, 25.1853063], [55.2687807, 25.1853875], [55.2689839, 25.1856204], [55.2690762, 25.1855904], [55.269097, 25.1855507], [55.2691244, 25.1855133]]]}}, {"type": "Feature", "properties": {"status": "existing", "bHeight": 90.0, "name": "", "levels": ""}, "geometry": {"type": "Polygon", "coordinates": [[[55.2856648, 25.1848438], [55.2853406, 25.1850494], [55.2851781, 25.1848396], [55.2855023, 25.184634], [55.2856648, 25.1848438]]]}}, {"type": "Feature", "properties": {"status": "existing", "bHeight": 75.0, "name": "", "levels": ""}, "geometry": {"type": "Polygon", "coordinates": [[[55.2850216, 25.1841131], [55.2846945, 25.1843951], [55.2844911, 25.1842019], [55.2848181, 25.1839198], [55.2850216, 25.1841131]]]}}, {"type": "Feature", "properties": {"status": "existing", "bHeight": 12.0, "name": "", "levels": ""}, "geometry": {"type": "Polygon", "coordinates": [[[55.2768879, 25.1793316], [55.276721, 25.1792107], [55.2763389, 25.1796427], [55.2765103, 25.1797668], [55.2766681, 25.1795883], [55.2766055, 25.179543], [55.2766646, 25.1794762], [55.2767227, 25.1795183], [55.2768879, 25.1793316]]]}}, {"type": "Feature", "properties": {"status": "existing", "bHeight": 96.0, "name": "Paragon", "levels": "24", "height_source": "osm_geom", "height_basis": "osm height · 42% of this footprint"}, "geometry": {"type": "Polygon", "coordinates": [[[55.2746237, 25.1802188], [55.2745188, 25.1801046], [55.2743908, 25.1799739], [55.2743199, 25.1799638], [55.2738871, 25.1802575], [55.2738837, 25.1803186], [55.2738742, 25.1804681], [55.2742809, 25.1804853], [55.2743505, 25.1804858], [55.2746096, 25.180276], [55.2746237, 25.1802188]]]}}, {"type": "Feature", "properties": {"status": "existing", "bHeight": 53.0, "name": "Marriott Residences Business Bay", "levels": "", "height_source": "osm_geom", "height_basis": "osm height · 37% of this footprint"}, "geometry": {"type": "Polygon", "coordinates": [[[55.2723259, 25.1788983], [55.2720071, 25.1785531], [55.2723811, 25.1782589], [55.2727195, 25.1786068], [55.2723259, 25.1788983]]]}}, {"type": "Feature", "properties": {"status": "existing", "bHeight": 595.0, "name": "Burj Binghatti Jacob & Co Residences", "levels": "175"}, "geometry": {"type": "Polygon", "coordinates": [[[55.2933551, 25.1870288], [55.2929369, 25.186401], [55.2928719, 25.1864989], [55.2928113, 25.1865753], [55.2927471, 25.1866374], [55.2926722, 25.1866914], [55.2930267, 25.1872195], [55.2933551, 25.1870288]]]}}, {"type": "Feature", "properties": {"status": "existing", "bHeight": 345.0, "name": "Al Habtoor Tower", "levels": "86"}, "geometry": {"type": "Polygon", "coordinates": [[[55.2537229, 25.1821436], [55.2537194, 25.1821193], [55.253707, 25.182099], [55.2533267, 25.1816879], [55.2533063, 25.1816713], [55.2532861, 25.181663], [55.2532621, 25.1816656], [55.2532385, 25.1816761], [55.2525907, 25.1821777], [55.2525776, 25.1821931], [55.2525728, 25.1822112], [55.2525742, 25.1822315], [55.252583, 25.1822524], [55.2529516, 25.1826415], [55.252977, 25.1826594], [55.2530033, 25.1826679], [55.2530329, 25.1826662], [55.2530617, 25.1826585], [55.2537036, 25.1821846], [55.2537173, 25.1821645], [55.2537229, 25.1821436]]]}}, {"type": "Feature", "properties": {"status": "existing", "bHeight": 15.8, "name": "", "levels": "4", "height_source": "osm_geom", "height_basis": "osm levels 4 · 100% of this footprint"}, "geometry": {"type": "Polygon", "coordinates": [[[55.2620503, 25.1818398], [55.2621178, 25.1818328], [55.2620879, 25.1815954], [55.2620205, 25.1816023], [55.262031, 25.1816781], [55.262036, 25.1817176], [55.2620443, 25.1817827], [55.2620477, 25.1818096], [55.2620503, 25.1818398]]]}}, {"type": "Feature", "properties": {"status": "existing", "bHeight": 102.0, "name": "Damac Merano Tower", "levels": "30"}, "geometry": {"type": "Polygon", "coordinates": [[[55.2604251, 25.1855963], [55.2607088, 25.1854826], [55.2607813, 25.1854542], [55.2607676, 25.1854296], [55.2607558, 25.1853972], [55.2608187, 25.1853728], [55.2605688, 25.1848036], [55.2604508, 25.1848516], [55.2604256, 25.1847992], [55.2600291, 25.184954], [55.260067, 25.1850026], [55.2599886, 25.1850342], [55.2604251, 25.1855963]]]}}, {"type": "Feature", "properties": {"status": "existing", "bHeight": 2.5, "name": "", "levels": "1"}, "geometry": {"type": "Polygon", "coordinates": [[[55.2530986, 25.1797906], [55.2531696, 25.1797377], [55.2531286, 25.1796926], [55.2530576, 25.1797455], [55.2530986, 25.1797906]]]}}, {"type": "Feature", "properties": {"status": "existing", "bHeight": 2.0, "name": "PK 18999", "levels": "1"}, "geometry": {"type": "Polygon", "coordinates": [[[55.2616779, 25.1838834], [55.2617036, 25.1838561], [55.2616786, 25.1838369], [55.261653, 25.1838641], [55.2616779, 25.1838834]]]}}, {"type": "Feature", "properties": {"status": "existing", "bHeight": 137.0, "name": "Chic Tower", "levels": "7", "height_source": "osm_geom", "height_basis": "osm height · 35% of this footprint"}, "geometry": {"type": "Polygon", "coordinates": [[[55.261211, 25.1838853], [55.2613849, 25.1838312], [55.2614147, 25.1839126], [55.2616094, 25.1838566], [55.2617524, 25.183717], [55.2616906, 25.1832531], [55.2614468, 25.1831369], [55.2609653, 25.1832934], [55.261211, 25.1838853]]]}}, {"type": "Feature", "properties": {"status": "existing", "bHeight": 9.4, "name": "BBAY Substation", "levels": "2", "height_source": "osm_geom", "height_basis": "osm levels 2 · 100% of this footprint"}, "geometry": {"type": "Polygon", "coordinates": [[[55.2636397, 25.1852955], [55.2638784, 25.1851805], [55.263806, 25.1850576], [55.2637429, 25.185088], [55.2637187, 25.1850469], [55.2638153, 25.1850003], [55.2637334, 25.1848613], [55.2634261, 25.1850095], [55.26351, 25.185152], [55.2636115, 25.185103], [55.2636309, 25.185136], [55.2635647, 25.185168], [55.2636397, 25.1852955]]]}}, {"type": "Feature", "properties": {"status": "existing", "bHeight": 5.0, "name": "", "levels": "1"}, "geometry": {"type": "Polygon", "coordinates": [[[55.2659186, 25.183474], [55.2660345, 25.1835054], [55.2660683, 25.1834032], [55.2659524, 25.1833718], [55.2659186, 25.183474]]]}}, {"type": "Feature", "properties": {"status": "existing", "bHeight": 6.2, "name": "SS20587", "levels": "1", "height_source": "osm_geom", "height_basis": "osm levels 1 · 100% of this footprint"}, "geometry": {"type": "Polygon", "coordinates": [[[55.2680941, 25.1859129], [55.2681489, 25.1858708], [55.2680335, 25.1857475], [55.2679786, 25.1857896], [55.2680941, 25.1859129]]]}}, {"type": "Feature", "properties": {"status": "existing", "bHeight": 6.2, "name": "", "levels": "1", "height_source": "osm_geom", "height_basis": "osm levels 1 · 100% of this footprint"}, "geometry": {"type": "Polygon", "coordinates": [[[55.2681834, 25.1853896], [55.2682025, 25.1852973], [55.2680824, 25.185277], [55.2680761, 25.1853076], [55.2680633, 25.1853692], [55.2681834, 25.1853896]]]}}, {"type": "Feature", "properties": {"status": "existing", "bHeight": 32.0, "name": "Four The Offices", "levels": "8"}, "geometry": {"type": "Polygon", "coordinates": [[[55.267586, 25.1853029], [55.2672749, 25.1849708], [55.2674043, 25.1848699], [55.2674978, 25.1848022], [55.2676427, 25.1849579], [55.2678115, 25.1851324], [55.267586, 25.1853029]]]}}, {"type": "Feature", "properties": {"status": "existing", "bHeight": 112.2, "name": "Polaris", "levels": "33"}, "geometry": {"type": "Polygon", "coordinates": [[[55.2617571, 25.1863453], [55.2618372, 25.1864954], [55.2619421, 25.1866689], [55.2620593, 25.186851], [55.2621521, 25.1869994], [55.2622257, 25.1869494], [55.2627571, 25.1865335], [55.2626987, 25.1864345], [55.2627839, 25.1863951], [55.2626167, 25.1860946], [55.2625228, 25.1861351], [55.2624599, 25.186026], [55.2617571, 25.1863453]]]}}, {"type": "Feature", "properties": {"status": "existing", "bHeight": 99.0, "name": "Ontario Tower", "levels": "4", "height_source": "osm_geom", "height_basis": "osm levels 30 (stated height implausible for the floor count) · 24% of this footprint"}, "geometry": {"type": "Polygon", "coordinates": [[[55.2617571, 25.1863453], [55.2624599, 25.186026], [55.2624127, 25.1859379], [55.2625126, 25.1858921], [55.2624992, 25.1858085], [55.2624023, 25.1856345], [55.2623338, 25.1855873], [55.2622399, 25.1856197], [55.2621982, 25.1855347], [55.2614919, 25.1858354], [55.2615731, 25.1860007], [55.2616599, 25.1861595], [55.2617571, 25.1863453]]]}}, {"type": "Feature", "properties": {"status": "existing", "bHeight": 15.8, "name": "Urban Oasis", "levels": "4", "height_source": "osm_geom", "height_basis": "osm levels 4 · 100% of this footprint"}, "geometry": {"type": "Polygon", "coordinates": [[[55.2590934, 25.1848269], [55.2592201, 25.1847492], [55.2592851, 25.1848427], [55.2595703, 25.1846806], [55.259507, 25.1845893], [55.2596638, 25.1845033], [55.2593111, 25.1839668], [55.2587352, 25.1842965], [55.2590934, 25.1848269]]]}}, {"type": "Feature", "properties": {"status": "existing", "bHeight": 355.0, "name": "", "levels": "104"}, "geometry": {"type": "Polygon", "coordinates": [[[55.2563071, 25.1861145], [55.2562951, 25.1862736], [55.2565067, 25.1861387], [55.2567434, 25.1859973], [55.2570457, 25.1857741], [55.2572051, 25.1856538], [55.2573496, 25.1855753], [55.2575128, 25.1853146], [55.2570619, 25.1855878], [55.2568573, 25.1857567], [55.2567333, 25.1858532], [55.2566448, 25.1859221], [55.2563071, 25.1861145]]]}}, {"type": "Feature", "properties": {"status": "existing", "bHeight": 88.0, "name": "One River Point", "levels": "1", "height_source": "osm_geom", "height_basis": "osm height · 52% of this footprint"}, "geometry": {"type": "Polygon", "coordinates": [[[55.260529, 25.1820366], [55.2606129, 25.1820215], [55.261568, 25.1818518], [55.2616362, 25.1818397], [55.2616303, 25.1818058], [55.2616259, 25.1817802], [55.2615791, 25.1815142], [55.2615632, 25.181419], [55.26156, 25.1813977], [55.2615486, 25.1813798], [55.2615296, 25.1813637], [55.2615045, 25.1813552], [55.2614808, 25.1813529], [55.2614631, 25.1813552], [55.2614439, 25.1813623], [55.2609497, 25.181629], [55.2605583, 25.1818487], [55.2605026, 25.1818811], [55.2604947, 25.1818855], [55.260511, 25.1819558], [55.260529, 25.1820366]]]}}, {"type": "Feature", "properties": {"status": "existing", "bHeight": 78.2, "name": "DG1 Living", "levels": "23"}, "geometry": {"type": "Polygon", "coordinates": [[[55.2635606, 25.1814535], [55.264299, 25.1813377], [55.2642256, 25.1809615], [55.2640491, 25.1809882], [55.263985, 25.1809979], [55.2639769, 25.1809434], [55.2639688, 25.1809331], [55.2639579, 25.1809269], [55.2639428, 25.1809225], [55.2638707, 25.1809318], [55.2638607, 25.1809331], [55.2638431, 25.1809408], [55.2637973, 25.1809932], [55.2636966, 25.181008], [55.2636912, 25.1810108], [55.2636866, 25.1810149], [55.2636858, 25.1810211], [55.2636894, 25.1810433], [55.2634879, 25.1810742], [55.2635606, 25.1814535]]]}}, {"type": "Feature", "properties": {"status": "existing", "bHeight": 227.8, "name": "One by Binghatti", "levels": "67"}, "geometry": {"type": "Polygon", "coordinates": [[[55.2636957, 25.1841517], [55.2643379, 25.1836275], [55.2643273, 25.1836166], [55.2642585, 25.1835731], [55.2642721, 25.1835572], [55.2641885, 25.1834962], [55.2642006, 25.1834821], [55.2640989, 25.183412], [55.2641121, 25.1833975], [55.2640178, 25.1833191], [55.2640293, 25.1833043], [55.2639253, 25.1832291], [55.2639385, 25.1832136], [55.2638422, 25.1831428], [55.2638548, 25.1831272], [55.2638398, 25.1831113], [55.2630623, 25.1838635], [55.263166, 25.1838944], [55.263274, 25.1839311], [55.2635012, 25.1840316], [55.2636002, 25.1840827], [55.2636957, 25.1841517]]]}}, {"type": "Feature", "properties": {"status": "existing", "bHeight": 130.0, "name": "West Bay Tower", "levels": "34", "height_source": "osm_geom", "height_basis": "osm height · 64% of this footprint"}, "geometry": {"type": "Polygon", "coordinates": [[[55.2633093, 25.1849353], [55.2637183, 25.184716], [55.2636587, 25.1846405], [55.2635902, 25.1845744], [55.26352, 25.1845218], [55.2634707, 25.1844909], [55.2631452, 25.1846716], [55.2633093, 25.1849353]]]}}, {"type": "Feature", "properties": {"status": "existing", "bHeight": 4.0, "name": "", "levels": "1"}, "geometry": {"type": "Polygon", "coordinates": [[[55.2685077, 25.1784177], [55.2688017, 25.1785006], [55.2688501, 25.1783597], [55.2685562, 25.1782769], [55.2685077, 25.1784177]]]}}, {"type": "Feature", "properties": {"status": "existing", "bHeight": 108.8, "name": "Future Tower", "levels": "32"}, "geometry": {"type": "Polygon", "coordinates": [[[55.2659691, 25.1799743], [55.2661299, 25.1799508], [55.2661438, 25.1800287], [55.2664714, 25.1799809], [55.2664565, 25.1798976], [55.2666147, 25.1798744], [55.2665081, 25.179278], [55.2658515, 25.1793778], [55.2659691, 25.1799743]]]}}, {"type": "Feature", "properties": {"status": "existing", "bHeight": 68.0, "name": "Royal Regency Suites Business Bay", "levels": "20"}, "geometry": {"type": "Polygon", "coordinates": [[[55.2764625, 25.1788195], [55.2766723, 25.1789915], [55.2768839, 25.1787801], [55.2766742, 25.1786081], [55.2764625, 25.1788195]]]}}, {"type": "Feature", "properties": {"status": "existing", "bHeight": 61.2, "name": "Royal Regency", "levels": "18"}, "geometry": {"type": "Polygon", "coordinates": [[[55.2761564, 25.1791232], [55.2763662, 25.1792952], [55.2765778, 25.1790838], [55.2763681, 25.1789118], [55.2761564, 25.1791232]]]}}, {"type": "Feature", "properties": {"status": "existing", "bHeight": 200.0, "name": "Skyrise", "levels": "56"}, "geometry": {"type": "Polygon", "coordinates": [[[55.2721994, 25.1818986], [55.2722996, 25.1819986], [55.2724408, 25.1821051], [55.2726223, 25.1822083], [55.2726608, 25.1822281], [55.2728235, 25.1822896], [55.2729815, 25.1823317], [55.2732115, 25.1823748], [55.2734351, 25.1823676], [55.2736532, 25.182323], [55.2737065, 25.1823107], [55.2738614, 25.1822583], [55.2740144, 25.1821919], [55.2741456, 25.1821118], [55.2741977, 25.182067], [55.2743101, 25.1819749], [55.2743178, 25.1819641], [55.2743238, 25.18195], [55.2743215, 25.1819317], [55.2743106, 25.1819155], [55.274222, 25.1818243], [55.2741241, 25.1817224], [55.2739036, 25.1815484], [55.2738115, 25.1814868], [55.2737354, 25.1814483], [55.2736002, 25.181399], [55.2735091, 25.1813735], [55.2734963, 25.1813699], [55.2733812, 25.181346], [55.2732339, 25.1813213], [55.273077, 25.181316], [55.2729248, 25.1813204], [55.272812, 25.1813396], [55.2727207, 25.181367], [55.2726865, 25.1813827], [55.2725193, 25.1814419], [55.2723747, 25.1815107], [55.2722181, 25.1816231], [55.2721019, 25.1817064], [55.2720893, 25.1817245], [55.2720856, 25.1817426], [55.2720882, 25.1817597], [55.2720943, 25.1817752], [55.2721994, 25.1818986]]]}}, {"type": "Feature", "properties": {"status": "existing", "bHeight": 130.0, "name": "Jumeirah Living Business Bay", "levels": "36", "height_source": "osm_geom", "height_basis": "osm height · 36% of this footprint"}, "geometry": {"type": "Polygon", "coordinates": [[[55.265111, 25.183407], [55.2651248, 25.1834066], [55.2651456, 25.1833998], [55.2652005, 25.1833629], [55.2652793, 25.1832812], [55.2653448, 25.183196], [55.2654115, 25.1831098], [55.2654449, 25.1830201], [55.265459, 25.1829489], [55.2654579, 25.1829155], [55.2654434, 25.1828977], [55.2654157, 25.1828868], [55.2652739, 25.1828713], [55.2651522, 25.1828522], [55.2650763, 25.1828381], [55.2649601, 25.1827985], [55.2649128, 25.1827885], [55.2648495, 25.1827885], [55.2647883, 25.1828025], [55.2647454, 25.1828194], [55.2647282, 25.1828263], [55.2647115, 25.1828434], [55.2647021, 25.1828629], [55.2646968, 25.1829143], [55.2647427, 25.1829368], [55.2647188, 25.1829665], [55.2647623, 25.1830097], [55.2648234, 25.1830759], [55.2648736, 25.1831372], [55.264985, 25.1832447], [55.2650418, 25.1833075], [55.2650622, 25.1833443], [55.2650928, 25.1833993], [55.265111, 25.183407]]]}}, {"type": "Feature", "properties": {"status": "existing", "bHeight": 95.2, "name": "", "levels": "28"}, "geometry": {"type": "Polygon", "coordinates": [[[55.2617728, 25.1873353], [55.2618905, 25.187244], [55.2621701, 25.1870281], [55.2627711, 25.186561], [55.2628713, 25.1867029], [55.2629006, 25.1866889], [55.2629548, 25.1866815], [55.2629532, 25.186723], [55.2629741, 25.1867232], [55.2629789, 25.1868118], [55.2629729, 25.1869204], [55.2629486, 25.1870264], [55.2628994, 25.1871556], [55.2628996, 25.1872133], [55.2629073, 25.187292], [55.2629049, 25.1873204], [55.2628992, 25.1873452], [55.2628882, 25.1873676], [55.2628675, 25.1873862], [55.262262, 25.1878551], [55.2617728, 25.1873353]]]}}, {"type": "Feature", "properties": {"status": "existing", "bHeight": 9.0, "name": "", "levels": "3"}, "geometry": {"type": "Polygon", "coordinates": [[[55.2674043, 25.1848699], [55.2673318, 25.184801], [55.2677069, 25.184519], [55.2678759, 25.1845031], [55.2679039, 25.1847005], [55.2679891, 25.1846922], [55.2676427, 25.1849579], [55.2674978, 25.1848022], [55.2674043, 25.1848699]]]}}, {"type": "Feature", "properties": {"status": "existing", "bHeight": 3.2, "name": "PK19607", "levels": "1"}, "geometry": {"type": "Polygon", "coordinates": [[[55.2636104, 25.1841993], [55.2636258, 25.1842129], [55.2636483, 25.1841921], [55.2636329, 25.1841784], [55.2636104, 25.1841993]]]}}, {"type": "Feature", "properties": {"status": "existing", "bHeight": 80.0, "name": "Voleo", "levels": "23", "height_source": "osm_geom", "height_basis": "osm height · 25% of this footprint"}, "geometry": {"type": "Polygon", "coordinates": [[[55.2884881, 25.1925221], [55.2885216, 25.1925898], [55.2885338, 25.1926111], [55.2884896, 25.1926295], [55.2885806, 25.1927052], [55.2886272, 25.1926856], [55.2887719, 25.192804], [55.2887935, 25.1927845], [55.2888643, 25.1928452], [55.2889412, 25.1929111], [55.2891572, 25.1926865], [55.2889668, 25.1925239], [55.2887468, 25.1923127], [55.2884881, 25.1925221]]]}}, {"type": "Feature", "properties": {"status": "existing", "bHeight": 348.0, "name": "Safa Two", "levels": "87"}, "geometry": {"type": "Polygon", "coordinates": [[[55.2519573, 25.1808963], [55.2518649, 25.1809599], [55.2518243, 25.1810127], [55.2517957, 25.1810699], [55.2517908, 25.1810915], [55.2517615, 25.1812496], [55.2517626, 25.1813559], [55.2517751, 25.1814697], [55.2517798, 25.1814878], [55.2518036, 25.1815787], [55.2518315, 25.1816433], [55.2518881, 25.1817104], [55.2519388, 25.1817629], [55.2520021, 25.1818073], [55.2521001, 25.1818754], [55.2521895, 25.1818942], [55.2523006, 25.1819038], [55.2524266, 25.1818836], [55.2525, 25.1818587], [55.252572, 25.1818095], [55.2526279, 25.1817637], [55.2528792, 25.1815241], [55.2527534, 25.1814408], [55.2526803, 25.1815429], [55.2522348, 25.1813106], [55.2521782, 25.1811639], [55.2521697, 25.1807517], [55.2519573, 25.1808963]]]}}, {"type": "Feature", "properties": {"status": "existing", "bHeight": 6.2, "name": "", "levels": "1", "height_source": "osm_geom", "height_basis": "osm levels 1 · 100% of this footprint"}, "geometry": {"type": "Polygon", "coordinates": [[[55.2667577, 25.1854243], [55.2667377, 25.1855008], [55.2667039, 25.1856295], [55.2665927, 25.1858098], [55.2666522, 25.1858253], [55.2666139, 25.1859701], [55.2667905, 25.1860038], [55.2669897, 25.1860396], [55.2671211, 25.1860432], [55.2672405, 25.1860214], [55.2672351, 25.186002], [55.2673746, 25.1859656], [55.2675181, 25.1859182], [55.2676616, 25.1858612], [55.2677018, 25.1858673], [55.2677407, 25.1858066], [55.2677152, 25.1857836], [55.2674936, 25.1855493], [55.2674825, 25.1855578], [55.26716, 25.1852326], [55.2670326, 25.1852508], [55.2670125, 25.1853369], [55.2669749, 25.185468], [55.2667577, 25.1854243]]]}}, {"type": "Feature", "properties": {"status": "existing", "bHeight": 12.0, "name": "Four Marketplace", "levels": ""}, "geometry": {"type": "Polygon", "coordinates": [[[55.267949, 25.1837451], [55.2677368, 25.1840064], [55.2679536, 25.1841505], [55.2681658, 25.1838892], [55.267949, 25.1837451]]]}}, {"type": "Feature", "properties": {"status": "existing", "bHeight": 9.0, "name": "Four The Plaza B", "levels": ""}, "geometry": {"type": "Polygon", "coordinates": [[[55.2678115, 25.1851324], [55.2679406, 25.1850314], [55.2680077, 25.1849821], [55.2682705, 25.1847887], [55.2682786, 25.1847328], [55.2682626, 25.1846656], [55.2679891, 25.1846922], [55.2676427, 25.1849579], [55.2678115, 25.1851324]]]}}, {"type": "Feature", "properties": {"status": "existing", "bHeight": 12.6, "name": "", "levels": "3", "height_source": "osm_geom", "height_basis": "osm levels 3 · 100% of this footprint"}, "geometry": {"type": "Polygon", "coordinates": [[[55.2687807, 25.1853875], [55.2687044, 25.1853063], [55.2686651, 25.1855833], [55.2685747, 25.1862209], [55.2685808, 25.1862659], [55.2686682, 25.1863673], [55.2689082, 25.186407], [55.2690692, 25.1862201], [55.2691649, 25.1856197], [55.269097, 25.1855507], [55.2690762, 25.1855904], [55.2689839, 25.1856204], [55.2687807, 25.1853875]]]}}, {"type": "Feature", "properties": {"status": "existing", "bHeight": 3.2, "name": "", "levels": "1"}, "geometry": {"type": "Polygon", "coordinates": [[[55.2679316, 25.1857114], [55.2679576, 25.1857402], [55.2679862, 25.185719], [55.2679602, 25.1856902], [55.2679316, 25.1857114]]]}}, {"type": "Feature", "properties": {"status": "existing", "bHeight": 6.2, "name": "", "levels": "1", "height_source": "osm_geom", "height_basis": "osm levels 1 · 100% of this footprint"}, "geometry": {"type": "Polygon", "coordinates": [[[55.2658627, 25.186075], [55.2659072, 25.1861191], [55.2659674, 25.1860693], [55.2659229, 25.1860252], [55.2658627, 25.186075]]]}}, {"type": "Feature", "properties": {"status": "existing", "bHeight": 102.2, "name": "", "levels": "", "height_source": "osm_geom", "height_basis": "osm levels 31 (stated height implausible for the floor count) · 61% of this footprint"}, "geometry": {"type": "Polygon", "coordinates": [[[55.2663663, 25.1864395], [55.2663332, 25.1863686], [55.266188, 25.186323], [55.2660163, 25.1864468], [55.2660216, 25.1864891], [55.2660288, 25.1865478], [55.2659439, 25.1865543], [55.265981, 25.186973], [55.2662499, 25.1869549], [55.2663663, 25.1864395]]]}}, {"type": "Feature", "properties": {"status": "existing", "bHeight": 118.2, "name": "Bugatti Residences", "levels": "", "height_source": "osm_geom", "height_basis": "osm levels 36 (stated height implausible for the floor count) · 26% of this footprint"}, "geometry": {"type": "Polygon", "coordinates": [[[55.2652874, 25.1872352], [55.2652657, 25.1872337], [55.2651818, 25.187227], [55.2650828, 25.187223], [55.265032, 25.1872345], [55.2649816, 25.1872668], [55.2649258, 25.1873303], [55.2648856, 25.1873952], [55.2648543, 25.1874642], [55.2648304, 25.1875427], [55.2648148, 25.1876177], [55.2648252, 25.187688], [55.2648577, 25.1877464], [55.2648919, 25.1877897], [55.2649471, 25.1878363], [55.2649949, 25.1878563], [55.2650364, 25.1878646], [55.2650436, 25.1878642], [55.2650637, 25.1878745], [55.2651014, 25.1878887], [55.2651426, 25.1878988], [55.2651697, 25.1879055], [55.2653534, 25.1879015], [55.2653933, 25.18791], [55.265428, 25.1879408], [55.2654412, 25.1879655], [55.2654285, 25.1880511], [55.2654298, 25.1880753], [55.2654432, 25.1881026], [55.26547, 25.1881275], [55.2657624, 25.1882901], [55.2657899, 25.188292], [55.265805, 25.1882656], [55.2658187, 25.1882295], [55.2658841, 25.187921], [55.2659134, 25.187874], [55.2659278, 25.1878162], [55.2659383, 25.1877124], [55.2659012, 25.1876225], [55.2657734, 25.1875092], [55.2656372, 25.187391], [55.265609, 25.187378], [55.2655812, 25.1873749], [55.265552, 25.1873758], [55.265534, 25.187382], [55.265505, 25.1873774], [55.2654796, 25.1873721], [55.2654099, 25.1873563], [55.2653419, 25.1873207], [55.265341, 25.1872944], [55.2653324, 25.1872615], [55.2653156, 25.1872451], [55.2652874, 25.1872352]]]}}, {"type": "Feature", "properties": {"status": "existing", "bHeight": 6.2, "name": "", "levels": "1", "height_source": "osm_geom", "height_basis": "osm levels 1 · 100% of this footprint"}, "geometry": {"type": "Polygon", "coordinates": [[[55.272927, 25.1778803], [55.272883, 25.1779998], [55.2731567, 25.1780824], [55.2732008, 25.1779629], [55.272927, 25.1778803]]]}}, {"type": "Feature", "properties": {"status": "existing", "bHeight": 3.0, "name": "", "levels": "1"}, "geometry": {"type": "Polygon", "coordinates": [[[55.2865967, 25.1877613], [55.2865967, 25.1877978], [55.2867278, 25.1877978], [55.2867278, 25.1877613], [55.2865967, 25.1877613]]]}}, {"type": "Feature", "properties": {"status": "existing", "bHeight": 12.0, "name": "", "levels": ""}, "geometry": {"type": "Polygon", "coordinates": [[[55.2659355, 25.1847918], [55.265741, 25.1849411], [55.2657534, 25.1850424], [55.2657664, 25.1851366], [55.2657997, 25.1852069], [55.2658485, 25.1852869], [55.2659698, 25.185413], [55.2662837, 25.1851799], [55.2659355, 25.1847918]]]}}, {"type": "Feature", "properties": {"status": "existing", "bHeight": 122.4, "name": "Tower B", "levels": "36"}, "geometry": {"type": "Polygon", "coordinates": [[[55.2681761, 25.1886615], [55.2680544, 25.1891826], [55.268284, 25.1892265], [55.2683149, 25.1890945], [55.2684058, 25.1887054], [55.2681761, 25.1886615]]]}}, {"type": "Feature", "properties": {"status": "existing", "bHeight": 156.4, "name": "Tower A", "levels": "46"}, "geometry": {"type": "Polygon", "coordinates": [[[55.2685358, 25.1886085], [55.2685333, 25.1887026], [55.2685299, 25.1888273], [55.2691342, 25.1888408], [55.2691401, 25.1886219], [55.2685358, 25.1886085]]]}}, {"type": "Feature", "properties": {"status": "existing", "bHeight": 32.0, "name": "Altitude", "levels": "4", "height_source": "osm_geom", "height_basis": "osm height · 25% of this footprint"}, "geometry": {"type": "Polygon", "coordinates": [[[55.2807664, 25.1823327], [55.2807697, 25.18236], [55.2807917, 25.1823792], [55.2808203, 25.1823884], [55.2811042, 25.1824117], [55.2812414, 25.1825103], [55.2813371, 25.1825399], [55.281364, 25.1825391], [55.281391, 25.1825254], [55.2814113, 25.1825073], [55.2815417, 25.1821866], [55.2815359, 25.1821568], [55.2815209, 25.1821339], [55.2814898, 25.1821158], [55.2811465, 25.182003], [55.2811178, 25.1819986], [55.2810888, 25.1820052], [55.2810624, 25.1820248], [55.2807821, 25.1822888], [55.280768, 25.18231], [55.2807664, 25.1823327]]]}}, {"type": "Feature", "properties": {"status": "existing", "bHeight": 80.0, "name": "Canal Crown", "levels": "4", "height_source": "osm_geom", "height_basis": "osm height · 24% of this footprint"}, "geometry": {"type": "Polygon", "coordinates": [[[55.2806125, 25.1818725], [55.2805961, 25.1818503], [55.2805482, 25.1818286], [55.2800917, 25.1817123], [55.2800459, 25.1817253], [55.2800096, 25.1817501], [55.2799054, 25.1820738], [55.279899, 25.1820972], [55.2799033, 25.1821233], [55.2799237, 25.182138], [55.2799956, 25.182156], [55.2801728, 25.1821521], [55.2802088, 25.1821952], [55.2802301, 25.1822094], [55.2803012, 25.1822265], [55.2803196, 25.1822266], [55.2803382, 25.1822164], [55.2806029, 25.181965], [55.2806149, 25.1819385], [55.280618, 25.1819038], [55.2806125, 25.1818725]]]}}, {"type": "Feature", "properties": {"status": "existing", "bHeight": 163.2, "name": "1", "levels": "48"}, "geometry": {"type": "Polygon", "coordinates": [[[55.2783431, 25.1834221], [55.2783418, 25.1834573], [55.2782727, 25.1834579], [55.2782909, 25.1838053], [55.2783311, 25.1838329], [55.278386, 25.1838432], [55.2785658, 25.1838411], [55.2786436, 25.1838295], [55.2787079, 25.1838113], [55.278775, 25.1837774], [55.2790365, 25.1835189], [55.2790526, 25.18348], [55.2790285, 25.1834533], [55.2789856, 25.1834363], [55.2783431, 25.1834221]]]}}, {"type": "Feature", "properties": {"status": "existing", "bHeight": 88.0, "name": "2", "levels": "4", "height_source": "osm_geom", "height_basis": "osm height · 20% of this footprint"}, "geometry": {"type": "Polygon", "coordinates": [[[55.2797211, 25.1835252], [55.2796259, 25.1835337], [55.2795416, 25.1835705], [55.2794717, 25.1836138], [55.2793846, 25.1836938], [55.2792102, 25.1838408], [55.2792077, 25.1838654], [55.2792169, 25.1838893], [55.2792392, 25.1839035], [55.2792839, 25.1839136], [55.2794483, 25.1839405], [55.2796797, 25.1839825], [55.2800148, 25.1840647], [55.2802079, 25.183632], [55.2798626, 25.1835495], [55.2797211, 25.1835252]]]}}, {"type": "Feature", "properties": {"status": "existing", "bHeight": 119.0, "name": "Volante 3", "levels": "35"}, "geometry": {"type": "Polygon", "coordinates": [[[55.2722672, 25.1831207], [55.2728413, 25.183276], [55.272868, 25.1832517], [55.2728839, 25.1832299], [55.2729162, 25.1829004], [55.272815, 25.1828711], [55.2728174, 25.182836], [55.2726621, 25.1827905], [55.2726361, 25.1828207], [55.2724398, 25.1827624], [55.2722672, 25.1831207]]]}}, {"type": "Feature", "properties": {"status": "existing", "bHeight": 92.0, "name": "Eywa", "levels": "23", "height_source": "osm_geom", "height_basis": "osm height · 100% of this footprint"}, "geometry": {"type": "Polygon", "coordinates": [[[55.2729793, 25.1832874], [55.2730723, 25.1832668], [55.2731009, 25.1832954], [55.2733816, 25.1832932], [55.2734048, 25.1832678], [55.2734835, 25.183285], [55.2733964, 25.1828723], [55.2730443, 25.1828754], [55.2729793, 25.1832874]]]}}, {"type": "Feature", "properties": {"status": "existing", "bHeight": 67.0, "name": "Renaissance Business Bay Hotel, Dubai", "levels": "", "height_source": "osm_geom", "height_basis": "osm levels 20 (stated height implausible for the floor count) · 40% of this footprint"}, "geometry": {"type": "Polygon", "coordinates": [[[55.2740488, 25.1826629], [55.2740608, 25.182714], [55.2740128, 25.1827358], [55.2739398, 25.1827682], [55.2741193, 25.1831622], [55.2746363, 25.1829203], [55.2744085, 25.1825608], [55.2743647, 25.1825787], [55.2742824, 25.1826155], [55.2742408, 25.1825731], [55.2740488, 25.1826629]]]}}, {"type": "Feature", "properties": {"status": "existing", "bHeight": 70.0, "name": "Grand Mercure Business Bay", "levels": "19"}, "geometry": {"type": "Polygon", "coordinates": [[[55.2744085, 25.1825608], [55.2746363, 25.1829203], [55.2751443, 25.1826731], [55.2751666, 25.1825689], [55.2749161, 25.1823347], [55.2748251, 25.1823127], [55.274657, 25.1824007], [55.2744782, 25.1824912], [55.2744474, 25.1824831], [55.2744571, 25.1825025], [55.2744702, 25.1825316], [55.274455, 25.1825388], [55.2744262, 25.1825524], [55.2744085, 25.1825608]]]}}, {"type": "Feature", "properties": {"status": "existing", "bHeight": 92.0, "name": "V-Suites", "levels": "", "height_source": "osm_geom", "height_basis": "osm height · 28% of this footprint"}, "geometry": {"type": "Polygon", "coordinates": [[[55.2745802, 25.180492], [55.2742387, 25.1807105], [55.2743178, 25.180774], [55.2742915, 25.1808018], [55.2744457, 25.180925], [55.2744682, 25.1809012], [55.2745739, 25.1809896], [55.2749655, 25.1808384], [55.2745802, 25.180492]]]}}, {"type": "Feature", "properties": {"status": "existing", "bHeight": 115.6, "name": "Skyhall", "levels": "34"}, "geometry": {"type": "Polygon", "coordinates": [[[55.2758314, 25.1806777], [55.2758088, 25.1807067], [55.2758103, 25.1807455], [55.2759843, 25.1812904], [55.2760047, 25.1813199], [55.2760439, 25.1813373], [55.2760804, 25.181339], [55.2761631, 25.1813209], [55.2761663, 25.1813276], [55.2761721, 25.1813335], [55.2761816, 25.1813375], [55.2761902, 25.181337], [55.276354, 25.1813021], [55.2763661, 25.1812979], [55.2763722, 25.1812921], [55.2763757, 25.1812837], [55.276375, 25.181274], [55.2764546, 25.1812571], [55.2764863, 25.1812409], [55.276501, 25.1812192], [55.2765015, 25.1811895], [55.2763357, 25.1806054], [55.2763164, 25.1805821], [55.2762785, 25.1805717], [55.2762472, 25.180571], [55.2758627, 25.180669], [55.2758314, 25.1806777]]]}}, {"type": "Feature", "properties": {"status": "existing", "bHeight": 92.0, "name": "Onda", "levels": "", "height_source": "osm_geom", "height_basis": "osm height · 19% of this footprint"}, "geometry": {"type": "Polygon", "coordinates": [[[55.2736873, 25.1786231], [55.2736978, 25.1786504], [55.2739489, 25.1789187], [55.2739749, 25.1789348], [55.2740075, 25.1789364], [55.2740281, 25.1789261], [55.2744626, 25.178593], [55.274475, 25.1785692], [55.2744739, 25.1785454], [55.2744609, 25.1785237], [55.2742079, 25.1782534], [55.2741915, 25.1782421], [55.2741638, 25.1782374], [55.2741405, 25.1782474], [55.2737069, 25.1785798], [55.2736924, 25.1786002], [55.2736873, 25.1786231]]]}}, {"type": "Feature", "properties": {"status": "existing", "bHeight": 102.0, "name": "Symphony Business Bay", "levels": "30"}, "geometry": {"type": "Polygon", "coordinates": [[[55.2673039, 25.1792242], [55.2673335, 25.1797978], [55.2674333, 25.1798002], [55.2674354, 25.1798468], [55.2676546, 25.1798384], [55.2676525, 25.1797917], [55.267752, 25.1797853], [55.2677326, 25.1794393], [55.2677622, 25.1792492], [55.267722, 25.1792501], [55.2677222, 25.1792098], [55.2673039, 25.1792242]]]}}, {"type": "Feature", "properties": {"status": "existing", "bHeight": 105.4, "name": "Vela", "levels": "31"}, "geometry": {"type": "Polygon", "coordinates": [[[55.2888777, 25.1897314], [55.2888321, 25.1900203], [55.2889988, 25.1902245], [55.2891272, 25.1903819], [55.2891768, 25.1903771], [55.2892244, 25.1903467], [55.2892479, 25.1902994], [55.2892027, 25.1902416], [55.2890601, 25.1900494], [55.2892962, 25.1900817], [55.2893462, 25.1897824], [55.2888777, 25.1897314]]]}}, {"type": "Feature", "properties": {"status": "existing", "bHeight": 65.0, "name": "Park Central", "levels": "16"}, "geometry": {"type": "Polygon", "coordinates": [[[55.2708042, 25.1789639], [55.2711046, 25.1792824], [55.2714346, 25.1790344], [55.27141, 25.1790128], [55.271352, 25.1789619], [55.2713907, 25.1789333], [55.2712134, 25.1787323], [55.2711731, 25.1787607], [55.2711369, 25.1787215], [55.2708042, 25.1789639]]]}}, {"type": "Feature", "properties": {"status": "existing", "bHeight": 60.0, "name": "Central 1", "levels": "18"}, "geometry": {"type": "Polygon", "coordinates": [[[55.2707536, 25.1783213], [55.2707087, 25.1782705], [55.2707377, 25.1782506], [55.2705695, 25.178077], [55.2705428, 25.1780967], [55.2705413, 25.1780953], [55.2704881, 25.1780454], [55.2701921, 25.1782611], [55.2704507, 25.1785471], [55.2707536, 25.1783213]]]}}, {"type": "Feature", "properties": {"status": "existing", "bHeight": 65.0, "name": "Barceló Business Bay", "levels": "18"}, "geometry": {"type": "Polygon", "coordinates": [[[55.2713978, 25.1795941], [55.2717164, 25.1793445], [55.27161, 25.1792249], [55.271643, 25.179198], [55.2715422, 25.1790863], [55.2715102, 25.1791127], [55.2714346, 25.1790344], [55.2711046, 25.1792824], [55.2713978, 25.1795941]]]}}, {"type": "Feature", "properties": {"status": "existing", "bHeight": 54.4, "name": "Sobha Ivory 1 Tower", "levels": "16"}, "geometry": {"type": "Polygon", "coordinates": [[[55.2713978, 25.1795941], [55.2717164, 25.1793445], [55.2718076, 25.1794456], [55.2718382, 25.1794219], [55.2720036, 25.1795991], [55.2719661, 25.1796265], [55.272026, 25.179698], [55.2717254, 25.1799279], [55.2713978, 25.1795941]]]}}, {"type": "Feature", "properties": {"status": "existing", "bHeight": 8.0, "name": "", "levels": ""}, "geometry": {"type": "Polygon", "coordinates": [[[55.2766188, 25.1805306], [55.2766273, 25.1805661], [55.276651, 25.1805955], [55.2766858, 25.1806137], [55.2767257, 25.1806177], [55.2767601, 25.1806086], [55.2767885, 25.1805889], [55.2768071, 25.1805613], [55.2768134, 25.1805294], [55.2768066, 25.1804977], [55.2767876, 25.1804703], [55.2767589, 25.1804509], [55.2767245, 25.1804423], [55.2766846, 25.1804467], [55.2766501, 25.1804653], [55.2766268, 25.180495], [55.2766188, 25.1805306]]]}}, {"type": "Feature", "properties": {"status": "existing", "bHeight": 8.0, "name": "", "levels": ""}, "geometry": {"type": "Polygon", "coordinates": [[[55.2764093, 25.1805603], [55.2764179, 25.1805959], [55.2764416, 25.1806252], [55.2764763, 25.1806435], [55.2765163, 25.1806474], [55.2765506, 25.1806383], [55.276579, 25.1806187], [55.2765976, 25.180591], [55.276604, 25.1805592], [55.2765972, 25.1805274], [55.2765782, 25.1805], [55.2765495, 25.1804806], [55.276515, 25.180472], [55.2764751, 25.1804764], [55.2764406, 25.1804951], [55.2764174, 25.1805247], [55.2764093, 25.1805603]]]}}, {"type": "Feature", "properties": {"status": "existing", "bHeight": 191.0, "name": "Mable Arch Tower", "levels": "47"}, "geometry": {"type": "Polygon", "coordinates": [[[55.2652846, 25.1800719], [55.2654079, 25.1800604], [55.2652899, 25.1794753], [55.2646585, 25.1795774], [55.2646361, 25.179781], [55.2647724, 25.1799154], [55.2648584, 25.1799708], [55.2650511, 25.1800451], [55.2651736, 25.1800674], [55.2652846, 25.1800719]]]}}, {"type": "Feature", "properties": {"status": "existing", "bHeight": 68.0, "name": "The Quayside", "levels": "20"}, "geometry": {"type": "Polygon", "coordinates": [[[55.2651827, 25.1806611], [55.2652884, 25.1811729], [55.2656668, 25.1811054], [55.2656591, 25.181062], [55.2656996, 25.1810552], [55.2656198, 25.1806441], [55.2655781, 25.1806505], [55.2655677, 25.1805984], [55.2655005, 25.1806078], [55.2653123, 25.1806399], [55.2651827, 25.1806611]]]}}, {"type": "Feature", "properties": {"status": "existing", "bHeight": 93.5, "name": "Waterfall Tower", "levels": "23"}, "geometry": {"type": "Polygon", "coordinates": [[[55.2658362, 25.1810765], [55.2657339, 25.1805708], [55.266161, 25.1805138], [55.2662719, 25.1809987], [55.2658362, 25.1810765]]]}}, {"type": "Feature", "properties": {"status": "existing", "bHeight": 142.8, "name": "Vela Viento", "levels": "42"}, "geometry": {"type": "Polygon", "coordinates": [[[55.2902578, 25.1901], [55.2899527, 25.1901771], [55.289897, 25.1903245], [55.2898518, 25.1904586], [55.2898451, 25.1904784], [55.2897877, 25.1906081], [55.2897214, 25.1907362], [55.2896349, 25.190896], [55.2896114, 25.1909319], [55.2896057, 25.1909627], [55.2896203, 25.1909896], [55.2897027, 25.191082], [55.2897258, 25.1910954], [55.2897515, 25.1911015], [55.289779, 25.1910903], [55.2904013, 25.1907638], [55.2904354, 25.1907404], [55.2904473, 25.1907154], [55.2904469, 25.190685], [55.2903503, 25.1902481], [55.2903403, 25.1901983], [55.2903195, 25.1901571], [55.2902933, 25.1901225], [55.2902578, 25.1901]]]}}, {"type": "Feature", "properties": {"status": "existing", "bHeight": 64.6, "name": "Urban Life", "levels": "19"}, "geometry": {"type": "Polygon", "coordinates": [[[55.2715113, 25.1773349], [55.271174, 25.1775875], [55.2712053, 25.1776231], [55.2712127, 25.1776314], [55.2711877, 25.1776524], [55.2711872, 25.1776567], [55.2713083, 25.1777757], [55.2713144, 25.1777763], [55.2713309, 25.1777634], [55.2713678, 25.1777991], [55.2714325, 25.1778028], [55.2717071, 25.1775915], [55.2717054, 25.177538], [55.2715113, 25.1773349]]]}}, {"type": "Feature", "properties": {"status": "existing", "bHeight": 70.0, "name": "Symphony Tower", "levels": "20"}, "geometry": {"type": "Polygon", "coordinates": [[[55.2679602, 25.1866618], [55.2679215, 25.1868374], [55.2678836, 25.1869903], [55.2678479, 25.1871511], [55.2673116, 25.1870499], [55.267399, 25.1866625], [55.2673898, 25.1863787], [55.2677322, 25.1862671], [55.267781, 25.1862758], [55.2678251, 25.1862938], [55.2678606, 25.1863262], [55.2679925, 25.1864786], [55.2679602, 25.1866618]]]}}, {"type": "Feature", "properties": {"status": "existing", "bHeight": 92.0, "name": "Eywa", "levels": "", "height_source": "osm_geom", "height_basis": "osm height · 75% of this footprint"}, "geometry": {"type": "Polygon", "coordinates": [[[55.2729503, 25.1832945], [55.2732351, 25.183331], [55.2735147, 25.1833087], [55.2734661, 25.1828644], [55.2729843, 25.1828657], [55.2729503, 25.1832945]]]}}, {"type": "Feature", "properties": {"status": "existing", "bHeight": 12.0, "name": "", "levels": "3"}, "geometry": {"type": "Polygon", "coordinates": [[[55.2670378, 25.183787], [55.2669503, 25.1836996], [55.2668715, 25.1836252], [55.2667437, 25.1835823], [55.2666695, 25.183588], [55.2666669, 25.1835585], [55.2665936, 25.1837722], [55.2663809, 25.1837148], [55.2663607, 25.1837599], [55.2665246, 25.1839262], [55.2666587, 25.1840637], [55.2670378, 25.183787]]]}}, {"type": "Feature", "properties": {"status": "existing", "bHeight": 88.0, "name": "The Crestmark", "levels": "22"}, "geometry": {"type": "Polygon", "coordinates": [[[55.2835398, 25.1868184], [55.2837749, 25.1873645], [55.2842107, 25.1872109], [55.2839757, 25.1866648], [55.2835398, 25.1868184]]]}}, {"type": "Feature", "properties": {"status": "existing", "bHeight": 84.0, "name": "House of Tenet", "levels": "21"}, "geometry": {"type": "Polygon", "coordinates": [[[55.2691409, 25.1788701], [55.2691107, 25.177833], [55.2695978, 25.1778215], [55.2696121, 25.1783147], [55.2696278, 25.1788585], [55.2691409, 25.1788701]]]}}, {"type": "Feature", "properties": {"status": "existing", "bHeight": 80.0, "name": "Century Tower", "levels": "26"}, "geometry": {"type": "Polygon", "coordinates": [[[55.2933658, 25.1849956], [55.2934133, 25.1850786], [55.2934313, 25.1855502], [55.2928286, 25.18556], [55.2927764, 25.1854171], [55.2926939, 25.1852792], [55.2930149, 25.1851446], [55.2933658, 25.1849956]]]}}, {"type": "Feature", "properties": {"status": "existing", "bHeight": 16.0, "name": "Four The Plaza A", "levels": "4"}, "geometry": {"type": "Polygon", "coordinates": [[[55.266626, 25.1841207], [55.2666024, 25.1841445], [55.266804, 25.1843511], [55.2669551, 25.1844945], [55.2669746, 25.1844775], [55.2669869, 25.184488], [55.2671194, 25.1843846], [55.267266, 25.1842702], [55.2672423, 25.1841142], [55.2672276, 25.1839467], [55.2673171, 25.183938], [55.2672304, 25.1838505], [55.2671571, 25.183899], [55.267102, 25.1838473], [55.2670378, 25.183787], [55.2666587, 25.1840637], [55.266612, 25.184106], [55.266626, 25.1841207]]]}}, {"type": "Feature", "properties": {"status": "existing", "bHeight": 12.0, "name": "", "levels": "3"}, "geometry": {"type": "Polygon", "coordinates": [[[55.267266, 25.1842702], [55.2671194, 25.1843846], [55.2672036, 25.1844751], [55.2674934, 25.1842509], [55.267266, 25.1842702]]]}}, {"type": "Feature", "properties": {"status": "existing", "bHeight": 84.0, "name": "VYB", "levels": "21"}, "geometry": {"type": "Polygon", "coordinates": [[[55.2738457, 25.1776382], [55.2737751, 25.1775592], [55.2736928, 25.1774717], [55.2736117, 25.1773994], [55.2735564, 25.177441], [55.2734752, 25.1773622], [55.2731721, 25.1776461], [55.2735092, 25.1780004], [55.2738548, 25.1777547], [55.2737845, 25.1776792], [55.2738457, 25.1776382]]]}}, {"type": "Feature", "properties": {"status": "existing", "bHeight": 32.0, "name": "Aquarise", "levels": "", "height_source": "osm_geom", "height_basis": "osm height · 37% of this footprint"}, "geometry": {"type": "Polygon", "coordinates": [[[55.2719914, 25.1760843], [55.2722716, 25.176181], [55.272569, 25.176298], [55.2728372, 25.1764355], [55.2732396, 25.1766734], [55.2735328, 25.176866], [55.2738857, 25.1771537], [55.2740639, 25.1773159], [55.2742232, 25.1772214], [55.2743214, 25.1771589], [55.2744001, 25.1770877], [55.2744231, 25.1769884], [55.274409, 25.1770036], [55.2744108, 25.1768903], [55.2743321, 25.1768094], [55.2742025, 25.1767786], [55.2740943, 25.176777], [55.2739441, 25.1767859], [55.2737599, 25.1767657], [55.2735042, 25.1766217], [55.273134, 25.1763886], [55.272755, 25.1761556], [55.2726647, 25.1760601], [55.2726299, 25.1759663], [55.272607, 25.1758445], [55.2725813, 25.1757804], [55.2725091, 25.1757486], [55.2724362, 25.1757531], [55.2723542, 25.1757763], [55.2722292, 25.1758578], [55.2721823, 25.1758942], [55.2720952, 25.175963], [55.2720058, 25.1760319], [55.2719914, 25.1760843]]]}}, {"type": "Feature", "properties": {"status": "existing", "bHeight": 15.0, "name": "Regent Residences Dubai Sankari Place", "levels": "3"}, "geometry": {"type": "Polygon", "coordinates": [[[55.2864876, 25.1871836], [55.2863892, 25.1872475], [55.2862909, 25.1874069], [55.2862621, 25.1875318], [55.2864462, 25.1876147], [55.2865461, 25.1875182], [55.2865894, 25.1874156], [55.2867221, 25.1874683], [55.2867551, 25.18759], [55.2868979, 25.1876181], [55.2869775, 25.1875218], [55.2870097, 25.1872807], [55.2868282, 25.187237], [55.2867761, 25.187309], [55.2866489, 25.1872564], [55.2864876, 25.1871836]]]}}, {"type": "Feature", "properties": {"status": "existing", "bHeight": 15.8, "name": "The Edge", "levels": "4", "height_source": "osm_geom", "height_basis": "osm levels 4 · 100% of this footprint"}, "geometry": {"type": "Polygon", "coordinates": [[[55.2684058, 25.1887054], [55.2683149, 25.1890945], [55.269128, 25.1891022], [55.2691342, 25.1888408], [55.2685299, 25.1888273], [55.2685333, 25.1887026], [55.2684058, 25.1887054]]]}}, {"type": "Feature", "properties": {"status": "existing", "bHeight": 12.0, "name": "اينوك", "levels": ""}, "geometry": {"type": "Polygon", "coordinates": [[[55.2531715, 25.1781487], [55.2532408, 25.1780957], [55.2534375, 25.1783064], [55.2533682, 25.1783594], [55.2531715, 25.1781487]]]}}]}