{
"type": "FeatureCollection",
"name": "streets",
"crs": { "type": "name", "properties": { "name": "urn:ogc:def:crs:OGC:1.3:CRS84" } },
"features": [
{ "type": "Feature", "properties": { "osm_id": 10602763, "hw": "motorway_link", "nm": "", "lanes": 2, "oneway": "yes", "sw": 7.0, "swl": 0.0, "swr": 0.0, "nright": 2, "cline": "none", "key": "7.0|0.0|0.0|2|none", "bridge": 1, "net": "freeway", "len_m": 275.5 }, "geometry": { "type": "LineString", "coordinates": [ [ 55.2531574, 25.184376 ], [ 55.2530746, 25.184352 ], [ 55.2530098, 25.1843199 ], [ 55.2529489, 25.184282 ], [ 55.2528926, 25.1842387 ], [ 55.2528414, 25.1841905 ], [ 55.2522387, 25.1835945 ], [ 55.2512921, 25.1825821 ] ] } },
{ "type": "Feature", "properties": { "osm_id": 10602772, "hw": "primary", "nm": "Al Meydan Street", "lanes": 2, "oneway": "yes", "sw": 7.0, "swl": 3.0, "swr": 3.0, "nright": 2, "cline": "none", "key": "7.0|3.0|3.0|2|none", "bridge": 1, "net": "surface", "len_m": 84.5 }, "geometry": { "type": "LineString", "coordinates": [ [ 55.250272502553464, 25.17975627310464 ], [ 55.2509338, 25.1792872 ] ] } },
{ "type": "Feature", "properties": { "osm_id": 10602773, "hw": "primary", "nm": "Al Meydan Street", "lanes": 2, "oneway": "yes", "sw": 7.0, "swl": 3.0, "swr": 3.0, "nright": 2, "cline": "none", "key": "7.0|3.0|3.0|2|none", "bridge": 1, "net": "surface", "len_m": 93.6 }, "geometry": { "type": "LineString", "coordinates": [ [ 55.2510052, 25.1793582 ], [ 55.250272502553464, 25.179877460930342 ] ] } },
{ "type": "Feature", "properties": { "osm_id": 10706812, "hw": "motorway_link", "nm": "", "lanes": 2, "oneway": "yes", "sw": 7.0, "swl": 0.0, "swr": 0.0, "nright": 2, "cline": "none", "key": "7.0|0.0|0.0|2|none", "bridge": 0, "net": "freeway", "len_m": 871.7 }, "geometry": { "type": "LineString", "coordinates": [ [ 55.2859278, 25.1815745 ], [ 55.2861012, 25.181613 ], [ 55.2862706, 25.1816544 ], [ 55.2864387, 25.1816998 ], [ 55.2866055, 25.1817491 ], [ 55.2867707, 25.1818023 ], [ 55.2869132, 25.1818455 ], [ 55.2870572, 25.1818841 ], [ 55.2872027, 25.1819182 ], [ 55.2873945, 25.1819559 ], [ 55.287588, 25.1819857 ], [ 55.2877828, 25.1820075 ], [ 55.2879785, 25.1820214 ], [ 55.2881957, 25.1820204 ], [ 55.2884126, 25.1820101 ], [ 55.2886288, 25.1819905 ], [ 55.2888436, 25.1819616 ], [ 55.2890308, 25.1819287 ], [ 55.2892163, 25.1818887 ], [ 55.2893997, 25.1818417 ], [ 55.2895808, 25.1817878 ], [ 55.2897612, 25.1817322 ], [ 55.2905403, 25.1814916 ], [ 55.2906754, 25.1814425 ], [ 55.2908131, 25.1814001 ], [ 55.2909533, 25.1813645 ], [ 55.2910953, 25.1813358 ], [ 55.2912388, 25.1813141 ], [ 55.2913835, 25.1812994 ], [ 55.2915486, 25.1812913 ], [ 55.291714, 25.1812924 ], [ 55.291879, 25.1813027 ], [ 55.292043, 25.1813221 ], [ 55.2922054, 25.1813506 ], [ 55.2923858, 25.1813985 ], [ 55.292562, 25.1814578 ], [ 55.2927066, 25.181519 ], [ 55.2928469, 25.1815878 ], [ 55.2929825, 25.1816641 ], [ 55.2931191, 25.1817511 ], [ 55.2932442, 25.1818408 ], [ 55.2933623, 25.1819441 ], [ 55.2934659, 25.1820484 ], [ 55.2935681, 25.1821593 ], [ 55.2936617, 25.1822763 ], [ 55.2937461, 25.1823989 ], [ 55.2938456, 25.1825701 ] ] } },
{ "type": "Feature", "properties": { "osm_id": 10706816, "hw": "motorway_link", "nm": "", "lanes": 2, "oneway": "yes", "sw": 7.0, "swl": 0.0, "swr": 0.0, "nright": 2, "cline": "none", "key": "7.0|0.0|0.0|2|none", "bridge": 1, "net": "freeway", "len_m": 130.1 }, "geometry": { "type": "LineString", "coordinates": [ [ 55.2938456, 25.1825701 ], [ 55.2939095, 25.1826871 ], [ 55.2939653, 25.1828074 ], [ 55.2940129, 25.1829305 ], [ 55.2940521, 25.1830561 ], [ 55.2940828, 25.1831835 ], [ 55.2941048, 25.1833125 ], [ 55.2941182, 25.1834424 ], [ 55.2941227, 25.1835728 ], [ 55.2941185, 25.1837032 ] ] } },
{ "type": "Feature", "properties": { "osm_id": 10707097, "hw": "motorway_link", "nm": "", "lanes": 2, "oneway": "yes", "sw": 7.0, "swl": 0.0, "swr": 0.0, "nright": 2, "cline": "none", "key": "7.0|0.0|0.0|2|none", "bridge": 0, "net": "freeway", "len_m": 311.7 }, "geometry": { "type": "LineString", "coordinates": [ [ 55.2941185, 25.1837032 ], [ 55.2940124, 25.1861694 ], [ 55.2940116, 25.1862647 ], [ 55.2940164, 25.1863611 ], [ 55.2940316, 25.1864292 ], [ 55.294046, 25.1865125 ] ] } },
{ "type": "Feature", "properties": { "osm_id": 10707502, "hw": "motorway_link", "nm": "", "lanes": 2, "oneway": "yes", "sw": 7.0, "swl": 0.0, "swr": 0.0, "nright": 2, "cline": "none", "key": "7.0|0.0|0.0|2|none", "bridge": 0, "net": "freeway", "len_m": 586.8 }, "geometry": { "type": "LineString", "coordinates": [ [ 55.293696, 25.1825821 ], [ 55.2935894, 25.1824026 ], [ 55.2934622, 25.1822311 ], [ 55.2933124, 25.1820759 ], [ 55.2931667, 25.1819577 ], [ 55.2929567, 25.1818084 ], [ 55.2928029, 25.1817134 ], [ 55.2925941, 25.1816156 ], [ 55.2924065, 25.181542 ], [ 55.2922278, 25.1815075 ], [ 55.2920651, 25.1814956 ], [ 55.2919185, 25.1815156 ], [ 55.2917781, 25.1815587 ], [ 55.2916574, 25.1816336 ], [ 55.2915566, 25.1817297 ], [ 55.2914804, 25.1818427 ], [ 55.2914293, 25.1819791 ], [ 55.2914138, 25.1821224 ], [ 55.2914348, 25.1822651 ], [ 55.2914991, 25.1823955 ], [ 55.2915931, 25.1825102 ], [ 55.2917098, 25.1826071 ], [ 55.2919028, 25.182685 ], [ 55.2920557, 25.1827105 ], [ 55.2923534, 25.1827312 ], [ 55.2932582, 25.182778 ], [ 55.293359, 25.1827834 ], [ 55.2934739, 25.1827905 ], [ 55.2935607, 25.1828003 ], [ 55.2937129, 25.18282 ] ] } },
{ "type": "Feature", "properties": { "osm_id": 10707504, "hw": "motorway_link", "nm": "", "lanes": 2, "oneway": "yes", "sw": 7.0, "swl": 0.0, "swr": 0.0, "nright": 2, "cline": "none", "key": "7.0|0.0|0.0|2|none", "bridge": 1, "net": "freeway", "len_m": 128.0 }, "geometry": { "type": "LineString", "coordinates": [ [ 55.2939796, 25.1836952 ], [ 55.2939773, 25.1835028 ], [ 55.2939567, 25.1833112 ], [ 55.2939179, 25.183122 ], [ 55.2938612, 25.1829365 ], [ 55.2937871, 25.1827561 ], [ 55.293696, 25.1825821 ] ] } },
{ "type": "Feature", "properties": { "osm_id": 10707635, "hw": "motorway_link", "nm": "", "lanes": 2, "oneway": "yes", "sw": 7.0, "swl": 0.0, "swr": 0.0, "nright": 2, "cline": "none", "key": "7.0|0.0|0.0|2|none", "bridge": 0, "net": "freeway", "len_m": 311.9 }, "geometry": { "type": "LineString", "coordinates": [ [ 55.2938131, 25.1865039 ], [ 55.2938448, 25.1863999 ], [ 55.2938522, 25.1863587 ], [ 55.2938582, 25.1863077 ], [ 55.2939796, 25.1836952 ] ] } },
{ "type": "Feature", "properties": { "osm_id": 10709218, "hw": "motorway_link", "nm": "", "lanes": 2, "oneway": "yes", "sw": 7.0, "swl": 0.0, "swr": 0.0, "nright": 2, "cline": "none", "key": "7.0|0.0|0.0|2|none", "bridge": 0, "net": "freeway", "len_m": 805.4 }, "geometry": { "type": "LineString", "coordinates": [ [ 55.2938131, 25.1865039 ], [ 55.2937985, 25.1863993 ], [ 55.2937938, 25.1863496 ], [ 55.2937938, 25.1863004 ], [ 55.2938005, 25.1856912 ], [ 55.2937952, 25.1853866 ], [ 55.2937767, 25.1850681 ], [ 55.293773, 25.1849601 ], [ 55.2937628, 25.1848437 ], [ 55.2937392, 25.1847154 ], [ 55.2937024, 25.1845896 ], [ 55.2936525, 25.1844676 ], [ 55.2935755, 25.1843237 ], [ 55.2935012, 25.1842122 ], [ 55.2934157, 25.1841076 ], [ 55.293341, 25.184031 ], [ 55.2932604, 25.1839594 ], [ 55.2931741, 25.1838934 ], [ 55.2930826, 25.1838335 ], [ 55.2929903, 25.1837818 ], [ 55.2928944, 25.183736 ], [ 55.2927954, 25.183696 ], [ 55.2926935, 25.1836622 ], [ 55.2925894, 25.1836347 ], [ 55.2924835, 25.1836135 ], [ 55.2923763, 25.1835989 ], [ 55.2918955, 25.1835316 ], [ 55.2908327, 25.1833635 ], [ 55.2903163, 25.1832761 ], [ 55.2898355, 25.1831956 ], [ 55.2894714, 25.1831288 ], [ 55.289109, 25.1830577 ], [ 55.2887487, 25.1829787 ], [ 55.2883906, 25.1828918 ] ] } },
{ "type": "Feature", "properties": { "osm_id": 10709316, "hw": "motorway_link", "nm": "", "lanes": 2, "oneway": "yes", "sw": 7.0, "swl": 0.0, "swr": 0.0, "nright": 2, "cline": "none", "key": "7.0|0.0|0.0|2|none", "bridge": 0, "net": "freeway", "len_m": 213.2 }, "geometry": { "type": "LineString", "coordinates": [ [ 55.294920297446538, 25.183827340754949 ], [ 55.2948695, 25.1838633 ], [ 55.294749, 25.1839586 ], [ 55.2946391, 25.1840638 ], [ 55.2945409, 25.1841781 ], [ 55.2944552, 25.1843004 ], [ 55.2943828, 25.1844295 ], [ 55.2943245, 25.1845644 ], [ 55.2942807, 25.1847036 ], [ 55.2942552, 25.1848567 ], [ 55.294159, 25.1855472 ] ] } },
{ "type": "Feature", "properties": { "osm_id": 10764969, "hw": "primary", "nm": "Al Meydan Street", "lanes": 2, "oneway": "yes", "sw": 7.0, "swl": 3.0, "swr": 3.0, "nright": 2, "cline": "none", "key": "7.0|3.0|3.0|2|none", "bridge": 0, "net": "surface", "len_m": 561.3 }, "geometry": { "type": "LineString", "coordinates": [ [ 55.259003, 25.1736223 ], [ 55.260517, 25.1725968 ], [ 55.2608695, 25.1723565 ], [ 55.2610172, 25.1722558 ], [ 55.2613625, 25.172033 ], [ 55.2617065, 25.171811 ], [ 55.262247, 25.1714729 ], [ 55.2626491, 25.1712316 ], [ 55.2628798, 25.1710917 ], [ 55.2631151, 25.1709583 ], [ 55.2633547, 25.1708314 ], [ 55.263569298530832, 25.170730833237513 ] ] } },
{ "type": "Feature", "properties": { "osm_id": 12855751, "hw": "residential", "nm": "30b Street", "lanes": 2, "oneway": "no", "sw": 7.0, "swl": 2.0, "swr": 2.0, "nright": 1, "cline": "white", "key": "7.0|2.0|2.0|1|white", "bridge": 0, "net": "surface", "len_m": 276.9 }, "geometry": { "type": "LineString", "coordinates": [ [ 55.250272502553464, 25.191433301234341 ], [ 55.2506814, 25.1920184 ], [ 55.2508373, 25.1922546 ], [ 55.2511215, 25.1926616 ], [ 55.2513235, 25.1929517 ], [ 55.251527, 25.1932451 ], [ 55.2517379, 25.1935473 ] ] } },
{ "type": "Feature", "properties": { "osm_id": 12855928, "hw": "residential", "nm": "58b Street", "lanes": 2, "oneway": "no", "sw": 7.0, "swl": 2.0, "swr": 2.0, "nright": 1, "cline": "white", "key": "7.0|2.0|2.0|1|white", "bridge": 0, "net": "surface", "len_m": 219.3 }, "geometry": { "type": "LineString", "coordinates": [ [ 55.2535287, 25.1874628 ], [ 55.2537571, 25.1877002 ], [ 55.2539452, 25.187897 ], [ 55.2541087, 25.18807 ], [ 55.2542969, 25.1882815 ], [ 55.2543759, 25.1883631 ], [ 55.2546928, 25.1887131 ], [ 55.2549238, 25.1889818 ] ] } },
{ "type": "Feature", "properties": { "osm_id": 12855958, "hw": "residential", "nm": "47c Street", "lanes": 2, "oneway": "no", "sw": 7.0, "swl": 2.0, "swr": 2.0, "nright": 1, "cline": "white", "key": "7.0|2.0|2.0|1|white", "bridge": 0, "net": "surface", "len_m": 314.4 }, "geometry": { "type": "LineString", "coordinates": [ [ 55.2514162, 25.1895484 ], [ 55.25168, 25.189399 ], [ 55.2521292, 25.1891446 ], [ 55.2521843, 25.1891132 ], [ 55.2524633, 25.1889543 ], [ 55.2526346, 25.1888571 ], [ 55.2527046, 25.1888157 ], [ 55.2527453, 25.1887896 ], [ 55.2527924, 25.1887583 ], [ 55.2529176, 25.1886651 ], [ 55.2529983, 25.1886046 ], [ 55.2530304, 25.1885798 ], [ 55.2539452, 25.187897 ] ] } },
{ "type": "Feature", "properties": { "osm_id": 12855972, "hw": "residential", "nm": "40b Street", "lanes": 2, "oneway": "no", "sw": 7.0, "swl": 2.0, "swr": 2.0, "nright": 1, "cline": "white", "key": "7.0|2.0|2.0|1|white", "bridge": 0, "net": "surface", "len_m": 365.9 }, "geometry": { "type": "LineString", "coordinates": [ [ 55.250272502553464, 25.187892354959295 ], [ 55.2506532, 25.1884447 ], [ 55.2506987, 25.1885107 ], [ 55.2509222, 25.1888352 ], [ 55.2514162, 25.1895484 ], [ 55.2517428, 25.1900229 ], [ 55.2518111, 25.1901192 ], [ 55.2518882, 25.1902278 ], [ 55.2519264, 25.1902816 ], [ 55.2522052, 25.1906881 ] ] } },
{ "type": "Feature", "properties": { "osm_id": 12856008, "hw": "residential", "nm": "45 Street", "lanes": 2, "oneway": "no", "sw": 7.0, "swl": 2.0, "swr": 2.0, "nright": 1, "cline": "white", "key": "7.0|2.0|2.0|1|white", "bridge": 0, "net": "surface", "len_m": 143.2 }, "geometry": { "type": "LineString", "coordinates": [ [ 55.2539296, 25.1899871 ], [ 55.2541127, 25.1898474 ], [ 55.2541957, 25.1897841 ], [ 55.2542853, 25.1897159 ], [ 55.2544447, 25.1895943 ], [ 55.2544781, 25.1895688 ], [ 55.2545214, 25.1895343 ], [ 55.2548372, 25.1892841 ], [ 55.255012, 25.1891495 ] ] } },
{ "type": "Feature", "properties": { "osm_id": 12856168, "hw": "residential", "nm": "24b Street", "lanes": 2, "oneway": "no", "sw": 7.0, "swl": 2.0, "swr": 2.0, "nright": 1, "cline": "white", "key": "7.0|2.0|2.0|1|white", "bridge": 0, "net": "surface", "len_m": 95.1 }, "geometry": { "type": "LineString", "coordinates": [ [ 55.250272502553464, 25.192951422708528 ], [ 55.2503242, 25.1930258 ], [ 55.2503417, 25.1930482 ], [ 55.2507547, 25.1936447 ], [ 55.2507771, 25.1936771 ] ] } },
{ "type": "Feature", "properties": { "osm_id": 12856244, "hw": "residential", "nm": "43b Street", "lanes": 2, "oneway": "no", "sw": 7.0, "swl": 2.0, "swr": 2.0, "nright": 1, "cline": "white", "key": "7.0|2.0|2.0|1|white", "bridge": 0, "net": "surface", "len_m": 6.2 }, "geometry": { "type": "LineString", "coordinates": [ [ 55.250272502553464, 25.193055348037134 ], [ 55.2503242, 25.1930258 ] ] } },
{ "type": "Feature", "properties": { "osm_id": 12856285, "hw": "residential", "nm": "48b Street", "lanes": 2, "oneway": "no", "sw": 7.0, "swl": 2.0, "swr": 2.0, "nright": 1, "cline": "white", "key": "7.0|2.0|2.0|1|white", "bridge": 0, "net": "surface", "len_m": 344.7 }, "geometry": { "type": "LineString", "coordinates": [ [ 55.255434, 25.1932183 ], [ 55.2548632, 25.1926024 ], [ 55.2544013, 25.1921065 ], [ 55.2542817, 25.1919805 ], [ 55.2535741, 25.1912132 ], [ 55.2532322, 25.1908378 ] ] } },
{ "type": "Feature", "properties": { "osm_id": 12856328, "hw": "residential", "nm": "37 Street", "lanes": 2, "oneway": "no", "sw": 7.0, "swl": 2.0, "swr": 2.0, "nright": 1, "cline": "white", "key": "7.0|2.0|2.0|1|white", "bridge": 0, "net": "surface", "len_m": 158.2 }, "geometry": { "type": "LineString", "coordinates": [ [ 55.250272502553464, 25.195738750765756 ], [ 55.2515982, 25.1949737 ] ] } },
{ "type": "Feature", "properties": { "osm_id": 12856492, "hw": "residential", "nm": "36b Street", "lanes": 2, "oneway": "no", "sw": 7.0, "swl": 2.0, "swr": 2.0, "nright": 1, "cline": "white", "key": "7.0|2.0|2.0|1|white", "bridge": 0, "net": "surface", "len_m": 118.8 }, "geometry": { "type": "LineString", "coordinates": [ [ 55.254889044740949, 25.196436766762485 ], [ 55.2547661, 25.1962632 ], [ 55.2545904, 25.1960152 ], [ 55.2542567, 25.1955313 ] ] } },
{ "type": "Feature", "properties": { "osm_id": 12856498, "hw": "residential", "nm": "31 Street", "lanes": 2, "oneway": "no", "sw": 7.0, "swl": 2.0, "swr": 2.0, "nright": 1, "cline": "white", "key": "7.0|2.0|2.0|1|white", "bridge": 0, "net": "surface", "len_m": 87.0 }, "geometry": { "type": "LineString", "coordinates": [ [ 55.253861768024002, 25.196436766762485 ], [ 55.2539325, 25.1963959 ], [ 55.2545904, 25.1960152 ] ] } },
{ "type": "Feature", "properties": { "osm_id": 24036626, "hw": "motorway", "nm": "Al Khail Road", "lanes": 3, "oneway": "yes", "sw": 10.5, "swl": 0.0, "swr": 0.0, "nright": 3, "cline": "none", "key": "10.5|0.0|0.0|3|none", "bridge": 0, "net": "freeway", "len_m": 388.5 }, "geometry": { "type": "LineString", "coordinates": [ [ 55.2833463, 25.1807976 ], [ 55.2835594, 25.1808663 ], [ 55.2837696, 25.1809417 ], [ 55.2839767, 25.1810239 ], [ 55.2841805, 25.1811127 ], [ 55.2843806, 25.181208 ], [ 55.2845641, 25.1813029 ], [ 55.2847441, 25.1814032 ], [ 55.2849202, 25.1815089 ], [ 55.2850924, 25.1816199 ], [ 55.2852604, 25.181736 ], [ 55.2854115, 25.1818482 ], [ 55.2855585, 25.1819647 ], [ 55.2857013, 25.1820856 ], [ 55.2858397, 25.1822105 ], [ 55.2859921, 25.1823579 ], [ 55.2861384, 25.1825104 ], [ 55.2862783, 25.1826676 ], [ 55.2864117, 25.1828294 ] ] } },
{ "type": "Feature", "properties": { "osm_id": 24037079, "hw": "residential", "nm": "1a Street", "lanes": 2, "oneway": "no", "sw": 7.0, "swl": 2.0, "swr": 2.0, "nright": 1, "cline": "white", "key": "7.0|2.0|2.0|1|white", "bridge": 0, "net": "surface", "len_m": 511.2 }, "geometry": { "type": "LineString", "coordinates": [ [ 55.2561653, 25.1738265 ], [ 55.2563323, 25.173699 ], [ 55.256656, 25.1734518 ], [ 55.2568336, 25.1733162 ], [ 55.257261, 25.1729898 ], [ 55.2575644, 25.1727582 ], [ 55.2578575, 25.1725279 ], [ 55.2584665, 25.1720694 ], [ 55.2587595, 25.1718456 ], [ 55.2590728, 25.1716064 ], [ 55.2594897, 25.171288 ], [ 55.2596687, 25.1711513 ], [ 55.2600503, 25.1708604 ] ] } },
{ "type": "Feature", "properties": { "osm_id": 24293103, "hw": "motorway_link", "nm": "", "lanes": 2, "oneway": "yes", "sw": 7.0, "swl": 0.0, "swr": 0.0, "nright": 2, "cline": "none", "key": "7.0|0.0|0.0|2|none", "bridge": 0, "net": "freeway", "len_m": 293.0 }, "geometry": { "type": "LineString", "coordinates": [ [ 55.2705819, 25.1725146 ], [ 55.270344, 25.1722978 ], [ 55.2701117, 25.172076 ], [ 55.2698852, 25.1718494 ], [ 55.2696646, 25.1716181 ], [ 55.26945, 25.1713822 ], [ 55.2692865, 25.1712095 ], [ 55.2692007, 25.1711265 ], [ 55.2691087, 25.1710492 ], [ 55.2690109, 25.1709778 ], [ 55.2689079, 25.1709128 ], [ 55.2688001, 25.1708545 ], [ 55.2686881, 25.1708031 ], [ 55.2685724, 25.170759 ], [ 55.268481470342842, 25.170730833237513 ] ] } },
{ "type": "Feature", "properties": { "osm_id": 24864475, "hw": "trunk", "nm": "Financial Center Street", "lanes": 3, "oneway": "yes", "sw": 10.5, "swl": 0.0, "swr": 0.0, "nright": 3, "cline": "none", "key": "10.5|0.0|0.0|3|none", "bridge": 0, "net": "freeway", "len_m": 302.2 }, "geometry": { "type": "LineString", "coordinates": [ [ 55.294046, 25.1865125 ], [ 55.293979, 25.1876918 ], [ 55.2939754, 25.1879598 ], [ 55.2939627, 25.1882276 ], [ 55.2939409, 25.188495 ], [ 55.2939127, 25.1887413 ], [ 55.2938333, 25.1892312 ] ] } },
{ "type": "Feature", "properties": { "osm_id": 47515514, "hw": "tertiary", "nm": "", "lanes": 2, "oneway": "yes", "sw": 7.0, "swl": 2.5, "swr": 2.5, "nright": 2, "cline": "none", "key": "7.0|2.5|2.5|2|none", "bridge": 0, "net": "surface", "len_m": 86.3 }, "geometry": { "type": "LineString", "coordinates": [ [ 55.2793301, 25.1945183 ], [ 55.2793532, 25.1945096 ], [ 55.2793948, 25.1945039 ], [ 55.2794418, 25.1945116 ], [ 55.2794832, 25.1945335 ], [ 55.2795138, 25.1945669 ], [ 55.2795299, 25.1946093 ], [ 55.2795285, 25.1946541 ], [ 55.2795135, 25.1946897 ], [ 55.2794873, 25.1947195 ], [ 55.2794524, 25.1947407 ], [ 55.2794121, 25.1947514 ], [ 55.2793684, 25.1947502 ], [ 55.2793273, 25.1947366 ], [ 55.2792881, 25.194707 ], [ 55.2792636, 25.1946664 ], [ 55.2792572, 25.1946205 ], [ 55.2792697, 25.1945757 ], [ 55.2792866, 25.194551 ], [ 55.2793086, 25.1945306 ], [ 55.2793301, 25.1945183 ] ] } },
{ "type": "Feature", "properties": { "osm_id": 50220417, "hw": "motorway", "nm": "Ras Al Khor Road", "lanes": 3, "oneway": "yes", "sw": 10.5, "swl": 0.0, "swr": 0.0, "nright": 3, "cline": "none", "key": "10.5|0.0|0.0|3|none", "bridge": 0, "net": "freeway", "len_m": 796.5 }, "geometry": { "type": "LineString", "coordinates": [ [ 55.2859278, 25.1815745 ], [ 55.286466, 25.1818173 ], [ 55.2866082, 25.1818787 ], [ 55.2867519, 25.1819374 ], [ 55.2868969, 25.1819933 ], [ 55.2874138, 25.1821811 ], [ 55.2877828, 25.1823095 ], [ 55.2881682, 25.1824323 ], [ 55.2885479, 25.1825386 ], [ 55.288939, 25.1826295 ], [ 55.2893333, 25.1827049 ], [ 55.2899972, 25.1828355 ], [ 55.2902815, 25.1828792 ], [ 55.2905947, 25.1829108 ], [ 55.2912849, 25.1829689 ], [ 55.2916252, 25.1829913 ], [ 55.2919827, 25.1830103 ], [ 55.2923673, 25.1830256 ], [ 55.2927092, 25.1830346 ], [ 55.2930942, 25.1830398 ], [ 55.2935716, 25.1830324 ] ] } },
{ "type": "Feature", "properties": { "osm_id": 50223326, "hw": "motorway", "nm": "Ras Al Khor Road", "lanes": 3, "oneway": "yes", "sw": 10.5, "swl": 0.0, "swr": 0.0, "nright": 3, "cline": "none", "key": "10.5|0.0|0.0|3|none", "bridge": 1, "net": "freeway", "len_m": 179.8 }, "geometry": { "type": "LineString", "coordinates": [ [ 55.2845218, 25.1822066 ], [ 55.2843004, 25.1821164 ], [ 55.2840708, 25.1820175 ], [ 55.2838723, 25.1819301 ], [ 55.2836739, 25.1818403 ], [ 55.2834768, 25.1817419 ], [ 55.2832069, 25.1816027 ], [ 55.2829424, 25.1814553 ] ] } },
{ "type": "Feature", "properties": { "osm_id": 50372776, "hw": "motorway_link", "nm": "", "lanes": 1, "oneway": "yes", "sw": 3.5, "swl": 0.0, "swr": 0.0, "nright": 1, "cline": "none", "key": "3.5|0.0|0.0|1|none", "bridge": 1, "net": "freeway", "len_m": 182.4 }, "geometry": { "type": "LineString", "coordinates": [ [ 55.2845218, 25.1822066 ], [ 55.2844743, 25.1822169 ], [ 55.2844257, 25.1822209 ], [ 55.284377, 25.1822185 ], [ 55.2843291, 25.1822098 ], [ 55.2842831, 25.1821949 ], [ 55.2841325, 25.1821365 ], [ 55.2839886, 25.1820806 ], [ 55.2838249, 25.1820128 ], [ 55.2836554, 25.1819407 ], [ 55.2834846, 25.1818617 ], [ 55.2828862, 25.181555 ] ] } },
{ "type": "Feature", "properties": { "osm_id": 50372779, "hw": "motorway_link", "nm": "", "lanes": 2, "oneway": "yes", "sw": 7.0, "swl": 0.0, "swr": 0.0, "nright": 2, "cline": "none", "key": "7.0|0.0|0.0|2|none", "bridge": 0, "net": "freeway", "len_m": 421.9 }, "geometry": { "type": "LineString", "coordinates": [ [ 55.2717067, 25.1725953 ], [ 55.2719794, 25.1728554 ], [ 55.272194, 25.1730524 ], [ 55.2724122, 25.1732462 ], [ 55.2726339, 25.1734367 ], [ 55.2728461, 25.1736227 ], [ 55.2730563, 25.1738106 ], [ 55.2737068, 25.1744186 ], [ 55.2740381, 25.1746983 ], [ 55.2743666, 25.1749806 ], [ 55.2746912, 25.1752645 ] ] } },
{ "type": "Feature", "properties": { "osm_id": 50810446, "hw": "motorway_link", "nm": "", "lanes": 3, "oneway": "yes", "sw": 10.5, "swl": 0.0, "swr": 0.0, "nright": 3, "cline": "none", "key": "10.5|0.0|0.0|3|none", "bridge": 0, "net": "freeway", "len_m": 488.0 }, "geometry": { "type": "LineString", "coordinates": [ [ 55.294920297446538, 25.195400236233528 ], [ 55.294871, 25.1953755 ], [ 55.2946979, 25.1952977 ], [ 55.2945211, 25.1952272 ], [ 55.2943758, 25.1951779 ], [ 55.2942289, 25.1951327 ], [ 55.2940805, 25.1950914 ], [ 55.2939308, 25.1950543 ], [ 55.29378, 25.1950213 ], [ 55.2921858, 25.1947043 ], [ 55.2920682, 25.1946828 ], [ 55.2919496, 25.194666 ], [ 55.2918303, 25.1946539 ], [ 55.2917106, 25.1946467 ], [ 55.2914948, 25.1946383 ], [ 55.2913596, 25.1946378 ], [ 55.2912245, 25.1946435 ], [ 55.2910899, 25.1946552 ], [ 55.2909561, 25.1946731 ], [ 55.2908235, 25.194697 ], [ 55.2906924, 25.1947269 ], [ 55.2905631, 25.1947627 ], [ 55.2904535, 25.194799 ], [ 55.2903461, 25.1948402 ], [ 55.2902411, 25.1948862 ] ] } },
{ "type": "Feature", "properties": { "osm_id": 50876994, "hw": "motorway_link", "nm": "", "lanes": 1, "oneway": "yes", "sw": 3.5, "swl": 0.0, "swr": 0.0, "nright": 1, "cline": "none", "key": "3.5|0.0|0.0|1|none", "bridge": 1, "net": "freeway", "len_m": 250.5 }, "geometry": { "type": "LineString", "coordinates": [ [ 55.2942465, 25.1933646 ], [ 55.2941923, 25.19334 ], [ 55.2941352, 25.193299 ], [ 55.2940842, 25.1932519 ], [ 55.2940399, 25.1931995 ], [ 55.2938941, 25.1930091 ], [ 55.2938414, 25.1929469 ], [ 55.2937814, 25.1928905 ], [ 55.2937147, 25.1928406 ], [ 55.2936422, 25.1927941 ], [ 55.2935648, 25.192759 ], [ 55.2934836, 25.1927319 ], [ 55.2933995, 25.1927133 ], [ 55.2933136, 25.1927034 ], [ 55.2932271, 25.1927023 ], [ 55.2931409, 25.19271 ], [ 55.2930563, 25.1927265 ], [ 55.2929743, 25.1927545 ], [ 55.2928958, 25.1927883 ], [ 55.2928221, 25.1928293 ], [ 55.2927538, 25.1928775 ], [ 55.2926921, 25.1929324 ], [ 55.2926375, 25.1929932 ], [ 55.2925635, 25.1930843 ], [ 55.292486, 25.1931729 ], [ 55.2924051, 25.193259 ], [ 55.2923294, 25.1933259 ] ] } },
{ "type": "Feature", "properties": { "osm_id": 64377964, "hw": "tertiary", "nm": "The Old Town Avenue", "lanes": 2, "oneway": "yes", "sw": 7.0, "swl": 2.5, "swr": 2.5, "nright": 2, "cline": "none", "key": "7.0|2.5|2.5|2|none", "bridge": 0, "net": "surface", "len_m": 152.0 }, "geometry": { "type": "LineString", "coordinates": [ [ 55.2772611, 25.1884009 ], [ 55.2772092, 25.1884244 ], [ 55.2771603, 25.1884529 ], [ 55.2771152, 25.188486 ], [ 55.2770716, 25.1885261 ], [ 55.2768925, 25.1887194 ], [ 55.2767223, 25.1889146 ], [ 55.2763735, 25.1893193 ], [ 55.2763434, 25.1893643 ], [ 55.2763197, 25.1893992 ], [ 55.2762984, 25.1894422 ] ] } },
{ "type": "Feature", "properties": { "osm_id": 79421000, "hw": "secondary", "nm": "AL Alam Street", "lanes": 2, "oneway": "yes", "sw": 7.0, "swl": 3.0, "swr": 3.0, "nright": 2, "cline": "none", "key": "7.0|3.0|3.0|2|none", "bridge": 0, "net": "surface", "len_m": 44.8 }, "geometry": { "type": "LineString", "coordinates": [ [ 55.2716684, 25.1876266 ], [ 55.2717545, 25.1877249 ], [ 55.2719457, 25.1879432 ] ] } },
{ "type": "Feature", "properties": { "osm_id": 80529420, "hw": "tertiary", "nm": "", "lanes": 2, "oneway": "yes", "sw": 7.0, "swl": 2.5, "swr": 2.5, "nright": 2, "cline": "none", "key": "7.0|2.5|2.5|2|none", "bridge": 0, "net": "surface", "len_m": 100.4 }, "geometry": { "type": "LineString", "coordinates": [ [ 55.2581122, 25.1884374 ], [ 55.2580708, 25.1884683 ], [ 55.2580209, 25.1884852 ], [ 55.2579677, 25.1884863 ], [ 55.2579171, 25.1884715 ], [ 55.2578746, 25.1884425 ], [ 55.257845, 25.1884025 ], [ 55.2578316, 25.1883559 ], [ 55.257835, 25.1883113 ], [ 55.2578533, 25.1882698 ], [ 55.2578848, 25.1882353 ], [ 55.2579264, 25.1882112 ], [ 55.2579742, 25.1881997 ], [ 55.2580236, 25.188202 ], [ 55.2580698, 25.188218 ], [ 55.2581084, 25.1882459 ], [ 55.2581357, 25.1882832 ], [ 55.2581474, 25.1883165 ], [ 55.25815, 25.1883514 ], [ 55.2581432, 25.1883858 ], [ 55.2581274, 25.1884176 ], [ 55.2581122, 25.1884374 ] ] } },
{ "type": "Feature", "properties": { "osm_id": 80529422, "hw": "tertiary", "nm": "", "lanes": 2, "oneway": "no", "sw": 7.0, "swl": 2.5, "swr": 2.5, "nright": 1, "cline": "white", "key": "7.0|2.5|2.5|1|white", "bridge": 0, "net": "surface", "len_m": 207.4 }, "geometry": { "type": "LineString", "coordinates": [ [ 55.2564156, 25.1867106 ], [ 55.2567478, 25.1870744 ], [ 55.2567908, 25.1871214 ], [ 55.2569658, 25.187313 ], [ 55.2570447, 25.1873994 ], [ 55.2570688, 25.1874252 ], [ 55.2574065, 25.1877871 ], [ 55.2576604, 25.1880591 ], [ 55.2577384, 25.1881446 ] ] } },
{ "type": "Feature", "properties": { "osm_id": 80529424, "hw": "tertiary", "nm": "", "lanes": 1, "oneway": "yes", "sw": 3.5, "swl": 2.5, "swr": 2.5, "nright": 1, "cline": "none", "key": "3.5|2.5|2.5|1|none", "bridge": 0, "net": "surface", "len_m": 303.3 }, "geometry": { "type": "LineString", "coordinates": [ [ 55.2581122, 25.1884374 ], [ 55.2581267, 25.1884986 ], [ 55.2581472, 25.1885584 ], [ 55.2581737, 25.1886162 ], [ 55.2582059, 25.1886716 ], [ 55.2582419, 25.1887242 ], [ 55.2582829, 25.1887758 ], [ 55.2583245, 25.188825 ], [ 55.2583697, 25.1888715 ], [ 55.2584163, 25.188917 ], [ 55.2585407, 25.1890275 ], [ 55.2586626, 25.1891403 ], [ 55.258782, 25.1892553 ], [ 55.2589421, 25.1894154 ], [ 55.2590995, 25.1895777 ], [ 55.2592542, 25.1897421 ], [ 55.2594063, 25.1899085 ], [ 55.2595689, 25.1900922 ], [ 55.2596065, 25.1901284 ], [ 55.259654, 25.1901542 ], [ 55.2597071, 25.1901684 ], [ 55.2597625, 25.1901702 ], [ 55.2598166, 25.1901595 ], [ 55.2598661, 25.1901369 ], [ 55.2599626, 25.19008 ], [ 55.2600081, 25.1900555 ], [ 55.260055, 25.1900331 ], [ 55.2601031, 25.1900131 ], [ 55.2601523, 25.1899953 ] ] } },
{ "type": "Feature", "properties": { "osm_id": 87364151, "hw": "secondary_link", "nm": "", "lanes": 5, "oneway": "yes", "sw": 17.5, "swl": 1.0, "swr": 1.0, "nright": 5, "cline": "none", "key": "17.5|1.0|1.0|5|none", "bridge": 0, "net": "surface", "len_m": 193.9 }, "geometry": { "type": "LineString", "coordinates": [ [ 55.2605019, 25.1723458 ], [ 55.2613126, 25.1718389 ], [ 55.262105, 25.1713795 ] ] } },
{ "type": "Feature", "properties": { "osm_id": 88652936, "hw": "tertiary", "nm": "Umm Amara Street", "lanes": 2, "oneway": "yes", "sw": 7.0, "swl": 2.5, "swr": 2.5, "nright": 2, "cline": "none", "key": "7.0|2.5|2.5|2|none", "bridge": 0, "net": "surface", "len_m": 123.2 }, "geometry": { "type": "LineString", "coordinates": [ [ 55.2577283, 25.1918301 ], [ 55.2577965, 25.1918032 ], [ 55.2578632, 25.1917731 ], [ 55.257928, 25.1917399 ], [ 55.2579782, 25.191711 ], [ 55.2580538, 25.1916569 ], [ 55.2585146, 25.1912521 ], [ 55.2585274, 25.1912408 ], [ 55.2585645, 25.1911956 ], [ 55.2585957, 25.1911469 ], [ 55.2586201, 25.1910954 ] ] } },
{ "type": "Feature", "properties": { "osm_id": 88652973, "hw": "tertiary", "nm": "Umm Amara Street", "lanes": 2, "oneway": "yes", "sw": 7.0, "swl": 2.5, "swr": 2.5, "nright": 2, "cline": "none", "key": "7.0|2.5|2.5|2|none", "bridge": 0, "net": "surface", "len_m": 251.3 }, "geometry": { "type": "LineString", "coordinates": [ [ 55.25572, 25.1934129 ], [ 55.2557727, 25.1933838 ], [ 55.2558239, 25.1933566 ], [ 55.2558736, 25.1933273 ], [ 55.2559218, 25.1932961 ], [ 55.256183, 25.1930798 ], [ 55.2569369, 25.1925218 ], [ 55.2575133, 25.1920708 ], [ 55.2575521, 25.1920336 ], [ 55.2575875, 25.1919937 ], [ 55.2576192, 25.1919514 ] ] } },
{ "type": "Feature", "properties": { "osm_id": 88652994, "hw": "tertiary", "nm": "Umm Amara Street", "lanes": 2, "oneway": "yes", "sw": 7.0, "swl": 2.5, "swr": 2.5, "nright": 2, "cline": "none", "key": "7.0|2.5|2.5|2|none", "bridge": 0, "net": "surface", "len_m": 78.4 }, "geometry": { "type": "LineString", "coordinates": [ [ 55.258445, 25.1914722 ], [ 55.2583181, 25.191585 ], [ 55.2581811, 25.1916872 ], [ 55.2580409, 25.1918004 ], [ 55.2579997, 25.1918389 ], [ 55.2579644, 25.1918818 ], [ 55.2579355, 25.1919286 ], [ 55.257913, 25.1919782 ] ] } },
{ "type": "Feature", "properties": { "osm_id": 88653050, "hw": "motorway_link", "nm": "", "lanes": 1, "oneway": "yes", "sw": 3.5, "swl": 0.0, "swr": 0.0, "nright": 1, "cline": "none", "key": "3.5|0.0|0.0|1|none", "bridge": 0, "net": "freeway", "len_m": 237.0 }, "geometry": { "type": "LineString", "coordinates": [ [ 55.2610238, 25.1928661 ], [ 55.2609204, 25.1928098 ], [ 55.2608198, 25.1927493 ], [ 55.2607225, 25.1926847 ], [ 55.2606286, 25.1926161 ], [ 55.2605382, 25.1925437 ], [ 55.2604516, 25.1924676 ], [ 55.2601456, 25.192168 ], [ 55.2600545, 25.1920798 ], [ 55.259966, 25.1919895 ], [ 55.2598801, 25.1918971 ], [ 55.2593801, 25.1913526 ] ] } },
{ "type": "Feature", "properties": { "osm_id": 88653052, "hw": "tertiary", "nm": "", "lanes": 2, "oneway": "yes", "sw": 7.0, "swl": 2.5, "swr": 2.5, "nright": 2, "cline": "none", "key": "7.0|2.5|2.5|2|none", "bridge": 0, "net": "surface", "len_m": 22.2 }, "geometry": { "type": "LineString", "coordinates": [ [ 55.25572, 25.1934129 ], [ 55.2557632, 25.1934214 ], [ 55.2558011, 25.1934419 ], [ 55.2558297, 25.1934724 ], [ 55.255846, 25.1935096 ], [ 55.2558482, 25.1935496 ] ] } },
{ "type": "Feature", "properties": { "osm_id": 88653074, "hw": "motorway_link", "nm": "", "lanes": 1, "oneway": "yes", "sw": 3.5, "swl": 0.0, "swr": 0.0, "nright": 1, "cline": "none", "key": "3.5|0.0|0.0|1|none", "bridge": 0, "net": "freeway", "len_m": 54.1 }, "geometry": { "type": "LineString", "coordinates": [ [ 55.2593801, 25.1913526 ], [ 55.2593388, 25.1913243 ], [ 55.2592862, 25.1912767 ], [ 55.2592071, 25.1911968 ], [ 55.2591689, 25.1911741 ], [ 55.2591347, 25.1911626 ], [ 55.2590818, 25.1911676 ], [ 55.2590298, 25.1911982 ], [ 55.2590122, 25.1912361 ], [ 55.2590112, 25.1912822 ] ] } },
{ "type": "Feature", "properties": { "osm_id": 88653089, "hw": "tertiary", "nm": "", "lanes": 2, "oneway": "no", "sw": 7.0, "swl": 2.5, "swr": 2.5, "nright": 1, "cline": "white", "key": "7.0|2.5|2.5|1|white", "bridge": 0, "net": "surface", "len_m": 47.7 }, "geometry": { "type": "LineString", "coordinates": [ [ 55.2576192, 25.1919514 ], [ 55.257626, 25.1919187 ], [ 55.2576415, 25.1918885 ], [ 55.2576648, 25.1918627 ], [ 55.2576944, 25.191843 ], [ 55.2577283, 25.1918301 ], [ 55.2577696, 25.1918259 ], [ 55.2578106, 25.1918319 ], [ 55.2578481, 25.191848 ], [ 55.2578792, 25.1918729 ], [ 55.2579014, 25.1919046 ], [ 55.2579129, 25.1919407 ], [ 55.257913, 25.1919782 ] ] } },
{ "type": "Feature", "properties": { "osm_id": 88653092, "hw": "secondary", "nm": "Al Badaa' Street", "lanes": 2, "oneway": "yes", "sw": 7.0, "swl": 3.0, "swr": 3.0, "nright": 2, "cline": "none", "key": "7.0|3.0|3.0|2|none", "bridge": 0, "net": "surface", "len_m": 36.5 }, "geometry": { "type": "LineString", "coordinates": [ [ 55.2617872, 25.1961887 ], [ 55.2619316, 25.1963359 ], [ 55.262025230668648, 25.196436766762485 ] ] } },
{ "type": "Feature", "properties": { "osm_id": 88653109, "hw": "tertiary", "nm": "Umm Amara Street", "lanes": 2, "oneway": "yes", "sw": 7.0, "swl": 2.5, "swr": 2.5, "nright": 2, "cline": "none", "key": "7.0|2.5|2.5|2|none", "bridge": 0, "net": "surface", "len_m": 596.9 }, "geometry": { "type": "LineString", "coordinates": [ [ 55.250598793393515, 25.196436766762485 ], [ 55.2519194, 25.1956783 ], [ 55.2521389, 25.1955457 ], [ 55.2525096, 25.1953334 ], [ 55.2526483, 25.1952534 ], [ 55.2528213, 25.1951564 ], [ 55.2530069, 25.1950404 ], [ 55.2536335, 25.1946834 ], [ 55.2537998, 25.1945826 ], [ 55.2548875, 25.1939756 ], [ 55.2550823, 25.1938588 ], [ 55.2553946, 25.1936707 ], [ 55.255442, 25.1936362 ], [ 55.2554882, 25.1936004 ], [ 55.2555333, 25.1935635 ], [ 55.2555778, 25.1935255 ] ] } },
{ "type": "Feature", "properties": { "osm_id": 88653120, "hw": "tertiary", "nm": "Umm Amara Street", "lanes": 2, "oneway": "yes", "sw": 7.0, "swl": 2.5, "swr": 2.5, "nright": 2, "cline": "none", "key": "7.0|2.5|2.5|2|none", "bridge": 0, "net": "surface", "len_m": 170.2 }, "geometry": { "type": "LineString", "coordinates": [ [ 55.2556879, 25.1936564 ], [ 55.255624, 25.193689 ], [ 55.2555623, 25.1937188 ], [ 55.2555021, 25.1937509 ], [ 55.2546233, 25.1942589 ], [ 55.254398, 25.194383 ], [ 55.2542501, 25.194462 ] ] } },
{ "type": "Feature", "properties": { "osm_id": 88653129, "hw": "tertiary_link", "nm": "", "lanes": 1, "oneway": "yes", "sw": 3.5, "swl": 1.0, "swr": 1.0, "nright": 1, "cline": "none", "key": "3.5|1.0|1.0|1|none", "bridge": 0, "net": "surface", "len_m": 91.0 }, "geometry": { "type": "LineString", "coordinates": [ [ 55.2536125, 25.1948132 ], [ 55.2535377, 25.1948341 ], [ 55.2534653, 25.1948612 ], [ 55.2533961, 25.1948943 ], [ 55.2529248, 25.1951655 ], [ 55.2529005, 25.1951753 ], [ 55.2528739, 25.1951766 ], [ 55.2528486, 25.1951692 ], [ 55.2528213, 25.1951564 ] ] } },
{ "type": "Feature", "properties": { "osm_id": 88653153, "hw": "tertiary", "nm": "Umm Amara Street", "lanes": 2, "oneway": "yes", "sw": 7.0, "swl": 2.5, "swr": 2.5, "nright": 2, "cline": "none", "key": "7.0|2.5|2.5|2|none", "bridge": 0, "net": "surface", "len_m": 248.8 }, "geometry": { "type": "LineString", "coordinates": [ [ 55.2577119, 25.1920838 ], [ 55.2576576, 25.1921139 ], [ 55.2576184, 25.1921356 ], [ 55.2575804, 25.1921591 ], [ 55.257544, 25.1921845 ], [ 55.2574767, 25.1922387 ], [ 55.257336, 25.1923628 ], [ 55.2569027, 25.1926906 ], [ 55.2563596, 25.1931245 ], [ 55.2559815, 25.1934063 ], [ 55.2559454, 25.193439 ], [ 55.255912, 25.1934739 ], [ 55.2558815, 25.1935109 ], [ 55.2558482, 25.1935496 ] ] } },
{ "type": "Feature", "properties": { "osm_id": 88653174, "hw": "residential", "nm": "40a Street", "lanes": 2, "oneway": "no", "sw": 7.0, "swl": 2.0, "swr": 2.0, "nright": 1, "cline": "white", "key": "7.0|2.0|2.0|1|white", "bridge": 0, "net": "surface", "len_m": 252.4 }, "geometry": { "type": "LineString", "coordinates": [ [ 55.255998668622226, 25.196436766762485 ], [ 55.25589, 25.1962791 ], [ 55.2558601, 25.1962357 ], [ 55.2546614, 25.1945249 ], [ 55.254654, 25.1945143 ] ] } },
{ "type": "Feature", "properties": { "osm_id": 88653177, "hw": "tertiary", "nm": "", "lanes": 1, "oneway": "yes", "sw": 3.5, "swl": 2.5, "swr": 2.5, "nright": 1, "cline": "none", "key": "3.5|2.5|2.5|1|none", "bridge": 0, "net": "surface", "len_m": 45.4 }, "geometry": { "type": "LineString", "coordinates": [ [ 55.2587591, 25.1909667 ], [ 55.258801, 25.1909714 ], [ 55.2588396, 25.190987 ], [ 55.2588714, 25.1910122 ], [ 55.2588937, 25.1910447 ], [ 55.2589045, 25.1910817 ], [ 55.2589028, 25.1911199 ], [ 55.2589018, 25.1911242 ], [ 55.2588912, 25.1911518 ], [ 55.258874, 25.1911764 ], [ 55.2588511, 25.191197 ], [ 55.2588237, 25.1912124 ], [ 55.2587932, 25.1912218 ], [ 55.2587611, 25.1912247 ] ] } },
{ "type": "Feature", "properties": { "osm_id": 89618824, "hw": "motorway_link", "nm": "", "lanes": 1, "oneway": "yes", "sw": 3.5, "swl": 0.0, "swr": 0.0, "nright": 1, "cline": "none", "key": "3.5|0.0|0.0|1|none", "bridge": 0, "net": "freeway", "len_m": 56.1 }, "geometry": { "type": "LineString", "coordinates": [ [ 55.250272502553464, 25.179493532193092 ], [ 55.2503, 25.1794873 ], [ 55.2504257, 25.1794438 ], [ 55.2505447, 25.1793906 ], [ 55.2506803, 25.1793186 ], [ 55.2507088, 25.1793062 ], [ 55.2507464, 25.1792941 ], [ 55.2507781, 25.179289 ] ] } },
{ "type": "Feature", "properties": { "osm_id": 89618833, "hw": "secondary", "nm": "", "lanes": 2, "oneway": "yes", "sw": 7.0, "swl": 3.0, "swr": 3.0, "nright": 2, "cline": "none", "key": "7.0|3.0|3.0|2|none", "bridge": 1, "net": "surface", "len_m": 145.2 }, "geometry": { "type": "LineString", "coordinates": [ [ 55.2511379, 25.1793904 ], [ 55.2510588, 25.1794589 ], [ 55.2509756, 25.1795339 ], [ 55.2508997, 25.179615 ], [ 55.2508315, 25.1797015 ], [ 55.2507715, 25.1797928 ], [ 55.2507241, 25.1798896 ], [ 55.2506763, 25.1799944 ], [ 55.2506297, 25.1800994 ], [ 55.2505802, 25.1802033 ], [ 55.2505279, 25.1803062 ], [ 55.2504729, 25.1804078 ], [ 55.2504143, 25.1805076 ] ] } },
{ "type": "Feature", "properties": { "osm_id": 89618841, "hw": "motorway_link", "nm": "", "lanes": 1, "oneway": "yes", "sw": 3.5, "swl": 0.0, "swr": 0.0, "nright": 1, "cline": "none", "key": "3.5|0.0|0.0|1|none", "bridge": 0, "net": "freeway", "len_m": 144.8 }, "geometry": { "type": "LineString", "coordinates": [ [ 55.2512921, 25.1825821 ], [ 55.2511987, 25.1825123 ], [ 55.2511076, 25.1824402 ], [ 55.2510187, 25.1823658 ], [ 55.2509323, 25.1822891 ], [ 55.2503523, 25.1817351 ], [ 55.2502751, 25.1816652 ], [ 55.250272502553464, 25.181663140392576 ] ] } },
{ "type": "Feature", "properties": { "osm_id": 89618863, "hw": "motorway_link", "nm": "", "lanes": 2, "oneway": "yes", "sw": 7.0, "swl": 0.0, "swr": 0.0, "nright": 2, "cline": "none", "key": "7.0|0.0|0.0|2|none", "bridge": 0, "net": "freeway", "len_m": 195.2 }, "geometry": { "type": "LineString", "coordinates": [ [ 55.250272502553464, 25.179691249199667 ], [ 55.2503799, 25.1796946 ], [ 55.2505083, 25.1797121 ], [ 55.2506345, 25.1797402 ], [ 55.2507573, 25.1797785 ], [ 55.2508756, 25.1798271 ], [ 55.2509956, 25.1798944 ], [ 55.2511067, 25.1799732 ], [ 55.2512075, 25.1800625 ], [ 55.251297, 25.1801613 ], [ 55.2513739, 25.1802683 ], [ 55.2514357, 25.180383 ], [ 55.2514755, 25.1804826 ], [ 55.2515075, 25.1805845 ], [ 55.2515316, 25.1806881 ], [ 55.2515477, 25.1807929 ] ] } },
{ "type": "Feature", "properties": { "osm_id": 89618886, "hw": "residential", "nm": "52c Street", "lanes": 2, "oneway": "no", "sw": 7.0, "swl": 2.0, "swr": 2.0, "nright": 1, "cline": "white", "key": "7.0|2.0|2.0|1|white", "bridge": 0, "net": "surface", "len_m": 130.4 }, "geometry": { "type": "LineString", "coordinates": [ [ 55.2529193, 25.1889396 ], [ 55.2530286, 25.1890561 ], [ 55.2534489, 25.1895077 ], [ 55.2537565, 25.1898374 ] ] } },
{ "type": "Feature", "properties": { "osm_id": 89618908, "hw": "secondary", "nm": "", "lanes": 2, "oneway": "yes", "sw": 7.0, "swl": 3.0, "swr": 3.0, "nright": 2, "cline": "none", "key": "7.0|3.0|3.0|2|none", "bridge": 0, "net": "surface", "len_m": 61.5 }, "geometry": { "type": "LineString", "coordinates": [ [ 55.250272502553464, 25.179594913132931 ], [ 55.250294, 25.1795883 ], [ 55.2504016, 25.1795421 ], [ 55.2505027, 25.1794851 ], [ 55.2507781, 25.179289 ] ] } },
{ "type": "Feature", "properties": { "osm_id": 89618912, "hw": "residential", "nm": "30b Street", "lanes": 2, "oneway": "yes", "sw": 7.0, "swl": 2.0, "swr": 2.0, "nright": 2, "cline": "none", "key": "7.0|2.0|2.0|2|none", "bridge": 0, "net": "surface", "len_m": 148.7 }, "geometry": { "type": "LineString", "coordinates": [ [ 55.2511215, 25.1926616 ], [ 55.2510673, 25.1926599 ], [ 55.2510356, 25.1926555 ], [ 55.2510161, 25.192648 ], [ 55.251006, 25.1926441 ], [ 55.2509805, 25.1926264 ], [ 55.2509607, 25.1926035 ], [ 55.2504444, 25.1918468 ], [ 55.2503315, 25.1916896 ], [ 55.250272502553464, 25.191607641965042 ] ] } },
{ "type": "Feature", "properties": { "osm_id": 89618930, "hw": "motorway_link", "nm": "", "lanes": 1, "oneway": "yes", "sw": 3.5, "swl": 0.0, "swr": 0.0, "nright": 1, "cline": "none", "key": "3.5|0.0|0.0|1|none", "bridge": 0, "net": "freeway", "len_m": 250.8 }, "geometry": { "type": "LineString", "coordinates": [ [ 55.2521178, 25.1786909 ], [ 55.252098, 25.1787389 ], [ 55.2520707, 25.1787778 ], [ 55.2520378, 25.1788129 ], [ 55.2519998, 25.1788436 ], [ 55.2519194, 25.1789199 ], [ 55.2518467, 25.1789992 ], [ 55.2517806, 25.1790873 ], [ 55.2517208, 25.179179 ], [ 55.2516675, 25.179274 ], [ 55.251621, 25.1793717 ], [ 55.2515813, 25.179472 ], [ 55.2515487, 25.1795743 ], [ 55.2515233, 25.1796782 ], [ 55.2515052, 25.1797835 ], [ 55.2514944, 25.1798895 ], [ 55.251491, 25.1799959 ], [ 55.2514951, 25.1801023 ], [ 55.2515054, 25.1802085 ], [ 55.2515234, 25.1803246 ], [ 55.2515368, 25.1804413 ], [ 55.2515454, 25.1805583 ], [ 55.2515494, 25.1806756 ], [ 55.2515477, 25.1807929 ] ] } },
{ "type": "Feature", "properties": { "osm_id": 89618948, "hw": "tertiary", "nm": "", "lanes": 2, "oneway": "no", "sw": 7.0, "swl": 2.5, "swr": 2.5, "nright": 1, "cline": "white", "key": "7.0|2.5|2.5|1|white", "bridge": 0, "net": "surface", "len_m": 343.4 }, "geometry": { "type": "LineString", "coordinates": [ [ 55.2583379, 25.190662 ], [ 55.2580771, 25.1903789 ], [ 55.2579715, 25.1902647 ], [ 55.2573627, 25.1896059 ], [ 55.2573103, 25.1895478 ], [ 55.2569754, 25.1891823 ], [ 55.2566688, 25.1888534 ], [ 55.2561537, 25.1882827 ] ] } },
{ "type": "Feature", "properties": { "osm_id": 89666312, "hw": "secondary_link", "nm": "", "lanes": 1, "oneway": "yes", "sw": 3.5, "swl": 1.0, "swr": 1.0, "nright": 1, "cline": "none", "key": "3.5|1.0|1.0|1|none", "bridge": 0, "net": "surface", "len_m": 78.9 }, "geometry": { "type": "LineString", "coordinates": [ [ 55.2583181, 25.191585 ], [ 55.2582378, 25.1916857 ], [ 55.2581727, 25.1917445 ], [ 55.258113, 25.1917937 ], [ 55.2580754, 25.1918376 ], [ 55.2580471, 25.1918868 ], [ 55.2580289, 25.1919397 ], [ 55.2580215, 25.1919948 ], [ 55.2580222, 25.1920472 ], [ 55.2580316, 25.1920989 ], [ 55.2580495, 25.1921487 ], [ 55.2580761, 25.1921944 ] ] } },
{ "type": "Feature", "properties": { "osm_id": 90524064, "hw": "residential", "nm": "42a Street", "lanes": 1, "oneway": "yes", "sw": 3.5, "swl": 2.0, "swr": 2.0, "nright": 1, "cline": "none", "key": "3.5|2.0|2.0|1|none", "bridge": 0, "net": "surface", "len_m": 41.1 }, "geometry": { "type": "LineString", "coordinates": [ [ 55.2611159, 25.171839 ], [ 55.2611447, 25.1717702 ], [ 55.2611568, 25.1717207 ], [ 55.2611598, 25.17167 ], [ 55.2611536, 25.1716197 ], [ 55.2611383, 25.1715709 ], [ 55.2610972, 25.1714842 ] ] } },
{ "type": "Feature", "properties": { "osm_id": 90524067, "hw": "residential", "nm": "42a Street", "lanes": 2, "oneway": "no", "sw": 7.0, "swl": 2.0, "swr": 2.0, "nright": 1, "cline": "white", "key": "7.0|2.0|2.0|1|white", "bridge": 0, "net": "surface", "len_m": 86.9 }, "geometry": { "type": "LineString", "coordinates": [ [ 55.2605421, 25.1708838 ], [ 55.260603, 25.1709487 ], [ 55.2606414, 25.1709903 ], [ 55.2606628, 25.1710135 ], [ 55.2610972, 25.1714842 ] ] } },
{ "type": "Feature", "properties": { "osm_id": 90524071, "hw": "residential", "nm": "13d Street", "lanes": 2, "oneway": "no", "sw": 7.0, "swl": 2.0, "swr": 2.0, "nright": 1, "cline": "white", "key": "7.0|2.0|2.0|1|white", "bridge": 0, "net": "surface", "len_m": 126.0 }, "geometry": { "type": "LineString", "coordinates": [ [ 55.255006612336679, 25.170730833237513 ], [ 55.2548321, 25.1708626 ], [ 55.2545017, 25.1711121 ], [ 55.2540436, 25.171456 ] ] } },
{ "type": "Feature", "properties": { "osm_id": 90524096, "hw": "residential", "nm": "16 Street", "lanes": 1, "oneway": "yes", "sw": 3.5, "swl": 2.0, "swr": 2.0, "nright": 1, "cline": "none", "key": "3.5|2.0|2.0|1|none", "bridge": 0, "net": "surface", "len_m": 340.9 }, "geometry": { "type": "LineString", "coordinates": [ [ 55.2547672, 25.1739985 ], [ 55.2552162, 25.1744864 ], [ 55.2552479, 25.1745293 ], [ 55.255262, 25.1745792 ], [ 55.2552571, 25.1746285 ], [ 55.25524, 25.1746683 ], [ 55.2552125, 25.1747007 ], [ 55.2548976, 25.1749547 ], [ 55.2548566, 25.1749878 ], [ 55.254423, 25.1753205 ], [ 55.2540976, 25.1755595 ], [ 55.2540623, 25.1755824 ], [ 55.2540203, 25.1755926 ], [ 55.2539771, 25.1755889 ], [ 55.2539381, 25.1755718 ], [ 55.2539068, 25.1755494 ], [ 55.2534163, 25.175035 ] ] } },
{ "type": "Feature", "properties": { "osm_id": 90524105, "hw": "residential", "nm": "7 Street", "lanes": 1, "oneway": "yes", "sw": 3.5, "swl": 2.0, "swr": 2.0, "nright": 1, "cline": "none", "key": "3.5|2.0|2.0|1|none", "bridge": 0, "net": "surface", "len_m": 360.3 }, "geometry": { "type": "LineString", "coordinates": [ [ 55.2547672, 25.1739985 ], [ 55.2544611, 25.1736423 ], [ 55.2541066, 25.1732539 ], [ 55.2540558, 25.1732101 ], [ 55.2539905, 25.1731866 ], [ 55.2539203, 25.1731869 ], [ 55.2538553, 25.1732111 ], [ 55.2534784, 25.1735042 ], [ 55.2533414, 25.1736108 ], [ 55.2531153, 25.1737866 ], [ 55.2526047, 25.174184 ], [ 55.2521526, 25.1745381 ] ] } },
{ "type": "Feature", "properties": { "osm_id": 90524108, "hw": "residential", "nm": "18a Street", "lanes": 1, "oneway": "yes", "sw": 3.5, "swl": 2.0, "swr": 2.0, "nright": 1, "cline": "none", "key": "3.5|2.0|2.0|1|none", "bridge": 0, "net": "surface", "len_m": 74.6 }, "geometry": { "type": "LineString", "coordinates": [ [ 55.2518806, 25.1731861 ], [ 55.252228, 25.1735617 ], [ 55.2522553, 25.1736001 ], [ 55.2522712, 25.1736435 ], [ 55.2522749, 25.1736891 ], [ 55.2522661, 25.173734 ] ] } },
{ "type": "Feature", "properties": { "osm_id": 90524109, "hw": "residential", "nm": "32a Street", "lanes": 2, "oneway": "no", "sw": 7.0, "swl": 2.0, "swr": 2.0, "nright": 1, "cline": "white", "key": "7.0|2.0|2.0|1|white", "bridge": 0, "net": "surface", "len_m": 327.1 }, "geometry": { "type": "LineString", "coordinates": [ [ 55.257261, 25.1729898 ], [ 55.2568185, 25.1725003 ], [ 55.2563952, 25.1720452 ], [ 55.2563342, 25.1719797 ], [ 55.2560565, 25.1716811 ], [ 55.2559816, 25.1716006 ], [ 55.2555548, 25.1711449 ], [ 55.255171983559215, 25.170730833237513 ] ] } },
{ "type": "Feature", "properties": { "osm_id": 90524111, "hw": "residential", "nm": "7 Street", "lanes": 1, "oneway": "yes", "sw": 3.5, "swl": 2.0, "swr": 2.0, "nright": 1, "cline": "none", "key": "3.5|2.0|2.0|1|none", "bridge": 0, "net": "surface", "len_m": 240.1 }, "geometry": { "type": "LineString", "coordinates": [ [ 55.2544611, 25.1736423 ], [ 55.2543883, 25.1736267 ], [ 55.2543419, 25.1736202 ], [ 55.2542966, 25.1736236 ], [ 55.2542556, 25.1736415 ], [ 55.2538608, 25.1739277 ], [ 55.2535002, 25.1742062 ], [ 55.253404, 25.1742805 ], [ 55.2531217, 25.1745113 ], [ 55.2530788, 25.1745324 ], [ 55.2530309, 25.174539 ], [ 55.2529841, 25.1745275 ], [ 55.2529464, 25.1744999 ], [ 55.2527333, 25.1742741 ], [ 55.2527077, 25.1742447 ], [ 55.2526772, 25.1742195 ], [ 55.2526425, 25.1741991 ], [ 55.2526047, 25.174184 ] ] } },
{ "type": "Feature", "properties": { "osm_id": 90524122, "hw": "residential", "nm": "10a Street", "lanes": 2, "oneway": "no", "sw": 7.0, "swl": 2.0, "swr": 2.0, "nright": 1, "cline": "white", "key": "7.0|2.0|2.0|1|white", "bridge": 0, "net": "surface", "len_m": 250.1 }, "geometry": { "type": "LineString", "coordinates": [ [ 55.250272502553464, 25.174485522281827 ], [ 55.2504099, 25.174633 ], [ 55.2504662, 25.1746934 ], [ 55.2505983, 25.1748353 ], [ 55.2509003, 25.175165 ], [ 55.2513715, 25.1756691 ], [ 55.2518769, 25.1762078 ] ] } },
{ "type": "Feature", "properties": { "osm_id": 90524127, "hw": "residential", "nm": "36a Street", "lanes": 2, "oneway": "no", "sw": 7.0, "swl": 2.0, "swr": 2.0, "nright": 1, "cline": "white", "key": "7.0|2.0|2.0|1|white", "bridge": 0, "net": "surface", "len_m": 193.4 }, "geometry": { "type": "LineString", "coordinates": [ [ 55.2584665, 25.1720694 ], [ 55.2580214, 25.1715777 ], [ 55.2575997, 25.1711249 ], [ 55.2572573, 25.1707532 ], [ 55.257235300910324, 25.170730833237513 ] ] } },
{ "type": "Feature", "properties": { "osm_id": 90524138, "hw": "residential", "nm": "13c Street", "lanes": 2, "oneway": "yes", "sw": 7.0, "swl": 2.0, "swr": 2.0, "nright": 2, "cline": "none", "key": "7.0|2.0|2.0|2|none", "bridge": 0, "net": "surface", "len_m": 114.1 }, "geometry": { "type": "LineString", "coordinates": [ [ 55.2518806, 25.1731861 ], [ 55.2519183, 25.1731897 ], [ 55.2519623, 25.1731938 ], [ 55.2520062, 25.1731889 ], [ 55.2520472, 25.1731739 ], [ 55.2520825, 25.1731497 ], [ 55.2525206, 25.1728111 ], [ 55.252617, 25.1727366 ], [ 55.252644, 25.1727059 ], [ 55.2526627, 25.1726704 ], [ 55.2526722, 25.1726321 ], [ 55.2526719, 25.1725928 ], [ 55.2526619, 25.1725545 ] ] } },
{ "type": "Feature", "properties": { "osm_id": 90524143, "hw": "secondary_link", "nm": "", "lanes": 2, "oneway": "yes", "sw": 7.0, "swl": 1.0, "swr": 1.0, "nright": 2, "cline": "none", "key": "7.0|1.0|1.0|2|none", "bridge": 0, "net": "surface", "len_m": 446.3 }, "geometry": { "type": "LineString", "coordinates": [ [ 55.2570067, 25.1748064 ], [ 55.2571755, 25.1746516 ], [ 55.2572066, 25.1746253 ], [ 55.2574298, 25.174415 ], [ 55.2577061, 25.1742075 ], [ 55.2581147, 25.1739534 ], [ 55.2581875, 25.1738992 ], [ 55.2582554, 25.1738482 ], [ 55.2583256, 25.1738008 ], [ 55.259551, 25.1729533 ], [ 55.2605019, 25.1723458 ] ] } },
{ "type": "Feature", "properties": { "osm_id": 90524145, "hw": "residential", "nm": "30a Street", "lanes": 2, "oneway": "no", "sw": 7.0, "swl": 2.0, "swr": 2.0, "nright": 1, "cline": "white", "key": "7.0|2.0|2.0|1|white", "bridge": 0, "net": "surface", "len_m": 338.1 }, "geometry": { "type": "LineString", "coordinates": [ [ 55.2545017, 25.1711121 ], [ 55.2549596, 25.1716051 ], [ 55.2553711, 25.1720481 ], [ 55.2554734, 25.1721582 ], [ 55.2557947, 25.172504 ], [ 55.2562186, 25.1729603 ], [ 55.256656, 25.1734518 ] ] } },
{ "type": "Feature", "properties": { "osm_id": 90524151, "hw": "residential", "nm": "14a Street", "lanes": 2, "oneway": "no", "sw": 7.0, "swl": 2.0, "swr": 2.0, "nright": 1, "cline": "white", "key": "7.0|2.0|2.0|1|white", "bridge": 0, "net": "surface", "len_m": 418.1 }, "geometry": { "type": "LineString", "coordinates": [ [ 55.250272502553464, 25.172510620056133 ], [ 55.2506453, 25.1729132 ], [ 55.2511394, 25.1734467 ], [ 55.2513037, 25.1736241 ], [ 55.2513487, 25.1736726 ], [ 55.2516515, 25.1739995 ], [ 55.2517662, 25.1741234 ], [ 55.2521526, 25.1745381 ], [ 55.2526794, 25.1751096 ], [ 55.2529445, 25.1753971 ] ] } },
{ "type": "Feature", "properties": { "osm_id": 90524155, "hw": "residential", "nm": "17a Street", "lanes": 2, "oneway": "no", "sw": 7.0, "swl": 2.0, "swr": 2.0, "nright": 1, "cline": "white", "key": "7.0|2.0|2.0|1|white", "bridge": 0, "net": "surface", "len_m": 141.2 }, "geometry": { "type": "LineString", "coordinates": [ [ 55.2519533, 25.1709781 ], [ 55.2513404, 25.1714494 ], [ 55.2508829, 25.1718005 ] ] } },
{ "type": "Feature", "properties": { "osm_id": 90524156, "hw": "residential", "nm": "3 Street", "lanes": 2, "oneway": "no", "sw": 7.0, "swl": 2.0, "swr": 2.0, "nright": 1, "cline": "white", "key": "7.0|2.0|2.0|1|white", "bridge": 0, "net": "surface", "len_m": 452.5 }, "geometry": { "type": "LineString", "coordinates": [ [ 55.2510385, 25.1768605 ], [ 55.2518769, 25.1762078 ], [ 55.2521552, 25.1759965 ], [ 55.2521972, 25.1759646 ], [ 55.2529445, 25.1753971 ], [ 55.2533956, 25.1750509 ], [ 55.2534163, 25.175035 ], [ 55.2538149, 25.1747291 ], [ 55.2542808, 25.1743716 ], [ 55.2544697, 25.1742267 ] ] } },
{ "type": "Feature", "properties": { "osm_id": 90524158, "hw": "residential", "nm": "38a Street", "lanes": 2, "oneway": "no", "sw": 7.0, "swl": 2.0, "swr": 2.0, "nright": 1, "cline": "white", "key": "7.0|2.0|2.0|1|white", "bridge": 0, "net": "surface", "len_m": 126.3 }, "geometry": { "type": "LineString", "coordinates": [ [ 55.258270382263433, 25.170730833237513 ], [ 55.2586267, 25.1711135 ], [ 55.2590728, 25.1716064 ] ] } },
{ "type": "Feature", "properties": { "osm_id": 90524162, "hw": "residential", "nm": "34a Street", "lanes": 2, "oneway": "no", "sw": 7.0, "swl": 2.0, "swr": 2.0, "nright": 1, "cline": "white", "key": "7.0|2.0|2.0|1|white", "bridge": 0, "net": "surface", "len_m": 259.8 }, "geometry": { "type": "LineString", "coordinates": [ [ 55.256201389396729, 25.170730833237513 ], [ 55.2565806, 25.1711392 ], [ 55.2567923, 25.1713672 ], [ 55.2569959, 25.1715863 ], [ 55.2574179, 25.1720407 ], [ 55.2578575, 25.1725279 ] ] } },
{ "type": "Feature", "properties": { "osm_id": 90524163, "hw": "residential", "nm": "13c Street", "lanes": 1, "oneway": "yes", "sw": 3.5, "swl": 2.0, "swr": 2.0, "nright": 1, "cline": "none", "key": "3.5|2.0|2.0|1|none", "bridge": 0, "net": "surface", "len_m": 72.1 }, "geometry": { "type": "LineString", "coordinates": [ [ 55.253152, 25.1722307 ], [ 55.2531586, 25.1722637 ], [ 55.2531536, 25.1722969 ], [ 55.2531375, 25.172327 ], [ 55.2531119, 25.1723512 ], [ 55.2528106, 25.17259 ], [ 55.252776, 25.1726038 ], [ 55.2527382, 25.1726024 ], [ 55.252705, 25.1725859 ], [ 55.2526619, 25.1725545 ] ] } },
{ "type": "Feature", "properties": { "osm_id": 90524165, "hw": "residential", "nm": "8a Street", "lanes": 2, "oneway": "no", "sw": 7.0, "swl": 2.0, "swr": 2.0, "nright": 1, "cline": "white", "key": "7.0|2.0|2.0|1|white", "bridge": 0, "net": "surface", "len_m": 77.8 }, "geometry": { "type": "LineString", "coordinates": [ [ 55.2507696, 25.1761291 ], [ 55.2502902, 25.1756107 ], [ 55.250272502553464, 25.175591851263494 ] ] } },
{ "type": "Feature", "properties": { "osm_id": 90524168, "hw": "residential", "nm": "15a Street", "lanes": 2, "oneway": "no", "sw": 7.0, "swl": 2.0, "swr": 2.0, "nright": 1, "cline": "white", "key": "7.0|2.0|2.0|1|white", "bridge": 0, "net": "surface", "len_m": 239.2 }, "geometry": { "type": "LineString", "coordinates": [ [ 55.2524608, 25.171523 ], [ 55.2520166, 25.1718632 ], [ 55.2518451, 25.1719945 ], [ 55.2512173, 25.1724743 ], [ 55.2506453, 25.1729132 ] ] } },
{ "type": "Feature", "properties": { "osm_id": 90524170, "hw": "residential", "nm": "", "lanes": 2, "oneway": "yes", "sw": 7.0, "swl": 2.0, "swr": 2.0, "nright": 2, "cline": "none", "key": "7.0|2.0|2.0|2|none", "bridge": 0, "net": "surface", "len_m": 137.0 }, "geometry": { "type": "LineString", "coordinates": [ [ 55.2548566, 25.1749878 ], [ 55.2548324, 25.1749791 ], [ 55.2548099, 25.1749672 ], [ 55.2547897, 25.1749524 ], [ 55.2547722, 25.174935 ], [ 55.2546079, 25.1747625 ], [ 55.2545698, 25.1747362 ], [ 55.2545244, 25.1747223 ], [ 55.2544771, 25.1747223 ], [ 55.2544322, 25.1747358 ], [ 55.254393, 25.1747604 ], [ 55.2542607, 25.1748647 ], [ 55.2542323, 25.1748911 ], [ 55.2542095, 25.1749243 ], [ 55.2541988, 25.1749593 ], [ 55.2542033, 25.1749953 ], [ 55.2542222, 25.1750273 ], [ 55.2543954, 25.1752277 ], [ 55.2544094, 25.1752488 ], [ 55.2544189, 25.1752718 ], [ 55.2544235, 25.1752959 ], [ 55.254423, 25.1753205 ] ] } },
{ "type": "Feature", "properties": { "osm_id": 90524173, "hw": "secondary_link", "nm": "", "lanes": 1, "oneway": "yes", "sw": 3.5, "swl": 1.0, "swr": 1.0, "nright": 1, "cline": "none", "key": "3.5|1.0|1.0|1|none", "bridge": 0, "net": "surface", "len_m": 72.5 }, "geometry": { "type": "LineString", "coordinates": [ [ 55.2575258, 25.1750703 ], [ 55.2574635, 25.1750702 ], [ 55.257405, 25.1750636 ], [ 55.2573489, 25.1750469 ], [ 55.2572976, 25.1750206 ], [ 55.2572529, 25.1749857 ], [ 55.2572166, 25.1749437 ], [ 55.25719, 25.174896 ], [ 55.2571741, 25.1748446 ], [ 55.2571697, 25.1747914 ], [ 55.2571767, 25.1747384 ], [ 55.2572066, 25.1746253 ] ] } },
{ "type": "Feature", "properties": { "osm_id": 90524174, "hw": "residential", "nm": "", "lanes": 2, "oneway": "yes", "sw": 7.0, "swl": 2.0, "swr": 2.0, "nright": 2, "cline": "none", "key": "7.0|2.0|2.0|2|none", "bridge": 0, "net": "surface", "len_m": 8.2 }, "geometry": { "type": "LineString", "coordinates": [ [ 55.2603121, 25.1707596 ], [ 55.2602853, 25.1707552 ], [ 55.2602448, 25.1707369 ], [ 55.260238510045582, 25.170730833237513 ] ] } },
{ "type": "Feature", "properties": { "osm_id": 90524174, "hw": "residential", "nm": "", "lanes": 2, "oneway": "yes", "sw": 7.0, "swl": 2.0, "swr": 2.0, "nright": 2, "cline": "none", "key": "7.0|2.0|2.0|2|none", "bridge": 0, "net": "surface", "len_m": 10.2 }, "geometry": { "type": "LineString", "coordinates": [ [ 55.260405838869374, 25.170730833237513 ], [ 55.2604045, 25.1707322 ], [ 55.260374, 25.1707497 ], [ 55.2603393, 25.1707588 ], [ 55.2603121, 25.1707596 ] ] } },
{ "type": "Feature", "properties": { "osm_id": 90524180, "hw": "residential", "nm": "19b Street", "lanes": 2, "oneway": "no", "sw": 7.0, "swl": 2.0, "swr": 2.0, "nright": 1, "cline": "white", "key": "7.0|2.0|2.0|1|white", "bridge": 0, "net": "surface", "len_m": 102.1 }, "geometry": { "type": "LineString", "coordinates": [ [ 55.251051971030286, 25.170730833237513 ], [ 55.2508302, 25.1708984 ], [ 55.250272502553464, 25.171319965113394 ] ] } },
{ "type": "Feature", "properties": { "osm_id": 90524185, "hw": "residential", "nm": "22a Street", "lanes": 1, "oneway": "yes", "sw": 3.5, "swl": 2.0, "swr": 2.0, "nright": 1, "cline": "none", "key": "3.5|2.0|2.0|1|none", "bridge": 0, "net": "surface", "len_m": 182.8 }, "geometry": { "type": "LineString", "coordinates": [ [ 55.2524608, 25.171523 ], [ 55.253152, 25.1722307 ], [ 55.2534708, 25.1725901 ], [ 55.2535018, 25.1726288 ], [ 55.2535181, 25.1726741 ], [ 55.2535182, 25.1727218 ], [ 55.2535016, 25.172766 ], [ 55.2534639, 25.1728042 ] ] } },
{ "type": "Feature", "properties": { "osm_id": 90524204, "hw": "residential", "nm": "40a Street", "lanes": 2, "oneway": "no", "sw": 7.0, "swl": 2.0, "swr": 2.0, "nright": 1, "cline": "white", "key": "7.0|2.0|2.0|1|white", "bridge": 0, "net": "surface", "len_m": 60.3 }, "geometry": { "type": "LineString", "coordinates": [ [ 55.25928863819648, 25.170730833237513 ], [ 55.2596687, 25.1711513 ] ] } },
{ "type": "Feature", "properties": { "osm_id": 95085359, "hw": "trunk", "nm": "Financial Center Road (Upper Level)", "lanes": 2, "oneway": "yes", "sw": 7.0, "swl": 0.0, "swr": 0.0, "nright": 2, "cline": "none", "key": "7.0|0.0|0.0|2|none", "bridge": 1, "net": "freeway", "len_m": 822.8 }, "geometry": { "type": "LineString", "coordinates": [ [ 55.2883665, 25.195167 ], [ 55.2885628, 25.1950375 ], [ 55.2887624, 25.194912 ], [ 55.2889651, 25.1947909 ], [ 55.289171, 25.194674 ], [ 55.2893797, 25.1945615 ], [ 55.2895302, 25.1944762 ], [ 55.2896862, 25.1943994 ], [ 55.289847, 25.1943312 ], [ 55.2899887, 25.1942796 ], [ 55.2901331, 25.1942348 ], [ 55.29028, 25.1941969 ], [ 55.2904079, 25.1941667 ], [ 55.2905344, 25.1941322 ], [ 55.2906594, 25.1940933 ], [ 55.2908091, 25.1940401 ], [ 55.290956, 25.1939807 ], [ 55.2910996, 25.1939151 ], [ 55.2912403, 25.1938437 ], [ 55.2913774, 25.1937668 ], [ 55.2915107, 25.1936845 ], [ 55.2916398, 25.193597 ], [ 55.2917831, 25.1934897 ], [ 55.29192, 25.1933758 ], [ 55.2920501, 25.1932556 ], [ 55.292156, 25.1931466 ], [ 55.2922557, 25.193033 ], [ 55.2923491, 25.1929151 ], [ 55.2924531, 25.1927719 ], [ 55.29255, 25.1926247 ], [ 55.2925962, 25.1925499 ], [ 55.2926398, 25.1924738 ], [ 55.2927125, 25.192332 ], [ 55.2927762, 25.1921866 ], [ 55.2928305, 25.1920382 ], [ 55.2928869, 25.1918664 ], [ 55.2929367, 25.191693 ], [ 55.293103, 25.1911402 ], [ 55.2932803, 25.1905798 ], [ 55.2933602, 25.1903446 ], [ 55.2933952, 25.1902381 ], [ 55.2934254, 25.1901304 ], [ 55.2934542, 25.190005 ] ] } },
{ "type": "Feature", "properties": { "osm_id": 97817440, "hw": "motorway_link", "nm": "", "lanes": 2, "oneway": "yes", "sw": 7.0, "swl": 0.0, "swr": 0.0, "nright": 2, "cline": "none", "key": "7.0|0.0|0.0|2|none", "bridge": 0, "net": "freeway", "len_m": 371.6 }, "geometry": { "type": "LineString", "coordinates": [ [ 55.2932203, 25.189948 ], [ 55.2932814, 25.189762 ], [ 55.2932917, 25.1896622 ], [ 55.2932844, 25.1895621 ], [ 55.2932598, 25.1894644 ], [ 55.2932185, 25.1893713 ], [ 55.2931571, 25.1892859 ], [ 55.29308, 25.1892117 ], [ 55.2929902, 25.1891503 ], [ 55.2928904, 25.189103 ], [ 55.2927802, 25.1890759 ], [ 55.2926987, 25.189068 ], [ 55.2926168, 25.1890701 ], [ 55.2925359, 25.189082 ], [ 55.2924574, 25.1891035 ], [ 55.2923827, 25.1891341 ], [ 55.2923133, 25.1891735 ], [ 55.2922568, 25.1892208 ], [ 55.2921996, 25.1892748 ], [ 55.292145, 25.1893484 ], [ 55.2921034, 25.1894288 ], [ 55.2920756, 25.1895139 ], [ 55.2920622, 25.1896018 ], [ 55.2920633, 25.1896994 ], [ 55.292077, 25.1897872 ], [ 55.2921053, 25.1898723 ], [ 55.2921474, 25.1899524 ], [ 55.2922167, 25.1900555 ], [ 55.2922937, 25.190175 ], [ 55.2923673, 25.1902962 ], [ 55.2924283, 25.1903911 ], [ 55.2924942, 25.1905159 ], [ 55.2925545, 25.1906489 ], [ 55.2926005, 25.1907884 ] ] } },
{ "type": "Feature", "properties": { "osm_id": 97818500, "hw": "motorway_link", "nm": "", "lanes": 2, "oneway": "yes", "sw": 7.0, "swl": 0.0, "swr": 0.0, "nright": 2, "cline": "none", "key": "7.0|0.0|0.0|2|none", "bridge": 1, "net": "freeway", "len_m": 209.1 }, "geometry": { "type": "LineString", "coordinates": [ [ 55.2925679, 25.1917394 ], [ 55.2927379, 25.1912512 ], [ 55.2928241, 25.191036 ], [ 55.2929147, 25.1908027 ], [ 55.2929963, 25.190578 ], [ 55.2930743, 25.1903523 ], [ 55.2932203, 25.189948 ] ] } },
{ "type": "Feature", "properties": { "osm_id": 97818501, "hw": "trunk_link", "nm": "", "lanes": 3, "oneway": "yes", "sw": 10.5, "swl": 0.0, "swr": 0.0, "nright": 3, "cline": "none", "key": "10.5|0.0|0.0|3|none", "bridge": 0, "net": "freeway", "len_m": 35.7 }, "geometry": { "type": "LineString", "coordinates": [ [ 55.2933887, 25.1899951 ], [ 55.2934305, 25.1898946 ], [ 55.2934758, 25.1897955 ], [ 55.2935247, 25.1896977 ] ] } },
{ "type": "Feature", "properties": { "osm_id": 97818502, "hw": "trunk_link", "nm": "", "lanes": 3, "oneway": "yes", "sw": 10.5, "swl": 0.0, "swr": 0.0, "nright": 3, "cline": "none", "key": "10.5|0.0|0.0|3|none", "bridge": 1, "net": "freeway", "len_m": 211.3 }, "geometry": { "type": "LineString", "coordinates": [ [ 55.2925679, 25.1917394 ], [ 55.2926436, 25.1916502 ], [ 55.2926936, 25.1915837 ], [ 55.29274, 25.1915152 ], [ 55.2928239, 25.191375 ], [ 55.2929006, 25.1912315 ], [ 55.2929698, 25.1910848 ], [ 55.2930316, 25.1909355 ], [ 55.2931774, 25.1905686 ], [ 55.2933159, 25.1901994 ], [ 55.2933505, 25.1900967 ], [ 55.2933887, 25.1899951 ] ] } },
{ "type": "Feature", "properties": { "osm_id": 97818503, "hw": "trunk", "nm": "Financial Center Street", "lanes": 4, "oneway": "yes", "sw": 14.0, "swl": 0.0, "swr": 0.0, "nright": 4, "cline": "none", "key": "14.0|0.0|0.0|4|none", "bridge": 0, "net": "freeway", "len_m": 34.8 }, "geometry": { "type": "LineString", "coordinates": [ [ 55.2934542, 25.190005 ], [ 55.2935247, 25.1896977 ] ] } },
{ "type": "Feature", "properties": { "osm_id": 97818504, "hw": "trunk_link", "nm": "", "lanes": 2, "oneway": "yes", "sw": 7.0, "swl": 0.0, "swr": 0.0, "nright": 2, "cline": "none", "key": "7.0|0.0|0.0|2|none", "bridge": 1, "net": "freeway", "len_m": 389.9 }, "geometry": { "type": "LineString", "coordinates": [ [ 55.2936296, 25.1900357 ], [ 55.2932873, 25.1912032 ], [ 55.293147, 25.1916631 ], [ 55.2930968, 25.1918533 ], [ 55.2930373, 25.1920412 ], [ 55.2929687, 25.1922266 ], [ 55.292895, 25.1924002 ], [ 55.2928133, 25.1925709 ], [ 55.2927237, 25.1927382 ], [ 55.2926264, 25.192902 ], [ 55.2925134, 25.1930749 ], [ 55.2923924, 25.1932432 ], [ 55.2923294, 25.1933259 ] ] } },
{ "type": "Feature", "properties": { "osm_id": 97818505, "hw": "primary", "nm": "Financial Center Street", "lanes": 3, "oneway": "yes", "sw": 10.5, "swl": 3.0, "swr": 3.0, "nright": 3, "cline": "none", "key": "10.5|3.0|3.0|3|none", "bridge": 0, "net": "surface", "len_m": 189.1 }, "geometry": { "type": "LineString", "coordinates": [ [ 55.2913068, 25.194205 ], [ 55.2911093, 25.1943051 ], [ 55.2909079, 25.1943985 ], [ 55.2907027, 25.1944838 ], [ 55.29034, 25.1946147 ], [ 55.290188, 25.1946697 ], [ 55.2900382, 25.1947296 ], [ 55.2896044, 25.1949189 ] ] } },
{ "type": "Feature", "properties": { "osm_id": 97818506, "hw": "motorway_link", "nm": "", "lanes": 3, "oneway": "yes", "sw": 10.5, "swl": 0.0, "swr": 0.0, "nright": 3, "cline": "none", "key": "10.5|0.0|0.0|3|none", "bridge": 1, "net": "freeway", "len_m": 532.0 }, "geometry": { "type": "LineString", "coordinates": [ [ 55.2883665, 25.195167 ], [ 55.2894537, 25.1946338 ], [ 55.2896729, 25.1945454 ], [ 55.2900842, 25.1944245 ], [ 55.2903176, 25.1943715 ], [ 55.2905563, 25.1943362 ], [ 55.2907758, 25.1943101 ], [ 55.2909637, 25.1943031 ], [ 55.2913526, 25.1943122 ], [ 55.2915626, 25.1943297 ], [ 55.2919014, 25.1943831 ], [ 55.2922751, 25.1944622 ], [ 55.2926497, 25.1945328 ], [ 55.293027, 25.1946005 ], [ 55.293405, 25.1946649 ] ] } },
{ "type": "Feature", "properties": { "osm_id": 97818507, "hw": "motorway_link", "nm": "", "lanes": 3, "oneway": "yes", "sw": 10.5, "swl": 0.0, "swr": 0.0, "nright": 3, "cline": "none", "key": "10.5|0.0|0.0|3|none", "bridge": 0, "net": "freeway", "len_m": 155.0 }, "geometry": { "type": "LineString", "coordinates": [ [ 55.293405, 25.1946649 ], [ 55.294920297446538, 25.194904602817523 ] ] } },
{ "type": "Feature", "properties": { "osm_id": 97818508, "hw": "motorway", "nm": "Al Khail Road", "lanes": 4, "oneway": "yes", "sw": 14.0, "swl": 0.0, "swr": 0.0, "nright": 4, "cline": "none", "key": "14.0|0.0|0.0|4|none", "bridge": 1, "net": "freeway", "len_m": 263.1 }, "geometry": { "type": "LineString", "coordinates": [ [ 55.2934175, 25.1918353 ], [ 55.2948402, 25.1936748 ], [ 55.294920297446538, 25.193776858068354 ] ] } },
{ "type": "Feature", "properties": { "osm_id": 97818510, "hw": "motorway", "nm": "Al Khail Road", "lanes": 4, "oneway": "yes", "sw": 14.0, "swl": 0.0, "swr": 0.0, "nright": 4, "cline": "none", "key": "14.0|0.0|0.0|4|none", "bridge": 1, "net": "freeway", "len_m": 117.1 }, "geometry": { "type": "LineString", "coordinates": [ [ 55.294920297446538, 25.194225372032225 ], [ 55.2942465, 25.1933646 ] ] } },
{ "type": "Feature", "properties": { "osm_id": 98502374, "hw": "residential", "nm": "", "lanes": 2, "oneway": "no", "sw": 7.0, "swl": 2.0, "swr": 2.0, "nright": 1, "cline": "white", "key": "7.0|2.0|2.0|1|white", "bridge": 0, "net": "surface", "len_m": 33.4 }, "geometry": { "type": "LineString", "coordinates": [ [ 55.2654818, 25.1947621 ], [ 55.2655229, 25.1948095 ], [ 55.2655584, 25.1948606 ], [ 55.2655877, 25.1949147 ], [ 55.2656106, 25.1949713 ], [ 55.2656268, 25.1950298 ] ] } },
{ "type": "Feature", "properties": { "osm_id": 98546042, "hw": "motorway_link", "nm": "", "lanes": 3, "oneway": "yes", "sw": 10.5, "swl": 0.0, "swr": 0.0, "nright": 3, "cline": "none", "key": "10.5|0.0|0.0|3|none", "bridge": 0, "net": "freeway", "len_m": 298.7 }, "geometry": { "type": "LineString", "coordinates": [ [ 55.2850257, 25.1826767 ], [ 55.2840201, 25.1822634 ], [ 55.2837975, 25.18217 ], [ 55.2835808, 25.182077 ], [ 55.2833657, 25.1819811 ], [ 55.2831415, 25.1818799 ], [ 55.2829296, 25.1817771 ], [ 55.2827243, 25.1816619 ], [ 55.282503, 25.1815252 ], [ 55.2823863, 25.1814601 ] ] } },
{ "type": "Feature", "properties": { "osm_id": 99567949, "hw": "tertiary", "nm": "Al Yamamah Street", "lanes": 3, "oneway": "yes", "sw": 10.5, "swl": 2.5, "swr": 2.5, "nright": 3, "cline": "none", "key": "10.5|2.5|2.5|3|none", "bridge": 0, "net": "surface", "len_m": 143.0 }, "geometry": { "type": "LineString", "coordinates": [ [ 55.2793948, 25.1945039 ], [ 55.2794296, 25.1944714 ], [ 55.2794604, 25.1944357 ], [ 55.2794866, 25.1943971 ], [ 55.2795117, 25.1943564 ], [ 55.2799255, 25.193683 ], [ 55.2800082, 25.1935558 ], [ 55.2801135, 25.1933934 ] ] } },
{ "type": "Feature", "properties": { "osm_id": 99568015, "hw": "tertiary", "nm": "", "lanes": 2, "oneway": "no", "sw": 7.0, "swl": 2.5, "swr": 2.5, "nright": 1, "cline": "white", "key": "7.0|2.5|2.5|1|white", "bridge": 0, "net": "surface", "len_m": 49.4 }, "geometry": { "type": "LineString", "coordinates": [ [ 55.2773436, 25.188404 ], [ 55.2773022, 25.1884058 ], [ 55.2772611, 25.1884009 ], [ 55.2772129, 25.1883859 ], [ 55.2771695, 25.1883618 ], [ 55.2771329, 25.1883296 ], [ 55.2771051, 25.1882909 ], [ 55.2770837, 25.1882324 ], [ 55.277082, 25.1881708 ], [ 55.2771002, 25.1881114 ] ] } },
{ "type": "Feature", "properties": { "osm_id": 99568029, "hw": "tertiary", "nm": "Al Yamamah Street", "lanes": 3, "oneway": "yes", "sw": 10.5, "swl": 2.5, "swr": 2.5, "nright": 3, "cline": "none", "key": "10.5|2.5|2.5|3|none", "bridge": 0, "net": "surface", "len_m": 20.6 }, "geometry": { "type": "LineString", "coordinates": [ [ 55.2802117, 25.1934543 ], [ 55.2801109, 25.193616 ] ] } },
{ "type": "Feature", "properties": { "osm_id": 99568059, "hw": "tertiary", "nm": "Al Ohood Street", "lanes": 2, "oneway": "yes", "sw": 7.0, "swl": 2.5, "swr": 2.5, "nright": 2, "cline": "none", "key": "7.0|2.5|2.5|2|none", "bridge": 0, "net": "surface", "len_m": 453.1 }, "geometry": { "type": "LineString", "coordinates": [ [ 55.2849839, 25.1948371 ], [ 55.2849008, 25.1947291 ], [ 55.2848509, 25.1946714 ], [ 55.2847782, 25.1945877 ], [ 55.2847085, 25.1945009 ], [ 55.2846226, 25.194398 ], [ 55.2845306, 25.1942996 ], [ 55.2844322, 25.1942063 ], [ 55.2843418, 25.194125 ], [ 55.284249, 25.1940459 ], [ 55.2841537, 25.1939674 ], [ 55.2839621, 25.1938127 ], [ 55.283761, 25.1936682 ], [ 55.2835511, 25.1935344 ], [ 55.283333, 25.1934118 ], [ 55.2831076, 25.1933006 ], [ 55.2828296, 25.1931719 ], [ 55.2825414, 25.1930369 ], [ 55.2823836, 25.1929563 ], [ 55.282227, 25.1928702 ], [ 55.2820758, 25.1927781 ], [ 55.2819145, 25.192675 ], [ 55.2817796, 25.1925723 ], [ 55.2816369, 25.1924571 ], [ 55.281528, 25.1923587 ], [ 55.2814981, 25.192328 ] ] } },
{ "type": "Feature", "properties": { "osm_id": 99568153, "hw": "residential", "nm": "", "lanes": 2, "oneway": "no", "sw": 7.0, "swl": 2.0, "swr": 2.0, "nright": 1, "cline": "white", "key": "7.0|2.0|2.0|1|white", "bridge": 0, "net": "surface", "len_m": 68.6 }, "geometry": { "type": "LineString", "coordinates": [ [ 55.280414, 25.1907848 ], [ 55.2809694, 25.1904268 ] ] } },
{ "type": "Feature", "properties": { "osm_id": 99568157, "hw": "residential", "nm": "", "lanes": 2, "oneway": "no", "sw": 7.0, "swl": 2.0, "swr": 2.0, "nright": 1, "cline": "white", "key": "7.0|2.0|2.0|1|white", "bridge": 0, "net": "surface", "len_m": 108.6 }, "geometry": { "type": "LineString", "coordinates": [ [ 55.2809694, 25.1904268 ], [ 55.2813126, 25.190916 ], [ 55.2813493, 25.1909737 ], [ 55.2813788, 25.1910348 ], [ 55.2814007, 25.1910984 ], [ 55.2814148, 25.1911638 ], [ 55.2814209, 25.1912302 ], [ 55.2814189, 25.1912968 ] ] } },
{ "type": "Feature", "properties": { "osm_id": 99568166, "hw": "residential", "nm": "", "lanes": 2, "oneway": "yes", "sw": 7.0, "swl": 2.0, "swr": 2.0, "nright": 2, "cline": "none", "key": "7.0|2.0|2.0|2|none", "bridge": 0, "net": "surface", "len_m": 11.4 }, "geometry": { "type": "LineString", "coordinates": [ [ 55.2775522, 25.1878784 ], [ 55.2775708, 25.187864 ], [ 55.2776282, 25.187802 ] ] } },
{ "type": "Feature", "properties": { "osm_id": 99568169, "hw": "residential", "nm": "", "lanes": 2, "oneway": "yes", "sw": 7.0, "swl": 2.0, "swr": 2.0, "nright": 2, "cline": "none", "key": "7.0|2.0|2.0|2|none", "bridge": 0, "net": "surface", "len_m": 11.9 }, "geometry": { "type": "LineString", "coordinates": [ [ 55.2776282, 25.187802 ], [ 55.2775921, 25.1878767 ], [ 55.2775826, 25.1879015 ] ] } },
{ "type": "Feature", "properties": { "osm_id": 99568176, "hw": "residential", "nm": "", "lanes": 2, "oneway": "no", "sw": 7.0, "swl": 2.0, "swr": 2.0, "nright": 1, "cline": "white", "key": "7.0|2.0|2.0|1|white", "bridge": 0, "net": "surface", "len_m": 8.4 }, "geometry": { "type": "LineString", "coordinates": [ [ 55.2776282, 25.187802 ], [ 55.2776665, 25.1877345 ] ] } },
{ "type": "Feature", "properties": { "osm_id": 100783571, "hw": "residential", "nm": "48b Street", "lanes": 1, "oneway": "yes", "sw": 3.5, "swl": 2.0, "swr": 2.0, "nright": 1, "cline": "none", "key": "3.5|2.0|2.0|1|none", "bridge": 0, "net": "surface", "len_m": 35.7 }, "geometry": { "type": "LineString", "coordinates": [ [ 55.2555799, 25.1935119 ], [ 55.2555493, 25.1934356 ], [ 55.2555154, 25.1933612 ], [ 55.2554685, 25.1932784 ], [ 55.255434, 25.1932183 ] ] } },
{ "type": "Feature", "properties": { "osm_id": 100783572, "hw": "residential", "nm": "48b Street", "lanes": 1, "oneway": "yes", "sw": 3.5, "swl": 2.0, "swr": 2.0, "nright": 1, "cline": "none", "key": "3.5|2.0|2.0|1|none", "bridge": 0, "net": "surface", "len_m": 35.7 }, "geometry": { "type": "LineString", "coordinates": [ [ 55.255434, 25.1932183 ], [ 55.2554905, 25.1932628 ], [ 55.2555702, 25.1933217 ], [ 55.2556419, 25.1933692 ], [ 55.2557159, 25.1934128 ] ] } },
{ "type": "Feature", "properties": { "osm_id": 100783609, "hw": "secondary_link", "nm": "", "lanes": 1, "oneway": "yes", "sw": 3.5, "swl": 1.0, "swr": 1.0, "nright": 1, "cline": "none", "key": "3.5|1.0|1.0|1|none", "bridge": 0, "net": "surface", "len_m": 96.3 }, "geometry": { "type": "LineString", "coordinates": [ [ 55.2581376, 25.1924271 ], [ 55.2580571, 25.1923683 ], [ 55.2580313, 25.1923461 ], [ 55.25793, 25.1922508 ], [ 55.2578896, 25.1922213 ], [ 55.2578805, 25.1922147 ], [ 55.257823, 25.1921898 ], [ 55.2577608, 25.1921775 ], [ 55.2576972, 25.1921785 ], [ 55.2576355, 25.1921927 ], [ 55.257579, 25.1922194 ], [ 55.2574698, 25.1922888 ], [ 55.2574077, 25.1923237 ], [ 55.257336, 25.1923628 ] ] } },
{ "type": "Feature", "properties": { "osm_id": 106309505, "hw": "residential", "nm": "", "lanes": 2, "oneway": "no", "sw": 7.0, "swl": 2.0, "swr": 2.0, "nright": 1, "cline": "white", "key": "7.0|2.0|2.0|1|white", "bridge": 0, "net": "surface", "len_m": 89.5 }, "geometry": { "type": "LineString", "coordinates": [ [ 55.277976, 25.1868556 ], [ 55.2779573, 25.1868219 ], [ 55.2779503, 25.1867848 ], [ 55.2779554, 25.1867474 ], [ 55.2779723, 25.1867129 ], [ 55.2779995, 25.1866844 ], [ 55.2780347, 25.1866642 ], [ 55.2780748, 25.186654 ], [ 55.2781165, 25.1866549 ], [ 55.2781561, 25.1866666 ], [ 55.2781948, 25.1866923 ], [ 55.2782218, 25.1867282 ], [ 55.2782342, 25.1867701 ], [ 55.2782304, 25.1868134 ], [ 55.2782109, 25.1868531 ], [ 55.278178, 25.1868847 ], [ 55.2781353, 25.1869046 ], [ 55.2780877, 25.1869105 ], [ 55.2780407, 25.1869017 ], [ 55.2780046, 25.186883 ], [ 55.277976, 25.1868556 ] ] } },
{ "type": "Feature", "properties": { "osm_id": 106309507, "hw": "tertiary", "nm": "Marasi Drive", "lanes": 2, "oneway": "no", "sw": 7.0, "swl": 2.5, "swr": 2.5, "nright": 1, "cline": "white", "key": "7.0|2.5|2.5|1|white", "bridge": 0, "net": "surface", "len_m": 266.8 }, "geometry": { "type": "LineString", "coordinates": [ [ 55.2590969, 25.1852106 ], [ 55.2591649, 25.1851631 ], [ 55.2592212, 25.1851236 ], [ 55.2594951, 25.1849615 ], [ 55.2597006, 25.1848457 ], [ 55.2598269, 25.1847796 ], [ 55.2599101, 25.1847359 ], [ 55.2601233, 25.1846321 ], [ 55.2603307, 25.1845395 ], [ 55.2605514, 25.1844451 ], [ 55.2607348, 25.1843732 ], [ 55.2607987, 25.1843499 ], [ 55.2609121, 25.1843085 ], [ 55.2610907, 25.184247 ], [ 55.2613044, 25.1841795 ], [ 55.261326, 25.1841727 ], [ 55.2613765, 25.1841567 ], [ 55.2614515, 25.184133 ] ] } },
{ "type": "Feature", "properties": { "osm_id": 106309510, "hw": "residential", "nm": "School Street", "lanes": 2, "oneway": "yes", "sw": 7.0, "swl": 2.0, "swr": 2.0, "nright": 2, "cline": "none", "key": "7.0|2.0|2.0|2|none", "bridge": 0, "net": "surface", "len_m": 583.5 }, "geometry": { "type": "LineString", "coordinates": [ [ 55.2778967, 25.1872093 ], [ 55.2777012, 25.187129 ], [ 55.2775574, 25.1870854 ], [ 55.277409, 25.1870567 ], [ 55.2772597, 25.1870446 ], [ 55.2771105, 25.1870485 ], [ 55.2769611, 25.1870661 ], [ 55.276889, 25.1870797 ], [ 55.2768194, 25.1870824 ], [ 55.2767514, 25.1870689 ], [ 55.2766896, 25.18704 ], [ 55.2766381, 25.1869976 ], [ 55.2765947, 25.1869373 ], [ 55.2765573, 25.1868737 ], [ 55.276526, 25.1868076 ], [ 55.2764993, 25.1867354 ], [ 55.27648, 25.1866613 ], [ 55.2764682, 25.1865859 ], [ 55.2764648, 25.1865099 ], [ 55.2764754, 25.1864633 ], [ 55.2764968, 25.1864175 ], [ 55.2765279, 25.1863766 ], [ 55.2765676, 25.1863422 ], [ 55.2766141, 25.1863157 ], [ 55.2766656, 25.1862984 ], [ 55.2768463, 25.1862644 ], [ 55.2769746, 25.1862461 ], [ 55.2771036, 25.1862331 ], [ 55.2772332, 25.1862254 ], [ 55.277363, 25.186223 ], [ 55.2774821, 25.1862235 ], [ 55.2776009, 25.1862303 ], [ 55.2777191, 25.1862429 ], [ 55.2778365, 25.1862612 ], [ 55.2779526, 25.1862851 ], [ 55.2780671, 25.1863147 ], [ 55.2781797, 25.1863498 ], [ 55.2782431, 25.186373 ], [ 55.2782899, 25.1863902 ], [ 55.2784086, 25.1864376 ], [ 55.2785242, 25.1864908 ], [ 55.2786364, 25.1865496 ], [ 55.2787449, 25.1866138 ], [ 55.2788494, 25.1866833 ], [ 55.2789497, 25.1867577 ], [ 55.2790453, 25.186837 ], [ 55.279136, 25.1869208 ], [ 55.2792215, 25.187009 ], [ 55.2793017, 25.1871012 ], [ 55.2795298, 25.1873828 ], [ 55.2795471, 25.1874289 ], [ 55.2795501, 25.1874775 ], [ 55.2795387, 25.187525 ], [ 55.2795215, 25.1875924 ] ] } },
{ "type": "Feature", "properties": { "osm_id": 153820587, "hw": "motorway_link", "nm": "", "lanes": 2, "oneway": "yes", "sw": 7.0, "swl": 0.0, "swr": 0.0, "nright": 2, "cline": "none", "key": "7.0|0.0|0.0|2|none", "bridge": 0, "net": "freeway", "len_m": 619.5 }, "geometry": { "type": "LineString", "coordinates": [ [ 55.278411, 25.1790572 ], [ 55.2777395, 25.1785707 ], [ 55.2775334, 25.1784181 ], [ 55.2773235, 25.1782631 ], [ 55.2771238, 25.1781107 ], [ 55.2760534, 25.1772683 ], [ 55.2737306, 25.1754343 ] ] } },
{ "type": "Feature", "properties": { "osm_id": 153820600, "hw": "motorway", "nm": "Ras Al Khor Road", "lanes": 3, "oneway": "yes", "sw": 10.5, "swl": 0.0, "swr": 0.0, "nright": 3, "cline": "none", "key": "10.5|0.0|0.0|3|none", "bridge": 0, "net": "freeway", "len_m": 325.0 }, "geometry": { "type": "LineString", "coordinates": [ [ 55.2829424, 25.1814553 ], [ 55.2817024, 25.1807936 ], [ 55.2804466, 25.1801568 ], [ 55.2803865, 25.180124 ], [ 55.2803349, 25.1800811 ], [ 55.2802937, 25.1800297 ], [ 55.2802647, 25.1799719 ], [ 55.2802489, 25.1799101 ] ] } },
{ "type": "Feature", "properties": { "osm_id": 173629153, "hw": "secondary_link", "nm": "", "lanes": 1, "oneway": "yes", "sw": 3.5, "swl": 1.0, "swr": 1.0, "nright": 1, "cline": "none", "key": "3.5|1.0|1.0|1|none", "bridge": 0, "net": "surface", "len_m": 47.6 }, "geometry": { "type": "LineString", "coordinates": [ [ 55.2648307, 25.1859607 ], [ 55.2648844, 25.1859861 ], [ 55.2649408, 25.1860061 ], [ 55.2649993, 25.1860205 ], [ 55.2650561, 25.1860288 ], [ 55.2651142, 25.1860321 ], [ 55.2651693, 25.1860301 ], [ 55.2652894, 25.186033 ] ] } },
{ "type": "Feature", "properties": { "osm_id": 173629158, "hw": "tertiary_link", "nm": "", "lanes": 1, "oneway": "yes", "sw": 3.5, "swl": 1.0, "swr": 1.0, "nright": 1, "cline": "none", "key": "3.5|1.0|1.0|1|none", "bridge": 0, "net": "surface", "len_m": 70.9 }, "geometry": { "type": "LineString", "coordinates": [ [ 55.2896744, 25.1890165 ], [ 55.2897987, 25.1893816 ], [ 55.2898259, 25.1894543 ], [ 55.2898563, 25.1895066 ], [ 55.2898968, 25.1895549 ], [ 55.2899433, 25.1895986 ] ] } },
{ "type": "Feature", "properties": { "osm_id": 173629160, "hw": "tertiary", "nm": "", "lanes": 2, "oneway": "yes", "sw": 7.0, "swl": 2.5, "swr": 2.5, "nright": 2, "cline": "none", "key": "7.0|2.5|2.5|2|none", "bridge": 0, "net": "surface", "len_m": 238.2 }, "geometry": { "type": "LineString", "coordinates": [ [ 55.2927571, 25.185716 ], [ 55.2927796, 25.1858453 ], [ 55.2927918, 25.1859778 ], [ 55.2927815, 25.1861105 ], [ 55.2927488, 25.1862401 ], [ 55.2926946, 25.1863637 ], [ 55.2926201, 25.1864784 ], [ 55.292527, 25.1865813 ], [ 55.2924202, 25.1866625 ], [ 55.2923264, 25.1867166 ], [ 55.292238, 25.1867671 ], [ 55.2921558, 25.1868255 ], [ 55.2920806, 25.1868913 ], [ 55.2920133, 25.1869637 ], [ 55.2919545, 25.1870419 ], [ 55.2919049, 25.1871253 ], [ 55.2918651, 25.1872127 ], [ 55.2918354, 25.1873035 ], [ 55.2918229, 25.1873916 ], [ 55.2918108, 25.1875369 ] ] } },
{ "type": "Feature", "properties": { "osm_id": 173629161, "hw": "tertiary_link", "nm": "", "lanes": 1, "oneway": "yes", "sw": 3.5, "swl": 1.0, "swr": 1.0, "nright": 1, "cline": "none", "key": "3.5|1.0|1.0|1|none", "bridge": 0, "net": "surface", "len_m": 78.6 }, "geometry": { "type": "LineString", "coordinates": [ [ 55.2903425, 25.1897949 ], [ 55.290334, 25.1898081 ], [ 55.2903175, 25.1898272 ], [ 55.2902993, 25.1898387 ], [ 55.2902832, 25.1898483 ], [ 55.290254, 25.1898569 ], [ 55.2902254, 25.1898601 ], [ 55.2900681, 25.1898691 ], [ 55.2900122, 25.1898741 ], [ 55.2899582, 25.1898877 ], [ 55.2899074, 25.1899093 ], [ 55.2898678, 25.1899337 ], [ 55.2898325, 25.189963 ], [ 55.2898023, 25.1899966 ], [ 55.2896964, 25.1901128 ] ] } },
{ "type": "Feature", "properties": { "osm_id": 173629164, "hw": "tertiary", "nm": "", "lanes": 3, "oneway": "yes", "sw": 10.5, "swl": 2.5, "swr": 2.5, "nright": 3, "cline": "none", "key": "10.5|2.5|2.5|3|none", "bridge": 0, "net": "surface", "len_m": 277.6 }, "geometry": { "type": "LineString", "coordinates": [ [ 55.2854795, 25.1837865 ], [ 55.2858324, 25.184149 ], [ 55.2859519, 25.1842818 ], [ 55.2860665, 25.184418 ], [ 55.2861762, 25.1845576 ], [ 55.2862808, 25.1847002 ], [ 55.2863802, 25.1848459 ], [ 55.2864743, 25.1849945 ], [ 55.286563, 25.1851457 ], [ 55.2867387, 25.1854642 ], [ 55.2867723, 25.1855134 ], [ 55.2868145, 25.1855569 ], [ 55.286864, 25.1855934 ], [ 55.2868667, 25.1855948 ], [ 55.2868993, 25.1856116 ], [ 55.2869196, 25.185622 ], [ 55.2869404, 25.1856289 ], [ 55.2869796, 25.1856419 ], [ 55.2870424, 25.1856525 ], [ 55.2871063, 25.1856535 ], [ 55.2871695, 25.1856449 ] ] } },
{ "type": "Feature", "properties": { "osm_id": 173629166, "hw": "tertiary", "nm": "", "lanes": 2, "oneway": "yes", "sw": 7.0, "swl": 2.5, "swr": 2.5, "nright": 2, "cline": "none", "key": "7.0|2.5|2.5|2|none", "bridge": 0, "net": "surface", "len_m": 333.1 }, "geometry": { "type": "LineString", "coordinates": [ [ 55.2917334, 25.1884817 ], [ 55.2917496, 25.1883519 ], [ 55.2917538, 25.1882213 ], [ 55.2917457, 25.1880909 ], [ 55.2917256, 25.1879615 ], [ 55.2916783, 25.1877133 ], [ 55.2916616, 25.187628 ], [ 55.2916519, 25.1875416 ], [ 55.2916513, 25.1874548 ], [ 55.2916599, 25.1873683 ], [ 55.2916776, 25.1872829 ], [ 55.2917041, 25.1871994 ], [ 55.2917393, 25.1871187 ], [ 55.2917828, 25.1870413 ], [ 55.2918343, 25.186968 ], [ 55.2918932, 25.1868994 ], [ 55.2919591, 25.1868363 ], [ 55.2920438, 25.1867635 ], [ 55.2921323, 25.1866945 ], [ 55.2922245, 25.1866295 ], [ 55.2923244, 25.1865735 ], [ 55.292407, 25.186503 ], [ 55.2924782, 25.1864229 ], [ 55.2925364, 25.1863347 ], [ 55.2925807, 25.18624 ], [ 55.2926068, 25.1861553 ], [ 55.2926218, 25.1860684 ], [ 55.2926252, 25.1859805 ], [ 55.2926172, 25.1858928 ], [ 55.2926006, 25.1858064 ] ] } },
{ "type": "Feature", "properties": { "osm_id": 173629167, "hw": "secondary", "nm": "Al Khaleej Al Tejari 1 Street", "lanes": 4, "oneway": "yes", "sw": 14.0, "swl": 3.0, "swr": 3.0, "nright": 4, "cline": "none", "key": "14.0|3.0|3.0|4|none", "bridge": 0, "net": "surface", "len_m": 55.3 }, "geometry": { "type": "LineString", "coordinates": [ [ 55.2655786, 25.1860607 ], [ 55.2654741, 25.1861431 ], [ 55.2653662, 25.1862242 ], [ 55.2652986, 25.1862764 ], [ 55.2652569, 25.1863086 ], [ 55.265163, 25.186387 ] ] } },
{ "type": "Feature", "properties": { "osm_id": 173629169, "hw": "secondary_link", "nm": "", "lanes": 2, "oneway": "yes", "sw": 7.0, "swl": 1.0, "swr": 1.0, "nright": 2, "cline": "none", "key": "7.0|1.0|1.0|2|none", "bridge": 0, "net": "surface", "len_m": 76.0 }, "geometry": { "type": "LineString", "coordinates": [ [ 55.2653877, 25.1868462 ], [ 55.2652086, 25.1867664 ], [ 55.265107, 25.1867173 ], [ 55.265059, 25.1867011 ], [ 55.2649752, 25.1866952 ], [ 55.2649095, 25.186694 ], [ 55.2648439, 25.1867043 ], [ 55.26468, 25.1867531 ] ] } },
{ "type": "Feature", "properties": { "osm_id": 173629170, "hw": "tertiary", "nm": "", "lanes": 2, "oneway": "yes", "sw": 7.0, "swl": 2.5, "swr": 2.5, "nright": 2, "cline": "none", "key": "7.0|2.5|2.5|2|none", "bridge": 1, "net": "surface", "len_m": 168.1 }, "geometry": { "type": "LineString", "coordinates": [ [ 55.2905804, 25.1896468 ], [ 55.2907116, 25.1896045 ], [ 55.2908386, 25.1895525 ], [ 55.2909605, 25.1894913 ], [ 55.2910763, 25.1894213 ], [ 55.2911855, 25.1893428 ], [ 55.2912871, 25.1892565 ], [ 55.2913805, 25.189163 ], [ 55.2914651, 25.1890628 ], [ 55.2915404, 25.1889566 ], [ 55.2916057, 25.1888453 ], [ 55.2916607, 25.1887294 ], [ 55.2917051, 25.1886098 ] ] } },
{ "type": "Feature", "properties": { "osm_id": 173629171, "hw": "tertiary", "nm": "", "lanes": 2, "oneway": "yes", "sw": 7.0, "swl": 2.5, "swr": 2.5, "nright": 2, "cline": "none", "key": "7.0|2.5|2.5|2|none", "bridge": 0, "net": "surface", "len_m": 71.6 }, "geometry": { "type": "LineString", "coordinates": [ [ 55.2898786, 25.1897041 ], [ 55.2901334, 25.18971 ], [ 55.2902139, 25.1897118 ], [ 55.2902946, 25.1897077 ], [ 55.2903676, 25.1896991 ], [ 55.2904399, 25.1896854 ], [ 55.2905109, 25.189667 ], [ 55.2905804, 25.1896468 ] ] } },
{ "type": "Feature", "properties": { "osm_id": 173629172, "hw": "tertiary", "nm": "Marasi Drive", "lanes": 3, "oneway": "yes", "sw": 10.5, "swl": 2.5, "swr": 2.5, "nright": 3, "cline": "none", "key": "10.5|2.5|2.5|3|none", "bridge": 0, "net": "surface", "len_m": 582.8 }, "geometry": { "type": "LineString", "coordinates": [ [ 55.2711443, 25.1814452 ], [ 55.2711035, 25.1814149 ], [ 55.2709742, 25.1813134 ], [ 55.2709326, 25.1812826 ], [ 55.2708415, 25.1812154 ], [ 55.2707058, 25.1811211 ], [ 55.2705669, 25.1810305 ], [ 55.2704252, 25.1809436 ], [ 55.2702806, 25.1808607 ], [ 55.2700905, 25.1807636 ], [ 55.269896, 25.180674 ], [ 55.2696975, 25.180592 ], [ 55.2694952, 25.1805179 ], [ 55.2692896, 25.1804517 ], [ 55.269118, 25.1804039 ], [ 55.2688699, 25.1803436 ], [ 55.2686565, 25.1803019 ], [ 55.2684413, 25.1802693 ], [ 55.2682248, 25.1802393 ], [ 55.268007, 25.1802183 ], [ 55.2677884, 25.1802062 ], [ 55.2675694, 25.1802032 ], [ 55.2673504, 25.1802092 ], [ 55.267132, 25.1802242 ], [ 55.2669146, 25.1802481 ], [ 55.2666986, 25.1802811 ], [ 55.2662824, 25.18035 ], [ 55.2657254, 25.1804423 ] ] } },
{ "type": "Feature", "properties": { "osm_id": 173629173, "hw": "secondary_link", "nm": "", "lanes": 2, "oneway": "yes", "sw": 7.0, "swl": 1.0, "swr": 1.0, "nright": 2, "cline": "none", "key": "7.0|1.0|1.0|2|none", "bridge": 0, "net": "surface", "len_m": 93.5 }, "geometry": { "type": "LineString", "coordinates": [ [ 55.2644435, 25.186922 ], [ 55.2643621, 25.1870706 ], [ 55.2643305, 25.1871439 ], [ 55.2643116, 25.1872207 ], [ 55.2643055, 25.1873003 ], [ 55.2643121, 25.187374 ], [ 55.2643305, 25.1874471 ], [ 55.2643603, 25.1875172 ], [ 55.2644016, 25.1875962 ], [ 55.2644709, 25.1877086 ] ] } },
{ "type": "Feature", "properties": { "osm_id": 173629175, "hw": "tertiary", "nm": "", "lanes": 2, "oneway": "yes", "sw": 7.0, "swl": 2.5, "swr": 2.5, "nright": 2, "cline": "none", "key": "7.0|2.5|2.5|2|none", "bridge": 0, "net": "surface", "len_m": 100.8 }, "geometry": { "type": "LineString", "coordinates": [ [ 55.2905249, 25.1897692 ], [ 55.290445, 25.189784 ], [ 55.2903641, 25.1897936 ], [ 55.2903425, 25.1897949 ], [ 55.2903038, 25.1897972 ], [ 55.2902433, 25.1897979 ], [ 55.2899321, 25.1897962 ], [ 55.289876, 25.1897959 ], [ 55.2897345, 25.1897942 ], [ 55.2895276, 25.1897912 ] ] } },
{ "type": "Feature", "properties": { "osm_id": 173629177, "hw": "tertiary", "nm": "", "lanes": 2, "oneway": "yes", "sw": 7.0, "swl": 2.5, "swr": 2.5, "nright": 2, "cline": "none", "key": "7.0|2.5|2.5|2|none", "bridge": 1, "net": "surface", "len_m": 169.1 }, "geometry": { "type": "LineString", "coordinates": [ [ 55.2918116, 25.1887036 ], [ 55.291761, 25.1888227 ], [ 55.2917029, 25.1889381 ], [ 55.2916346, 25.1890488 ], [ 55.2915567, 25.1891542 ], [ 55.2914696, 25.1892536 ], [ 55.291374, 25.1893463 ], [ 55.2912704, 25.1894316 ], [ 55.2911595, 25.1895092 ], [ 55.291042, 25.1895784 ], [ 55.2909188, 25.1896387 ], [ 55.2907906, 25.1896899 ], [ 55.2906582, 25.1897315 ] ] } },
{ "type": "Feature", "properties": { "osm_id": 174915413, "hw": "tertiary", "nm": "Marasi Drive", "lanes": 3, "oneway": "yes", "sw": 10.5, "swl": 2.5, "swr": 2.5, "nright": 3, "cline": "none", "key": "10.5|2.5|2.5|3|none", "bridge": 0, "net": "surface", "len_m": 120.2 }, "geometry": { "type": "LineString", "coordinates": [ [ 55.2895301, 25.1897013 ], [ 55.2895274, 25.1896267 ], [ 55.2895246, 25.1895508 ], [ 55.2895122, 25.1894006 ], [ 55.289493, 25.1892509 ], [ 55.2894669, 25.1891022 ], [ 55.2894341, 25.1889545 ], [ 55.2893945, 25.1888082 ], [ 55.289335, 25.1886351 ] ] } },
{ "type": "Feature", "properties": { "osm_id": 174915415, "hw": "secondary", "nm": "Marasi Drive", "lanes": 4, "oneway": "yes", "sw": 14.0, "swl": 3.0, "swr": 3.0, "nright": 4, "cline": "none", "key": "14.0|3.0|3.0|4|none", "bridge": 1, "net": "surface", "len_m": 146.1 }, "geometry": { "type": "LineString", "coordinates": [ [ 55.2880075, 25.1918597 ], [ 55.2881312, 25.1918014 ], [ 55.2882575, 25.1917352 ], [ 55.2883796, 25.1916628 ], [ 55.2884972, 25.1915844 ], [ 55.2886097, 25.1915003 ], [ 55.288717, 25.1914107 ], [ 55.2888188, 25.1913159 ], [ 55.2889146, 25.1912162 ], [ 55.2890041, 25.1911119 ], [ 55.2890873, 25.1910033 ] ] } },
{ "type": "Feature", "properties": { "osm_id": 174915416, "hw": "secondary", "nm": "Marasi Drive", "lanes": 3, "oneway": "yes", "sw": 10.5, "swl": 3.0, "swr": 3.0, "nright": 3, "cline": "none", "key": "10.5|3.0|3.0|3|none", "bridge": 1, "net": "surface", "len_m": 217.4 }, "geometry": { "type": "LineString", "coordinates": [ [ 55.2895429, 25.1906065 ], [ 55.2894831, 25.1907207 ], [ 55.2894123, 25.1908461 ], [ 55.2893343, 25.190968 ], [ 55.2892494, 25.1910861 ], [ 55.2891577, 25.1911999 ], [ 55.2890597, 25.1913093 ], [ 55.2889554, 25.1914138 ], [ 55.2888452, 25.1915133 ], [ 55.2887294, 25.1916075 ], [ 55.2886084, 25.191696 ], [ 55.2884824, 25.1917787 ], [ 55.2883517, 25.1918553 ], [ 55.2882169, 25.1919256 ], [ 55.2880781, 25.1919894 ] ] } },
{ "type": "Feature", "properties": { "osm_id": 174915417, "hw": "secondary", "nm": "Marasi Drive", "lanes": 3, "oneway": "yes", "sw": 10.5, "swl": 3.0, "swr": 3.0, "nright": 3, "cline": "none", "key": "10.5|3.0|3.0|3|none", "bridge": 0, "net": "surface", "len_m": 509.5 }, "geometry": { "type": "LineString", "coordinates": [ [ 55.2826338, 25.186073 ], [ 55.2825079, 25.1859261 ], [ 55.2823761, 25.1857835 ], [ 55.2822386, 25.1856453 ], [ 55.2820956, 25.1855118 ], [ 55.2819229, 25.1853666 ], [ 55.2817426, 25.1852293 ], [ 55.281555, 25.1851002 ], [ 55.2813606, 25.1849796 ], [ 55.2811599, 25.1848678 ], [ 55.2809122, 25.1847394 ], [ 55.2807132, 25.1846449 ], [ 55.2804908, 25.1845566 ], [ 55.2802644, 25.184477 ], [ 55.2800346, 25.184406 ], [ 55.2798017, 25.1843439 ], [ 55.2795661, 25.1842907 ], [ 55.2793282, 25.1842466 ], [ 55.2790247, 25.1842009 ], [ 55.2789355, 25.1841937 ], [ 55.2788459, 25.1841924 ], [ 55.2787565, 25.184197 ], [ 55.2786677, 25.1842077 ], [ 55.2785845, 25.1842306 ], [ 55.2785093, 25.18427 ], [ 55.2784459, 25.1843239 ], [ 55.2783977, 25.1843895 ], [ 55.2783605, 25.1844544 ] ] } },
{ "type": "Feature", "properties": { "osm_id": 175564982, "hw": "primary", "nm": "Al Asayel Street", "lanes": 3, "oneway": "yes", "sw": 10.5, "swl": 3.0, "swr": 3.0, "nright": 3, "cline": "none", "key": "10.5|3.0|3.0|3|none", "bridge": 0, "net": "surface", "len_m": 91.9 }, "geometry": { "type": "LineString", "coordinates": [ [ 55.2889937, 25.1946729 ], [ 55.2891333, 25.194842 ], [ 55.2892643, 25.1950102 ], [ 55.28939, 25.1951815 ], [ 55.2895105, 25.195356 ] ] } },
{ "type": "Feature", "properties": { "osm_id": 175564995, "hw": "primary", "nm": "", "lanes": 3, "oneway": "yes", "sw": 10.5, "swl": 3.0, "swr": 3.0, "nright": 3, "cline": "none", "key": "10.5|3.0|3.0|3|none", "bridge": 0, "net": "surface", "len_m": 138.7 }, "geometry": { "type": "LineString", "coordinates": [ [ 55.2895105, 25.195356 ], [ 55.290205227632612, 25.196436766762485 ] ] } },
{ "type": "Feature", "properties": { "osm_id": 175565002, "hw": "primary", "nm": "Al Asayel Street", "lanes": 3, "oneway": "yes", "sw": 10.5, "swl": 3.0, "swr": 3.0, "nright": 3, "cline": "none", "key": "10.5|3.0|3.0|3|none", "bridge": 0, "net": "surface", "len_m": 181.3 }, "geometry": { "type": "LineString", "coordinates": [ [ 55.2888475, 25.1947477 ], [ 55.2887197, 25.1946086 ], [ 55.2885851, 25.1944743 ], [ 55.2884441, 25.1943453 ], [ 55.2882971, 25.1942221 ], [ 55.2881443, 25.1941046 ], [ 55.287986, 25.1939933 ], [ 55.2878226, 25.1938884 ], [ 55.2876542, 25.1937899 ], [ 55.2874813, 25.1936981 ] ] } },
{ "type": "Feature", "properties": { "osm_id": 175565009, "hw": "primary", "nm": "Al Asayel Street", "lanes": 3, "oneway": "yes", "sw": 10.5, "swl": 3.0, "swr": 3.0, "nright": 3, "cline": "none", "key": "10.5|3.0|3.0|3|none", "bridge": 0, "net": "surface", "len_m": 93.0 }, "geometry": { "type": "LineString", "coordinates": [ [ 55.2893789, 25.195433 ], [ 55.2892565, 25.1952553 ], [ 55.2891279, 25.1950813 ], [ 55.2889931, 25.1949111 ], [ 55.2888475, 25.1947477 ] ] } },
{ "type": "Feature", "properties": { "osm_id": 176079088, "hw": "tertiary", "nm": "Al A'amal Street", "lanes": 2, "oneway": "yes", "sw": 7.0, "swl": 2.5, "swr": 2.5, "nright": 2, "cline": "none", "key": "7.0|2.5|2.5|2|none", "bridge": 1, "net": "surface", "len_m": 339.4 }, "geometry": { "type": "LineString", "coordinates": [ [ 55.262057, 25.1842322 ], [ 55.2620371, 25.1841398 ], [ 55.261982, 25.1838515 ], [ 55.2619482, 25.1836686 ], [ 55.2619062, 25.1834323 ], [ 55.2618721, 25.1831948 ], [ 55.261846, 25.1829566 ], [ 55.2618279, 25.1827178 ], [ 55.2618196, 25.1821225 ], [ 55.2618182, 25.1820028 ], [ 55.2618131, 25.1818832 ], [ 55.2618045, 25.1817637 ], [ 55.2617986, 25.1816915 ], [ 55.261791, 25.1816195 ], [ 55.2617815, 25.1815477 ], [ 55.2617703, 25.181476 ], [ 55.2617572, 25.1814046 ], [ 55.2617087, 25.1811915 ] ] } },
{ "type": "Feature", "properties": { "osm_id": 176079089, "hw": "tertiary", "nm": "", "lanes": 2, "oneway": "yes", "sw": 7.0, "swl": 2.5, "swr": 2.5, "nright": 2, "cline": "none", "key": "7.0|2.5|2.5|2|none", "bridge": 0, "net": "surface", "len_m": 189.4 }, "geometry": { "type": "LineString", "coordinates": [ [ 55.2872371, 25.1857334 ], [ 55.2872016, 25.1858177 ], [ 55.2871598, 25.1859299 ], [ 55.2871507, 25.1859805 ], [ 55.2871537, 25.186028 ], [ 55.2871643, 25.1860745 ], [ 55.2871823, 25.1861192 ], [ 55.2872073, 25.186161 ], [ 55.2872387, 25.186199 ], [ 55.287276, 25.1862413 ], [ 55.2873489, 25.1863139 ], [ 55.2874234, 25.1863853 ], [ 55.2874992, 25.1864554 ], [ 55.2875908, 25.1865384 ], [ 55.2876921, 25.1866211 ], [ 55.2878038, 25.1867078 ], [ 55.2879196, 25.1867916 ], [ 55.2880379, 25.1868726 ], [ 55.288231, 25.1870013 ] ] } },
{ "type": "Feature", "properties": { "osm_id": 176079092, "hw": "primary", "nm": "Al Asayel Street", "lanes": 3, "oneway": "yes", "sw": 10.5, "swl": 3.0, "swr": 3.0, "nright": 3, "cline": "none", "key": "10.5|3.0|3.0|3|none", "bridge": 0, "net": "surface", "len_m": 299.1 }, "geometry": { "type": "LineString", "coordinates": [ [ 55.2865569, 25.1931887 ], [ 55.2867816, 25.1932672 ], [ 55.2870048, 25.193351 ], [ 55.287215, 25.1934404 ], [ 55.2874183, 25.1935304 ], [ 55.2876171, 25.1936286 ], [ 55.2878109, 25.1937346 ], [ 55.2879992, 25.1938482 ], [ 55.2881819, 25.1939693 ], [ 55.2883584, 25.1940976 ], [ 55.2885285, 25.1942329 ], [ 55.2886917, 25.1943748 ], [ 55.2888479, 25.1945232 ], [ 55.2889937, 25.1946729 ] ] } },
{ "type": "Feature", "properties": { "osm_id": 176079094, "hw": "tertiary", "nm": "Al A'amal Street", "lanes": 2, "oneway": "yes", "sw": 7.0, "swl": 2.5, "swr": 2.5, "nright": 2, "cline": "none", "key": "7.0|2.5|2.5|2|none", "bridge": 0, "net": "surface", "len_m": 347.1 }, "geometry": { "type": "LineString", "coordinates": [ [ 55.265393, 25.1884741 ], [ 55.2655111, 25.1885508 ], [ 55.2656995, 25.1886694 ], [ 55.2658915, 25.1887831 ], [ 55.266087, 25.1888919 ], [ 55.2663197, 25.1890094 ], [ 55.2663666, 25.1890331 ], [ 55.2664878, 25.1890943 ], [ 55.2666927, 25.1891878 ], [ 55.2670446, 25.1893268 ], [ 55.267313, 25.1894204 ], [ 55.2673729, 25.1894388 ], [ 55.2677476, 25.1895866 ], [ 55.2677992, 25.1896084 ], [ 55.2679419, 25.189669 ], [ 55.2680671, 25.1897302 ], [ 55.2681883, 25.1897977 ], [ 55.2683051, 25.1898712 ], [ 55.2684187, 25.1899464 ] ] } },
{ "type": "Feature", "properties": { "osm_id": 176079097, "hw": "secondary_link", "nm": "", "lanes": 2, "oneway": "yes", "sw": 7.0, "swl": 1.0, "swr": 1.0, "nright": 2, "cline": "none", "key": "7.0|1.0|1.0|2|none", "bridge": 0, "net": "surface", "len_m": 106.3 }, "geometry": { "type": "LineString", "coordinates": [ [ 55.2655786, 25.1860607 ], [ 55.2654877, 25.1862182 ], [ 55.2654581, 25.1862679 ], [ 55.2654216, 25.1863345 ], [ 55.2653958, 25.1863968 ], [ 55.265385, 25.1864325 ], [ 55.2653828, 25.1864939 ], [ 55.2654033, 25.1865824 ], [ 55.265448, 25.186654 ], [ 55.2655174, 25.186724 ], [ 55.2656051, 25.1868263 ], [ 55.2656231, 25.186914 ] ] } },
{ "type": "Feature", "properties": { "osm_id": 176079098, "hw": "secondary_link", "nm": "", "lanes": 1, "oneway": "yes", "sw": 3.5, "swl": 1.0, "swr": 1.0, "nright": 1, "cline": "none", "key": "3.5|1.0|1.0|1|none", "bridge": 0, "net": "surface", "len_m": 79.7 }, "geometry": { "type": "LineString", "coordinates": [ [ 55.2644952, 25.1866242 ], [ 55.2646624, 25.1863903 ], [ 55.2646893, 25.1863489 ], [ 55.2647104, 25.1863049 ], [ 55.2647253, 25.1862588 ], [ 55.264735, 25.1861992 ], [ 55.2647344, 25.1861389 ], [ 55.2647236, 25.1860794 ], [ 55.2646837, 25.1859697 ] ] } },
{ "type": "Feature", "properties": { "osm_id": 176079099, "hw": "secondary_link", "nm": "", "lanes": 2, "oneway": "yes", "sw": 7.0, "swl": 1.0, "swr": 1.0, "nright": 2, "cline": "none", "key": "7.0|1.0|1.0|2|none", "bridge": 0, "net": "surface", "len_m": 111.8 }, "geometry": { "type": "LineString", "coordinates": [ [ 55.2642562, 25.1877792 ], [ 55.2640677, 25.1876872 ], [ 55.2639973, 25.1876536 ], [ 55.2639222, 25.1876308 ], [ 55.2638489, 25.1876222 ], [ 55.2637652, 25.1876263 ], [ 55.2636893, 25.1876445 ], [ 55.2636187, 25.1876755 ], [ 55.2632593, 25.1878769 ] ] } },
{ "type": "Feature", "properties": { "osm_id": 176079102, "hw": "secondary", "nm": "Al Khaleej Al Tejari 1 Street", "lanes": 3, "oneway": "yes", "sw": 10.5, "swl": 3.0, "swr": 3.0, "nright": 3, "cline": "none", "key": "10.5|3.0|3.0|3|none", "bridge": 0, "net": "surface", "len_m": 236.9 }, "geometry": { "type": "LineString", "coordinates": [ [ 55.2650341, 25.1862277 ], [ 55.2651287, 25.186159 ], [ 55.2652894, 25.186033 ], [ 55.2654713, 25.1859119 ], [ 55.2657797, 25.1857067 ], [ 55.2664009, 25.1852562 ], [ 55.2664867, 25.1851954 ], [ 55.2666992, 25.1850418 ], [ 55.2667414, 25.1850051 ], [ 55.2667772, 25.1849632 ], [ 55.266806, 25.1849171 ], [ 55.2668336, 25.1848679 ] ] } },
{ "type": "Feature", "properties": { "osm_id": 176335401, "hw": "tertiary", "nm": "", "lanes": 2, "oneway": "yes", "sw": 7.0, "swl": 2.5, "swr": 2.5, "nright": 2, "cline": "none", "key": "7.0|2.5|2.5|2|none", "bridge": 0, "net": "surface", "len_m": 307.6 }, "geometry": { "type": "LineString", "coordinates": [ [ 55.278411, 25.1790572 ], [ 55.2782979, 25.1790009 ], [ 55.2781863, 25.1789424 ], [ 55.278076, 25.1788817 ], [ 55.2779672, 25.1788189 ], [ 55.2777411, 25.1786705 ], [ 55.2769544, 25.1781714 ], [ 55.2768654, 25.1781302 ], [ 55.2767719, 25.1780984 ], [ 55.2766751, 25.1780764 ], [ 55.2765761, 25.1780645 ], [ 55.2764762, 25.1780629 ], [ 55.2763768, 25.1780715 ], [ 55.276279, 25.1780901 ], [ 55.2761722, 25.178129 ], [ 55.2760679, 25.178173 ], [ 55.2759663, 25.1782219 ], [ 55.2758677, 25.1782757 ], [ 55.2757519, 25.1783471 ] ] } },
{ "type": "Feature", "properties": { "osm_id": 176335408, "hw": "tertiary", "nm": "", "lanes": 2, "oneway": "yes", "sw": 7.0, "swl": 2.5, "swr": 2.5, "nright": 2, "cline": "none", "key": "7.0|2.5|2.5|2|none", "bridge": 0, "net": "surface", "len_m": 554.9 }, "geometry": { "type": "LineString", "coordinates": [ [ 55.2742472, 25.1791675 ], [ 55.2751407, 25.1784853 ], [ 55.2752109, 25.1784286 ], [ 55.2752843, 25.1783637 ], [ 55.2753563, 25.1782981 ], [ 55.2754229, 25.1782279 ], [ 55.2754836, 25.1781535 ], [ 55.2755381, 25.1780753 ], [ 55.2755862, 25.1779937 ], [ 55.2756348, 25.1778952 ], [ 55.2756741, 25.1777934 ], [ 55.2757039, 25.177689 ], [ 55.2757188, 25.1775837 ], [ 55.2757176, 25.1774776 ], [ 55.2757007, 25.1773725 ], [ 55.2756684, 25.1772704 ], [ 55.2756213, 25.1771732 ], [ 55.2755602, 25.1770826 ], [ 55.2754863, 25.1770001 ], [ 55.2748969, 25.1765168 ], [ 55.2748185, 25.1764494 ], [ 55.2747407, 25.1763813 ], [ 55.2746637, 25.1763126 ], [ 55.2745873, 25.1762433 ], [ 55.273972, 25.1756753 ], [ 55.2739088, 25.1756175 ], [ 55.2738475, 25.175558 ], [ 55.2737881, 25.1754969 ], [ 55.2737306, 25.1754343 ] ] } },
{ "type": "Feature", "properties": { "osm_id": 188153777, "hw": "primary", "nm": "Financial Center Street", "lanes": 5, "oneway": "yes", "sw": 17.5, "swl": 3.0, "swr": 3.0, "nright": 5, "cline": "none", "key": "17.5|3.0|3.0|5|none", "bridge": 0, "net": "surface", "len_m": 87.1 }, "geometry": { "type": "LineString", "coordinates": [ [ 55.2875324, 25.1960408 ], [ 55.2869743, 25.1963414 ], [ 55.286785841964019, 25.196436766762485 ] ] } },
{ "type": "Feature", "properties": { "osm_id": 188153778, "hw": "primary", "nm": "Financial Center Street", "lanes": 4, "oneway": "yes", "sw": 14.0, "swl": 3.0, "swr": 3.0, "nright": 4, "cline": "none", "key": "14.0|3.0|3.0|4|none", "bridge": 0, "net": "surface", "len_m": 11.5 }, "geometry": { "type": "LineString", "coordinates": [ [ 55.2892759, 25.1948737 ], [ 55.2893754, 25.1948231 ] ] } },
{ "type": "Feature", "properties": { "osm_id": 188155636, "hw": "primary_link", "nm": "", "lanes": 1, "oneway": "yes", "sw": 3.5, "swl": 1.0, "swr": 1.0, "nright": 1, "cline": "none", "key": "3.5|1.0|1.0|1|none", "bridge": 0, "net": "surface", "len_m": 111.8 }, "geometry": { "type": "LineString", "coordinates": [ [ 55.262105, 25.1713795 ], [ 55.2621672, 25.1713066 ], [ 55.2622169, 25.171255 ], [ 55.2622851, 25.1712003 ], [ 55.2625501, 25.1710165 ], [ 55.2628752, 25.1707865 ], [ 55.262949706551176, 25.170730833237513 ] ] } },
{ "type": "Feature", "properties": { "osm_id": 204103475, "hw": "tertiary", "nm": "", "lanes": 1, "oneway": "yes", "sw": 3.5, "swl": 2.5, "swr": 2.5, "nright": 1, "cline": "none", "key": "3.5|2.5|2.5|1|none", "bridge": 0, "net": "surface", "len_m": 33.0 }, "geometry": { "type": "LineString", "coordinates": [ [ 55.2603465, 25.189851 ], [ 55.260367, 25.1897944 ], [ 55.2603758, 25.1897355 ], [ 55.2603726, 25.189676 ], [ 55.2603577, 25.189618 ], [ 55.2603313, 25.1895635 ] ] } },
{ "type": "Feature", "properties": { "osm_id": 208412551, "hw": "secondary_link", "nm": "", "lanes": 1, "oneway": "yes", "sw": 3.5, "swl": 1.0, "swr": 1.0, "nright": 1, "cline": "none", "key": "3.5|1.0|1.0|1|none", "bridge": 0, "net": "surface", "len_m": 19.9 }, "geometry": { "type": "LineString", "coordinates": [ [ 55.2564139, 25.174728 ], [ 55.2562215, 25.1746893 ] ] } },
{ "type": "Feature", "properties": { "osm_id": 208412553, "hw": "residential", "nm": "18a Street", "lanes": 2, "oneway": "no", "sw": 7.0, "swl": 2.0, "swr": 2.0, "nright": 1, "cline": "white", "key": "7.0|2.0|2.0|1|white", "bridge": 0, "net": "surface", "len_m": 103.4 }, "geometry": { "type": "LineString", "coordinates": [ [ 55.2518806, 25.1731861 ], [ 55.2512173, 25.1724743 ] ] } },
{ "type": "Feature", "properties": { "osm_id": 208412554, "hw": "secondary_link", "nm": "", "lanes": 1, "oneway": "yes", "sw": 3.5, "swl": 1.0, "swr": 1.0, "nright": 1, "cline": "none", "key": "3.5|1.0|1.0|1|none", "bridge": 0, "net": "surface", "len_m": 61.2 }, "geometry": { "type": "LineString", "coordinates": [ [ 55.2520621, 25.1783626 ], [ 55.2520628, 25.1783286 ], [ 55.2520741, 25.1783049 ], [ 55.2520924, 25.1782805 ], [ 55.2521134, 25.178258 ], [ 55.2523711, 25.1780457 ], [ 55.2524007, 25.1780175 ], [ 55.2524279, 25.1779873 ], [ 55.2524523, 25.1779552 ] ] } },
{ "type": "Feature", "properties": { "osm_id": 208412555, "hw": "tertiary", "nm": "3a Street", "lanes": 1, "oneway": "yes", "sw": 3.5, "swl": 2.5, "swr": 2.5, "nright": 1, "cline": "none", "key": "3.5|2.5|2.5|1|none", "bridge": 0, "net": "surface", "len_m": 587.7 }, "geometry": { "type": "LineString", "coordinates": [ [ 55.2532865, 25.177344 ], [ 55.2539866, 25.1768251 ], [ 55.2544734, 25.1764673 ], [ 55.2544883, 25.1764561 ], [ 55.2549531, 25.1761189 ], [ 55.2551113, 25.1760101 ], [ 55.2552927, 25.1758839 ], [ 55.2557732, 25.1755543 ], [ 55.256308, 25.1751874 ], [ 55.256342, 25.1751528 ], [ 55.2563695, 25.1751137 ], [ 55.2563899, 25.1750713 ], [ 55.2564027, 25.1750265 ], [ 55.2564077, 25.174974 ], [ 55.2564023, 25.1749216 ], [ 55.2563867, 25.1748708 ], [ 55.2563614, 25.1748234 ], [ 55.2563292, 25.1747834 ], [ 55.2562978, 25.174748 ], [ 55.2562617, 25.1747165 ], [ 55.2562215, 25.1746893 ], [ 55.2561806, 25.1746651 ], [ 55.2561412, 25.1746388 ], [ 55.2561042, 25.1746098 ], [ 55.2560697, 25.1745785 ], [ 55.25598, 25.1744788 ], [ 55.2559358, 25.1744298 ], [ 55.2558098, 25.1742757 ], [ 55.2556918, 25.1741164 ], [ 55.2555719, 25.1739585 ], [ 55.255532, 25.1738979 ], [ 55.2555013, 25.1738331 ], [ 55.2554803, 25.1737652 ], [ 55.2554694, 25.1736954 ] ] } },
{ "type": "Feature", "properties": { "osm_id": 208412556, "hw": "secondary_link", "nm": "", "lanes": 1, "oneway": "yes", "sw": 3.5, "swl": 1.0, "swr": 1.0, "nright": 1, "cline": "none", "key": "3.5|1.0|1.0|1|none", "bridge": 0, "net": "surface", "len_m": 38.6 }, "geometry": { "type": "LineString", "coordinates": [ [ 55.2539714, 25.1716313 ], [ 55.2540015, 25.1716844 ], [ 55.2540235, 25.1717393 ], [ 55.2540406, 25.1717956 ], [ 55.2540528, 25.1718529 ], [ 55.2540768, 25.1719639 ] ] } },
{ "type": "Feature", "properties": { "osm_id": 208412557, "hw": "residential", "nm": "3 Street", "lanes": 1, "oneway": "yes", "sw": 3.5, "swl": 2.0, "swr": 2.0, "nright": 1, "cline": "none", "key": "3.5|2.0|2.0|1|none", "bridge": 0, "net": "surface", "len_m": 23.2 }, "geometry": { "type": "LineString", "coordinates": [ [ 55.2552041, 25.1736629 ], [ 55.2552354, 25.1736188 ], [ 55.2552566, 25.1735701 ], [ 55.2552671, 25.1735185 ], [ 55.2552662, 25.1734662 ] ] } },
{ "type": "Feature", "properties": { "osm_id": 208412558, "hw": "residential", "nm": "3 Street", "lanes": 1, "oneway": "yes", "sw": 3.5, "swl": 2.0, "swr": 2.0, "nright": 1, "cline": "none", "key": "3.5|2.0|2.0|1|none", "bridge": 0, "net": "surface", "len_m": 22.9 }, "geometry": { "type": "LineString", "coordinates": [ [ 55.2554287, 25.1736496 ], [ 55.2553725, 25.1736429 ], [ 55.2553157, 25.1736429 ], [ 55.2552646, 25.1736492 ], [ 55.2552595, 25.1736498 ], [ 55.2552041, 25.1736629 ] ] } },
{ "type": "Feature", "properties": { "osm_id": 208412562, "hw": "secondary_link", "nm": "", "lanes": 1, "oneway": "yes", "sw": 3.5, "swl": 1.0, "swr": 1.0, "nright": 1, "cline": "none", "key": "3.5|1.0|1.0|1|none", "bridge": 0, "net": "surface", "len_m": 80.0 }, "geometry": { "type": "LineString", "coordinates": [ [ 55.2561827, 25.1753842 ], [ 55.2561974, 25.1753572 ], [ 55.2562165, 25.1753325 ], [ 55.2562394, 25.1753106 ], [ 55.2562657, 25.175292 ], [ 55.2563542, 25.17523 ], [ 55.2563877, 25.1752009 ], [ 55.2564288, 25.1751518 ], [ 55.2564601, 25.1750971 ], [ 55.2564808, 25.1750385 ], [ 55.2564904, 25.1749739 ], [ 55.2564871, 25.1749089 ], [ 55.2564717, 25.1748454 ], [ 55.2564505, 25.1747705 ] ] } },
{ "type": "Feature", "properties": { "osm_id": 208412565, "hw": "secondary_link", "nm": "", "lanes": 1, "oneway": "yes", "sw": 3.5, "swl": 1.0, "swr": 1.0, "nright": 1, "cline": "none", "key": "3.5|1.0|1.0|1|none", "bridge": 0, "net": "surface", "len_m": 31.4 }, "geometry": { "type": "LineString", "coordinates": [ [ 55.253276, 25.1712772 ], [ 55.253205, 25.171248 ], [ 55.2531325, 25.1712221 ], [ 55.2530586, 25.1711998 ], [ 55.2529834, 25.1711809 ] ] } },
{ "type": "Feature", "properties": { "osm_id": 237427503, "hw": "secondary_link", "nm": "", "lanes": 1, "oneway": "yes", "sw": 3.5, "swl": 1.0, "swr": 1.0, "nright": 1, "cline": "none", "key": "3.5|1.0|1.0|1|none", "bridge": 0, "net": "surface", "len_m": 33.2 }, "geometry": { "type": "LineString", "coordinates": [ [ 55.261917478233805, 25.196436766762485 ], [ 55.2617806, 25.1962855 ], [ 55.2617705, 25.1962691 ], [ 55.2617655, 25.1962509 ], [ 55.2617659, 25.196232 ], [ 55.2617718, 25.196214 ], [ 55.2617872, 25.1961887 ] ] } },
{ "type": "Feature", "properties": { "osm_id": 242526542, "hw": "tertiary", "nm": "Burj Khalifa Street", "lanes": 2, "oneway": "yes", "sw": 7.0, "swl": 2.5, "swr": 2.5, "nright": 2, "cline": "none", "key": "7.0|2.5|2.5|2|none", "bridge": 0, "net": "surface", "len_m": 165.6 }, "geometry": { "type": "LineString", "coordinates": [ [ 55.2763419, 25.1860128 ], [ 55.2765322, 25.1858748 ], [ 55.2767172, 25.185731 ], [ 55.2768967, 25.1855816 ], [ 55.2772679, 25.1852533 ], [ 55.277335, 25.1851845 ], [ 55.2773615, 25.1851477 ], [ 55.2773888, 25.1851099 ], [ 55.2774276, 25.185028 ], [ 55.2774503, 25.1849414 ] ] } },
{ "type": "Feature", "properties": { "osm_id": 242526544, "hw": "tertiary", "nm": "Al A'amal Street", "lanes": 2, "oneway": "yes", "sw": 7.0, "swl": 2.5, "swr": 2.5, "nright": 2, "cline": "none", "key": "7.0|2.5|2.5|2|none", "bridge": 0, "net": "surface", "len_m": 347.9 }, "geometry": { "type": "LineString", "coordinates": [ [ 55.2684292, 25.1900926 ], [ 55.2682263, 25.18997 ], [ 55.2681183, 25.1899088 ], [ 55.2680078, 25.1898514 ], [ 55.2678949, 25.1897979 ], [ 55.2677798, 25.1897484 ], [ 55.2669279, 25.1894248 ], [ 55.2664108, 25.1892021 ], [ 55.2663655, 25.1891799 ], [ 55.2663094, 25.1891547 ], [ 55.2660686, 25.1890398 ], [ 55.2658309, 25.1889182 ], [ 55.2655983, 25.1887885 ], [ 55.265372, 25.1886502 ] ] } },
{ "type": "Feature", "properties": { "osm_id": 242539209, "hw": "residential", "nm": "", "lanes": 2, "oneway": "no", "sw": 7.0, "swl": 2.0, "swr": 2.0, "nright": 1, "cline": "white", "key": "7.0|2.0|2.0|1|white", "bridge": 0, "net": "surface", "len_m": 168.8 }, "geometry": { "type": "LineString", "coordinates": [ [ 55.2715916, 25.1922084 ], [ 55.2716771, 25.192288 ], [ 55.2717735, 25.1923566 ], [ 55.2718792, 25.1924129 ], [ 55.2719923, 25.1924559 ], [ 55.2721107, 25.1924848 ], [ 55.2721676, 25.1924985 ], [ 55.2723889, 25.1925032 ], [ 55.2724764, 25.1924834 ], [ 55.2725946, 25.1924535 ], [ 55.2727189, 25.192408 ], [ 55.2728389, 25.1923538 ], [ 55.2729538, 25.1922913 ], [ 55.2730979, 25.1922129 ] ] } },
{ "type": "Feature", "properties": { "osm_id": 242539213, "hw": "secondary", "nm": "AL Alam Street", "lanes": 2, "oneway": "yes", "sw": 7.0, "swl": 3.0, "swr": 3.0, "nright": 2, "cline": "none", "key": "7.0|3.0|3.0|2|none", "bridge": 0, "net": "surface", "len_m": 20.8 }, "geometry": { "type": "LineString", "coordinates": [ [ 55.2739865, 25.1908554 ], [ 55.2739538, 25.1907622 ], [ 55.2739256, 25.1906761 ] ] } },
{ "type": "Feature", "properties": { "osm_id": 248978738, "hw": "tertiary", "nm": "Burj Khalifa Street", "lanes": 3, "oneway": "yes", "sw": 10.5, "swl": 2.5, "swr": 2.5, "nright": 3, "cline": "none", "key": "10.5|2.5|2.5|3|none", "bridge": 0, "net": "surface", "len_m": 198.6 }, "geometry": { "type": "LineString", "coordinates": [ [ 55.2684587, 25.1919114 ], [ 55.2683767, 25.1920429 ], [ 55.2683124, 25.1921613 ], [ 55.2682634, 25.1922724 ], [ 55.2682085, 25.1924251 ], [ 55.2681651, 25.1925574 ], [ 55.2681296, 25.1926881 ], [ 55.2680792, 25.1928883 ], [ 55.2680385, 25.1931235 ], [ 55.2680237, 25.1932155 ], [ 55.2679786, 25.1934309 ], [ 55.2679197, 25.1936248 ] ] } },
{ "type": "Feature", "properties": { "osm_id": 248978740, "hw": "tertiary", "nm": "Al Ohood Street", "lanes": 2, "oneway": "yes", "sw": 7.0, "swl": 2.5, "swr": 2.5, "nright": 2, "cline": "none", "key": "7.0|2.5|2.5|2|none", "bridge": 0, "net": "surface", "len_m": 549.7 }, "geometry": { "type": "LineString", "coordinates": [ [ 55.2775293, 25.1882681 ], [ 55.2775423, 25.1883226 ], [ 55.2775617, 25.1883757 ], [ 55.2775872, 25.1884265 ], [ 55.2776186, 25.1884747 ], [ 55.2780432, 25.189053 ], [ 55.2781097, 25.1891335 ], [ 55.2781588, 25.1891944 ], [ 55.2782089, 25.1892544 ], [ 55.2782611, 25.1893137 ], [ 55.2783356, 25.1893958 ], [ 55.2784639, 25.1895304 ], [ 55.2786083, 25.1896739 ], [ 55.2787568, 25.1898139 ], [ 55.2789091, 25.1899506 ], [ 55.2790653, 25.1900836 ], [ 55.2792251, 25.190213 ], [ 55.2793886, 25.1903387 ], [ 55.2795555, 25.1904605 ], [ 55.2801202, 25.1908482 ], [ 55.2801953, 25.1909067 ], [ 55.2803464, 25.1910266 ], [ 55.2804521, 25.1911106 ], [ 55.2805567, 25.1911958 ], [ 55.28066, 25.1912821 ], [ 55.2812545, 25.1918299 ] ] } },
{ "type": "Feature", "properties": { "osm_id": 248978742, "hw": "tertiary_link", "nm": "", "lanes": 1, "oneway": "yes", "sw": 3.5, "swl": 1.0, "swr": 1.0, "nright": 1, "cline": "none", "key": "3.5|1.0|1.0|1|none", "bridge": 0, "net": "surface", "len_m": 57.4 }, "geometry": { "type": "LineString", "coordinates": [ [ 55.2825386, 25.1915195 ], [ 55.2825936, 25.1914645 ], [ 55.2826326, 25.1914017 ], [ 55.2826609, 25.1913309 ], [ 55.2826752, 25.1912732 ], [ 55.2826822, 25.1912144 ], [ 55.282682, 25.1911553 ], [ 55.2826746, 25.1910966 ], [ 55.2826621, 25.1910381 ] ] } },
{ "type": "Feature", "properties": { "osm_id": 248978744, "hw": "secondary", "nm": "", "lanes": 2, "oneway": "no", "sw": 7.0, "swl": 3.0, "swr": 3.0, "nright": 1, "cline": "white", "key": "7.0|3.0|3.0|1|white", "bridge": 0, "net": "surface", "len_m": 44.9 }, "geometry": { "type": "LineString", "coordinates": [ [ 55.2776728, 25.184285 ], [ 55.2778133, 25.1842411 ], [ 55.2779618, 25.1842343 ], [ 55.2781065, 25.1842651 ] ] } },
{ "type": "Feature", "properties": { "osm_id": 248978747, "hw": "secondary", "nm": "Marasi Drive", "lanes": 3, "oneway": "yes", "sw": 10.5, "swl": 3.0, "swr": 3.0, "nright": 3, "cline": "none", "key": "10.5|3.0|3.0|3|none", "bridge": 0, "net": "surface", "len_m": 10.1 }, "geometry": { "type": "LineString", "coordinates": [ [ 55.2716684, 25.1876266 ], [ 55.2715841, 25.1876767 ] ] } },
{ "type": "Feature", "properties": { "osm_id": 248978750, "hw": "tertiary", "nm": "Al Ohood Street", "lanes": 2, "oneway": "yes", "sw": 7.0, "swl": 2.5, "swr": 2.5, "nright": 2, "cline": "none", "key": "7.0|2.5|2.5|2|none", "bridge": 0, "net": "surface", "len_m": 50.6 }, "geometry": { "type": "LineString", "coordinates": [ [ 55.275547, 25.1861113 ], [ 55.2752342, 25.1857539 ] ] } },
{ "type": "Feature", "properties": { "osm_id": 248978751, "hw": "secondary", "nm": "", "lanes": 2, "oneway": "yes", "sw": 7.0, "swl": 3.0, "swr": 3.0, "nright": 2, "cline": "none", "key": "7.0|3.0|3.0|2|none", "bridge": 0, "net": "surface", "len_m": 95.3 }, "geometry": { "type": "LineString", "coordinates": [ [ 55.2781065, 25.1842651 ], [ 55.2784999, 25.1841241 ], [ 55.2785998, 25.184096 ], [ 55.2787018, 25.1840754 ], [ 55.2788053, 25.1840623 ], [ 55.2789097, 25.1840568 ], [ 55.2790142, 25.184059 ] ] } },
{ "type": "Feature", "properties": { "osm_id": 248978753, "hw": "secondary", "nm": "", "lanes": 2, "oneway": "yes", "sw": 7.0, "swl": 3.0, "swr": 3.0, "nright": 2, "cline": "none", "key": "7.0|3.0|3.0|2|none", "bridge": 0, "net": "surface", "len_m": 105.6 }, "geometry": { "type": "LineString", "coordinates": [ [ 55.276645, 25.1842977 ], [ 55.2769632, 25.1842303 ], [ 55.2771058, 25.1842133 ], [ 55.2772496, 25.1842102 ], [ 55.277393, 25.1842209 ], [ 55.2775343, 25.1842454 ], [ 55.2776728, 25.184285 ] ] } },
{ "type": "Feature", "properties": { "osm_id": 248978754, "hw": "tertiary_link", "nm": "", "lanes": 1, "oneway": "yes", "sw": 3.5, "swl": 1.0, "swr": 1.0, "nright": 1, "cline": "none", "key": "3.5|1.0|1.0|1|none", "bridge": 0, "net": "surface", "len_m": 68.9 }, "geometry": { "type": "LineString", "coordinates": [ [ 55.2765096, 25.1861571 ], [ 55.2764257, 25.1862619 ], [ 55.2763461, 25.186327 ], [ 55.2763057, 25.1863609 ], [ 55.2762769, 25.1863907 ], [ 55.2762538, 25.1864275 ], [ 55.2762292, 25.186474 ], [ 55.276209, 25.1865245 ], [ 55.2762017, 25.1865733 ], [ 55.2761963, 25.1866249 ], [ 55.2762052, 25.1866808 ] ] } },
{ "type": "Feature", "properties": { "osm_id": 248978755, "hw": "secondary_link", "nm": "", "lanes": 1, "oneway": "yes", "sw": 3.5, "swl": 1.0, "swr": 1.0, "nright": 1, "cline": "none", "key": "3.5|1.0|1.0|1|none", "bridge": 0, "net": "surface", "len_m": 47.4 }, "geometry": { "type": "LineString", "coordinates": [ [ 55.2838745, 25.1908538 ], [ 55.2839289, 25.1907471 ], [ 55.2839536, 25.1906918 ], [ 55.2839726, 25.1906194 ], [ 55.2839778, 25.1905451 ], [ 55.2839869, 25.1904435 ] ] } },
{ "type": "Feature", "properties": { "osm_id": 248979234, "hw": "tertiary", "nm": "", "lanes": 1, "oneway": "yes", "sw": 3.5, "swl": 2.5, "swr": 2.5, "nright": 1, "cline": "none", "key": "3.5|2.5|2.5|1|none", "bridge": 0, "net": "surface", "len_m": 98.3 }, "geometry": { "type": "LineString", "coordinates": [ [ 55.2865305, 25.1922443 ], [ 55.2864234, 25.1922833 ], [ 55.2863893, 25.1923002 ], [ 55.2863588, 25.192322 ], [ 55.2863329, 25.1923482 ], [ 55.2863123, 25.1923779 ], [ 55.2862976, 25.1924105 ], [ 55.2862732, 25.1925099 ], [ 55.2862537, 25.1926463 ], [ 55.2862419, 25.1927288 ], [ 55.2862406, 25.1927806 ], [ 55.2862485, 25.1928318 ], [ 55.2862654, 25.1928813 ], [ 55.2862908, 25.1929276 ], [ 55.286337, 25.1929917 ] ] } },
{ "type": "Feature", "properties": { "osm_id": 248980713, "hw": "tertiary", "nm": "Al Asayel Street", "lanes": 2, "oneway": "yes", "sw": 7.0, "swl": 2.5, "swr": 2.5, "nright": 2, "cline": "none", "key": "7.0|2.5|2.5|2|none", "bridge": 0, "net": "surface", "len_m": 121.4 }, "geometry": { "type": "LineString", "coordinates": [ [ 55.2794521, 25.1868722 ], [ 55.2793077, 25.1866967 ], [ 55.2791601, 25.1865235 ], [ 55.2790092, 25.1863525 ], [ 55.2788551, 25.1861839 ], [ 55.2786979, 25.1860177 ] ] } },
{ "type": "Feature", "properties": { "osm_id": 248980718, "hw": "residential", "nm": "", "lanes": 1, "oneway": "yes", "sw": 3.5, "swl": 2.0, "swr": 2.0, "nright": 1, "cline": "none", "key": "3.5|2.0|2.0|1|none", "bridge": 0, "net": "surface", "len_m": 49.0 }, "geometry": { "type": "LineString", "coordinates": [ [ 55.2799587, 25.1875151 ], [ 55.2799113, 25.1874923 ], [ 55.2798759, 25.1874765 ], [ 55.2798379, 25.1874671 ], [ 55.2797986, 25.1874644 ], [ 55.2797595, 25.1874686 ], [ 55.279722, 25.1874795 ], [ 55.2796874, 25.1874966 ], [ 55.2795215, 25.1875924 ] ] } },
{ "type": "Feature", "properties": { "osm_id": 248980719, "hw": "residential", "nm": "", "lanes": 1, "oneway": "yes", "sw": 3.5, "swl": 2.0, "swr": 2.0, "nright": 1, "cline": "none", "key": "3.5|2.0|2.0|1|none", "bridge": 0, "net": "surface", "len_m": 88.2 }, "geometry": { "type": "LineString", "coordinates": [ [ 55.2795298, 25.1873828 ], [ 55.2795725, 25.1874207 ], [ 55.279609, 25.1874363 ], [ 55.2796493, 25.1874374 ], [ 55.2796867, 25.1874239 ], [ 55.279715, 25.1873979 ], [ 55.2797296, 25.1873639 ], [ 55.2797279, 25.1873275 ], [ 55.2797102, 25.1872947 ], [ 55.2795718, 25.1870982 ], [ 55.2795338, 25.1870455 ], [ 55.2795011, 25.1869899 ], [ 55.2794737, 25.186932 ], [ 55.2794521, 25.1868722 ] ] } },
{ "type": "Feature", "properties": { "osm_id": 251720561, "hw": "motorway_link", "nm": "", "lanes": 3, "oneway": "yes", "sw": 10.5, "swl": 0.0, "swr": 0.0, "nright": 3, "cline": "none", "key": "10.5|0.0|0.0|3|none", "bridge": 0, "net": "freeway", "len_m": 87.2 }, "geometry": { "type": "LineString", "coordinates": [ [ 55.2642174, 25.1959218 ], [ 55.2645435, 25.1961383 ], [ 55.2645999, 25.1961791 ], [ 55.2646526, 25.1962238 ], [ 55.2647011, 25.1962721 ], [ 55.264867284687575, 25.196436766762485 ] ] } },
{ "type": "Feature", "properties": { "osm_id": 253488758, "hw": "tertiary", "nm": "Marasi Drive", "lanes": 2, "oneway": "yes", "sw": 7.0, "swl": 2.5, "swr": 2.5, "nright": 2, "cline": "none", "key": "7.0|2.5|2.5|2|none", "bridge": 0, "net": "surface", "len_m": 495.9 }, "geometry": { "type": "LineString", "coordinates": [ [ 55.2833571, 25.1825163 ], [ 55.2847027, 25.1833635 ], [ 55.2848634, 25.1834689 ], [ 55.2850199, 25.1835793 ], [ 55.2851721, 25.1836945 ], [ 55.2853198, 25.1838144 ], [ 55.2854628, 25.1839388 ], [ 55.2856009, 25.1840677 ], [ 55.2857589, 25.1842374 ], [ 55.2859103, 25.1844118 ], [ 55.2860551, 25.1845909 ], [ 55.286193, 25.1847743 ], [ 55.2863064, 25.1849431 ], [ 55.2864118, 25.1851161 ], [ 55.286509, 25.1852931 ], [ 55.2866115, 25.185483 ], [ 55.2867239, 25.18567 ] ] } },
{ "type": "Feature", "properties": { "osm_id": 254244742, "hw": "residential", "nm": "", "lanes": 1, "oneway": "yes", "sw": 3.5, "swl": 2.0, "swr": 2.0, "nright": 1, "cline": "none", "key": "3.5|2.0|2.0|1|none", "bridge": 0, "net": "surface", "len_m": 46.4 }, "geometry": { "type": "LineString", "coordinates": [ [ 55.2772688, 25.1812456 ], [ 55.2773234, 25.1812288 ], [ 55.2773747, 25.1812052 ], [ 55.2774219, 25.1811752 ], [ 55.2774639, 25.1811395 ], [ 55.2774998, 25.1810987 ], [ 55.2775289, 25.1810538 ], [ 55.2775507, 25.1810055 ], [ 55.2775664, 25.1809544 ] ] } },
{ "type": "Feature", "properties": { "osm_id": 254244743, "hw": "tertiary", "nm": "", "lanes": 2, "oneway": "yes", "sw": 7.0, "swl": 2.5, "swr": 2.5, "nright": 2, "cline": "none", "key": "7.0|2.5|2.5|2|none", "bridge": 0, "net": "surface", "len_m": 22.8 }, "geometry": { "type": "LineString", "coordinates": [ [ 55.2538208, 25.1775822 ], [ 55.2537984, 25.1776325 ], [ 55.2537903, 25.1776554 ], [ 55.2537868, 25.1776792 ], [ 55.253788, 25.1777033 ], [ 55.2537937, 25.1777267 ], [ 55.2538165, 25.1777785 ] ] } },
{ "type": "Feature", "properties": { "osm_id": 254244745, "hw": "tertiary", "nm": "", "lanes": 2, "oneway": "no", "sw": 7.0, "swl": 2.5, "swr": 2.5, "nright": 1, "cline": "white", "key": "7.0|2.5|2.5|1|white", "bridge": 0, "net": "surface", "len_m": 21.2 }, "geometry": { "type": "LineString", "coordinates": [ [ 55.2615998, 25.1917064 ], [ 55.2616366, 25.1917252 ], [ 55.2616649, 25.1917536 ], [ 55.261682, 25.1917886 ], [ 55.2616861, 25.1918267 ], [ 55.2616765, 25.1918639 ] ] } },
{ "type": "Feature", "properties": { "osm_id": 254244747, "hw": "tertiary", "nm": "", "lanes": 2, "oneway": "no", "sw": 7.0, "swl": 2.5, "swr": 2.5, "nright": 1, "cline": "white", "key": "7.0|2.5|2.5|1|white", "bridge": 0, "net": "surface", "len_m": 135.9 }, "geometry": { "type": "LineString", "coordinates": [ [ 55.2533416, 25.1813638 ], [ 55.253251, 25.1814263 ], [ 55.2531936, 25.1814663 ], [ 55.252984, 25.1816223 ], [ 55.2529357, 25.1816558 ], [ 55.2525839, 25.1819267 ], [ 55.2524043, 25.1820446 ], [ 55.2522952, 25.1821366 ] ] } },
{ "type": "Feature", "properties": { "osm_id": 254244748, "hw": "tertiary", "nm": "", "lanes": 2, "oneway": "no", "sw": 7.0, "swl": 2.5, "swr": 2.5, "nright": 1, "cline": "white", "key": "7.0|2.5|2.5|1|white", "bridge": 0, "net": "surface", "len_m": 158.1 }, "geometry": { "type": "LineString", "coordinates": [ [ 55.2531183, 25.1802956 ], [ 55.2531616, 25.1803422 ], [ 55.2533369, 25.1805308 ], [ 55.2535436, 25.1807547 ], [ 55.2536799, 25.1808979 ], [ 55.2537056, 25.1809301 ], [ 55.2537244, 25.1809671 ], [ 55.2537319, 25.1810134 ], [ 55.2537203, 25.1810614 ], [ 55.2536951, 25.1810952 ], [ 55.2536614, 25.1811331 ], [ 55.2536481, 25.1811427 ], [ 55.2533922, 25.1813277 ], [ 55.2533416, 25.1813638 ] ] } },
{ "type": "Feature", "properties": { "osm_id": 254244750, "hw": "tertiary", "nm": "", "lanes": 2, "oneway": "yes", "sw": 7.0, "swl": 2.5, "swr": 2.5, "nright": 2, "cline": "none", "key": "7.0|2.5|2.5|2|none", "bridge": 0, "net": "surface", "len_m": 200.0 }, "geometry": { "type": "LineString", "coordinates": [ [ 55.2616765, 25.1918639 ], [ 55.2616711, 25.1919022 ], [ 55.261671, 25.1919408 ], [ 55.2616762, 25.1919791 ], [ 55.2616853, 25.1920165 ], [ 55.261711, 25.1920994 ], [ 55.2617616, 25.1922604 ], [ 55.2617954, 25.1923524 ], [ 55.2618342, 25.1924428 ], [ 55.261878, 25.1925313 ], [ 55.2619264, 25.1926178 ], [ 55.2619796, 25.192702 ], [ 55.2620372, 25.1927838 ], [ 55.2620992, 25.1928629 ], [ 55.2621655, 25.1929391 ], [ 55.2624393, 25.1932433 ], [ 55.2624902, 25.1933036 ], [ 55.2625383, 25.1933657 ], [ 55.2625836, 25.1934295 ] ] } },
{ "type": "Feature", "properties": { "osm_id": 254244751, "hw": "residential", "nm": "", "lanes": 2, "oneway": "yes", "sw": 7.0, "swl": 2.0, "swr": 2.0, "nright": 2, "cline": "none", "key": "7.0|2.0|2.0|2|none", "bridge": 0, "net": "surface", "len_m": 55.9 }, "geometry": { "type": "LineString", "coordinates": [ [ 55.2751838, 25.1791254 ], [ 55.2751473, 25.1790964 ], [ 55.2751035, 25.1790726 ], [ 55.2750484, 25.1790543 ], [ 55.2750017, 25.1790464 ], [ 55.2749543, 25.179044 ], [ 55.2749069, 25.1790475 ], [ 55.2748604, 25.1790566 ], [ 55.2748158, 25.1790713 ], [ 55.2746651, 25.1791166 ] ] } },
{ "type": "Feature", "properties": { "osm_id": 254244754, "hw": "tertiary", "nm": "", "lanes": 2, "oneway": "yes", "sw": 7.0, "swl": 2.5, "swr": 2.5, "nright": 2, "cline": "none", "key": "7.0|2.5|2.5|2|none", "bridge": 0, "net": "surface", "len_m": 291.7 }, "geometry": { "type": "LineString", "coordinates": [ [ 55.2541848, 25.1781845 ], [ 55.2542089, 25.1782139 ], [ 55.2544954, 25.1785634 ], [ 55.2545227, 25.1785945 ], [ 55.2545436, 25.1786294 ], [ 55.2545574, 25.1786671 ], [ 55.2545638, 25.1787064 ], [ 55.2545625, 25.1787461 ], [ 55.2545537, 25.1787847 ], [ 55.2545376, 25.1788212 ], [ 55.2545148, 25.1788548 ], [ 55.2544859, 25.1788842 ], [ 55.2544527, 25.1789096 ], [ 55.2543466, 25.1789752 ], [ 55.2542426, 25.1790434 ], [ 55.2541078, 25.1791383 ], [ 55.2539771, 25.1792376 ], [ 55.2538845, 25.1793161 ], [ 55.2538413, 25.1793582 ], [ 55.2537961, 25.1793984 ], [ 55.253709, 25.1794667 ], [ 55.2535401, 25.1795991 ], [ 55.2532632, 25.179816 ], [ 55.2531452, 25.1799085 ], [ 55.2531106, 25.1799361 ], [ 55.2530769, 25.1799645 ], [ 55.2530441, 25.1799938 ], [ 55.2530122, 25.1800239 ], [ 55.2529805, 25.1800548 ] ] } },
{ "type": "Feature", "properties": { "osm_id": 254244755, "hw": "residential", "nm": "", "lanes": 2, "oneway": "no", "sw": 7.0, "swl": 2.0, "swr": 2.0, "nright": 1, "cline": "white", "key": "7.0|2.0|2.0|1|white", "bridge": 0, "net": "surface", "len_m": 321.9 }, "geometry": { "type": "LineString", "coordinates": [ [ 55.2751838, 25.1791254 ], [ 55.2753497, 25.1792614 ], [ 55.2754313, 25.1793343 ], [ 55.2755148, 25.1794053 ], [ 55.2756002, 25.1794746 ], [ 55.2756298, 25.1794977 ], [ 55.2757264, 25.1795708 ], [ 55.2758252, 25.1796415 ], [ 55.275926, 25.1797098 ], [ 55.2760288, 25.1797756 ], [ 55.2761335, 25.1798389 ], [ 55.2764762, 25.1800212 ], [ 55.2770974, 25.1803362 ], [ 55.2771762, 25.180384 ], [ 55.2772496, 25.1804384 ], [ 55.2773171, 25.1804987 ], [ 55.277398, 25.180578 ], [ 55.2774316, 25.1806354 ], [ 55.2774777, 25.1807104 ], [ 55.2775158, 25.1807891 ], [ 55.2775454, 25.1808707 ], [ 55.2775664, 25.1809544 ] ] } },
{ "type": "Feature", "properties": { "osm_id": 254244758, "hw": "residential", "nm": "", "lanes": 1, "oneway": "yes", "sw": 3.5, "swl": 2.0, "swr": 2.0, "nright": 1, "cline": "none", "key": "3.5|2.0|2.0|1|none", "bridge": 0, "net": "surface", "len_m": 48.9 }, "geometry": { "type": "LineString", "coordinates": [ [ 55.2775664, 25.1809544 ], [ 55.2775892, 25.1810055 ], [ 55.27762, 25.1810529 ], [ 55.2776584, 25.1810955 ], [ 55.2777037, 25.1811323 ], [ 55.2777546, 25.1811623 ], [ 55.2778101, 25.1811848 ], [ 55.2778687, 25.1811994 ], [ 55.2779291, 25.1812056 ] ] } },
{ "type": "Feature", "properties": { "osm_id": 254244759, "hw": "tertiary", "nm": "", "lanes": 2, "oneway": "yes", "sw": 7.0, "swl": 2.5, "swr": 2.5, "nright": 2, "cline": "none", "key": "7.0|2.5|2.5|2|none", "bridge": 0, "net": "surface", "len_m": 22.1 }, "geometry": { "type": "LineString", "coordinates": [ [ 55.2538165, 25.1777785 ], [ 55.2537695, 25.1777449 ], [ 55.2537467, 25.17773 ], [ 55.2537209, 25.1777203 ], [ 55.2536932, 25.1777162 ], [ 55.2536653, 25.1777178 ], [ 55.2536196, 25.177729 ] ] } },
{ "type": "Feature", "properties": { "osm_id": 254244760, "hw": "residential", "nm": "", "lanes": 2, "oneway": "yes", "sw": 7.0, "swl": 2.0, "swr": 2.0, "nright": 2, "cline": "none", "key": "7.0|2.0|2.0|2|none", "bridge": 0, "net": "surface", "len_m": 50.0 }, "geometry": { "type": "LineString", "coordinates": [ [ 55.2752491, 25.1786911 ], [ 55.2752107, 25.1787577 ], [ 55.2751827, 25.1788285 ], [ 55.2751658, 25.178902 ], [ 55.2751603, 25.178977 ], [ 55.2751664, 25.1790519 ], [ 55.2751838, 25.1791254 ] ] } },
{ "type": "Feature", "properties": { "osm_id": 254362262, "hw": "tertiary", "nm": "", "lanes": 2, "oneway": "no", "sw": 7.0, "swl": 2.5, "swr": 2.5, "nright": 1, "cline": "white", "key": "7.0|2.5|2.5|1|white", "bridge": 0, "net": "surface", "len_m": 86.9 }, "geometry": { "type": "LineString", "coordinates": [ [ 55.2618075, 25.1841091 ], [ 55.2617699, 25.1840784 ], [ 55.2617463, 25.1840384 ], [ 55.26174, 25.1839935 ], [ 55.2617514, 25.1839489 ], [ 55.2617745, 25.1839176 ], [ 55.2618067, 25.1838934 ], [ 55.2618454, 25.183879 ], [ 55.2618871, 25.1838758 ], [ 55.2619279, 25.183884 ], [ 55.2619641, 25.183903 ], [ 55.26199, 25.1839276 ], [ 55.2620076, 25.1839576 ], [ 55.2620155, 25.1839908 ], [ 55.2620133, 25.1840248 ], [ 55.2620011, 25.1840569 ], [ 55.2619797, 25.1840848 ], [ 55.2619575, 25.1841025 ], [ 55.2619317, 25.1841155 ], [ 55.2619034, 25.1841233 ], [ 55.2618704, 25.1841252 ], [ 55.2618379, 25.1841201 ], [ 55.2618075, 25.1841091 ] ] } },
{ "type": "Feature", "properties": { "osm_id": 254362263, "hw": "tertiary", "nm": "Marasi Drive", "lanes": 2, "oneway": "no", "sw": 7.0, "swl": 2.5, "swr": 2.5, "nright": 1, "cline": "white", "key": "7.0|2.5|2.5|1|white", "bridge": 0, "net": "surface", "len_m": 239.1 }, "geometry": { "type": "LineString", "coordinates": [ [ 55.2641951, 25.1850754 ], [ 55.2641222, 25.1849648 ], [ 55.2640417, 25.1848586 ], [ 55.2639541, 25.1847572 ], [ 55.2638595, 25.184661 ], [ 55.2637585, 25.1845703 ], [ 55.2636513, 25.1844856 ], [ 55.2635466, 25.1844127 ], [ 55.2635145, 25.1843925 ], [ 55.2634205, 25.1843352 ], [ 55.2632977, 25.1842702 ], [ 55.2631706, 25.1842123 ], [ 55.2630397, 25.1841617 ], [ 55.2629056, 25.1841187 ], [ 55.2627688, 25.1840834 ], [ 55.2626298, 25.1840559 ], [ 55.2624891, 25.1840364 ], [ 55.2623219, 25.1840144 ], [ 55.2622501, 25.1840049 ] ] } },
{ "type": "Feature", "properties": { "osm_id": 254362264, "hw": "tertiary", "nm": "Al A'amal Street", "lanes": 2, "oneway": "yes", "sw": 7.0, "swl": 2.5, "swr": 2.5, "nright": 2, "cline": "none", "key": "7.0|2.5|2.5|2|none", "bridge": 1, "net": "surface", "len_m": 338.8 }, "geometry": { "type": "LineString", "coordinates": [ [ 55.2618336, 25.1811719 ], [ 55.2619019, 25.181472 ], [ 55.2619166, 25.1815621 ], [ 55.2619273, 25.1816526 ], [ 55.2619342, 25.1817435 ], [ 55.2619445, 25.1818674 ], [ 55.2619502, 25.1819915 ], [ 55.2619513, 25.1821157 ], [ 55.2619472, 25.1825261 ], [ 55.2619592, 25.1829522 ], [ 55.2619815, 25.1832432 ], [ 55.2620208, 25.183508 ], [ 55.262079, 25.1837937 ], [ 55.2621274, 25.1839877 ], [ 55.2621794, 25.1842036 ] ] } },
{ "type": "Feature", "properties": { "osm_id": 254362268, "hw": "tertiary", "nm": "Al A'amal Street", "lanes": 2, "oneway": "yes", "sw": 7.0, "swl": 2.5, "swr": 2.5, "nright": 2, "cline": "none", "key": "7.0|2.5|2.5|2|none", "bridge": 0, "net": "surface", "len_m": 797.0 }, "geometry": { "type": "LineString", "coordinates": [ [ 55.2628497, 25.1797446 ], [ 55.2629207, 25.1796768 ], [ 55.2629964, 25.1796131 ], [ 55.2630766, 25.1795541 ], [ 55.263161, 25.1795002 ], [ 55.2632492, 25.1794514 ], [ 55.2633408, 25.1794082 ], [ 55.2634354, 25.1793705 ], [ 55.2635325, 25.1793387 ], [ 55.2637761, 25.1792686 ], [ 55.2638151, 25.1792574 ], [ 55.2640255, 25.1791968 ], [ 55.264193, 25.1791447 ], [ 55.264299, 25.1791148 ], [ 55.2644035, 25.1790809 ], [ 55.264506, 25.1790423 ], [ 55.2646307, 25.1789846 ], [ 55.2647513, 25.1789234 ], [ 55.2648691, 25.1788581 ], [ 55.2649813, 25.1787905 ], [ 55.2663771, 25.1778973 ], [ 55.2665141, 25.177812 ], [ 55.266658, 25.1777366 ], [ 55.266808, 25.1776715 ], [ 55.266963, 25.1776171 ], [ 55.2671222, 25.1775737 ], [ 55.2672847, 25.1775415 ], [ 55.2674494, 25.1775208 ], [ 55.2676154, 25.1775118 ], [ 55.2677817, 25.1775143 ], [ 55.2679473, 25.1775285 ], [ 55.2680824, 25.1775495 ], [ 55.2682187, 25.177563 ], [ 55.2683556, 25.177569 ], [ 55.2695364, 25.1775433 ], [ 55.269595, 25.177533 ], [ 55.2696479, 25.1775082 ], [ 55.2696909, 25.1774709 ], [ 55.2697206, 25.1774241 ], [ 55.2697345, 25.1773716 ], [ 55.2697315, 25.1773178 ], [ 55.2697118, 25.1772668 ], [ 55.2696771, 25.177223 ], [ 55.26962, 25.1771898 ] ] } },
{ "type": "Feature", "properties": { "osm_id": 254363155, "hw": "tertiary", "nm": "Al Yamamah Street", "lanes": 3, "oneway": "yes", "sw": 10.5, "swl": 2.5, "swr": 2.5, "nright": 3, "cline": "none", "key": "10.5|2.5|2.5|3|none", "bridge": 0, "net": "surface", "len_m": 16.9 }, "geometry": { "type": "LineString", "coordinates": [ [ 55.2841128, 25.1907402 ], [ 55.2842598, 25.190666 ] ] } },
{ "type": "Feature", "properties": { "osm_id": 254363156, "hw": "tertiary", "nm": "Al Yamamah Street", "lanes": 3, "oneway": "yes", "sw": 10.5, "swl": 2.5, "swr": 2.5, "nright": 3, "cline": "none", "key": "10.5|2.5|2.5|3|none", "bridge": 0, "net": "surface", "len_m": 17.0 }, "geometry": { "type": "LineString", "coordinates": [ [ 55.2843261, 25.1907773 ], [ 55.2841789, 25.1908531 ] ] } },
{ "type": "Feature", "properties": { "osm_id": 254755938, "hw": "tertiary", "nm": "Al Asayel Street", "lanes": 5, "oneway": "yes", "sw": 17.5, "swl": 2.5, "swr": 2.5, "nright": 5, "cline": "none", "key": "17.5|2.5|2.5|5|none", "bridge": 0, "net": "surface", "len_m": 154.5 }, "geometry": { "type": "LineString", "coordinates": [ [ 55.2837266, 25.1917441 ], [ 55.2838623, 25.1918666 ], [ 55.2840051, 25.1919827 ], [ 55.2841532, 25.1920933 ], [ 55.2843062, 25.1921983 ], [ 55.2844639, 25.1922974 ], [ 55.284626, 25.1923904 ], [ 55.2847923, 25.1924773 ], [ 55.2849624, 25.1925579 ] ] } },
{ "type": "Feature", "properties": { "osm_id": 254755939, "hw": "tertiary", "nm": "", "lanes": 1, "oneway": "yes", "sw": 3.5, "swl": 2.5, "swr": 2.5, "nright": 1, "cline": "none", "key": "3.5|2.5|2.5|1|none", "bridge": 0, "net": "surface", "len_m": 307.4 }, "geometry": { "type": "LineString", "coordinates": [ [ 55.2826338, 25.186073 ], [ 55.2824502, 25.1859518 ], [ 55.2823995, 25.185927 ], [ 55.282344, 25.185913 ], [ 55.2822865, 25.1859106 ], [ 55.2822298, 25.1859197 ], [ 55.2821768, 25.18594 ], [ 55.2821272, 25.1859673 ], [ 55.2819354, 25.1860922 ], [ 55.2813422, 25.1864687 ], [ 55.2809358, 25.1867238 ], [ 55.2805674, 25.1869606 ], [ 55.2805139, 25.1870031 ], [ 55.2804907, 25.1870271 ], [ 55.2804729, 25.1870509 ], [ 55.2804515, 25.1870874 ], [ 55.2804368, 25.187124 ], [ 55.280428, 25.187163 ], [ 55.2804232, 25.1872015 ], [ 55.280422, 25.1872409 ], [ 55.280427, 25.1872805 ], [ 55.2804499, 25.1873568 ], [ 55.2804912, 25.1874259 ] ] } },
{ "type": "Feature", "properties": { "osm_id": 254755940, "hw": "tertiary", "nm": "", "lanes": 1, "oneway": "yes", "sw": 3.5, "swl": 2.5, "swr": 2.5, "nright": 1, "cline": "none", "key": "3.5|2.5|2.5|1|none", "bridge": 0, "net": "surface", "len_m": 214.1 }, "geometry": { "type": "LineString", "coordinates": [ [ 55.280733, 25.1867547 ], [ 55.2809053, 25.1866488 ], [ 55.2820361, 25.1859564 ], [ 55.282078, 25.1859292 ], [ 55.2821138, 25.1858963 ], [ 55.2821423, 25.185858 ], [ 55.2821625, 25.1858156 ], [ 55.2821737, 25.1857706 ], [ 55.2821756, 25.1857245 ], [ 55.2821681, 25.1856789 ], [ 55.2821518, 25.1856353 ], [ 55.2820956, 25.1855118 ] ] } },
{ "type": "Feature", "properties": { "osm_id": 254755941, "hw": "tertiary_link", "nm": "", "lanes": 1, "oneway": "yes", "sw": 3.5, "swl": 1.0, "swr": 1.0, "nright": 1, "cline": "none", "key": "3.5|1.0|1.0|1|none", "bridge": 0, "net": "surface", "len_m": 33.7 }, "geometry": { "type": "LineString", "coordinates": [ [ 55.2832846, 25.190999 ], [ 55.2833813, 25.1910132 ], [ 55.2834791, 25.1910082 ], [ 55.2836152, 25.1909832 ] ] } },
{ "type": "Feature", "properties": { "osm_id": 254755942, "hw": "tertiary_link", "nm": "", "lanes": 1, "oneway": "yes", "sw": 3.5, "swl": 1.0, "swr": 1.0, "nright": 1, "cline": "none", "key": "3.5|1.0|1.0|1|none", "bridge": 0, "net": "surface", "len_m": 78.4 }, "geometry": { "type": "LineString", "coordinates": [ [ 55.2837366, 25.19109 ], [ 55.2836508, 25.1912491 ], [ 55.2836209, 25.1913008 ], [ 55.2836017, 25.1913565 ], [ 55.283594, 25.1914121 ], [ 55.2835971, 25.1914682 ], [ 55.2836108, 25.1915229 ], [ 55.2836412, 25.1916 ], [ 55.2836799, 25.191674 ], [ 55.2837266, 25.1917441 ] ] } },
{ "type": "Feature", "properties": { "osm_id": 254755943, "hw": "tertiary", "nm": "", "lanes": 1, "oneway": "yes", "sw": 3.5, "swl": 2.5, "swr": 2.5, "nright": 1, "cline": "none", "key": "3.5|2.5|2.5|1|none", "bridge": 0, "net": "surface", "len_m": 109.4 }, "geometry": { "type": "LineString", "coordinates": [ [ 55.2858139, 25.1928722 ], [ 55.2859562, 25.1928547 ], [ 55.2860233, 25.1928405 ], [ 55.2860843, 25.1928113 ], [ 55.2861352, 25.1927692 ], [ 55.2861726, 25.1927168 ], [ 55.2861942, 25.1926575 ], [ 55.2862225, 25.1925049 ], [ 55.2862316, 25.1924341 ], [ 55.2862276, 25.1923885 ], [ 55.2862129, 25.1923448 ], [ 55.2861874, 25.1923054 ], [ 55.2861524, 25.1922725 ], [ 55.2860459, 25.1921789 ] ] } },
{ "type": "Feature", "properties": { "osm_id": 260461284, "hw": "residential", "nm": "", "lanes": 1, "oneway": "yes", "sw": 3.5, "swl": 2.0, "swr": 2.0, "nright": 1, "cline": "none", "key": "3.5|2.0|2.0|1|none", "bridge": 0, "net": "surface", "len_m": 36.5 }, "geometry": { "type": "LineString", "coordinates": [ [ 55.2880289, 25.1920104 ], [ 55.2879961, 25.1920566 ], [ 55.2879728, 25.1921074 ], [ 55.2879599, 25.192161 ], [ 55.2879576, 25.192216 ], [ 55.2879607, 25.1922358 ], [ 55.2879662, 25.1922703 ], [ 55.2879868, 25.1923214 ] ] } },
{ "type": "Feature", "properties": { "osm_id": 260461287, "hw": "residential", "nm": "", "lanes": 1, "oneway": "yes", "sw": 3.5, "swl": 2.0, "swr": 2.0, "nright": 1, "cline": "none", "key": "3.5|2.0|2.0|1|none", "bridge": 0, "net": "surface", "len_m": 38.0 }, "geometry": { "type": "LineString", "coordinates": [ [ 55.2879868, 25.1923214 ], [ 55.2879425, 25.1922661 ], [ 55.2878903, 25.1922168 ], [ 55.2878299, 25.1921758 ], [ 55.2877628, 25.1921443 ], [ 55.287691, 25.1921231 ] ] } },
{ "type": "Feature", "properties": { "osm_id": 260461299, "hw": "residential", "nm": "", "lanes": 2, "oneway": "yes", "sw": 7.0, "swl": 2.0, "swr": 2.0, "nright": 2, "cline": "none", "key": "7.0|2.0|2.0|2|none", "bridge": 0, "net": "surface", "len_m": 53.9 }, "geometry": { "type": "LineString", "coordinates": [ [ 55.2892186, 25.1934204 ], [ 55.2893629, 25.1934561 ], [ 55.2893844, 25.193466 ], [ 55.2893991, 25.1934848 ], [ 55.2894044, 25.1935073 ], [ 55.2893996, 25.1935299 ], [ 55.2893855, 25.193549 ], [ 55.2893642, 25.1935616 ], [ 55.2893391, 25.1935656 ], [ 55.2893144, 25.1935605 ], [ 55.2892938, 25.193547 ], [ 55.2892812, 25.1935273 ], [ 55.2892186, 25.1934204 ] ] } },
{ "type": "Feature", "properties": { "osm_id": 274572539, "hw": "secondary", "nm": "Al Khaleej Al Tejari 1 Street", "lanes": 3, "oneway": "yes", "sw": 10.5, "swl": 3.0, "swr": 3.0, "nright": 3, "cline": "none", "key": "10.5|3.0|3.0|3|none", "bridge": 0, "net": "surface", "len_m": 46.1 }, "geometry": { "type": "LineString", "coordinates": [ [ 55.2623754, 25.1885326 ], [ 55.2621441, 25.1887067 ], [ 55.2621071, 25.1887345 ], [ 55.2620235, 25.1887979 ] ] } },
{ "type": "Feature", "properties": { "osm_id": 274572542, "hw": "secondary", "nm": "Al Khaleej Al Tejari 1 Street", "lanes": 5, "oneway": "yes", "sw": 17.5, "swl": 3.0, "swr": 3.0, "nright": 5, "cline": "none", "key": "17.5|3.0|3.0|5|none", "bridge": 0, "net": "surface", "len_m": 30.3 }, "geometry": { "type": "LineString", "coordinates": [ [ 55.26468, 25.1867531 ], [ 55.2644435, 25.186922 ] ] } },
{ "type": "Feature", "properties": { "osm_id": 274761174, "hw": "motorway", "nm": "Sheikh Zayed Road (north)", "lanes": 6, "oneway": "yes", "sw": 21.0, "swl": 0.0, "swr": 0.0, "nright": 6, "cline": "none", "key": "21.0|0.0|0.0|6|none", "bridge": 1, "net": "freeway", "len_m": 340.6 }, "geometry": { "type": "LineString", "coordinates": [ [ 55.2553605, 25.1862854 ], [ 55.2575272, 25.1886446 ] ] } },
{ "type": "Feature", "properties": { "osm_id": 274761175, "hw": "motorway", "nm": "Sheikh Zayed Road (north)", "lanes": 6, "oneway": "yes", "sw": 21.0, "swl": 0.0, "swr": 0.0, "nright": 6, "cline": "none", "key": "21.0|0.0|0.0|6|none", "bridge": 1, "net": "freeway", "len_m": 365.2 }, "geometry": { "type": "LineString", "coordinates": [ [ 55.2530324, 25.183759 ], [ 55.2553605, 25.1862854 ] ] } },
{ "type": "Feature", "properties": { "osm_id": 274761176, "hw": "motorway_link", "nm": "", "lanes": 3, "oneway": "yes", "sw": 10.5, "swl": 0.0, "swr": 0.0, "nright": 3, "cline": "none", "key": "10.5|0.0|0.0|3|none", "bridge": 0, "net": "freeway", "len_m": 122.6 }, "geometry": { "type": "LineString", "coordinates": [ [ 55.2515477, 25.1807929 ], [ 55.2515432, 25.1808972 ], [ 55.2515303, 25.1810009 ], [ 55.2515082, 25.1811046 ], [ 55.2514865, 25.1811916 ], [ 55.2514669, 25.1812802 ], [ 55.2514549, 25.1813699 ], [ 55.2514505, 25.1814601 ], [ 55.2514538, 25.1815504 ], [ 55.2514648, 25.1816402 ], [ 55.251483, 25.1817223 ], [ 55.25151, 25.1818025 ], [ 55.2515437, 25.1818805 ] ] } },
{ "type": "Feature", "properties": { "osm_id": 274761177, "hw": "motorway_link", "nm": "", "lanes": 2, "oneway": "yes", "sw": 7.0, "swl": 0.0, "swr": 0.0, "nright": 2, "cline": "none", "key": "7.0|0.0|0.0|2|none", "bridge": 0, "net": "freeway", "len_m": 257.0 }, "geometry": { "type": "LineString", "coordinates": [ [ 55.2515437, 25.1818805 ], [ 55.2515751, 25.181935 ], [ 55.251611, 25.1819873 ], [ 55.2516511, 25.1820369 ], [ 55.2518911, 25.1823402 ], [ 55.2526428, 25.1831927 ], [ 55.2527466, 25.1833289 ], [ 55.2528477, 25.1834667 ], [ 55.2529394, 25.183606 ], [ 55.2530324, 25.183759 ] ] } },
{ "type": "Feature", "properties": { "osm_id": 274761178, "hw": "motorway_link", "nm": "", "lanes": 2, "oneway": "yes", "sw": 7.0, "swl": 0.0, "swr": 0.0, "nright": 2, "cline": "none", "key": "7.0|0.0|0.0|2|none", "bridge": 0, "net": "freeway", "len_m": 294.4 }, "geometry": { "type": "LineString", "coordinates": [ [ 55.250272502553464, 25.180597894134035 ], [ 55.2505932, 25.1809463 ], [ 55.2506529, 25.1809929 ], [ 55.2507206, 25.1810294 ], [ 55.2507942, 25.1810548 ], [ 55.2508716, 25.1810682 ], [ 55.2509505, 25.1810692 ], [ 55.2510282, 25.1810577 ], [ 55.2511027, 25.1810343 ], [ 55.2511714, 25.1809994 ], [ 55.2512325, 25.1809543 ], [ 55.2512839, 25.1809003 ], [ 55.2513243, 25.180838 ], [ 55.2513554, 25.1807707 ], [ 55.2513747, 25.1806992 ], [ 55.2513796, 25.1806257 ], [ 55.25137, 25.1805526 ], [ 55.2513462, 25.1804822 ], [ 55.2513089, 25.1804168 ], [ 55.2512593, 25.1803584 ], [ 55.251199, 25.180309 ], [ 55.25113, 25.1802701 ], [ 55.2510544, 25.1802429 ], [ 55.2509746, 25.1802283 ], [ 55.2508933, 25.1802268 ], [ 55.250813, 25.1802384 ], [ 55.2507362, 25.1802665 ], [ 55.2506501, 25.1803176 ], [ 55.2505677, 25.1803769 ], [ 55.2504895, 25.1804406 ], [ 55.2504143, 25.1805076 ] ] } },
{ "type": "Feature", "properties": { "osm_id": 276553180, "hw": "secondary", "nm": "", "lanes": 4, "oneway": "yes", "sw": 14.0, "swl": 3.0, "swr": 3.0, "nright": 4, "cline": "none", "key": "14.0|3.0|3.0|4|none", "bridge": 1, "net": "surface", "len_m": 22.6 }, "geometry": { "type": "LineString", "coordinates": [ [ 55.2504143, 25.1805076 ], [ 55.250325, 25.1806132 ], [ 55.250272502553464, 25.180664957301268 ] ] } },
{ "type": "Feature", "properties": { "osm_id": 278072328, "hw": "motorway", "nm": "Sheikh Zayed Road (north)", "lanes": 5, "oneway": "yes", "sw": 17.5, "swl": 0.0, "swr": 0.0, "nright": 5, "cline": "none", "key": "17.5|0.0|0.0|5|none", "bridge": 0, "net": "freeway", "len_m": 73.5 }, "geometry": { "type": "LineString", "coordinates": [ [ 55.2642174, 25.1959218 ], [ 55.264677033707557, 25.196436766762485 ] ] } },
{ "type": "Feature", "properties": { "osm_id": 278072329, "hw": "motorway", "nm": "Sheikh Zayed Road (south)", "lanes": 6, "oneway": "yes", "sw": 21.0, "swl": 0.0, "swr": 0.0, "nright": 6, "cline": "none", "key": "21.0|0.0|0.0|6|none", "bridge": 0, "net": "freeway", "len_m": 391.6 }, "geometry": { "type": "LineString", "coordinates": [ [ 55.2527731, 25.1839261 ], [ 55.250272502553464, 25.181221088338518 ] ] } },
{ "type": "Feature", "properties": { "osm_id": 278072330, "hw": "motorway", "nm": "Sheikh Zayed Road (south)", "lanes": 6, "oneway": "yes", "sw": 21.0, "swl": 0.0, "swr": 0.0, "nright": 6, "cline": "none", "key": "21.0|0.0|0.0|6|none", "bridge": 0, "net": "freeway", "len_m": 352.7 }, "geometry": { "type": "LineString", "coordinates": [ [ 55.26430966657508, 25.196436766762485 ], [ 55.2620647, 25.1939949 ] ] } },
{ "type": "Feature", "properties": { "osm_id": 320911747, "hw": "residential", "nm": "23rd Street", "lanes": 2, "oneway": "no", "sw": 7.0, "swl": 2.0, "swr": 2.0, "nright": 1, "cline": "white", "key": "7.0|2.0|2.0|1|white", "bridge": 0, "net": "surface", "len_m": 78.7 }, "geometry": { "type": "LineString", "coordinates": [ [ 55.2610518, 25.1959798 ], [ 55.2606633, 25.1962769 ], [ 55.2606096, 25.1963179 ], [ 55.260454177749466, 25.196436766762485 ] ] } },
{ "type": "Feature", "properties": { "osm_id": 321574957, "hw": "primary", "nm": "Sheikh Mohammed bin Rashid Boulevard", "lanes": 3, "oneway": "yes", "sw": 10.5, "swl": 3.0, "swr": 3.0, "nright": 3, "cline": "none", "key": "10.5|3.0|3.0|3|none", "bridge": 0, "net": "surface", "len_m": 1026.8 }, "geometry": { "type": "LineString", "coordinates": [ [ 55.269946123886399, 25.196436766762485 ], [ 55.2699198, 25.1963729 ], [ 55.2699146, 25.1963568 ], [ 55.2698443, 25.1961428 ], [ 55.2698107, 25.1960244 ], [ 55.2697803, 25.1959053 ], [ 55.2697533, 25.1957854 ], [ 55.2697326, 25.1956647 ], [ 55.2697082, 25.1955071 ], [ 55.2696905, 25.1953489 ], [ 55.2696795, 25.1951901 ], [ 55.2696752, 25.195031 ], [ 55.269679, 25.1948356 ], [ 55.2696869, 25.1947131 ], [ 55.2697166, 25.1944822 ], [ 55.269743, 25.1942986 ], [ 55.2697769, 25.194116 ], [ 55.2698266, 25.1939212 ], [ 55.269838, 25.193871 ], [ 55.2698723, 25.1937333 ], [ 55.2699021, 25.1936475 ], [ 55.2699646, 25.193487 ], [ 55.2700448, 25.1933065 ], [ 55.2701352, 25.1931299 ], [ 55.2702326, 25.1929601 ], [ 55.27032, 25.1928137 ], [ 55.2704108, 25.1926728 ], [ 55.2705074, 25.1925352 ], [ 55.2706099, 25.192401 ], [ 55.270718, 25.1922705 ], [ 55.2708316, 25.1921439 ], [ 55.2709504, 25.1920213 ], [ 55.2711079, 25.1918723 ], [ 55.2712164, 25.1917883 ], [ 55.2713259, 25.1917063 ], [ 55.2715813, 25.1915213 ], [ 55.2718291, 25.1913592 ], [ 55.2720879, 25.1912192 ], [ 55.2724417, 25.1910567 ], [ 55.2726884, 25.1909576 ], [ 55.2729414, 25.1908725 ], [ 55.2731997, 25.1908019 ], [ 55.2734624, 25.1907458 ], [ 55.2737295, 25.1907057 ], [ 55.2739256, 25.1906761 ], [ 55.2740232, 25.190667 ], [ 55.2742015, 25.1906562 ], [ 55.2742762, 25.1906552 ], [ 55.2744783, 25.1906527 ], [ 55.2746804, 25.190657 ], [ 55.2748822, 25.1906683 ], [ 55.2750833, 25.1906865 ], [ 55.2752835, 25.1907116 ], [ 55.2754117, 25.19073 ], [ 55.2755126, 25.1907413 ] ] } },
{ "type": "Feature", "properties": { "osm_id": 321632019, "hw": "tertiary", "nm": "Al Yamamah Street", "lanes": 4, "oneway": "yes", "sw": 14.0, "swl": 2.5, "swr": 2.5, "nright": 4, "cline": "none", "key": "14.0|2.5|2.5|4|none", "bridge": 0, "net": "surface", "len_m": 36.8 }, "geometry": { "type": "LineString", "coordinates": [ [ 55.2837366, 25.19109 ], [ 55.2834571, 25.1912299 ], [ 55.2834164, 25.1912503 ] ] } },
{ "type": "Feature", "properties": { "osm_id": 321632334, "hw": "secondary", "nm": "AL Alam Street", "lanes": 2, "oneway": "yes", "sw": 7.0, "swl": 3.0, "swr": 3.0, "nright": 2, "cline": "none", "key": "7.0|3.0|3.0|2|none", "bridge": 0, "net": "surface", "len_m": 21.2 }, "geometry": { "type": "LineString", "coordinates": [ [ 55.2740232, 25.190667 ], [ 55.2740534, 25.190744 ], [ 55.2740992, 25.1908456 ] ] } },
{ "type": "Feature", "properties": { "osm_id": 321632335, "hw": "secondary", "nm": "AL Alam Street", "lanes": 2, "oneway": "yes", "sw": 7.0, "swl": 3.0, "swr": 3.0, "nright": 2, "cline": "none", "key": "7.0|3.0|3.0|2|none", "bridge": 0, "net": "surface", "len_m": 189.7 }, "geometry": { "type": "LineString", "coordinates": [ [ 55.2739256, 25.1906761 ], [ 55.2738967, 25.1905487 ], [ 55.2738782, 25.1904463 ], [ 55.273862, 25.1903826 ], [ 55.2738411, 25.1903201 ], [ 55.2738153, 25.1902591 ], [ 55.2737791, 25.1901983 ], [ 55.2737359, 25.1901414 ], [ 55.2736863, 25.1900889 ], [ 55.2736285, 25.1900401 ], [ 55.2735571, 25.1899899 ], [ 55.2734841, 25.1899376 ], [ 55.2734129, 25.1898834 ], [ 55.2733435, 25.1898273 ], [ 55.273276, 25.1897693 ], [ 55.2732091, 25.1897091 ], [ 55.2731219, 25.1895988 ], [ 55.2729169, 25.1892889 ] ] } },
{ "type": "Feature", "properties": { "osm_id": 321648742, "hw": "primary_link", "nm": "", "lanes": 2, "oneway": "yes", "sw": 7.0, "swl": 1.0, "swr": 1.0, "nright": 2, "cline": "none", "key": "7.0|1.0|1.0|2|none", "bridge": 0, "net": "surface", "len_m": 218.5 }, "geometry": { "type": "LineString", "coordinates": [ [ 55.2911334, 25.1942056 ], [ 55.2910122, 25.1942591 ], [ 55.2908895, 25.1943095 ], [ 55.2907652, 25.1943568 ], [ 55.2906395, 25.1944008 ], [ 55.2905124, 25.1944416 ], [ 55.2903503, 25.194497 ], [ 55.2901898, 25.1945564 ], [ 55.2900311, 25.1946196 ], [ 55.2898744, 25.1946866 ], [ 55.2897197, 25.1947574 ], [ 55.2895672, 25.194832 ], [ 55.2894345, 25.1948964 ], [ 55.2894191, 25.1949039 ], [ 55.2891606, 25.1950183 ] ] } },
{ "type": "Feature", "properties": { "osm_id": 321648743, "hw": "tertiary", "nm": "Al Asayel Street", "lanes": 3, "oneway": "yes", "sw": 10.5, "swl": 2.5, "swr": 2.5, "nright": 3, "cline": "none", "key": "10.5|2.5|2.5|3|none", "bridge": 0, "net": "surface", "len_m": 124.9 }, "geometry": { "type": "LineString", "coordinates": [ [ 55.2882379, 25.193833 ], [ 55.2883615, 25.1939117 ], [ 55.2884815, 25.1939947 ], [ 55.2885977, 25.1940822 ], [ 55.2887098, 25.1941738 ], [ 55.2888177, 25.1942695 ], [ 55.2889212, 25.1943691 ], [ 55.2891472, 25.1945942 ] ] } },
{ "type": "Feature", "properties": { "osm_id": 321648744, "hw": "primary_link", "nm": "", "lanes": 2, "oneway": "yes", "sw": 7.0, "swl": 1.0, "swr": 1.0, "nright": 2, "cline": "none", "key": "7.0|1.0|1.0|2|none", "bridge": 0, "net": "surface", "len_m": 293.3 }, "geometry": { "type": "LineString", "coordinates": [ [ 55.2891606, 25.1950183 ], [ 55.288531, 25.1953555 ], [ 55.2881712, 25.1955565 ], [ 55.2880707, 25.1956139 ], [ 55.2879533, 25.1956764 ], [ 55.2876895, 25.1958113 ], [ 55.2875769, 25.1958763 ], [ 55.2874665, 25.1959435 ], [ 55.2873579, 25.196013 ], [ 55.287251, 25.1960846 ], [ 55.2871065, 25.1961783 ], [ 55.286706426757142, 25.196436766762485 ] ] } },
{ "type": "Feature", "properties": { "osm_id": 321648745, "hw": "primary", "nm": "Financial Center Street", "lanes": 3, "oneway": "yes", "sw": 10.5, "swl": 3.0, "swr": 3.0, "nright": 3, "cline": "none", "key": "10.5|3.0|3.0|3|none", "bridge": 0, "net": "surface", "len_m": 16.4 }, "geometry": { "type": "LineString", "coordinates": [ [ 55.2891313, 25.194942 ], [ 55.2892759, 25.1948737 ] ] } },
{ "type": "Feature", "properties": { "osm_id": 333210071, "hw": "tertiary_link", "nm": "", "lanes": 1, "oneway": "yes", "sw": 3.5, "swl": 1.0, "swr": 1.0, "nright": 1, "cline": "none", "key": "3.5|1.0|1.0|1|none", "bridge": 0, "net": "surface", "len_m": 41.8 }, "geometry": { "type": "LineString", "coordinates": [ [ 55.28041, 25.1912095 ], [ 55.280389, 25.1911723 ], [ 55.2803646, 25.1911369 ], [ 55.2803369, 25.1911035 ], [ 55.2803062, 25.1910723 ], [ 55.2802107, 25.1909951 ], [ 55.2801966, 25.1909756 ], [ 55.2801889, 25.1909534 ], [ 55.2801884, 25.1909296 ], [ 55.2801953, 25.1909067 ] ] } },
{ "type": "Feature", "properties": { "osm_id": 333210074, "hw": "tertiary", "nm": "Al Asayel Street", "lanes": 3, "oneway": "yes", "sw": 10.5, "swl": 2.5, "swr": 2.5, "nright": 3, "cline": "none", "key": "10.5|2.5|2.5|3|none", "bridge": 0, "net": "surface", "len_m": 213.9 }, "geometry": { "type": "LineString", "coordinates": [ [ 55.286337, 25.1929917 ], [ 55.2865889, 25.1930676 ], [ 55.2867677, 25.1931283 ], [ 55.2870823, 25.1932452 ], [ 55.287323, 25.1933467 ], [ 55.2875592, 25.1934563 ], [ 55.2878259, 25.1935941 ], [ 55.288017, 25.1936997 ], [ 55.2882379, 25.193833 ] ] } },
{ "type": "Feature", "properties": { "osm_id": 333210075, "hw": "tertiary", "nm": "Al Asayel Street", "lanes": 4, "oneway": "yes", "sw": 14.0, "swl": 2.5, "swr": 2.5, "nright": 4, "cline": "none", "key": "14.0|2.5|2.5|4|none", "bridge": 0, "net": "surface", "len_m": 76.5 }, "geometry": { "type": "LineString", "coordinates": [ [ 55.2873956, 25.1938207 ], [ 55.2872625, 25.1937543 ], [ 55.2871265, 25.1936928 ], [ 55.2869878, 25.1936364 ], [ 55.2868467, 25.1935852 ], [ 55.2867061, 25.1935334 ] ] } },
{ "type": "Feature", "properties": { "osm_id": 333210076, "hw": "primary_link", "nm": "", "lanes": 1, "oneway": "yes", "sw": 3.5, "swl": 1.0, "swr": 1.0, "nright": 1, "cline": "none", "key": "3.5|1.0|1.0|1|none", "bridge": 0, "net": "surface", "len_m": 122.5 }, "geometry": { "type": "LineString", "coordinates": [ [ 55.2869537, 25.1934578 ], [ 55.2868753, 25.1934511 ], [ 55.2867976, 25.1934396 ], [ 55.2867209, 25.1934233 ], [ 55.2866084, 25.1933941 ], [ 55.2862279, 25.1933122 ], [ 55.2860732, 25.1932878 ], [ 55.2859172, 25.1932712 ], [ 55.2857604, 25.1932622 ] ] } },
{ "type": "Feature", "properties": { "osm_id": 333210077, "hw": "tertiary_link", "nm": "", "lanes": 1, "oneway": "yes", "sw": 3.5, "swl": 1.0, "swr": 1.0, "nright": 1, "cline": "none", "key": "3.5|1.0|1.0|1|none", "bridge": 0, "net": "surface", "len_m": 83.2 }, "geometry": { "type": "LineString", "coordinates": [ [ 55.2833625, 25.1919737 ], [ 55.283278, 25.1919248 ], [ 55.2831964, 25.1918722 ], [ 55.2831177, 25.191816 ], [ 55.2830421, 25.1917563 ], [ 55.2829953, 25.191721 ], [ 55.2829432, 25.1916924 ], [ 55.2828871, 25.191671 ], [ 55.2827911, 25.1916525 ], [ 55.282647, 25.1916437 ] ] } },
{ "type": "Feature", "properties": { "osm_id": 333274154, "hw": "primary_link", "nm": "", "lanes": 2, "oneway": "yes", "sw": 7.0, "swl": 1.0, "swr": 1.0, "nright": 2, "cline": "none", "key": "7.0|1.0|1.0|2|none", "bridge": 0, "net": "surface", "len_m": 188.6 }, "geometry": { "type": "LineString", "coordinates": [ [ 55.2896044, 25.1949189 ], [ 55.2896047, 25.1949776 ], [ 55.2896049, 25.1950247 ], [ 55.2896065, 25.1950869 ], [ 55.2896196, 25.1951479 ], [ 55.2896439, 25.195206 ], [ 55.2898814, 25.1955712 ], [ 55.2899739, 25.1957126 ], [ 55.2900602, 25.1958572 ], [ 55.2901402, 25.1960048 ], [ 55.2902159, 25.1961403 ], [ 55.2902957, 25.1962738 ], [ 55.2903794, 25.1964054 ], [ 55.290398932620917, 25.196436766762485 ] ] } },
{ "type": "Feature", "properties": { "osm_id": 333274156, "hw": "primary_link", "nm": "", "lanes": 1, "oneway": "yes", "sw": 3.5, "swl": 1.0, "swr": 1.0, "nright": 1, "cline": "none", "key": "3.5|1.0|1.0|1|none", "bridge": 0, "net": "surface", "len_m": 161.8 }, "geometry": { "type": "LineString", "coordinates": [ [ 55.289831375778384, 25.196436766762485 ], [ 55.2897883, 25.1963802 ], [ 55.2896845, 25.1962492 ], [ 55.289585, 25.1961156 ], [ 55.2894898, 25.1959793 ], [ 55.289399, 25.1958407 ], [ 55.2891981, 25.1955437 ], [ 55.2891555, 25.1954953 ], [ 55.2891078, 25.195451 ], [ 55.2890554, 25.1954112 ], [ 55.288999, 25.1953763 ], [ 55.2888525, 25.1953084 ] ] } },
{ "type": "Feature", "properties": { "osm_id": 341044376, "hw": "motorway_link", "nm": "", "lanes": 1, "oneway": "yes", "sw": 3.5, "swl": 0.0, "swr": 0.0, "nright": 1, "cline": "none", "key": "3.5|0.0|0.0|1|none", "bridge": 0, "net": "freeway", "len_m": 214.7 }, "geometry": { "type": "LineString", "coordinates": [ [ 55.2823863, 25.1814601 ], [ 55.2823422, 25.1814528 ], [ 55.2822968, 25.1814421 ], [ 55.2822542, 25.1814241 ], [ 55.2822133, 25.1814038 ], [ 55.2817595, 25.1811432 ], [ 55.2816677, 25.1811018 ], [ 55.2815886, 25.1810785 ], [ 55.2815056, 25.181074 ], [ 55.281424, 25.1810886 ], [ 55.2813491, 25.1811214 ], [ 55.2812851, 25.1811714 ], [ 55.2812385, 25.1812335 ], [ 55.2812169, 25.1812845 ], [ 55.2812059, 25.1813383 ], [ 55.281206, 25.1813929 ], [ 55.2812171, 25.1814466 ], [ 55.2812388, 25.1814975 ], [ 55.2812691, 25.1815465 ], [ 55.2813122, 25.1815901 ], [ 55.2813805, 25.1816394 ], [ 55.2816337, 25.1817727 ] ] } },
{ "type": "Feature", "properties": { "osm_id": 380568967, "hw": "residential", "nm": "", "lanes": 2, "oneway": "no", "sw": 7.0, "swl": 2.0, "swr": 2.0, "nright": 1, "cline": "white", "key": "7.0|2.0|2.0|1|white", "bridge": 0, "net": "surface", "len_m": 699.0 }, "geometry": { "type": "LineString", "coordinates": [ [ 55.2659541, 25.194079 ], [ 55.2657768, 25.1939277 ], [ 55.2657193, 25.193886 ], [ 55.2656593, 25.1938472 ], [ 55.2656107, 25.1938188 ], [ 55.2655515, 25.1937877 ], [ 55.2654907, 25.1937593 ], [ 55.2647004, 25.1933924 ], [ 55.2645895, 25.193341 ], [ 55.2642989, 25.193212 ], [ 55.2642451, 25.1931866 ], [ 55.2641926, 25.193159 ], [ 55.2641416, 25.1931292 ], [ 55.2640922, 25.1930972 ], [ 55.2640414, 25.1930608 ], [ 55.2639927, 25.1930221 ], [ 55.2639462, 25.1929813 ], [ 55.2639021, 25.1929384 ], [ 55.2638284, 25.1928638 ], [ 55.2637493, 25.1927773 ], [ 55.2636208, 25.1926385 ], [ 55.2634412, 25.1924418 ], [ 55.2634032, 25.1924031 ], [ 55.2631993, 25.1921956 ], [ 55.2630556, 25.1920493 ], [ 55.2629787, 25.1919711 ], [ 55.2629309, 25.191913 ], [ 55.2628869, 25.1918524 ], [ 55.2628467, 25.1917897 ], [ 55.2628107, 25.191725 ], [ 55.2627789, 25.1916585 ], [ 55.2627597, 25.1916127 ], [ 55.2627426, 25.1915662 ], [ 55.2626121, 25.1911621 ], [ 55.2626073, 25.1911477 ], [ 55.2625475, 25.1909718 ], [ 55.2624687, 25.1907374 ], [ 55.2623299, 25.1903315 ], [ 55.2622977, 25.1902509 ], [ 55.2622605, 25.1901722 ], [ 55.2622182, 25.1900956 ], [ 55.2621712, 25.1900213 ], [ 55.2621195, 25.1899496 ], [ 55.2620632, 25.1898807 ], [ 55.2620027, 25.189813 ], [ 55.261973, 25.1897843 ], [ 55.2619347, 25.1897629 ], [ 55.2618913, 25.1897518 ], [ 55.2618463, 25.1897517 ], [ 55.261803, 25.1897626 ], [ 55.2617645, 25.1897837 ], [ 55.2615767, 25.1899357 ] ] } },
{ "type": "Feature", "properties": { "osm_id": 381969443, "hw": "tertiary", "nm": "Al Ohood Street", "lanes": 2, "oneway": "yes", "sw": 7.0, "swl": 2.5, "swr": 2.5, "nright": 2, "cline": "none", "key": "7.0|2.5|2.5|2|none", "bridge": 0, "net": "surface", "len_m": 46.4 }, "geometry": { "type": "LineString", "coordinates": [ [ 55.275312, 25.1856822 ], [ 55.2755978, 25.1860108 ] ] } },
{ "type": "Feature", "properties": { "osm_id": 381969444, "hw": "tertiary_link", "nm": "", "lanes": 1, "oneway": "yes", "sw": 3.5, "swl": 1.0, "swr": 1.0, "nright": 1, "cline": "none", "key": "3.5|1.0|1.0|1|none", "bridge": 0, "net": "surface", "len_m": 81.3 }, "geometry": { "type": "LineString", "coordinates": [ [ 55.2755978, 25.1860108 ], [ 55.2757263, 25.1860845 ], [ 55.275797, 25.1861144 ], [ 55.2758762, 25.1861337 ], [ 55.2759528, 25.18614 ], [ 55.2760304, 25.1861345 ], [ 55.2761057, 25.1861173 ], [ 55.2761767, 25.186089 ], [ 55.2763419, 25.1860128 ] ] } },
{ "type": "Feature", "properties": { "osm_id": 381969445, "hw": "tertiary_link", "nm": "", "lanes": 1, "oneway": "yes", "sw": 3.5, "swl": 1.0, "swr": 1.0, "nright": 1, "cline": "none", "key": "3.5|1.0|1.0|1|none", "bridge": 0, "net": "surface", "len_m": 74.6 }, "geometry": { "type": "LineString", "coordinates": [ [ 55.2752998, 25.1866852 ], [ 55.2755049, 25.1864803 ], [ 55.2755388, 25.1864402 ], [ 55.2755651, 25.1863958 ], [ 55.2755832, 25.1863481 ], [ 55.2755928, 25.1862984 ], [ 55.2755935, 25.1862498 ], [ 55.275586, 25.1862017 ], [ 55.2755704, 25.1861551 ], [ 55.275547, 25.1861113 ] ] } },
{ "type": "Feature", "properties": { "osm_id": 381969446, "hw": "tertiary_link", "nm": "", "lanes": 1, "oneway": "yes", "sw": 3.5, "swl": 1.0, "swr": 1.0, "nright": 1, "cline": "none", "key": "3.5|1.0|1.0|1|none", "bridge": 0, "net": "surface", "len_m": 79.4 }, "geometry": { "type": "LineString", "coordinates": [ [ 55.2762252, 25.1868605 ], [ 55.2761818, 25.1868464 ], [ 55.276141, 25.1868269 ], [ 55.2761036, 25.1868026 ], [ 55.2760703, 25.1867738 ], [ 55.2760353, 25.1867466 ], [ 55.2759968, 25.1867238 ], [ 55.2759554, 25.1867056 ], [ 55.2759037, 25.1866941 ], [ 55.2758612, 25.186687 ], [ 55.2758104, 25.1866878 ], [ 55.2757601, 25.1866945 ], [ 55.2757112, 25.1867071 ], [ 55.2755101, 25.1867798 ] ] } },
{ "type": "Feature", "properties": { "osm_id": 381969447, "hw": "secondary_link", "nm": "", "lanes": 1, "oneway": "yes", "sw": 3.5, "swl": 1.0, "swr": 1.0, "nright": 1, "cline": "none", "key": "3.5|1.0|1.0|1|none", "bridge": 0, "net": "surface", "len_m": 61.8 }, "geometry": { "type": "LineString", "coordinates": [ [ 55.2729788, 25.188415 ], [ 55.2729316, 25.1884847 ], [ 55.2728868, 25.1885313 ], [ 55.2728494, 25.1885729 ], [ 55.2728258, 25.1886037 ], [ 55.2727936, 25.1886747 ], [ 55.2727914, 25.1887078 ], [ 55.2727858, 25.1887446 ], [ 55.2727836, 25.1887847 ], [ 55.2727827, 25.1888324 ], [ 55.2728005, 25.1889191 ] ] } },
{ "type": "Feature", "properties": { "osm_id": 381969448, "hw": "secondary_link", "nm": "", "lanes": 1, "oneway": "yes", "sw": 3.5, "swl": 1.0, "swr": 1.0, "nright": 1, "cline": "none", "key": "3.5|1.0|1.0|1|none", "bridge": 0, "net": "surface", "len_m": 29.7 }, "geometry": { "type": "LineString", "coordinates": [ [ 55.2727217, 25.1890308 ], [ 55.2726744, 25.1889867 ], [ 55.2726211, 25.1889483 ], [ 55.2725575, 25.1889292 ], [ 55.2724926, 25.1889063 ], [ 55.2724709, 25.1889005 ] ] } },
{ "type": "Feature", "properties": { "osm_id": 381969449, "hw": "secondary_link", "nm": "", "lanes": 1, "oneway": "yes", "sw": 3.5, "swl": 1.0, "swr": 1.0, "nright": 1, "cline": "none", "key": "3.5|1.0|1.0|1|none", "bridge": 0, "net": "surface", "len_m": 28.9 }, "geometry": { "type": "LineString", "coordinates": [ [ 55.2720653, 25.188758 ], [ 55.2721079, 25.188682 ], [ 55.2721471, 25.1886291 ], [ 55.2721712, 25.1885668 ], [ 55.2721862, 25.1885233 ] ] } },
{ "type": "Feature", "properties": { "osm_id": 381969450, "hw": "secondary_link", "nm": "", "lanes": 1, "oneway": "yes", "sw": 3.5, "swl": 1.0, "swr": 1.0, "nright": 1, "cline": "none", "key": "3.5|1.0|1.0|1|none", "bridge": 0, "net": "surface", "len_m": 62.6 }, "geometry": { "type": "LineString", "coordinates": [ [ 55.2722339, 25.1882278 ], [ 55.2722917, 25.1882585 ], [ 55.272353, 25.1882829 ], [ 55.2724432, 25.1883164 ], [ 55.2725225, 25.1883356 ], [ 55.2725743, 25.1883355 ], [ 55.2726183, 25.1883304 ], [ 55.2726637, 25.1883218 ], [ 55.2727322, 25.1883117 ], [ 55.2728253, 25.1882904 ] ] } },
{ "type": "Feature", "properties": { "osm_id": 381969451, "hw": "secondary_link", "nm": "", "lanes": 1, "oneway": "yes", "sw": 3.5, "swl": 1.0, "swr": 1.0, "nright": 1, "cline": "none", "key": "3.5|1.0|1.0|1|none", "bridge": 0, "net": "surface", "len_m": 87.3 }, "geometry": { "type": "LineString", "coordinates": [ [ 55.2722115, 25.1872487 ], [ 55.2721851, 25.1872978 ], [ 55.272153, 25.1873429 ], [ 55.2721169, 25.1873855 ], [ 55.2720772, 25.1874253 ], [ 55.2720087, 25.1874837 ], [ 55.2719754, 25.1875233 ], [ 55.2719479, 25.1875665 ], [ 55.2719267, 25.1876124 ], [ 55.2719122, 25.1876605 ], [ 55.2719036, 25.1877249 ], [ 55.2719069, 25.1877898 ], [ 55.271918, 25.1878532 ], [ 55.2719457, 25.1879432 ] ] } },
{ "type": "Feature", "properties": { "osm_id": 381969452, "hw": "secondary_link", "nm": "", "lanes": 1, "oneway": "yes", "sw": 3.5, "swl": 1.0, "swr": 1.0, "nright": 1, "cline": "none", "key": "3.5|1.0|1.0|1|none", "bridge": 0, "net": "surface", "len_m": 85.9 }, "geometry": { "type": "LineString", "coordinates": [ [ 55.2718944, 25.1880254 ], [ 55.2717692, 25.1879375 ], [ 55.2717239, 25.1879125 ], [ 55.2716761, 25.1878916 ], [ 55.2716263, 25.1878751 ], [ 55.2715749, 25.1878632 ], [ 55.2715014, 25.1878555 ], [ 55.2714274, 25.1878588 ], [ 55.271354, 25.1878684 ], [ 55.2712828, 25.1878815 ], [ 55.2711007, 25.1879224 ] ] } },
{ "type": "Feature", "properties": { "osm_id": 381969453, "hw": "tertiary_link", "nm": "", "lanes": 1, "oneway": "yes", "sw": 3.5, "swl": 1.0, "swr": 1.0, "nright": 1, "cline": "none", "key": "3.5|1.0|1.0|1|none", "bridge": 0, "net": "surface", "len_m": 60.4 }, "geometry": { "type": "LineString", "coordinates": [ [ 55.2689545, 25.1903393 ], [ 55.2690461, 25.1903668 ], [ 55.269116, 25.1903834 ], [ 55.269184, 25.190393 ], [ 55.2692528, 25.1903974 ], [ 55.269314, 25.1903931 ], [ 55.2693743, 25.1903832 ], [ 55.2694333, 25.1903696 ], [ 55.269536, 25.190337 ] ] } },
{ "type": "Feature", "properties": { "osm_id": 381969454, "hw": "tertiary_link", "nm": "", "lanes": 1, "oneway": "yes", "sw": 3.5, "swl": 1.0, "swr": 1.0, "nright": 1, "cline": "none", "key": "3.5|1.0|1.0|1|none", "bridge": 0, "net": "surface", "len_m": 83.5 }, "geometry": { "type": "LineString", "coordinates": [ [ 55.2688179, 25.1910685 ], [ 55.2688187, 25.1909982 ], [ 55.268872, 25.190929 ], [ 55.2689074, 25.1908849 ], [ 55.2689545, 25.1908212 ], [ 55.2689841, 25.1907615 ], [ 55.268999, 25.1907154 ], [ 55.2689986, 25.1906709 ], [ 55.2689809, 25.190579 ], [ 55.2689349, 25.1905078 ], [ 55.2688499, 25.1903984 ] ] } },
{ "type": "Feature", "properties": { "osm_id": 381969455, "hw": "tertiary_link", "nm": "", "lanes": 1, "oneway": "yes", "sw": 3.5, "swl": 1.0, "swr": 1.0, "nright": 1, "cline": "none", "key": "3.5|1.0|1.0|1|none", "bridge": 0, "net": "surface", "len_m": 73.6 }, "geometry": { "type": "LineString", "coordinates": [ [ 55.2673401, 25.1951439 ], [ 55.2672979, 25.1951249 ], [ 55.2672581, 25.195102 ], [ 55.2672212, 25.1950754 ], [ 55.2671877, 25.1950453 ], [ 55.2670587, 25.1949238 ], [ 55.267028, 25.1949023 ], [ 55.2669951, 25.1948836 ], [ 55.2669603, 25.1948679 ], [ 55.266924, 25.1948555 ], [ 55.2668741, 25.1948491 ], [ 55.2668237, 25.1948484 ], [ 55.2667736, 25.1948534 ], [ 55.2667246, 25.194864 ] ] } },
{ "type": "Feature", "properties": { "osm_id": 381969456, "hw": "tertiary_link", "nm": "", "lanes": 1, "oneway": "yes", "sw": 3.5, "swl": 1.0, "swr": 1.0, "nright": 1, "cline": "none", "key": "3.5|1.0|1.0|1|none", "bridge": 0, "net": "surface", "len_m": 90.6 }, "geometry": { "type": "LineString", "coordinates": [ [ 55.2667365, 25.1938256 ], [ 55.2668148, 25.1938779 ], [ 55.2669031, 25.19394 ], [ 55.2670017, 25.1940097 ], [ 55.2670902, 25.194051 ], [ 55.2671477, 25.19406 ], [ 55.267206, 25.1940615 ], [ 55.267264, 25.1940555 ], [ 55.2673204, 25.1940422 ], [ 55.2673742, 25.1940218 ], [ 55.2674243, 25.1939947 ], [ 55.2674696, 25.1939615 ], [ 55.2675093, 25.1939228 ] ] } },
{ "type": "Feature", "properties": { "osm_id": 381969457, "hw": "tertiary_link", "nm": "", "lanes": 1, "oneway": "yes", "sw": 3.5, "swl": 1.0, "swr": 1.0, "nright": 1, "cline": "none", "key": "3.5|1.0|1.0|1|none", "bridge": 0, "net": "surface", "len_m": 65.3 }, "geometry": { "type": "LineString", "coordinates": [ [ 55.2664847, 25.1947982 ], [ 55.2665234, 25.1947605 ], [ 55.2665567, 25.1947187 ], [ 55.266584, 25.1946736 ], [ 55.266605, 25.1946257 ], [ 55.2666193, 25.1945759 ], [ 55.2666267, 25.1945249 ], [ 55.2666267, 25.1944688 ], [ 55.2666185, 25.1944132 ], [ 55.2666021, 25.1943592 ], [ 55.2665778, 25.1943076 ], [ 55.2665461, 25.1942594 ] ] } },
{ "type": "Feature", "properties": { "osm_id": 381969458, "hw": "tertiary_link", "nm": "", "lanes": 1, "oneway": "yes", "sw": 3.5, "swl": 1.0, "swr": 1.0, "nright": 1, "cline": "none", "key": "3.5|1.0|1.0|1|none", "bridge": 0, "net": "surface", "len_m": 91.3 }, "geometry": { "type": "LineString", "coordinates": [ [ 55.2678116, 25.1939294 ], [ 55.2677959, 25.1939911 ], [ 55.2677759, 25.1940219 ], [ 55.2677477, 25.1940567 ], [ 55.2677155, 25.194096 ], [ 55.2676798, 25.1941428 ], [ 55.2675289, 25.1943062 ], [ 55.267492, 25.1943508 ], [ 55.2674653, 25.194402 ], [ 55.2674614, 25.1944142 ], [ 55.2674481, 25.1944563 ], [ 55.2674414, 25.1945042 ], [ 55.2674421, 25.1945525 ], [ 55.2674502, 25.1946002 ], [ 55.2674655, 25.1946464 ] ] } },
{ "type": "Feature", "properties": { "osm_id": 382042478, "hw": "tertiary", "nm": "Marasi Drive", "lanes": 3, "oneway": "yes", "sw": 10.5, "swl": 2.5, "swr": 2.5, "nright": 3, "cline": "none", "key": "10.5|2.5|2.5|3|none", "bridge": 0, "net": "surface", "len_m": 153.2 }, "geometry": { "type": "LineString", "coordinates": [ [ 55.2641951, 25.1850754 ], [ 55.2642674, 25.1851657 ], [ 55.2643416, 25.1852627 ], [ 55.2646292, 25.1856869 ], [ 55.2648307, 25.1859607 ], [ 55.2649299, 25.186095 ], [ 55.2649565, 25.1861309 ], [ 55.2650341, 25.1862277 ] ] } },
{ "type": "Feature", "properties": { "osm_id": 382042483, "hw": "tertiary", "nm": "Marasi Drive", "lanes": 1, "oneway": "yes", "sw": 3.5, "swl": 2.5, "swr": 2.5, "nright": 1, "cline": "none", "key": "3.5|2.5|2.5|1|none", "bridge": 0, "net": "surface", "len_m": 36.5 }, "geometry": { "type": "LineString", "coordinates": [ [ 55.2614515, 25.184133 ], [ 55.2615287, 25.18409 ], [ 55.2616044, 25.184045 ], [ 55.2616787, 25.1839979 ], [ 55.2617514, 25.1839489 ] ] } },
{ "type": "Feature", "properties": { "osm_id": 382042486, "hw": "tertiary", "nm": "Marasi Drive", "lanes": 1, "oneway": "yes", "sw": 3.5, "swl": 2.5, "swr": 2.5, "nright": 1, "cline": "none", "key": "3.5|2.5|2.5|1|none", "bridge": 0, "net": "surface", "len_m": 36.3 }, "geometry": { "type": "LineString", "coordinates": [ [ 55.2618075, 25.1841091 ], [ 55.261718, 25.1841012 ], [ 55.2616281, 25.1841027 ], [ 55.261539, 25.1841136 ], [ 55.2614515, 25.184133 ] ] } },
{ "type": "Feature", "properties": { "osm_id": 382042487, "hw": "tertiary", "nm": "Marasi Drive", "lanes": 1, "oneway": "yes", "sw": 3.5, "swl": 2.5, "swr": 2.5, "nright": 1, "cline": "none", "key": "3.5|2.5|2.5|1|none", "bridge": 0, "net": "surface", "len_m": 29.0 }, "geometry": { "type": "LineString", "coordinates": [ [ 55.2622501, 25.1840049 ], [ 55.2621786, 25.1840122 ], [ 55.2621089, 25.1840282 ], [ 55.2620421, 25.1840526 ], [ 55.2619797, 25.1840848 ] ] } },
{ "type": "Feature", "properties": { "osm_id": 382042490, "hw": "tertiary", "nm": "Marasi Drive", "lanes": 1, "oneway": "yes", "sw": 3.5, "swl": 2.5, "swr": 2.5, "nright": 1, "cline": "none", "key": "3.5|2.5|2.5|1|none", "bridge": 0, "net": "surface", "len_m": 31.0 }, "geometry": { "type": "LineString", "coordinates": [ [ 55.2619641, 25.183903 ], [ 55.2620337, 25.1839327 ], [ 55.2621046, 25.1839597 ], [ 55.2621768, 25.1839837 ], [ 55.2622501, 25.1840049 ] ] } },
{ "type": "Feature", "properties": { "osm_id": 382042492, "hw": "tertiary", "nm": "Marasi Drive", "lanes": 1, "oneway": "yes", "sw": 3.5, "swl": 2.5, "swr": 2.5, "nright": 1, "cline": "none", "key": "3.5|2.5|2.5|1|none", "bridge": 0, "net": "surface", "len_m": 38.7 }, "geometry": { "type": "LineString", "coordinates": [ [ 55.2590969, 25.1852106 ], [ 55.2590538, 25.1852531 ], [ 55.2590219, 25.1853038 ], [ 55.2590004, 25.1853588 ], [ 55.25899, 25.1854164 ], [ 55.2589909, 25.1854747 ], [ 55.2590032, 25.185532 ] ] } },
{ "type": "Feature", "properties": { "osm_id": 382042495, "hw": "tertiary", "nm": "Marasi Drive", "lanes": 1, "oneway": "yes", "sw": 3.5, "swl": 2.5, "swr": 2.5, "nright": 1, "cline": "none", "key": "3.5|2.5|2.5|1|none", "bridge": 0, "net": "surface", "len_m": 39.0 }, "geometry": { "type": "LineString", "coordinates": [ [ 55.2587311, 25.1852227 ], [ 55.2587802, 25.1852456 ], [ 55.258833, 25.1852606 ], [ 55.2588878, 25.185267 ], [ 55.2589431, 25.1852648 ], [ 55.2589971, 25.185254 ], [ 55.2590482, 25.1852349 ], [ 55.2590969, 25.1852106 ] ] } },
{ "type": "Feature", "properties": { "osm_id": 382042498, "hw": "secondary_link", "nm": "", "lanes": 1, "oneway": "yes", "sw": 3.5, "swl": 1.0, "swr": 1.0, "nright": 1, "cline": "none", "key": "3.5|1.0|1.0|1|none", "bridge": 0, "net": "surface", "len_m": 83.7 }, "geometry": { "type": "LineString", "coordinates": [ [ 55.2634943, 25.1866787 ], [ 55.2637218, 25.1868241 ], [ 55.2637712, 25.1868478 ], [ 55.2638239, 25.1868647 ], [ 55.2638796, 25.1868745 ], [ 55.2639361, 25.1868769 ], [ 55.2639931, 25.1868715 ], [ 55.2640486, 25.1868585 ], [ 55.2642523, 25.1868039 ] ] } },
{ "type": "Feature", "properties": { "osm_id": 382042502, "hw": "secondary_link", "nm": "", "lanes": 1, "oneway": "yes", "sw": 3.5, "swl": 1.0, "swr": 1.0, "nright": 1, "cline": "none", "key": "3.5|1.0|1.0|1|none", "bridge": 0, "net": "surface", "len_m": 83.2 }, "geometry": { "type": "LineString", "coordinates": [ [ 55.2632465, 25.1875853 ], [ 55.26342, 25.187359 ], [ 55.2634597, 25.1873045 ], [ 55.2634903, 25.1872453 ], [ 55.2634969, 25.1872116 ], [ 55.2635222, 25.1871051 ], [ 55.2635068, 25.1870269 ], [ 55.2634608, 25.186913 ] ] } },
{ "type": "Feature", "properties": { "osm_id": 382042505, "hw": "secondary_link", "nm": "", "lanes": 1, "oneway": "yes", "sw": 3.5, "swl": 1.0, "swr": 1.0, "nright": 1, "cline": "none", "key": "3.5|1.0|1.0|1|none", "bridge": 0, "net": "surface", "len_m": 58.1 }, "geometry": { "type": "LineString", "coordinates": [ [ 55.261655, 25.1883918 ], [ 55.2617319, 25.1884083 ], [ 55.2618059, 25.1884236 ], [ 55.2618815, 25.1884296 ], [ 55.2619441, 25.1884276 ], [ 55.262006, 25.1884193 ], [ 55.2620666, 25.1884047 ], [ 55.2621249, 25.1883848 ], [ 55.2622099, 25.1883444 ] ] } },
{ "type": "Feature", "properties": { "osm_id": 382042508, "hw": "secondary_link", "nm": "", "lanes": 2, "oneway": "yes", "sw": 7.0, "swl": 1.0, "swr": 1.0, "nright": 2, "cline": "none", "key": "7.0|1.0|1.0|2|none", "bridge": 0, "net": "surface", "len_m": 93.9 }, "geometry": { "type": "LineString", "coordinates": [ [ 55.2609932, 25.1893325 ], [ 55.2610829, 25.1892132 ], [ 55.2611174, 25.1891733 ], [ 55.2612494, 25.1890415 ], [ 55.2612827, 25.1889959 ], [ 55.2613088, 25.1889466 ], [ 55.2613271, 25.1888945 ], [ 55.2613372, 25.1888419 ], [ 55.2613392, 25.1887868 ], [ 55.2613331, 25.1887333 ], [ 55.2613189, 25.1886811 ], [ 55.2612971, 25.188631 ], [ 55.2612781, 25.1885955 ] ] } },
{ "type": "Feature", "properties": { "osm_id": 382042511, "hw": "secondary_link", "nm": "", "lanes": 1, "oneway": "yes", "sw": 3.5, "swl": 1.0, "swr": 1.0, "nright": 1, "cline": "none", "key": "3.5|1.0|1.0|1|none", "bridge": 0, "net": "surface", "len_m": 68.8 }, "geometry": { "type": "LineString", "coordinates": [ [ 55.2620555, 25.1894564 ], [ 55.2619847, 25.1894253 ], [ 55.2619161, 25.1893905 ], [ 55.2618498, 25.1893522 ], [ 55.261786, 25.1893105 ], [ 55.2617338, 25.1892779 ], [ 55.2617157, 25.1892712 ], [ 55.2616753, 25.1892564 ], [ 55.2616129, 25.189247 ], [ 55.2615534, 25.1892441 ], [ 55.2614938, 25.189246 ], [ 55.2614346, 25.1892526 ] ] } },
{ "type": "Feature", "properties": { "osm_id": 382042514, "hw": "secondary_link", "nm": "", "lanes": 1, "oneway": "yes", "sw": 3.5, "swl": 1.0, "swr": 1.0, "nright": 1, "cline": "none", "key": "3.5|1.0|1.0|1|none", "bridge": 0, "net": "surface", "len_m": 63.8 }, "geometry": { "type": "LineString", "coordinates": [ [ 55.2623754, 25.1885326 ], [ 55.2622955, 25.1886725 ], [ 55.2622745, 25.1887161 ], [ 55.2622589, 25.1887616 ], [ 55.2622505, 25.1887992 ], [ 55.2622455, 25.1888444 ], [ 55.2622457, 25.1888898 ], [ 55.2622512, 25.188935 ], [ 55.262271, 25.1890827 ] ] } },
{ "type": "Feature", "properties": { "osm_id": 382042518, "hw": "residential", "nm": "", "lanes": 2, "oneway": "yes", "sw": 7.0, "swl": 2.0, "swr": 2.0, "nright": 2, "cline": "none", "key": "7.0|2.0|2.0|2|none", "bridge": 0, "net": "surface", "len_m": 32.0 }, "geometry": { "type": "LineString", "coordinates": [ [ 55.2588091, 25.1861929 ], [ 55.2588425, 25.1861434 ], [ 55.2588639, 25.186089 ], [ 55.2588721, 25.1860317 ], [ 55.2588665, 25.1859741 ], [ 55.2588475, 25.1859189 ] ] } },
{ "type": "Feature", "properties": { "osm_id": 382042522, "hw": "residential", "nm": "", "lanes": 2, "oneway": "yes", "sw": 7.0, "swl": 2.0, "swr": 2.0, "nright": 2, "cline": "none", "key": "7.0|2.0|2.0|2|none", "bridge": 0, "net": "surface", "len_m": 31.8 }, "geometry": { "type": "LineString", "coordinates": [ [ 55.2591053, 25.1862013 ], [ 55.2590604, 25.1861765 ], [ 55.2590109, 25.1861605 ], [ 55.2589587, 25.1861541 ], [ 55.2589062, 25.1861576 ], [ 55.2588556, 25.1861707 ], [ 55.2588091, 25.1861929 ] ] } },
{ "type": "Feature", "properties": { "osm_id": 382042524, "hw": "residential", "nm": "", "lanes": 2, "oneway": "no", "sw": 7.0, "swl": 2.0, "swr": 2.0, "nright": 1, "cline": "white", "key": "7.0|2.0|2.0|1|white", "bridge": 0, "net": "surface", "len_m": 183.3 }, "geometry": { "type": "LineString", "coordinates": [ [ 55.2584596, 25.1868671 ], [ 55.2585993, 25.1870149 ], [ 55.2586989, 25.1871211 ], [ 55.2588983, 25.1873321 ], [ 55.258993, 25.1874323 ], [ 55.2590562, 25.1874881 ], [ 55.2591248, 25.1875383 ], [ 55.2591982, 25.1875827 ], [ 55.2598467, 25.1878991 ] ] } },
{ "type": "Feature", "properties": { "osm_id": 382042534, "hw": "residential", "nm": "", "lanes": 1, "oneway": "yes", "sw": 3.5, "swl": 2.0, "swr": 2.0, "nright": 1, "cline": "none", "key": "3.5|2.0|2.0|1|none", "bridge": 0, "net": "surface", "len_m": 76.4 }, "geometry": { "type": "LineString", "coordinates": [ [ 55.2609813, 25.1882564 ], [ 55.2609397, 25.1882403 ], [ 55.2608998, 25.1882212 ], [ 55.2608617, 25.1881993 ], [ 55.2608258, 25.1881745 ], [ 55.2607312, 25.1881021 ], [ 55.2606913, 25.1880779 ], [ 55.2606498, 25.1880628 ], [ 55.2605999, 25.1880524 ], [ 55.2605543, 25.1880519 ], [ 55.2605093, 25.1880589 ], [ 55.2604665, 25.1880733 ], [ 55.2604275, 25.1880861 ], [ 55.2603873, 25.1880956 ], [ 55.2603464, 25.188101 ], [ 55.2602973, 25.1881033 ] ] } },
{ "type": "Feature", "properties": { "osm_id": 382042536, "hw": "tertiary", "nm": "Marasi Drive", "lanes": 2, "oneway": "yes", "sw": 7.0, "swl": 2.5, "swr": 2.5, "nright": 2, "cline": "none", "key": "7.0|2.5|2.5|2|none", "bridge": 0, "net": "surface", "len_m": 22.8 }, "geometry": { "type": "LineString", "coordinates": [ [ 55.2650677, 25.1864666 ], [ 55.26493, 25.1863033 ] ] } },
{ "type": "Feature", "properties": { "osm_id": 382042540, "hw": "secondary", "nm": "Al Khaleej Al Tejari 1 Street", "lanes": 3, "oneway": "yes", "sw": 10.5, "swl": 3.0, "swr": 3.0, "nright": 3, "cline": "none", "key": "10.5|3.0|3.0|3|none", "bridge": 0, "net": "surface", "len_m": 50.4 }, "geometry": { "type": "LineString", "coordinates": [ [ 55.2650677, 25.1864666 ], [ 55.2649939, 25.1865288 ], [ 55.26468, 25.1867531 ] ] } },
{ "type": "Feature", "properties": { "osm_id": 382042542, "hw": "secondary", "nm": "Al Khaleej Al Tejari 1 Street", "lanes": 3, "oneway": "yes", "sw": 10.5, "swl": 3.0, "swr": 3.0, "nright": 3, "cline": "none", "key": "10.5|3.0|3.0|3|none", "bridge": 0, "net": "surface", "len_m": 13.0 }, "geometry": { "type": "LineString", "coordinates": [ [ 55.265163, 25.186387 ], [ 55.2650677, 25.1864666 ] ] } },
{ "type": "Feature", "properties": { "osm_id": 382042546, "hw": "secondary", "nm": "Marasi Drive", "lanes": 3, "oneway": "yes", "sw": 10.5, "swl": 3.0, "swr": 3.0, "nright": 3, "cline": "none", "key": "10.5|3.0|3.0|3|none", "bridge": 0, "net": "surface", "len_m": 721.0 }, "geometry": { "type": "LineString", "coordinates": [ [ 55.265163, 25.186387 ], [ 55.2652516, 25.1864969 ], [ 55.2654152, 25.1866981 ], [ 55.2656231, 25.186914 ], [ 55.2657477, 25.1870351 ], [ 55.2658779, 25.1871512 ], [ 55.2660192, 25.1872654 ], [ 55.2661674, 25.1873798 ], [ 55.2663003, 25.1874672 ], [ 55.2664507, 25.1875612 ], [ 55.2666055, 25.1876491 ], [ 55.2667644, 25.187731 ], [ 55.266927, 25.1878065 ], [ 55.2670931, 25.1878755 ], [ 55.2672624, 25.187938 ], [ 55.2674078, 25.1879851 ], [ 55.2674345, 25.1879938 ], [ 55.2677006, 25.1880731 ], [ 55.267859, 25.1881151 ], [ 55.2680192, 25.1881512 ], [ 55.2681806, 25.1881832 ], [ 55.2683609, 25.1882066 ], [ 55.268542, 25.1882236 ], [ 55.2687237, 25.1882343 ], [ 55.2689057, 25.1882387 ], [ 55.2690878, 25.1882366 ], [ 55.2692697, 25.1882282 ], [ 55.2694511, 25.1882134 ], [ 55.2696317, 25.1881925 ], [ 55.2698322, 25.18816 ], [ 55.2700311, 25.1881202 ], [ 55.2702281, 25.1880729 ], [ 55.2704227, 25.1880184 ], [ 55.2706147, 25.1879568 ], [ 55.2708037, 25.187888 ], [ 55.2709895, 25.1878123 ], [ 55.2711716, 25.1877298 ], [ 55.2713493, 25.1876349 ], [ 55.2713817, 25.1876176 ], [ 55.2714841, 25.1875625 ] ] } },
{ "type": "Feature", "properties": { "osm_id": 382055236, "hw": "tertiary", "nm": "3 Street", "lanes": 2, "oneway": "no", "sw": 7.0, "swl": 2.5, "swr": 2.5, "nright": 1, "cline": "white", "key": "7.0|2.5|2.5|1|white", "bridge": 0, "net": "surface", "len_m": 103.4 }, "geometry": { "type": "LineString", "coordinates": [ [ 55.2676333, 25.1893631 ], [ 55.2676408, 25.189335 ], [ 55.2677224, 25.1890335 ], [ 55.267801, 25.1887444 ], [ 55.2678547, 25.1884919 ], [ 55.2678627, 25.1884532 ] ] } },
{ "type": "Feature", "properties": { "osm_id": 382055238, "hw": "tertiary", "nm": "", "lanes": 1, "oneway": "yes", "sw": 3.5, "swl": 2.5, "swr": 2.5, "nright": 1, "cline": "none", "key": "3.5|2.5|2.5|1|none", "bridge": 0, "net": "surface", "len_m": 34.3 }, "geometry": { "type": "LineString", "coordinates": [ [ 55.268008, 25.1879323 ], [ 55.2680143, 25.1879835 ], [ 55.2680305, 25.1880327 ], [ 55.2680563, 25.1880786 ], [ 55.2680907, 25.1881195 ], [ 55.2681327, 25.1881542 ], [ 55.2681806, 25.1881832 ] ] } },
{ "type": "Feature", "properties": { "osm_id": 382055239, "hw": "tertiary", "nm": "3 Street", "lanes": 1, "oneway": "yes", "sw": 3.5, "swl": 2.5, "swr": 2.5, "nright": 1, "cline": "none", "key": "3.5|2.5|2.5|1|none", "bridge": 0, "net": "surface", "len_m": 29.7 }, "geometry": { "type": "LineString", "coordinates": [ [ 55.2681145, 25.1883232 ], [ 55.2680574, 25.1883366 ], [ 55.2680027, 25.1883567 ], [ 55.2679514, 25.1883832 ], [ 55.2679045, 25.1884155 ], [ 55.2678627, 25.1884532 ] ] } },
{ "type": "Feature", "properties": { "osm_id": 382055240, "hw": "tertiary", "nm": "3 Street", "lanes": 1, "oneway": "yes", "sw": 3.5, "swl": 2.5, "swr": 2.5, "nright": 1, "cline": "none", "key": "3.5|2.5|2.5|1|none", "bridge": 0, "net": "surface", "len_m": 28.0 }, "geometry": { "type": "LineString", "coordinates": [ [ 55.2678627, 25.1884532 ], [ 55.2678494, 25.1884042 ], [ 55.2678293, 25.1883571 ], [ 55.2678027, 25.1883127 ], [ 55.26777, 25.1882718 ], [ 55.2677319, 25.1882349 ] ] } },
{ "type": "Feature", "properties": { "osm_id": 382055241, "hw": "tertiary", "nm": "", "lanes": 1, "oneway": "yes", "sw": 3.5, "swl": 2.5, "swr": 2.5, "nright": 1, "cline": "none", "key": "3.5|2.5|2.5|1|none", "bridge": 0, "net": "surface", "len_m": 36.3 }, "geometry": { "type": "LineString", "coordinates": [ [ 55.2677006, 25.1880731 ], [ 55.2677608, 25.1880719 ], [ 55.2678197, 25.188061 ], [ 55.2678757, 25.1880409 ], [ 55.2679267, 25.188012 ], [ 55.2679713, 25.1879755 ], [ 55.268008, 25.1879323 ] ] } },
{ "type": "Feature", "properties": { "osm_id": 382055242, "hw": "tertiary", "nm": "3 Street", "lanes": 1, "oneway": "yes", "sw": 3.5, "swl": 2.5, "swr": 2.5, "nright": 1, "cline": "none", "key": "3.5|2.5|2.5|1|none", "bridge": 0, "net": "surface", "len_m": 28.1 }, "geometry": { "type": "LineString", "coordinates": [ [ 55.2676333, 25.1893631 ], [ 55.2676361, 25.1893983 ], [ 55.2676432, 25.1894327 ], [ 55.2676548, 25.1894662 ], [ 55.2676706, 25.1894983 ], [ 55.2676921, 25.1895306 ], [ 55.2677179, 25.1895602 ], [ 55.2677476, 25.1895866 ] ] } },
{ "type": "Feature", "properties": { "osm_id": 382055243, "hw": "tertiary", "nm": "3 Street", "lanes": 1, "oneway": "yes", "sw": 3.5, "swl": 2.5, "swr": 2.5, "nright": 1, "cline": "none", "key": "3.5|2.5|2.5|1|none", "bridge": 0, "net": "surface", "len_m": 28.3 }, "geometry": { "type": "LineString", "coordinates": [ [ 55.2673729, 25.1894388 ], [ 55.2674215, 25.1894398 ], [ 55.2674698, 25.1894347 ], [ 55.2675168, 25.1894236 ], [ 55.2675584, 25.1894081 ], [ 55.2675975, 25.1893878 ], [ 55.2676333, 25.1893631 ] ] } },
{ "type": "Feature", "properties": { "osm_id": 382055244, "hw": "residential", "nm": "", "lanes": 2, "oneway": "no", "sw": 7.0, "swl": 2.0, "swr": 2.0, "nright": 1, "cline": "white", "key": "7.0|2.0|2.0|1|white", "bridge": 0, "net": "surface", "len_m": 64.7 }, "geometry": { "type": "LineString", "coordinates": [ [ 55.2635948, 25.1922957 ], [ 55.2640851, 25.191919 ] ] } },
{ "type": "Feature", "properties": { "osm_id": 382055245, "hw": "residential", "nm": "", "lanes": 2, "oneway": "yes", "sw": 7.0, "swl": 2.0, "swr": 2.0, "nright": 2, "cline": "none", "key": "7.0|2.0|2.0|2|none", "bridge": 0, "net": "surface", "len_m": 25.0 }, "geometry": { "type": "LineString", "coordinates": [ [ 55.2643254, 25.1918836 ], [ 55.2642756, 25.1918786 ], [ 55.2642255, 25.19188 ], [ 55.2641762, 25.191888 ], [ 55.2641286, 25.1919023 ], [ 55.2640851, 25.191919 ] ] } },
{ "type": "Feature", "properties": { "osm_id": 382055246, "hw": "residential", "nm": "", "lanes": 2, "oneway": "yes", "sw": 7.0, "swl": 2.0, "swr": 2.0, "nright": 2, "cline": "none", "key": "7.0|2.0|2.0|2|none", "bridge": 0, "net": "surface", "len_m": 29.1 }, "geometry": { "type": "LineString", "coordinates": [ [ 55.2640851, 25.191919 ], [ 55.2641137, 25.1918684 ], [ 55.2641326, 25.1918102 ], [ 55.2641401, 25.19175 ], [ 55.2641339, 25.1916659 ] ] } },
{ "type": "Feature", "properties": { "osm_id": 382055247, "hw": "residential", "nm": "", "lanes": 2, "oneway": "yes", "sw": 7.0, "swl": 2.0, "swr": 2.0, "nright": 2, "cline": "none", "key": "7.0|2.0|2.0|2|none", "bridge": 0, "net": "surface", "len_m": 43.5 }, "geometry": { "type": "LineString", "coordinates": [ [ 55.2659359, 25.1944323 ], [ 55.2659813, 25.1943779 ], [ 55.2660043, 25.1943473 ], [ 55.2660209, 25.1943152 ], [ 55.2660298, 25.1942808 ], [ 55.2660304, 25.1942454 ], [ 55.2660229, 25.1942106 ], [ 55.2660082, 25.1941781 ], [ 55.2659541, 25.194079 ] ] } },
{ "type": "Feature", "properties": { "osm_id": 382055248, "hw": "residential", "nm": "", "lanes": 2, "oneway": "yes", "sw": 7.0, "swl": 2.0, "swr": 2.0, "nright": 2, "cline": "none", "key": "7.0|2.0|2.0|2|none", "bridge": 0, "net": "surface", "len_m": 25.4 }, "geometry": { "type": "LineString", "coordinates": [ [ 55.2657807, 25.1936682 ], [ 55.265796, 25.1936244 ], [ 55.2658054, 25.1935793 ], [ 55.2658088, 25.1935335 ], [ 55.265806, 25.1934877 ], [ 55.2657972, 25.1934424 ] ] } },
{ "type": "Feature", "properties": { "osm_id": 382055249, "hw": "residential", "nm": "", "lanes": 2, "oneway": "yes", "sw": 7.0, "swl": 2.0, "swr": 2.0, "nright": 2, "cline": "none", "key": "7.0|2.0|2.0|2|none", "bridge": 0, "net": "surface", "len_m": 23.6 }, "geometry": { "type": "LineString", "coordinates": [ [ 55.2660117, 25.1936766 ], [ 55.2659666, 25.193665 ], [ 55.2659203, 25.1936583 ], [ 55.2658735, 25.1936565 ], [ 55.2658267, 25.1936599 ], [ 55.2657807, 25.1936682 ] ] } },
{ "type": "Feature", "properties": { "osm_id": 382055254, "hw": "tertiary", "nm": "Al Asayel Street", "lanes": 2, "oneway": "yes", "sw": 7.0, "swl": 2.5, "swr": 2.5, "nright": 2, "cline": "none", "key": "7.0|2.5|2.5|2|none", "bridge": 0, "net": "surface", "len_m": 74.6 }, "geometry": { "type": "LineString", "coordinates": [ [ 55.2783829, 25.1856949 ], [ 55.2780939, 25.1853478 ], [ 55.2780516, 25.1853024 ], [ 55.2780051, 25.1852604 ], [ 55.2779547, 25.1852223 ], [ 55.2779008, 25.1851896 ] ] } },
{ "type": "Feature", "properties": { "osm_id": 382055255, "hw": "secondary_link", "nm": "", "lanes": 1, "oneway": "yes", "sw": 3.5, "swl": 1.0, "swr": 1.0, "nright": 1, "cline": "none", "key": "3.5|1.0|1.0|1|none", "bridge": 0, "net": "surface", "len_m": 76.0 }, "geometry": { "type": "LineString", "coordinates": [ [ 55.2754187, 25.1850639 ], [ 55.2752863, 25.1852264 ], [ 55.2752664, 25.1852566 ], [ 55.2752495, 25.1852882 ], [ 55.2752355, 25.1853209 ], [ 55.2752245, 25.1853546 ], [ 55.2752212, 25.1854046 ], [ 55.2752238, 25.1854546 ], [ 55.2752323, 25.185504 ], [ 55.2752467, 25.1855524 ], [ 55.2752667, 25.185599 ], [ 55.275312, 25.1856822 ] ] } },
{ "type": "Feature", "properties": { "osm_id": 382055256, "hw": "secondary_link", "nm": "", "lanes": 1, "oneway": "yes", "sw": 3.5, "swl": 1.0, "swr": 1.0, "nright": 1, "cline": "none", "key": "3.5|1.0|1.0|1|none", "bridge": 0, "net": "surface", "len_m": 85.2 }, "geometry": { "type": "LineString", "coordinates": [ [ 55.2752342, 25.1857539 ], [ 55.2751022, 25.1856668 ], [ 55.2750483, 25.1856381 ], [ 55.27499, 25.1856168 ], [ 55.2749287, 25.1856039 ], [ 55.274866, 25.1856006 ], [ 55.2748099, 25.1856053 ], [ 55.2747548, 25.1856151 ], [ 55.2747019, 25.185629 ], [ 55.2744554, 25.1857136 ] ] } },
{ "type": "Feature", "properties": { "osm_id": 382055257, "hw": "residential", "nm": "", "lanes": 2, "oneway": "no", "sw": 7.0, "swl": 2.0, "swr": 2.0, "nright": 1, "cline": "white", "key": "7.0|2.0|2.0|1|white", "bridge": 0, "net": "surface", "len_m": 320.8 }, "geometry": { "type": "LineString", "coordinates": [ [ 55.2791737, 25.1880359 ], [ 55.2809694, 25.1904268 ] ] } },
{ "type": "Feature", "properties": { "osm_id": 382055259, "hw": "residential", "nm": "", "lanes": 2, "oneway": "yes", "sw": 7.0, "swl": 2.0, "swr": 2.0, "nright": 2, "cline": "none", "key": "7.0|2.0|2.0|2|none", "bridge": 0, "net": "surface", "len_m": 34.5 }, "geometry": { "type": "LineString", "coordinates": [ [ 55.2779097, 25.1871602 ], [ 55.2779626, 25.1869541 ], [ 55.2779687, 25.1869218 ], [ 55.2779741, 25.1868889 ], [ 55.277976, 25.1868556 ] ] } },
{ "type": "Feature", "properties": { "osm_id": 382055260, "hw": "residential", "nm": "", "lanes": 2, "oneway": "yes", "sw": 7.0, "swl": 2.0, "swr": 2.0, "nright": 2, "cline": "none", "key": "7.0|2.0|2.0|2|none", "bridge": 0, "net": "surface", "len_m": 19.6 }, "geometry": { "type": "LineString", "coordinates": [ [ 55.2782529, 25.1865242 ], [ 55.2782296, 25.1865737 ], [ 55.2782173, 25.1866017 ], [ 55.278206, 25.1866311 ], [ 55.2781985, 25.1866614 ], [ 55.2781948, 25.1866923 ] ] } },
{ "type": "Feature", "properties": { "osm_id": 382055261, "hw": "residential", "nm": "", "lanes": 2, "oneway": "yes", "sw": 7.0, "swl": 2.0, "swr": 2.0, "nright": 2, "cline": "none", "key": "7.0|2.0|2.0|2|none", "bridge": 0, "net": "surface", "len_m": 33.8 }, "geometry": { "type": "LineString", "coordinates": [ [ 55.279248, 25.1877541 ], [ 55.2792047, 25.1877996 ], [ 55.2791767, 25.1878552 ], [ 55.2791619, 25.1879148 ], [ 55.2791608, 25.1879759 ], [ 55.2791737, 25.1880359 ] ] } },
{ "type": "Feature", "properties": { "osm_id": 382055262, "hw": "residential", "nm": "", "lanes": 2, "oneway": "yes", "sw": 7.0, "swl": 2.0, "swr": 2.0, "nright": 2, "cline": "none", "key": "7.0|2.0|2.0|2|none", "bridge": 0, "net": "surface", "len_m": 28.0 }, "geometry": { "type": "LineString", "coordinates": [ [ 55.2791737, 25.1880359 ], [ 55.2791195, 25.1879838 ], [ 55.2790312, 25.1879322 ], [ 55.2789502, 25.1878894 ] ] } },
{ "type": "Feature", "properties": { "osm_id": 382072007, "hw": "residential", "nm": "", "lanes": 2, "oneway": "yes", "sw": 7.0, "swl": 2.0, "swr": 2.0, "nright": 2, "cline": "none", "key": "7.0|2.0|2.0|2|none", "bridge": 0, "net": "surface", "len_m": 69.3 }, "geometry": { "type": "LineString", "coordinates": [ [ 55.271387832115302, 25.196436766762485 ], [ 55.2713846, 25.1963975 ], [ 55.2713783, 25.196308 ], [ 55.2713675, 25.1962312 ], [ 55.2713697, 25.1962164 ], [ 55.2713781, 25.1962036 ], [ 55.2713914, 25.1961949 ], [ 55.2714075, 25.1961916 ], [ 55.2715015, 25.1961875 ], [ 55.2715199, 25.1961915 ], [ 55.2715354, 25.1962013 ], [ 55.2715459, 25.1962156 ], [ 55.2715498, 25.1962323 ], [ 55.2715564, 25.1963195 ], [ 55.27156525674895, 25.196436766762485 ] ] } },
{ "type": "Feature", "properties": { "osm_id": 396682338, "hw": "motorway", "nm": "Sheikh Zayed Road (north)", "lanes": 6, "oneway": "yes", "sw": 21.0, "swl": 0.0, "swr": 0.0, "nright": 6, "cline": "none", "key": "21.0|0.0|0.0|6|none", "bridge": 0, "net": "freeway", "len_m": 450.5 }, "geometry": { "type": "LineString", "coordinates": [ [ 55.2575272, 25.1886446 ], [ 55.2575706, 25.1886922 ], [ 55.2603835, 25.1917721 ] ] } },
{ "type": "Feature", "properties": { "osm_id": 409860282, "hw": "tertiary_link", "nm": "", "lanes": 1, "oneway": "yes", "sw": 3.5, "swl": 1.0, "swr": 1.0, "nright": 1, "cline": "none", "key": "3.5|1.0|1.0|1|none", "bridge": 0, "net": "surface", "len_m": 129.5 }, "geometry": { "type": "LineString", "coordinates": [ [ 55.2739439, 25.1796878 ], [ 55.2739411, 25.1797186 ], [ 55.2739353, 25.1797593 ], [ 55.2739264, 25.1797859 ], [ 55.27391, 25.1798108 ], [ 55.2738755, 25.1798458 ], [ 55.2737355, 25.1799617 ], [ 55.2736951, 25.1800011 ], [ 55.2736617, 25.1800455 ], [ 55.273636, 25.1800939 ], [ 55.2736185, 25.1801453 ], [ 55.2736098, 25.1801985 ], [ 55.2736093, 25.1802426 ], [ 55.2736147, 25.1802865 ], [ 55.2736261, 25.1803294 ], [ 55.2736432, 25.1803707 ], [ 55.2736658, 25.1804098 ], [ 55.2736936, 25.1804461 ], [ 55.2737671, 25.1805259 ], [ 55.2737978, 25.180562 ], [ 55.2738232, 25.1806014 ], [ 55.2738428, 25.1806433 ], [ 55.2738564, 25.1806872 ] ] } },
{ "type": "Feature", "properties": { "osm_id": 409860283, "hw": "tertiary_link", "nm": "", "lanes": 1, "oneway": "yes", "sw": 3.5, "swl": 1.0, "swr": 1.0, "nright": 1, "cline": "none", "key": "3.5|1.0|1.0|1|none", "bridge": 0, "net": "surface", "len_m": 158.9 }, "geometry": { "type": "LineString", "coordinates": [ [ 55.2736174, 25.1809593 ], [ 55.2732641, 25.1807106 ], [ 55.2732049, 25.180674 ], [ 55.2731398, 25.1806467 ], [ 55.2730707, 25.1806295 ], [ 55.2729994, 25.1806228 ], [ 55.2729335, 25.1806261 ], [ 55.2728689, 25.1806384 ], [ 55.2728071, 25.1806594 ], [ 55.2727496, 25.1806887 ], [ 55.2722571, 25.1809668 ] ] } },
{ "type": "Feature", "properties": { "osm_id": 409860284, "hw": "tertiary_link", "nm": "", "lanes": 1, "oneway": "yes", "sw": 3.5, "swl": 1.0, "swr": 1.0, "nright": 1, "cline": "none", "key": "3.5|1.0|1.0|1|none", "bridge": 0, "net": "surface", "len_m": 119.6 }, "geometry": { "type": "LineString", "coordinates": [ [ 55.2727601, 25.179582 ], [ 55.2728934, 25.1796601 ], [ 55.2729478, 25.1796897 ], [ 55.2729899, 25.1797154 ], [ 55.2730354, 25.1797357 ], [ 55.2730834, 25.1797503 ], [ 55.2731621, 25.1797613 ], [ 55.2732501, 25.1797632 ], [ 55.2733073, 25.1797539 ], [ 55.2733677, 25.1797315 ], [ 55.273409, 25.179707 ], [ 55.2734533, 25.1796776 ], [ 55.2735726, 25.1795841 ], [ 55.273629, 25.1795473 ], [ 55.2736794, 25.1795212 ], [ 55.2737416, 25.1795004 ], [ 55.273806, 25.1794862 ] ] } },
{ "type": "Feature", "properties": { "osm_id": 409860285, "hw": "tertiary_link", "nm": "", "lanes": 1, "oneway": "yes", "sw": 3.5, "swl": 1.0, "swr": 1.0, "nright": 1, "cline": "none", "key": "3.5|1.0|1.0|1|none", "bridge": 0, "net": "surface", "len_m": 129.5 }, "geometry": { "type": "LineString", "coordinates": [ [ 55.2720654, 25.1808343 ], [ 55.2724531, 25.1804235 ], [ 55.2724946, 25.1803768 ], [ 55.2725271, 25.1803246 ], [ 55.2725498, 25.1802683 ], [ 55.272561, 25.1802146 ], [ 55.2725629, 25.1801427 ], [ 55.2725503, 25.180077 ], [ 55.2725248, 25.1800145 ], [ 55.2724414, 25.1798425 ] ] } },
{ "type": "Feature", "properties": { "osm_id": 412800312, "hw": "secondary", "nm": "AL Alam Street", "lanes": 2, "oneway": "yes", "sw": 7.0, "swl": 3.0, "swr": 3.0, "nright": 2, "cline": "none", "key": "7.0|3.0|3.0|2|none", "bridge": 0, "net": "surface", "len_m": 257.3 }, "geometry": { "type": "LineString", "coordinates": [ [ 55.2726703, 25.1887474 ], [ 55.2728005, 25.1889191 ], [ 55.2729139, 25.1890839 ], [ 55.2729358, 25.1891165 ], [ 55.2729565, 25.1891498 ], [ 55.2729759, 25.1891836 ], [ 55.2729953, 25.1892189 ], [ 55.2730161, 25.1892535 ], [ 55.2730382, 25.1892874 ], [ 55.2731024, 25.1893811 ], [ 55.2731631, 25.1894589 ], [ 55.2732262, 25.1895352 ], [ 55.2732916, 25.1896098 ], [ 55.2733498, 25.1896701 ], [ 55.2734108, 25.1897282 ], [ 55.2734745, 25.1897839 ], [ 55.2735407, 25.189837 ], [ 55.2736094, 25.1898876 ], [ 55.273669, 25.1899379 ], [ 55.2737445, 25.19001 ], [ 55.2738032, 25.1900753 ], [ 55.2738459, 25.1901313 ], [ 55.2738825, 25.1901907 ], [ 55.2739126, 25.1902531 ], [ 55.2739359, 25.1903178 ], [ 55.2739521, 25.1903842 ], [ 55.2739858, 25.1905382 ], [ 55.2740232, 25.190667 ] ] } },
{ "type": "Feature", "properties": { "osm_id": 424957778, "hw": "motorway_link", "nm": "", "lanes": 1, "oneway": "yes", "sw": 3.5, "swl": 0.0, "swr": 0.0, "nright": 1, "cline": "none", "key": "3.5|0.0|0.0|1|none", "bridge": 0, "net": "freeway", "len_m": 273.5 }, "geometry": { "type": "LineString", "coordinates": [ [ 55.292841, 25.1911059 ], [ 55.2929449, 25.1911755 ], [ 55.293045, 25.1912494 ], [ 55.2931412, 25.1913275 ], [ 55.2932332, 25.1914096 ], [ 55.2933534, 25.191534 ], [ 55.2935149, 25.1916984 ], [ 55.2936708, 25.1918436 ], [ 55.2937308, 25.1919053 ], [ 55.2937902, 25.1919674 ], [ 55.2938492, 25.19203 ], [ 55.2939095, 25.1920917 ], [ 55.2939678, 25.1921585 ], [ 55.2940309, 25.1922217 ], [ 55.2940985, 25.1922809 ], [ 55.2941704, 25.1923358 ], [ 55.2942462, 25.1923863 ], [ 55.2943255, 25.1924321 ], [ 55.2944482, 25.1924892 ], [ 55.2945325, 25.192523 ], [ 55.2946202, 25.192549 ], [ 55.2947103, 25.1925668 ], [ 55.294802, 25.1925763 ], [ 55.2948942, 25.1925772 ], [ 55.294920297446538, 25.1925750985734 ] ] } },
{ "type": "Feature", "properties": { "osm_id": 455709630, "hw": "primary", "nm": "Sheikh Mohammed bin Rashid Boulevard", "lanes": 3, "oneway": "yes", "sw": 10.5, "swl": 3.0, "swr": 3.0, "nright": 3, "cline": "none", "key": "10.5|3.0|3.0|3|none", "bridge": 0, "net": "surface", "len_m": 12.0 }, "geometry": { "type": "LineString", "coordinates": [ [ 55.2801135, 25.1933934 ], [ 55.2802117, 25.1934543 ] ] } },
{ "type": "Feature", "properties": { "osm_id": 455709636, "hw": "primary", "nm": "Sheikh Mohammed bin Rashid Boulevard", "lanes": 3, "oneway": "yes", "sw": 10.5, "swl": 3.0, "swr": 3.0, "nright": 3, "cline": "none", "key": "10.5|3.0|3.0|3|none", "bridge": 0, "net": "surface", "len_m": 70.0 }, "geometry": { "type": "LineString", "coordinates": [ [ 55.2795059, 25.1930887 ], [ 55.2797437, 25.193196 ], [ 55.2799793, 25.1933151 ], [ 55.2801135, 25.1933934 ] ] } },
{ "type": "Feature", "properties": { "osm_id": 455709639, "hw": "primary", "nm": "Sheikh Mohammed bin Rashid Boulevard", "lanes": 4, "oneway": "yes", "sw": 14.0, "swl": 3.0, "swr": 3.0, "nright": 4, "cline": "none", "key": "14.0|3.0|3.0|4|none", "bridge": 0, "net": "surface", "len_m": 80.3 }, "geometry": { "type": "LineString", "coordinates": [ [ 55.2807497, 25.1940481 ], [ 55.2806276, 25.1939532 ], [ 55.2805015, 25.1938626 ], [ 55.2803717, 25.1937765 ], [ 55.2802415, 25.1936968 ], [ 55.2801109, 25.193616 ] ] } },
{ "type": "Feature", "properties": { "osm_id": 455709641, "hw": "primary", "nm": "Sheikh Mohammed bin Rashid Boulevard", "lanes": 3, "oneway": "yes", "sw": 10.5, "swl": 3.0, "swr": 3.0, "nright": 3, "cline": "none", "key": "10.5|3.0|3.0|3|none", "bridge": 0, "net": "surface", "len_m": 49.8 }, "geometry": { "type": "LineString", "coordinates": [ [ 55.2811049, 25.1943608 ], [ 55.280918, 25.194192 ], [ 55.2807497, 25.1940481 ] ] } },
{ "type": "Feature", "properties": { "osm_id": 456255481, "hw": "motorway", "nm": "Ras Al Khor Road", "lanes": 3, "oneway": "yes", "sw": 10.5, "swl": 0.0, "swr": 0.0, "nright": 3, "cline": "none", "key": "10.5|0.0|0.0|3|none", "bridge": 0, "net": "freeway", "len_m": 49.8 }, "geometry": { "type": "LineString", "coordinates": [ [ 55.294920297446538, 25.183237557408169 ], [ 55.2944272, 25.1832602 ] ] } },
{ "type": "Feature", "properties": { "osm_id": 457394758, "hw": "motorway", "nm": "Sheikh Zayed Road (south)", "lanes": 6, "oneway": "yes", "sw": 21.0, "swl": 0.0, "swr": 0.0, "nright": 6, "cline": "none", "key": "21.0|0.0|0.0|6|none", "bridge": 1, "net": "freeway", "len_m": 646.0 }, "geometry": { "type": "LineString", "coordinates": [ [ 55.2572836, 25.1888378 ], [ 55.2531574, 25.184376 ] ] } },
{ "type": "Feature", "properties": { "osm_id": 457394759, "hw": "motorway", "nm": "Sheikh Zayed Road (south)", "lanes": 6, "oneway": "yes", "sw": 21.0, "swl": 0.0, "swr": 0.0, "nright": 6, "cline": "none", "key": "21.0|0.0|0.0|6|none", "bridge": 0, "net": "freeway", "len_m": 679.0 }, "geometry": { "type": "LineString", "coordinates": [ [ 55.2619141, 25.19383 ], [ 55.2610238, 25.1928661 ], [ 55.2575695, 25.1891457 ] ] } },
{ "type": "Feature", "properties": { "osm_id": 457680263, "hw": "tertiary", "nm": "Burj Khalifa Boulevard", "lanes": 2, "oneway": "yes", "sw": 7.0, "swl": 2.5, "swr": 2.5, "nright": 2, "cline": "none", "key": "7.0|2.5|2.5|2|none", "bridge": 0, "net": "surface", "len_m": 240.3 }, "geometry": { "type": "LineString", "coordinates": [ [ 55.2867061, 25.1935334 ], [ 55.2866231, 25.1935238 ], [ 55.2865398, 25.1935178 ], [ 55.2864563, 25.1935152 ], [ 55.2863825, 25.1935215 ], [ 55.286313, 25.1935448 ], [ 55.2862521, 25.1935831 ], [ 55.2862037, 25.1936339 ], [ 55.286171, 25.1936941 ], [ 55.2860978, 25.1938529 ], [ 55.2860312, 25.1939694 ], [ 55.2859545, 25.1940807 ], [ 55.2858683, 25.1941861 ], [ 55.285773, 25.1942849 ], [ 55.2856693, 25.1943765 ], [ 55.2853775, 25.1945869 ], [ 55.2851731, 25.1947158 ], [ 55.2851028, 25.1947601 ], [ 55.2849839, 25.1948371 ] ] } },
{ "type": "Feature", "properties": { "osm_id": 457680264, "hw": "tertiary", "nm": "Al Ohood Street", "lanes": 2, "oneway": "yes", "sw": 7.0, "swl": 2.5, "swr": 2.5, "nright": 2, "cline": "none", "key": "7.0|2.5|2.5|2|none", "bridge": 0, "net": "surface", "len_m": 478.6 }, "geometry": { "type": "LineString", "coordinates": [ [ 55.2814758, 25.1920652 ], [ 55.2815781, 25.1921684 ], [ 55.2816539, 25.1922428 ], [ 55.2817065, 25.1922943 ], [ 55.2818467, 25.1924192 ], [ 55.2819352, 25.1924871 ], [ 55.2820304, 25.1925527 ], [ 55.2821291, 25.1926157 ], [ 55.2822303, 25.1926778 ], [ 55.2823341, 25.1927364 ], [ 55.2824475, 25.1927961 ], [ 55.2826687, 25.1928967 ], [ 55.2827815, 25.1929428 ], [ 55.2828956, 25.1929861 ], [ 55.2830606, 25.1930579 ], [ 55.2832225, 25.1931352 ], [ 55.2833812, 25.1932177 ], [ 55.2835366, 25.1933053 ], [ 55.2836883, 25.193398 ], [ 55.2838362, 25.1934957 ], [ 55.2839801, 25.193598 ], [ 55.2841198, 25.1937051 ], [ 55.2842769, 25.1938419 ], [ 55.2844288, 25.1939847 ], [ 55.2845357, 25.1940965 ], [ 55.2846394, 25.1942107 ], [ 55.284648, 25.1942207 ], [ 55.2846746, 25.1942515 ], [ 55.2847399, 25.1943272 ], [ 55.284837, 25.1944462 ], [ 55.284968, 25.1946001 ], [ 55.2850191, 25.1946598 ], [ 55.285063, 25.1947115 ], [ 55.2851028, 25.1947601 ] ] } },
{ "type": "Feature", "properties": { "osm_id": 459126868, "hw": "primary", "nm": "Financial Center Street", "lanes": 4, "oneway": "yes", "sw": 14.0, "swl": 3.0, "swr": 3.0, "nright": 4, "cline": "none", "key": "14.0|3.0|3.0|4|none", "bridge": 1, "net": "surface", "len_m": 303.3 }, "geometry": { "type": "LineString", "coordinates": [ [ 55.2907227, 25.1938957 ], [ 55.2920071, 25.1925153 ], [ 55.2920915, 25.192416 ], [ 55.2921696, 25.1923138 ], [ 55.2922578, 25.1921949 ], [ 55.2923439, 25.1920777 ], [ 55.2924338, 25.1919559 ], [ 55.29251, 25.1918361 ], [ 55.2925679, 25.1917394 ] ] } },
{ "type": "Feature", "properties": { "osm_id": 474131739, "hw": "residential", "nm": "Dubai Water Canal 1 Street", "lanes": 2, "oneway": "no", "sw": 7.0, "swl": 2.0, "swr": 2.0, "nright": 1, "cline": "white", "key": "7.0|2.0|2.0|1|white", "bridge": 0, "net": "surface", "len_m": 280.9 }, "geometry": { "type": "LineString", "coordinates": [ [ 55.2544635, 25.1845848 ], [ 55.2542635, 25.1847543 ], [ 55.253913, 25.1850396 ], [ 55.2537639, 25.1851368 ], [ 55.2536941, 25.1851712 ], [ 55.2536094, 25.1852033 ], [ 55.2535216, 25.1852204 ], [ 55.2534323, 25.1852276 ], [ 55.2533427, 25.1852242 ], [ 55.2532625, 25.1852033 ], [ 55.2531894, 25.1851668 ], [ 55.2531271, 25.1851164 ], [ 55.252515, 25.1844653 ], [ 55.2524459, 25.1843912 ], [ 55.252369, 25.1843065 ] ] } },
{ "type": "Feature", "properties": { "osm_id": 474627775, "hw": "residential", "nm": "Dubai Water Canal 1 Street", "lanes": 2, "oneway": "yes", "sw": 7.0, "swl": 2.0, "swr": 2.0, "nright": 2, "cline": "none", "key": "7.0|2.0|2.0|2|none", "bridge": 0, "net": "surface", "len_m": 326.8 }, "geometry": { "type": "LineString", "coordinates": [ [ 55.252369, 25.1843065 ], [ 55.2521123, 25.1840332 ], [ 55.2517272, 25.1836127 ], [ 55.2516761, 25.1835555 ], [ 55.2516104, 25.1834835 ], [ 55.2515302, 25.1834032 ], [ 55.2514587, 25.1833221 ], [ 55.2512507, 25.183099 ], [ 55.250272502553464, 25.18205652077625 ] ] } },
{ "type": "Feature", "properties": { "osm_id": 474627999, "hw": "tertiary", "nm": "", "lanes": 2, "oneway": "yes", "sw": 7.0, "swl": 2.5, "swr": 2.5, "nright": 2, "cline": "none", "key": "7.0|2.5|2.5|2|none", "bridge": 0, "net": "surface", "len_m": 365.5 }, "geometry": { "type": "LineString", "coordinates": [ [ 55.2546417, 25.1847762 ], [ 55.2544635, 25.1845848 ], [ 55.2541521, 25.1842501 ], [ 55.2539102, 25.1839895 ], [ 55.2534646, 25.1835095 ], [ 55.2533536, 25.18339 ], [ 55.2528093, 25.1828036 ], [ 55.2522897, 25.1822651 ] ] } },
{ "type": "Feature", "properties": { "osm_id": 474628194, "hw": "tertiary", "nm": "", "lanes": 2, "oneway": "yes", "sw": 7.0, "swl": 2.5, "swr": 2.5, "nright": 2, "cline": "none", "key": "7.0|2.5|2.5|2|none", "bridge": 0, "net": "surface", "len_m": 172.0 }, "geometry": { "type": "LineString", "coordinates": [ [ 55.2543286, 25.1826254 ], [ 55.254302, 25.1825779 ], [ 55.2542719, 25.1825326 ], [ 55.2542379, 25.1824895 ], [ 55.2541041, 25.182343 ], [ 55.2540727, 25.1823077 ], [ 55.2540423, 25.1822717 ], [ 55.2540131, 25.1822348 ], [ 55.253985, 25.1821973 ], [ 55.2538388, 25.1819807 ], [ 55.2537568, 25.1818429 ], [ 55.2537318, 25.1818053 ], [ 55.2537049, 25.1817688 ], [ 55.2536762, 25.1817333 ], [ 55.2533416, 25.1813638 ] ] } },
{ "type": "Feature", "properties": { "osm_id": 475035453, "hw": "secondary", "nm": "Al Khaleej Al Tejari 1 Street", "lanes": 4, "oneway": "yes", "sw": 14.0, "swl": 3.0, "swr": 3.0, "nright": 4, "cline": "none", "key": "14.0|3.0|3.0|4|none", "bridge": 0, "net": "surface", "len_m": 64.3 }, "geometry": { "type": "LineString", "coordinates": [ [ 55.2632465, 25.1875853 ], [ 55.2634914, 25.187395 ], [ 55.2636186, 25.1872962 ], [ 55.2637319, 25.1872082 ] ] } },
{ "type": "Feature", "properties": { "osm_id": 475035459, "hw": "tertiary", "nm": "", "lanes": 2, "oneway": "yes", "sw": 7.0, "swl": 2.5, "swr": 2.5, "nright": 2, "cline": "none", "key": "7.0|2.5|2.5|2|none", "bridge": 0, "net": "surface", "len_m": 57.3 }, "geometry": { "type": "LineString", "coordinates": [ [ 55.2601542, 25.1901762 ], [ 55.2600543, 25.190267 ], [ 55.2600187, 25.1903028 ], [ 55.2599943, 25.1903371 ], [ 55.2599805, 25.190376 ], [ 55.259978, 25.1904167 ], [ 55.2599871, 25.1904567 ], [ 55.2600072, 25.1904933 ], [ 55.2600971, 25.1906021 ] ] } },
{ "type": "Feature", "properties": { "osm_id": 475035462, "hw": "secondary", "nm": "", "lanes": 1, "oneway": "yes", "sw": 3.5, "swl": 3.0, "swr": 3.0, "nright": 1, "cline": "none", "key": "3.5|3.0|3.0|1|none", "bridge": 0, "net": "surface", "len_m": 65.9 }, "geometry": { "type": "LineString", "coordinates": [ [ 55.2597791, 25.1906196 ], [ 55.2597681, 25.1906759 ], [ 55.259763, 25.190733 ], [ 55.2597639, 25.1907796 ], [ 55.2597728, 25.1908254 ], [ 55.2597927, 25.1908687 ], [ 55.2598196, 25.1909077 ], [ 55.2599492, 25.1910578 ], [ 55.259972, 25.1910855 ], [ 55.2599925, 25.1911147 ], [ 55.2600107, 25.1911451 ] ] } },
{ "type": "Feature", "properties": { "osm_id": 475035464, "hw": "motorway_link", "nm": "", "lanes": 2, "oneway": "yes", "sw": 7.0, "swl": 0.0, "swr": 0.0, "nright": 2, "cline": "none", "key": "7.0|0.0|0.0|2|none", "bridge": 0, "net": "freeway", "len_m": 179.6 }, "geometry": { "type": "LineString", "coordinates": [ [ 55.2575706, 25.1886922 ], [ 55.2576244, 25.1886977 ], [ 55.2576764, 25.1887111 ], [ 55.2577254, 25.1887318 ], [ 55.25777, 25.1887595 ], [ 55.2578091, 25.1887933 ], [ 55.2587083, 25.1897626 ], [ 55.2587845, 25.1898438 ] ] } },
{ "type": "Feature", "properties": { "osm_id": 475035467, "hw": "tertiary", "nm": "", "lanes": 1, "oneway": "yes", "sw": 3.5, "swl": 2.5, "swr": 2.5, "nright": 1, "cline": "none", "key": "3.5|2.5|2.5|1|none", "bridge": 0, "net": "surface", "len_m": 37.1 }, "geometry": { "type": "LineString", "coordinates": [ [ 55.2600971, 25.1906021 ], [ 55.2599785, 25.1905451 ], [ 55.2599403, 25.1905384 ], [ 55.2599013, 25.1905398 ], [ 55.2598638, 25.1905494 ], [ 55.2598298, 25.1905666 ], [ 55.259801, 25.1905904 ], [ 55.2597791, 25.1906196 ] ] } },
{ "type": "Feature", "properties": { "osm_id": 475035469, "hw": "tertiary", "nm": "", "lanes": 2, "oneway": "no", "sw": 7.0, "swl": 2.5, "swr": 2.5, "nright": 1, "cline": "white", "key": "7.0|2.5|2.5|1|white", "bridge": 0, "net": "surface", "len_m": 157.1 }, "geometry": { "type": "LineString", "coordinates": [ [ 55.2601877, 25.1906999 ], [ 55.2610301, 25.1916003 ], [ 55.2611041, 25.19166 ], [ 55.2611612, 25.1917028 ], [ 55.2612314, 25.1917488 ] ] } },
{ "type": "Feature", "properties": { "osm_id": 475035471, "hw": "tertiary", "nm": "", "lanes": 1, "oneway": "yes", "sw": 3.5, "swl": 2.5, "swr": 2.5, "nright": 1, "cline": "none", "key": "3.5|2.5|2.5|1|none", "bridge": 0, "net": "surface", "len_m": 21.0 }, "geometry": { "type": "LineString", "coordinates": [ [ 55.2612314, 25.1917488 ], [ 55.2612818, 25.1917605 ], [ 55.2613334, 25.1917663 ], [ 55.2613854, 25.191766 ], [ 55.2614376, 25.1917601 ] ] } },
{ "type": "Feature", "properties": { "osm_id": 475035474, "hw": "tertiary", "nm": "", "lanes": 1, "oneway": "yes", "sw": 3.5, "swl": 2.5, "swr": 2.5, "nright": 1, "cline": "none", "key": "3.5|2.5|2.5|1|none", "bridge": 0, "net": "surface", "len_m": 27.3 }, "geometry": { "type": "LineString", "coordinates": [ [ 55.2614499, 25.1918944 ], [ 55.2612314, 25.1917488 ] ] } },
{ "type": "Feature", "properties": { "osm_id": 475035477, "hw": "tertiary", "nm": "", "lanes": 2, "oneway": "yes", "sw": 7.0, "swl": 2.5, "swr": 2.5, "nright": 2, "cline": "none", "key": "7.0|2.5|2.5|2|none", "bridge": 0, "net": "surface", "len_m": 114.5 }, "geometry": { "type": "LineString", "coordinates": [ [ 55.2625836, 25.1934295 ], [ 55.2625229, 25.193377 ], [ 55.2624646, 25.1933223 ], [ 55.2624086, 25.1932657 ], [ 55.2621265, 25.1929718 ], [ 55.2620526, 25.1928926 ], [ 55.2619846, 25.1928091 ], [ 55.261923, 25.1927216 ], [ 55.2618689, 25.1926305 ] ] } },
{ "type": "Feature", "properties": { "osm_id": 475035478, "hw": "tertiary", "nm": "", "lanes": 2, "oneway": "no", "sw": 7.0, "swl": 2.5, "swr": 2.5, "nright": 1, "cline": "white", "key": "7.0|2.5|2.5|1|white", "bridge": 0, "net": "surface", "len_m": 364.5 }, "geometry": { "type": "LineString", "coordinates": [ [ 55.2625836, 25.1934295 ], [ 55.2627043, 25.1935588 ], [ 55.2627833, 25.1936327 ], [ 55.2628673, 25.1937019 ], [ 55.2629559, 25.1937663 ], [ 55.2630489, 25.1938254 ], [ 55.2631457, 25.1938791 ], [ 55.263224, 25.1939187 ], [ 55.2641043, 25.1943259 ], [ 55.2648596, 25.1946768 ], [ 55.2649588, 25.1947265 ], [ 55.2650545, 25.1947793 ], [ 55.2651465, 25.1948374 ], [ 55.2652342, 25.1949005 ], [ 55.2653264, 25.1949763 ], [ 55.2655569, 25.1952147 ], [ 55.2655671, 25.1952253 ] ] } },
{ "type": "Feature", "properties": { "osm_id": 478505091, "hw": "residential", "nm": "", "lanes": 2, "oneway": "no", "sw": 7.0, "swl": 2.0, "swr": 2.0, "nright": 1, "cline": "white", "key": "7.0|2.0|2.0|1|white", "bridge": 0, "net": "surface", "len_m": 615.5 }, "geometry": { "type": "LineString", "coordinates": [ [ 55.2840357, 25.1755638 ], [ 55.2842223, 25.1754808 ], [ 55.2842648, 25.1754547 ], [ 55.2843045, 25.1754254 ], [ 55.2843642, 25.1753724 ], [ 55.2844178, 25.1753142 ], [ 55.2844647, 25.1752515 ], [ 55.2845044, 25.1751849 ], [ 55.2845366, 25.175115 ], [ 55.2845609, 25.1750426 ], [ 55.2845772, 25.1749683 ], [ 55.2845851, 25.1748929 ], [ 55.2845847, 25.1748172 ], [ 55.284576, 25.1747419 ], [ 55.284559, 25.1746678 ], [ 55.2845339, 25.1745955 ], [ 55.284501, 25.1745259 ], [ 55.2844202, 25.1743871 ], [ 55.2842193, 25.1740422 ], [ 55.2835032, 25.1728129 ], [ 55.2834441, 25.1727106 ], [ 55.2833894, 25.1726062 ], [ 55.2833392, 25.1725 ], [ 55.2832936, 25.1723922 ], [ 55.2832527, 25.1722828 ], [ 55.2832165, 25.1721721 ], [ 55.283185, 25.1720602 ], [ 55.2830812, 25.1716809 ], [ 55.2830551, 25.1715989 ], [ 55.2830233, 25.1715185 ], [ 55.2829861, 25.17144 ], [ 55.2829436, 25.1713638 ], [ 55.2828958, 25.1712901 ], [ 55.2828431, 25.1712193 ], [ 55.2827783, 25.1711546 ], [ 55.2826553, 25.1710365 ], [ 55.2825913, 25.1709745 ], [ 55.2825303, 25.170915 ], [ 55.2824808, 25.1708587 ], [ 55.2824344, 25.1707927 ], [ 55.282398228984015, 25.170730833237513 ] ] } },
{ "type": "Feature", "properties": { "osm_id": 478505125, "hw": "residential", "nm": "Mohammed Bin Rashid Al Maktoum City District One", "lanes": 2, "oneway": "no", "sw": 7.0, "swl": 2.0, "swr": 2.0, "nright": 1, "cline": "white", "key": "7.0|2.0|2.0|1|white", "bridge": 0, "net": "surface", "len_m": 187.2 }, "geometry": { "type": "LineString", "coordinates": [ [ 55.272037313515796, 25.170730833237513 ], [ 55.2720643, 25.1707616 ], [ 55.272204, 25.1709381 ], [ 55.2722484, 25.1709978 ], [ 55.2723341, 25.1711206 ], [ 55.2728977, 25.1719727 ], [ 55.2730197, 25.1721638 ] ] } },
{ "type": "Feature", "properties": { "osm_id": 479149126, "hw": "tertiary", "nm": "Umm Amara Street", "lanes": 3, "oneway": "yes", "sw": 10.5, "swl": 2.5, "swr": 2.5, "nright": 3, "cline": "none", "key": "10.5|2.5|2.5|3|none", "bridge": 0, "net": "surface", "len_m": 75.1 }, "geometry": { "type": "LineString", "coordinates": [ [ 55.2542501, 25.194462 ], [ 55.2536125, 25.1948132 ] ] } },
{ "type": "Feature", "properties": { "osm_id": 479149127, "hw": "tertiary", "nm": "Umm Amara Street", "lanes": 2, "oneway": "yes", "sw": 7.0, "swl": 2.5, "swr": 2.5, "nright": 2, "cline": "none", "key": "7.0|2.5|2.5|2|none", "bridge": 0, "net": "surface", "len_m": 331.3 }, "geometry": { "type": "LineString", "coordinates": [ [ 55.2536125, 25.1948132 ], [ 55.2531544, 25.1950978 ], [ 55.2523355, 25.1955774 ], [ 55.2519038, 25.1958256 ], [ 55.2515306, 25.1960487 ], [ 55.2511849, 25.1962554 ], [ 55.250852452827068, 25.196436766762485 ] ] } },
{ "type": "Feature", "properties": { "osm_id": 479511853, "hw": "tertiary_link", "nm": "", "lanes": 1, "oneway": "yes", "sw": 3.5, "swl": 1.0, "swr": 1.0, "nright": 1, "cline": "none", "key": "3.5|1.0|1.0|1|none", "bridge": 0, "net": "surface", "len_m": 65.9 }, "geometry": { "type": "LineString", "coordinates": [ [ 55.2590577, 25.1913851 ], [ 55.2589425, 25.191355 ], [ 55.2588534, 25.1913418 ], [ 55.2587801, 25.1913417 ], [ 55.2587075, 25.191351 ], [ 55.2586372, 25.1913697 ], [ 55.2585934, 25.1913866 ], [ 55.2585515, 25.1914072 ], [ 55.258445, 25.1914722 ] ] } },
{ "type": "Feature", "properties": { "osm_id": 483531496, "hw": "motorway_link", "nm": "", "lanes": 3, "oneway": "yes", "sw": 10.5, "swl": 0.0, "swr": 0.0, "nright": 3, "cline": "none", "key": "10.5|0.0|0.0|3|none", "bridge": 0, "net": "freeway", "len_m": 19.8 }, "geometry": { "type": "LineString", "coordinates": [ [ 55.2715734, 25.1724638 ], [ 55.2717067, 25.1725953 ] ] } },
{ "type": "Feature", "properties": { "osm_id": 483531498, "hw": "motorway_link", "nm": "", "lanes": 2, "oneway": "yes", "sw": 7.0, "swl": 0.0, "swr": 0.0, "nright": 2, "cline": "none", "key": "7.0|0.0|0.0|2|none", "bridge": 0, "net": "freeway", "len_m": 253.1 }, "geometry": { "type": "LineString", "coordinates": [ [ 55.269937282275947, 25.170730833237513 ], [ 55.2704425, 25.1712775 ], [ 55.2707041, 25.1715636 ], [ 55.2709696, 25.1718467 ], [ 55.2712029, 25.17209 ], [ 55.271439, 25.172331 ], [ 55.2715734, 25.1724638 ] ] } },
{ "type": "Feature", "properties": { "osm_id": 483531506, "hw": "primary", "nm": "Al Meydan Street", "lanes": 3, "oneway": "yes", "sw": 10.5, "swl": 3.0, "swr": 3.0, "nright": 3, "cline": "none", "key": "10.5|3.0|3.0|3|none", "bridge": 0, "net": "surface", "len_m": 109.6 }, "geometry": { "type": "LineString", "coordinates": [ [ 55.2581375, 25.1742204 ], [ 55.259003, 25.1736223 ] ] } },
{ "type": "Feature", "properties": { "osm_id": 483531507, "hw": "secondary", "nm": "", "lanes": 3, "oneway": "yes", "sw": 10.5, "swl": 3.0, "swr": 3.0, "nright": 3, "cline": "none", "key": "10.5|3.0|3.0|3|none", "bridge": 0, "net": "surface", "len_m": 165.2 }, "geometry": { "type": "LineString", "coordinates": [ [ 55.2507781, 25.179289 ], [ 55.2520621, 25.1783626 ] ] } },
{ "type": "Feature", "properties": { "osm_id": 483531508, "hw": "secondary", "nm": "", "lanes": 2, "oneway": "yes", "sw": 7.0, "swl": 3.0, "swr": 3.0, "nright": 2, "cline": "none", "key": "7.0|3.0|3.0|2|none", "bridge": 0, "net": "surface", "len_m": 92.3 }, "geometry": { "type": "LineString", "coordinates": [ [ 55.2520621, 25.1783626 ], [ 55.2527833, 25.1778493 ] ] } },
{ "type": "Feature", "properties": { "osm_id": 483531512, "hw": "primary", "nm": "Al Meydan Street", "lanes": 4, "oneway": "yes", "sw": 14.0, "swl": 3.0, "swr": 3.0, "nright": 4, "cline": "none", "key": "14.0|3.0|3.0|4|none", "bridge": 0, "net": "surface", "len_m": 195.8 }, "geometry": { "type": "LineString", "coordinates": [ [ 55.2562631, 25.1756166 ], [ 55.2554771, 25.176187 ], [ 55.2547276, 25.1766983 ] ] } },
{ "type": "Feature", "properties": { "osm_id": 483531518, "hw": "secondary", "nm": "", "lanes": 2, "oneway": "yes", "sw": 7.0, "swl": 3.0, "swr": 3.0, "nright": 2, "cline": "none", "key": "7.0|3.0|3.0|2|none", "bridge": 0, "net": "surface", "len_m": 125.5 }, "geometry": { "type": "LineString", "coordinates": [ [ 55.2521178, 25.1786909 ], [ 55.2511379, 25.1793904 ] ] } },
{ "type": "Feature", "properties": { "osm_id": 483531519, "hw": "secondary", "nm": "", "lanes": 2, "oneway": "yes", "sw": 7.0, "swl": 3.0, "swr": 3.0, "nright": 2, "cline": "none", "key": "7.0|3.0|3.0|2|none", "bridge": 0, "net": "surface", "len_m": 79.0 }, "geometry": { "type": "LineString", "coordinates": [ [ 55.2527433, 25.178261 ], [ 55.2523731, 25.1785191 ], [ 55.2521178, 25.1786909 ] ] } },
{ "type": "Feature", "properties": { "osm_id": 483531525, "hw": "secondary", "nm": "First Al Khail Street", "lanes": 3, "oneway": "yes", "sw": 10.5, "swl": 3.0, "swr": 3.0, "nright": 3, "cline": "none", "key": "10.5|3.0|3.0|3|none", "bridge": 0, "net": "surface", "len_m": 361.5 }, "geometry": { "type": "LineString", "coordinates": [ [ 55.2550664, 25.1732342 ], [ 55.253276, 25.1712772 ], [ 55.2530396, 25.1710233 ], [ 55.2529983, 25.1709802 ], [ 55.252765385265349, 25.170730833237513 ] ] } },
{ "type": "Feature", "properties": { "osm_id": 483531526, "hw": "secondary", "nm": "First Al Khail Street", "lanes": 2, "oneway": "yes", "sw": 7.0, "swl": 3.0, "swr": 3.0, "nright": 2, "cline": "none", "key": "7.0|3.0|3.0|2|none", "bridge": 0, "net": "surface", "len_m": 103.6 }, "geometry": { "type": "LineString", "coordinates": [ [ 55.2560809, 25.1743724 ], [ 55.2559599, 25.1742354 ], [ 55.2557588, 25.1740169 ], [ 55.2554694, 25.1736954 ], [ 55.2554287, 25.1736496 ] ] } },
{ "type": "Feature", "properties": { "osm_id": 483531527, "hw": "secondary_link", "nm": "", "lanes": 2, "oneway": "yes", "sw": 7.0, "swl": 1.0, "swr": 1.0, "nright": 2, "cline": "none", "key": "7.0|1.0|1.0|2|none", "bridge": 0, "net": "surface", "len_m": 30.1 }, "geometry": { "type": "LineString", "coordinates": [ [ 55.2566876, 25.1750346 ], [ 55.2567677, 25.1749823 ], [ 55.2568205, 25.1749444 ], [ 55.2569243, 25.1748695 ] ] } },
{ "type": "Feature", "properties": { "osm_id": 483531528, "hw": "primary", "nm": "Al Meydan Street", "lanes": 6, "oneway": "yes", "sw": 21.0, "swl": 3.0, "swr": 3.0, "nright": 6, "cline": "none", "key": "21.0|3.0|3.0|6|none", "bridge": 0, "net": "surface", "len_m": 110.7 }, "geometry": { "type": "LineString", "coordinates": [ [ 55.2553066, 25.1761489 ], [ 55.2561687, 25.1755294 ] ] } },
{ "type": "Feature", "properties": { "osm_id": 483531529, "hw": "primary", "nm": "Al Meydan Street", "lanes": 3, "oneway": "yes", "sw": 10.5, "swl": 3.0, "swr": 3.0, "nright": 3, "cline": "none", "key": "10.5|3.0|3.0|3|none", "bridge": 0, "net": "surface", "len_m": 151.3 }, "geometry": { "type": "LineString", "coordinates": [ [ 55.2541354, 25.1770038 ], [ 55.2553066, 25.1761489 ] ] } },
{ "type": "Feature", "properties": { "osm_id": 483531530, "hw": "secondary_link", "nm": "", "lanes": 3, "oneway": "yes", "sw": 10.5, "swl": 1.0, "swr": 1.0, "nright": 3, "cline": "none", "key": "10.5|1.0|1.0|3|none", "bridge": 0, "net": "surface", "len_m": 64.0 }, "geometry": { "type": "LineString", "coordinates": [ [ 55.2561827, 25.1753842 ], [ 55.2565661, 25.1751224 ], [ 55.2566434, 25.1750697 ], [ 55.2566876, 25.1750346 ] ] } },
{ "type": "Feature", "properties": { "osm_id": 483531531, "hw": "primary", "nm": "Al Meydan Street", "lanes": 2, "oneway": "yes", "sw": 7.0, "swl": 3.0, "swr": 3.0, "nright": 2, "cline": "none", "key": "7.0|3.0|3.0|2|none", "bridge": 0, "net": "surface", "len_m": 554.1 }, "geometry": { "type": "LineString", "coordinates": [ [ 55.263868462258188, 25.170730833237513 ], [ 55.2637721, 25.1707769 ], [ 55.2634622, 25.1709204 ], [ 55.2632067, 25.1710503 ], [ 55.2629532, 25.1711833 ], [ 55.2627018, 25.1713195 ], [ 55.2622857, 25.1715656 ], [ 55.2617381, 25.1718936 ], [ 55.2614276, 25.1720931 ], [ 55.2610884, 25.1723141 ], [ 55.2609212, 25.1724302 ], [ 55.2602227, 25.172922 ], [ 55.2593481, 25.1735586 ] ] } },
{ "type": "Feature", "properties": { "osm_id": 483531532, "hw": "primary", "nm": "Al Meydan Street", "lanes": 3, "oneway": "yes", "sw": 10.5, "swl": 3.0, "swr": 3.0, "nright": 3, "cline": "none", "key": "10.5|3.0|3.0|3|none", "bridge": 0, "net": "surface", "len_m": 62.8 }, "geometry": { "type": "LineString", "coordinates": [ [ 55.257635, 25.1745552 ], [ 55.257909, 25.1743735 ], [ 55.2581375, 25.1742204 ] ] } },
{ "type": "Feature", "properties": { "osm_id": 483531533, "hw": "primary", "nm": "Al Meydan Street", "lanes": 2, "oneway": "yes", "sw": 7.0, "swl": 3.0, "swr": 3.0, "nright": 2, "cline": "none", "key": "7.0|3.0|3.0|2|none", "bridge": 0, "net": "surface", "len_m": 410.1 }, "geometry": { "type": "LineString", "coordinates": [ [ 55.2509338, 25.1792872 ], [ 55.2520882, 25.1784761 ], [ 55.2526655, 25.1780761 ], [ 55.2532506, 25.1776688 ], [ 55.2541354, 25.1770038 ] ] } },
{ "type": "Feature", "properties": { "osm_id": 483531534, "hw": "secondary", "nm": "First Al Khail Street", "lanes": 5, "oneway": "yes", "sw": 17.5, "swl": 3.0, "swr": 3.0, "nright": 5, "cline": "none", "key": "17.5|3.0|3.0|5|none", "bridge": 0, "net": "surface", "len_m": 54.6 }, "geometry": { "type": "LineString", "coordinates": [ [ 55.2569243, 25.1748695 ], [ 55.2570542, 25.1750073 ], [ 55.2570939, 25.1750494 ], [ 55.2571189, 25.1750759 ], [ 55.2571933, 25.1751548 ], [ 55.2572773, 25.1752439 ] ] } },
{ "type": "Feature", "properties": { "osm_id": 483531537, "hw": "secondary", "nm": "First Al Khail Street", "lanes": 3, "oneway": "yes", "sw": 10.5, "swl": 3.0, "swr": 3.0, "nright": 3, "cline": "none", "key": "10.5|3.0|3.0|3|none", "bridge": 0, "net": "surface", "len_m": 576.5 }, "geometry": { "type": "LineString", "coordinates": [ [ 55.25293819258988, 25.170730833237513 ], [ 55.2530765, 25.1708813 ], [ 55.2531019, 25.1709089 ], [ 55.2540768, 25.1719639 ], [ 55.2552969, 25.1732898 ], [ 55.2555132, 25.1735072 ], [ 55.2557608, 25.1737432 ], [ 55.2558078, 25.1737878 ], [ 55.2561364, 25.1740844 ], [ 55.2563306, 25.1742627 ], [ 55.2567086, 25.1746406 ] ] } },
{ "type": "Feature", "properties": { "osm_id": 483531538, "hw": "secondary", "nm": "First Al Khail Street", "lanes": 5, "oneway": "yes", "sw": 17.5, "swl": 3.0, "swr": 3.0, "nright": 5, "cline": "none", "key": "17.5|3.0|3.0|5|none", "bridge": 0, "net": "surface", "len_m": 33.4 }, "geometry": { "type": "LineString", "coordinates": [ [ 55.2567086, 25.1746406 ], [ 55.2568452, 25.1747855 ], [ 55.2568833, 25.1748259 ], [ 55.2569243, 25.1748695 ] ] } },
{ "type": "Feature", "properties": { "osm_id": 483531542, "hw": "primary", "nm": "Al Meydan Street", "lanes": 6, "oneway": "yes", "sw": 21.0, "swl": 3.0, "swr": 3.0, "nright": 6, "cline": "none", "key": "21.0|3.0|3.0|6|none", "bridge": 0, "net": "surface", "len_m": 206.9 }, "geometry": { "type": "LineString", "coordinates": [ [ 55.2593481, 25.1735586 ], [ 55.2586046, 25.1740673 ], [ 55.2577001, 25.1746715 ] ] } },
{ "type": "Feature", "properties": { "osm_id": 483531543, "hw": "primary", "nm": "Al Meydan Street", "lanes": 6, "oneway": "yes", "sw": 21.0, "swl": 3.0, "swr": 3.0, "nright": 6, "cline": "none", "key": "21.0|3.0|3.0|6|none", "bridge": 1, "net": "surface", "len_m": 178.7 }, "geometry": { "type": "LineString", "coordinates": [ [ 55.2577001, 25.1746715 ], [ 55.2562631, 25.1756166 ] ] } },
{ "type": "Feature", "properties": { "osm_id": 483531544, "hw": "primary", "nm": "Al Meydan Street", "lanes": 2, "oneway": "yes", "sw": 7.0, "swl": 3.0, "swr": 3.0, "nright": 2, "cline": "none", "key": "7.0|3.0|3.0|2|none", "bridge": 0, "net": "surface", "len_m": 477.2 }, "geometry": { "type": "LineString", "coordinates": [ [ 55.2547276, 25.1766983 ], [ 55.2541951, 25.1770727 ], [ 55.2540229, 25.1772012 ], [ 55.2538118, 25.1773557 ], [ 55.2533032, 25.1777466 ], [ 55.2529185, 25.1780236 ], [ 55.2521832, 25.1785289 ], [ 55.2510052, 25.1793582 ] ] } },
{ "type": "Feature", "properties": { "osm_id": 483535401, "hw": "residential", "nm": "Marasi Drive", "lanes": 2, "oneway": "no", "sw": 7.0, "swl": 2.0, "swr": 2.0, "nright": 1, "cline": "white", "key": "7.0|2.0|2.0|1|white", "bridge": 0, "net": "surface", "len_m": 105.1 }, "geometry": { "type": "LineString", "coordinates": [ [ 55.264543, 25.1806814 ], [ 55.2641844, 25.1807358 ], [ 55.2638574, 25.1807854 ], [ 55.2635143, 25.1808364 ] ] } },
{ "type": "Feature", "properties": { "osm_id": 483535402, "hw": "residential", "nm": "Marasi Drive", "lanes": 1, "oneway": "yes", "sw": 3.5, "swl": 2.0, "swr": 2.0, "nright": 1, "cline": "none", "key": "3.5|2.0|2.0|1|none", "bridge": 0, "net": "surface", "len_m": 62.3 }, "geometry": { "type": "LineString", "coordinates": [ [ 55.264543, 25.1806814 ], [ 55.2646423, 25.1806349 ], [ 55.2646991, 25.1805991 ], [ 55.2647441, 25.1805514 ], [ 55.2647742, 25.1804949 ], [ 55.2647876, 25.1804334 ], [ 55.2647833, 25.1803708 ], [ 55.2647617, 25.1803112 ], [ 55.2647193, 25.1802366 ] ] } },
{ "type": "Feature", "properties": { "osm_id": 483535404, "hw": "residential", "nm": "Marasi Drive", "lanes": 1, "oneway": "yes", "sw": 3.5, "swl": 2.0, "swr": 2.0, "nright": 1, "cline": "none", "key": "3.5|2.0|2.0|1|none", "bridge": 0, "net": "surface", "len_m": 122.4 }, "geometry": { "type": "LineString", "coordinates": [ [ 55.2657254, 25.1804423 ], [ 55.2656552, 25.1804705 ], [ 55.2655833, 25.1804951 ], [ 55.26551, 25.180516 ], [ 55.2654335, 25.1805319 ], [ 55.2652164, 25.1805695 ], [ 55.2651099, 25.1805872 ], [ 55.2650892, 25.1805907 ], [ 55.264543, 25.1806814 ] ] } },
{ "type": "Feature", "properties": { "osm_id": 483730592, "hw": "tertiary", "nm": "", "lanes": 5, "oneway": "yes", "sw": 17.5, "swl": 2.5, "swr": 2.5, "nright": 5, "cline": "none", "key": "17.5|2.5|2.5|5|none", "bridge": 0, "net": "surface", "len_m": 18.1 }, "geometry": { "type": "LineString", "coordinates": [ [ 55.274429, 25.1793093 ], [ 55.274297, 25.17942 ] ] } },
{ "type": "Feature", "properties": { "osm_id": 483730596, "hw": "tertiary", "nm": "", "lanes": 4, "oneway": "yes", "sw": 14.0, "swl": 2.5, "swr": 2.5, "nright": 4, "cline": "none", "key": "14.0|2.5|2.5|4|none", "bridge": 0, "net": "surface", "len_m": 56.8 }, "geometry": { "type": "LineString", "coordinates": [ [ 55.273806, 25.1794862 ], [ 55.2742472, 25.1791675 ] ] } },
{ "type": "Feature", "properties": { "osm_id": 483730601, "hw": "tertiary", "nm": "Al A'amal Street", "lanes": 5, "oneway": "yes", "sw": 17.5, "swl": 2.5, "swr": 2.5, "nright": 5, "cline": "none", "key": "17.5|2.5|2.5|5|none", "bridge": 0, "net": "surface", "len_m": 83.1 }, "geometry": { "type": "LineString", "coordinates": [ [ 55.2722364, 25.1790028 ], [ 55.2723985, 25.1791883 ], [ 55.272539, 25.1793492 ], [ 55.2727601, 25.179582 ] ] } },
{ "type": "Feature", "properties": { "osm_id": 483730609, "hw": "tertiary", "nm": "Al Khaleej Al Tejari 2 Street", "lanes": 6, "oneway": "yes", "sw": 21.0, "swl": 2.5, "swr": 2.5, "nright": 6, "cline": "none", "key": "21.0|2.5|2.5|6|none", "bridge": 0, "net": "surface", "len_m": 18.5 }, "geometry": { "type": "LineString", "coordinates": [ [ 55.2719296, 25.180947 ], [ 55.2720654, 25.1808343 ] ] } },
{ "type": "Feature", "properties": { "osm_id": 483730615, "hw": "tertiary_link", "nm": "", "lanes": 1, "oneway": "yes", "sw": 3.5, "swl": 1.0, "swr": 1.0, "nright": 1, "cline": "none", "key": "3.5|1.0|1.0|1|none", "bridge": 0, "net": "surface", "len_m": 104.3 }, "geometry": { "type": "LineString", "coordinates": [ [ 55.2710013, 25.1811268 ], [ 55.2711634, 25.1811982 ], [ 55.2712344, 25.1812174 ], [ 55.271308, 25.1812256 ], [ 55.2713817, 25.1812229 ], [ 55.2714523, 25.1812094 ], [ 55.2715193, 25.1811861 ], [ 55.2715813, 25.1811533 ], [ 55.2716399, 25.1811135 ], [ 55.2717058, 25.1810651 ], [ 55.2717779, 25.1810218 ], [ 55.2718525, 25.1809824 ], [ 55.2719296, 25.180947 ] ] } },
{ "type": "Feature", "properties": { "osm_id": 483730617, "hw": "tertiary", "nm": "Al Khaleej Al Tejari 2 Street", "lanes": 4, "oneway": "yes", "sw": 14.0, "swl": 2.5, "swr": 2.5, "nright": 4, "cline": "none", "key": "14.0|2.5|2.5|4|none", "bridge": 0, "net": "surface", "len_m": 31.1 }, "geometry": { "type": "LineString", "coordinates": [ [ 55.2722571, 25.1809668 ], [ 55.2720176, 25.1811441 ] ] } },
{ "type": "Feature", "properties": { "osm_id": 483730619, "hw": "tertiary", "nm": "Al Khaleej Al Tejari 2 Street", "lanes": 3, "oneway": "yes", "sw": 10.5, "swl": 2.5, "swr": 2.5, "nright": 3, "cline": "none", "key": "10.5|2.5|2.5|3|none", "bridge": 0, "net": "surface", "len_m": 67.9 }, "geometry": { "type": "LineString", "coordinates": [ [ 55.2720176, 25.1811441 ], [ 55.271615, 25.1814422 ], [ 55.2715634, 25.1814804 ], [ 55.2714912, 25.1815256 ] ] } },
{ "type": "Feature", "properties": { "osm_id": 483730621, "hw": "tertiary_link", "nm": "", "lanes": 2, "oneway": "yes", "sw": 7.0, "swl": 1.0, "swr": 1.0, "nright": 2, "cline": "none", "key": "7.0|1.0|1.0|2|none", "bridge": 0, "net": "surface", "len_m": 98.3 }, "geometry": { "type": "LineString", "coordinates": [ [ 55.2720176, 25.1811441 ], [ 55.2718095, 25.181368 ], [ 55.2717765, 25.1814112 ], [ 55.2717516, 25.1814587 ], [ 55.2717354, 25.1815092 ], [ 55.2717282, 25.1815614 ], [ 55.2717298, 25.1816088 ], [ 55.2717388, 25.1816556 ], [ 55.2717552, 25.1817007 ], [ 55.2717786, 25.1817432 ], [ 55.2718739, 25.1819167 ] ] } },
{ "type": "Feature", "properties": { "osm_id": 483730624, "hw": "tertiary", "nm": "Al A'amal Street", "lanes": 4, "oneway": "yes", "sw": 14.0, "swl": 2.5, "swr": 2.5, "nright": 4, "cline": "none", "key": "14.0|2.5|2.5|4|none", "bridge": 0, "net": "surface", "len_m": 52.4 }, "geometry": { "type": "LineString", "coordinates": [ [ 55.2742786, 25.1810685 ], [ 55.2746509, 25.1813992 ] ] } },
{ "type": "Feature", "properties": { "osm_id": 483730632, "hw": "tertiary_link", "nm": "", "lanes": 1, "oneway": "yes", "sw": 3.5, "swl": 1.0, "swr": 1.0, "nright": 1, "cline": "none", "key": "3.5|1.0|1.0|1|none", "bridge": 0, "net": "surface", "len_m": 98.6 }, "geometry": { "type": "LineString", "coordinates": [ [ 55.2746509, 25.1813992 ], [ 55.2749679, 25.181609 ], [ 55.2750197, 25.1816415 ], [ 55.2750761, 25.1816669 ], [ 55.2751359, 25.1816848 ], [ 55.2751985, 25.1816948 ], [ 55.275262, 25.1816966 ], [ 55.2753251, 25.1816901 ], [ 55.2755302, 25.1816631 ] ] } },
{ "type": "Feature", "properties": { "osm_id": 483730642, "hw": "tertiary", "nm": "Al A'amal Street", "lanes": 4, "oneway": "yes", "sw": 14.0, "swl": 2.5, "swr": 2.5, "nright": 4, "cline": "none", "key": "14.0|2.5|2.5|4|none", "bridge": 0, "net": "surface", "len_m": 38.8 }, "geometry": { "type": "LineString", "coordinates": [ [ 55.2739965, 25.1813024 ], [ 55.2737234, 25.1810553 ] ] } },
{ "type": "Feature", "properties": { "osm_id": 483730644, "hw": "tertiary", "nm": "Al A'amal Street", "lanes": 4, "oneway": "yes", "sw": 14.0, "swl": 2.5, "swr": 2.5, "nright": 4, "cline": "none", "key": "14.0|2.5|2.5|4|none", "bridge": 0, "net": "surface", "len_m": 45.8 }, "geometry": { "type": "LineString", "coordinates": [ [ 55.2743191, 25.1815942 ], [ 55.2742668, 25.1815469 ], [ 55.2739965, 25.1813024 ] ] } },
{ "type": "Feature", "properties": { "osm_id": 483740519, "hw": "tertiary", "nm": "Marasi Drive", "lanes": 4, "oneway": "yes", "sw": 14.0, "swl": 2.5, "swr": 2.5, "nright": 4, "cline": "none", "key": "14.0|2.5|2.5|4|none", "bridge": 0, "net": "surface", "len_m": 97.6 }, "geometry": { "type": "LineString", "coordinates": [ [ 55.2719068, 25.1821787 ], [ 55.2718028, 25.1820737 ], [ 55.2716996, 25.1819668 ], [ 55.271595, 25.181861 ], [ 55.2715288, 25.1817911 ], [ 55.2714818, 25.1817416 ], [ 55.2712455, 25.1815367 ] ] } },
{ "type": "Feature", "properties": { "osm_id": 483740520, "hw": "tertiary", "nm": "Marasi Drive", "lanes": 3, "oneway": "yes", "sw": 10.5, "swl": 2.5, "swr": 2.5, "nright": 3, "cline": "none", "key": "10.5|2.5|2.5|3|none", "bridge": 0, "net": "surface", "len_m": 90.5 }, "geometry": { "type": "LineString", "coordinates": [ [ 55.2750906, 25.1819943 ], [ 55.2748931, 25.1820863 ], [ 55.2747447, 25.182164 ], [ 55.2742959, 25.1823743 ] ] } },
{ "type": "Feature", "properties": { "osm_id": 483740524, "hw": "tertiary", "nm": "Marasi Drive", "lanes": 4, "oneway": "yes", "sw": 14.0, "swl": 2.5, "swr": 2.5, "nright": 4, "cline": "none", "key": "14.0|2.5|2.5|4|none", "bridge": 0, "net": "surface", "len_m": 206.0 }, "geometry": { "type": "LineString", "coordinates": [ [ 55.2774228, 25.1813785 ], [ 55.2771722, 25.1814124 ], [ 55.276921, 25.1814523 ], [ 55.2766714, 25.1815001 ], [ 55.2764238, 25.1815555 ], [ 55.2761786, 25.1816183 ], [ 55.2759357, 25.1816893 ], [ 55.2756957, 25.1817675 ], [ 55.2754524, 25.1818518 ] ] } },
{ "type": "Feature", "properties": { "osm_id": 483740525, "hw": "tertiary", "nm": "Marasi Drive", "lanes": 3, "oneway": "yes", "sw": 10.5, "swl": 2.5, "swr": 2.5, "nright": 3, "cline": "none", "key": "10.5|2.5|2.5|3|none", "bridge": 0, "net": "surface", "len_m": 786.5 }, "geometry": { "type": "LineString", "coordinates": [ [ 55.2846513, 25.1835344 ], [ 55.2845211, 25.1834378 ], [ 55.2842008, 25.1832126 ], [ 55.2839804, 25.1830692 ], [ 55.2839606, 25.183057 ], [ 55.2835878, 25.1828263 ], [ 55.2835622, 25.1828124 ], [ 55.2831104, 25.1825658 ], [ 55.2829689, 25.1824951 ], [ 55.282924, 25.1824748 ], [ 55.2824022, 25.1822378 ], [ 55.2823678, 25.1822227 ], [ 55.2823234, 25.182204 ], [ 55.2819663, 25.1820612 ], [ 55.2815813, 25.1819203 ], [ 55.2813954, 25.1818621 ], [ 55.2811889, 25.1818025 ], [ 55.2809818, 25.1817448 ], [ 55.2807741, 25.1816889 ], [ 55.2805658, 25.1816312 ], [ 55.2803099, 25.1815683 ], [ 55.2800516, 25.1815101 ], [ 55.2798267, 25.1814705 ], [ 55.2795291, 25.1814182 ], [ 55.2792655, 25.1813846 ], [ 55.2790007, 25.1813594 ], [ 55.2787352, 25.1813426 ], [ 55.2784691, 25.1813341 ], [ 55.2782029, 25.1813341 ], [ 55.2778622, 25.181343 ], [ 55.27768, 25.1813523 ], [ 55.2775521, 25.1813642 ], [ 55.2774228, 25.1813785 ] ] } },
{ "type": "Feature", "properties": { "osm_id": 483740527, "hw": "tertiary", "nm": "", "lanes": 3, "oneway": "yes", "sw": 10.5, "swl": 2.5, "swr": 2.5, "nright": 3, "cline": "none", "key": "10.5|2.5|2.5|3|none", "bridge": 0, "net": "surface", "len_m": 257.6 }, "geometry": { "type": "LineString", "coordinates": [ [ 55.2833571, 25.1825163 ], [ 55.2836714, 25.1826314 ], [ 55.2838018, 25.1826893 ], [ 55.2839276, 25.1827552 ], [ 55.284834, 25.1832964 ], [ 55.2849496, 25.1833687 ], [ 55.2850622, 25.1834448 ], [ 55.2851716, 25.1835247 ], [ 55.2852777, 25.1836082 ], [ 55.2853803, 25.1836952 ], [ 55.2854795, 25.1837865 ] ] } },
{ "type": "Feature", "properties": { "osm_id": 483740528, "hw": "tertiary", "nm": "Marasi Drive", "lanes": 4, "oneway": "yes", "sw": 14.0, "swl": 2.5, "swr": 2.5, "nright": 4, "cline": "none", "key": "14.0|2.5|2.5|4|none", "bridge": 0, "net": "surface", "len_m": 76.8 }, "geometry": { "type": "LineString", "coordinates": [ [ 55.2816337, 25.1817727 ], [ 55.2818366, 25.1818393 ], [ 55.282037, 25.1819118 ], [ 55.282236, 25.1819876 ], [ 55.2823397, 25.1820315 ] ] } },
{ "type": "Feature", "properties": { "osm_id": 483740529, "hw": "tertiary", "nm": "Marasi Drive", "lanes": 5, "oneway": "yes", "sw": 17.5, "swl": 2.5, "swr": 2.5, "nright": 5, "cline": "none", "key": "17.5|2.5|2.5|5|none", "bridge": 0, "net": "surface", "len_m": 115.9 }, "geometry": { "type": "LineString", "coordinates": [ [ 55.2823397, 25.1820315 ], [ 55.2826585, 25.1821616 ], [ 55.2828487, 25.1822451 ], [ 55.2830336, 25.1823379 ], [ 55.2832162, 25.1824386 ], [ 55.2833571, 25.1825163 ] ] } },
{ "type": "Feature", "properties": { "osm_id": 483740530, "hw": "tertiary", "nm": "Marasi Drive", "lanes": 3, "oneway": "yes", "sw": 10.5, "swl": 2.5, "swr": 2.5, "nright": 3, "cline": "none", "key": "10.5|2.5|2.5|3|none", "bridge": 0, "net": "surface", "len_m": 381.0 }, "geometry": { "type": "LineString", "coordinates": [ [ 55.2779291, 25.1812056 ], [ 55.2779758, 25.1812055 ], [ 55.278129, 25.1812053 ], [ 55.2782821, 25.1812051 ], [ 55.2786536, 25.1812118 ], [ 55.2789795, 25.1812263 ], [ 55.2793154, 25.1812568 ], [ 55.2796177, 25.1812972 ], [ 55.2799346, 25.1813469 ], [ 55.2802494, 25.1814059 ], [ 55.280562, 25.1814744 ], [ 55.2808719, 25.1815521 ], [ 55.2811788, 25.181639 ], [ 55.2816337, 25.1817727 ] ] } },
{ "type": "Feature", "properties": { "osm_id": 483740531, "hw": "tertiary", "nm": "Marasi Drive", "lanes": 4, "oneway": "yes", "sw": 14.0, "swl": 2.5, "swr": 2.5, "nright": 4, "cline": "none", "key": "14.0|2.5|2.5|4|none", "bridge": 0, "net": "surface", "len_m": 89.3 }, "geometry": { "type": "LineString", "coordinates": [ [ 55.2764015, 25.1814044 ], [ 55.2765754, 25.1813624 ], [ 55.2767312, 25.1813283 ], [ 55.2768882, 25.1812987 ], [ 55.2770779, 25.1812689 ], [ 55.2772688, 25.1812456 ] ] } },
{ "type": "Feature", "properties": { "osm_id": 483740532, "hw": "tertiary", "nm": "Marasi Drive", "lanes": 3, "oneway": "yes", "sw": 10.5, "swl": 2.5, "swr": 2.5, "nright": 3, "cline": "none", "key": "10.5|2.5|2.5|3|none", "bridge": 0, "net": "surface", "len_m": 92.5 }, "geometry": { "type": "LineString", "coordinates": [ [ 55.2755302, 25.1816631 ], [ 55.2757234, 25.1815948 ], [ 55.2758595, 25.1815513 ], [ 55.275919, 25.1815323 ], [ 55.2761167, 25.1814757 ], [ 55.2764015, 25.1814044 ] ] } },
{ "type": "Feature", "properties": { "osm_id": 483740534, "hw": "tertiary", "nm": "Marasi Drive", "lanes": 2, "oneway": "yes", "sw": 7.0, "swl": 2.5, "swr": 2.5, "nright": 2, "cline": "none", "key": "7.0|2.5|2.5|2|none", "bridge": 0, "net": "surface", "len_m": 59.0 }, "geometry": { "type": "LineString", "coordinates": [ [ 55.2742428, 25.1822261 ], [ 55.2745722, 25.1820635 ], [ 55.274652, 25.1820241 ], [ 55.2747571, 25.1819723 ] ] } },
{ "type": "Feature", "properties": { "osm_id": 483740536, "hw": "tertiary", "nm": "Marasi Drive", "lanes": 3, "oneway": "yes", "sw": 10.5, "swl": 2.5, "swr": 2.5, "nright": 3, "cline": "none", "key": "10.5|2.5|2.5|3|none", "bridge": 0, "net": "surface", "len_m": 180.0 }, "geometry": { "type": "LineString", "coordinates": [ [ 55.2725412, 25.1824069 ], [ 55.2726591, 25.1824483 ], [ 55.2727801, 25.1824814 ], [ 55.2729036, 25.182506 ], [ 55.2730288, 25.182522 ], [ 55.273155, 25.1825293 ], [ 55.2732814, 25.1825279 ], [ 55.2734073, 25.1825177 ], [ 55.273532, 25.1824988 ], [ 55.2736548, 25.1824714 ], [ 55.2737748, 25.1824355 ], [ 55.2738915, 25.1823915 ], [ 55.2742428, 25.1822261 ] ] } },
{ "type": "Feature", "properties": { "osm_id": 483740537, "hw": "tertiary", "nm": "Marasi Drive", "lanes": 3, "oneway": "yes", "sw": 10.5, "swl": 2.5, "swr": 2.5, "nright": 3, "cline": "none", "key": "10.5|2.5|2.5|3|none", "bridge": 0, "net": "surface", "len_m": 17.2 }, "geometry": { "type": "LineString", "coordinates": [ [ 55.2714912, 25.1815256 ], [ 55.2716063, 25.1816406 ] ] } },
{ "type": "Feature", "properties": { "osm_id": 483740538, "hw": "tertiary", "nm": "Marasi Drive", "lanes": 4, "oneway": "yes", "sw": 14.0, "swl": 2.5, "swr": 2.5, "nright": 4, "cline": "none", "key": "14.0|2.5|2.5|4|none", "bridge": 0, "net": "surface", "len_m": 87.2 }, "geometry": { "type": "LineString", "coordinates": [ [ 55.2718739, 25.1819167 ], [ 55.2719544, 25.1820018 ], [ 55.2720387, 25.182084 ], [ 55.2721289, 25.1821607 ], [ 55.2722248, 25.1822317 ], [ 55.2723257, 25.1822966 ], [ 55.2724314, 25.1823551 ], [ 55.2725412, 25.1824069 ] ] } },
{ "type": "Feature", "properties": { "osm_id": 483740541, "hw": "tertiary", "nm": "Al Khaleej Al Tejari 2 Street", "lanes": 3, "oneway": "yes", "sw": 10.5, "swl": 2.5, "swr": 2.5, "nright": 3, "cline": "none", "key": "10.5|2.5|2.5|3|none", "bridge": 0, "net": "surface", "len_m": 13.1 }, "geometry": { "type": "LineString", "coordinates": [ [ 55.2714912, 25.1815256 ], [ 55.2714538, 25.1815456 ], [ 55.2714127, 25.1815583 ], [ 55.2713697, 25.1815635 ] ] } },
{ "type": "Feature", "properties": { "osm_id": 483740542, "hw": "tertiary", "nm": "Al Khaleej Al Tejari 2 Street", "lanes": 3, "oneway": "yes", "sw": 10.5, "swl": 2.5, "swr": 2.5, "nright": 3, "cline": "none", "key": "10.5|2.5|2.5|3|none", "bridge": 0, "net": "surface", "len_m": 77.2 }, "geometry": { "type": "LineString", "coordinates": [ [ 55.2713749, 25.1814265 ], [ 55.2714345, 25.1813577 ], [ 55.2719296, 25.180947 ] ] } },
{ "type": "Feature", "properties": { "osm_id": 483740543, "hw": "tertiary", "nm": "Marasi Drive", "lanes": 3, "oneway": "yes", "sw": 10.5, "swl": 2.5, "swr": 2.5, "nright": 3, "cline": "none", "key": "10.5|2.5|2.5|3|none", "bridge": 0, "net": "surface", "len_m": 16.1 }, "geometry": { "type": "LineString", "coordinates": [ [ 55.2713749, 25.1814265 ], [ 55.2714912, 25.1815256 ] ] } },
{ "type": "Feature", "properties": { "osm_id": 483740546, "hw": "tertiary", "nm": "Marasi Drive", "lanes": 3, "oneway": "yes", "sw": 10.5, "swl": 2.5, "swr": 2.5, "nright": 3, "cline": "none", "key": "10.5|2.5|2.5|3|none", "bridge": 0, "net": "surface", "len_m": 748.6 }, "geometry": { "type": "LineString", "coordinates": [ [ 55.2645408, 25.1798715 ], [ 55.2647303, 25.180069 ], [ 55.2648, 25.1801299 ], [ 55.2648763, 25.1801838 ], [ 55.2649584, 25.1802302 ], [ 55.2650454, 25.1802686 ], [ 55.2651364, 25.1802986 ], [ 55.2652303, 25.1803199 ], [ 55.2653261, 25.1803322 ], [ 55.2654229, 25.1803353 ], [ 55.2655195, 25.1803294 ], [ 55.2667991, 25.1801346 ], [ 55.2668741, 25.1801232 ], [ 55.2670614, 25.1800995 ], [ 55.2672988, 25.1800783 ], [ 55.2675969, 25.1800657 ], [ 55.2677371, 25.1800651 ], [ 55.2679373, 25.1800701 ], [ 55.26811, 25.1800801 ], [ 55.2683255, 25.1800998 ], [ 55.268524, 25.1801253 ], [ 55.2687628, 25.1801653 ], [ 55.2689411, 25.1802021 ], [ 55.2691409, 25.1802504 ], [ 55.2693491, 25.1803091 ], [ 55.2695067, 25.1803594 ], [ 55.2697429, 25.1804446 ], [ 55.2699519, 25.1805303 ], [ 55.270143, 25.1806177 ], [ 55.2703298, 25.1807121 ], [ 55.2704412, 25.1807737 ], [ 55.2704968, 25.1808044 ], [ 55.2706669, 25.1809067 ], [ 55.2710013, 25.1811268 ], [ 55.2712432, 25.1813214 ], [ 55.2713749, 25.1814265 ] ] } },
{ "type": "Feature", "properties": { "osm_id": 483740547, "hw": "tertiary_link", "nm": "Marasi Drive", "lanes": 2, "oneway": "yes", "sw": 7.0, "swl": 1.0, "swr": 1.0, "nright": 2, "cline": "none", "key": "7.0|1.0|1.0|2|none", "bridge": 0, "net": "surface", "len_m": 138.0 }, "geometry": { "type": "LineString", "coordinates": [ [ 55.2628497, 25.1797446 ], [ 55.262979, 25.179671 ], [ 55.263112, 25.1796028 ], [ 55.2632483, 25.1795404 ], [ 55.2633876, 25.1794836 ], [ 55.2635298, 25.1794328 ], [ 55.2636743, 25.179388 ], [ 55.2638061, 25.1793587 ], [ 55.2638472, 25.1793495 ], [ 55.2639289, 25.1793313 ], [ 55.2639679, 25.1793279 ], [ 55.2640068, 25.1793322 ], [ 55.2640422, 25.1793434 ], [ 55.2640743, 25.179361 ], [ 55.2641017, 25.1793842 ] ] } },
{ "type": "Feature", "properties": { "osm_id": 483740548, "hw": "tertiary", "nm": "Al Amal Street", "lanes": 3, "oneway": "yes", "sw": 10.5, "swl": 2.5, "swr": 2.5, "nright": 3, "cline": "none", "key": "10.5|2.5|2.5|3|none", "bridge": 0, "net": "surface", "len_m": 7.9 }, "geometry": { "type": "LineString", "coordinates": [ [ 55.2641017, 25.1793842 ], [ 55.2640268, 25.1794039 ] ] } },
{ "type": "Feature", "properties": { "osm_id": 483740549, "hw": "tertiary", "nm": "Marasi Drive", "lanes": 2, "oneway": "yes", "sw": 7.0, "swl": 2.5, "swr": 2.5, "nright": 2, "cline": "none", "key": "7.0|2.5|2.5|2|none", "bridge": 0, "net": "surface", "len_m": 69.8 }, "geometry": { "type": "LineString", "coordinates": [ [ 55.2641017, 25.1793842 ], [ 55.2641757, 25.1794752 ], [ 55.2641931, 25.1794966 ], [ 55.2645408, 25.1798715 ] ] } },
{ "type": "Feature", "properties": { "osm_id": 483740550, "hw": "tertiary_link", "nm": "Marasi Drive", "lanes": 2, "oneway": "yes", "sw": 7.0, "swl": 1.0, "swr": 1.0, "nright": 2, "cline": "none", "key": "7.0|1.0|1.0|2|none", "bridge": 0, "net": "surface", "len_m": 23.5 }, "geometry": { "type": "LineString", "coordinates": [ [ 55.2640268, 25.1794039 ], [ 55.2640142, 25.1793686 ], [ 55.2640068, 25.1793322 ], [ 55.264005, 25.1792864 ], [ 55.2640112, 25.1792408 ], [ 55.2640255, 25.1791968 ] ] } },
{ "type": "Feature", "properties": { "osm_id": 483740551, "hw": "tertiary", "nm": "Marasi Drive", "lanes": 3, "oneway": "yes", "sw": 10.5, "swl": 2.5, "swr": 2.5, "nright": 3, "cline": "none", "key": "10.5|2.5|2.5|3|none", "bridge": 0, "net": "surface", "len_m": 79.9 }, "geometry": { "type": "LineString", "coordinates": [ [ 55.2647193, 25.1802366 ], [ 55.2644523, 25.1799381 ], [ 55.2642217, 25.1796753 ] ] } },
{ "type": "Feature", "properties": { "osm_id": 483740552, "hw": "tertiary", "nm": "Al A'amal Street", "lanes": 3, "oneway": "yes", "sw": 10.5, "swl": 2.5, "swr": 2.5, "nright": 3, "cline": "none", "key": "10.5|2.5|2.5|3|none", "bridge": 0, "net": "surface", "len_m": 99.9 }, "geometry": { "type": "LineString", "coordinates": [ [ 55.2635155, 25.1795555 ], [ 55.2634552, 25.1795806 ], [ 55.2633948, 25.1796057 ], [ 55.2632776, 25.1796621 ], [ 55.2630964, 25.1797602 ], [ 55.2629382, 25.1798578 ], [ 55.2626701, 25.1800234 ] ] } },
{ "type": "Feature", "properties": { "osm_id": 483740555, "hw": "tertiary", "nm": "Al A'amal Street", "lanes": 4, "oneway": "yes", "sw": 14.0, "swl": 2.5, "swr": 2.5, "nright": 4, "cline": "none", "key": "14.0|2.5|2.5|4|none", "bridge": 0, "net": "surface", "len_m": 31.9 }, "geometry": { "type": "LineString", "coordinates": [ [ 55.262595, 25.1799148 ], [ 55.2628497, 25.1797446 ] ] } },
{ "type": "Feature", "properties": { "osm_id": 483740572, "hw": "tertiary", "nm": "Al A'amal Street", "lanes": 4, "oneway": "yes", "sw": 14.0, "swl": 2.5, "swr": 2.5, "nright": 4, "cline": "none", "key": "14.0|2.5|2.5|4|none", "bridge": 0, "net": "surface", "len_m": 39.3 }, "geometry": { "type": "LineString", "coordinates": [ [ 55.2655656, 25.1786655 ], [ 55.2652468, 25.17887 ] ] } },
{ "type": "Feature", "properties": { "osm_id": 483740573, "hw": "tertiary_link", "nm": "", "lanes": 1, "oneway": "yes", "sw": 3.5, "swl": 1.0, "swr": 1.0, "nright": 1, "cline": "none", "key": "3.5|1.0|1.0|1|none", "bridge": 0, "net": "surface", "len_m": 152.8 }, "geometry": { "type": "LineString", "coordinates": [ [ 55.2652468, 25.17887 ], [ 55.2651385, 25.1789572 ], [ 55.2650263, 25.1790402 ], [ 55.2649104, 25.1791189 ], [ 55.264791, 25.1791912 ], [ 55.2646143, 25.1792808 ], [ 55.2645671, 25.1793089 ], [ 55.2645255, 25.1793437 ], [ 55.2644909, 25.1793842 ], [ 55.2644641, 25.1794293 ], [ 55.2644462, 25.1794778 ], [ 55.2644363, 25.1795297 ], [ 55.2644331, 25.1795841 ], [ 55.2644383, 25.1796384 ], [ 55.2644519, 25.1796915 ], [ 55.2644735, 25.1797423 ], [ 55.2645408, 25.1798715 ] ] } },
{ "type": "Feature", "properties": { "osm_id": 483740574, "hw": "tertiary", "nm": "Al A'amal Street", "lanes": 3, "oneway": "yes", "sw": 10.5, "swl": 2.5, "swr": 2.5, "nright": 3, "cline": "none", "key": "10.5|2.5|2.5|3|none", "bridge": 0, "net": "surface", "len_m": 129.6 }, "geometry": { "type": "LineString", "coordinates": [ [ 55.2652468, 25.17887 ], [ 55.26483, 25.1791216 ], [ 55.2647529, 25.1791633 ], [ 55.2646732, 25.1792007 ], [ 55.2645911, 25.1792337 ], [ 55.264507, 25.1792621 ], [ 55.2642325, 25.1793448 ], [ 55.2641017, 25.1793842 ] ] } },
{ "type": "Feature", "properties": { "osm_id": 483740575, "hw": "tertiary", "nm": "Al A'amal Street", "lanes": 2, "oneway": "yes", "sw": 7.0, "swl": 2.5, "swr": 2.5, "nright": 2, "cline": "none", "key": "7.0|2.5|2.5|2|none", "bridge": 0, "net": "surface", "len_m": 539.0 }, "geometry": { "type": "LineString", "coordinates": [ [ 55.2704786, 25.1777457 ], [ 55.2704365, 25.1777199 ], [ 55.2703965, 25.1776915 ], [ 55.2703589, 25.1776605 ], [ 55.2702654, 25.1775813 ], [ 55.2702249, 25.1775506 ], [ 55.2701808, 25.1775241 ], [ 55.2701339, 25.1775021 ], [ 55.2700845, 25.177485 ], [ 55.270023, 25.1774746 ], [ 55.2699604, 25.1774743 ], [ 55.2698988, 25.1774838 ], [ 55.2698398, 25.1775029 ], [ 55.2697854, 25.1775309 ], [ 55.2697226, 25.1775722 ], [ 55.2696642, 25.1776002 ], [ 55.2696016, 25.177621 ], [ 55.269537, 25.1776362 ], [ 55.2694712, 25.1776458 ], [ 55.2684777, 25.1776838 ], [ 55.2677432, 25.1777119 ], [ 55.2676375, 25.1777159 ], [ 55.2675074, 25.1777225 ], [ 55.2673781, 25.1777364 ], [ 55.26725, 25.1777578 ], [ 55.2671236, 25.1777865 ], [ 55.2669995, 25.1778224 ], [ 55.2668782, 25.1778654 ], [ 55.2667601, 25.1779153 ], [ 55.2666458, 25.1779718 ], [ 55.2665357, 25.1780348 ], [ 55.2655656, 25.1786655 ] ] } },
{ "type": "Feature", "properties": { "osm_id": 483740578, "hw": "motorway_link", "nm": "", "lanes": 1, "oneway": "yes", "sw": 3.5, "swl": 0.0, "swr": 0.0, "nright": 1, "cline": "none", "key": "3.5|0.0|0.0|1|none", "bridge": 0, "net": "freeway", "len_m": 254.5 }, "geometry": { "type": "LineString", "coordinates": [ [ 55.2705819, 25.1725146 ], [ 55.2705771, 25.1724805 ], [ 55.2705672, 25.1724474 ], [ 55.2705524, 25.1724158 ], [ 55.2705331, 25.1723863 ], [ 55.2705095, 25.1723594 ], [ 55.2696416, 25.1714177 ], [ 55.269007903758563, 25.170730833237513 ] ] } },
{ "type": "Feature", "properties": { "osm_id": 483740579, "hw": "motorway_link", "nm": "", "lanes": 1, "oneway": "yes", "sw": 3.5, "swl": 0.0, "swr": 0.0, "nright": 1, "cline": "none", "key": "3.5|0.0|0.0|1|none", "bridge": 0, "net": "freeway", "len_m": 141.1 }, "geometry": { "type": "LineString", "coordinates": [ [ 55.2828862, 25.181555 ], [ 55.2818663, 25.1810546 ], [ 55.2818188, 25.1810315 ], [ 55.2817691, 25.1810125 ], [ 55.2817176, 25.1809978 ], [ 55.2816381, 25.1809971 ] ] } },
{ "type": "Feature", "properties": { "osm_id": 484081075, "hw": "tertiary", "nm": "Al Mustaqbal Street", "lanes": 3, "oneway": "yes", "sw": 10.5, "swl": 2.5, "swr": 2.5, "nright": 3, "cline": "none", "key": "10.5|2.5|2.5|3|none", "bridge": 0, "net": "surface", "len_m": 44.2 }, "geometry": { "type": "LineString", "coordinates": [ [ 55.2620555, 25.1894564 ], [ 55.2618114, 25.1891891 ], [ 55.261775, 25.1891493 ] ] } },
{ "type": "Feature", "properties": { "osm_id": 484081078, "hw": "tertiary", "nm": "Al Mustaqbal Street", "lanes": 3, "oneway": "yes", "sw": 10.5, "swl": 2.5, "swr": 2.5, "nright": 3, "cline": "none", "key": "10.5|2.5|2.5|3|none", "bridge": 0, "net": "surface", "len_m": 59.5 }, "geometry": { "type": "LineString", "coordinates": [ [ 55.2641339, 25.1916659 ], [ 55.2637741, 25.1912401 ] ] } },
{ "type": "Feature", "properties": { "osm_id": 484081079, "hw": "tertiary", "nm": "Al Mustaqbal Street", "lanes": 6, "oneway": "yes", "sw": 21.0, "swl": 2.5, "swr": 2.5, "nright": 6, "cline": "none", "key": "21.0|2.5|2.5|6|none", "bridge": 0, "net": "surface", "len_m": 225.2 }, "geometry": { "type": "LineString", "coordinates": [ [ 55.2637741, 25.1912401 ], [ 55.2627856, 25.1902172 ], [ 55.2623004, 25.1897116 ] ] } },
{ "type": "Feature", "properties": { "osm_id": 484081080, "hw": "tertiary", "nm": "Al Mustaqbal Street", "lanes": 4, "oneway": "yes", "sw": 14.0, "swl": 2.5, "swr": 2.5, "nright": 4, "cline": "none", "key": "14.0|2.5|2.5|4|none", "bridge": 0, "net": "surface", "len_m": 124.1 }, "geometry": { "type": "LineString", "coordinates": [ [ 55.2605301, 25.1872028 ], [ 55.261317, 25.1880646 ] ] } },
{ "type": "Feature", "properties": { "osm_id": 484081081, "hw": "tertiary", "nm": "Al Mustaqbal Street", "lanes": 2, "oneway": "yes", "sw": 7.0, "swl": 2.5, "swr": 2.5, "nright": 2, "cline": "none", "key": "7.0|2.5|2.5|2|none", "bridge": 0, "net": "surface", "len_m": 19.4 }, "geometry": { "type": "LineString", "coordinates": [ [ 55.261655, 25.1883918 ], [ 55.2617545, 25.1884925 ], [ 55.261784, 25.1885223 ] ] } },
{ "type": "Feature", "properties": { "osm_id": 484081082, "hw": "tertiary", "nm": "Al Mustaqbal Street", "lanes": 2, "oneway": "yes", "sw": 7.0, "swl": 2.5, "swr": 2.5, "nright": 2, "cline": "none", "key": "7.0|2.5|2.5|2|none", "bridge": 0, "net": "surface", "len_m": 542.7 }, "geometry": { "type": "LineString", "coordinates": [ [ 55.2591053, 25.1862013 ], [ 55.2588475, 25.1859189 ], [ 55.2585889, 25.1856489 ], [ 55.2581547, 25.185187 ], [ 55.2581194, 25.1851444 ], [ 55.258093, 25.1850985 ], [ 55.2580855, 25.1850461 ], [ 55.2580916, 25.1850047 ], [ 55.2581078, 25.1849656 ], [ 55.2581335, 25.1849308 ], [ 55.2581671, 25.1849022 ], [ 55.2582296, 25.1848738 ], [ 55.2582991, 25.1848664 ], [ 55.2583672, 25.1848808 ], [ 55.2584258, 25.1849153 ], [ 55.2587311, 25.1852227 ], [ 55.2590032, 25.185532 ], [ 55.2594742, 25.1860174 ], [ 55.2600357, 25.1865839 ], [ 55.260142, 25.1867027 ], [ 55.2602446, 25.1868241 ], [ 55.2603435, 25.186948 ], [ 55.2604387, 25.1870743 ], [ 55.2605301, 25.1872028 ] ] } },
{ "type": "Feature", "properties": { "osm_id": 484081086, "hw": "tertiary", "nm": "Al Mustaqbal Street", "lanes": 2, "oneway": "yes", "sw": 7.0, "swl": 2.5, "swr": 2.5, "nright": 2, "cline": "none", "key": "7.0|2.5|2.5|2|none", "bridge": 0, "net": "surface", "len_m": 374.2 }, "geometry": { "type": "LineString", "coordinates": [ [ 55.2614644, 25.1888088 ], [ 55.2612781, 25.1885955 ], [ 55.2609813, 25.1882564 ], [ 55.26027, 25.1874494 ], [ 55.2598556, 25.1870243 ], [ 55.2591053, 25.1862013 ] ] } },
{ "type": "Feature", "properties": { "osm_id": 484081087, "hw": "secondary", "nm": "Al Khaleej Al Tejari 1 Street", "lanes": 6, "oneway": "yes", "sw": 21.0, "swl": 3.0, "swr": 3.0, "nright": 6, "cline": "none", "key": "21.0|3.0|3.0|6|none", "bridge": 0, "net": "surface", "len_m": 20.0 }, "geometry": { "type": "LineString", "coordinates": [ [ 55.2606302, 25.1896323 ], [ 55.2607771, 25.1895109 ] ] } },
{ "type": "Feature", "properties": { "osm_id": 484081088, "hw": "secondary", "nm": "Al Khaleej Al Tejari 1 Street", "lanes": 3, "oneway": "yes", "sw": 10.5, "swl": 3.0, "swr": 3.0, "nright": 3, "cline": "none", "key": "10.5|3.0|3.0|3|none", "bridge": 0, "net": "surface", "len_m": 62.7 }, "geometry": { "type": "LineString", "coordinates": [ [ 55.2601523, 25.1899953 ], [ 55.2603465, 25.189851 ], [ 55.2606302, 25.1896323 ] ] } },
{ "type": "Feature", "properties": { "osm_id": 484081090, "hw": "secondary", "nm": "Al Khaleej Al Tejari 1 Street", "lanes": 2, "oneway": "yes", "sw": 7.0, "swl": 3.0, "swr": 3.0, "nright": 2, "cline": "none", "key": "7.0|3.0|3.0|2|none", "bridge": 0, "net": "surface", "len_m": 42.4 }, "geometry": { "type": "LineString", "coordinates": [ [ 55.2604926, 25.1899493 ], [ 55.2601542, 25.1901762 ] ] } },
{ "type": "Feature", "properties": { "osm_id": 484081091, "hw": "secondary", "nm": "Al Khaleej Al Tejari 1 Street", "lanes": 5, "oneway": "yes", "sw": 17.5, "swl": 3.0, "swr": 3.0, "nright": 5, "cline": "none", "key": "17.5|3.0|3.0|5|none", "bridge": 0, "net": "surface", "len_m": 51.8 }, "geometry": { "type": "LineString", "coordinates": [ [ 55.2628462, 25.1878785 ], [ 55.2632465, 25.1875853 ] ] } },
{ "type": "Feature", "properties": { "osm_id": 484081092, "hw": "secondary", "nm": "Al Khaleej Al Tejari 1 Street", "lanes": 4, "oneway": "yes", "sw": 14.0, "swl": 3.0, "swr": 3.0, "nright": 4, "cline": "none", "key": "14.0|3.0|3.0|4|none", "bridge": 0, "net": "surface", "len_m": 82.3 }, "geometry": { "type": "LineString", "coordinates": [ [ 55.2622099, 25.1883444 ], [ 55.2624999, 25.188132 ], [ 55.2628462, 25.1878785 ] ] } },
{ "type": "Feature", "properties": { "osm_id": 484081093, "hw": "secondary", "nm": "Al Khaleej Al Tejari 1 Street", "lanes": 3, "oneway": "yes", "sw": 10.5, "swl": 3.0, "swr": 3.0, "nright": 3, "cline": "none", "key": "10.5|3.0|3.0|3|none", "bridge": 0, "net": "surface", "len_m": 10.0 }, "geometry": { "type": "LineString", "coordinates": [ [ 55.2618684, 25.1886178 ], [ 55.261943, 25.1885586 ] ] } },
{ "type": "Feature", "properties": { "osm_id": 484081094, "hw": "secondary", "nm": "Al Khaleej Al Tejari 1 Street", "lanes": 4, "oneway": "yes", "sw": 14.0, "swl": 3.0, "swr": 3.0, "nright": 4, "cline": "none", "key": "14.0|3.0|3.0|4|none", "bridge": 0, "net": "surface", "len_m": 77.5 }, "geometry": { "type": "LineString", "coordinates": [ [ 55.2629766, 25.1880967 ], [ 55.2623754, 25.1885326 ] ] } },
{ "type": "Feature", "properties": { "osm_id": 484081095, "hw": "secondary", "nm": "Al Khaleej Al Tejari 1 Street", "lanes": 5, "oneway": "yes", "sw": 17.5, "swl": 3.0, "swr": 3.0, "nright": 5, "cline": "none", "key": "17.5|3.0|3.0|5|none", "bridge": 0, "net": "surface", "len_m": 37.5 }, "geometry": { "type": "LineString", "coordinates": [ [ 55.2632593, 25.1878769 ], [ 55.2629766, 25.1880967 ] ] } },
{ "type": "Feature", "properties": { "osm_id": 484081096, "hw": "secondary", "nm": "Al Khaleej Al Tejari 1 Street", "lanes": 3, "oneway": "yes", "sw": 10.5, "swl": 3.0, "swr": 3.0, "nright": 3, "cline": "none", "key": "10.5|3.0|3.0|3|none", "bridge": 0, "net": "surface", "len_m": 84.2 }, "geometry": { "type": "LineString", "coordinates": [ [ 55.2638697, 25.1873582 ], [ 55.2637549, 25.1874455 ], [ 55.2635063, 25.1876548 ], [ 55.2632593, 25.1878769 ] ] } },
{ "type": "Feature", "properties": { "osm_id": 484081097, "hw": "secondary", "nm": "Al Khaleej Al Tejari 1 Street", "lanes": 3, "oneway": "yes", "sw": 10.5, "swl": 3.0, "swr": 3.0, "nright": 3, "cline": "none", "key": "10.5|3.0|3.0|3|none", "bridge": 0, "net": "surface", "len_m": 11.3 }, "geometry": { "type": "LineString", "coordinates": [ [ 55.2616878, 25.1890543 ], [ 55.2616005, 25.1891186 ] ] } },
{ "type": "Feature", "properties": { "osm_id": 484081109, "hw": "secondary", "nm": "Al Khaleej Al Tejari 1 Street", "lanes": 5, "oneway": "yes", "sw": 17.5, "swl": 3.0, "swr": 3.0, "nright": 5, "cline": "none", "key": "17.5|3.0|3.0|5|none", "bridge": 0, "net": "surface", "len_m": 180.0 }, "geometry": { "type": "LineString", "coordinates": [ [ 55.2669394, 25.1850172 ], [ 55.2668986, 25.1850311 ], [ 55.2668618, 25.1850436 ], [ 55.2668269, 25.18506 ], [ 55.2667944, 25.18508 ], [ 55.2667648, 25.1851035 ], [ 55.2665569, 25.1852732 ], [ 55.2660441, 25.1856919 ], [ 55.2659818, 25.1857428 ], [ 55.2657483, 25.1859274 ], [ 55.265689, 25.185974 ], [ 55.2655786, 25.1860607 ] ] } },
{ "type": "Feature", "properties": { "osm_id": 484081110, "hw": "secondary", "nm": "Al Khaleej Al Tejari 1 Street", "lanes": 6, "oneway": "yes", "sw": 21.0, "swl": 3.0, "swr": 3.0, "nright": 6, "cline": "none", "key": "21.0|3.0|3.0|6|none", "bridge": 0, "net": "surface", "len_m": 31.6 }, "geometry": { "type": "LineString", "coordinates": [ [ 55.2642523, 25.1868039 ], [ 55.2644952, 25.1866242 ] ] } },
{ "type": "Feature", "properties": { "osm_id": 484081111, "hw": "secondary", "nm": "Al Khaleej Al Tejari 1 Street", "lanes": 3, "oneway": "yes", "sw": 10.5, "swl": 3.0, "swr": 3.0, "nright": 3, "cline": "none", "key": "10.5|3.0|3.0|3|none", "bridge": 0, "net": "surface", "len_m": 51.3 }, "geometry": { "type": "LineString", "coordinates": [ [ 55.2638649, 25.1871049 ], [ 55.2639898, 25.1870078 ], [ 55.2642523, 25.1868039 ] ] } },
{ "type": "Feature", "properties": { "osm_id": 484081112, "hw": "secondary", "nm": "Al Khaleej Al Tejari 1 Street", "lanes": 3, "oneway": "yes", "sw": 10.5, "swl": 3.0, "swr": 3.0, "nright": 3, "cline": "none", "key": "10.5|3.0|3.0|3|none", "bridge": 0, "net": "surface", "len_m": 62.0 }, "geometry": { "type": "LineString", "coordinates": [ [ 55.2609932, 25.1893325 ], [ 55.2614019, 25.1889795 ], [ 55.2614396, 25.1889469 ] ] } },
{ "type": "Feature", "properties": { "osm_id": 484081113, "hw": "secondary", "nm": "Al Khaleej Al Tejari 1 Street", "lanes": 5, "oneway": "yes", "sw": 17.5, "swl": 3.0, "swr": 3.0, "nright": 5, "cline": "none", "key": "17.5|3.0|3.0|5|none", "bridge": 0, "net": "surface", "len_m": 56.4 }, "geometry": { "type": "LineString", "coordinates": [ [ 55.2644952, 25.1866242 ], [ 55.2648237, 25.186381 ], [ 55.2648609, 25.1863535 ], [ 55.26493, 25.1863033 ] ] } },
{ "type": "Feature", "properties": { "osm_id": 484081114, "hw": "secondary", "nm": "Al Khaleej Al Tejari 1 Street", "lanes": 4, "oneway": "yes", "sw": 14.0, "swl": 3.0, "swr": 3.0, "nright": 4, "cline": "none", "key": "14.0|3.0|3.0|4|none", "bridge": 0, "net": "surface", "len_m": 56.8 }, "geometry": { "type": "LineString", "coordinates": [ [ 55.2644435, 25.186922 ], [ 55.2641902, 25.1871146 ], [ 55.2641537, 25.1871423 ], [ 55.264011, 25.1872508 ] ] } },
{ "type": "Feature", "properties": { "osm_id": 484081115, "hw": "tertiary", "nm": "Al A'amal Street", "lanes": 4, "oneway": "yes", "sw": 14.0, "swl": 2.5, "swr": 2.5, "nright": 4, "cline": "none", "key": "14.0|2.5|2.5|4|none", "bridge": 0, "net": "surface", "len_m": 60.8 }, "geometry": { "type": "LineString", "coordinates": [ [ 55.2642562, 25.1877792 ], [ 55.2640142, 25.1875156 ], [ 55.2639771, 25.1874752 ], [ 55.2638697, 25.1873582 ] ] } },
{ "type": "Feature", "properties": { "osm_id": 484081116, "hw": "tertiary", "nm": "Al A'amal Street", "lanes": 6, "oneway": "yes", "sw": 21.0, "swl": 2.5, "swr": 2.5, "nright": 6, "cline": "none", "key": "21.0|2.5|2.5|6|none", "bridge": 0, "net": "surface", "len_m": 148.4 }, "geometry": { "type": "LineString", "coordinates": [ [ 55.265372, 25.1886502 ], [ 55.2651093, 25.1884731 ], [ 55.2649592, 25.188366 ], [ 55.2648116, 25.1882558 ], [ 55.2646667, 25.1881429 ], [ 55.2645311, 25.1880272 ], [ 55.2643929, 25.1879039 ], [ 55.2642562, 25.1877792 ] ] } },
{ "type": "Feature", "properties": { "osm_id": 484081117, "hw": "tertiary", "nm": "Al A'amal Street", "lanes": 3, "oneway": "yes", "sw": 10.5, "swl": 2.5, "swr": 2.5, "nright": 3, "cline": "none", "key": "10.5|2.5|2.5|3|none", "bridge": 0, "net": "surface", "len_m": 114.1 }, "geometry": { "type": "LineString", "coordinates": [ [ 55.2637319, 25.1872082 ], [ 55.2636441, 25.1871126 ], [ 55.2634608, 25.186913 ], [ 55.2633341, 25.1867609 ], [ 55.2632587, 25.1866624 ], [ 55.2631867, 25.1865617 ], [ 55.2630861, 25.1864081 ], [ 55.2630673, 25.1863769 ] ] } },
{ "type": "Feature", "properties": { "osm_id": 484081118, "hw": "tertiary", "nm": "Al A'amal Street", "lanes": 2, "oneway": "yes", "sw": 7.0, "swl": 2.5, "swr": 2.5, "nright": 2, "cline": "none", "key": "7.0|2.5|2.5|2|none", "bridge": 0, "net": "surface", "len_m": 68.4 }, "geometry": { "type": "LineString", "coordinates": [ [ 55.2630673, 25.1863769 ], [ 55.2628894, 25.1860917 ], [ 55.2627448, 25.1858338 ] ] } },
{ "type": "Feature", "properties": { "osm_id": 484081120, "hw": "tertiary", "nm": "Al A'amal Street", "lanes": 4, "oneway": "yes", "sw": 14.0, "swl": 2.5, "swr": 2.5, "nright": 4, "cline": "none", "key": "14.0|2.5|2.5|4|none", "bridge": 0, "net": "surface", "len_m": 126.1 }, "geometry": { "type": "LineString", "coordinates": [ [ 55.2644709, 25.1877086 ], [ 55.2646278, 25.1878656 ], [ 55.2646924, 25.1879249 ], [ 55.2647202, 25.1879503 ], [ 55.2647922, 25.1880163 ], [ 55.2649636, 25.1881603 ], [ 55.2651417, 25.1882975 ], [ 55.265393, 25.1884741 ] ] } },
{ "type": "Feature", "properties": { "osm_id": 484081121, "hw": "tertiary", "nm": "Al A'amal Street", "lanes": 2, "oneway": "yes", "sw": 7.0, "swl": 2.5, "swr": 2.5, "nright": 2, "cline": "none", "key": "7.0|2.5|2.5|2|none", "bridge": 0, "net": "surface", "len_m": 68.7 }, "geometry": { "type": "LineString", "coordinates": [ [ 55.264011, 25.1872508 ], [ 55.2641229, 25.187362 ], [ 55.2644709, 25.1877086 ] ] } },
{ "type": "Feature", "properties": { "osm_id": 484081122, "hw": "tertiary", "nm": "Al A'amal Street", "lanes": 2, "oneway": "yes", "sw": 7.0, "swl": 2.5, "swr": 2.5, "nright": 2, "cline": "none", "key": "7.0|2.5|2.5|2|none", "bridge": 0, "net": "surface", "len_m": 60.0 }, "geometry": { "type": "LineString", "coordinates": [ [ 55.2628667, 25.1857717 ], [ 55.262957, 25.1859163 ], [ 55.2630746, 25.1860986 ], [ 55.2631632, 25.1862411 ] ] } },
{ "type": "Feature", "properties": { "osm_id": 484081123, "hw": "tertiary", "nm": "Al A'amal Street", "lanes": 4, "oneway": "yes", "sw": 14.0, "swl": 2.5, "swr": 2.5, "nright": 4, "cline": "none", "key": "14.0|2.5|2.5|4|none", "bridge": 0, "net": "surface", "len_m": 60.3 }, "geometry": { "type": "LineString", "coordinates": [ [ 55.2634943, 25.1866787 ], [ 55.2635855, 25.1867946 ], [ 55.2636755, 25.1869061 ], [ 55.2637436, 25.186981 ], [ 55.2637723, 25.1870127 ], [ 55.2638649, 25.1871049 ] ] } },
{ "type": "Feature", "properties": { "osm_id": 484081131, "hw": "motorway", "nm": "Al Khail Road", "lanes": 6, "oneway": "yes", "sw": 21.0, "swl": 0.0, "swr": 0.0, "nright": 6, "cline": "none", "key": "21.0|0.0|0.0|6|none", "bridge": 0, "net": "freeway", "len_m": 168.5 }, "geometry": { "type": "LineString", "coordinates": [ [ 55.281759, 25.1803201 ], [ 55.2820002, 25.1803961 ], [ 55.2825643, 25.180569 ], [ 55.2831307, 25.1807359 ], [ 55.2833463, 25.1807976 ] ] } },
{ "type": "Feature", "properties": { "osm_id": 484081136, "hw": "motorway_link", "nm": "", "lanes": 2, "oneway": "yes", "sw": 7.0, "swl": 0.0, "swr": 0.0, "nright": 2, "cline": "none", "key": "7.0|0.0|0.0|2|none", "bridge": 0, "net": "freeway", "len_m": 91.2 }, "geometry": { "type": "LineString", "coordinates": [ [ 55.2823863, 25.1814601 ], [ 55.2816381, 25.1809971 ] ] } },
{ "type": "Feature", "properties": { "osm_id": 484081138, "hw": "motorway_link", "nm": "", "lanes": 2, "oneway": "yes", "sw": 7.0, "swl": 0.0, "swr": 0.0, "nright": 2, "cline": "none", "key": "7.0|0.0|0.0|2|none", "bridge": 0, "net": "freeway", "len_m": 176.7 }, "geometry": { "type": "LineString", "coordinates": [ [ 55.2871092, 25.1841155 ], [ 55.2870582, 25.184107 ], [ 55.2870096, 25.1840905 ], [ 55.286965, 25.1840666 ], [ 55.2869257, 25.1840359 ], [ 55.286893, 25.1839995 ], [ 55.2864786, 25.1835429 ], [ 55.2864061, 25.1834709 ], [ 55.2863308, 25.1834013 ], [ 55.2862527, 25.1833342 ], [ 55.2861654, 25.1832618 ], [ 55.2860321, 25.1831668 ], [ 55.2858378, 25.183048 ] ] } },
{ "type": "Feature", "properties": { "osm_id": 484101019, "hw": "tertiary", "nm": "Burj Khalifa Street", "lanes": 5, "oneway": "yes", "sw": 17.5, "swl": 2.5, "swr": 2.5, "nright": 5, "cline": "none", "key": "17.5|2.5|2.5|5|none", "bridge": 0, "net": "surface", "len_m": 119.8 }, "geometry": { "type": "LineString", "coordinates": [ [ 55.2703293, 25.1900438 ], [ 55.2701869, 25.1901402 ], [ 55.2700686, 25.1902197 ], [ 55.2699705, 25.1902857 ], [ 55.2698725, 25.1903546 ], [ 55.26977, 25.1904293 ], [ 55.2695363, 25.1906084 ], [ 55.2695012, 25.1906354 ], [ 55.2694066, 25.1907233 ] ] } },
{ "type": "Feature", "properties": { "osm_id": 484101021, "hw": "tertiary", "nm": "Burj Khalifa Street", "lanes": 3, "oneway": "yes", "sw": 10.5, "swl": 2.5, "swr": 2.5, "nright": 3, "cline": "none", "key": "10.5|2.5|2.5|3|none", "bridge": 0, "net": "surface", "len_m": 207.1 }, "geometry": { "type": "LineString", "coordinates": [ [ 55.2724899, 25.1887239 ], [ 55.2724007, 25.1887807 ], [ 55.2721264, 25.1889422 ], [ 55.2714184, 25.1893822 ], [ 55.2707869, 25.1897694 ] ] } },
{ "type": "Feature", "properties": { "osm_id": 484101022, "hw": "tertiary", "nm": "Burj Khalifa Street", "lanes": 5, "oneway": "yes", "sw": 17.5, "swl": 2.5, "swr": 2.5, "nright": 5, "cline": "none", "key": "17.5|2.5|2.5|5|none", "bridge": 0, "net": "surface", "len_m": 99.4 }, "geometry": { "type": "LineString", "coordinates": [ [ 55.2737645, 25.1878731 ], [ 55.2734072, 25.1881259 ], [ 55.2729788, 25.188415 ] ] } },
{ "type": "Feature", "properties": { "osm_id": 484101023, "hw": "tertiary", "nm": "Burj Khalifa Street", "lanes": 5, "oneway": "yes", "sw": 17.5, "swl": 2.5, "swr": 2.5, "nright": 5, "cline": "none", "key": "17.5|2.5|2.5|5|none", "bridge": 0, "net": "surface", "len_m": 33.0 }, "geometry": { "type": "LineString", "coordinates": [ [ 55.2729788, 25.188415 ], [ 55.2727465, 25.1885603 ], [ 55.2727085, 25.1885823 ] ] } },
{ "type": "Feature", "properties": { "osm_id": 484101024, "hw": "tertiary", "nm": "Burj Khalifa Street", "lanes": 3, "oneway": "yes", "sw": 10.5, "swl": 2.5, "swr": 2.5, "nright": 3, "cline": "none", "key": "10.5|2.5|2.5|3|none", "bridge": 0, "net": "surface", "len_m": 213.6 }, "geometry": { "type": "LineString", "coordinates": [ [ 55.2755101, 25.1867798 ], [ 55.2746532, 25.1873165 ], [ 55.2739922, 25.1877304 ], [ 55.2737645, 25.1878731 ] ] } },
{ "type": "Feature", "properties": { "osm_id": 484101025, "hw": "tertiary", "nm": "Burj Khalifa Street", "lanes": 4, "oneway": "yes", "sw": 14.0, "swl": 2.5, "swr": 2.5, "nright": 4, "cline": "none", "key": "14.0|2.5|2.5|4|none", "bridge": 0, "net": "surface", "len_m": 61.2 }, "geometry": { "type": "LineString", "coordinates": [ [ 55.2765096, 25.1861571 ], [ 55.2761747, 25.1863711 ], [ 55.2761181, 25.1864093 ], [ 55.2760102, 25.1864716 ] ] } },
{ "type": "Feature", "properties": { "osm_id": 484101026, "hw": "tertiary", "nm": "Burj Khalifa Street", "lanes": 5, "oneway": "yes", "sw": 17.5, "swl": 2.5, "swr": 2.5, "nright": 5, "cline": "none", "key": "17.5|2.5|2.5|5|none", "bridge": 0, "net": "surface", "len_m": 89.9 }, "geometry": { "type": "LineString", "coordinates": [ [ 55.2771425, 25.1855855 ], [ 55.2770563, 25.1856561 ], [ 55.2769246, 25.1857866 ], [ 55.2767877, 25.1859128 ], [ 55.2766458, 25.1860343 ], [ 55.2765096, 25.1861571 ] ] } },
{ "type": "Feature", "properties": { "osm_id": 484101027, "hw": "tertiary", "nm": "Burj Khalifa Street", "lanes": 2, "oneway": "yes", "sw": 7.0, "swl": 2.5, "swr": 2.5, "nright": 2, "cline": "none", "key": "7.0|2.5|2.5|2|none", "bridge": 0, "net": "surface", "len_m": 77.3 }, "geometry": { "type": "LineString", "coordinates": [ [ 55.2777305, 25.1851715 ], [ 55.2776082, 25.1851947 ], [ 55.2775115, 25.1852351 ], [ 55.277437, 25.1852855 ], [ 55.2773863, 25.185332 ], [ 55.2773346, 25.1853797 ], [ 55.2771425, 25.1855855 ] ] } },
{ "type": "Feature", "properties": { "osm_id": 484101048, "hw": "tertiary", "nm": "Burj Khalifa Street", "lanes": 3, "oneway": "yes", "sw": 10.5, "swl": 2.5, "swr": 2.5, "nright": 3, "cline": "none", "key": "10.5|2.5|2.5|3|none", "bridge": 0, "net": "surface", "len_m": 225.1 }, "geometry": { "type": "LineString", "coordinates": [ [ 55.2725933, 25.1884258 ], [ 55.2728253, 25.1882904 ], [ 55.2729325, 25.1882198 ], [ 55.2744271, 25.1872664 ] ] } },
{ "type": "Feature", "properties": { "osm_id": 484101051, "hw": "tertiary", "nm": "Burj Khalifa Street", "lanes": 5, "oneway": "yes", "sw": 17.5, "swl": 2.5, "swr": 2.5, "nright": 5, "cline": "none", "key": "17.5|2.5|2.5|5|none", "bridge": 0, "net": "surface", "len_m": 109.0 }, "geometry": { "type": "LineString", "coordinates": [ [ 55.2744271, 25.1872664 ], [ 55.2752998, 25.1866852 ] ] } },
{ "type": "Feature", "properties": { "osm_id": 484101054, "hw": "tertiary", "nm": "Burj Khalifa Street", "lanes": 5, "oneway": "yes", "sw": 17.5, "swl": 2.5, "swr": 2.5, "nright": 5, "cline": "none", "key": "17.5|2.5|2.5|5|none", "bridge": 0, "net": "surface", "len_m": 119.8 }, "geometry": { "type": "LineString", "coordinates": [ [ 55.2710784, 25.1893608 ], [ 55.2720653, 25.188758 ] ] } },
{ "type": "Feature", "properties": { "osm_id": 484101057, "hw": "tertiary", "nm": "Burj Khalifa Street", "lanes": 5, "oneway": "yes", "sw": 17.5, "swl": 2.5, "swr": 2.5, "nright": 5, "cline": "none", "key": "17.5|2.5|2.5|5|none", "bridge": 0, "net": "surface", "len_m": 38.3 }, "geometry": { "type": "LineString", "coordinates": [ [ 55.2720653, 25.188758 ], [ 55.2722401, 25.1886465 ], [ 55.2722795, 25.1886255 ], [ 55.2723805, 25.1885654 ] ] } },
{ "type": "Feature", "properties": { "osm_id": 484101060, "hw": "tertiary", "nm": "Burj Khalifa Street", "lanes": 3, "oneway": "yes", "sw": 10.5, "swl": 2.5, "swr": 2.5, "nright": 3, "cline": "none", "key": "10.5|2.5|2.5|3|none", "bridge": 0, "net": "surface", "len_m": 189.6 }, "geometry": { "type": "LineString", "coordinates": [ [ 55.269536, 25.190337 ], [ 55.2696749, 25.1902303 ], [ 55.269817, 25.190127 ], [ 55.2699621, 25.1900273 ], [ 55.2701102, 25.1899312 ], [ 55.2710784, 25.1893608 ] ] } },
{ "type": "Feature", "properties": { "osm_id": 484101063, "hw": "tertiary", "nm": "Burj Khalifa Street", "lanes": 3, "oneway": "yes", "sw": 10.5, "swl": 2.5, "swr": 2.5, "nright": 3, "cline": "none", "key": "10.5|2.5|2.5|3|none", "bridge": 0, "net": "surface", "len_m": 57.9 }, "geometry": { "type": "LineString", "coordinates": [ [ 55.2688179, 25.1910685 ], [ 55.2689163, 25.1909479 ], [ 55.2689885, 25.1908565 ], [ 55.2691049, 25.1907357 ], [ 55.2691764, 25.1906607 ] ] } },
{ "type": "Feature", "properties": { "osm_id": 484101067, "hw": "tertiary", "nm": "Burj Khalifa Street", "lanes": 4, "oneway": "yes", "sw": 14.0, "swl": 2.5, "swr": 2.5, "nright": 4, "cline": "none", "key": "14.0|2.5|2.5|4|none", "bridge": 0, "net": "surface", "len_m": 118.3 }, "geometry": { "type": "LineString", "coordinates": [ [ 55.268217, 25.1919846 ], [ 55.2682733, 25.1918783 ], [ 55.268327, 25.1917873 ], [ 55.2684377, 25.1916068 ], [ 55.2685608, 25.1914216 ], [ 55.2686795, 25.1912603 ], [ 55.2687871, 25.1911029 ], [ 55.2688179, 25.1910685 ] ] } },
{ "type": "Feature", "properties": { "osm_id": 484101070, "hw": "tertiary", "nm": "Burj Khalifa Street", "lanes": 3, "oneway": "yes", "sw": 10.5, "swl": 2.5, "swr": 2.5, "nright": 3, "cline": "none", "key": "10.5|2.5|2.5|3|none", "bridge": 0, "net": "surface", "len_m": 281.8 }, "geometry": { "type": "LineString", "coordinates": [ [ 55.2671494, 25.1942788 ], [ 55.2672441, 25.1942011 ], [ 55.2674213, 25.1940309 ], [ 55.2674535, 25.1939969 ], [ 55.267483, 25.1939609 ], [ 55.2675093, 25.1939228 ], [ 55.2675651, 25.1938392 ], [ 55.2676181, 25.1937542 ], [ 55.2676681, 25.1936677 ], [ 55.267715, 25.1935798 ], [ 55.2677588, 25.1934907 ], [ 55.2678082, 25.1933707 ], [ 55.2678491, 25.193248 ], [ 55.2678815, 25.1931233 ], [ 55.2679051, 25.1929971 ], [ 55.26792, 25.1928697 ], [ 55.2679585, 25.1926709 ], [ 55.2680097, 25.1924744 ], [ 55.268059, 25.1923214 ], [ 55.2681215, 25.1921706 ], [ 55.268217, 25.1919846 ] ] } },
{ "type": "Feature", "properties": { "osm_id": 484101090, "hw": "tertiary", "nm": "Al A'amal Street", "lanes": 3, "oneway": "yes", "sw": 10.5, "swl": 2.5, "swr": 2.5, "nright": 3, "cline": "none", "key": "10.5|2.5|2.5|3|none", "bridge": 0, "net": "surface", "len_m": 54.3 }, "geometry": { "type": "LineString", "coordinates": [ [ 55.2688499, 25.1903984 ], [ 55.268744, 25.1903147 ], [ 55.2686354, 25.1902339 ], [ 55.268524, 25.1901562 ], [ 55.2684292, 25.1900926 ] ] } },
{ "type": "Feature", "properties": { "osm_id": 484101093, "hw": "tertiary", "nm": "Al A'amal Street", "lanes": 2, "oneway": "yes", "sw": 7.0, "swl": 2.5, "swr": 2.5, "nright": 2, "cline": "none", "key": "7.0|2.5|2.5|2|none", "bridge": 0, "net": "surface", "len_m": 21.3 }, "geometry": { "type": "LineString", "coordinates": [ [ 55.2693279, 25.1907944 ], [ 55.2691764, 25.1906607 ] ] } },
{ "type": "Feature", "properties": { "osm_id": 484101096, "hw": "tertiary", "nm": "Al A'amal Street", "lanes": 3, "oneway": "yes", "sw": 10.5, "swl": 2.5, "swr": 2.5, "nright": 3, "cline": "none", "key": "10.5|2.5|2.5|3|none", "bridge": 0, "net": "surface", "len_m": 40.2 }, "geometry": { "type": "LineString", "coordinates": [ [ 55.2689545, 25.1903393 ], [ 55.2691163, 25.1904732 ], [ 55.2691794, 25.1905216 ], [ 55.269251, 25.1905819 ] ] } },
{ "type": "Feature", "properties": { "osm_id": 484101099, "hw": "tertiary", "nm": "Al A'amal Street", "lanes": 3, "oneway": "yes", "sw": 10.5, "swl": 2.5, "swr": 2.5, "nright": 3, "cline": "none", "key": "10.5|2.5|2.5|3|none", "bridge": 0, "net": "surface", "len_m": 69.4 }, "geometry": { "type": "LineString", "coordinates": [ [ 55.2684187, 25.1899464 ], [ 55.2685467, 25.1900317 ], [ 55.2686721, 25.1901201 ], [ 55.2687946, 25.1902117 ], [ 55.2689137, 25.1903064 ], [ 55.2689545, 25.1903393 ] ] } },
{ "type": "Feature", "properties": { "osm_id": 484101114, "hw": "tertiary", "nm": "Burj Khalifa Street", "lanes": 5, "oneway": "yes", "sw": 17.5, "swl": 2.5, "swr": 2.5, "nright": 5, "cline": "none", "key": "17.5|2.5|2.5|5|none", "bridge": 0, "net": "surface", "len_m": 77.6 }, "geometry": { "type": "LineString", "coordinates": [ [ 55.2678116, 25.1939294 ], [ 55.267736, 25.1939702 ], [ 55.2676723, 25.194055 ], [ 55.2676018, 25.1941352 ], [ 55.2675248, 25.1942104 ], [ 55.2674034, 25.1943142 ], [ 55.2673656, 25.1943465 ], [ 55.2672743, 25.1944239 ] ] } },
{ "type": "Feature", "properties": { "osm_id": 484101117, "hw": "tertiary", "nm": "Burj Khalifa Street", "lanes": 6, "oneway": "yes", "sw": 21.0, "swl": 2.5, "swr": 2.5, "nright": 6, "cline": "none", "key": "21.0|2.5|2.5|6|none", "bridge": 0, "net": "surface", "len_m": 35.6 }, "geometry": { "type": "LineString", "coordinates": [ [ 55.2679197, 25.1936248 ], [ 55.2678894, 25.193743 ], [ 55.2678695, 25.1938069 ], [ 55.2678385, 25.1938704 ], [ 55.2678116, 25.1939294 ] ] } },
{ "type": "Feature", "properties": { "osm_id": 484101121, "hw": "tertiary", "nm": "Al Mustaqbal Street", "lanes": 3, "oneway": "yes", "sw": 10.5, "swl": 2.5, "swr": 2.5, "nright": 3, "cline": "none", "key": "10.5|2.5|2.5|3|none", "bridge": 0, "net": "surface", "len_m": 125.9 }, "geometry": { "type": "LineString", "coordinates": [ [ 55.2668078, 25.1945527 ], [ 55.2667365, 25.1944703 ], [ 55.2665461, 25.1942594 ], [ 55.2660117, 25.1936766 ] ] } },
{ "type": "Feature", "properties": { "osm_id": 484101124, "hw": "tertiary", "nm": "Burj Khalifa Street", "lanes": 5, "oneway": "yes", "sw": 17.5, "swl": 2.5, "swr": 2.5, "nright": 5, "cline": "none", "key": "17.5|2.5|2.5|5|none", "bridge": 0, "net": "surface", "len_m": 44.3 }, "geometry": { "type": "LineString", "coordinates": [ [ 55.2661543, 25.1950622 ], [ 55.2664847, 25.1947982 ] ] } },
{ "type": "Feature", "properties": { "osm_id": 484101127, "hw": "tertiary", "nm": "Burj Khalifa Street", "lanes": 4, "oneway": "yes", "sw": 14.0, "swl": 2.5, "swr": 2.5, "nright": 4, "cline": "none", "key": "14.0|2.5|2.5|4|none", "bridge": 0, "net": "surface", "len_m": 42.4 }, "geometry": { "type": "LineString", "coordinates": [ [ 55.2664847, 25.1947982 ], [ 55.2667009, 25.1946363 ], [ 55.2667406, 25.1946065 ], [ 55.2668078, 25.1945527 ] ] } },
{ "type": "Feature", "properties": { "osm_id": 484101133, "hw": "tertiary", "nm": "Burj Khalifa Street", "lanes": 2, "oneway": "yes", "sw": 7.0, "swl": 2.5, "swr": 2.5, "nright": 2, "cline": "none", "key": "7.0|2.5|2.5|2|none", "bridge": 0, "net": "surface", "len_m": 144.9 }, "geometry": { "type": "LineString", "coordinates": [ [ 55.2669352, 25.1947005 ], [ 55.2668727, 25.1947537 ], [ 55.2667246, 25.194864 ], [ 55.2661311, 25.1953016 ], [ 55.2660414, 25.1953829 ], [ 55.2659838, 25.1954151 ], [ 55.2659225, 25.195441 ], [ 55.2658726, 25.1954577 ], [ 55.2657919, 25.195472 ] ] } },
{ "type": "Feature", "properties": { "osm_id": 484101135, "hw": "tertiary", "nm": "Al Mustaqbal Street", "lanes": 5, "oneway": "yes", "sw": 17.5, "swl": 2.5, "swr": 2.5, "nright": 5, "cline": "none", "key": "17.5|2.5|2.5|5|none", "bridge": 0, "net": "surface", "len_m": 36.2 }, "geometry": { "type": "LineString", "coordinates": [ [ 55.2675666, 25.195398 ], [ 55.2673401, 25.1951439 ] ] } },
{ "type": "Feature", "properties": { "osm_id": 484101139, "hw": "tertiary", "nm": "Al Mustaqbal Street", "lanes": 4, "oneway": "yes", "sw": 14.0, "swl": 2.5, "swr": 2.5, "nright": 4, "cline": "none", "key": "14.0|2.5|2.5|4|none", "bridge": 0, "net": "surface", "len_m": 53.6 }, "geometry": { "type": "LineString", "coordinates": [ [ 55.2673401, 25.1951439 ], [ 55.2670323, 25.1948098 ], [ 55.2669987, 25.1947733 ] ] } },
{ "type": "Feature", "properties": { "osm_id": 484101142, "hw": "tertiary", "nm": "Al Mustaqbal Street", "lanes": 2, "oneway": "yes", "sw": 7.0, "swl": 2.5, "swr": 2.5, "nright": 2, "cline": "none", "key": "7.0|2.5|2.5|2|none", "bridge": 0, "net": "surface", "len_m": 292.4 }, "geometry": { "type": "LineString", "coordinates": [ [ 55.2660117, 25.1936766 ], [ 55.2657972, 25.1934424 ], [ 55.265266, 25.1928299 ], [ 55.2651004, 25.1926508 ], [ 55.2649288, 25.1924765 ], [ 55.2647514, 25.192307 ], [ 55.2643254, 25.1918836 ], [ 55.2641339, 25.1916659 ] ] } },
{ "type": "Feature", "properties": { "osm_id": 484101145, "hw": "tertiary", "nm": "Al Mustaqbal Street", "lanes": 5, "oneway": "yes", "sw": 17.5, "swl": 2.5, "swr": 2.5, "nright": 5, "cline": "none", "key": "17.5|2.5|2.5|5|none", "bridge": 0, "net": "surface", "len_m": 32.4 }, "geometry": { "type": "LineString", "coordinates": [ [ 55.266515, 25.1936134 ], [ 55.2667365, 25.1938256 ] ] } },
{ "type": "Feature", "properties": { "osm_id": 484101149, "hw": "tertiary", "nm": "Al Mustaqbal Street", "lanes": 4, "oneway": "yes", "sw": 14.0, "swl": 2.5, "swr": 2.5, "nright": 4, "cline": "none", "key": "14.0|2.5|2.5|4|none", "bridge": 0, "net": "surface", "len_m": 65.2 }, "geometry": { "type": "LineString", "coordinates": [ [ 55.2667365, 25.1938256 ], [ 55.2670552, 25.1941715 ], [ 55.2670858, 25.1942047 ], [ 55.2671494, 25.1942788 ] ] } },
{ "type": "Feature", "properties": { "osm_id": 484101152, "hw": "tertiary", "nm": "Al Mustaqbal Street", "lanes": 2, "oneway": "yes", "sw": 7.0, "swl": 2.5, "swr": 2.5, "nright": 2, "cline": "none", "key": "7.0|2.5|2.5|2|none", "bridge": 0, "net": "surface", "len_m": 688.0 }, "geometry": { "type": "LineString", "coordinates": [ [ 55.2620966, 25.188882 ], [ 55.262271, 25.1890827 ], [ 55.2624327, 25.1892585 ], [ 55.2635408, 25.1904631 ], [ 55.2640768, 25.1910174 ], [ 55.264164, 25.19109 ], [ 55.2642488, 25.1911649 ], [ 55.2643313, 25.1912419 ], [ 55.2646465, 25.191556 ], [ 55.2664001, 25.1934883 ], [ 55.266515, 25.1936134 ] ] } },
{ "type": "Feature", "properties": { "osm_id": 484348157, "hw": "secondary_link", "nm": "Marasi Drive", "lanes": 1, "oneway": "yes", "sw": 3.5, "swl": 1.0, "swr": 1.0, "nright": 1, "cline": "none", "key": "3.5|1.0|1.0|1|none", "bridge": 0, "net": "surface", "len_m": 243.5 }, "geometry": { "type": "LineString", "coordinates": [ [ 55.276645, 25.1842977 ], [ 55.2767409, 25.1842573 ], [ 55.2768078, 25.1842391 ], [ 55.2769267, 25.1842014 ], [ 55.2770469, 25.1841673 ], [ 55.2771683, 25.1841368 ], [ 55.2772907, 25.1841101 ], [ 55.2774141, 25.1840871 ], [ 55.2775884, 25.1840611 ], [ 55.2777636, 25.1840403 ], [ 55.2779394, 25.1840244 ], [ 55.2780881, 25.1840149 ], [ 55.2784132, 25.1840005 ], [ 55.2785345, 25.184 ], [ 55.2786556, 25.1840056 ], [ 55.2787761, 25.1840173 ], [ 55.2788558, 25.1840292 ], [ 55.2788958, 25.1840351 ], [ 55.2790142, 25.184059 ] ] } },
{ "type": "Feature", "properties": { "osm_id": 484348159, "hw": "secondary", "nm": "Marasi Drive", "lanes": 5, "oneway": "yes", "sw": 17.5, "swl": 3.0, "swr": 3.0, "nright": 5, "cline": "none", "key": "17.5|3.0|3.0|5|none", "bridge": 0, "net": "surface", "len_m": 21.6 }, "geometry": { "type": "LineString", "coordinates": [ [ 55.265525, 25.1869962 ], [ 55.2653877, 25.1868462 ] ] } },
{ "type": "Feature", "properties": { "osm_id": 484348160, "hw": "secondary", "nm": "Marasi Drive", "lanes": 4, "oneway": "yes", "sw": 14.0, "swl": 3.0, "swr": 3.0, "nright": 4, "cline": "none", "key": "14.0|3.0|3.0|4|none", "bridge": 0, "net": "surface", "len_m": 75.1 }, "geometry": { "type": "LineString", "coordinates": [ [ 55.2660689, 25.1874581 ], [ 55.2659241, 25.1873508 ], [ 55.2657847, 25.1872386 ], [ 55.2656516, 25.1871203 ], [ 55.265525, 25.1869962 ] ] } },
{ "type": "Feature", "properties": { "osm_id": 484348161, "hw": "secondary", "nm": "Marasi Drive", "lanes": 3, "oneway": "yes", "sw": 10.5, "swl": 3.0, "swr": 3.0, "nright": 3, "cline": "none", "key": "10.5|3.0|3.0|3|none", "bridge": 0, "net": "surface", "len_m": 53.0 }, "geometry": { "type": "LineString", "coordinates": [ [ 55.2653877, 25.1868462 ], [ 55.2651838, 25.1866044 ], [ 55.2651548, 25.1865701 ], [ 55.2650677, 25.1864666 ] ] } },
{ "type": "Feature", "properties": { "osm_id": 484348162, "hw": "secondary", "nm": "Marasi Drive", "lanes": 3, "oneway": "yes", "sw": 10.5, "swl": 3.0, "swr": 3.0, "nright": 3, "cline": "none", "key": "10.5|3.0|3.0|3|none", "bridge": 0, "net": "surface", "len_m": 68.9 }, "geometry": { "type": "LineString", "coordinates": [ [ 55.2722115, 25.1872487 ], [ 55.2720349, 25.1873777 ], [ 55.271855, 25.1875028 ], [ 55.2717343, 25.1875829 ], [ 55.2716684, 25.1876266 ] ] } },
{ "type": "Feature", "properties": { "osm_id": 484348163, "hw": "secondary", "nm": "Marasi Drive", "lanes": 4, "oneway": "yes", "sw": 14.0, "swl": 3.0, "swr": 3.0, "nright": 4, "cline": "none", "key": "14.0|3.0|3.0|4|none", "bridge": 0, "net": "surface", "len_m": 69.4 }, "geometry": { "type": "LineString", "coordinates": [ [ 55.2727629, 25.1868738 ], [ 55.2723395, 25.1871617 ], [ 55.2722115, 25.1872487 ] ] } },
{ "type": "Feature", "properties": { "osm_id": 484348164, "hw": "secondary", "nm": "Marasi Drive", "lanes": 3, "oneway": "yes", "sw": 10.5, "swl": 3.0, "swr": 3.0, "nright": 3, "cline": "none", "key": "10.5|3.0|3.0|3|none", "bridge": 0, "net": "surface", "len_m": 51.9 }, "geometry": { "type": "LineString", "coordinates": [ [ 55.2754187, 25.1850639 ], [ 55.2751032, 25.1852705 ], [ 55.275001, 25.1853374 ] ] } },
{ "type": "Feature", "properties": { "osm_id": 484348165, "hw": "secondary", "nm": "Marasi Drive", "lanes": 3, "oneway": "yes", "sw": 10.5, "swl": 3.0, "swr": 3.0, "nright": 3, "cline": "none", "key": "10.5|3.0|3.0|3|none", "bridge": 0, "net": "surface", "len_m": 11.5 }, "geometry": { "type": "LineString", "coordinates": [ [ 55.275001, 25.1853374 ], [ 55.2749094, 25.1853991 ] ] } },
{ "type": "Feature", "properties": { "osm_id": 484348166, "hw": "secondary", "nm": "Marasi Drive", "lanes": 4, "oneway": "yes", "sw": 14.0, "swl": 3.0, "swr": 3.0, "nright": 4, "cline": "none", "key": "14.0|3.0|3.0|4|none", "bridge": 0, "net": "surface", "len_m": 116.6 }, "geometry": { "type": "LineString", "coordinates": [ [ 55.2764271, 25.1845535 ], [ 55.2762149, 25.1846371 ], [ 55.2760076, 25.1847305 ], [ 55.275806, 25.1848333 ], [ 55.2756104, 25.1849453 ], [ 55.2755831, 25.1849622 ], [ 55.2755508, 25.1849822 ], [ 55.2754187, 25.1850639 ] ] } },
{ "type": "Feature", "properties": { "osm_id": 484348167, "hw": "secondary", "nm": "Marasi Drive", "lanes": 2, "oneway": "yes", "sw": 7.0, "swl": 3.0, "swr": 3.0, "nright": 2, "cline": "none", "key": "7.0|3.0|3.0|2|none", "bridge": 0, "net": "surface", "len_m": 119.7 }, "geometry": { "type": "LineString", "coordinates": [ [ 55.277408, 25.1845715 ], [ 55.2774095, 25.1845021 ], [ 55.2773861, 25.1844368 ], [ 55.2773383, 25.1843834 ], [ 55.2772725, 25.1843493 ], [ 55.2771975, 25.1843397 ], [ 55.2771331, 25.1843436 ], [ 55.2770693, 25.1843527 ], [ 55.2768818, 25.1844012 ], [ 55.2768593, 25.184407 ], [ 55.2767134, 25.1844514 ], [ 55.2765692, 25.1845 ], [ 55.2764271, 25.1845535 ] ] } },
{ "type": "Feature", "properties": { "osm_id": 484348169, "hw": "secondary", "nm": "Marasi Drive", "lanes": 4, "oneway": "yes", "sw": 14.0, "swl": 3.0, "swr": 3.0, "nright": 4, "cline": "none", "key": "14.0|3.0|3.0|4|none", "bridge": 0, "net": "surface", "len_m": 37.5 }, "geometry": { "type": "LineString", "coordinates": [ [ 55.2739169, 25.1858927 ], [ 55.2742131, 25.1856872 ] ] } },
{ "type": "Feature", "properties": { "osm_id": 484348174, "hw": "secondary", "nm": "Marasi Drive", "lanes": 3, "oneway": "yes", "sw": 10.5, "swl": 3.0, "swr": 3.0, "nright": 3, "cline": "none", "key": "10.5|3.0|3.0|3|none", "bridge": 0, "net": "surface", "len_m": 166.4 }, "geometry": { "type": "LineString", "coordinates": [ [ 55.2751825, 25.1849877 ], [ 55.2753282, 25.1848985 ], [ 55.2754761, 25.1848147 ], [ 55.2756261, 25.1847341 ], [ 55.2757782, 25.1846585 ], [ 55.2760031, 25.1845566 ], [ 55.2762302, 25.1844605 ], [ 55.2764593, 25.1843684 ], [ 55.276645, 25.1842977 ] ] } },
{ "type": "Feature", "properties": { "osm_id": 484397146, "hw": "tertiary", "nm": "Al Asayel Street", "lanes": 2, "oneway": "yes", "sw": 7.0, "swl": 2.5, "swr": 2.5, "nright": 2, "cline": "none", "key": "7.0|2.5|2.5|2|none", "bridge": 0, "net": "surface", "len_m": 291.3 }, "geometry": { "type": "LineString", "coordinates": [ [ 55.2784412, 25.1847541 ], [ 55.278466, 25.1848236 ], [ 55.2784985, 25.1848904 ], [ 55.2785382, 25.1849539 ], [ 55.278621, 25.1850639 ], [ 55.2788561, 25.185298 ], [ 55.2789215, 25.1853724 ], [ 55.2789845, 25.1854484 ], [ 55.2790453, 25.1855259 ], [ 55.2791038, 25.1856048 ], [ 55.2791317, 25.185642 ], [ 55.2791599, 25.1856852 ], [ 55.2792136, 25.1857669 ], [ 55.2793237, 25.1859383 ], [ 55.2793686, 25.1860082 ], [ 55.2794189, 25.1860934 ], [ 55.2794716, 25.1861773 ], [ 55.2795266, 25.18626 ], [ 55.2795841, 25.1863414 ], [ 55.2800352, 25.1869354 ] ] } },
{ "type": "Feature", "properties": { "osm_id": 484397151, "hw": "secondary", "nm": "Marasi Drive", "lanes": 4, "oneway": "yes", "sw": 14.0, "swl": 3.0, "swr": 3.0, "nright": 4, "cline": "none", "key": "14.0|3.0|3.0|4|none", "bridge": 0, "net": "surface", "len_m": 61.6 }, "geometry": { "type": "LineString", "coordinates": [ [ 55.2829714, 25.1865361 ], [ 55.2828933, 25.1864167 ], [ 55.2828107, 25.1862997 ], [ 55.2827242, 25.1861851 ], [ 55.2826338, 25.186073 ] ] } },
{ "type": "Feature", "properties": { "osm_id": 484397152, "hw": "secondary", "nm": "Marasi Drive", "lanes": 3, "oneway": "yes", "sw": 10.5, "swl": 3.0, "swr": 3.0, "nright": 3, "cline": "none", "key": "10.5|3.0|3.0|3|none", "bridge": 0, "net": "surface", "len_m": 448.9 }, "geometry": { "type": "LineString", "coordinates": [ [ 55.2839869, 25.1904435 ], [ 55.2839273, 25.1902805 ], [ 55.2838878, 25.1901473 ], [ 55.2838592, 25.1899967 ], [ 55.2838449, 25.1898985 ], [ 55.2837816, 25.1893705 ], [ 55.2836738, 25.1884524 ], [ 55.2836323, 25.1881745 ], [ 55.2835876, 25.187959 ], [ 55.2835318, 25.1877456 ], [ 55.2834649, 25.1875348 ], [ 55.2833872, 25.1873271 ], [ 55.2832787, 25.1870805 ], [ 55.2831999, 25.1869228 ], [ 55.2830907, 25.186727 ], [ 55.2829714, 25.1865361 ] ] } },
{ "type": "Feature", "properties": { "osm_id": 484397153, "hw": "secondary_link", "nm": "", "lanes": 2, "oneway": "yes", "sw": 7.0, "swl": 1.0, "swr": 1.0, "nright": 2, "cline": "none", "key": "7.0|1.0|1.0|2|none", "bridge": 0, "net": "surface", "len_m": 71.3 }, "geometry": { "type": "LineString", "coordinates": [ [ 55.2844394, 25.1912142 ], [ 55.2843789, 25.1911724 ], [ 55.2843116, 25.1911386 ], [ 55.2842408, 25.1911112 ], [ 55.2841674, 25.1910905 ], [ 55.2841421, 25.1910859 ], [ 55.2840919, 25.1910768 ], [ 55.2840226, 25.1910704 ], [ 55.2839449, 25.1910682 ], [ 55.2837681, 25.1910731 ] ] } },
{ "type": "Feature", "properties": { "osm_id": 484397154, "hw": "secondary", "nm": "Marasi Drive", "lanes": 4, "oneway": "yes", "sw": 14.0, "swl": 3.0, "swr": 3.0, "nright": 4, "cline": "none", "key": "14.0|3.0|3.0|4|none", "bridge": 0, "net": "surface", "len_m": 77.5 }, "geometry": { "type": "LineString", "coordinates": [ [ 55.2849728, 25.1917156 ], [ 55.2848748, 25.1916404 ], [ 55.2847801, 25.1915618 ], [ 55.2846891, 25.1914797 ], [ 55.2846019, 25.1913943 ], [ 55.2845187, 25.1913057 ], [ 55.2844394, 25.1912142 ] ] } },
{ "type": "Feature", "properties": { "osm_id": 484397155, "hw": "secondary", "nm": "Marasi Drive", "lanes": 3, "oneway": "yes", "sw": 10.5, "swl": 3.0, "swr": 3.0, "nright": 3, "cline": "none", "key": "10.5|3.0|3.0|3|none", "bridge": 0, "net": "surface", "len_m": 330.2 }, "geometry": { "type": "LineString", "coordinates": [ [ 55.2880781, 25.1919894 ], [ 55.2880289, 25.1920104 ], [ 55.287854, 25.1920732 ], [ 55.287691, 25.1921231 ], [ 55.2875022, 25.1921703 ], [ 55.2873106, 25.1922068 ], [ 55.2871745, 25.1922249 ], [ 55.2871169, 25.1922325 ], [ 55.2869848, 25.1922426 ], [ 55.2869218, 25.1922474 ], [ 55.2867261, 25.1922513 ], [ 55.2865305, 25.1922443 ], [ 55.2863679, 25.192229 ], [ 55.2862063, 25.1922071 ], [ 55.2860459, 25.1921789 ], [ 55.2858806, 25.1921389 ], [ 55.2857184, 25.1920896 ], [ 55.2855597, 25.1920316 ], [ 55.2854053, 25.1919648 ], [ 55.2852556, 25.1918898 ], [ 55.2851113, 25.1918066 ], [ 55.2849728, 25.1917156 ] ] } },
{ "type": "Feature", "properties": { "osm_id": 484397157, "hw": "tertiary", "nm": "Marasi Drive", "lanes": 5, "oneway": "yes", "sw": 17.5, "swl": 2.5, "swr": 2.5, "nright": 5, "cline": "none", "key": "17.5|2.5|2.5|5|none", "bridge": 0, "net": "surface", "len_m": 94.8 }, "geometry": { "type": "LineString", "coordinates": [ [ 55.2893582, 25.1905352 ], [ 55.2894073, 25.1904257 ], [ 55.2894442, 25.1903228 ], [ 55.2894747, 25.1902183 ], [ 55.2894986, 25.1901123 ], [ 55.2895158, 25.1900053 ], [ 55.2895222, 25.1899407 ], [ 55.2895264, 25.1898976 ], [ 55.2895276, 25.1897912 ], [ 55.2895301, 25.1897013 ] ] } },
{ "type": "Feature", "properties": { "osm_id": 484397158, "hw": "secondary", "nm": "Marasi Drive", "lanes": 5, "oneway": "yes", "sw": 17.5, "swl": 3.0, "swr": 3.0, "nright": 5, "cline": "none", "key": "17.5|3.0|3.0|5|none", "bridge": 1, "net": "surface", "len_m": 58.7 }, "geometry": { "type": "LineString", "coordinates": [ [ 55.2890873, 25.1910033 ], [ 55.2891678, 25.1908898 ], [ 55.289241, 25.1907722 ], [ 55.2893064, 25.190651 ], [ 55.2893582, 25.1905352 ] ] } },
{ "type": "Feature", "properties": { "osm_id": 484397160, "hw": "secondary", "nm": "Marasi Drive", "lanes": 3, "oneway": "yes", "sw": 10.5, "swl": 3.0, "swr": 3.0, "nright": 3, "cline": "none", "key": "10.5|3.0|3.0|3|none", "bridge": 0, "net": "surface", "len_m": 1008.0 }, "geometry": { "type": "LineString", "coordinates": [ [ 55.2790142, 25.184059 ], [ 55.2792274, 25.184084 ], [ 55.2794394, 25.1841166 ], [ 55.2796498, 25.1841567 ], [ 55.2798582, 25.1842044 ], [ 55.2800645, 25.1842594 ], [ 55.2802681, 25.1843218 ], [ 55.2804689, 25.1843914 ], [ 55.2806067, 25.1844449 ], [ 55.2808606, 25.1845519 ], [ 55.2810508, 25.1846425 ], [ 55.2813503, 25.1848046 ], [ 55.2815959, 25.1849542 ], [ 55.281768, 25.1850708 ], [ 55.2819349, 25.1851934 ], [ 55.2820963, 25.1853219 ], [ 55.282252, 25.1854561 ], [ 55.2822849, 25.1854868 ], [ 55.2824018, 25.1855958 ], [ 55.2825038, 25.1856909 ], [ 55.2825963, 25.1857892 ], [ 55.2827361, 25.1859488 ], [ 55.2828687, 25.1861135 ], [ 55.2829937, 25.1862829 ], [ 55.283063, 25.1863824 ], [ 55.2832204, 25.1866349 ], [ 55.2833388, 25.1868512 ], [ 55.2834146, 25.1870024 ], [ 55.2834992, 25.1871913 ], [ 55.2835751, 25.1873831 ], [ 55.2836423, 25.1875775 ], [ 55.2837008, 25.1877742 ], [ 55.2837503, 25.187973 ], [ 55.2837908, 25.1881734 ], [ 55.2838222, 25.1883751 ], [ 55.2839621, 25.1895752 ], [ 55.2839928, 25.1898381 ], [ 55.2840181, 25.1899933 ], [ 55.2840534, 25.1901468 ], [ 55.2840986, 25.1902982 ], [ 55.2841534, 25.190447 ], [ 55.284202, 25.1905568 ], [ 55.2842178, 25.1905926 ], [ 55.2842598, 25.190666 ], [ 55.2843261, 25.1907773 ] ] } },
{ "type": "Feature", "properties": { "osm_id": 484399983, "hw": "tertiary_link", "nm": "", "lanes": 1, "oneway": "yes", "sw": 3.5, "swl": 1.0, "swr": 1.0, "nright": 1, "cline": "none", "key": "3.5|1.0|1.0|1|none", "bridge": 0, "net": "surface", "len_m": 47.2 }, "geometry": { "type": "LineString", "coordinates": [ [ 55.2801686, 25.1871206 ], [ 55.2802023, 25.1871454 ], [ 55.2802328, 25.1871727 ], [ 55.2802613, 25.1872017 ], [ 55.2803559, 25.1873161 ], [ 55.2803848, 25.1873481 ], [ 55.2804173, 25.1873773 ], [ 55.2804529, 25.1874033 ], [ 55.2804912, 25.1874259 ] ] } },
{ "type": "Feature", "properties": { "osm_id": 484399984, "hw": "tertiary", "nm": "Al Asayel Street", "lanes": 2, "oneway": "yes", "sw": 7.0, "swl": 2.5, "swr": 2.5, "nright": 2, "cline": "none", "key": "7.0|2.5|2.5|2|none", "bridge": 0, "net": "surface", "len_m": 251.1 }, "geometry": { "type": "LineString", "coordinates": [ [ 55.2800352, 25.1869354 ], [ 55.2801686, 25.1871206 ], [ 55.2803951, 25.1874318 ], [ 55.2804382, 25.1874888 ], [ 55.2804829, 25.1875448 ], [ 55.2808174, 25.1879565 ], [ 55.2808754, 25.1880323 ], [ 55.2809326, 25.1881085 ], [ 55.2809892, 25.1881851 ], [ 55.2812652, 25.1885683 ], [ 55.2813481, 25.1886984 ], [ 55.2814168, 25.1888192 ] ] } },
{ "type": "Feature", "properties": { "osm_id": 484570058, "hw": "tertiary_link", "nm": "", "lanes": 1, "oneway": "yes", "sw": 3.5, "swl": 1.0, "swr": 1.0, "nright": 1, "cline": "none", "key": "3.5|1.0|1.0|1|none", "bridge": 0, "net": "surface", "len_m": 151.3 }, "geometry": { "type": "LineString", "coordinates": [ [ 55.2783829, 25.1856949 ], [ 55.278322, 25.1856546 ], [ 55.2782639, 25.1856111 ], [ 55.2782086, 25.1855647 ], [ 55.2781575, 25.1855149 ], [ 55.2780577, 25.1854146 ], [ 55.2779974, 25.1853687 ], [ 55.2779304, 25.1853329 ], [ 55.2778588, 25.1853079 ], [ 55.2777839, 25.1852925 ], [ 55.2777074, 25.1852868 ], [ 55.2776253, 25.1853007 ], [ 55.2775475, 25.1853209 ], [ 55.277482, 25.185347 ], [ 55.2774235, 25.1853833 ], [ 55.2773623, 25.1854245 ], [ 55.2771425, 25.1855855 ] ] } },
{ "type": "Feature", "properties": { "osm_id": 484570059, "hw": "primary_link", "nm": "Al Asayel Street", "lanes": 1, "oneway": "yes", "sw": 3.5, "swl": 1.0, "swr": 1.0, "nright": 1, "cline": "none", "key": "3.5|1.0|1.0|1|none", "bridge": 0, "net": "surface", "len_m": 265.1 }, "geometry": { "type": "LineString", "coordinates": [ [ 55.2815586, 25.1895586 ], [ 55.2814966, 25.1894716 ], [ 55.2814347, 25.1893844 ], [ 55.2813726, 25.1892974 ], [ 55.280761, 25.1884873 ], [ 55.2805019, 25.1881326 ], [ 55.2803771, 25.1879525 ], [ 55.2802782, 25.1878047 ], [ 55.2802441, 25.187751 ], [ 55.2802134, 25.1876957 ], [ 55.2801396, 25.1875469 ] ] } },
{ "type": "Feature", "properties": { "osm_id": 484570060, "hw": "primary_link", "nm": "Al Asayel Street", "lanes": 1, "oneway": "yes", "sw": 3.5, "swl": 1.0, "swr": 1.0, "nright": 1, "cline": "none", "key": "3.5|1.0|1.0|1|none", "bridge": 1, "net": "surface", "len_m": 174.3 }, "geometry": { "type": "LineString", "coordinates": [ [ 55.2831711, 25.1915433 ], [ 55.2831083, 25.1914966 ], [ 55.2830499, 25.1914454 ], [ 55.2829962, 25.1913901 ], [ 55.2829464, 25.191331 ], [ 55.2827382, 25.1910901 ], [ 55.2826663, 25.1910147 ], [ 55.28259, 25.1909429 ], [ 55.2825097, 25.1908748 ], [ 55.2824463, 25.1908226 ], [ 55.2823857, 25.1907677 ], [ 55.2823282, 25.1907102 ], [ 55.282274, 25.1906502 ], [ 55.2822231, 25.1905878 ], [ 55.282047, 25.1903545 ] ] } },
{ "type": "Feature", "properties": { "osm_id": 484589296, "hw": "secondary", "nm": "AL Alam Street", "lanes": 3, "oneway": "yes", "sw": 10.5, "swl": 3.0, "swr": 3.0, "nright": 3, "cline": "none", "key": "10.5|3.0|3.0|3|none", "bridge": 0, "net": "surface", "len_m": 36.8 }, "geometry": { "type": "LineString", "coordinates": [ [ 55.2721222, 25.1882853 ], [ 55.2720392, 25.1881906 ], [ 55.2718944, 25.1880254 ] ] } },
{ "type": "Feature", "properties": { "osm_id": 484589297, "hw": "secondary", "nm": "AL Alam Street", "lanes": 3, "oneway": "yes", "sw": 10.5, "swl": 3.0, "swr": 3.0, "nright": 3, "cline": "none", "key": "10.5|3.0|3.0|3|none", "bridge": 0, "net": "surface", "len_m": 13.1 }, "geometry": { "type": "LineString", "coordinates": [ [ 55.2723805, 25.1885654 ], [ 55.2723015, 25.188471 ] ] } },
{ "type": "Feature", "properties": { "osm_id": 484589298, "hw": "secondary", "nm": "AL Alam Street", "lanes": 4, "oneway": "yes", "sw": 14.0, "swl": 3.0, "swr": 3.0, "nright": 4, "cline": "none", "key": "14.0|3.0|3.0|4|none", "bridge": 0, "net": "surface", "len_m": 34.7 }, "geometry": { "type": "LineString", "coordinates": [ [ 55.2729169, 25.1892889 ], [ 55.2727217, 25.1890308 ] ] } },
{ "type": "Feature", "properties": { "osm_id": 484589299, "hw": "secondary", "nm": "AL Alam Street", "lanes": 4, "oneway": "yes", "sw": 14.0, "swl": 3.0, "swr": 3.0, "nright": 4, "cline": "none", "key": "14.0|3.0|3.0|4|none", "bridge": 0, "net": "surface", "len_m": 29.0 }, "geometry": { "type": "LineString", "coordinates": [ [ 55.2727217, 25.1890308 ], [ 55.2725858, 25.1888534 ], [ 55.2725571, 25.1888161 ] ] } },
{ "type": "Feature", "properties": { "osm_id": 484589300, "hw": "secondary", "nm": "AL Alam Street", "lanes": 2, "oneway": "yes", "sw": 7.0, "swl": 3.0, "swr": 3.0, "nright": 2, "cline": "none", "key": "7.0|3.0|3.0|2|none", "bridge": 0, "net": "surface", "len_m": 49.7 }, "geometry": { "type": "LineString", "coordinates": [ [ 55.2718944, 25.1880254 ], [ 55.2717063, 25.187812 ], [ 55.2716776, 25.1877795 ], [ 55.2715841, 25.1876767 ] ] } },
{ "type": "Feature", "properties": { "osm_id": 484589302, "hw": "secondary", "nm": "AL Alam Street", "lanes": 3, "oneway": "yes", "sw": 10.5, "swl": 3.0, "swr": 3.0, "nright": 3, "cline": "none", "key": "10.5|3.0|3.0|3|none", "bridge": 0, "net": "surface", "len_m": 20.6 }, "geometry": { "type": "LineString", "coordinates": [ [ 55.2720932, 25.1880932 ], [ 55.2722339, 25.1882278 ] ] } },
{ "type": "Feature", "properties": { "osm_id": 484589303, "hw": "secondary", "nm": "AL Alam Street", "lanes": 3, "oneway": "yes", "sw": 10.5, "swl": 3.0, "swr": 3.0, "nright": 3, "cline": "none", "key": "10.5|3.0|3.0|3|none", "bridge": 0, "net": "surface", "len_m": 26.6 }, "geometry": { "type": "LineString", "coordinates": [ [ 55.2722339, 25.1882278 ], [ 55.2723566, 25.1883711 ], [ 55.2723976, 25.1884166 ] ] } },
{ "type": "Feature", "properties": { "osm_id": 484589305, "hw": "tertiary", "nm": "Al Ohood Street", "lanes": 3, "oneway": "yes", "sw": 10.5, "swl": 2.5, "swr": 2.5, "nright": 3, "cline": "none", "key": "10.5|2.5|2.5|3|none", "bridge": 0, "net": "surface", "len_m": 47.5 }, "geometry": { "type": "LineString", "coordinates": [ [ 55.2764955, 25.1872116 ], [ 55.2764106, 25.1871013 ], [ 55.2763813, 25.1870633 ], [ 55.2762252, 25.1868605 ] ] } },
{ "type": "Feature", "properties": { "osm_id": 484589306, "hw": "tertiary", "nm": "Al Ohood Street", "lanes": 3, "oneway": "yes", "sw": 10.5, "swl": 2.5, "swr": 2.5, "nright": 3, "cline": "none", "key": "10.5|2.5|2.5|3|none", "bridge": 0, "net": "surface", "len_m": 47.5 }, "geometry": { "type": "LineString", "coordinates": [ [ 55.2762252, 25.1868605 ], [ 55.2760485, 25.1866582 ], [ 55.2760162, 25.1866212 ], [ 55.2759284, 25.1865273 ] ] } },
{ "type": "Feature", "properties": { "osm_id": 484589307, "hw": "tertiary", "nm": "Al Ohood Street", "lanes": 2, "oneway": "yes", "sw": 7.0, "swl": 2.5, "swr": 2.5, "nright": 2, "cline": "none", "key": "7.0|2.5|2.5|2|none", "bridge": 0, "net": "surface", "len_m": 93.8 }, "geometry": { "type": "LineString", "coordinates": [ [ 55.2770292, 25.187905 ], [ 55.2768661, 25.1876907 ], [ 55.2764955, 25.1872116 ] ] } },
{ "type": "Feature", "properties": { "osm_id": 484589308, "hw": "tertiary", "nm": "Al Asayel Street", "lanes": 4, "oneway": "yes", "sw": 14.0, "swl": 2.5, "swr": 2.5, "nright": 4, "cline": "none", "key": "14.0|2.5|2.5|4|none", "bridge": 0, "net": "surface", "len_m": 106.1 }, "geometry": { "type": "LineString", "coordinates": [ [ 55.2882418, 25.194388 ], [ 55.2881085, 25.1942843 ], [ 55.2879719, 25.1941843 ], [ 55.2878322, 25.1940879 ], [ 55.2876895, 25.193995 ], [ 55.2875439, 25.193906 ], [ 55.2873956, 25.1938207 ] ] } },
{ "type": "Feature", "properties": { "osm_id": 484589309, "hw": "tertiary", "nm": "Al Asayel Street", "lanes": 4, "oneway": "yes", "sw": 14.0, "swl": 2.5, "swr": 2.5, "nright": 4, "cline": "none", "key": "14.0|2.5|2.5|4|none", "bridge": 0, "net": "surface", "len_m": 100.9 }, "geometry": { "type": "LineString", "coordinates": [ [ 55.2889382, 25.1950376 ], [ 55.2889104, 25.1950254 ], [ 55.2888848, 25.1950099 ], [ 55.288862, 25.1949911 ], [ 55.2888423, 25.1949697 ], [ 55.2887753, 25.1948978 ], [ 55.2887, 25.1948169 ], [ 55.288615, 25.1947255 ], [ 55.2885266, 25.1946368 ], [ 55.2884348, 25.1945509 ], [ 55.2883398, 25.194468 ], [ 55.2882418, 25.194388 ] ] } },
{ "type": "Feature", "properties": { "osm_id": 484589311, "hw": "tertiary", "nm": "Al Asayel Street", "lanes": 2, "oneway": "yes", "sw": 7.0, "swl": 2.5, "swr": 2.5, "nright": 2, "cline": "none", "key": "7.0|2.5|2.5|2|none", "bridge": 0, "net": "surface", "len_m": 100.0 }, "geometry": { "type": "LineString", "coordinates": [ [ 55.2867061, 25.1935334 ], [ 55.2865371, 25.1934726 ], [ 55.2863628, 25.1934204 ], [ 55.2857604, 25.1932622 ] ] } },
{ "type": "Feature", "properties": { "osm_id": 484589312, "hw": "tertiary", "nm": "Al Asayel Street", "lanes": 4, "oneway": "yes", "sw": 14.0, "swl": 2.5, "swr": 2.5, "nright": 4, "cline": "none", "key": "14.0|2.5|2.5|4|none", "bridge": 0, "net": "surface", "len_m": 218.8 }, "geometry": { "type": "LineString", "coordinates": [ [ 55.2855209, 25.1931986 ], [ 55.2852628, 25.1931219 ], [ 55.28501, 25.1930319 ], [ 55.2847634, 25.1929287 ], [ 55.2845238, 25.1928127 ], [ 55.2844413, 25.192767 ], [ 55.284292, 25.1926844 ], [ 55.2840689, 25.1925441 ], [ 55.2838551, 25.1923924 ], [ 55.2836513, 25.1922297 ] ] } },
{ "type": "Feature", "properties": { "osm_id": 484589313, "hw": "tertiary", "nm": "Al Asayel Street", "lanes": 6, "oneway": "yes", "sw": 21.0, "swl": 2.5, "swr": 2.5, "nright": 6, "cline": "none", "key": "21.0|2.5|2.5|6|none", "bridge": 0, "net": "surface", "len_m": 40.6 }, "geometry": { "type": "LineString", "coordinates": [ [ 55.2836513, 25.1922297 ], [ 55.2833625, 25.1919737 ] ] } },
{ "type": "Feature", "properties": { "osm_id": 484589314, "hw": "tertiary", "nm": "Al Asayel Street", "lanes": 5, "oneway": "yes", "sw": 17.5, "swl": 2.5, "swr": 2.5, "nright": 5, "cline": "none", "key": "17.5|2.5|2.5|5|none", "bridge": 0, "net": "surface", "len_m": 67.7 }, "geometry": { "type": "LineString", "coordinates": [ [ 55.2833625, 25.1919737 ], [ 55.2830428, 25.1916044 ], [ 55.2830099, 25.1915664 ], [ 55.2829503, 25.1914916 ] ] } },
{ "type": "Feature", "properties": { "osm_id": 484589315, "hw": "tertiary", "nm": "Al Asayel Street", "lanes": 2, "oneway": "yes", "sw": 7.0, "swl": 2.5, "swr": 2.5, "nright": 2, "cline": "none", "key": "7.0|2.5|2.5|2|none", "bridge": 0, "net": "surface", "len_m": 181.4 }, "geometry": { "type": "LineString", "coordinates": [ [ 55.2828538, 25.1913588 ], [ 55.282808, 25.1912911 ], [ 55.2826621, 25.1910381 ], [ 55.2818774, 25.1899846 ] ] } },
{ "type": "Feature", "properties": { "osm_id": 484589316, "hw": "tertiary", "nm": "Al Asayel Street", "lanes": 1, "oneway": "yes", "sw": 3.5, "swl": 2.5, "swr": 2.5, "nright": 1, "cline": "none", "key": "3.5|2.5|2.5|1|none", "bridge": 0, "net": "surface", "len_m": 57.1 }, "geometry": { "type": "LineString", "coordinates": [ [ 55.2818774, 25.1899846 ], [ 55.2815586, 25.1895586 ] ] } },
{ "type": "Feature", "properties": { "osm_id": 484589317, "hw": "tertiary", "nm": "", "lanes": 1, "oneway": "yes", "sw": 3.5, "swl": 2.5, "swr": 2.5, "nright": 1, "cline": "none", "key": "3.5|2.5|2.5|1|none", "bridge": 0, "net": "surface", "len_m": 108.6 }, "geometry": { "type": "LineString", "coordinates": [ [ 55.2815586, 25.1895586 ], [ 55.2814833, 25.1894805 ], [ 55.2814107, 25.1894003 ], [ 55.2813408, 25.1893182 ], [ 55.2808882, 25.1887918 ] ] } },
{ "type": "Feature", "properties": { "osm_id": 484589318, "hw": "tertiary", "nm": "Al Asayel Street", "lanes": 2, "oneway": "yes", "sw": 7.0, "swl": 2.5, "swr": 2.5, "nright": 2, "cline": "none", "key": "7.0|2.5|2.5|2|none", "bridge": 0, "net": "surface", "len_m": 113.2 }, "geometry": { "type": "LineString", "coordinates": [ [ 55.2808882, 25.1887918 ], [ 55.2802627, 25.1879426 ] ] } },
{ "type": "Feature", "properties": { "osm_id": 484589319, "hw": "tertiary", "nm": "Al Asayel Street", "lanes": 1, "oneway": "yes", "sw": 3.5, "swl": 2.5, "swr": 2.5, "nright": 1, "cline": "none", "key": "3.5|2.5|2.5|1|none", "bridge": 0, "net": "surface", "len_m": 56.4 }, "geometry": { "type": "LineString", "coordinates": [ [ 55.2802627, 25.1879426 ], [ 55.2799587, 25.1875151 ] ] } },
{ "type": "Feature", "properties": { "osm_id": 484589320, "hw": "tertiary", "nm": "Al Asayel Street", "lanes": 2, "oneway": "yes", "sw": 7.0, "swl": 2.5, "swr": 2.5, "nright": 2, "cline": "none", "key": "7.0|2.5|2.5|2|none", "bridge": 0, "net": "surface", "len_m": 87.6 }, "geometry": { "type": "LineString", "coordinates": [ [ 55.2799587, 25.1875151 ], [ 55.2794521, 25.1868722 ] ] } },
{ "type": "Feature", "properties": { "osm_id": 484589321, "hw": "tertiary", "nm": "Al Asayel Street", "lanes": 4, "oneway": "yes", "sw": 14.0, "swl": 2.5, "swr": 2.5, "nright": 4, "cline": "none", "key": "14.0|2.5|2.5|4|none", "bridge": 0, "net": "surface", "len_m": 47.8 }, "geometry": { "type": "LineString", "coordinates": [ [ 55.2786979, 25.1860177 ], [ 55.2785182, 25.1858335 ], [ 55.2783829, 25.1856949 ] ] } },
{ "type": "Feature", "properties": { "osm_id": 484589324, "hw": "primary", "nm": "Al Asayel Street", "lanes": 2, "oneway": "yes", "sw": 7.0, "swl": 3.0, "swr": 3.0, "nright": 2, "cline": "none", "key": "7.0|3.0|3.0|2|none", "bridge": 1, "net": "surface", "len_m": 1373.8 }, "geometry": { "type": "LineString", "coordinates": [ [ 55.2801396, 25.1875469 ], [ 55.2788098, 25.1858132 ], [ 55.2787132, 25.1856925 ], [ 55.2785773, 25.1855267 ], [ 55.2784389, 25.1853627 ], [ 55.2782979, 25.1852005 ], [ 55.2781544, 25.1850401 ], [ 55.2780084, 25.1848816 ], [ 55.2778599, 25.1847249 ], [ 55.2777084, 25.1845605 ], [ 55.2775288, 25.1843784 ], [ 55.2773122, 25.1841647 ], [ 55.2770933, 25.1839529 ], [ 55.2768704, 25.1837444 ], [ 55.2766437, 25.1835394 ], [ 55.2735726, 25.1807871 ], [ 55.2735074, 25.1807308 ], [ 55.2734414, 25.1806688 ], [ 55.2727479, 25.1799908 ], [ 55.2726819, 25.1799271 ], [ 55.2726168, 25.1798627 ], [ 55.2725527, 25.1797974 ], [ 55.2724895, 25.1797314 ], [ 55.2711413, 25.1782703 ] ] } },
{ "type": "Feature", "properties": { "osm_id": 484589325, "hw": "primary", "nm": "Al Asayel Street", "lanes": 2, "oneway": "yes", "sw": 7.0, "swl": 3.0, "swr": 3.0, "nright": 2, "cline": "none", "key": "7.0|3.0|3.0|2|none", "bridge": 1, "net": "surface", "len_m": 392.6 }, "geometry": { "type": "LineString", "coordinates": [ [ 55.2831711, 25.1915433 ], [ 55.2828243, 25.19107 ], [ 55.2809742, 25.1886168 ] ] } },
{ "type": "Feature", "properties": { "osm_id": 484589326, "hw": "primary", "nm": "Al Asayel Street", "lanes": 3, "oneway": "yes", "sw": 10.5, "swl": 3.0, "swr": 3.0, "nright": 3, "cline": "none", "key": "10.5|3.0|3.0|3|none", "bridge": 0, "net": "surface", "len_m": 59.5 }, "geometry": { "type": "LineString", "coordinates": [ [ 55.2874813, 25.1936981 ], [ 55.2873096, 25.1936109 ], [ 55.2871333, 25.1935313 ], [ 55.2869537, 25.1934578 ] ] } },
{ "type": "Feature", "properties": { "osm_id": 484589327, "hw": "primary", "nm": "Al Asayel Street", "lanes": 3, "oneway": "yes", "sw": 10.5, "swl": 3.0, "swr": 3.0, "nright": 3, "cline": "none", "key": "10.5|3.0|3.0|3|none", "bridge": 1, "net": "surface", "len_m": 425.8 }, "geometry": { "type": "LineString", "coordinates": [ [ 55.2867709, 25.1933918 ], [ 55.2865709, 25.1933239 ], [ 55.2863684, 25.1932624 ], [ 55.2861637, 25.1932072 ], [ 55.2859569, 25.1931584 ], [ 55.2857451, 25.1931131 ], [ 55.2855592, 25.1930646 ], [ 55.2853723, 25.1930063 ], [ 55.2851882, 25.1929412 ], [ 55.2850071, 25.1928695 ], [ 55.2848294, 25.1927913 ], [ 55.2846553, 25.1927066 ], [ 55.284485, 25.1926158 ], [ 55.2843189, 25.1925187 ], [ 55.2841573, 25.1924158 ], [ 55.2840004, 25.192307 ], [ 55.2838484, 25.1921927 ], [ 55.2837016, 25.1920729 ], [ 55.2835603, 25.1919478 ], [ 55.2834246, 25.1918177 ], [ 55.2832948, 25.1916828 ], [ 55.2831711, 25.1915433 ] ] } },
{ "type": "Feature", "properties": { "osm_id": 484589328, "hw": "primary", "nm": "Al Asayel Street", "lanes": 2, "oneway": "yes", "sw": 7.0, "swl": 3.0, "swr": 3.0, "nright": 2, "cline": "none", "key": "7.0|3.0|3.0|2|none", "bridge": 1, "net": "surface", "len_m": 783.3 }, "geometry": { "type": "LineString", "coordinates": [ [ 55.2810528, 25.1885732 ], [ 55.2829039, 25.1910254 ], [ 55.2829904, 25.1911426 ], [ 55.2830792, 25.1912585 ], [ 55.2831701, 25.1913729 ], [ 55.2832632, 25.1914859 ], [ 55.2833737, 25.1916141 ], [ 55.2834904, 25.1917378 ], [ 55.2836123, 25.1918572 ], [ 55.2837394, 25.1919722 ], [ 55.2838714, 25.1920825 ], [ 55.2840081, 25.192188 ], [ 55.2841759, 25.1923068 ], [ 55.2843493, 25.1924186 ], [ 55.2845281, 25.1925234 ], [ 55.2847119, 25.1926208 ], [ 55.2849003, 25.1927107 ], [ 55.2850929, 25.1927929 ], [ 55.2852895, 25.1928673 ], [ 55.2854894, 25.1929336 ], [ 55.2856925, 25.1929918 ], [ 55.2858982, 25.1930417 ], [ 55.286217, 25.1931114 ], [ 55.2865569, 25.1931887 ] ] } },
{ "type": "Feature", "properties": { "osm_id": 484589329, "hw": "tertiary", "nm": "Al Asayel Street", "lanes": 2, "oneway": "yes", "sw": 7.0, "swl": 2.5, "swr": 2.5, "nright": 2, "cline": "none", "key": "7.0|2.5|2.5|2|none", "bridge": 0, "net": "surface", "len_m": 54.4 }, "geometry": { "type": "LineString", "coordinates": [ [ 55.2858139, 25.1928722 ], [ 55.2859463, 25.1928995 ], [ 55.2860777, 25.1929261 ], [ 55.2862081, 25.1929565 ], [ 55.286337, 25.1929917 ] ] } },
{ "type": "Feature", "properties": { "osm_id": 484589330, "hw": "tertiary", "nm": "Al Asayel Street", "lanes": 4, "oneway": "yes", "sw": 14.0, "swl": 2.5, "swr": 2.5, "nright": 4, "cline": "none", "key": "14.0|2.5|2.5|4|none", "bridge": 0, "net": "surface", "len_m": 92.8 }, "geometry": { "type": "LineString", "coordinates": [ [ 55.2849624, 25.1925579 ], [ 55.2850986, 25.1926227 ], [ 55.2852374, 25.192683 ], [ 55.2853785, 25.1927386 ], [ 55.2855217, 25.1927894 ], [ 55.2856669, 25.1928356 ], [ 55.2858139, 25.1928722 ] ] } },
{ "type": "Feature", "properties": { "osm_id": 484589331, "hw": "tertiary", "nm": "Al Asayel Street", "lanes": 4, "oneway": "yes", "sw": 14.0, "swl": 2.5, "swr": 2.5, "nright": 4, "cline": "none", "key": "14.0|2.5|2.5|4|none", "bridge": 0, "net": "surface", "len_m": 52.7 }, "geometry": { "type": "LineString", "coordinates": [ [ 55.2833745, 25.1913933 ], [ 55.2834902, 25.1915234 ], [ 55.2836048, 25.1916367 ], [ 55.2837266, 25.1917441 ] ] } },
{ "type": "Feature", "properties": { "osm_id": 484589332, "hw": "tertiary", "nm": "Al Asayel Street", "lanes": 6, "oneway": "yes", "sw": 21.0, "swl": 2.5, "swr": 2.5, "nright": 6, "cline": "none", "key": "21.0|2.5|2.5|6|none", "bridge": 0, "net": "surface", "len_m": 57.2 }, "geometry": { "type": "LineString", "coordinates": [ [ 55.2826095, 25.1903962 ], [ 55.282927, 25.1908242 ] ] } },
{ "type": "Feature", "properties": { "osm_id": 484589333, "hw": "tertiary", "nm": "Al Asayel Street", "lanes": 5, "oneway": "yes", "sw": 17.5, "swl": 2.5, "swr": 2.5, "nright": 5, "cline": "none", "key": "17.5|2.5|2.5|5|none", "bridge": 0, "net": "surface", "len_m": 39.9 }, "geometry": { "type": "LineString", "coordinates": [ [ 55.282927, 25.1908242 ], [ 55.2831257, 25.1910869 ], [ 55.2831512, 25.1911206 ] ] } },
{ "type": "Feature", "properties": { "osm_id": 484589334, "hw": "tertiary", "nm": "Al Asayel Street", "lanes": 3, "oneway": "yes", "sw": 10.5, "swl": 2.5, "swr": 2.5, "nright": 3, "cline": "none", "key": "10.5|2.5|2.5|3|none", "bridge": 0, "net": "surface", "len_m": 212.1 }, "geometry": { "type": "LineString", "coordinates": [ [ 55.2814168, 25.1888192 ], [ 55.2826095, 25.1903962 ] ] } },
{ "type": "Feature", "properties": { "osm_id": 484589335, "hw": "primary_link", "nm": "", "lanes": 2, "oneway": "yes", "sw": 7.0, "swl": 1.0, "swr": 1.0, "nright": 2, "cline": "none", "key": "7.0|1.0|1.0|2|none", "bridge": 0, "net": "surface", "len_m": 195.1 }, "geometry": { "type": "LineString", "coordinates": [ [ 55.2802148, 25.1874513 ], [ 55.2803091, 25.1875384 ], [ 55.2803663, 25.187589 ], [ 55.2804211, 25.1876417 ], [ 55.2804735, 25.1876964 ], [ 55.2809242, 25.1882404 ], [ 55.2812176, 25.1886432 ], [ 55.2812558, 25.1886948 ], [ 55.2812934, 25.1887355 ], [ 55.281333, 25.1887719 ], [ 55.2813705, 25.1887949 ], [ 55.2814168, 25.1888192 ] ] } },
{ "type": "Feature", "properties": { "osm_id": 484589336, "hw": "tertiary", "nm": "", "lanes": 2, "oneway": "yes", "sw": 7.0, "swl": 2.5, "swr": 2.5, "nright": 2, "cline": "none", "key": "7.0|2.5|2.5|2|none", "bridge": 0, "net": "surface", "len_m": 273.0 }, "geometry": { "type": "LineString", "coordinates": [ [ 55.2804912, 25.1874259 ], [ 55.2805628, 25.1875129 ], [ 55.2808359, 25.1878451 ], [ 55.2809025, 25.1879289 ], [ 55.2809684, 25.1880132 ], [ 55.2810335, 25.188098 ], [ 55.2812476, 25.1883855 ], [ 55.2816645, 25.1889693 ], [ 55.2820298, 25.1894536 ] ] } },
{ "type": "Feature", "properties": { "osm_id": 484589337, "hw": "tertiary", "nm": "", "lanes": 2, "oneway": "yes", "sw": 7.0, "swl": 2.5, "swr": 2.5, "nright": 2, "cline": "none", "key": "7.0|2.5|2.5|2|none", "bridge": 0, "net": "surface", "len_m": 120.0 }, "geometry": { "type": "LineString", "coordinates": [ [ 55.2820298, 25.1894536 ], [ 55.28242, 25.1900145 ], [ 55.2824742, 25.190107 ], [ 55.2825239, 25.1902016 ], [ 55.282569, 25.1902981 ], [ 55.2826095, 25.1903962 ] ] } },
{ "type": "Feature", "properties": { "osm_id": 484589338, "hw": "tertiary", "nm": "Al Yamamah Street", "lanes": 4, "oneway": "yes", "sw": 14.0, "swl": 2.5, "swr": 2.5, "nright": 4, "cline": "none", "key": "14.0|2.5|2.5|4|none", "bridge": 0, "net": "surface", "len_m": 18.6 }, "geometry": { "type": "LineString", "coordinates": [ [ 55.2838745, 25.1908538 ], [ 55.2839931, 25.1907977 ], [ 55.2840383, 25.190776 ] ] } },
{ "type": "Feature", "properties": { "osm_id": 484589339, "hw": "tertiary", "nm": "Al Yamamah Street", "lanes": 3, "oneway": "yes", "sw": 10.5, "swl": 2.5, "swr": 2.5, "nright": 3, "cline": "none", "key": "10.5|2.5|2.5|3|none", "bridge": 0, "net": "surface", "len_m": 63.7 }, "geometry": { "type": "LineString", "coordinates": [ [ 55.2832061, 25.1911877 ], [ 55.2833213, 25.1911318 ], [ 55.2836152, 25.1909832 ], [ 55.2837591, 25.1909102 ] ] } },
{ "type": "Feature", "properties": { "osm_id": 484589340, "hw": "tertiary", "nm": "Al Yamamah Street", "lanes": 4, "oneway": "yes", "sw": 14.0, "swl": 2.5, "swr": 2.5, "nright": 4, "cline": "none", "key": "14.0|2.5|2.5|4|none", "bridge": 0, "net": "surface", "len_m": 34.8 }, "geometry": { "type": "LineString", "coordinates": [ [ 55.282236, 25.1916708 ], [ 55.2825386, 25.1915195 ] ] } },
{ "type": "Feature", "properties": { "osm_id": 484589341, "hw": "tertiary", "nm": "Al Yamamah Street", "lanes": 2, "oneway": "yes", "sw": 7.0, "swl": 2.5, "swr": 2.5, "nright": 2, "cline": "none", "key": "7.0|2.5|2.5|2|none", "bridge": 0, "net": "surface", "len_m": 51.7 }, "geometry": { "type": "LineString", "coordinates": [ [ 55.2817889, 25.1918995 ], [ 55.282236, 25.1916708 ] ] } },
{ "type": "Feature", "properties": { "osm_id": 484589342, "hw": "tertiary", "nm": "Al Yamamah Street", "lanes": 4, "oneway": "yes", "sw": 14.0, "swl": 2.5, "swr": 2.5, "nright": 4, "cline": "none", "key": "14.0|2.5|2.5|4|none", "bridge": 0, "net": "surface", "len_m": 23.1 }, "geometry": { "type": "LineString", "coordinates": [ [ 55.2825386, 25.1915195 ], [ 55.2826967, 25.1914367 ], [ 55.2827375, 25.1914153 ] ] } },
{ "type": "Feature", "properties": { "osm_id": 484589343, "hw": "tertiary", "nm": "Al Yamamah Street", "lanes": 2, "oneway": "yes", "sw": 7.0, "swl": 2.5, "swr": 2.5, "nright": 2, "cline": "none", "key": "7.0|2.5|2.5|2|none", "bridge": 0, "net": "surface", "len_m": 112.2 }, "geometry": { "type": "LineString", "coordinates": [ [ 55.282647, 25.1916437 ], [ 55.2819337, 25.1919866 ], [ 55.2816666, 25.1921231 ] ] } },
{ "type": "Feature", "properties": { "osm_id": 484589344, "hw": "tertiary", "nm": "Al Yamamah Street", "lanes": 5, "oneway": "yes", "sw": 17.5, "swl": 2.5, "swr": 2.5, "nright": 5, "cline": "none", "key": "17.5|2.5|2.5|5|none", "bridge": 0, "net": "surface", "len_m": 40.8 }, "geometry": { "type": "LineString", "coordinates": [ [ 55.2840853, 25.1909033 ], [ 55.2837681, 25.1910731 ], [ 55.2837366, 25.19109 ] ] } },
{ "type": "Feature", "properties": { "osm_id": 484802053, "hw": "trunk", "nm": "Financial Center Road (Upper Level)", "lanes": 3, "oneway": "yes", "sw": 10.5, "swl": 0.0, "swr": 0.0, "nright": 3, "cline": "none", "key": "10.5|0.0|0.0|3|none", "bridge": 1, "net": "freeway", "len_m": 312.7 }, "geometry": { "type": "LineString", "coordinates": [ [ 55.2898495, 25.1950432 ], [ 55.2896411, 25.1951413 ], [ 55.2894378, 25.1952477 ], [ 55.2876581, 25.1961758 ], [ 55.287150988673474, 25.196436766762485 ] ] } },
{ "type": "Feature", "properties": { "osm_id": 484802072, "hw": "trunk", "nm": "Financial Center Road (Upper Level)", "lanes": 5, "oneway": "yes", "sw": 17.5, "swl": 0.0, "swr": 0.0, "nright": 5, "cline": "none", "key": "17.5|0.0|0.0|5|none", "bridge": 1, "net": "freeway", "len_m": 29.9 }, "geometry": { "type": "LineString", "coordinates": [ [ 55.2881109, 25.1953033 ], [ 55.2883665, 25.195167 ] ] } },
{ "type": "Feature", "properties": { "osm_id": 484802073, "hw": "trunk", "nm": "Financial Center Road (Upper Level)", "lanes": 5, "oneway": "yes", "sw": 17.5, "swl": 0.0, "swr": 0.0, "nright": 5, "cline": "none", "key": "17.5|0.0|0.0|5|none", "bridge": 1, "net": "freeway", "len_m": 246.7 }, "geometry": { "type": "LineString", "coordinates": [ [ 55.286003962508182, 25.196436766762485 ], [ 55.286416, 25.1962072 ], [ 55.2881109, 25.1953033 ] ] } },
{ "type": "Feature", "properties": { "osm_id": 484802074, "hw": "primary", "nm": "Financial Center Street", "lanes": 3, "oneway": "yes", "sw": 10.5, "swl": 3.0, "swr": 3.0, "nright": 3, "cline": "none", "key": "10.5|3.0|3.0|3|none", "bridge": 1, "net": "surface", "len_m": 142.5 }, "geometry": { "type": "LineString", "coordinates": [ [ 55.2923294, 25.1933259 ], [ 55.2921993, 25.193479 ], [ 55.2920656, 25.1936217 ], [ 55.2919263, 25.1937509 ], [ 55.2917804, 25.1938742 ], [ 55.2916283, 25.1939911 ], [ 55.2914703, 25.1941014 ], [ 55.2913068, 25.194205 ] ] } },
{ "type": "Feature", "properties": { "osm_id": 484802076, "hw": "motorway", "nm": "Al Khail Road", "lanes": 5, "oneway": "yes", "sw": 17.5, "swl": 0.0, "swr": 0.0, "nright": 5, "cline": "none", "key": "17.5|0.0|0.0|5|none", "bridge": 0, "net": "freeway", "len_m": 42.7 }, "geometry": { "type": "LineString", "coordinates": [ [ 55.2926005, 25.1907884 ], [ 55.292841, 25.1911059 ] ] } },
{ "type": "Feature", "properties": { "osm_id": 484802078, "hw": "motorway", "nm": "Al Khail Road", "lanes": 3, "oneway": "yes", "sw": 10.5, "swl": 0.0, "swr": 0.0, "nright": 3, "cline": "none", "key": "10.5|0.0|0.0|3|none", "bridge": 0, "net": "freeway", "len_m": 313.5 }, "geometry": { "type": "LineString", "coordinates": [ [ 55.2932012, 25.1919694 ], [ 55.2914062, 25.1896576 ] ] } },
{ "type": "Feature", "properties": { "osm_id": 484802084, "hw": "trunk", "nm": "Financial Center Street", "lanes": 4, "oneway": "yes", "sw": 14.0, "swl": 0.0, "swr": 0.0, "nright": 4, "cline": "none", "key": "14.0|0.0|0.0|4|none", "bridge": 0, "net": "freeway", "len_m": 355.5 }, "geometry": { "type": "LineString", "coordinates": [ [ 55.2935247, 25.1896977 ], [ 55.2935854, 25.1894105 ], [ 55.2936161, 25.189267 ], [ 55.2936429, 25.1891228 ], [ 55.2936727, 25.1889307 ], [ 55.2936957, 25.1887379 ], [ 55.293712, 25.1885444 ], [ 55.2938131, 25.1865039 ] ] } },
{ "type": "Feature", "properties": { "osm_id": 484802085, "hw": "motorway_link", "nm": "", "lanes": 2, "oneway": "yes", "sw": 7.0, "swl": 0.0, "swr": 0.0, "nright": 2, "cline": "none", "key": "7.0|0.0|0.0|2|none", "bridge": 0, "net": "freeway", "len_m": 107.5 }, "geometry": { "type": "LineString", "coordinates": [ [ 55.294159, 25.1855472 ], [ 55.294046, 25.1865125 ] ] } },
{ "type": "Feature", "properties": { "osm_id": 484802087, "hw": "motorway", "nm": "Ras Al Khor Road", "lanes": 4, "oneway": "yes", "sw": 14.0, "swl": 0.0, "swr": 0.0, "nright": 4, "cline": "none", "key": "14.0|0.0|0.0|4|none", "bridge": 1, "net": "freeway", "len_m": 398.1 }, "geometry": { "type": "LineString", "coordinates": [ [ 55.2883906, 25.1828918 ], [ 55.28781, 25.1827996 ], [ 55.2871769, 25.1827105 ], [ 55.2865261, 25.1826176 ], [ 55.2856236, 25.1824906 ], [ 55.2853301, 25.1824331 ], [ 55.2850505, 25.1823703 ], [ 55.2847746, 25.1822951 ], [ 55.2845218, 25.1822066 ] ] } },
{ "type": "Feature", "properties": { "osm_id": 484802092, "hw": "motorway_link", "nm": "", "lanes": 4, "oneway": "yes", "sw": 14.0, "swl": 0.0, "swr": 0.0, "nright": 4, "cline": "none", "key": "14.0|0.0|0.0|4|none", "bridge": 0, "net": "freeway", "len_m": 79.7 }, "geometry": { "type": "LineString", "coordinates": [ [ 55.2937129, 25.18282 ], [ 55.2945032, 25.1827894 ] ] } },
{ "type": "Feature", "properties": { "osm_id": 484802093, "hw": "motorway_link", "nm": "", "lanes": 4, "oneway": "yes", "sw": 14.0, "swl": 0.0, "swr": 0.0, "nright": 4, "cline": "none", "key": "14.0|0.0|0.0|4|none", "bridge": 0, "net": "freeway", "len_m": 42.1 }, "geometry": { "type": "LineString", "coordinates": [ [ 55.2945032, 25.1827894 ], [ 55.2948827, 25.1827805 ], [ 55.294920297446538, 25.182778933439728 ] ] } },
{ "type": "Feature", "properties": { "osm_id": 484802094, "hw": "motorway_link", "nm": "", "lanes": 2, "oneway": "yes", "sw": 7.0, "swl": 0.0, "swr": 0.0, "nright": 2, "cline": "none", "key": "7.0|0.0|0.0|2|none", "bridge": 0, "net": "freeway", "len_m": 442.1 }, "geometry": { "type": "LineString", "coordinates": [ [ 55.2893333, 25.1827049 ], [ 55.2906344, 25.1827771 ], [ 55.2913637, 25.1828064 ], [ 55.2920951, 25.1828301 ], [ 55.2932346, 25.1828549 ], [ 55.2933633, 25.1828549 ], [ 55.2934907, 25.1828489 ], [ 55.2936007, 25.1828392 ], [ 55.2937129, 25.18282 ] ] } },
{ "type": "Feature", "properties": { "osm_id": 484802096, "hw": "motorway", "nm": "Ras Al Khor Road", "lanes": 5, "oneway": "yes", "sw": 17.5, "swl": 0.0, "swr": 0.0, "nright": 5, "cline": "none", "key": "17.5|0.0|0.0|5|none", "bridge": 0, "net": "freeway", "len_m": 1168.1 }, "geometry": { "type": "LineString", "coordinates": [ [ 55.2758171, 25.1764849 ], [ 55.2759368, 25.1765199 ], [ 55.2760526, 25.1765641 ], [ 55.2761638, 25.1766174 ], [ 55.2762694, 25.1766793 ], [ 55.2763686, 25.1767493 ], [ 55.2766299, 25.1769331 ], [ 55.2768946, 25.1771131 ], [ 55.2772506, 25.1773459 ], [ 55.2774306, 25.1774599 ], [ 55.2776121, 25.1775719 ], [ 55.2778781, 25.1777307 ], [ 55.2781473, 25.1778853 ], [ 55.2784194, 25.1780355 ], [ 55.2790967, 25.178419 ], [ 55.2797069, 25.1787673 ], [ 55.2801516, 25.1790155 ], [ 55.2803733, 25.1791405 ], [ 55.280599, 25.1792599 ], [ 55.2808339, 25.179377 ], [ 55.2810727, 25.1794879 ], [ 55.2813123, 25.1795972 ], [ 55.2816622, 25.179757 ], [ 55.2820122, 25.1799167 ], [ 55.2824442, 25.1801059 ], [ 55.282896, 25.1803002 ], [ 55.2833836, 25.1805059 ], [ 55.2838884, 25.1807213 ], [ 55.2844336, 25.1809509 ], [ 55.2849801, 25.1811777 ], [ 55.2859278, 25.1815745 ] ] } },
{ "type": "Feature", "properties": { "osm_id": 495956520, "hw": "primary_link", "nm": "", "lanes": 1, "oneway": "yes", "sw": 3.5, "swl": 1.0, "swr": 1.0, "nright": 1, "cline": "none", "key": "3.5|1.0|1.0|1|none", "bridge": 0, "net": "surface", "len_m": 83.2 }, "geometry": { "type": "LineString", "coordinates": [ [ 55.2858139, 25.1928722 ], [ 55.285871, 25.1929161 ], [ 55.2859318, 25.1929503 ], [ 55.2859959, 25.1929792 ], [ 55.2860628, 25.1930041 ], [ 55.2863441, 25.1930939 ], [ 55.2864163, 25.1931231 ], [ 55.2864873, 25.1931547 ], [ 55.2865569, 25.1931887 ] ] } },
{ "type": "Feature", "properties": { "osm_id": 496577112, "hw": "residential", "nm": "", "lanes": 2, "oneway": "no", "sw": 7.0, "swl": 2.0, "swr": 2.0, "nright": 1, "cline": "white", "key": "7.0|2.0|2.0|1|white", "bridge": 0, "net": "surface", "len_m": 122.2 }, "geometry": { "type": "LineString", "coordinates": [ [ 55.274708, 25.1923388 ], [ 55.2746851, 25.1922974 ], [ 55.2746657, 25.1922545 ], [ 55.2746499, 25.1922104 ], [ 55.2746431, 25.1921895 ], [ 55.2746012, 25.1920612 ], [ 55.274584, 25.1920208 ], [ 55.2745601, 25.191985 ], [ 55.2745261, 25.1919568 ], [ 55.2744847, 25.1919383 ], [ 55.2744392, 25.1919311 ], [ 55.2742762, 25.1919332 ], [ 55.2741134, 25.191928 ], [ 55.2739525, 25.1919157 ], [ 55.2737851, 25.191893 ] ] } },
{ "type": "Feature", "properties": { "osm_id": 496577120, "hw": "residential", "nm": "", "lanes": 2, "oneway": "yes", "sw": 7.0, "swl": 2.0, "swr": 2.0, "nright": 2, "cline": "none", "key": "7.0|2.0|2.0|2|none", "bridge": 0, "net": "surface", "len_m": 32.5 }, "geometry": { "type": "LineString", "coordinates": [ [ 55.2730979, 25.1922129 ], [ 55.2731354, 25.1922816 ], [ 55.2731539, 25.1923203 ], [ 55.2731778, 25.1923564 ], [ 55.2732067, 25.1923895 ], [ 55.27324, 25.1924189 ], [ 55.2732748, 25.1924542 ] ] } },
{ "type": "Feature", "properties": { "osm_id": 496577121, "hw": "residential", "nm": "", "lanes": 2, "oneway": "yes", "sw": 7.0, "swl": 2.0, "swr": 2.0, "nright": 2, "cline": "none", "key": "7.0|2.0|2.0|2|none", "bridge": 0, "net": "surface", "len_m": 33.3 }, "geometry": { "type": "LineString", "coordinates": [ [ 55.2731336, 25.1925386 ], [ 55.2730773, 25.1924828 ], [ 55.273047, 25.192458 ], [ 55.2730218, 25.1924288 ], [ 55.2730024, 25.1923963 ], [ 55.2729892, 25.1923613 ], [ 55.2729538, 25.1922913 ] ] } },
{ "type": "Feature", "properties": { "osm_id": 496577122, "hw": "residential", "nm": "", "lanes": 2, "oneway": "yes", "sw": 7.0, "swl": 2.0, "swr": 2.0, "nright": 2, "cline": "none", "key": "7.0|2.0|2.0|2|none", "bridge": 0, "net": "surface", "len_m": 95.3 }, "geometry": { "type": "LineString", "coordinates": [ [ 55.2731567, 25.1925039 ], [ 55.27319, 25.1924769 ], [ 55.2732306, 25.1924598 ], [ 55.2732748, 25.1924542 ], [ 55.2733253, 25.1924624 ], [ 55.2733699, 25.1924854 ], [ 55.2734034, 25.1925205 ], [ 55.2734221, 25.1925638 ], [ 55.2734238, 25.1926102 ], [ 55.2734082, 25.1926544 ], [ 55.2733773, 25.1926915 ], [ 55.2733345, 25.192717 ], [ 55.2732847, 25.1927282 ], [ 55.2732337, 25.1927238 ], [ 55.2731872, 25.1927041 ], [ 55.2731506, 25.1926716 ], [ 55.273128, 25.1926299 ], [ 55.2731222, 25.1925838 ], [ 55.2731336, 25.1925386 ], [ 55.2731567, 25.1925039 ] ] } },
{ "type": "Feature", "properties": { "osm_id": 496577123, "hw": "residential", "nm": "", "lanes": 2, "oneway": "yes", "sw": 7.0, "swl": 2.0, "swr": 2.0, "nright": 2, "cline": "none", "key": "7.0|2.0|2.0|2|none", "bridge": 0, "net": "surface", "len_m": 53.2 }, "geometry": { "type": "LineString", "coordinates": [ [ 55.274698, 25.1924512 ], [ 55.2746827, 25.1924301 ], [ 55.2746758, 25.1924057 ], [ 55.274678, 25.1923806 ], [ 55.274689, 25.1923575 ], [ 55.274708, 25.1923388 ], [ 55.2747323, 25.1923268 ], [ 55.2747597, 25.1923226 ], [ 55.2747872, 25.1923266 ], [ 55.2748118, 25.1923385 ], [ 55.2748307, 25.192357 ], [ 55.274842, 25.1923801 ], [ 55.2748444, 25.1924052 ], [ 55.2748376, 25.1924296 ], [ 55.2748225, 25.1924508 ], [ 55.2748006, 25.1924663 ], [ 55.2747743, 25.1924746 ], [ 55.2747464, 25.1924747 ], [ 55.2747201, 25.1924666 ], [ 55.274698, 25.1924512 ] ] } },
{ "type": "Feature", "properties": { "osm_id": 496923173, "hw": "motorway", "nm": "Al Khail Road", "lanes": 6, "oneway": "yes", "sw": 21.0, "swl": 0.0, "swr": 0.0, "nright": 6, "cline": "none", "key": "21.0|0.0|0.0|6|none", "bridge": 0, "net": "freeway", "len_m": 847.4 }, "geometry": { "type": "LineString", "coordinates": [ [ 55.2750264, 25.175812 ], [ 55.275557, 25.1762571 ], [ 55.2758171, 25.1764849 ], [ 55.2760819, 25.1767077 ], [ 55.2763194, 25.1769013 ], [ 55.2765604, 25.1770915 ], [ 55.2768047, 25.1772781 ], [ 55.2771166, 25.1775217 ], [ 55.277431, 25.1777624 ], [ 55.2778187, 25.1780528 ], [ 55.2782102, 25.1783389 ], [ 55.2785205, 25.1785569 ], [ 55.2788348, 25.1787701 ], [ 55.279153, 25.1789785 ], [ 55.2794375, 25.1791588 ], [ 55.279725, 25.1793352 ], [ 55.2800153, 25.1795077 ], [ 55.2802123, 25.1796257 ], [ 55.2804131, 25.1797383 ], [ 55.2806175, 25.1798454 ], [ 55.2808253, 25.179947 ], [ 55.2810537, 25.1800505 ], [ 55.2812855, 25.1801472 ], [ 55.2815207, 25.1802371 ], [ 55.281759, 25.1803201 ] ] } },
{ "type": "Feature", "properties": { "osm_id": 496923176, "hw": "motorway", "nm": "Al Khail Road", "lanes": 5, "oneway": "yes", "sw": 17.5, "swl": 0.0, "swr": 0.0, "nright": 5, "cline": "none", "key": "17.5|0.0|0.0|5|none", "bridge": 0, "net": "freeway", "len_m": 781.1 }, "geometry": { "type": "LineString", "coordinates": [ [ 55.269670755532282, 25.170730833237513 ], [ 55.2697948, 25.1708648 ], [ 55.2707161, 25.1718637 ], [ 55.271093, 25.1722674 ], [ 55.2714775, 25.1726651 ], [ 55.2718694, 25.1730568 ], [ 55.2722509, 25.1734255 ], [ 55.272639, 25.1737884 ], [ 55.2730335, 25.1741456 ], [ 55.2737349, 25.1747706 ], [ 55.274169, 25.1751141 ], [ 55.2745995, 25.1754613 ], [ 55.2750264, 25.175812 ] ] } },
{ "type": "Feature", "properties": { "osm_id": 496994602, "hw": "tertiary_link", "nm": "", "lanes": 1, "oneway": "yes", "sw": 3.5, "swl": 1.0, "swr": 1.0, "nright": 1, "cline": "none", "key": "3.5|1.0|1.0|1|none", "bridge": 0, "net": "surface", "len_m": 76.8 }, "geometry": { "type": "LineString", "coordinates": [ [ 55.2642217, 25.1796753 ], [ 55.2641318, 25.1796064 ], [ 55.2640792, 25.1795735 ], [ 55.264025, 25.1795482 ], [ 55.2639678, 25.1795292 ], [ 55.2639084, 25.1795168 ], [ 55.2638477, 25.1795112 ], [ 55.2637868, 25.1795125 ], [ 55.2637265, 25.1795206 ], [ 55.2635155, 25.1795555 ] ] } },
{ "type": "Feature", "properties": { "osm_id": 496994604, "hw": "tertiary", "nm": "", "lanes": 2, "oneway": "no", "sw": 7.0, "swl": 2.5, "swr": 2.5, "nright": 1, "cline": "white", "key": "7.0|2.5|2.5|1|white", "bridge": 0, "net": "surface", "len_m": 21.1 }, "geometry": { "type": "LineString", "coordinates": [ [ 55.2539383, 25.1779339 ], [ 55.2538165, 25.1777785 ] ] } },
{ "type": "Feature", "properties": { "osm_id": 496994605, "hw": "tertiary", "nm": "", "lanes": 2, "oneway": "yes", "sw": 7.0, "swl": 2.5, "swr": 2.5, "nright": 2, "cline": "none", "key": "7.0|2.5|2.5|2|none", "bridge": 0, "net": "surface", "len_m": 280.9 }, "geometry": { "type": "LineString", "coordinates": [ [ 55.2529068, 25.1799804 ], [ 55.2529607, 25.1799604 ], [ 55.253013, 25.1799368 ], [ 55.2530634, 25.1799102 ], [ 55.2531118, 25.1798805 ], [ 55.2532339, 25.1797858 ], [ 55.2535129, 25.1795696 ], [ 55.253773, 25.1793681 ], [ 55.2538143, 25.1793382 ], [ 55.2538533, 25.1793058 ], [ 55.2538898, 25.1792711 ], [ 55.2539237, 25.1792343 ], [ 55.2540064, 25.179164 ], [ 55.2540921, 25.1790968 ], [ 55.2541812, 25.1790334 ], [ 55.2542736, 25.1789739 ], [ 55.2543678, 25.1789172 ], [ 55.2544024, 25.1788891 ], [ 55.2544314, 25.1788563 ], [ 55.2544542, 25.1788197 ], [ 55.25447, 25.1787802 ], [ 55.2544787, 25.1787389 ], [ 55.2544797, 25.1786969 ], [ 55.2544733, 25.1786553 ], [ 55.2544594, 25.1786152 ], [ 55.2544386, 25.1785777 ], [ 55.254164, 25.1782502 ], [ 55.25414, 25.1782216 ] ] } },
{ "type": "Feature", "properties": { "osm_id": 497005666, "hw": "tertiary", "nm": "Al A'amal Street", "lanes": 2, "oneway": "yes", "sw": 7.0, "swl": 2.5, "swr": 2.5, "nright": 2, "cline": "none", "key": "7.0|2.5|2.5|2|none", "bridge": 0, "net": "surface", "len_m": 87.5 }, "geometry": { "type": "LineString", "coordinates": [ [ 55.2736174, 25.1809593 ], [ 55.2731191, 25.1805084 ], [ 55.2730841, 25.1804768 ], [ 55.2730018, 25.1804024 ] ] } },
{ "type": "Feature", "properties": { "osm_id": 497005668, "hw": "tertiary", "nm": "", "lanes": 4, "oneway": "yes", "sw": 14.0, "swl": 2.5, "swr": 2.5, "nright": 4, "cline": "none", "key": "14.0|2.5|2.5|4|none", "bridge": 0, "net": "surface", "len_m": 101.3 }, "geometry": { "type": "LineString", "coordinates": [ [ 55.2720654, 25.1808343 ], [ 55.2727149, 25.1803312 ], [ 55.2727481, 25.1803055 ], [ 55.2728307, 25.1802415 ] ] } },
{ "type": "Feature", "properties": { "osm_id": 497005670, "hw": "tertiary", "nm": "", "lanes": 4, "oneway": "yes", "sw": 14.0, "swl": 2.5, "swr": 2.5, "nright": 4, "cline": "none", "key": "14.0|2.5|2.5|4|none", "bridge": 0, "net": "surface", "len_m": 130.0 }, "geometry": { "type": "LineString", "coordinates": [ [ 55.274297, 25.17942 ], [ 55.2740521, 25.1796015 ], [ 55.2739439, 25.1796878 ], [ 55.2734258, 25.1800658 ], [ 55.2733907, 25.1800918 ], [ 55.2732969, 25.1801614 ] ] } },
{ "type": "Feature", "properties": { "osm_id": 497005671, "hw": "tertiary", "nm": "Al A'amal Street", "lanes": 2, "oneway": "yes", "sw": 7.0, "swl": 2.5, "swr": 2.5, "nright": 2, "cline": "none", "key": "7.0|2.5|2.5|2|none", "bridge": 0, "net": "surface", "len_m": 60.3 }, "geometry": { "type": "LineString", "coordinates": [ [ 55.2727601, 25.179582 ], [ 55.2730415, 25.1798769 ], [ 55.2730752, 25.1799123 ], [ 55.2731492, 25.1799954 ] ] } },
{ "type": "Feature", "properties": { "osm_id": 497005673, "hw": "tertiary", "nm": "Al A'amal Street", "lanes": 4, "oneway": "yes", "sw": 14.0, "swl": 2.5, "swr": 2.5, "nright": 4, "cline": "none", "key": "14.0|2.5|2.5|4|none", "bridge": 0, "net": "surface", "len_m": 44.6 }, "geometry": { "type": "LineString", "coordinates": [ [ 55.2739618, 25.1807871 ], [ 55.2742786, 25.1810685 ] ] } },
{ "type": "Feature", "properties": { "osm_id": 497017400, "hw": "residential", "nm": "", "lanes": 2, "oneway": "yes", "sw": 7.0, "swl": 2.0, "swr": 2.0, "nright": 2, "cline": "none", "key": "7.0|2.0|2.0|2|none", "bridge": 0, "net": "surface", "len_m": 21.5 }, "geometry": { "type": "LineString", "coordinates": [ [ 55.2654262, 25.1948058 ], [ 55.2653866, 25.1948595 ], [ 55.2653532, 25.1949165 ], [ 55.2653264, 25.1949763 ] ] } },
{ "type": "Feature", "properties": { "osm_id": 497017401, "hw": "residential", "nm": "", "lanes": 2, "oneway": "yes", "sw": 7.0, "swl": 2.0, "swr": 2.0, "nright": 2, "cline": "none", "key": "7.0|2.0|2.0|2|none", "bridge": 0, "net": "surface", "len_m": 22.0 }, "geometry": { "type": "LineString", "coordinates": [ [ 55.2652342, 25.1949005 ], [ 55.265299, 25.1948716 ], [ 55.2653633, 25.1948398 ], [ 55.2654262, 25.1948058 ] ] } },
{ "type": "Feature", "properties": { "osm_id": 497343388, "hw": "residential", "nm": "33b Street", "lanes": 2, "oneway": "no", "sw": 7.0, "swl": 2.0, "swr": 2.0, "nright": 1, "cline": "white", "key": "7.0|2.0|2.0|1|white", "bridge": 0, "net": "surface", "len_m": 221.2 }, "geometry": { "type": "LineString", "coordinates": [ [ 55.2542567, 25.1955313 ], [ 55.2542239, 25.1954989 ], [ 55.2541821, 25.1954767 ], [ 55.2541348, 25.1954667 ], [ 55.2540864, 25.1954698 ], [ 55.2540412, 25.1954858 ], [ 55.2536104, 25.1957335 ], [ 55.2529924, 25.1960884 ], [ 55.2527856, 25.1962071 ], [ 55.252391866259373, 25.196436766762485 ] ] } },
{ "type": "Feature", "properties": { "osm_id": 497346989, "hw": "residential", "nm": "39 Street", "lanes": 2, "oneway": "no", "sw": 7.0, "swl": 2.0, "swr": 2.0, "nright": 1, "cline": "white", "key": "7.0|2.0|2.0|1|white", "bridge": 0, "net": "surface", "len_m": 96.3 }, "geometry": { "type": "LineString", "coordinates": [ [ 55.25109, 25.194426 ], [ 55.2504262, 25.1947862 ], [ 55.250272502553464, 25.194875355561727 ] ] } },
{ "type": "Feature", "properties": { "osm_id": 497402939, "hw": "residential", "nm": "18b Street", "lanes": 2, "oneway": "no", "sw": 7.0, "swl": 2.0, "swr": 2.0, "nright": 1, "cline": "white", "key": "7.0|2.0|2.0|1|white", "bridge": 0, "net": "surface", "len_m": 85.1 }, "geometry": { "type": "LineString", "coordinates": [ [ 55.2508829, 25.1718005 ], [ 55.2508425, 25.1718287 ], [ 55.2507947, 25.1718446 ], [ 55.2507417, 25.1718474 ], [ 55.2506962, 25.1718363 ], [ 55.250654, 25.1718138 ], [ 55.2506208, 25.1717812 ], [ 55.250272502553464, 25.171400738350492 ] ] } },
{ "type": "Feature", "properties": { "osm_id": 497402941, "hw": "residential", "nm": "22a Street", "lanes": 2, "oneway": "no", "sw": 7.0, "swl": 2.0, "swr": 2.0, "nright": 1, "cline": "white", "key": "7.0|2.0|2.0|1|white", "bridge": 0, "net": "surface", "len_m": 115.1 }, "geometry": { "type": "LineString", "coordinates": [ [ 55.2524608, 25.171523 ], [ 55.2520621, 25.1710949 ], [ 55.2519533, 25.1709781 ], [ 55.251721194318698, 25.170730833237513 ] ] } },
{ "type": "Feature", "properties": { "osm_id": 497402943, "hw": "residential", "nm": "11 Street", "lanes": 1, "oneway": "yes", "sw": 3.5, "swl": 2.0, "swr": 2.0, "nright": 1, "cline": "none", "key": "3.5|2.0|2.0|1|none", "bridge": 0, "net": "surface", "len_m": 225.0 }, "geometry": { "type": "LineString", "coordinates": [ [ 55.2534639, 25.1728042 ], [ 55.2529575, 25.1731973 ], [ 55.2529159, 25.1732296 ], [ 55.2522661, 25.173734 ], [ 55.2517662, 25.1741234 ] ] } },
{ "type": "Feature", "properties": { "osm_id": 497402945, "hw": "residential", "nm": "5a Street", "lanes": 2, "oneway": "no", "sw": 7.0, "swl": 2.0, "swr": 2.0, "nright": 1, "cline": "white", "key": "7.0|2.0|2.0|1|white", "bridge": 0, "net": "surface", "len_m": 144.1 }, "geometry": { "type": "LineString", "coordinates": [ [ 55.250282, 25.1765109 ], [ 55.2507696, 25.1761291 ], [ 55.2513715, 25.1756691 ] ] } },
{ "type": "Feature", "properties": { "osm_id": 497402946, "hw": "residential", "nm": "", "lanes": 2, "oneway": "yes", "sw": 7.0, "swl": 2.0, "swr": 2.0, "nright": 2, "cline": "none", "key": "7.0|2.0|2.0|2|none", "bridge": 0, "net": "surface", "len_m": 100.5 }, "geometry": { "type": "LineString", "coordinates": [ [ 55.2526619, 25.1725545 ], [ 55.2520166, 25.1718632 ] ] } },
{ "type": "Feature", "properties": { "osm_id": 497726720, "hw": "motorway", "nm": "Sheikh Zayed Road (north)", "lanes": 6, "oneway": "yes", "sw": 21.0, "swl": 0.0, "swr": 0.0, "nright": 6, "cline": "none", "key": "21.0|0.0|0.0|6|none", "bridge": 0, "net": "freeway", "len_m": 426.7 }, "geometry": { "type": "LineString", "coordinates": [ [ 55.250272502553464, 25.180838384044826 ], [ 55.2519249, 25.1826114 ], [ 55.2530324, 25.183759 ] ] } },
{ "type": "Feature", "properties": { "osm_id": 497732381, "hw": "motorway", "nm": "Sheikh Zayed Road (north)", "lanes": 6, "oneway": "yes", "sw": 21.0, "swl": 0.0, "swr": 0.0, "nright": 6, "cline": "none", "key": "21.0|0.0|0.0|6|none", "bridge": 0, "net": "freeway", "len_m": 349.2 }, "geometry": { "type": "LineString", "coordinates": [ [ 55.2619954, 25.1935026 ], [ 55.2642174, 25.1959218 ] ] } },
{ "type": "Feature", "properties": { "osm_id": 499943697, "hw": "residential", "nm": "1a Street", "lanes": 2, "oneway": "yes", "sw": 7.0, "swl": 2.0, "swr": 2.0, "nright": 2, "cline": "none", "key": "7.0|2.0|2.0|2|none", "bridge": 0, "net": "surface", "len_m": 29.1 }, "geometry": { "type": "LineString", "coordinates": [ [ 55.2561653, 25.1738265 ], [ 55.2561649, 25.1738825 ], [ 55.2561468, 25.1739211 ], [ 55.2561366, 25.173962 ], [ 55.2561344, 25.1740039 ], [ 55.2561364, 25.1740844 ] ] } },
{ "type": "Feature", "properties": { "osm_id": 499943701, "hw": "residential", "nm": "1a Street", "lanes": 2, "oneway": "yes", "sw": 7.0, "swl": 2.0, "swr": 2.0, "nright": 2, "cline": "none", "key": "7.0|2.0|2.0|2|none", "bridge": 0, "net": "surface", "len_m": 39.2 }, "geometry": { "type": "LineString", "coordinates": [ [ 55.2558078, 25.1737878 ], [ 55.2559715, 25.1738529 ], [ 55.2560152, 25.1738634 ], [ 55.2560654, 25.1738692 ], [ 55.2561157, 25.1738636 ], [ 55.2561653, 25.1738265 ] ] } },
{ "type": "Feature", "properties": { "osm_id": 499943715, "hw": "residential", "nm": "13d Street", "lanes": 1, "oneway": "yes", "sw": 3.5, "swl": 2.0, "swr": 2.0, "nright": 1, "cline": "none", "key": "3.5|2.0|2.0|1|none", "bridge": 0, "net": "surface", "len_m": 21.4 }, "geometry": { "type": "LineString", "coordinates": [ [ 55.2540436, 25.171456 ], [ 55.2540156, 25.1714852 ], [ 55.2539936, 25.1715182 ], [ 55.2539788, 25.1715544 ], [ 55.2539716, 25.1715924 ], [ 55.2539714, 25.1716313 ] ] } },
{ "type": "Feature", "properties": { "osm_id": 499943717, "hw": "residential", "nm": "13d Street", "lanes": 1, "oneway": "yes", "sw": 3.5, "swl": 2.0, "swr": 2.0, "nright": 1, "cline": "none", "key": "3.5|2.0|2.0|1|none", "bridge": 0, "net": "surface", "len_m": 20.2 }, "geometry": { "type": "LineString", "coordinates": [ [ 55.2538534, 25.1715035 ], [ 55.2539035, 25.171502 ], [ 55.2539527, 25.1714934 ], [ 55.2539997, 25.1714779 ], [ 55.2540436, 25.171456 ] ] } },
{ "type": "Feature", "properties": { "osm_id": 499981335, "hw": "motorway", "nm": "Al Khail Road", "lanes": 3, "oneway": "yes", "sw": 10.5, "swl": 0.0, "swr": 0.0, "nright": 3, "cline": "none", "key": "10.5|0.0|0.0|3|none", "bridge": 0, "net": "freeway", "len_m": 1080.1 }, "geometry": { "type": "LineString", "coordinates": [ [ 55.2864117, 25.1828294 ], [ 55.2865268, 25.182967 ], [ 55.2866375, 25.1831075 ], [ 55.2867421, 25.1832519 ], [ 55.2868419, 25.1833771 ], [ 55.2884318, 25.1854321 ], [ 55.2889074, 25.1860351 ], [ 55.2901533, 25.1876145 ], [ 55.2905244, 25.1881303 ], [ 55.2926005, 25.1907884 ] ] } },
{ "type": "Feature", "properties": { "osm_id": 499981337, "hw": "motorway", "nm": "Al Khail Road", "lanes": 3, "oneway": "yes", "sw": 10.5, "swl": 0.0, "swr": 0.0, "nright": 3, "cline": "none", "key": "10.5|0.0|0.0|3|none", "bridge": 0, "net": "freeway", "len_m": 1609.5 }, "geometry": { "type": "LineString", "coordinates": [ [ 55.2914062, 25.1896576 ], [ 55.2897066, 25.1874656 ], [ 55.2871092, 25.1841155 ], [ 55.2864187, 25.183214 ], [ 55.2862187, 25.1829637 ], [ 55.2860468, 25.1827612 ], [ 55.2858641, 25.1825665 ], [ 55.2856711, 25.1823802 ], [ 55.2854682, 25.1822027 ], [ 55.2852559, 25.1820345 ], [ 55.2850242, 25.1818631 ], [ 55.2847829, 25.181703 ], [ 55.2845335, 25.1815533 ], [ 55.2842766, 25.1814144 ], [ 55.2840128, 25.1812867 ], [ 55.2837425, 25.1811704 ], [ 55.2834665, 25.1810657 ], [ 55.2831854, 25.1809729 ], [ 55.2819802, 25.180618 ], [ 55.2816802, 25.1805235 ], [ 55.2813841, 25.1804195 ], [ 55.2810923, 25.1803061 ], [ 55.2808052, 25.1801833 ], [ 55.280523, 25.1800514 ], [ 55.2802489, 25.1799101 ] ] } },
{ "type": "Feature", "properties": { "osm_id": 499989217, "hw": "tertiary", "nm": "", "lanes": 2, "oneway": "yes", "sw": 7.0, "swl": 2.5, "swr": 2.5, "nright": 2, "cline": "none", "key": "7.0|2.5|2.5|2|none", "bridge": 0, "net": "surface", "len_m": 241.5 }, "geometry": { "type": "LineString", "coordinates": [ [ 55.2603313, 25.1895635 ], [ 55.2602811, 25.1895056 ], [ 55.2602075, 25.1894311 ], [ 55.26013, 25.1893599 ], [ 55.2600488, 25.1892921 ], [ 55.2599642, 25.1892279 ], [ 55.2598763, 25.1891674 ], [ 55.2596002, 25.1890027 ], [ 55.2595596, 25.18898 ], [ 55.2590178, 25.1887012 ], [ 55.2584104, 25.1884116 ], [ 55.2583355, 25.1883906 ] ] } },
{ "type": "Feature", "properties": { "osm_id": 499989218, "hw": "secondary", "nm": "Al Khaleej Al Tejari 1 Street", "lanes": 3, "oneway": "yes", "sw": 10.5, "swl": 3.0, "swr": 3.0, "nright": 3, "cline": "none", "key": "10.5|3.0|3.0|3|none", "bridge": 0, "net": "surface", "len_m": 44.8 }, "geometry": { "type": "LineString", "coordinates": [ [ 55.2615282, 25.1888787 ], [ 55.2617556, 25.1887049 ], [ 55.2618684, 25.1886178 ] ] } },
{ "type": "Feature", "properties": { "osm_id": 499989219, "hw": "secondary", "nm": "Al Khaleej Al Tejari 1 Street", "lanes": 3, "oneway": "yes", "sw": 10.5, "swl": 3.0, "swr": 3.0, "nright": 3, "cline": "none", "key": "10.5|3.0|3.0|3|none", "bridge": 0, "net": "surface", "len_m": 44.2 }, "geometry": { "type": "LineString", "coordinates": [ [ 55.2620235, 25.1887979 ], [ 55.2618422, 25.1889366 ], [ 55.2616878, 25.1890543 ] ] } },
{ "type": "Feature", "properties": { "osm_id": 499989220, "hw": "tertiary", "nm": "Al Mustaqbal Street", "lanes": 2, "oneway": "yes", "sw": 7.0, "swl": 2.5, "swr": 2.5, "nright": 2, "cline": "none", "key": "7.0|2.5|2.5|2|none", "bridge": 0, "net": "surface", "len_m": 11.9 }, "geometry": { "type": "LineString", "coordinates": [ [ 55.2620235, 25.1887979 ], [ 55.2620966, 25.188882 ] ] } },
{ "type": "Feature", "properties": { "osm_id": 499989221, "hw": "tertiary", "nm": "Al Mustaqbal Street", "lanes": 2, "oneway": "yes", "sw": 7.0, "swl": 2.5, "swr": 2.5, "nright": 2, "cline": "none", "key": "7.0|2.5|2.5|2|none", "bridge": 0, "net": "surface", "len_m": 25.3 }, "geometry": { "type": "LineString", "coordinates": [ [ 55.2618684, 25.1886178 ], [ 55.2619549, 25.1887183 ], [ 55.2620235, 25.1887979 ] ] } },
{ "type": "Feature", "properties": { "osm_id": 499989222, "hw": "tertiary", "nm": "Al Mustaqbal Street", "lanes": 3, "oneway": "yes", "sw": 10.5, "swl": 2.5, "swr": 2.5, "nright": 3, "cline": "none", "key": "10.5|2.5|2.5|3|none", "bridge": 0, "net": "surface", "len_m": 25.2 }, "geometry": { "type": "LineString", "coordinates": [ [ 55.2616878, 25.1890543 ], [ 55.2616047, 25.1889629 ], [ 55.2615282, 25.1888787 ] ] } },
{ "type": "Feature", "properties": { "osm_id": 499989223, "hw": "secondary", "nm": "Al Khaleej Al Tejari 1 Street", "lanes": 4, "oneway": "yes", "sw": 14.0, "swl": 3.0, "swr": 3.0, "nright": 4, "cline": "none", "key": "14.0|3.0|3.0|4|none", "bridge": 0, "net": "surface", "len_m": 17.6 }, "geometry": { "type": "LineString", "coordinates": [ [ 55.2637319, 25.1872082 ], [ 55.2638649, 25.1871049 ] ] } },
{ "type": "Feature", "properties": { "osm_id": 499989224, "hw": "tertiary", "nm": "Al A'amal Street", "lanes": 3, "oneway": "yes", "sw": 10.5, "swl": 2.5, "swr": 2.5, "nright": 3, "cline": "none", "key": "10.5|2.5|2.5|3|none", "bridge": 0, "net": "surface", "len_m": 21.9 }, "geometry": { "type": "LineString", "coordinates": [ [ 55.2638649, 25.1871049 ], [ 55.264011, 25.1872508 ] ] } },
{ "type": "Feature", "properties": { "osm_id": 499989225, "hw": "secondary", "nm": "Al Khaleej Al Tejari 1 Street", "lanes": 4, "oneway": "yes", "sw": 14.0, "swl": 3.0, "swr": 3.0, "nright": 4, "cline": "none", "key": "14.0|3.0|3.0|4|none", "bridge": 0, "net": "surface", "len_m": 18.6 }, "geometry": { "type": "LineString", "coordinates": [ [ 55.264011, 25.1872508 ], [ 55.2638697, 25.1873582 ] ] } },
{ "type": "Feature", "properties": { "osm_id": 499989226, "hw": "tertiary", "nm": "Al A'amal Street", "lanes": 4, "oneway": "yes", "sw": 14.0, "swl": 2.5, "swr": 2.5, "nright": 4, "cline": "none", "key": "14.0|2.5|2.5|4|none", "bridge": 0, "net": "surface", "len_m": 21.7 }, "geometry": { "type": "LineString", "coordinates": [ [ 55.2638697, 25.1873582 ], [ 55.2637319, 25.1872082 ] ] } },
{ "type": "Feature", "properties": { "osm_id": 499992112, "hw": "tertiary", "nm": "Al A'amal Street", "lanes": 3, "oneway": "yes", "sw": 10.5, "swl": 2.5, "swr": 2.5, "nright": 3, "cline": "none", "key": "10.5|2.5|2.5|3|none", "bridge": 0, "net": "surface", "len_m": 22.2 }, "geometry": { "type": "LineString", "coordinates": [ [ 55.269251, 25.1905819 ], [ 55.2693223, 25.190649 ], [ 55.2694066, 25.1907233 ] ] } },
{ "type": "Feature", "properties": { "osm_id": 499992113, "hw": "tertiary", "nm": "Burj Khalifa Street", "lanes": 3, "oneway": "yes", "sw": 10.5, "swl": 2.5, "swr": 2.5, "nright": 3, "cline": "none", "key": "10.5|2.5|2.5|3|none", "bridge": 0, "net": "surface", "len_m": 11.5 }, "geometry": { "type": "LineString", "coordinates": [ [ 55.2691764, 25.1906607 ], [ 55.269251, 25.1905819 ] ] } },
{ "type": "Feature", "properties": { "osm_id": 499992114, "hw": "tertiary", "nm": "Al A'amal Street", "lanes": 2, "oneway": "yes", "sw": 7.0, "swl": 2.5, "swr": 2.5, "nright": 2, "cline": "none", "key": "7.0|2.5|2.5|2|none", "bridge": 0, "net": "surface", "len_m": 43.9 }, "geometry": { "type": "LineString", "coordinates": [ [ 55.2691764, 25.1906607 ], [ 55.2691053, 25.1905987 ], [ 55.2689599, 25.1904806 ], [ 55.2688499, 25.1903984 ] ] } },
{ "type": "Feature", "properties": { "osm_id": 500172508, "hw": "tertiary", "nm": "", "lanes": 2, "oneway": "yes", "sw": 7.0, "swl": 2.5, "swr": 2.5, "nright": 2, "cline": "none", "key": "7.0|2.5|2.5|2|none", "bridge": 0, "net": "surface", "len_m": 633.0 }, "geometry": { "type": "LineString", "coordinates": [ [ 55.2887681, 25.187745 ], [ 55.2886521, 25.1876885 ], [ 55.2885393, 25.1876273 ], [ 55.2884297, 25.1875612 ], [ 55.2883237, 25.1874906 ], [ 55.2879028, 25.1872161 ], [ 55.2877823, 25.1871361 ], [ 55.2877592, 25.1871208 ], [ 55.2875855, 25.1870028 ], [ 55.2874786, 25.1869225 ], [ 55.287386, 25.1868484 ], [ 55.2872954, 25.1867723 ], [ 55.2872071, 25.1866941 ], [ 55.2870645, 25.1865561 ], [ 55.2869283, 25.1864129 ], [ 55.2867988, 25.1862647 ], [ 55.2866761, 25.1861119 ], [ 55.2865605, 25.1859546 ], [ 55.28642, 25.1857368 ], [ 55.2863092, 25.1855533 ], [ 55.2861798, 25.1853242 ], [ 55.2860726, 25.1851395 ], [ 55.285957, 25.184959 ], [ 55.2858819, 25.1848545 ], [ 55.2858331, 25.1847831 ], [ 55.2857012, 25.184612 ], [ 55.2855616, 25.184446 ], [ 55.2854144, 25.1842855 ], [ 55.2853401, 25.1842098 ], [ 55.2852599, 25.1841307 ], [ 55.2846513, 25.1835344 ] ] } },
{ "type": "Feature", "properties": { "osm_id": 500172509, "hw": "tertiary", "nm": "Marasi Drive", "lanes": 3, "oneway": "yes", "sw": 10.5, "swl": 2.5, "swr": 2.5, "nright": 3, "cline": "none", "key": "10.5|2.5|2.5|3|none", "bridge": 0, "net": "surface", "len_m": 128.7 }, "geometry": { "type": "LineString", "coordinates": [ [ 55.2888301, 25.1875718 ], [ 55.2889248, 25.187668 ], [ 55.2890154, 25.1877674 ], [ 55.2891016, 25.1878699 ], [ 55.2891834, 25.1879754 ], [ 55.2892605, 25.1880837 ], [ 55.289333, 25.1881946 ], [ 55.2894006, 25.188308 ], [ 55.2894633, 25.1884237 ], [ 55.289521, 25.1885415 ] ] } },
{ "type": "Feature", "properties": { "osm_id": 500172510, "hw": "tertiary", "nm": "Marasi Drive", "lanes": 3, "oneway": "yes", "sw": 10.5, "swl": 2.5, "swr": 2.5, "nright": 3, "cline": "none", "key": "10.5|2.5|2.5|3|none", "bridge": 1, "net": "surface", "len_m": 184.2 }, "geometry": { "type": "LineString", "coordinates": [ [ 55.2879918, 25.1871626 ], [ 55.2878734, 25.1870919 ], [ 55.2877587, 25.1870165 ], [ 55.2876479, 25.1869363 ], [ 55.2875231, 25.1868411 ], [ 55.2874025, 25.1867415 ], [ 55.2872863, 25.1866377 ], [ 55.2871747, 25.1865299 ], [ 55.2870678, 25.1864183 ], [ 55.2869658, 25.1863029 ], [ 55.2868235, 25.1861324 ], [ 55.286748, 25.186042 ], [ 55.2867093, 25.1859931 ] ] } },
{ "type": "Feature", "properties": { "osm_id": 500176693, "hw": "tertiary_link", "nm": "", "lanes": 1, "oneway": "yes", "sw": 3.5, "swl": 1.0, "swr": 1.0, "nright": 1, "cline": "none", "key": "3.5|1.0|1.0|1|none", "bridge": 0, "net": "surface", "len_m": 183.0 }, "geometry": { "type": "LineString", "coordinates": [ [ 55.2655656, 25.1786655 ], [ 55.2654508, 25.178706 ], [ 55.2653385, 25.1787519 ], [ 55.265229, 25.178803 ], [ 55.2651259, 25.1788622 ], [ 55.2648774, 25.1790194 ], [ 55.2648045, 25.1790632 ], [ 55.2647285, 25.1791025 ], [ 55.2646497, 25.1791372 ], [ 55.2645686, 25.1791669 ], [ 55.2641733, 25.1792855 ], [ 55.2641483, 25.1792869 ], [ 55.2641248, 25.1792793 ], [ 55.2641065, 25.1792638 ], [ 55.2640965, 25.1792431 ], [ 55.2640963, 25.1792205 ], [ 55.2641061, 25.1791997 ], [ 55.2641242, 25.179184 ], [ 55.264193, 25.1791447 ] ] } },
{ "type": "Feature", "properties": { "osm_id": 500185859, "hw": "tertiary", "nm": "The Old Town Avenue", "lanes": 2, "oneway": "yes", "sw": 7.0, "swl": 2.5, "swr": 2.5, "nright": 2, "cline": "none", "key": "7.0|2.5|2.5|2|none", "bridge": 0, "net": "surface", "len_m": 140.5 }, "geometry": { "type": "LineString", "coordinates": [ [ 55.2761744, 25.1896169 ], [ 55.2761222, 25.1896913 ], [ 55.2760625, 25.1897859 ], [ 55.2760063, 25.1898821 ], [ 55.2759536, 25.18998 ], [ 55.2759045, 25.1900794 ], [ 55.275859, 25.1901802 ], [ 55.2757541, 25.190438 ], [ 55.2757332, 25.1904939 ], [ 55.2757155, 25.1905506 ], [ 55.2757011, 25.1906081 ], [ 55.2756901, 25.1906662 ], [ 55.2756887, 25.1907037 ], [ 55.2756931, 25.1907438 ], [ 55.2757094, 25.1907875 ] ] } },
{ "type": "Feature", "properties": { "osm_id": 500185860, "hw": "tertiary", "nm": "The Old Town Avenue", "lanes": 2, "oneway": "yes", "sw": 7.0, "swl": 2.5, "swr": 2.5, "nright": 2, "cline": "none", "key": "7.0|2.5|2.5|2|none", "bridge": 0, "net": "surface", "len_m": 153.3 }, "geometry": { "type": "LineString", "coordinates": [ [ 55.2761929, 25.1893905 ], [ 55.2762315, 25.1893564 ], [ 55.2762669, 25.1893208 ], [ 55.2763006, 25.1892814 ], [ 55.2767239, 25.1887939 ], [ 55.2767712, 25.1887423 ], [ 55.2770055, 25.1884739 ], [ 55.2770401, 25.1884298 ], [ 55.277067, 25.1883859 ], [ 55.2770885, 25.1883395 ], [ 55.2771051, 25.1882909 ] ] } },
{ "type": "Feature", "properties": { "osm_id": 500185861, "hw": "tertiary", "nm": "", "lanes": 2, "oneway": "no", "sw": 7.0, "swl": 2.5, "swr": 2.5, "nright": 1, "cline": "white", "key": "7.0|2.5|2.5|1|white", "bridge": 0, "net": "surface", "len_m": 79.3 }, "geometry": { "type": "LineString", "coordinates": [ [ 55.2763136, 25.1894721 ], [ 55.2763188, 25.1895048 ], [ 55.2763112, 25.1895431 ], [ 55.2762899, 25.1895769 ], [ 55.2762572, 25.1896022 ], [ 55.2762172, 25.189616 ], [ 55.2761744, 25.1896169 ], [ 55.2761395, 25.1896074 ], [ 55.2761091, 25.1895892 ], [ 55.2760843, 25.1895667 ], [ 55.2760749, 25.1895435 ], [ 55.2760686, 25.1895217 ], [ 55.2760679, 25.1894922 ], [ 55.2760756, 25.1894634 ], [ 55.2760912, 25.1894374 ], [ 55.2761137, 25.1894159 ], [ 55.2761415, 25.1894004 ], [ 55.2761666, 25.189393 ], [ 55.2761929, 25.1893905 ], [ 55.2762338, 25.1893966 ], [ 55.2762703, 25.1894145 ], [ 55.2762984, 25.1894422 ], [ 55.2763136, 25.1894721 ] ] } },
{ "type": "Feature", "properties": { "osm_id": 500185862, "hw": "residential", "nm": "", "lanes": 2, "oneway": "yes", "sw": 7.0, "swl": 2.0, "swr": 2.0, "nright": 2, "cline": "none", "key": "7.0|2.0|2.0|2|none", "bridge": 0, "net": "surface", "len_m": 100.4 }, "geometry": { "type": "LineString", "coordinates": [ [ 55.2760686, 25.1895217 ], [ 55.2760514, 25.1894853 ], [ 55.276028, 25.1894518 ], [ 55.2759989, 25.1894222 ], [ 55.2759649, 25.1893971 ], [ 55.2757904, 25.1892782 ], [ 55.2757548, 25.189251 ], [ 55.2757212, 25.1892217 ], [ 55.2756964, 25.1891975 ], [ 55.275655, 25.1891604 ], [ 55.2755562, 25.1890584 ], [ 55.2755177, 25.189025 ], [ 55.2754737, 25.1889976 ], [ 55.2754253, 25.1889773 ], [ 55.2753738, 25.1889644 ], [ 55.2753207, 25.1889594 ] ] } },
{ "type": "Feature", "properties": { "osm_id": 500185863, "hw": "residential", "nm": "", "lanes": 2, "oneway": "yes", "sw": 7.0, "swl": 2.0, "swr": 2.0, "nright": 2, "cline": "none", "key": "7.0|2.0|2.0|2|none", "bridge": 0, "net": "surface", "len_m": 101.1 }, "geometry": { "type": "LineString", "coordinates": [ [ 55.2753579, 25.1888572 ], [ 55.2754118, 25.1888841 ], [ 55.275463, 25.188915 ], [ 55.2755111, 25.1889498 ], [ 55.2755556, 25.1889882 ], [ 55.2755964, 25.1890299 ], [ 55.2756765, 25.189123 ], [ 55.2757177, 25.1891599 ], [ 55.2757432, 25.1891831 ], [ 55.2757832, 25.1892162 ], [ 55.2758254, 25.1892471 ], [ 55.2759918, 25.1893553 ], [ 55.2760303, 25.1893746 ], [ 55.2760636, 25.1893862 ], [ 55.2761021, 25.1893954 ], [ 55.2761415, 25.1894004 ] ] } },
{ "type": "Feature", "properties": { "osm_id": 500185864, "hw": "residential", "nm": "", "lanes": 2, "oneway": "yes", "sw": 7.0, "swl": 2.0, "swr": 2.0, "nright": 2, "cline": "none", "key": "7.0|2.0|2.0|2|none", "bridge": 0, "net": "surface", "len_m": 38.8 }, "geometry": { "type": "LineString", "coordinates": [ [ 55.2763188, 25.1895048 ], [ 55.2763414, 25.1895343 ], [ 55.2763956, 25.1895856 ], [ 55.2764258, 25.1896107 ], [ 55.2766181, 25.1897188 ] ] } },
{ "type": "Feature", "properties": { "osm_id": 500185865, "hw": "residential", "nm": "", "lanes": 2, "oneway": "yes", "sw": 7.0, "swl": 2.0, "swr": 2.0, "nright": 2, "cline": "none", "key": "7.0|2.0|2.0|2|none", "bridge": 0, "net": "surface", "len_m": 38.4 }, "geometry": { "type": "LineString", "coordinates": [ [ 55.2766012, 25.1897438 ], [ 55.2764094, 25.1896426 ], [ 55.2763737, 25.1896267 ], [ 55.2762973, 25.1896067 ], [ 55.2762572, 25.1896022 ] ] } },
{ "type": "Feature", "properties": { "osm_id": 500191614, "hw": "primary", "nm": "Sheikh Mohammed bin Rashid Boulevard", "lanes": 3, "oneway": "yes", "sw": 10.5, "swl": 3.0, "swr": 3.0, "nright": 3, "cline": "none", "key": "10.5|3.0|3.0|3|none", "bridge": 0, "net": "surface", "len_m": 465.5 }, "geometry": { "type": "LineString", "coordinates": [ [ 55.2757094, 25.1907875 ], [ 55.2758057, 25.1908151 ], [ 55.2760839, 25.1909049 ], [ 55.2762844, 25.1909807 ], [ 55.2764812, 25.191064 ], [ 55.2766741, 25.1911545 ], [ 55.2768628, 25.1912521 ], [ 55.2770468, 25.1913567 ], [ 55.2772259, 25.1914681 ], [ 55.2774354, 25.1916117 ], [ 55.2775314, 25.1916746 ], [ 55.2776245, 25.1917532 ], [ 55.2777631, 25.1918702 ], [ 55.2778548, 25.1919519 ], [ 55.2781863, 25.1922862 ], [ 55.2783206, 25.1924143 ], [ 55.2784684, 25.1925343 ], [ 55.2786233, 25.1926469 ], [ 55.2787846, 25.1927517 ], [ 55.278947, 25.1928411 ], [ 55.2791231, 25.192923 ], [ 55.2795059, 25.1930887 ] ] } },
{ "type": "Feature", "properties": { "osm_id": 500191615, "hw": "primary", "nm": "Sheikh Mohammed bin Rashid Boulevard", "lanes": 3, "oneway": "yes", "sw": 10.5, "swl": 3.0, "swr": 3.0, "nright": 3, "cline": "none", "key": "10.5|3.0|3.0|3|none", "bridge": 0, "net": "surface", "len_m": 20.5 }, "geometry": { "type": "LineString", "coordinates": [ [ 55.2755126, 25.1907413 ], [ 55.2756157, 25.1907626 ], [ 55.2757094, 25.1907875 ] ] } },
{ "type": "Feature", "properties": { "osm_id": 500191616, "hw": "tertiary", "nm": "The Old Town Avenue", "lanes": 2, "oneway": "yes", "sw": 7.0, "swl": 2.5, "swr": 2.5, "nright": 2, "cline": "none", "key": "7.0|2.5|2.5|2|none", "bridge": 0, "net": "surface", "len_m": 143.1 }, "geometry": { "type": "LineString", "coordinates": [ [ 55.2755126, 25.1907413 ], [ 55.2755498, 25.1907088 ], [ 55.2755777, 25.1906758 ], [ 55.2755988, 25.1906443 ], [ 55.2756737, 25.1904397 ], [ 55.2757431, 25.1902512 ], [ 55.2758238, 25.1900664 ], [ 55.2759152, 25.1898859 ], [ 55.2760421, 25.1896508 ], [ 55.2760843, 25.1895667 ] ] } },
{ "type": "Feature", "properties": { "osm_id": 500204315, "hw": "tertiary", "nm": "Marasi Drive", "lanes": 4, "oneway": "yes", "sw": 14.0, "swl": 2.5, "swr": 2.5, "nright": 4, "cline": "none", "key": "14.0|2.5|2.5|4|none", "bridge": 0, "net": "surface", "len_m": 114.6 }, "geometry": { "type": "LineString", "coordinates": [ [ 55.289335, 25.1886351 ], [ 55.2892952, 25.1885395 ], [ 55.289275, 25.1885031 ], [ 55.2892381, 25.1884171 ], [ 55.289205, 25.1883548 ], [ 55.2891744, 25.1882974 ], [ 55.2891044, 25.1881807 ], [ 55.2890282, 25.1880671 ], [ 55.288946, 25.187957 ], [ 55.288858, 25.1878507 ], [ 55.2887681, 25.187745 ] ] } },
{ "type": "Feature", "properties": { "osm_id": 500204316, "hw": "tertiary", "nm": "Marasi Drive", "lanes": 2, "oneway": "yes", "sw": 7.0, "swl": 2.5, "swr": 2.5, "nright": 2, "cline": "none", "key": "7.0|2.5|2.5|2|none", "bridge": 1, "net": "surface", "len_m": 184.3 }, "geometry": { "type": "LineString", "coordinates": [ [ 55.2867093, 25.1859931 ], [ 55.2866754, 25.1859457 ], [ 55.2866321, 25.1858853 ], [ 55.2865562, 25.1857669 ], [ 55.2864491, 25.1855944 ], [ 55.2863445, 25.1854206 ], [ 55.2862422, 25.1852457 ], [ 55.2861424, 25.1850697 ], [ 55.2860603, 25.1849382 ], [ 55.2859724, 25.1848098 ], [ 55.2858788, 25.1846848 ], [ 55.2857834, 25.1845601 ] ] } },
{ "type": "Feature", "properties": { "osm_id": 500204317, "hw": "tertiary", "nm": "Marasi Drive", "lanes": 2, "oneway": "yes", "sw": 7.0, "swl": 2.5, "swr": 2.5, "nright": 2, "cline": "none", "key": "7.0|2.5|2.5|2|none", "bridge": 0, "net": "surface", "len_m": 107.5 }, "geometry": { "type": "LineString", "coordinates": [ [ 55.2657254, 25.1804423 ], [ 55.2655909, 25.1804622 ], [ 55.2654544, 25.1804704 ], [ 55.2653177, 25.1804637 ], [ 55.2651829, 25.1804423 ], [ 55.2650519, 25.1804063 ], [ 55.2649267, 25.1803564 ], [ 55.264809, 25.1802964 ], [ 55.2647193, 25.1802366 ] ] } },
{ "type": "Feature", "properties": { "osm_id": 500225665, "hw": "primary", "nm": "Sheikh Mohammed bin Rashid Boulevard", "lanes": 3, "oneway": "yes", "sw": 10.5, "swl": 3.0, "swr": 3.0, "nright": 3, "cline": "none", "key": "10.5|3.0|3.0|3|none", "bridge": 0, "net": "surface", "len_m": 268.2 }, "geometry": { "type": "LineString", "coordinates": [ [ 55.2802117, 25.1934543 ], [ 55.2803526, 25.1935401 ], [ 55.2806739, 25.1937734 ], [ 55.28089, 25.1939376 ], [ 55.2810991, 25.1941092 ], [ 55.2813007, 25.1942878 ], [ 55.2814947, 25.1944734 ], [ 55.2816807, 25.1946654 ], [ 55.2818564, 25.1948638 ], [ 55.2820825, 25.1951563 ] ] } },
{ "type": "Feature", "properties": { "osm_id": 500229247, "hw": "tertiary", "nm": "Al Yamamah Street", "lanes": 2, "oneway": "yes", "sw": 7.0, "swl": 2.5, "swr": 2.5, "nright": 2, "cline": "none", "key": "7.0|2.5|2.5|2|none", "bridge": 0, "net": "surface", "len_m": 121.5 }, "geometry": { "type": "LineString", "coordinates": [ [ 55.2801109, 25.193616 ], [ 55.2800288, 25.1937429 ], [ 55.2799277, 25.1938831 ], [ 55.2798977, 25.1939247 ], [ 55.2798895, 25.1939361 ], [ 55.2796102, 25.1943757 ], [ 55.2795816, 25.1944216 ], [ 55.279556, 25.1944688 ], [ 55.2795334, 25.1945173 ], [ 55.2795138, 25.1945669 ] ] } },
{ "type": "Feature", "properties": { "osm_id": 500229248, "hw": "primary", "nm": "Sheikh Mohammed bin Rashid Boulevard", "lanes": 4, "oneway": "yes", "sw": 14.0, "swl": 3.0, "swr": 3.0, "nright": 4, "cline": "none", "key": "14.0|3.0|3.0|4|none", "bridge": 0, "net": "surface", "len_m": 1007.1 }, "geometry": { "type": "LineString", "coordinates": [ [ 55.2801109, 25.193616 ], [ 55.2800082, 25.1935558 ], [ 55.2798641, 25.1934777 ], [ 55.279653, 25.1933653 ], [ 55.2794345, 25.193254 ], [ 55.2792095, 25.1931551 ], [ 55.2789881, 25.1930588 ], [ 55.2788262, 25.1929771 ], [ 55.2786687, 25.1928879 ], [ 55.2785158, 25.1927923 ], [ 55.2783694, 25.1926887 ], [ 55.2782854, 25.1926266 ], [ 55.2782054, 25.1925604 ], [ 55.2781298, 25.19249 ], [ 55.2780589, 25.1924159 ], [ 55.27788, 25.1922369 ], [ 55.2777008, 25.1920637 ], [ 55.2775488, 25.191928 ], [ 55.2773908, 25.1918041 ], [ 55.2773202, 25.1917471 ], [ 55.2771357, 25.1916217 ], [ 55.2769939, 25.1915322 ], [ 55.2768469, 25.1914459 ], [ 55.276695, 25.1913667 ], [ 55.2765388, 25.1912894 ], [ 55.2764731, 25.1912575 ], [ 55.2762456, 25.1911662 ], [ 55.2760886, 25.1911052 ], [ 55.2759288, 25.1910503 ], [ 55.2757667, 25.1910016 ], [ 55.2756024, 25.1909592 ], [ 55.2754754, 25.1909311 ], [ 55.2753475, 25.1909068 ], [ 55.2752189, 25.1908862 ], [ 55.2749991, 25.1908593 ], [ 55.2747877, 25.1908417 ], [ 55.2745508, 25.1908326 ], [ 55.2742824, 25.1908358 ], [ 55.2740992, 25.1908456 ], [ 55.2739865, 25.1908554 ], [ 55.2737533, 25.1908833 ], [ 55.2734896, 25.1909264 ], [ 55.2732671, 25.1909758 ], [ 55.2730469, 25.1910332 ], [ 55.2728296, 25.1910988 ], [ 55.2726158, 25.1911732 ], [ 55.2725219, 25.1912111 ], [ 55.2724627, 25.1912363 ], [ 55.2723076, 25.1913067 ], [ 55.2721556, 25.1913823 ], [ 55.2720068, 25.1914631 ], [ 55.2718616, 25.191549 ], [ 55.27172, 25.1916397 ], [ 55.2714479, 25.1918209 ], [ 55.2713438, 25.1919048 ] ] } },
{ "type": "Feature", "properties": { "osm_id": 500229249, "hw": "residential", "nm": "", "lanes": 2, "oneway": "yes", "sw": 7.0, "swl": 2.0, "swr": 2.0, "nright": 2, "cline": "none", "key": "7.0|2.0|2.0|2|none", "bridge": 0, "net": "surface", "len_m": 57.8 }, "geometry": { "type": "LineString", "coordinates": [ [ 55.2741055, 25.1913637 ], [ 55.2740846, 25.1913187 ], [ 55.2740675, 25.1912723 ], [ 55.2740544, 25.1912249 ], [ 55.2740454, 25.1911767 ], [ 55.2740205, 25.1909945 ], [ 55.2740041, 25.1909189 ], [ 55.2739865, 25.1908554 ] ] } },
{ "type": "Feature", "properties": { "osm_id": 500273488, "hw": "motorway", "nm": "Al Khail Road", "lanes": 6, "oneway": "yes", "sw": 21.0, "swl": 0.0, "swr": 0.0, "nright": 6, "cline": "none", "key": "21.0|0.0|0.0|6|none", "bridge": 0, "net": "freeway", "len_m": 1508.5 }, "geometry": { "type": "LineString", "coordinates": [ [ 55.2802489, 25.1799101 ], [ 55.2799562, 25.1797618 ], [ 55.2797075, 25.1796208 ], [ 55.2794246, 25.1794577 ], [ 55.2791468, 25.1792876 ], [ 55.2788744, 25.1791106 ], [ 55.2786076, 25.1789267 ], [ 55.2781755, 25.1786368 ], [ 55.2776214, 25.1782382 ], [ 55.2770743, 25.1778134 ], [ 55.2760071, 25.176969 ], [ 55.2740746, 25.1754104 ], [ 55.2738774, 25.1752588 ], [ 55.2736865, 25.1751007 ], [ 55.273435, 25.1748757 ], [ 55.2730185, 25.1745095 ], [ 55.2726078, 25.1741381 ], [ 55.2722028, 25.1737614 ], [ 55.2718037, 25.1733797 ], [ 55.2714258, 25.173008 ], [ 55.2710534, 25.1726317 ], [ 55.2706866, 25.1722509 ], [ 55.270126, 25.1716477 ], [ 55.2694334, 25.170898 ], [ 55.26927993215007, 25.170730833237513 ] ] } },
{ "type": "Feature", "properties": { "osm_id": 500275745, "hw": "motorway", "nm": "Ras Al Khor Road", "lanes": 3, "oneway": "yes", "sw": 10.5, "swl": 0.0, "swr": 0.0, "nright": 3, "cline": "none", "key": "10.5|0.0|0.0|3|none", "bridge": 0, "net": "freeway", "len_m": 48.7 }, "geometry": { "type": "LineString", "coordinates": [ [ 55.2944379, 25.1830244 ], [ 55.294920297446538, 25.183001147261063 ] ] } },
{ "type": "Feature", "properties": { "osm_id": 500275746, "hw": "motorway", "nm": "Ras Al Khor Road", "lanes": 3, "oneway": "yes", "sw": 10.5, "swl": 0.0, "swr": 0.0, "nright": 3, "cline": "none", "key": "10.5|0.0|0.0|3|none", "bridge": 0, "net": "freeway", "len_m": 87.3 }, "geometry": { "type": "LineString", "coordinates": [ [ 55.2935716, 25.1830324 ], [ 55.2944379, 25.1830244 ] ] } },
{ "type": "Feature", "properties": { "osm_id": 500275747, "hw": "motorway", "nm": "Ras Al Khor Road", "lanes": 3, "oneway": "yes", "sw": 10.5, "swl": 0.0, "swr": 0.0, "nright": 3, "cline": "none", "key": "10.5|0.0|0.0|3|none", "bridge": 0, "net": "freeway", "len_m": 83.7 }, "geometry": { "type": "LineString", "coordinates": [ [ 55.2944272, 25.1832602 ], [ 55.2935971, 25.1832839 ] ] } },
{ "type": "Feature", "properties": { "osm_id": 500275749, "hw": "motorway", "nm": "Ras Al Khor Road", "lanes": 3, "oneway": "yes", "sw": 10.5, "swl": 0.0, "swr": 0.0, "nright": 3, "cline": "none", "key": "10.5|0.0|0.0|3|none", "bridge": 0, "net": "freeway", "len_m": 527.6 }, "geometry": { "type": "LineString", "coordinates": [ [ 55.2935971, 25.1832839 ], [ 55.2930907, 25.1832947 ], [ 55.2925738, 25.1833013 ], [ 55.2919847, 25.1832843 ], [ 55.2914905, 25.1832607 ], [ 55.2909837, 25.1832208 ], [ 55.2902685, 25.1831322 ], [ 55.2883906, 25.1828918 ] ] } },
{ "type": "Feature", "properties": { "osm_id": 501745982, "hw": "residential", "nm": "23rd Street", "lanes": 1, "oneway": "yes", "sw": 3.5, "swl": 2.0, "swr": 2.0, "nright": 1, "cline": "none", "key": "3.5|2.0|2.0|1|none", "bridge": 0, "net": "surface", "len_m": 34.3 }, "geometry": { "type": "LineString", "coordinates": [ [ 55.2613641, 25.1959144 ], [ 55.2612907, 25.195898 ], [ 55.2612573, 25.195894 ], [ 55.2612237, 25.1958955 ], [ 55.261191, 25.1959026 ], [ 55.2611602, 25.195915 ], [ 55.2610518, 25.1959798 ] ] } },
{ "type": "Feature", "properties": { "osm_id": 501747882, "hw": "residential", "nm": "40a Street", "lanes": 1, "oneway": "yes", "sw": 3.5, "swl": 2.0, "swr": 2.0, "nright": 1, "cline": "none", "key": "3.5|2.0|2.0|1|none", "bridge": 0, "net": "surface", "len_m": 29.4 }, "geometry": { "type": "LineString", "coordinates": [ [ 55.2546233, 25.1942589 ], [ 55.2546104, 25.1943016 ], [ 55.2546047, 25.1943455 ], [ 55.2546063, 25.1943898 ], [ 55.2546152, 25.1944333 ], [ 55.2546313, 25.1944751 ], [ 55.254654, 25.1945143 ] ] } },
{ "type": "Feature", "properties": { "osm_id": 501751377, "hw": "residential", "nm": "24a Street", "lanes": 2, "oneway": "no", "sw": 7.0, "swl": 2.0, "swr": 2.0, "nright": 1, "cline": "white", "key": "7.0|2.0|2.0|1|white", "bridge": 0, "net": "surface", "len_m": 147.1 }, "geometry": { "type": "LineString", "coordinates": [ [ 55.2519386, 25.1954517 ], [ 55.2515982, 25.1949737 ], [ 55.2512687, 25.1944884 ], [ 55.251242, 25.1944571 ], [ 55.2512065, 25.1944341 ], [ 55.2511671, 25.1944212 ], [ 55.2511273, 25.1944193 ], [ 55.25109, 25.194426 ] ] } },
{ "type": "Feature", "properties": { "osm_id": 501751378, "hw": "residential", "nm": "24a Street", "lanes": 1, "oneway": "yes", "sw": 3.5, "swl": 2.0, "swr": 2.0, "nright": 1, "cline": "none", "key": "3.5|2.0|2.0|1|none", "bridge": 0, "net": "surface", "len_m": 26.2 }, "geometry": { "type": "LineString", "coordinates": [ [ 55.2519194, 25.1956783 ], [ 55.2519502, 25.1956193 ], [ 55.2519582, 25.195592 ], [ 55.2519619, 25.195564 ], [ 55.2519614, 25.1955357 ], [ 55.2519566, 25.1955078 ], [ 55.2519386, 25.1954517 ] ] } },
{ "type": "Feature", "properties": { "osm_id": 501762767, "hw": "motorway_link", "nm": "", "lanes": 2, "oneway": "yes", "sw": 7.0, "swl": 0.0, "swr": 0.0, "nright": 2, "cline": "none", "key": "7.0|0.0|0.0|2|none", "bridge": 0, "net": "freeway", "len_m": 244.0 }, "geometry": { "type": "LineString", "coordinates": [ [ 55.2587591, 25.1909667 ], [ 55.258795, 25.1908545 ], [ 55.2588022, 25.1908055 ], [ 55.2588, 25.190756 ], [ 55.2587883, 25.1907076 ], [ 55.2587676, 25.1906617 ], [ 55.2587384, 25.1906198 ], [ 55.2583915, 25.1902361 ], [ 55.258227, 25.1900759 ], [ 55.2576822, 25.1894509 ], [ 55.2576525, 25.1894032 ], [ 55.2576278, 25.1893533 ], [ 55.2576082, 25.1893016 ], [ 55.2575695, 25.1891457 ] ] } },
{ "type": "Feature", "properties": { "osm_id": 501762768, "hw": "motorway_link", "nm": "", "lanes": 2, "oneway": "yes", "sw": 7.0, "swl": 0.0, "swr": 0.0, "nright": 2, "cline": "none", "key": "7.0|0.0|0.0|2|none", "bridge": 0, "net": "freeway", "len_m": 159.8 }, "geometry": { "type": "LineString", "coordinates": [ [ 55.2512921, 25.1825821 ], [ 55.250272502553464, 25.181477107043801 ] ] } },
{ "type": "Feature", "properties": { "osm_id": 501821806, "hw": "tertiary", "nm": "", "lanes": 2, "oneway": "no", "sw": 7.0, "swl": 2.5, "swr": 2.5, "nright": 1, "cline": "white", "key": "7.0|2.5|2.5|1|white", "bridge": 0, "net": "surface", "len_m": 132.6 }, "geometry": { "type": "LineString", "coordinates": [ [ 55.2561537, 25.1882827 ], [ 55.2557477, 25.1878368 ], [ 55.2557039, 25.1877951 ], [ 55.2553075, 25.1873659 ] ] } },
{ "type": "Feature", "properties": { "osm_id": 527273619, "hw": "tertiary_link", "nm": "", "lanes": 1, "oneway": "yes", "sw": 3.5, "swl": 1.0, "swr": 1.0, "nright": 1, "cline": "none", "key": "3.5|1.0|1.0|1|none", "bridge": 0, "net": "surface", "len_m": 91.8 }, "geometry": { "type": "LineString", "coordinates": [ [ 55.2742428, 25.1822261 ], [ 55.2742652, 25.1822004 ], [ 55.2742898, 25.1821765 ], [ 55.2743165, 25.1821545 ], [ 55.2743451, 25.1821345 ], [ 55.2744935, 25.1820409 ], [ 55.274516, 25.1820199 ], [ 55.2745335, 25.1819954 ], [ 55.2745456, 25.1819683 ], [ 55.2745504, 25.1819432 ], [ 55.2745516, 25.1819104 ], [ 55.2745453, 25.1818818 ], [ 55.2745331, 25.1818547 ], [ 55.2745153, 25.1818304 ], [ 55.2743966, 25.181717 ], [ 55.2743704, 25.1816902 ], [ 55.2743486, 25.1816604 ], [ 55.2743313, 25.1816282 ], [ 55.2743191, 25.1815942 ] ] } },
{ "type": "Feature", "properties": { "osm_id": 542002992, "hw": "primary", "nm": "Al Asayel Street", "lanes": 2, "oneway": "yes", "sw": 7.0, "swl": 3.0, "swr": 3.0, "nright": 2, "cline": "none", "key": "7.0|3.0|3.0|2|none", "bridge": 1, "net": "surface", "len_m": 1370.5 }, "geometry": { "type": "LineString", "coordinates": [ [ 55.2712385, 25.1781972 ], [ 55.2725932, 25.1796627 ], [ 55.2726533, 25.1797268 ], [ 55.2727143, 25.1797902 ], [ 55.2727762, 25.1798529 ], [ 55.2728388, 25.179915 ], [ 55.2732429, 25.1803039 ], [ 55.2735336, 25.1805836 ], [ 55.2735973, 25.1806443 ], [ 55.2736624, 25.1807037 ], [ 55.2767494, 25.183468 ], [ 55.2769726, 25.1836692 ], [ 55.2771922, 25.1838736 ], [ 55.277408, 25.1840812 ], [ 55.2776202, 25.1842919 ], [ 55.2778127, 25.1844925 ], [ 55.2779631, 25.1846501 ], [ 55.2781114, 25.1848094 ], [ 55.2782576, 25.1849703 ], [ 55.2784017, 25.1851328 ], [ 55.2785435, 25.1852969 ], [ 55.2786832, 25.1854625 ], [ 55.2788206, 25.1856296 ], [ 55.2789162, 25.1857482 ], [ 55.2802148, 25.1874513 ] ] } },
{ "type": "Feature", "properties": { "osm_id": 542002994, "hw": "primary_link", "nm": "Al Asayel Street", "lanes": 1, "oneway": "yes", "sw": 3.5, "swl": 1.0, "swr": 1.0, "nright": 1, "cline": "none", "key": "3.5|1.0|1.0|1|none", "bridge": 0, "net": "surface", "len_m": 208.8 }, "geometry": { "type": "LineString", "coordinates": [ [ 55.282047, 25.1903545 ], [ 55.2810887, 25.1890786 ], [ 55.2810189, 25.1889847 ], [ 55.280952, 25.1888891 ], [ 55.2808882, 25.1887918 ] ] } },
{ "type": "Feature", "properties": { "osm_id": 542002997, "hw": "tertiary", "nm": "", "lanes": 2, "oneway": "yes", "sw": 7.0, "swl": 2.5, "swr": 2.5, "nright": 2, "cline": "none", "key": "7.0|2.5|2.5|2|none", "bridge": 1, "net": "surface", "len_m": 238.1 }, "geometry": { "type": "LineString", "coordinates": [ [ 55.2676632, 25.1759155 ], [ 55.2677929, 25.1760039 ], [ 55.2679276, 25.1760859 ], [ 55.2680671, 25.1761611 ], [ 55.2682108, 25.1762294 ], [ 55.2683585, 25.1762905 ], [ 55.2685096, 25.1763443 ], [ 55.2690765, 25.1765342 ], [ 55.2698189, 25.1767679 ] ] } },
{ "type": "Feature", "properties": { "osm_id": 542002998, "hw": "tertiary", "nm": "", "lanes": 2, "oneway": "yes", "sw": 7.0, "swl": 2.5, "swr": 2.5, "nright": 2, "cline": "none", "key": "7.0|2.5|2.5|2|none", "bridge": 1, "net": "surface", "len_m": 204.4 }, "geometry": { "type": "LineString", "coordinates": [ [ 55.2691576, 25.1770028 ], [ 55.2685285, 25.1767782 ], [ 55.2684209, 25.1767357 ], [ 55.2683162, 25.1766889 ], [ 55.268215, 25.1766364 ], [ 55.2681176, 25.1765856 ], [ 55.2680079, 25.1765162 ], [ 55.2679037, 25.1764464 ], [ 55.2678056, 25.1763729 ], [ 55.2677143, 25.1762926 ], [ 55.2676354, 25.1762097 ], [ 55.2675593, 25.1761173 ], [ 55.2674865, 25.1760252 ] ] } },
{ "type": "Feature", "properties": { "osm_id": 542002999, "hw": "tertiary", "nm": "Al A'amal Street", "lanes": 3, "oneway": "yes", "sw": 10.5, "swl": 2.5, "swr": 2.5, "nright": 3, "cline": "none", "key": "10.5|2.5|2.5|3|none", "bridge": 1, "net": "surface", "len_m": 51.1 }, "geometry": { "type": "LineString", "coordinates": [ [ 55.2698189, 25.1767679 ], [ 55.2699115, 25.1768058 ], [ 55.2700017, 25.176848 ], [ 55.2700896, 25.1768942 ], [ 55.2701746, 25.1769444 ], [ 55.2702568, 25.1769985 ] ] } },
{ "type": "Feature", "properties": { "osm_id": 542003000, "hw": "tertiary", "nm": "Al A'amal Street", "lanes": 3, "oneway": "yes", "sw": 10.5, "swl": 2.5, "swr": 2.5, "nright": 3, "cline": "none", "key": "10.5|2.5|2.5|3|none", "bridge": 0, "net": "surface", "len_m": 408.5 }, "geometry": { "type": "LineString", "coordinates": [ [ 55.2724414, 25.1798425 ], [ 55.2722371, 25.1796253 ], [ 55.2715548, 25.1789098 ], [ 55.2705645, 25.1778418 ], [ 55.2704786, 25.1777457 ], [ 55.2703153, 25.1775638 ], [ 55.2702276, 25.1774792 ], [ 55.2701331, 25.1774007 ], [ 55.2700325, 25.1773289 ], [ 55.2699262, 25.177264 ], [ 55.2698149, 25.1772065 ], [ 55.2696985, 25.1771579 ] ] } },
{ "type": "Feature", "properties": { "osm_id": 542003001, "hw": "primary", "nm": "Al Asayel Street", "lanes": 2, "oneway": "yes", "sw": 7.0, "swl": 3.0, "swr": 3.0, "nright": 2, "cline": "none", "key": "7.0|3.0|3.0|2|none", "bridge": 1, "net": "surface", "len_m": 1130.0 }, "geometry": { "type": "LineString", "coordinates": [ [ 55.264351143583205, 25.170730833237513 ], [ 55.2644789, 25.170879 ], [ 55.2664703, 25.1730245 ], [ 55.2665449, 25.1731031 ], [ 55.2666183, 25.1731827 ], [ 55.2666999, 25.1732861 ], [ 55.2667692, 25.1733886 ], [ 55.26684, 25.1735179 ], [ 55.2669027, 25.1736507 ], [ 55.2669571, 25.1737864 ], [ 55.267003, 25.1739246 ], [ 55.2670403, 25.174065 ], [ 55.2672551, 25.1751529 ], [ 55.2672885, 25.1752713 ], [ 55.2673308, 25.1753874 ], [ 55.2673817, 25.1755006 ], [ 55.267441, 25.1756103 ], [ 55.2675084, 25.1757162 ], [ 55.2675776, 25.1758093 ], [ 55.2676632, 25.1759155 ], [ 55.2677532, 25.1760166 ], [ 55.2678489, 25.1761122 ], [ 55.2679528, 25.1762006 ], [ 55.2680643, 25.1762811 ], [ 55.2681825, 25.1763533 ], [ 55.2683067, 25.1764166 ], [ 55.2684361, 25.1764707 ], [ 55.269743, 25.1769273 ], [ 55.2698625, 25.1769762 ], [ 55.2699788, 25.1770312 ], [ 55.2700912, 25.1770922 ], [ 55.2701996, 25.177159 ], [ 55.2703036, 25.1772314 ], [ 55.2704027, 25.1773092 ], [ 55.2704966, 25.177392 ], [ 55.2712385, 25.1781972 ] ] } },
{ "type": "Feature", "properties": { "osm_id": 542003002, "hw": "primary", "nm": "Al Asayel Street", "lanes": 2, "oneway": "yes", "sw": 7.0, "swl": 3.0, "swr": 3.0, "nright": 2, "cline": "none", "key": "7.0|3.0|3.0|2|none", "bridge": 1, "net": "surface", "len_m": 1142.2 }, "geometry": { "type": "LineString", "coordinates": [ [ 55.2711413, 25.1782703 ], [ 55.2704016, 25.1774762 ], [ 55.2703126, 25.1773988 ], [ 55.270219, 25.1773261 ], [ 55.270121, 25.1772582 ], [ 55.270019, 25.1771954 ], [ 55.2699133, 25.1771379 ], [ 55.2698042, 25.1770858 ], [ 55.269692, 25.1770393 ], [ 55.2683663, 25.1765865 ], [ 55.2682258, 25.1765275 ], [ 55.2680896, 25.176461 ], [ 55.267958, 25.1763872 ], [ 55.2678316, 25.1763063 ], [ 55.2677108, 25.1762186 ], [ 55.2675961, 25.1761245 ], [ 55.2674865, 25.1760252 ], [ 55.2673863, 25.1758996 ], [ 55.2672962, 25.1757678 ], [ 55.2672173, 25.1756302 ], [ 55.2671499, 25.1754877 ], [ 55.2670944, 25.1753411 ], [ 55.2670511, 25.1751836 ], [ 55.2668298, 25.1741052 ], [ 55.2667807, 25.1738978 ], [ 55.2667325, 25.173746 ], [ 55.2666735, 25.1735973 ], [ 55.2666039, 25.1734525 ], [ 55.2665241, 25.173312 ], [ 55.2664343, 25.1731765 ], [ 55.2663349, 25.1730467 ], [ 55.2643849, 25.1709343 ], [ 55.264211975308612, 25.170730833237513 ] ] } },
{ "type": "Feature", "properties": { "osm_id": 542011220, "hw": "secondary", "nm": "Al Mustaqbal Street", "lanes": 4, "oneway": "yes", "sw": 14.0, "swl": 3.0, "swr": 3.0, "nright": 4, "cline": "none", "key": "14.0|3.0|3.0|4|none", "bridge": 0, "net": "surface", "len_m": 788.7 }, "geometry": { "type": "LineString", "coordinates": [ [ 55.2577571, 25.175753 ], [ 55.2580657, 25.1760745 ], [ 55.2581734, 25.1761837 ], [ 55.2582852, 25.1762896 ], [ 55.2584009, 25.1763919 ], [ 55.2585203, 25.1764907 ], [ 55.2586825, 25.1766094 ], [ 55.2588535, 25.1767174 ], [ 55.2590252, 25.1768198 ], [ 55.2593649, 25.1770344 ], [ 55.2594878, 25.1771248 ], [ 55.2596032, 25.1772231 ], [ 55.2597103, 25.1773286 ], [ 55.2598087, 25.177441 ], [ 55.2608071, 25.1787185 ], [ 55.2608964, 25.1788452 ], [ 55.2609756, 25.1789773 ], [ 55.2610443, 25.1791141 ], [ 55.261102, 25.179255 ], [ 55.2611486, 25.1793993 ], [ 55.2611737, 25.1795366 ], [ 55.2611887, 25.1796751 ], [ 55.2611934, 25.1798143 ], [ 55.2611876, 25.1799534 ], [ 55.2611714, 25.1800918 ], [ 55.2611449, 25.1802289 ], [ 55.2611083, 25.1803641 ], [ 55.2610616, 25.1804968 ], [ 55.2610051, 25.1806262 ], [ 55.2609375, 25.1807513 ], [ 55.2608811, 25.1808474 ], [ 55.2608171, 25.1809396 ], [ 55.2607457, 25.1810272 ], [ 55.2606465, 25.1811309 ], [ 55.2605409, 25.1812292 ], [ 55.2604292, 25.1813218 ], [ 55.2603119, 25.1814086 ] ] } },
{ "type": "Feature", "properties": { "osm_id": 542805305, "hw": "tertiary", "nm": "Marasi Drive", "lanes": 4, "oneway": "yes", "sw": 14.0, "swl": 2.5, "swr": 2.5, "nright": 4, "cline": "none", "key": "14.0|2.5|2.5|4|none", "bridge": 0, "net": "surface", "len_m": 76.3 }, "geometry": { "type": "LineString", "coordinates": [ [ 55.2896744, 25.1890165 ], [ 55.2896965, 25.1891876 ], [ 55.289714, 25.1893591 ], [ 55.2897269, 25.189531 ], [ 55.2897295, 25.1895858 ], [ 55.2897352, 25.1897031 ] ] } },
{ "type": "Feature", "properties": { "osm_id": 542805306, "hw": "tertiary", "nm": "Marasi Drive", "lanes": 5, "oneway": "yes", "sw": 17.5, "swl": 2.5, "swr": 2.5, "nright": 5, "cline": "none", "key": "17.5|2.5|2.5|5|none", "bridge": 0, "net": "surface", "len_m": 54.9 }, "geometry": { "type": "LineString", "coordinates": [ [ 55.289521, 25.1885415 ], [ 55.2895674, 25.188658 ], [ 55.2896085, 25.1887761 ], [ 55.2896442, 25.1888957 ], [ 55.2896744, 25.1890165 ] ] } },
{ "type": "Feature", "properties": { "osm_id": 542805308, "hw": "tertiary", "nm": "Marasi Drive", "lanes": 2, "oneway": "yes", "sw": 7.0, "swl": 2.5, "swr": 2.5, "nright": 2, "cline": "none", "key": "7.0|2.5|2.5|2|none", "bridge": 0, "net": "surface", "len_m": 102.5 }, "geometry": { "type": "LineString", "coordinates": [ [ 55.2897352, 25.1897031 ], [ 55.2897345, 25.1897942 ], [ 55.2897253, 25.1899125 ], [ 55.2896964, 25.1901128 ], [ 55.2896745, 25.1902106 ], [ 55.2896487, 25.1903076 ], [ 55.2896191, 25.1904037 ], [ 55.2895857, 25.1904988 ], [ 55.2895429, 25.1906065 ] ] } },
{ "type": "Feature", "properties": { "osm_id": 543445359, "hw": "tertiary", "nm": "Al A'amal Street", "lanes": 2, "oneway": "yes", "sw": 7.0, "swl": 2.5, "swr": 2.5, "nright": 2, "cline": "none", "key": "7.0|2.5|2.5|2|none", "bridge": 1, "net": "surface", "len_m": 51.0 }, "geometry": { "type": "LineString", "coordinates": [ [ 55.26962, 25.1771898 ], [ 55.2691576, 25.1770028 ] ] } },
{ "type": "Feature", "properties": { "osm_id": 563056808, "hw": "motorway_link", "nm": "", "lanes": 2, "oneway": "yes", "sw": 7.0, "swl": 0.0, "swr": 0.0, "nright": 2, "cline": "none", "key": "7.0|0.0|0.0|2|none", "bridge": 0, "net": "freeway", "len_m": 340.9 }, "geometry": { "type": "LineString", "coordinates": [ [ 55.270477658325888, 25.170730833237513 ], [ 55.2705473, 25.1708659 ], [ 55.2706653, 25.1710611 ], [ 55.270792, 25.1712518 ], [ 55.270927, 25.1714377 ], [ 55.271019, 25.1715539 ], [ 55.2711887, 25.1717529 ], [ 55.2713193, 25.1718996 ], [ 55.2714446, 25.1720429 ], [ 55.271565, 25.1721896 ], [ 55.2716804, 25.1723395 ], [ 55.2717833, 25.1724703 ], [ 55.2718902, 25.1725986 ], [ 55.2720008, 25.1727241 ], [ 55.2721166, 25.1728542 ], [ 55.2721962, 25.1729425 ], [ 55.2722736, 25.1730405 ], [ 55.2723457, 25.1731418 ], [ 55.2724122, 25.1732462 ] ] } },
{ "type": "Feature", "properties": { "osm_id": 596600146, "hw": "tertiary", "nm": "Al Yamamah Street", "lanes": 2, "oneway": "yes", "sw": 7.0, "swl": 2.5, "swr": 2.5, "nright": 2, "cline": "none", "key": "7.0|2.5|2.5|2|none", "bridge": 0, "net": "surface", "len_m": 178.2 }, "geometry": { "type": "LineString", "coordinates": [ [ 55.2801135, 25.1933934 ], [ 55.2801819, 25.1932842 ], [ 55.2803802, 25.1930022 ], [ 55.2804481, 25.1929053 ], [ 55.2804953, 25.1928462 ], [ 55.2805523, 25.1927814 ], [ 55.2806359, 25.1926927 ], [ 55.2807249, 25.1926084 ], [ 55.280819, 25.1925287 ], [ 55.2808448, 25.1925086 ], [ 55.2810501, 25.1923485 ], [ 55.2811934, 25.192244 ], [ 55.2812667, 25.1921954 ] ] } },
{ "type": "Feature", "properties": { "osm_id": 596600147, "hw": "tertiary", "nm": "Al Yamamah Street", "lanes": 2, "oneway": "yes", "sw": 7.0, "swl": 2.5, "swr": 2.5, "nright": 2, "cline": "none", "key": "7.0|2.5|2.5|2|none", "bridge": 0, "net": "surface", "len_m": 174.6 }, "geometry": { "type": "LineString", "coordinates": [ [ 55.2813626, 25.1922973 ], [ 55.2811397, 25.1924542 ], [ 55.2809193, 25.1926167 ], [ 55.2808226, 25.192696 ], [ 55.2807307, 25.19278 ], [ 55.2806439, 25.1928682 ], [ 55.2805625, 25.1929606 ], [ 55.2804867, 25.1930568 ], [ 55.2802843, 25.1933436 ], [ 55.2802117, 25.1934543 ] ] } },
{ "type": "Feature", "properties": { "osm_id": 597237523, "hw": "secondary", "nm": "Al Mustaqbal Street", "lanes": 2, "oneway": "yes", "sw": 7.0, "swl": 3.0, "swr": 3.0, "nright": 2, "cline": "none", "key": "7.0|3.0|3.0|2|none", "bridge": 0, "net": "surface", "len_m": 654.4 }, "geometry": { "type": "LineString", "coordinates": [ [ 55.2621045, 25.1890989 ], [ 55.262629, 25.1896404 ], [ 55.2646624, 25.1918343 ], [ 55.264942, 25.1921086 ], [ 55.2653158, 25.1924964 ], [ 55.2663175, 25.1935928 ] ] } },
{ "type": "Feature", "properties": { "osm_id": 597237524, "hw": "secondary", "nm": "Al Mustaqbal Street", "lanes": 2, "oneway": "yes", "sw": 7.0, "swl": 3.0, "swr": 3.0, "nright": 2, "cline": "none", "key": "7.0|3.0|3.0|2|none", "bridge": 0, "net": "surface", "len_m": 84.5 }, "geometry": { "type": "LineString", "coordinates": [ [ 55.2615399, 25.1885347 ], [ 55.2621045, 25.1890989 ] ] } },
{ "type": "Feature", "properties": { "osm_id": 597237525, "hw": "secondary", "nm": "Al Mustaqbal Street", "lanes": 2, "oneway": "yes", "sw": 7.0, "swl": 3.0, "swr": 3.0, "nright": 2, "cline": "none", "key": "7.0|3.0|3.0|2|none", "bridge": 0, "net": "surface", "len_m": 503.2 }, "geometry": { "type": "LineString", "coordinates": [ [ 55.258366, 25.1850288 ], [ 55.2595686, 25.1863072 ], [ 55.2609446, 25.1878813 ], [ 55.2615399, 25.1885347 ] ] } },
{ "type": "Feature", "properties": { "osm_id": 597237526, "hw": "secondary_link", "nm": "", "lanes": 2, "oneway": "yes", "sw": 7.0, "swl": 1.0, "swr": 1.0, "nright": 2, "cline": "none", "key": "7.0|1.0|1.0|2|none", "bridge": 0, "net": "surface", "len_m": 138.7 }, "geometry": { "type": "LineString", "coordinates": [ [ 55.2595686, 25.1863072 ], [ 55.2605301, 25.1872028 ] ] } },
{ "type": "Feature", "properties": { "osm_id": 597237527, "hw": "secondary", "nm": "Al Mustaqbal Street", "lanes": 3, "oneway": "yes", "sw": 10.5, "swl": 3.0, "swr": 3.0, "nright": 3, "cline": "none", "key": "10.5|3.0|3.0|3|none", "bridge": 1, "net": "surface", "len_m": 329.8 }, "geometry": { "type": "LineString", "coordinates": [ [ 55.2587238, 25.1823848 ], [ 55.2586041, 25.1824737 ], [ 55.2584805, 25.1825758 ], [ 55.2583638, 25.1826843 ], [ 55.2582762, 25.1827897 ], [ 55.2581969, 25.1829004 ], [ 55.2581266, 25.1830159 ], [ 55.2580656, 25.1831357 ], [ 55.2580143, 25.1832592 ], [ 55.2579729, 25.1833856 ], [ 55.2579416, 25.1835144 ], [ 55.2579206, 25.183645 ], [ 55.2579101, 25.1837765 ], [ 55.25791, 25.1839084 ], [ 55.2579203, 25.1840399 ], [ 55.2579411, 25.1841705 ], [ 55.2579722, 25.1842994 ], [ 55.2580134, 25.1844259 ], [ 55.2580645, 25.1845494 ], [ 55.2581253, 25.1846692 ], [ 55.2582004, 25.1847924 ], [ 55.2582858, 25.18491 ], [ 55.258366, 25.1850288 ] ] } },
{ "type": "Feature", "properties": { "osm_id": 597239283, "hw": "secondary", "nm": "Al Mustaqbal Street", "lanes": 3, "oneway": "yes", "sw": 10.5, "swl": 3.0, "swr": 3.0, "nright": 3, "cline": "none", "key": "10.5|3.0|3.0|3|none", "bridge": 0, "net": "surface", "len_m": 154.6 }, "geometry": { "type": "LineString", "coordinates": [ [ 55.2678447, 25.1952822 ], [ 55.2681494, 25.1956721 ], [ 55.2682982, 25.1958693 ], [ 55.2684446, 25.196068 ], [ 55.2685885, 25.1962681 ], [ 55.268706884657199, 25.196436766762485 ] ] } },
{ "type": "Feature", "properties": { "osm_id": 597239284, "hw": "secondary", "nm": "Al Mustaqbal Street", "lanes": 3, "oneway": "yes", "sw": 10.5, "swl": 3.0, "swr": 3.0, "nright": 3, "cline": "none", "key": "10.5|3.0|3.0|3|none", "bridge": 1, "net": "surface", "len_m": 242.3 }, "geometry": { "type": "LineString", "coordinates": [ [ 55.2663175, 25.1935928 ], [ 55.2678447, 25.1952822 ] ] } },
{ "type": "Feature", "properties": { "osm_id": 597250895, "hw": "secondary", "nm": "Al Mustaqbal Street", "lanes": 3, "oneway": "yes", "sw": 10.5, "swl": 3.0, "swr": 3.0, "nright": 3, "cline": "none", "key": "10.5|3.0|3.0|3|none", "bridge": 0, "net": "surface", "len_m": 144.9 }, "geometry": { "type": "LineString", "coordinates": [ [ 55.268548104480338, 25.196436766762485 ], [ 55.2684789, 25.1963376 ], [ 55.2683363, 25.196138 ], [ 55.2681913, 25.1959399 ], [ 55.268044, 25.1957432 ], [ 55.2677424, 25.1953541 ] ] } },
{ "type": "Feature", "properties": { "osm_id": 597250902, "hw": "secondary", "nm": "Al Mustaqbal Street", "lanes": 4, "oneway": "yes", "sw": 14.0, "swl": 3.0, "swr": 3.0, "nright": 4, "cline": "none", "key": "14.0|3.0|3.0|4|none", "bridge": 0, "net": "surface", "len_m": 809.7 }, "geometry": { "type": "LineString", "coordinates": [ [ 55.2602118, 25.1813261 ], [ 55.2603048, 25.181258 ], [ 55.2603931, 25.1811851 ], [ 55.2604766, 25.1811075 ], [ 55.2605548, 25.1810256 ], [ 55.2606275, 25.1809396 ], [ 55.2607275, 25.1808031 ], [ 55.2608138, 25.1806591 ], [ 55.2608859, 25.1805089 ], [ 55.2609432, 25.1803535 ], [ 55.2609852, 25.1801942 ], [ 55.2610115, 25.1800321 ], [ 55.2610221, 25.1798686 ], [ 55.2610168, 25.1797049 ], [ 55.2609956, 25.1795422 ], [ 55.2609588, 25.1793818 ], [ 55.2609066, 25.179225 ], [ 55.2608393, 25.1790729 ], [ 55.2607576, 25.1789268 ], [ 55.260662, 25.1787876 ], [ 55.2599436, 25.1778936 ], [ 55.2598546, 25.1777875 ], [ 55.2597605, 25.177685 ], [ 55.2596616, 25.1775862 ], [ 55.2595581, 25.1774915 ], [ 55.2594501, 25.1774009 ], [ 55.2593364, 25.1773146 ], [ 55.2592231, 25.1772396 ], [ 55.2586592, 25.1769311 ], [ 55.2585277, 25.1768484 ], [ 55.2583996, 25.1767624 ], [ 55.2582751, 25.176672 ], [ 55.2581729, 25.1765906 ], [ 55.2580734, 25.1765063 ], [ 55.2579772, 25.1764189 ], [ 55.2578845, 25.1763285 ], [ 55.2572337, 25.1756427 ] ] } },
{ "type": "Feature", "properties": { "osm_id": 597250905, "hw": "secondary", "nm": "Al Mustaqbal Street", "lanes": 3, "oneway": "yes", "sw": 10.5, "swl": 3.0, "swr": 3.0, "nright": 3, "cline": "none", "key": "10.5|3.0|3.0|3|none", "bridge": 1, "net": "surface", "len_m": 352.4 }, "geometry": { "type": "LineString", "coordinates": [ [ 55.2582459, 25.1851047 ], [ 55.2581871, 25.1850254 ], [ 55.2581158, 25.1849333 ], [ 55.2580519, 25.184837 ], [ 55.2579954, 25.1847369 ], [ 55.2579292, 25.1846097 ], [ 55.2578733, 25.1844786 ], [ 55.257828, 25.1843442 ], [ 55.2577934, 25.1842072 ], [ 55.2577698, 25.1840683 ], [ 55.2577572, 25.1839282 ], [ 55.2577558, 25.1837877 ], [ 55.2577655, 25.1836475 ], [ 55.2577863, 25.1835082 ], [ 55.2578181, 25.1833707 ], [ 55.2578607, 25.1832355 ], [ 55.2579139, 25.1831035 ], [ 55.2579774, 25.1829753 ], [ 55.258051, 25.1828515 ], [ 55.2581341, 25.1827328 ], [ 55.2582265, 25.1826198 ], [ 55.2583284, 25.1825183 ], [ 55.2584365, 25.1824222 ], [ 55.2585289, 25.182356 ], [ 55.2586328, 25.1822882 ] ] } },
{ "type": "Feature", "properties": { "osm_id": 597250907, "hw": "secondary", "nm": "Al Mustaqbal Street", "lanes": 2, "oneway": "yes", "sw": 7.0, "swl": 3.0, "swr": 3.0, "nright": 2, "cline": "none", "key": "7.0|3.0|3.0|2|none", "bridge": 0, "net": "surface", "len_m": 504.8 }, "geometry": { "type": "LineString", "coordinates": [ [ 55.2614603, 25.1885986 ], [ 55.2608637, 25.1879414 ], [ 55.260089, 25.1870519 ], [ 55.2594667, 25.1863958 ], [ 55.2582459, 25.1851047 ] ] } },
{ "type": "Feature", "properties": { "osm_id": 597250909, "hw": "secondary", "nm": "Al Mustaqbal Street", "lanes": 2, "oneway": "yes", "sw": 7.0, "swl": 3.0, "swr": 3.0, "nright": 2, "cline": "none", "key": "7.0|3.0|3.0|2|none", "bridge": 0, "net": "surface", "len_m": 90.0 }, "geometry": { "type": "LineString", "coordinates": [ [ 55.2620611, 25.1891996 ], [ 55.2614603, 25.1885986 ] ] } },
{ "type": "Feature", "properties": { "osm_id": 597250912, "hw": "secondary", "nm": "Al Mustaqbal Street", "lanes": 2, "oneway": "yes", "sw": 7.0, "swl": 3.0, "swr": 3.0, "nright": 2, "cline": "none", "key": "7.0|3.0|3.0|2|none", "bridge": 0, "net": "surface", "len_m": 648.5 }, "geometry": { "type": "LineString", "coordinates": [ [ 55.2662128, 25.1936702 ], [ 55.2648289, 25.1921955 ], [ 55.2645819, 25.1918926 ], [ 55.2625498, 25.1896995 ], [ 55.2620611, 25.1891996 ] ] } },
{ "type": "Feature", "properties": { "osm_id": 597250914, "hw": "secondary", "nm": "Al Mustaqbal Street", "lanes": 3, "oneway": "yes", "sw": 10.5, "swl": 3.0, "swr": 3.0, "nright": 3, "cline": "none", "key": "10.5|3.0|3.0|3|none", "bridge": 1, "net": "surface", "len_m": 242.0 }, "geometry": { "type": "LineString", "coordinates": [ [ 55.2677424, 25.1953541 ], [ 55.2662128, 25.1936702 ] ] } },
{ "type": "Feature", "properties": { "osm_id": 597254547, "hw": "secondary_link", "nm": "", "lanes": 2, "oneway": "yes", "sw": 7.0, "swl": 1.0, "swr": 1.0, "nright": 2, "cline": "none", "key": "7.0|1.0|1.0|2|none", "bridge": 0, "net": "surface", "len_m": 149.2 }, "geometry": { "type": "LineString", "coordinates": [ [ 55.2640768, 25.1910174 ], [ 55.2646781, 25.1917365 ], [ 55.2647477, 25.1918274 ], [ 55.2648149, 25.1919198 ], [ 55.2648797, 25.1920135 ], [ 55.264942, 25.1921086 ] ] } },
{ "type": "Feature", "properties": { "osm_id": 598329041, "hw": "secondary_link", "nm": "", "lanes": 4, "oneway": "yes", "sw": 14.0, "swl": 1.0, "swr": 1.0, "nright": 4, "cline": "none", "key": "14.0|1.0|1.0|4|none", "bridge": 0, "net": "surface", "len_m": 340.0 }, "geometry": { "type": "LineString", "coordinates": [ [ 55.260405, 25.1730046 ], [ 55.2595703, 25.173578 ], [ 55.2590123, 25.1740023 ], [ 55.2587347, 25.174222 ], [ 55.2584141, 25.1744587 ], [ 55.2577596, 25.1749068 ] ] } },
{ "type": "Feature", "properties": { "osm_id": 598330277, "hw": "secondary_link", "nm": "", "lanes": 1, "oneway": "yes", "sw": 3.5, "swl": 1.0, "swr": 1.0, "nright": 1, "cline": "none", "key": "3.5|1.0|1.0|1|none", "bridge": 0, "net": "surface", "len_m": 163.9 }, "geometry": { "type": "LineString", "coordinates": [ [ 55.261102, 25.179255 ], [ 55.2611471, 25.1793173 ], [ 55.2611865, 25.1793826 ], [ 55.26122, 25.1794506 ], [ 55.2612473, 25.1795208 ], [ 55.2612683, 25.1795928 ], [ 55.2612828, 25.179666 ], [ 55.2613245, 25.1799988 ], [ 55.2613418, 25.1800563 ], [ 55.2613701, 25.1801102 ], [ 55.2614087, 25.1801585 ], [ 55.2614562, 25.1801999 ], [ 55.2615096, 25.1802329 ], [ 55.2615864, 25.1802543 ], [ 55.2616658, 25.180257 ], [ 55.2617381, 25.1802373 ], [ 55.2619215, 25.1801547 ] ] } },
{ "type": "Feature", "properties": { "osm_id": 598501972, "hw": "secondary_link", "nm": "", "lanes": 2, "oneway": "yes", "sw": 7.0, "swl": 1.0, "swr": 1.0, "nright": 2, "cline": "none", "key": "7.0|1.0|1.0|2|none", "bridge": 0, "net": "surface", "len_m": 150.2 }, "geometry": { "type": "LineString", "coordinates": [ [ 55.2648289, 25.1921955 ], [ 55.2647394, 25.192128 ], [ 55.2646528, 25.1920575 ], [ 55.2645692, 25.1919841 ], [ 55.2644887, 25.1919079 ], [ 55.2640616, 25.1914814 ], [ 55.2639126, 25.1913526 ], [ 55.2637741, 25.1912401 ] ] } },
{ "type": "Feature", "properties": { "osm_id": 605090781, "hw": "motorway_link", "nm": "", "lanes": 1, "oneway": "yes", "sw": 3.5, "swl": 0.0, "swr": 0.0, "nright": 1, "cline": "none", "key": "3.5|0.0|0.0|1|none", "bridge": 0, "net": "freeway", "len_m": 243.6 }, "geometry": { "type": "LineString", "coordinates": [ [ 55.270093379227475, 25.170730833237513 ], [ 55.2700949, 25.1707331 ], [ 55.2701593, 25.170816 ], [ 55.2702297, 25.1708948 ], [ 55.2703057, 25.1709692 ], [ 55.2705713, 25.1712484 ], [ 55.270752, 25.1714473 ], [ 55.2709286, 25.1716492 ], [ 55.271101, 25.171854 ], [ 55.271401, 25.172204 ], [ 55.2714516, 25.1722646 ], [ 55.2714974, 25.1723283 ], [ 55.2715381, 25.1723948 ], [ 55.2715734, 25.1724638 ] ] } },
{ "type": "Feature", "properties": { "osm_id": 605393910, "hw": "trunk_link", "nm": "", "lanes": 2, "oneway": "yes", "sw": 7.0, "swl": 0.0, "swr": 0.0, "nright": 2, "cline": "none", "key": "7.0|0.0|0.0|2|none", "bridge": 0, "net": "freeway", "len_m": 179.8 }, "geometry": { "type": "LineString", "coordinates": [ [ 55.2938333, 25.1892312 ], [ 55.2938427, 25.1893282 ], [ 55.2938443, 25.1894257 ], [ 55.2938379, 25.1895229 ], [ 55.2938237, 25.1896195 ], [ 55.2938017, 25.1897149 ], [ 55.293777, 25.1898057 ], [ 55.2936687, 25.190177 ], [ 55.2936344, 25.190306 ], [ 55.2936055, 25.190436 ], [ 55.2935821, 25.190567 ], [ 55.2935645, 25.1906959 ], [ 55.2935521, 25.1908253 ] ] } },
{ "type": "Feature", "properties": { "osm_id": 605393911, "hw": "trunk_link", "nm": "", "lanes": 2, "oneway": "yes", "sw": 7.0, "swl": 0.0, "swr": 0.0, "nright": 2, "cline": "none", "key": "7.0|0.0|0.0|2|none", "bridge": 0, "net": "freeway", "len_m": 402.1 }, "geometry": { "type": "LineString", "coordinates": [ [ 55.2941272, 25.1952479 ], [ 55.2940109, 25.1952725 ], [ 55.2938929, 25.1952898 ], [ 55.2937739, 25.1952995 ], [ 55.2936587, 25.1953018 ], [ 55.2935436, 25.1952971 ], [ 55.2934291, 25.1952854 ], [ 55.2933158, 25.1952667 ], [ 55.293204, 25.1952412 ], [ 55.2930945, 25.195209 ], [ 55.2920151, 25.1948769 ], [ 55.2918887, 25.1948392 ], [ 55.29176, 25.1948083 ], [ 55.2916295, 25.1947846 ], [ 55.2914906, 25.1947673 ], [ 55.2913509, 25.1947579 ], [ 55.2912107, 25.1947566 ], [ 55.2910708, 25.1947637 ], [ 55.2909034, 25.1947793 ], [ 55.2907366, 25.1947994 ], [ 55.2905705, 25.1948239 ], [ 55.2904053, 25.1948529 ], [ 55.2902411, 25.1948862 ] ] } },
{ "type": "Feature", "properties": { "osm_id": 605674284, "hw": "tertiary", "nm": "", "lanes": 2, "oneway": "yes", "sw": 7.0, "swl": 2.5, "swr": 2.5, "nright": 2, "cline": "none", "key": "7.0|2.5|2.5|2|none", "bridge": 0, "net": "surface", "len_m": 22.8 }, "geometry": { "type": "LineString", "coordinates": [ [ 55.2891606, 25.1950183 ], [ 55.2891181, 25.1950294 ], [ 55.2890739, 25.1950391 ], [ 55.2890287, 25.1950438 ], [ 55.2889382, 25.1950376 ] ] } },
{ "type": "Feature", "properties": { "osm_id": 605674285, "hw": "tertiary", "nm": "", "lanes": 2, "oneway": "yes", "sw": 7.0, "swl": 2.5, "swr": 2.5, "nright": 2, "cline": "none", "key": "7.0|2.5|2.5|2|none", "bridge": 0, "net": "surface", "len_m": 19.9 }, "geometry": { "type": "LineString", "coordinates": [ [ 55.2892759, 25.1948737 ], [ 55.2892545, 25.1949135 ], [ 55.2892279, 25.1949507 ], [ 55.2891965, 25.1949846 ], [ 55.2891606, 25.1950183 ] ] } },
{ "type": "Feature", "properties": { "osm_id": 612343483, "hw": "secondary", "nm": "First Al Khail Street", "lanes": 3, "oneway": "yes", "sw": 10.5, "swl": 3.0, "swr": 3.0, "nright": 3, "cline": "none", "key": "10.5|3.0|3.0|3|none", "bridge": 0, "net": "surface", "len_m": 53.3 }, "geometry": { "type": "LineString", "coordinates": [ [ 55.2570214, 25.1754077 ], [ 55.2567799, 25.1751373 ], [ 55.2566876, 25.1750346 ] ] } },
{ "type": "Feature", "properties": { "osm_id": 612380601, "hw": "primary_link", "nm": "", "lanes": 2, "oneway": "yes", "sw": 7.0, "swl": 1.0, "swr": 1.0, "nright": 2, "cline": "none", "key": "7.0|1.0|1.0|2|none", "bridge": 1, "net": "surface", "len_m": 452.8 }, "geometry": { "type": "LineString", "coordinates": [ [ 55.2684016, 25.1707464 ], [ 55.2682714, 25.1707938 ], [ 55.2681389, 25.1708354 ], [ 55.2680043, 25.1708712 ], [ 55.267868, 25.1709011 ], [ 55.2669886, 25.1710773 ], [ 55.2668829, 25.1711031 ], [ 55.2667801, 25.1711352 ], [ 55.2666813, 25.1711763 ], [ 55.2665874, 25.1712259 ], [ 55.2664993, 25.1712836 ], [ 55.2664179, 25.1713488 ], [ 55.2663439, 25.1714209 ], [ 55.266278, 25.1714992 ], [ 55.2662209, 25.1715829 ], [ 55.2661731, 25.1716713 ], [ 55.266135, 25.1717635 ], [ 55.2661071, 25.1718586 ], [ 55.2660896, 25.1719558 ], [ 55.2660827, 25.172054 ], [ 55.2660864, 25.1721523 ], [ 55.2661007, 25.1722499 ], [ 55.2661255, 25.1723457 ], [ 55.2661605, 25.1724389 ], [ 55.2662054, 25.1725285 ], [ 55.2662597, 25.1726137 ], [ 55.2664882, 25.1729159 ], [ 55.2665431, 25.1729927 ], [ 55.2665944, 25.1730715 ], [ 55.2666507, 25.1731684 ], [ 55.2666999, 25.1732861 ] ] } },
{ "type": "Feature", "properties": { "osm_id": 612718047, "hw": "primary_link", "nm": "", "lanes": 2, "oneway": "yes", "sw": 7.0, "swl": 1.0, "swr": 1.0, "nright": 2, "cline": "none", "key": "7.0|1.0|1.0|2|none", "bridge": 1, "net": "surface", "len_m": 379.8 }, "geometry": { "type": "LineString", "coordinates": [ [ 55.2667807, 25.1738978 ], [ 55.2665758, 25.1735655 ], [ 55.2665162, 25.1734716 ], [ 55.2664519, 25.1733802 ], [ 55.266383, 25.1732915 ], [ 55.2663098, 25.1732058 ], [ 55.2662315, 25.1731261 ], [ 55.2660528, 25.1729426 ], [ 55.2659494, 25.1728334 ], [ 55.2647401, 25.1714975 ], [ 55.2646834, 25.1714422 ], [ 55.2646217, 25.171389 ], [ 55.2645552, 25.1713407 ], [ 55.2644846, 25.1712976 ], [ 55.2644105, 25.1712572 ] ] } },
{ "type": "Feature", "properties": { "osm_id": 612718049, "hw": "primary_link", "nm": "", "lanes": 2, "oneway": "yes", "sw": 7.0, "swl": 1.0, "swr": 1.0, "nright": 2, "cline": "none", "key": "7.0|1.0|1.0|2|none", "bridge": 0, "net": "surface", "len_m": 200.1 }, "geometry": { "type": "LineString", "coordinates": [ [ 55.2644105, 25.1712572 ], [ 55.2642943, 25.1712106 ], [ 55.2641732, 25.1711756 ], [ 55.2640487, 25.1711529 ], [ 55.2639221, 25.1711426 ], [ 55.2637951, 25.1711449 ], [ 55.2636691, 25.1711597 ], [ 55.2635456, 25.1711868 ], [ 55.2634262, 25.171226 ], [ 55.2633121, 25.1712768 ], [ 55.2627232, 25.1715592 ], [ 55.2626853, 25.1715793 ], [ 55.2626425, 25.1715882 ], [ 55.2625987, 25.1715851 ], [ 55.2625579, 25.1715702 ] ] } },
{ "type": "Feature", "properties": { "osm_id": 612740417, "hw": "residential", "nm": "24a Street", "lanes": 1, "oneway": "yes", "sw": 3.5, "swl": 2.0, "swr": 2.0, "nright": 1, "cline": "none", "key": "3.5|2.0|2.0|1|none", "bridge": 0, "net": "surface", "len_m": 23.5 }, "geometry": { "type": "LineString", "coordinates": [ [ 55.2519386, 25.1954517 ], [ 55.251985, 25.1954916 ], [ 55.2520074, 25.1955097 ], [ 55.2520328, 25.1955241 ], [ 55.2520606, 25.1955344 ], [ 55.2520899, 25.1955404 ], [ 55.2521389, 25.1955457 ] ] } },
{ "type": "Feature", "properties": { "osm_id": 612740418, "hw": "residential", "nm": "40a Street", "lanes": 1, "oneway": "yes", "sw": 3.5, "swl": 2.0, "swr": 2.0, "nright": 1, "cline": "none", "key": "3.5|2.0|2.0|1|none", "bridge": 0, "net": "surface", "len_m": 30.6 }, "geometry": { "type": "LineString", "coordinates": [ [ 55.254654, 25.1945143 ], [ 55.2546218, 25.1944789 ], [ 55.2545843, 25.1944482 ], [ 55.2545422, 25.1944228 ], [ 55.2544965, 25.1944032 ], [ 55.254448, 25.1943898 ], [ 55.254398, 25.194383 ] ] } },
{ "type": "Feature", "properties": { "osm_id": 612779952, "hw": "residential", "nm": "", "lanes": 2, "oneway": "yes", "sw": 7.0, "swl": 2.0, "swr": 2.0, "nright": 2, "cline": "none", "key": "7.0|2.0|2.0|2|none", "bridge": 0, "net": "surface", "len_m": 57.8 }, "geometry": { "type": "LineString", "coordinates": [ [ 55.2740992, 25.1908456 ], [ 55.2741138, 25.190907 ], [ 55.2741229, 25.1909878 ], [ 55.2741259, 25.1911694 ], [ 55.2741275, 25.1912184 ], [ 55.2741247, 25.1912673 ], [ 55.2741173, 25.1913159 ], [ 55.2741055, 25.1913637 ] ] } },
{ "type": "Feature", "properties": { "osm_id": 612864908, "hw": "secondary_link", "nm": "", "lanes": 2, "oneway": "yes", "sw": 7.0, "swl": 1.0, "swr": 1.0, "nright": 2, "cline": "none", "key": "7.0|1.0|1.0|2|none", "bridge": 0, "net": "surface", "len_m": 142.2 }, "geometry": { "type": "LineString", "coordinates": [ [ 55.26027, 25.1874494 ], [ 55.2602148, 25.187362 ], [ 55.2601553, 25.187277 ], [ 55.2600914, 25.1871946 ], [ 55.2600235, 25.1871149 ], [ 55.2596829, 25.1867027 ], [ 55.2596207, 25.1866265 ], [ 55.2595661, 25.1865514 ], [ 55.2595148, 25.1864744 ], [ 55.2594667, 25.1863958 ] ] } },
{ "type": "Feature", "properties": { "osm_id": 613063026, "hw": "residential", "nm": "School Street", "lanes": 2, "oneway": "yes", "sw": 7.0, "swl": 2.0, "swr": 2.0, "nright": 2, "cline": "none", "key": "7.0|2.0|2.0|2|none", "bridge": 0, "net": "surface", "len_m": 66.6 }, "geometry": { "type": "LineString", "coordinates": [ [ 55.2795215, 25.1875924 ], [ 55.279248, 25.1877541 ], [ 55.2791845, 25.1877894 ], [ 55.2791214, 25.1878244 ], [ 55.2790557, 25.1878554 ], [ 55.2789502, 25.1878894 ] ] } },
{ "type": "Feature", "properties": { "osm_id": 613151780, "hw": "tertiary", "nm": "Al A'amal Street", "lanes": 2, "oneway": "yes", "sw": 7.0, "swl": 2.5, "swr": 2.5, "nright": 2, "cline": "none", "key": "7.0|2.5|2.5|2|none", "bridge": 0, "net": "surface", "len_m": 15.1 }, "geometry": { "type": "LineString", "coordinates": [ [ 55.2737234, 25.1810553 ], [ 55.2736174, 25.1809593 ] ] } },
{ "type": "Feature", "properties": { "osm_id": 613151781, "hw": "tertiary", "nm": "Al A'amal Street", "lanes": 2, "oneway": "yes", "sw": 7.0, "swl": 2.5, "swr": 2.5, "nright": 2, "cline": "none", "key": "7.0|2.5|2.5|2|none", "bridge": 0, "net": "surface", "len_m": 15.3 }, "geometry": { "type": "LineString", "coordinates": [ [ 55.2738564, 25.1806872 ], [ 55.2739376, 25.180764 ], [ 55.2739618, 25.1807871 ] ] } },
{ "type": "Feature", "properties": { "osm_id": 613519999, "hw": "residential", "nm": "23rd Street", "lanes": 1, "oneway": "yes", "sw": 3.5, "swl": 2.0, "swr": 2.0, "nright": 1, "cline": "none", "key": "3.5|2.0|2.0|1|none", "bridge": 0, "net": "surface", "len_m": 35.4 }, "geometry": { "type": "LineString", "coordinates": [ [ 55.2610518, 25.1959798 ], [ 55.261139, 25.1958853 ], [ 55.2611563, 25.1958597 ], [ 55.261168, 25.1958316 ], [ 55.2611735, 25.1958019 ], [ 55.2611727, 25.1957719 ], [ 55.2611618, 25.1956963 ] ] } },
{ "type": "Feature", "properties": { "osm_id": 614007347, "hw": "motorway_link", "nm": "", "lanes": 1, "oneway": "yes", "sw": 3.5, "swl": 0.0, "swr": 0.0, "nright": 1, "cline": "none", "key": "3.5|0.0|0.0|1|none", "bridge": 0, "net": "freeway", "len_m": 173.2 }, "geometry": { "type": "LineString", "coordinates": [ [ 55.2612282, 25.1924499 ], [ 55.2612752, 25.1924808 ], [ 55.26132, 25.1925144 ], [ 55.2613623, 25.1925505 ], [ 55.2614603, 25.1926368 ], [ 55.2615809, 25.1927497 ], [ 55.2618629, 25.1930741 ], [ 55.261886, 25.1930972 ], [ 55.2619154, 25.1931133 ], [ 55.2619488, 25.1931212 ], [ 55.2619832, 25.1931201 ], [ 55.2620158, 25.1931102 ], [ 55.2620439, 25.1930922 ], [ 55.2620652, 25.1930677 ], [ 55.2620779, 25.1930387 ], [ 55.2620808, 25.1930077 ], [ 55.2620739, 25.1929772 ], [ 55.2620575, 25.1929497 ], [ 55.2619214, 25.1927679 ], [ 55.2618976, 25.1927242 ], [ 55.26188, 25.1926782 ], [ 55.2618689, 25.1926305 ] ] } },
{ "type": "Feature", "properties": { "osm_id": 614559000, "hw": "secondary_link", "nm": "", "lanes": 1, "oneway": "yes", "sw": 3.5, "swl": 1.0, "swr": 1.0, "nright": 1, "cline": "none", "key": "3.5|1.0|1.0|1|none", "bridge": 0, "net": "surface", "len_m": 60.5 }, "geometry": { "type": "LineString", "coordinates": [ [ 55.2572337, 25.1756427 ], [ 55.2571347, 25.1755881 ], [ 55.2570781, 25.1755609 ], [ 55.2570164, 25.1755454 ], [ 55.2569525, 25.1755423 ], [ 55.2568893, 25.1755517 ], [ 55.2568296, 25.1755728 ], [ 55.2567796, 25.1755935 ], [ 55.2567284, 25.1756113 ], [ 55.2566759, 25.1756262 ] ] } },
{ "type": "Feature", "properties": { "osm_id": 614559002, "hw": "secondary_link", "nm": "", "lanes": 1, "oneway": "yes", "sw": 3.5, "swl": 1.0, "swr": 1.0, "nright": 1, "cline": "none", "key": "3.5|1.0|1.0|1|none", "bridge": 0, "net": "surface", "len_m": 103.2 }, "geometry": { "type": "LineString", "coordinates": [ [ 55.2577596, 25.1749068 ], [ 55.2576972, 25.1750026 ], [ 55.2576467, 25.1750805 ], [ 55.2576001, 25.1751517 ], [ 55.257576, 25.1752075 ], [ 55.257562, 25.1752661 ], [ 55.2575598, 25.1753481 ], [ 55.2575772, 25.1754287 ], [ 55.2576127, 25.1754953 ], [ 55.2577571, 25.175753 ] ] } },
{ "type": "Feature", "properties": { "osm_id": 614559005, "hw": "primary_link", "nm": "", "lanes": 1, "oneway": "yes", "sw": 3.5, "swl": 1.0, "swr": 1.0, "nright": 1, "cline": "none", "key": "3.5|1.0|1.0|1|none", "bridge": 0, "net": "surface", "len_m": 124.7 }, "geometry": { "type": "LineString", "coordinates": [ [ 55.260405, 25.1730046 ], [ 55.2603624, 25.1730048 ], [ 55.260319, 25.1730089 ], [ 55.2602803, 25.173021 ], [ 55.260247, 25.1730357 ], [ 55.2600021, 25.1731945 ], [ 55.2598846, 25.1732662 ], [ 55.2597715, 25.1733352 ], [ 55.2596629, 25.1734015 ], [ 55.2594545, 25.1735264 ], [ 55.2594304, 25.1735402 ], [ 55.2594042, 25.1735503 ], [ 55.2593765, 25.1735565 ], [ 55.2593481, 25.1735586 ] ] } },
{ "type": "Feature", "properties": { "osm_id": 614559007, "hw": "primary", "nm": "Al Meydan Street", "lanes": 3, "oneway": "yes", "sw": 10.5, "swl": 3.0, "swr": 3.0, "nright": 3, "cline": "none", "key": "10.5|3.0|3.0|3|none", "bridge": 1, "net": "surface", "len_m": 183.0 }, "geometry": { "type": "LineString", "coordinates": [ [ 55.2561687, 25.1755294 ], [ 55.257635, 25.1745552 ] ] } },
{ "type": "Feature", "properties": { "osm_id": 614559015, "hw": "residential", "nm": "42a Street", "lanes": 1, "oneway": "yes", "sw": 3.5, "swl": 2.0, "swr": 2.0, "nright": 1, "cline": "none", "key": "3.5|2.0|2.0|1|none", "bridge": 0, "net": "surface", "len_m": 44.6 }, "geometry": { "type": "LineString", "coordinates": [ [ 55.2610972, 25.1714842 ], [ 55.2611983, 25.1715497 ], [ 55.2612569, 25.171576 ], [ 55.2613207, 25.1715888 ], [ 55.2613861, 25.1715872 ], [ 55.2615074, 25.1715728 ] ] } },
{ "type": "Feature", "properties": { "osm_id": 614559602, "hw": "secondary_link", "nm": "", "lanes": 2, "oneway": "yes", "sw": 7.0, "swl": 1.0, "swr": 1.0, "nright": 2, "cline": "none", "key": "7.0|1.0|1.0|2|none", "bridge": 0, "net": "surface", "len_m": 54.0 }, "geometry": { "type": "LineString", "coordinates": [ [ 55.2600653, 25.1735743 ], [ 55.2599813, 25.1735219 ], [ 55.259909, 25.1735048 ], [ 55.2598422, 25.1735022 ], [ 55.259777, 25.1735127 ], [ 55.2597227, 25.1735346 ], [ 55.259672, 25.1735627 ], [ 55.259651, 25.1735751 ], [ 55.2596327, 25.1735811 ], [ 55.2596013, 25.1735833 ], [ 55.2595703, 25.173578 ] ] } },
{ "type": "Feature", "properties": { "osm_id": 614866467, "hw": "tertiary_link", "nm": "", "lanes": 1, "oneway": "yes", "sw": 3.5, "swl": 1.0, "swr": 1.0, "nright": 1, "cline": "none", "key": "3.5|1.0|1.0|1|none", "bridge": 0, "net": "surface", "len_m": 47.8 }, "geometry": { "type": "LineString", "coordinates": [ [ 55.2635325, 25.1793387 ], [ 55.263634, 25.1792586 ], [ 55.2636573, 25.1792348 ], [ 55.2636733, 25.1792078 ], [ 55.2636784, 25.1791775 ], [ 55.2636721, 25.1791474 ], [ 55.2636551, 25.1791208 ], [ 55.2636294, 25.1791009 ], [ 55.2635978, 25.1790899 ], [ 55.2635639, 25.179089 ], [ 55.2634969, 25.1791013 ] ] } },
{ "type": "Feature", "properties": { "osm_id": 614866471, "hw": "tertiary", "nm": "", "lanes": 2, "oneway": "yes", "sw": 7.0, "swl": 2.5, "swr": 2.5, "nright": 2, "cline": "none", "key": "7.0|2.5|2.5|2|none", "bridge": 0, "net": "surface", "len_m": 430.6 }, "geometry": { "type": "LineString", "coordinates": [ [ 55.2619215, 25.1801547 ], [ 55.2613304, 25.1806162 ], [ 55.2612773, 25.1806597 ], [ 55.2612259, 25.1807049 ], [ 55.2611763, 25.1807516 ], [ 55.2611114, 25.1808154 ], [ 55.2610487, 25.180881 ], [ 55.2609882, 25.1809483 ], [ 55.26093, 25.1810172 ], [ 55.2608815, 25.1810786 ], [ 55.2608304, 25.1811384 ], [ 55.2607767, 25.1811961 ], [ 55.2607202, 25.1812518 ], [ 55.2605529, 25.1814123 ], [ 55.2604792, 25.1814792 ], [ 55.2604022, 25.1815429 ], [ 55.260322, 25.1816033 ], [ 55.2602388, 25.1816604 ], [ 55.2601528, 25.1817138 ], [ 55.2600642, 25.1817637 ], [ 55.259619, 25.1819936 ], [ 55.2589443, 25.1824316 ], [ 55.2588687, 25.1824738 ], [ 55.258791, 25.1825128 ], [ 55.2587115, 25.1825485 ], [ 55.2586301, 25.1825808 ] ] } },
{ "type": "Feature", "properties": { "osm_id": 614866474, "hw": "tertiary", "nm": "", "lanes": 2, "oneway": "no", "sw": 7.0, "swl": 2.5, "swr": 2.5, "nright": 1, "cline": "white", "key": "7.0|2.5|2.5|1|white", "bridge": 0, "net": "surface", "len_m": 197.2 }, "geometry": { "type": "LineString", "coordinates": [ [ 55.2619215, 25.1801547 ], [ 55.2620395, 25.1800569 ], [ 55.2623398, 25.1798477 ], [ 55.2634969, 25.1791013 ] ] } },
{ "type": "Feature", "properties": { "osm_id": 614866494, "hw": "tertiary", "nm": "", "lanes": 2, "oneway": "yes", "sw": 7.0, "swl": 2.5, "swr": 2.5, "nright": 2, "cline": "none", "key": "7.0|2.5|2.5|2|none", "bridge": 0, "net": "surface", "len_m": 106.4 }, "geometry": { "type": "LineString", "coordinates": [ [ 55.2634969, 25.1791013 ], [ 55.2635401, 25.1790662 ], [ 55.263589, 25.1790377 ], [ 55.2636423, 25.1790166 ], [ 55.2636986, 25.1790034 ], [ 55.2637564, 25.1789984 ], [ 55.2638145, 25.1790018 ], [ 55.2638711, 25.1790135 ], [ 55.263981, 25.1790476 ], [ 55.264055, 25.1790667 ], [ 55.2641302, 25.1790763 ], [ 55.2642059, 25.1790802 ], [ 55.2642818, 25.1790785 ], [ 55.2643572, 25.1790711 ], [ 55.2644317, 25.1790582 ], [ 55.264506, 25.1790423 ] ] } },
{ "type": "Feature", "properties": { "osm_id": 614873411, "hw": "tertiary", "nm": "", "lanes": 2, "oneway": "no", "sw": 7.0, "swl": 2.5, "swr": 2.5, "nright": 1, "cline": "white", "key": "7.0|2.5|2.5|1|white", "bridge": 0, "net": "surface", "len_m": 221.9 }, "geometry": { "type": "LineString", "coordinates": [ [ 55.2576095, 25.1830663 ], [ 55.2575177, 25.1831172 ], [ 55.2574245, 25.1831661 ], [ 55.2573302, 25.1832131 ], [ 55.2572347, 25.1832615 ], [ 55.257146, 25.183311 ], [ 55.2570696, 25.1833586 ], [ 55.2569947, 25.1834081 ], [ 55.2569215, 25.1834596 ], [ 55.2568633, 25.1835029 ], [ 55.2563694, 25.183883 ], [ 55.2559149, 25.1842327 ], [ 55.2558608, 25.1842741 ] ] } },
{ "type": "Feature", "properties": { "osm_id": 614873412, "hw": "tertiary", "nm": "", "lanes": 2, "oneway": "yes", "sw": 7.0, "swl": 2.5, "swr": 2.5, "nright": 2, "cline": "none", "key": "7.0|2.5|2.5|2|none", "bridge": 0, "net": "surface", "len_m": 456.4 }, "geometry": { "type": "LineString", "coordinates": [ [ 55.2576095, 25.1830663 ], [ 55.2576895, 25.1830111 ], [ 55.257766, 25.182952 ], [ 55.2578389, 25.1828891 ], [ 55.2579079, 25.1828229 ], [ 55.2579729, 25.1827534 ], [ 55.2581279, 25.1825842 ], [ 55.2582017, 25.1825031 ], [ 55.2582807, 25.182426 ], [ 55.2583645, 25.1823532 ], [ 55.2584551, 25.1822866 ], [ 55.258516, 25.1822397 ], [ 55.2585802, 25.1821985 ], [ 55.2588075, 25.1820576 ], [ 55.2589318, 25.1819871 ], [ 55.2590651, 25.1819165 ], [ 55.2591933, 25.1818439 ], [ 55.2593185, 25.181768 ], [ 55.2594422, 25.18169 ], [ 55.2595644, 25.1816101 ], [ 55.259667, 25.1815418 ], [ 55.2597721, 25.1814734 ], [ 55.2601213, 25.1812535 ], [ 55.2602197, 25.1811912 ], [ 55.2603138, 25.1811244 ], [ 55.2604033, 25.1810525 ], [ 55.260488, 25.180976 ], [ 55.2605673, 25.1808949 ], [ 55.2606412, 25.1808098 ], [ 55.2607093, 25.1807207 ], [ 55.2609432, 25.1803535 ] ] } },
{ "type": "Feature", "properties": { "osm_id": 614873413, "hw": "secondary_link", "nm": "", "lanes": 1, "oneway": "yes", "sw": 3.5, "swl": 1.0, "swr": 1.0, "nright": 1, "cline": "none", "key": "3.5|1.0|1.0|1|none", "bridge": 0, "net": "surface", "len_m": 158.6 }, "geometry": { "type": "LineString", "coordinates": [ [ 55.2607457, 25.1810272 ], [ 55.2607347, 25.181074 ], [ 55.260717, 25.1811191 ], [ 55.2606929, 25.1811616 ], [ 55.2606628, 25.181201 ], [ 55.2605502, 25.1813119 ], [ 55.2604796, 25.1813771 ], [ 55.2604069, 25.1814403 ], [ 55.2603322, 25.1815014 ], [ 55.2602554, 25.1815605 ], [ 55.2601766, 25.1816174 ], [ 55.2598329, 25.1818396 ], [ 55.2597772, 25.1818755 ], [ 55.259723, 25.1819132 ], [ 55.2596702, 25.1819525 ], [ 55.259619, 25.1819936 ] ] } },
{ "type": "Feature", "properties": { "osm_id": 614928716, "hw": "tertiary_link", "nm": "", "lanes": 1, "oneway": "yes", "sw": 3.5, "swl": 1.0, "swr": 1.0, "nright": 1, "cline": "none", "key": "3.5|1.0|1.0|1|none", "bridge": 0, "net": "surface", "len_m": 46.6 }, "geometry": { "type": "LineString", "coordinates": [ [ 55.2586301, 25.1825808 ], [ 55.2585385, 25.1825685 ], [ 55.2584626, 25.1825203 ], [ 55.2584187, 25.1824465 ], [ 55.258416, 25.1823626 ], [ 55.2584551, 25.1822866 ] ] } },
{ "type": "Feature", "properties": { "osm_id": 614928721, "hw": "tertiary", "nm": "", "lanes": 2, "oneway": "yes", "sw": 7.0, "swl": 2.5, "swr": 2.5, "nright": 2, "cline": "none", "key": "7.0|2.5|2.5|2|none", "bridge": 0, "net": "surface", "len_m": 116.1 }, "geometry": { "type": "LineString", "coordinates": [ [ 55.2586301, 25.1825808 ], [ 55.2584404, 25.1826659 ], [ 55.258252, 25.1827535 ], [ 55.2580651, 25.1828436 ], [ 55.2578797, 25.1829361 ], [ 55.2576095, 25.1830663 ] ] } },
{ "type": "Feature", "properties": { "osm_id": 614932767, "hw": "secondary_link", "nm": "", "lanes": 2, "oneway": "yes", "sw": 7.0, "swl": 1.0, "swr": 1.0, "nright": 2, "cline": "none", "key": "7.0|1.0|1.0|2|none", "bridge": 0, "net": "surface", "len_m": 250.4 }, "geometry": { "type": "LineString", "coordinates": [ [ 55.2592231, 25.1772396 ], [ 55.2591694, 25.1771815 ], [ 55.259112, 25.1771263 ], [ 55.2590513, 25.1770741 ], [ 55.2589874, 25.1770251 ], [ 55.2585234, 25.1766946 ], [ 55.2584156, 25.1766128 ], [ 55.2583114, 25.1765273 ], [ 55.2582108, 25.1764382 ], [ 55.2581141, 25.1763457 ], [ 55.2580214, 25.1762499 ], [ 55.2574686, 25.1756518 ] ] } },
{ "type": "Feature", "properties": { "osm_id": 614932769, "hw": "secondary_link", "nm": "", "lanes": 2, "oneway": "yes", "sw": 7.0, "swl": 1.0, "swr": 1.0, "nright": 2, "cline": "none", "key": "7.0|1.0|1.0|2|none", "bridge": 0, "net": "surface", "len_m": 121.3 }, "geometry": { "type": "LineString", "coordinates": [ [ 55.2574686, 25.1756518 ], [ 55.2573665, 25.1754901 ], [ 55.2573002, 25.1753353 ], [ 55.2572812, 25.1751625 ], [ 55.2573011, 25.1749898 ], [ 55.257359, 25.1748243 ], [ 55.2574412, 25.1746157 ] ] } },
{ "type": "Feature", "properties": { "osm_id": 615091752, "hw": "secondary", "nm": "", "lanes": 2, "oneway": "yes", "sw": 7.0, "swl": 3.0, "swr": 3.0, "nright": 2, "cline": "none", "key": "7.0|3.0|3.0|2|none", "bridge": 0, "net": "surface", "len_m": 178.0 }, "geometry": { "type": "LineString", "coordinates": [ [ 55.2541455, 25.1772838 ], [ 55.2539993, 25.1773822 ], [ 55.2537576, 25.1775468 ], [ 55.2534332, 25.1777803 ], [ 55.2527433, 25.178261 ] ] } },
{ "type": "Feature", "properties": { "osm_id": 629095248, "hw": "primary_link", "nm": "", "lanes": 1, "oneway": "yes", "sw": 3.5, "swl": 1.0, "swr": 1.0, "nright": 1, "cline": "none", "key": "3.5|1.0|1.0|1|none", "bridge": 0, "net": "surface", "len_m": 148.5 }, "geometry": { "type": "LineString", "coordinates": [ [ 55.259003, 25.1736223 ], [ 55.2590071, 25.1735994 ], [ 55.2590193, 25.1735741 ], [ 55.259038, 25.1735523 ], [ 55.2590627, 25.1735311 ], [ 55.2595775, 25.1731406 ], [ 55.2596348, 25.173096 ], [ 55.2597068, 25.1730416 ], [ 55.2600287, 25.1728043 ], [ 55.2600453, 25.1727873 ], [ 55.2600572, 25.1727674 ], [ 55.260064, 25.1727455 ], [ 55.2600653, 25.1727229 ] ] } },
{ "type": "Feature", "properties": { "osm_id": 629095249, "hw": "secondary_link", "nm": "", "lanes": 2, "oneway": "yes", "sw": 7.0, "swl": 1.0, "swr": 1.0, "nright": 2, "cline": "none", "key": "7.0|1.0|1.0|2|none", "bridge": 0, "net": "surface", "len_m": 338.8 }, "geometry": { "type": "LineString", "coordinates": [ [ 55.2574412, 25.1746157 ], [ 55.2574861, 25.1745473 ], [ 55.2575223, 25.1744994 ], [ 55.2575598, 25.1744563 ], [ 55.2576206, 25.1743965 ], [ 55.2576886, 25.1743398 ], [ 55.2578616, 25.1742171 ], [ 55.2584329, 25.1738154 ], [ 55.2600653, 25.1727229 ] ] } },
{ "type": "Feature", "properties": { "osm_id": 629095250, "hw": "secondary_link", "nm": "", "lanes": 3, "oneway": "yes", "sw": 10.5, "swl": 1.0, "swr": 1.0, "nright": 3, "cline": "none", "key": "10.5|1.0|1.0|3|none", "bridge": 0, "net": "surface", "len_m": 62.2 }, "geometry": { "type": "LineString", "coordinates": [ [ 55.2600653, 25.1727229 ], [ 55.2604343, 25.1724634 ], [ 55.2604565, 25.1724449 ], [ 55.2604749, 25.1724232 ], [ 55.2604888, 25.1723989 ], [ 55.2604979, 25.1723729 ], [ 55.2605019, 25.1723458 ] ] } },
{ "type": "Feature", "properties": { "osm_id": 636087316, "hw": "residential", "nm": "", "lanes": 2, "oneway": "yes", "sw": 7.0, "swl": 2.0, "swr": 2.0, "nright": 2, "cline": "none", "key": "7.0|2.0|2.0|2|none", "bridge": 0, "net": "surface", "len_m": 22.0 }, "geometry": { "type": "LineString", "coordinates": [ [ 55.2812847, 25.176698 ], [ 55.2812362, 25.1767202 ], [ 55.281191, 25.1767473 ], [ 55.2811496, 25.1767791 ], [ 55.2811086, 25.1768131 ] ] } },
{ "type": "Feature", "properties": { "osm_id": 636087317, "hw": "residential", "nm": "", "lanes": 2, "oneway": "yes", "sw": 7.0, "swl": 2.0, "swr": 2.0, "nright": 2, "cline": "none", "key": "7.0|2.0|2.0|2|none", "bridge": 0, "net": "surface", "len_m": 20.9 }, "geometry": { "type": "LineString", "coordinates": [ [ 55.2810963, 25.176622 ], [ 55.2811375, 25.1766468 ], [ 55.2811857, 25.1766658 ], [ 55.2812348, 25.1766829 ], [ 55.2812847, 25.176698 ] ] } },
{ "type": "Feature", "properties": { "osm_id": 636087318, "hw": "residential", "nm": "", "lanes": 2, "oneway": "yes", "sw": 7.0, "swl": 2.0, "swr": 2.0, "nright": 2, "cline": "none", "key": "7.0|2.0|2.0|2|none", "bridge": 0, "net": "surface", "len_m": 29.1 }, "geometry": { "type": "LineString", "coordinates": [ [ 55.2805055, 25.1768717 ], [ 55.2805587, 25.1768514 ], [ 55.2806089, 25.1768254 ], [ 55.2806553, 25.1767941 ], [ 55.2806972, 25.1767581 ], [ 55.2807349, 25.1767178 ] ] } },
{ "type": "Feature", "properties": { "osm_id": 636087319, "hw": "residential", "nm": "", "lanes": 2, "oneway": "yes", "sw": 7.0, "swl": 2.0, "swr": 2.0, "nright": 2, "cline": "none", "key": "7.0|2.0|2.0|2|none", "bridge": 0, "net": "surface", "len_m": 31.1 }, "geometry": { "type": "LineString", "coordinates": [ [ 55.2808109, 25.1768683 ], [ 55.2807501, 25.1768583 ], [ 55.2806887, 25.1768534 ], [ 55.2806271, 25.176854 ], [ 55.2805658, 25.1768602 ], [ 55.2805055, 25.1768717 ] ] } },
{ "type": "Feature", "properties": { "osm_id": 636087320, "hw": "residential", "nm": "Mohammed Bin Rashid Al Maktoum City District One", "lanes": 2, "oneway": "no", "sw": 7.0, "swl": 2.0, "swr": 2.0, "nright": 1, "cline": "white", "key": "7.0|2.0|2.0|1|white", "bridge": 0, "net": "surface", "len_m": 246.1 }, "geometry": { "type": "LineString", "coordinates": [ [ 55.2763216, 25.1751621 ], [ 55.2765231, 25.1753451 ], [ 55.2765895, 25.1754059 ], [ 55.2766553, 25.1754671 ], [ 55.2767206, 25.1755288 ], [ 55.2768089, 25.1756193 ], [ 55.276902, 25.1757057 ], [ 55.2769996, 25.1757878 ], [ 55.2775811, 25.1762709 ], [ 55.2777287, 25.1763873 ], [ 55.2778932, 25.17651 ], [ 55.2779929, 25.1765706 ], [ 55.278138, 25.1766316 ] ] } },
{ "type": "Feature", "properties": { "osm_id": 636087321, "hw": "residential", "nm": "", "lanes": 2, "oneway": "yes", "sw": 7.0, "swl": 2.0, "swr": 2.0, "nright": 2, "cline": "none", "key": "7.0|2.0|2.0|2|none", "bridge": 0, "net": "surface", "len_m": 48.0 }, "geometry": { "type": "LineString", "coordinates": [ [ 55.2763216, 25.1751621 ], [ 55.2762976, 25.1751518 ], [ 55.2762753, 25.1751388 ], [ 55.2762548, 25.1751235 ], [ 55.2762367, 25.175106 ], [ 55.2761655, 25.1750399 ], [ 55.2761364, 25.1750168 ], [ 55.2761041, 25.1749974 ], [ 55.2760694, 25.1749819 ], [ 55.2760327, 25.1749706 ], [ 55.2759947, 25.1749637 ], [ 55.2759561, 25.1749613 ], [ 55.2759197, 25.1749602 ] ] } },
{ "type": "Feature", "properties": { "osm_id": 636087322, "hw": "residential", "nm": "", "lanes": 2, "oneway": "yes", "sw": 7.0, "swl": 2.0, "swr": 2.0, "nright": 2, "cline": "none", "key": "7.0|2.0|2.0|2|none", "bridge": 0, "net": "surface", "len_m": 48.6 }, "geometry": { "type": "LineString", "coordinates": [ [ 55.2760074, 25.1748316 ], [ 55.2760265, 25.1748562 ], [ 55.2760676, 25.1749027 ], [ 55.276111, 25.1749475 ], [ 55.2761565, 25.1749904 ], [ 55.2762652, 25.1750864 ], [ 55.2762872, 25.1751096 ], [ 55.2763061, 25.1751349 ], [ 55.2763216, 25.1751621 ] ] } },
{ "type": "Feature", "properties": { "osm_id": 636087323, "hw": "residential", "nm": "", "lanes": 2, "oneway": "yes", "sw": 7.0, "swl": 2.0, "swr": 2.0, "nright": 2, "cline": "none", "key": "7.0|2.0|2.0|2|none", "bridge": 0, "net": "surface", "len_m": 125.6 }, "geometry": { "type": "LineString", "coordinates": [ [ 55.2807835, 25.1768446 ], [ 55.2807614, 25.1768167 ], [ 55.2807457, 25.1767854 ], [ 55.2807367, 25.1767521 ], [ 55.2807349, 25.1767178 ], [ 55.2807409, 25.1766818 ], [ 55.2807547, 25.1766477 ], [ 55.2807758, 25.1766167 ], [ 55.2808034, 25.1765902 ], [ 55.280834, 25.1765705 ], [ 55.2808681, 25.1765563 ], [ 55.2809046, 25.1765481 ], [ 55.2809421, 25.1765463 ], [ 55.2809794, 25.1765509 ], [ 55.2810243, 25.1765658 ], [ 55.2810641, 25.1765899 ], [ 55.2810963, 25.176622 ], [ 55.2811179, 25.1766572 ], [ 55.2811303, 25.1766959 ], [ 55.2811328, 25.1767361 ], [ 55.2811255, 25.1767759 ], [ 55.2811086, 25.1768131 ], [ 55.2810839, 25.1768451 ], [ 55.2810522, 25.1768715 ], [ 55.2810149, 25.1768912 ], [ 55.2809739, 25.1769031 ], [ 55.280931, 25.1769067 ], [ 55.2808882, 25.1769019 ], [ 55.2808475, 25.1768889 ], [ 55.2808109, 25.1768683 ], [ 55.2807835, 25.1768446 ] ] } },
{ "type": "Feature", "properties": { "osm_id": 636087324, "hw": "residential", "nm": "", "lanes": 2, "oneway": "yes", "sw": 7.0, "swl": 2.0, "swr": 2.0, "nright": 2, "cline": "none", "key": "7.0|2.0|2.0|2|none", "bridge": 0, "net": "surface", "len_m": 27.1 }, "geometry": { "type": "LineString", "coordinates": [ [ 55.2755129, 25.1745275 ], [ 55.2755699, 25.1745602 ], [ 55.2756297, 25.1745886 ], [ 55.2756918, 25.1746125 ], [ 55.2757555, 25.1746305 ] ] } },
{ "type": "Feature", "properties": { "osm_id": 636087325, "hw": "residential", "nm": "", "lanes": 2, "oneway": "yes", "sw": 7.0, "swl": 2.0, "swr": 2.0, "nright": 2, "cline": "none", "key": "7.0|2.0|2.0|2|none", "bridge": 0, "net": "surface", "len_m": 26.2 }, "geometry": { "type": "LineString", "coordinates": [ [ 55.2756167, 25.1747434 ], [ 55.2755964, 25.1746869 ], [ 55.2755726, 25.1746321 ], [ 55.2755447, 25.1745789 ], [ 55.2755129, 25.1745275 ] ] } },
{ "type": "Feature", "properties": { "osm_id": 636087327, "hw": "residential", "nm": "", "lanes": 2, "oneway": "yes", "sw": 7.0, "swl": 2.0, "swr": 2.0, "nright": 2, "cline": "none", "key": "7.0|2.0|2.0|2|none", "bridge": 0, "net": "surface", "len_m": 127.8 }, "geometry": { "type": "LineString", "coordinates": [ [ 55.2759405, 25.1746705 ], [ 55.2759674, 25.1746966 ], [ 55.2759882, 25.174727 ], [ 55.2760022, 25.1747605 ], [ 55.2760086, 25.1747958 ], [ 55.2760074, 25.1748316 ], [ 55.2760001, 25.174862 ], [ 55.2759873, 25.1748909 ], [ 55.2759692, 25.1749173 ], [ 55.2759464, 25.1749407 ], [ 55.2759197, 25.1749602 ], [ 55.2758842, 25.1749775 ], [ 55.2758456, 25.174988 ], [ 55.2758055, 25.1749915 ], [ 55.2757656, 25.1749878 ], [ 55.2757237, 25.1749756 ], [ 55.275686, 25.1749556 ], [ 55.2756538, 25.1749288 ], [ 55.2756287, 25.1748963 ], [ 55.2756119, 25.1748598 ], [ 55.2756042, 25.1748208 ], [ 55.2756059, 25.1747812 ], [ 55.2756167, 25.1747434 ], [ 55.2756338, 25.1747119 ], [ 55.2756571, 25.174684 ], [ 55.2756859, 25.1746605 ], [ 55.2757191, 25.1746425 ], [ 55.2757555, 25.1746305 ], [ 55.2757945, 25.1746249 ], [ 55.275834, 25.1746263 ], [ 55.2758725, 25.1746346 ], [ 55.2759084, 25.1746496 ], [ 55.2759405, 25.1746705 ] ] } },
{ "type": "Feature", "properties": { "osm_id": 636087330, "hw": "residential", "nm": "Mohammed Bin Rashid Al Maktoum City District One", "lanes": 2, "oneway": "no", "sw": 7.0, "swl": 2.0, "swr": 2.0, "nright": 1, "cline": "white", "key": "7.0|2.0|2.0|1|white", "bridge": 0, "net": "surface", "len_m": 365.1 }, "geometry": { "type": "LineString", "coordinates": [ [ 55.2730197, 25.1721638 ], [ 55.2730615, 25.1722203 ], [ 55.2732037, 25.1723977 ], [ 55.27331, 25.1725365 ], [ 55.2733626, 25.1726001 ], [ 55.2738179, 25.1731262 ], [ 55.2740016, 25.1733233 ], [ 55.2741936, 25.1735136 ], [ 55.2743939, 25.1736968 ], [ 55.2745587, 25.173835 ], [ 55.2747278, 25.173969 ], [ 55.274901, 25.1740985 ], [ 55.2751606, 25.1742812 ], [ 55.2755129, 25.1745275 ] ] } },
{ "type": "Feature", "properties": { "osm_id": 636092699, "hw": "residential", "nm": "4 Street", "lanes": 2, "oneway": "no", "sw": 7.0, "swl": 2.0, "swr": 2.0, "nright": 1, "cline": "white", "key": "7.0|2.0|2.0|1|white", "bridge": 0, "net": "surface", "len_m": 225.4 }, "geometry": { "type": "LineString", "coordinates": [ [ 55.2790306, 25.1762512 ], [ 55.2790695, 25.1758628 ], [ 55.2790762, 25.1757957 ], [ 55.2791932, 25.174728 ], [ 55.2792013, 25.1746407 ], [ 55.2792334, 25.1742251 ] ] } },
{ "type": "Feature", "properties": { "osm_id": 636092700, "hw": "residential", "nm": "5 Street", "lanes": 2, "oneway": "no", "sw": 7.0, "swl": 2.0, "swr": 2.0, "nright": 1, "cline": "white", "key": "7.0|2.0|2.0|1|white", "bridge": 0, "net": "surface", "len_m": 164.9 }, "geometry": { "type": "LineString", "coordinates": [ [ 55.2777906, 25.175528 ], [ 55.2779753, 25.1752699 ], [ 55.2780023, 25.1752185 ], [ 55.2780236, 25.1751605 ], [ 55.2781572, 25.1745417 ], [ 55.2782598, 25.17412 ] ] } },
{ "type": "Feature", "properties": { "osm_id": 636092702, "hw": "residential", "nm": "2 Street", "lanes": 2, "oneway": "no", "sw": 7.0, "swl": 2.0, "swr": 2.0, "nright": 1, "cline": "white", "key": "7.0|2.0|2.0|1|white", "bridge": 0, "net": "surface", "len_m": 1101.2 }, "geometry": { "type": "LineString", "coordinates": [ [ 55.2802101, 25.1743397 ], [ 55.2802008, 25.1747567 ], [ 55.28023, 25.1758828 ], [ 55.280239, 25.176114 ], [ 55.2802375, 25.1761619 ], [ 55.2802234, 25.1762081 ], [ 55.2801975, 25.1762499 ], [ 55.2801612, 25.1762848 ], [ 55.2801167, 25.1763108 ], [ 55.2800667, 25.1763264 ], [ 55.2800112, 25.1763356 ], [ 55.2798926, 25.176343 ], [ 55.2797579, 25.1763452 ], [ 55.2796412, 25.1763472 ], [ 55.2795203, 25.1763438 ], [ 55.279379, 25.1763296 ], [ 55.2792662, 25.1763076 ], [ 55.2790306, 25.1762512 ], [ 55.2789755, 25.1762362 ], [ 55.2788069, 25.1761805 ], [ 55.2786269, 25.1761091 ], [ 55.2784542, 25.1760159 ], [ 55.2782898, 25.1759112 ], [ 55.2781346, 25.1757956 ], [ 55.2778517, 25.1755756 ], [ 55.2777906, 25.175528 ], [ 55.2774455, 25.1752549 ], [ 55.277316, 25.1751452 ], [ 55.2771931, 25.1750295 ], [ 55.2770772, 25.1749079 ], [ 55.2768217, 25.1746345 ], [ 55.2767939, 25.1746027 ], [ 55.2766753, 25.1744999 ], [ 55.2764162, 25.1742745 ], [ 55.276268, 25.1741482 ], [ 55.276112, 25.1740298 ], [ 55.2759489, 25.1739195 ], [ 55.2757791, 25.1738178 ], [ 55.2754179, 25.173616 ], [ 55.2752015, 25.1734772 ], [ 55.2750398, 25.1733509 ], [ 55.2748907, 25.1732126 ], [ 55.2747552, 25.1730632 ], [ 55.2746344, 25.1729038 ], [ 55.2745291, 25.1727356 ], [ 55.2743026, 25.1723443 ], [ 55.2742794, 25.1722874 ], [ 55.2742814, 25.1722268 ], [ 55.2743003, 25.1721827 ], [ 55.2743328, 25.1721455 ], [ 55.2743758, 25.1721185 ], [ 55.2746671, 25.1719663 ], [ 55.2750955, 25.1717424 ] ] } },
{ "type": "Feature", "properties": { "osm_id": 636092703, "hw": "residential", "nm": "", "lanes": 2, "oneway": "no", "sw": 7.0, "swl": 2.0, "swr": 2.0, "nright": 1, "cline": "white", "key": "7.0|2.0|2.0|1|white", "bridge": 0, "net": "surface", "len_m": 819.8 }, "geometry": { "type": "LineString", "coordinates": [ [ 55.2831959, 25.1732672 ], [ 55.2831765, 25.1733171 ], [ 55.2831433, 25.1733605 ], [ 55.2830985, 25.1733943 ], [ 55.2830454, 25.1734163 ], [ 55.2830168, 25.1734205 ], [ 55.2829385, 25.1734272 ], [ 55.282894, 25.1734307 ], [ 55.2828564, 25.1734354 ], [ 55.2828169, 25.1734416 ], [ 55.2827797, 25.1734501 ], [ 55.2827006, 25.1734771 ], [ 55.2826194, 25.173528 ], [ 55.2825479, 25.1735985 ], [ 55.2824855, 25.1736997 ], [ 55.2824422, 25.1737915 ], [ 55.2824267, 25.1738373 ], [ 55.2824255, 25.1739298 ], [ 55.2824436, 25.1740208 ], [ 55.2824776, 25.1741786 ], [ 55.2824924, 25.1742457 ], [ 55.2825121, 25.1743242 ], [ 55.2825268, 25.1743901 ], [ 55.2825368, 25.1744567 ], [ 55.282547, 25.1745243 ], [ 55.2825473, 25.174571 ], [ 55.282537, 25.1746184 ], [ 55.2825161, 25.1746799 ], [ 55.2824797, 25.1747409 ], [ 55.2824114, 25.1748154 ], [ 55.2823846, 25.1748401 ], [ 55.2823306, 25.1748785 ], [ 55.2822713, 25.1749098 ], [ 55.2819683, 25.1750729 ], [ 55.2819244, 25.1750943 ], [ 55.2818704, 25.1751158 ], [ 55.2818134, 25.1751291 ], [ 55.2817555, 25.175132 ], [ 55.281689, 25.175123 ], [ 55.2816262, 25.1751015 ], [ 55.2815698, 25.1750684 ], [ 55.2815225, 25.1750253 ], [ 55.2814864, 25.174974 ], [ 55.2814632, 25.174917 ], [ 55.2814538, 25.1748568 ], [ 55.2814548, 25.1748071 ], [ 55.2814857, 25.1742963 ], [ 55.2814912, 25.1742432 ], [ 55.281492, 25.1738351 ], [ 55.2814783, 25.1736359 ], [ 55.2814771, 25.17352 ], [ 55.2814835, 25.1734043 ], [ 55.2814975, 25.1732891 ], [ 55.2815126, 25.1731761 ], [ 55.2815306, 25.1730908 ], [ 55.2815528, 25.1730063 ], [ 55.2815791, 25.1729227 ], [ 55.2816096, 25.1728404 ], [ 55.2817439, 25.1725753 ], [ 55.2818138, 25.1724556 ], [ 55.2818446, 25.1724218 ], [ 55.2818813, 25.1723932 ], [ 55.2819231, 25.1723712 ], [ 55.2819716, 25.1723504 ], [ 55.2820235, 25.1723381 ], [ 55.282077, 25.1723344 ], [ 55.2821303, 25.1723397 ], [ 55.2821817, 25.1723537 ], [ 55.2825127, 25.1724332 ], [ 55.2826855, 25.1724747 ], [ 55.2827832, 25.1724963 ], [ 55.2828693, 25.1725433 ], [ 55.2829361, 25.1726113 ], [ 55.2829775, 25.1726942 ], [ 55.2830127, 25.1727753 ], [ 55.2830964, 25.1729684 ], [ 55.2831686, 25.1731349 ], [ 55.2831782, 25.1731625 ], [ 55.2831831, 25.1731887 ], [ 55.2831959, 25.1732672 ] ] } },
{ "type": "Feature", "properties": { "osm_id": 636092707, "hw": "residential", "nm": "", "lanes": 2, "oneway": "no", "sw": 7.0, "swl": 2.0, "swr": 2.0, "nright": 1, "cline": "white", "key": "7.0|2.0|2.0|1|white", "bridge": 0, "net": "surface", "len_m": 33.5 }, "geometry": { "type": "LineString", "coordinates": [ [ 55.2811589, 25.1742575 ], [ 55.2814912, 25.1742432 ] ] } },
{ "type": "Feature", "properties": { "osm_id": 636092709, "hw": "residential", "nm": "Mohammed Bin Rashid Al Maktoum City District One", "lanes": 2, "oneway": "yes", "sw": 7.0, "swl": 2.0, "swr": 2.0, "nright": 2, "cline": "none", "key": "7.0|2.0|2.0|2|none", "bridge": 0, "net": "surface", "len_m": 244.5 }, "geometry": { "type": "LineString", "coordinates": [ [ 55.2808034, 25.1765902 ], [ 55.2808148, 25.1765194 ], [ 55.28082, 25.1764807 ], [ 55.2808207, 25.1764417 ], [ 55.2808186, 25.1763788 ], [ 55.280815, 25.1762799 ], [ 55.28078, 25.1752591 ], [ 55.2807802, 25.1752074 ], [ 55.2807802, 25.1751153 ], [ 55.2807922, 25.1745716 ], [ 55.2807914, 25.1745249 ], [ 55.2807871, 25.1744783 ], [ 55.2807794, 25.1744321 ], [ 55.2807684, 25.1743864 ] ] } },
{ "type": "Feature", "properties": { "osm_id": 636092710, "hw": "residential", "nm": "Mohammed Bin Rashid Al Maktoum City District One", "lanes": 2, "oneway": "yes", "sw": 7.0, "swl": 2.0, "swr": 2.0, "nright": 2, "cline": "none", "key": "7.0|2.0|2.0|2|none", "bridge": 0, "net": "surface", "len_m": 243.0 }, "geometry": { "type": "LineString", "coordinates": [ [ 55.2809067, 25.1743891 ], [ 55.2808859, 25.1744508 ], [ 55.280873, 25.1745107 ], [ 55.2808633, 25.1745747 ], [ 55.2808616, 25.174619 ], [ 55.2808659, 25.1748392 ], [ 55.2808817, 25.1750181 ], [ 55.280899, 25.1751176 ], [ 55.2809034, 25.1752071 ], [ 55.2808988, 25.1753192 ], [ 55.2808964, 25.1753755 ], [ 55.2808925, 25.1754152 ], [ 55.2808871, 25.175459 ], [ 55.2808784, 25.1755147 ], [ 55.2808727, 25.1755707 ], [ 55.2808701, 25.1756269 ], [ 55.2808748, 25.1762862 ], [ 55.2808747, 25.1763256 ], [ 55.280877, 25.1763539 ], [ 55.28088, 25.1763768 ], [ 55.2808924, 25.1764138 ], [ 55.2809114, 25.1764529 ], [ 55.2809363, 25.176489 ], [ 55.2809794, 25.1765509 ] ] } },
{ "type": "Feature", "properties": { "osm_id": 636092711, "hw": "residential", "nm": "6 Street", "lanes": 2, "oneway": "no", "sw": 7.0, "swl": 2.0, "swr": 2.0, "nright": 1, "cline": "white", "key": "7.0|2.0|2.0|1|white", "bridge": 0, "net": "surface", "len_m": 131.9 }, "geometry": { "type": "LineString", "coordinates": [ [ 55.277715, 25.1739393 ], [ 55.2779717, 25.1733704 ], [ 55.2779842, 25.1733427 ], [ 55.2780816, 25.1731269 ], [ 55.2781256, 25.1730295 ], [ 55.2781835, 25.1729011 ], [ 55.2782121, 25.1728378 ] ] } },
{ "type": "Feature", "properties": { "osm_id": 636092712, "hw": "residential", "nm": "", "lanes": 2, "oneway": "yes", "sw": 7.0, "swl": 2.0, "swr": 2.0, "nright": 2, "cline": "none", "key": "7.0|2.0|2.0|2|none", "bridge": 0, "net": "surface", "len_m": 21.5 }, "geometry": { "type": "LineString", "coordinates": [ [ 55.2811589, 25.1742575 ], [ 55.2810801, 25.1742811 ], [ 55.2810204, 25.1743049 ], [ 55.2809633, 25.1743332 ] ] } },
{ "type": "Feature", "properties": { "osm_id": 636092714, "hw": "residential", "nm": "", "lanes": 2, "oneway": "no", "sw": 7.0, "swl": 2.0, "swr": 2.0, "nright": 1, "cline": "white", "key": "7.0|2.0|2.0|1|white", "bridge": 0, "net": "surface", "len_m": 88.5 }, "geometry": { "type": "LineString", "coordinates": [ [ 55.27506, 25.1711189 ], [ 55.2754961, 25.1708983 ], [ 55.275827248109906, 25.170730833237513 ] ] } },
{ "type": "Feature", "properties": { "osm_id": 636092715, "hw": "residential", "nm": "7 Street", "lanes": 2, "oneway": "no", "sw": 7.0, "swl": 2.0, "swr": 2.0, "nright": 1, "cline": "white", "key": "7.0|2.0|2.0|1|white", "bridge": 0, "net": "surface", "len_m": 112.6 }, "geometry": { "type": "LineString", "coordinates": [ [ 55.2767939, 25.1746027 ], [ 55.2770642, 25.1742047 ], [ 55.2771072, 25.1741411 ], [ 55.2773817, 25.1737384 ] ] } },
{ "type": "Feature", "properties": { "osm_id": 636092718, "hw": "residential", "nm": "", "lanes": 2, "oneway": "yes", "sw": 7.0, "swl": 2.0, "swr": 2.0, "nright": 2, "cline": "none", "key": "7.0|2.0|2.0|2|none", "bridge": 0, "net": "surface", "len_m": 22.9 }, "geometry": { "type": "LineString", "coordinates": [ [ 55.280503, 25.1743119 ], [ 55.2807167, 25.1742416 ] ] } },
{ "type": "Feature", "properties": { "osm_id": 636092720, "hw": "residential", "nm": "", "lanes": 2, "oneway": "yes", "sw": 7.0, "swl": 2.0, "swr": 2.0, "nright": 2, "cline": "none", "key": "7.0|2.0|2.0|2|none", "bridge": 0, "net": "surface", "len_m": 23.4 }, "geometry": { "type": "LineString", "coordinates": [ [ 55.2807305, 25.1743528 ], [ 55.280503, 25.1743119 ] ] } },
{ "type": "Feature", "properties": { "osm_id": 636092721, "hw": "residential", "nm": "", "lanes": 2, "oneway": "yes", "sw": 7.0, "swl": 2.0, "swr": 2.0, "nright": 2, "cline": "none", "key": "7.0|2.0|2.0|2|none", "bridge": 0, "net": "surface", "len_m": 83.4 }, "geometry": { "type": "LineString", "coordinates": [ [ 55.2808612, 25.1744037 ], [ 55.2808132, 25.1744027 ], [ 55.2807684, 25.1743864 ], [ 55.2807477, 25.1743713 ], [ 55.2807305, 25.1743528 ], [ 55.2807125, 25.1743178 ], [ 55.2807077, 25.1742794 ], [ 55.2807167, 25.1742416 ], [ 55.2807386, 25.1742081 ], [ 55.2807712, 25.1741828 ], [ 55.2808146, 25.1741676 ], [ 55.2808611, 25.1741669 ], [ 55.280905, 25.1741808 ], [ 55.2809411, 25.1742072 ], [ 55.2809651, 25.1742455 ], [ 55.2809725, 25.1742889 ], [ 55.2809633, 25.1743332 ], [ 55.2809463, 25.174357 ], [ 55.2809282, 25.1743749 ], [ 55.2809067, 25.1743891 ], [ 55.2808612, 25.1744037 ] ] } },
{ "type": "Feature", "properties": { "osm_id": 636092722, "hw": "residential", "nm": "3 Street", "lanes": 2, "oneway": "no", "sw": 7.0, "swl": 2.0, "swr": 2.0, "nright": 1, "cline": "white", "key": "7.0|2.0|2.0|1|white", "bridge": 0, "net": "surface", "len_m": 681.3 }, "geometry": { "type": "LineString", "coordinates": [ [ 55.2749433, 25.1715108 ], [ 55.2750955, 25.1717424 ], [ 55.2752474, 25.1719531 ], [ 55.2755248, 25.1723383 ], [ 55.2756443, 25.1725035 ], [ 55.2757799, 25.1726584 ], [ 55.2759302, 25.1728016 ], [ 55.2760739, 25.1729159 ], [ 55.276208, 25.1730035 ], [ 55.2764393, 25.1731489 ], [ 55.2773126, 25.1736977 ], [ 55.2773817, 25.1737384 ], [ 55.2775678, 25.1738537 ], [ 55.2776604, 25.1739067 ], [ 55.277715, 25.1739393 ], [ 55.2777739, 25.1739654 ], [ 55.2778893, 25.1740167 ], [ 55.2780715, 25.1740774 ], [ 55.2782598, 25.17412 ], [ 55.2784061, 25.1741392 ], [ 55.2785532, 25.1741528 ], [ 55.2787007, 25.1741609 ], [ 55.2788831, 25.1741679 ], [ 55.279064, 25.1741906 ], [ 55.2791804, 25.1742143 ], [ 55.2792334, 25.1742251 ], [ 55.2794614, 25.174275 ], [ 55.2796839, 25.1743084 ], [ 55.279813, 25.1743201 ], [ 55.2799084, 25.1743287 ], [ 55.280059, 25.1743382 ], [ 55.2802101, 25.1743397 ], [ 55.280503, 25.1743119 ] ] } },
{ "type": "Feature", "properties": { "osm_id": 636092723, "hw": "residential", "nm": "3 Street", "lanes": 2, "oneway": "yes", "sw": 7.0, "swl": 2.0, "swr": 2.0, "nright": 2, "cline": "none", "key": "7.0|2.0|2.0|2|none", "bridge": 0, "net": "surface", "len_m": 20.3 }, "geometry": { "type": "LineString", "coordinates": [ [ 55.2749163, 25.1713302 ], [ 55.2749167, 25.1713915 ], [ 55.2749254, 25.1714512 ], [ 55.2749332, 25.1714775 ], [ 55.2749433, 25.1715108 ] ] } },
{ "type": "Feature", "properties": { "osm_id": 636092724, "hw": "residential", "nm": "3 Street", "lanes": 2, "oneway": "yes", "sw": 7.0, "swl": 2.0, "swr": 2.0, "nright": 2, "cline": "none", "key": "7.0|2.0|2.0|2|none", "bridge": 0, "net": "surface", "len_m": 22.2 }, "geometry": { "type": "LineString", "coordinates": [ [ 55.2749433, 25.1715108 ], [ 55.2749277, 25.171498 ], [ 55.2748886, 25.1714659 ], [ 55.2748314, 25.1714239 ], [ 55.2747713, 25.1713863 ] ] } },
{ "type": "Feature", "properties": { "osm_id": 636092725, "hw": "residential", "nm": "3 Street", "lanes": 2, "oneway": "yes", "sw": 7.0, "swl": 2.0, "swr": 2.0, "nright": 2, "cline": "none", "key": "7.0|2.0|2.0|2|none", "bridge": 0, "net": "surface", "len_m": 22.0 }, "geometry": { "type": "LineString", "coordinates": [ [ 55.2746209, 25.1710393 ], [ 55.2746643, 25.1710694 ], [ 55.2747102, 25.171096 ], [ 55.2747586, 25.1711186 ], [ 55.2748091, 25.1711372 ] ] } },
{ "type": "Feature", "properties": { "osm_id": 636092726, "hw": "residential", "nm": "3 Street", "lanes": 2, "oneway": "yes", "sw": 7.0, "swl": 2.0, "swr": 2.0, "nright": 2, "cline": "none", "key": "7.0|2.0|2.0|2|none", "bridge": 0, "net": "surface", "len_m": 21.1 }, "geometry": { "type": "LineString", "coordinates": [ [ 55.2746661, 25.1712245 ], [ 55.2746605, 25.1711864 ], [ 55.2746531, 25.1711485 ], [ 55.2746439, 25.171111 ], [ 55.2746329, 25.1710738 ], [ 55.2746209, 25.1710393 ] ] } },
{ "type": "Feature", "properties": { "osm_id": 636092727, "hw": "residential", "nm": "Mohammed Bin Rashid Al Maktoum City District One", "lanes": 2, "oneway": "yes", "sw": 7.0, "swl": 2.0, "swr": 2.0, "nright": 2, "cline": "none", "key": "7.0|2.0|2.0|2|none", "bridge": 0, "net": "surface", "len_m": 194.8 }, "geometry": { "type": "LineString", "coordinates": [ [ 55.2747511, 25.1713812 ], [ 55.2746719, 25.1713991 ], [ 55.2746071, 25.1714181 ], [ 55.2745453, 25.1714439 ], [ 55.2744873, 25.1714762 ], [ 55.2742638, 25.1716191 ], [ 55.2741967, 25.1716616 ], [ 55.2741609, 25.1716797 ], [ 55.274111, 25.1717043 ], [ 55.2737156, 25.171886 ], [ 55.2733383, 25.1720625 ], [ 55.2732696, 25.1720992 ], [ 55.2731884, 25.1721447 ], [ 55.2730615, 25.1722203 ] ] } },
{ "type": "Feature", "properties": { "osm_id": 636092728, "hw": "residential", "nm": "", "lanes": 2, "oneway": "yes", "sw": 7.0, "swl": 2.0, "swr": 2.0, "nright": 2, "cline": "none", "key": "7.0|2.0|2.0|2|none", "bridge": 0, "net": "surface", "len_m": 87.5 }, "geometry": { "type": "LineString", "coordinates": [ [ 55.2746773, 25.1713244 ], [ 55.2746613, 25.1712822 ], [ 55.2746596, 25.1712685 ], [ 55.2746661, 25.1712245 ], [ 55.2746875, 25.1711873 ], [ 55.2747209, 25.1711585 ], [ 55.274763, 25.1711412 ], [ 55.2748091, 25.1711372 ], [ 55.2748364, 25.1711417 ], [ 55.2748622, 25.1711509 ], [ 55.2748928, 25.1711701 ], [ 55.2749166, 25.171196 ], [ 55.274932, 25.1712267 ], [ 55.2749378, 25.17126 ], [ 55.2749328, 25.1712965 ], [ 55.2749163, 25.1713302 ], [ 55.274889, 25.1713587 ], [ 55.2748535, 25.1713786 ], [ 55.274813, 25.1713881 ], [ 55.2747713, 25.1713863 ], [ 55.2747511, 25.1713812 ], [ 55.2747086, 25.1713588 ], [ 55.2746773, 25.1713244 ] ] } },
{ "type": "Feature", "properties": { "osm_id": 636092735, "hw": "residential", "nm": "9 Street", "lanes": 2, "oneway": "no", "sw": 7.0, "swl": 2.0, "swr": 2.0, "nright": 1, "cline": "white", "key": "7.0|2.0|2.0|1|white", "bridge": 0, "net": "surface", "len_m": 206.0 }, "geometry": { "type": "LineString", "coordinates": [ [ 55.272912713481539, 25.170730833237513 ], [ 55.2730062, 25.1708674 ], [ 55.2730953, 25.1709854 ], [ 55.2732727, 25.1712085 ], [ 55.2732964, 25.1712421 ], [ 55.2733287, 25.1712692 ], [ 55.2733676, 25.1712879 ], [ 55.2734105, 25.171297 ], [ 55.2734545, 25.1712959 ], [ 55.2734968, 25.1712847 ], [ 55.2735345, 25.1712642 ], [ 55.2737398, 25.1711529 ], [ 55.2741163, 25.1709489 ], [ 55.2744839, 25.1707612 ] ] } },
{ "type": "Feature", "properties": { "osm_id": 636092741, "hw": "residential", "nm": "3 Street", "lanes": 2, "oneway": "no", "sw": 7.0, "swl": 2.0, "swr": 2.0, "nright": 1, "cline": "white", "key": "7.0|2.0|2.0|1|white", "bridge": 0, "net": "surface", "len_m": 37.3 }, "geometry": { "type": "LineString", "coordinates": [ [ 55.274472961846257, 25.170730833237513 ], [ 55.2744839, 25.1707612 ], [ 55.2746209, 25.1710393 ] ] } },
{ "type": "Feature", "properties": { "osm_id": 636093193, "hw": "residential", "nm": "1 Street", "lanes": 2, "oneway": "no", "sw": 7.0, "swl": 2.0, "swr": 2.0, "nright": 1, "cline": "white", "key": "7.0|2.0|2.0|1|white", "bridge": 0, "net": "surface", "len_m": 110.9 }, "geometry": { "type": "LineString", "coordinates": [ [ 55.2793715, 25.1713764 ], [ 55.2793337, 25.1713659 ], [ 55.2791806, 25.1713236 ], [ 55.2790101, 25.1712587 ], [ 55.2789241, 25.1712117 ], [ 55.2788479, 25.1711525 ], [ 55.2787836, 25.1710827 ], [ 55.2787329, 25.1710041 ], [ 55.2786974, 25.1709191 ], [ 55.2786386942579, 25.170730833237513 ] ] } },
{ "type": "Feature", "properties": { "osm_id": 636093195, "hw": "residential", "nm": "1 Street", "lanes": 2, "oneway": "no", "sw": 7.0, "swl": 2.0, "swr": 2.0, "nright": 1, "cline": "white", "key": "7.0|2.0|2.0|1|white", "bridge": 0, "net": "surface", "len_m": 139.3 }, "geometry": { "type": "LineString", "coordinates": [ [ 55.280061423594347, 25.170730833237513 ], [ 55.2801509, 25.1709543 ], [ 55.2801575, 25.1710157 ], [ 55.2801537, 25.1710772 ], [ 55.2801394, 25.1711375 ], [ 55.2801151, 25.1711951 ], [ 55.2800812, 25.1712486 ], [ 55.2800387, 25.1712968 ], [ 55.2799885, 25.1713385 ], [ 55.2799319, 25.1713727 ], [ 55.2798699, 25.1713983 ], [ 55.2798261, 25.1714152 ], [ 55.27978, 25.171426 ], [ 55.2797326, 25.1714305 ], [ 55.279685, 25.1714287 ], [ 55.2795687, 25.1714156 ], [ 55.2794541, 25.1713937 ], [ 55.2793715, 25.1713764 ] ] } },
{ "type": "Feature", "properties": { "osm_id": 636909456, "hw": "residential", "nm": "", "lanes": 2, "oneway": "yes", "sw": 7.0, "swl": 2.0, "swr": 2.0, "nright": 2, "cline": "none", "key": "7.0|2.0|2.0|2|none", "bridge": 0, "net": "surface", "len_m": 49.3 }, "geometry": { "type": "LineString", "coordinates": [ [ 55.2715916, 25.1922084 ], [ 55.2715376, 25.1921724 ], [ 55.2714813, 25.1921403 ], [ 55.2714214, 25.1921144 ], [ 55.2713584, 25.192095 ], [ 55.2712914, 25.1920905 ], [ 55.2711353, 25.1920945 ] ] } },
{ "type": "Feature", "properties": { "osm_id": 636909457, "hw": "residential", "nm": "", "lanes": 2, "oneway": "yes", "sw": 7.0, "swl": 2.0, "swr": 2.0, "nright": 2, "cline": "none", "key": "7.0|2.0|2.0|2|none", "bridge": 0, "net": "surface", "len_m": 24.5 }, "geometry": { "type": "LineString", "coordinates": [ [ 55.2711079, 25.1918723 ], [ 55.2711684, 25.1918656 ], [ 55.2712292, 25.1918689 ], [ 55.2712884, 25.1918821 ], [ 55.2713438, 25.1919048 ] ] } },
{ "type": "Feature", "properties": { "osm_id": 637291390, "hw": "secondary", "nm": "", "lanes": 3, "oneway": "yes", "sw": 10.5, "swl": 3.0, "swr": 3.0, "nright": 3, "cline": "none", "key": "10.5|3.0|3.0|3|none", "bridge": 0, "net": "surface", "len_m": 31.5 }, "geometry": { "type": "LineString", "coordinates": [ [ 55.2572773, 25.1752439 ], [ 55.2570747, 25.1753755 ], [ 55.2570214, 25.1754077 ] ] } },
{ "type": "Feature", "properties": { "osm_id": 637291392, "hw": "secondary", "nm": "", "lanes": 1, "oneway": "yes", "sw": 3.5, "swl": 3.0, "swr": 3.0, "nright": 1, "cline": "none", "key": "3.5|3.0|3.0|1|none", "bridge": 0, "net": "surface", "len_m": 314.6 }, "geometry": { "type": "LineString", "coordinates": [ [ 55.2566759, 25.1756262 ], [ 55.2561246, 25.1759355 ], [ 55.2558717, 25.1760903 ], [ 55.2556194, 25.1762513 ], [ 55.2553807, 25.1764141 ], [ 55.2551078, 25.1766157 ], [ 55.2548284, 25.1768198 ], [ 55.2545329, 25.177032 ], [ 55.2541455, 25.1772838 ] ] } },
{ "type": "Feature", "properties": { "osm_id": 637303347, "hw": "tertiary", "nm": "", "lanes": 2, "oneway": "no", "sw": 7.0, "swl": 2.5, "swr": 2.5, "nright": 1, "cline": "white", "key": "7.0|2.5|2.5|1|white", "bridge": 0, "net": "surface", "len_m": 94.5 }, "geometry": { "type": "LineString", "coordinates": [ [ 55.2551442, 25.1848239 ], [ 55.2551779, 25.184798 ], [ 55.2555172, 25.1845377 ], [ 55.2555394, 25.1845207 ], [ 55.2558608, 25.1842741 ] ] } },
{ "type": "Feature", "properties": { "osm_id": 637309648, "hw": "tertiary", "nm": "Al Yamamah Street", "lanes": 2, "oneway": "yes", "sw": 7.0, "swl": 2.5, "swr": 2.5, "nright": 2, "cline": "none", "key": "7.0|2.5|2.5|2|none", "bridge": 0, "net": "surface", "len_m": 8.4 }, "geometry": { "type": "LineString", "coordinates": [ [ 55.2812667, 25.1921954 ], [ 55.2813342, 25.1921506 ] ] } },
{ "type": "Feature", "properties": { "osm_id": 637310842, "hw": "tertiary_link", "nm": "", "lanes": 1, "oneway": "yes", "sw": 3.5, "swl": 1.0, "swr": 1.0, "nright": 1, "cline": "none", "key": "3.5|1.0|1.0|1|none", "bridge": 0, "net": "surface", "len_m": 51.6 }, "geometry": { "type": "LineString", "coordinates": [ [ 55.2819337, 25.1919866 ], [ 55.2818723, 25.1920834 ], [ 55.2818399, 25.1921333 ], [ 55.2818209, 25.1921788 ], [ 55.281805, 25.1922217 ], [ 55.28181, 25.1922883 ], [ 55.2818192, 25.192342 ], [ 55.2818467, 25.1924192 ] ] } },
{ "type": "Feature", "properties": { "osm_id": 637310844, "hw": "tertiary_link", "nm": "", "lanes": 1, "oneway": "yes", "sw": 3.5, "swl": 1.0, "swr": 1.0, "nright": 1, "cline": "none", "key": "3.5|1.0|1.0|1|none", "bridge": 0, "net": "surface", "len_m": 27.5 }, "geometry": { "type": "LineString", "coordinates": [ [ 55.2812545, 25.1918299 ], [ 55.2813133, 25.1918613 ], [ 55.2813756, 25.1918868 ], [ 55.2814405, 25.1919061 ], [ 55.2815074, 25.1919187 ] ] } },
{ "type": "Feature", "properties": { "osm_id": 637310846, "hw": "tertiary_link", "nm": "", "lanes": 1, "oneway": "yes", "sw": 3.5, "swl": 1.0, "swr": 1.0, "nright": 1, "cline": "none", "key": "3.5|1.0|1.0|1|none", "bridge": 0, "net": "surface", "len_m": 55.8 }, "geometry": { "type": "LineString", "coordinates": [ [ 55.2810501, 25.1923485 ], [ 55.2811335, 25.1922215 ], [ 55.2811558, 25.1921878 ], [ 55.2811721, 25.1921515 ], [ 55.2811822, 25.1921134 ], [ 55.2811858, 25.1920661 ], [ 55.2811798, 25.1920189 ], [ 55.2811645, 25.1919735 ], [ 55.2811221, 25.1918856 ] ] } },
{ "type": "Feature", "properties": { "osm_id": 637310848, "hw": "tertiary_link", "nm": "", "lanes": 1, "oneway": "yes", "sw": 3.5, "swl": 1.0, "swr": 1.0, "nright": 1, "cline": "none", "key": "3.5|1.0|1.0|1|none", "bridge": 0, "net": "surface", "len_m": 28.6 }, "geometry": { "type": "LineString", "coordinates": [ [ 55.2814132, 25.1923969 ], [ 55.2813256, 25.1924016 ], [ 55.2812299, 25.19242 ], [ 55.2811397, 25.1924542 ] ] } },
{ "type": "Feature", "properties": { "osm_id": 637316449, "hw": "residential", "nm": "", "lanes": 2, "oneway": "no", "sw": 7.0, "swl": 2.0, "swr": 2.0, "nright": 1, "cline": "white", "key": "7.0|2.0|2.0|1|white", "bridge": 0, "net": "surface", "len_m": 149.6 }, "geometry": { "type": "LineString", "coordinates": [ [ 55.2730979, 25.1922129 ], [ 55.2732594, 25.192124 ], [ 55.2733886, 25.1920595 ], [ 55.2735832, 25.1919756 ], [ 55.2737124, 25.191923 ], [ 55.2737851, 25.191893 ], [ 55.2739215, 25.191814 ], [ 55.2739836, 25.1917602 ], [ 55.274034, 25.1916972 ], [ 55.274071, 25.1916271 ], [ 55.2740934, 25.191552 ], [ 55.2741006, 25.1914745 ], [ 55.2741055, 25.1913637 ] ] } },
{ "type": "Feature", "properties": { "osm_id": 637316452, "hw": "residential", "nm": "", "lanes": 2, "oneway": "no", "sw": 7.0, "swl": 2.0, "swr": 2.0, "nright": 1, "cline": "white", "key": "7.0|2.0|2.0|1|white", "bridge": 0, "net": "surface", "len_m": 140.6 }, "geometry": { "type": "LineString", "coordinates": [ [ 55.2700035, 25.191592 ], [ 55.2694594, 25.1911032 ], [ 55.2694392, 25.1910818 ], [ 55.2694276, 25.1910556 ], [ 55.2694259, 25.1910275 ], [ 55.2694342, 25.1910004 ], [ 55.2694518, 25.1909771 ], [ 55.2697993, 25.1906815 ] ] } },
{ "type": "Feature", "properties": { "osm_id": 637568328, "hw": "secondary_link", "nm": "", "lanes": 2, "oneway": "yes", "sw": 7.0, "swl": 1.0, "swr": 1.0, "nright": 2, "cline": "none", "key": "7.0|1.0|1.0|2|none", "bridge": 0, "net": "surface", "len_m": 199.1 }, "geometry": { "type": "LineString", "coordinates": [ [ 55.264298780959123, 25.170730833237513 ], [ 55.2642713, 25.1707397 ], [ 55.264129, 25.170789 ], [ 55.2638899, 25.170883 ], [ 55.263702, 25.1709603 ], [ 55.2634987, 25.1710553 ], [ 55.2630747, 25.1712722 ], [ 55.2625579, 25.1715702 ] ] } },
{ "type": "Feature", "properties": { "osm_id": 637607068, "hw": "tertiary", "nm": "", "lanes": 2, "oneway": "yes", "sw": 7.0, "swl": 2.5, "swr": 2.5, "nright": 2, "cline": "none", "key": "7.0|2.5|2.5|2|none", "bridge": 0, "net": "surface", "len_m": 326.3 }, "geometry": { "type": "LineString", "coordinates": [ [ 55.2926006, 25.1858064 ], [ 55.2925685, 25.1856824 ], [ 55.2925204, 25.1855561 ], [ 55.292447, 25.1854475 ], [ 55.2923555, 25.1853508 ], [ 55.2922481, 25.1852684 ], [ 55.2921211, 25.1852037 ], [ 55.2919906, 25.1851656 ], [ 55.2918535, 25.1851372 ], [ 55.2917133, 25.1851116 ], [ 55.2915807, 25.1850788 ], [ 55.2914633, 25.1850327 ], [ 55.2913509, 25.1849779 ], [ 55.2912442, 25.184913 ], [ 55.2911441, 25.1848385 ], [ 55.2910512, 25.1847568 ], [ 55.2909826, 25.1846784 ], [ 55.2908897, 25.1845734 ], [ 55.2908008, 25.1844847 ], [ 55.2907766, 25.1844635 ], [ 55.2907011, 25.1844058 ], [ 55.2905923, 25.1843376 ], [ 55.2904756, 25.1842813 ], [ 55.2903524, 25.1842374 ], [ 55.2902245, 25.1842068 ], [ 55.2900936, 25.1841897 ] ] } },
{ "type": "Feature", "properties": { "osm_id": 637607069, "hw": "tertiary", "nm": "", "lanes": 2, "oneway": "yes", "sw": 7.0, "swl": 2.5, "swr": 2.5, "nright": 2, "cline": "none", "key": "7.0|2.5|2.5|2|none", "bridge": 0, "net": "surface", "len_m": 337.8 }, "geometry": { "type": "LineString", "coordinates": [ [ 55.2901144, 25.1840779 ], [ 55.2902283, 25.1840877 ], [ 55.2903409, 25.1841062 ], [ 55.2904514, 25.1841334 ], [ 55.2905589, 25.184169 ], [ 55.2906447, 25.1842044 ], [ 55.2907276, 25.1842453 ], [ 55.2908071, 25.1842912 ], [ 55.2908829, 25.1843458 ], [ 55.2909495, 25.1844065 ], [ 55.2911146, 25.1845833 ], [ 55.2911941, 25.1846606 ], [ 55.2912802, 25.1847319 ], [ 55.2913723, 25.1847968 ], [ 55.2914699, 25.1848546 ], [ 55.2915724, 25.1849052 ], [ 55.291679, 25.1849482 ], [ 55.2917891, 25.1849832 ], [ 55.291902, 25.1850101 ], [ 55.2920168, 25.1850287 ], [ 55.2921506, 25.185066 ], [ 55.2922774, 25.1851184 ], [ 55.2923942, 25.1851874 ], [ 55.2924239, 25.1852114 ], [ 55.2924982, 25.1852714 ], [ 55.2925872, 25.1853686 ], [ 55.2926591, 25.1854767 ], [ 55.2927123, 25.1855933 ], [ 55.2927571, 25.185716 ] ] } },
{ "type": "Feature", "properties": { "osm_id": 637607073, "hw": "residential", "nm": "", "lanes": 2, "oneway": "no", "sw": 7.0, "swl": 2.0, "swr": 2.0, "nright": 1, "cline": "white", "key": "7.0|2.0|2.0|1|white", "bridge": 0, "net": "surface", "len_m": 174.6 }, "geometry": { "type": "LineString", "coordinates": [ [ 55.2879868, 25.1923214 ], [ 55.288099, 25.1924569 ], [ 55.2882167, 25.1925884 ], [ 55.28834, 25.1927157 ], [ 55.2884686, 25.1928387 ], [ 55.2886022, 25.1929571 ], [ 55.2886844, 25.1930249 ], [ 55.2887334, 25.1930645 ], [ 55.2887408, 25.1930707 ], [ 55.2887561, 25.1930823 ], [ 55.2888841, 25.1931795 ], [ 55.2890261, 25.1932818 ], [ 55.2892186, 25.1934204 ] ] } },
{ "type": "Feature", "properties": { "osm_id": 639800725, "hw": "residential", "nm": "", "lanes": 2, "oneway": "yes", "sw": 7.0, "swl": 2.0, "swr": 2.0, "nright": 2, "cline": "none", "key": "7.0|2.0|2.0|2|none", "bridge": 0, "net": "surface", "len_m": 22.7 }, "geometry": { "type": "LineString", "coordinates": [ [ 55.2809411, 25.1742072 ], [ 55.2809945, 25.1742225 ], [ 55.2810485, 25.1742357 ], [ 55.2811032, 25.1742468 ], [ 55.2811589, 25.1742575 ] ] } },
{ "type": "Feature", "properties": { "osm_id": 644482818, "hw": "primary", "nm": "Sheikh Mohammed bin Rashid Boulevard", "lanes": 3, "oneway": "yes", "sw": 10.5, "swl": 3.0, "swr": 3.0, "nright": 3, "cline": "none", "key": "10.5|3.0|3.0|3|none", "bridge": 0, "net": "surface", "len_m": 67.8 }, "geometry": { "type": "LineString", "coordinates": [ [ 55.2826177, 25.1962053 ], [ 55.2825354, 25.1960976 ], [ 55.2822233, 25.1957093 ] ] } },
{ "type": "Feature", "properties": { "osm_id": 644482821, "hw": "primary", "nm": "Sheikh Mohammed bin Rashid Boulevard", "lanes": 3, "oneway": "yes", "sw": 10.5, "swl": 3.0, "swr": 3.0, "nright": 3, "cline": "none", "key": "10.5|3.0|3.0|3|none", "bridge": 0, "net": "surface", "len_m": 53.7 }, "geometry": { "type": "LineString", "coordinates": [ [ 55.2824828, 25.1956815 ], [ 55.2826979, 25.195985 ], [ 55.2827718, 25.1960883 ] ] } },
{ "type": "Feature", "properties": { "osm_id": 654261485, "hw": "tertiary", "nm": "", "lanes": 1, "oneway": "yes", "sw": 3.5, "swl": 2.5, "swr": 2.5, "nright": 1, "cline": "none", "key": "3.5|2.5|2.5|1|none", "bridge": 0, "net": "surface", "len_m": 25.0 }, "geometry": { "type": "LineString", "coordinates": [ [ 55.2614834, 25.1915071 ], [ 55.2615079, 25.191559 ], [ 55.2615355, 25.1916096 ], [ 55.2615662, 25.1916588 ], [ 55.2615998, 25.1917064 ] ] } },
{ "type": "Feature", "properties": { "osm_id": 654261486, "hw": "tertiary", "nm": "", "lanes": 1, "oneway": "yes", "sw": 3.5, "swl": 2.5, "swr": 2.5, "nright": 1, "cline": "none", "key": "3.5|2.5|2.5|1|none", "bridge": 0, "net": "surface", "len_m": 23.8 }, "geometry": { "type": "LineString", "coordinates": [ [ 55.2614762, 25.1917212 ], [ 55.2614856, 25.1916678 ], [ 55.2614901, 25.1916143 ], [ 55.2614894, 25.1915606 ], [ 55.2614834, 25.1915071 ] ] } },
{ "type": "Feature", "properties": { "osm_id": 687653707, "hw": "primary", "nm": "Al Asayel Street", "lanes": 3, "oneway": "yes", "sw": 10.5, "swl": 3.0, "swr": 3.0, "nright": 3, "cline": "none", "key": "10.5|3.0|3.0|3|none", "bridge": 0, "net": "surface", "len_m": 128.6 }, "geometry": { "type": "LineString", "coordinates": [ [ 55.290019647195066, 25.196436766762485 ], [ 55.2897994, 25.1960893 ], [ 55.2893789, 25.195433 ] ] } },
{ "type": "Feature", "properties": { "osm_id": 693359230, "hw": "tertiary", "nm": "", "lanes": 2, "oneway": "yes", "sw": 7.0, "swl": 2.5, "swr": 2.5, "nright": 2, "cline": "none", "key": "7.0|2.5|2.5|2|none", "bridge": 0, "net": "surface", "len_m": 219.8 }, "geometry": { "type": "LineString", "coordinates": [ [ 55.2545327, 25.1826999 ], [ 55.2545494, 25.1827296 ], [ 55.2545678, 25.1827581 ], [ 55.2545882, 25.1827856 ], [ 55.2546103, 25.1828119 ], [ 55.2559149, 25.1842327 ] ] } },
{ "type": "Feature", "properties": { "osm_id": 693359232, "hw": "tertiary", "nm": "", "lanes": 2, "oneway": "yes", "sw": 7.0, "swl": 2.5, "swr": 2.5, "nright": 2, "cline": "none", "key": "7.0|2.5|2.5|2|none", "bridge": 0, "net": "surface", "len_m": 170.7 }, "geometry": { "type": "LineString", "coordinates": [ [ 55.2533922, 25.1813277 ], [ 55.2537252, 25.1817042 ], [ 55.2537632, 25.1817501 ], [ 55.2537992, 25.1817973 ], [ 55.2538331, 25.1818457 ], [ 55.2538811, 25.181937 ], [ 55.2539304, 25.1820252 ], [ 55.2539889, 25.18211 ], [ 55.2540535, 25.1821911 ], [ 55.2542903, 25.1824435 ], [ 55.2543275, 25.1824815 ], [ 55.254368, 25.1825168 ], [ 55.2544115, 25.1825494 ] ] } },
{ "type": "Feature", "properties": { "osm_id": 693359236, "hw": "tertiary", "nm": "", "lanes": 2, "oneway": "no", "sw": 7.0, "swl": 2.5, "swr": 2.5, "nright": 1, "cline": "white", "key": "7.0|2.5|2.5|1|white", "bridge": 0, "net": "surface", "len_m": 70.2 }, "geometry": { "type": "LineString", "coordinates": [ [ 55.254358, 25.1825767 ], [ 55.2543827, 25.1825597 ], [ 55.2544115, 25.1825494 ], [ 55.2544425, 25.1825468 ], [ 55.254473, 25.182552 ], [ 55.2545008, 25.1825646 ], [ 55.2545237, 25.1825837 ], [ 55.2545398, 25.1826077 ], [ 55.2545479, 25.1826347 ], [ 55.2545476, 25.1826627 ], [ 55.2545387, 25.1826896 ], [ 55.2545327, 25.1826999 ], [ 55.2545139, 25.1827209 ], [ 55.2544896, 25.1827367 ], [ 55.2544615, 25.1827461 ], [ 55.2544317, 25.1827483 ], [ 55.2543998, 25.1827426 ], [ 55.2543713, 25.1827288 ], [ 55.2543483, 25.1827082 ], [ 55.2543328, 25.1826825 ], [ 55.2543261, 25.1826538 ], [ 55.2543286, 25.1826254 ], [ 55.2543396, 25.1825992 ], [ 55.254358, 25.1825767 ] ] } },
{ "type": "Feature", "properties": { "osm_id": 693359237, "hw": "tertiary", "nm": "", "lanes": 2, "oneway": "yes", "sw": 7.0, "swl": 2.5, "swr": 2.5, "nright": 2, "cline": "none", "key": "7.0|2.5|2.5|2|none", "bridge": 0, "net": "surface", "len_m": 222.2 }, "geometry": { "type": "LineString", "coordinates": [ [ 55.2558608, 25.1842741 ], [ 55.2545553, 25.1828521 ], [ 55.2545273, 25.1828242 ], [ 55.2544972, 25.1827973 ], [ 55.2544653, 25.1827723 ], [ 55.2544317, 25.1827483 ] ] } },
{ "type": "Feature", "properties": { "osm_id": 694601540, "hw": "tertiary_link", "nm": "", "lanes": 1, "oneway": "yes", "sw": 3.5, "swl": 1.0, "swr": 1.0, "nright": 1, "cline": "none", "key": "3.5|1.0|1.0|1|none", "bridge": 0, "net": "surface", "len_m": 83.7 }, "geometry": { "type": "LineString", "coordinates": [ [ 55.2844288, 25.1939847 ], [ 55.2844474, 25.194025 ], [ 55.2844689, 25.1940643 ], [ 55.284493, 25.1941022 ], [ 55.2845197, 25.1941387 ], [ 55.284824, 25.1945398 ], [ 55.2848323, 25.1945532 ], [ 55.2848326, 25.1945686 ], [ 55.2848249, 25.1945824 ], [ 55.284811, 25.1945912 ], [ 55.2847941, 25.1945932 ], [ 55.2847782, 25.1945877 ] ] } },
{ "type": "Feature", "properties": { "osm_id": 694601541, "hw": "tertiary_link", "nm": "", "lanes": 1, "oneway": "yes", "sw": 3.5, "swl": 1.0, "swr": 1.0, "nright": 1, "cline": "none", "key": "3.5|1.0|1.0|1|none", "bridge": 0, "net": "surface", "len_m": 102.6 }, "geometry": { "type": "LineString", "coordinates": [ [ 55.285773, 25.1942849 ], [ 55.2856985, 25.1943194 ], [ 55.2856263, 25.1943577 ], [ 55.2855566, 25.1943997 ], [ 55.2851352, 25.1946706 ], [ 55.2851022, 25.1946919 ], [ 55.285063, 25.1947115 ], [ 55.2850241, 25.1947243 ], [ 55.2849834, 25.1947316 ], [ 55.284942, 25.1947332 ], [ 55.2849008, 25.1947291 ] ] } },
{ "type": "Feature", "properties": { "osm_id": 695710298, "hw": "tertiary", "nm": "", "lanes": 2, "oneway": "no", "sw": 7.0, "swl": 2.5, "swr": 2.5, "nright": 1, "cline": "white", "key": "7.0|2.5|2.5|1|white", "bridge": 0, "net": "surface", "len_m": 352.3 }, "geometry": { "type": "LineString", "coordinates": [ [ 55.268008, 25.1879323 ], [ 55.2680165, 25.1878938 ], [ 55.2681643, 25.1872943 ], [ 55.2682109, 25.1871038 ], [ 55.2682407, 25.1869821 ], [ 55.2683271, 25.1866199 ], [ 55.2683365, 25.1865623 ], [ 55.2683391, 25.1865042 ], [ 55.2683349, 25.1864461 ], [ 55.2683239, 25.1863888 ], [ 55.2683122, 25.186345 ], [ 55.2682555, 25.186242 ], [ 55.2681863, 25.1861642 ], [ 55.2680252, 25.186005 ], [ 55.2679507, 25.1859259 ], [ 55.267844, 25.1858058 ], [ 55.2676342, 25.1855698 ], [ 55.2674939, 25.185427 ], [ 55.2672912, 25.1852013 ], [ 55.2672333, 25.185139 ] ] } },
{ "type": "Feature", "properties": { "osm_id": 699471623, "hw": "residential", "nm": "3 Street", "lanes": 2, "oneway": "no", "sw": 7.0, "swl": 2.0, "swr": 2.0, "nright": 1, "cline": "white", "key": "7.0|2.0|2.0|1|white", "bridge": 0, "net": "surface", "len_m": 129.9 }, "geometry": { "type": "LineString", "coordinates": [ [ 55.2799084, 25.1743287 ], [ 55.2799324, 25.1737425 ], [ 55.2799564, 25.1731572 ] ] } },
{ "type": "Feature", "properties": { "osm_id": 699906493, "hw": "primary_link", "nm": "", "lanes": 2, "oneway": "yes", "sw": 7.0, "swl": 1.0, "swr": 1.0, "nright": 2, "cline": "none", "key": "7.0|1.0|1.0|2|none", "bridge": 1, "net": "surface", "len_m": 541.7 }, "geometry": { "type": "LineString", "coordinates": [ [ 55.2936296, 25.1900357 ], [ 55.2935837, 25.1900866 ], [ 55.2935574, 25.1901239 ], [ 55.2935392, 25.1901651 ], [ 55.2935249, 25.1902075 ], [ 55.2932607, 25.1910607 ], [ 55.2929808, 25.1919136 ], [ 55.2929353, 25.1920613 ], [ 55.2928837, 25.1922074 ], [ 55.292826, 25.1923516 ], [ 55.2927624, 25.1924937 ], [ 55.2926929, 25.1926336 ], [ 55.2926177, 25.192771 ], [ 55.2925368, 25.1929057 ], [ 55.2924501, 25.1930375 ], [ 55.2923416, 25.1931844 ], [ 55.2922252, 25.1933264 ], [ 55.2921013, 25.193463 ], [ 55.2919701, 25.1935939 ], [ 55.2918319, 25.1937188 ], [ 55.2916871, 25.1938375 ], [ 55.2915539, 25.1939358 ], [ 55.2914172, 25.1940301 ], [ 55.2912769, 25.19412 ], [ 55.2911334, 25.1942056 ] ] } },
{ "type": "Feature", "properties": { "osm_id": 699944181, "hw": "primary_link", "nm": "", "lanes": 1, "oneway": "yes", "sw": 3.5, "swl": 1.0, "swr": 1.0, "nright": 1, "cline": "none", "key": "3.5|1.0|1.0|1|none", "bridge": 0, "net": "surface", "len_m": 89.4 }, "geometry": { "type": "LineString", "coordinates": [ [ 55.2547276, 25.1766983 ], [ 55.2547244, 25.1767349 ], [ 55.2547118, 25.1767699 ], [ 55.2546905, 25.1768012 ], [ 55.2546617, 25.1768271 ], [ 55.2545213, 25.1769435 ], [ 55.2544196, 25.1770202 ], [ 55.2542533, 25.1771433 ], [ 55.2542205, 25.1771752 ], [ 55.2541971, 25.1772068 ], [ 55.2541767, 25.1772382 ], [ 55.2541455, 25.1772838 ] ] } },
{ "type": "Feature", "properties": { "osm_id": 699980626, "hw": "residential", "nm": "", "lanes": 1, "oneway": "yes", "sw": 3.5, "swl": 2.0, "swr": 2.0, "nright": 1, "cline": "none", "key": "3.5|2.0|2.0|1|none", "bridge": 0, "net": "surface", "len_m": 22.4 }, "geometry": { "type": "LineString", "coordinates": [ [ 55.2732091, 25.1897091 ], [ 55.2731407, 25.189764 ], [ 55.2731046, 25.189786 ], [ 55.2730658, 25.1898041 ], [ 55.273025, 25.189818 ] ] } },
{ "type": "Feature", "properties": { "osm_id": 699980627, "hw": "residential", "nm": "", "lanes": 1, "oneway": "yes", "sw": 3.5, "swl": 2.0, "swr": 2.0, "nright": 1, "cline": "none", "key": "3.5|2.0|2.0|1|none", "bridge": 0, "net": "surface", "len_m": 27.0 }, "geometry": { "type": "LineString", "coordinates": [ [ 55.273025, 25.189818 ], [ 55.2730811, 25.1897531 ], [ 55.2730973, 25.1897245 ], [ 55.2731097, 25.1896943 ], [ 55.273118, 25.189663 ], [ 55.2731221, 25.189631 ], [ 55.2731219, 25.1895988 ] ] } },
{ "type": "Feature", "properties": { "osm_id": 699980629, "hw": "secondary_link", "nm": "", "lanes": 1, "oneway": "yes", "sw": 3.5, "swl": 1.0, "swr": 1.0, "nright": 1, "cline": "none", "key": "3.5|1.0|1.0|1|none", "bridge": 0, "net": "surface", "len_m": 39.1 }, "geometry": { "type": "LineString", "coordinates": [ [ 55.2731024, 25.1893811 ], [ 55.2731012, 25.1894073 ], [ 55.2731051, 25.1894338 ], [ 55.2731134, 25.1894595 ], [ 55.2731259, 25.1894838 ], [ 55.2731908, 25.1895815 ], [ 55.2732038, 25.1896052 ], [ 55.2732123, 25.1896305 ], [ 55.2732161, 25.1896568 ], [ 55.273215, 25.1896832 ], [ 55.2732091, 25.1897091 ] ] } },
{ "type": "Feature", "properties": { "osm_id": 700004141, "hw": "tertiary", "nm": "Al Mustaqbal Street", "lanes": 2, "oneway": "yes", "sw": 7.0, "swl": 2.5, "swr": 2.5, "nright": 2, "cline": "none", "key": "7.0|2.5|2.5|2|none", "bridge": 0, "net": "surface", "len_m": 31.3 }, "geometry": { "type": "LineString", "coordinates": [ [ 55.2672743, 25.1944239 ], [ 55.2673235, 25.1944812 ], [ 55.2674655, 25.1946464 ] ] } },
{ "type": "Feature", "properties": { "osm_id": 700004142, "hw": "tertiary", "nm": "Al Mustaqbal Street", "lanes": 2, "oneway": "yes", "sw": 7.0, "swl": 2.5, "swr": 2.5, "nright": 2, "cline": "none", "key": "7.0|2.5|2.5|2|none", "bridge": 0, "net": "surface", "len_m": 142.6 }, "geometry": { "type": "LineString", "coordinates": [ [ 55.268402687115852, 25.196436766762485 ], [ 55.2682415, 25.1962318 ], [ 55.2678631, 25.1957517 ], [ 55.2675666, 25.195398 ] ] } },
{ "type": "Feature", "properties": { "osm_id": 700005318, "hw": "residential", "nm": "", "lanes": 2, "oneway": "no", "sw": 7.0, "swl": 2.0, "swr": 2.0, "nright": 1, "cline": "white", "key": "7.0|2.0|2.0|1|white", "bridge": 0, "net": "surface", "len_m": 177.9 }, "geometry": { "type": "LineString", "coordinates": [ [ 55.2725946, 25.1924535 ], [ 55.2725898, 25.1925241 ], [ 55.272572, 25.1925929 ], [ 55.2725417, 25.1926581 ], [ 55.2724998, 25.1927178 ], [ 55.2720796, 25.1932983 ], [ 55.2720628, 25.193338 ], [ 55.2720576, 25.1933803 ], [ 55.2720644, 25.1934224 ], [ 55.2720828, 25.1934616 ], [ 55.2721115, 25.1934952 ], [ 55.2721487, 25.1935212 ], [ 55.2725038, 25.1937068 ] ] } },
{ "type": "Feature", "properties": { "osm_id": 700179965, "hw": "secondary_link", "nm": "", "lanes": 1, "oneway": "yes", "sw": 3.5, "swl": 1.0, "swr": 1.0, "nright": 1, "cline": "none", "key": "3.5|1.0|1.0|1|none", "bridge": 0, "net": "surface", "len_m": 16.2 }, "geometry": { "type": "LineString", "coordinates": [ [ 55.2549531, 25.1761189 ], [ 55.2551134, 25.1761281 ] ] } },
{ "type": "Feature", "properties": { "osm_id": 724431372, "hw": "secondary_link", "nm": "", "lanes": 2, "oneway": "yes", "sw": 7.0, "swl": 1.0, "swr": 1.0, "nright": 2, "cline": "none", "key": "7.0|1.0|1.0|2|none", "bridge": 0, "net": "surface", "len_m": 10.9 }, "geometry": { "type": "LineString", "coordinates": [ [ 55.2569243, 25.1748695 ], [ 55.2570067, 25.1748064 ] ] } },
{ "type": "Feature", "properties": { "osm_id": 725467838, "hw": "primary", "nm": "Financial Center Street", "lanes": 3, "oneway": "yes", "sw": 10.5, "swl": 3.0, "swr": 3.0, "nright": 3, "cline": "none", "key": "10.5|3.0|3.0|3|none", "bridge": 0, "net": "surface", "len_m": 243.0 }, "geometry": { "type": "LineString", "coordinates": [ [ 55.2896044, 25.1949189 ], [ 55.2888525, 25.1953084 ], [ 55.2875324, 25.1960408 ] ] } },
{ "type": "Feature", "properties": { "osm_id": 727330747, "hw": "trunk_link", "nm": "", "lanes": 2, "oneway": "yes", "sw": 7.0, "swl": 0.0, "swr": 0.0, "nright": 2, "cline": "none", "key": "7.0|0.0|0.0|2|none", "bridge": 1, "net": "freeway", "len_m": 45.6 }, "geometry": { "type": "LineString", "coordinates": [ [ 55.2876581, 25.1961758 ], [ 55.2875602, 25.1962591 ], [ 55.2874577, 25.1963376 ], [ 55.2873509, 25.1964112 ], [ 55.287309568309624, 25.196436766762485 ] ] } },
{ "type": "Feature", "properties": { "osm_id": 727331125, "hw": "motorway_link", "nm": "", "lanes": 1, "oneway": "yes", "sw": 3.5, "swl": 0.0, "swr": 0.0, "nright": 1, "cline": "none", "key": "3.5|0.0|0.0|1|none", "bridge": 0, "net": "freeway", "len_m": 601.8 }, "geometry": { "type": "LineString", "coordinates": [ [ 55.2909826, 25.1846784 ], [ 55.2909568, 25.1846779 ], [ 55.2909317, 25.1846723 ], [ 55.2909086, 25.1846617 ], [ 55.2908887, 25.1846469 ], [ 55.2908474, 25.1846086 ], [ 55.2908321, 25.1845945 ], [ 55.290775, 25.1845419 ], [ 55.2907381, 25.1845115 ], [ 55.2906986, 25.1844836 ], [ 55.2906479, 25.1844484 ], [ 55.2905888, 25.1844135 ], [ 55.2905029, 25.1843686 ], [ 55.2904162, 25.1843334 ], [ 55.2903192, 25.184309 ], [ 55.2902202, 25.1842925 ], [ 55.29012, 25.1842841 ], [ 55.2900193, 25.1842839 ], [ 55.289919, 25.1842918 ], [ 55.2898199, 25.1843078 ], [ 55.2897228, 25.1843317 ], [ 55.2896555, 25.1843541 ], [ 55.2895899, 25.1843804 ], [ 55.2895264, 25.1844105 ], [ 55.2894652, 25.1844443 ], [ 55.289406, 25.184481 ], [ 55.2888454, 25.1848578 ], [ 55.2887944, 25.1849033 ], [ 55.2887489, 25.1849531 ], [ 55.2887123, 25.1850037 ], [ 55.2886831, 25.1850582 ], [ 55.2886618, 25.1851157 ], [ 55.2886489, 25.1851751 ], [ 55.2886447, 25.1852506 ], [ 55.2886515, 25.1853104 ], [ 55.2886661, 25.1853736 ], [ 55.2886883, 25.185435 ], [ 55.2887179, 25.1854938 ], [ 55.2887465, 25.1855432 ], [ 55.288777, 25.1855849 ], [ 55.2890543, 25.1859478 ], [ 55.2892086, 25.1861554 ], [ 55.2893498, 25.1863543 ], [ 55.2896163, 25.1867161 ], [ 55.2898878, 25.1870911 ], [ 55.2899356, 25.1871614 ], [ 55.289979, 25.1872261 ], [ 55.290023, 25.1872972 ], [ 55.2900678, 25.1873819 ], [ 55.2900984, 25.1874577 ], [ 55.2901256, 25.1875358 ], [ 55.2901533, 25.1876145 ] ] } },
{ "type": "Feature", "properties": { "osm_id": 730293407, "hw": "residential", "nm": "", "lanes": 2, "oneway": "no", "sw": 7.0, "swl": 2.0, "swr": 2.0, "nright": 1, "cline": "white", "key": "7.0|2.0|2.0|1|white", "bridge": 0, "net": "surface", "len_m": 513.7 }, "geometry": { "type": "LineString", "coordinates": [ [ 55.273025, 25.189818 ], [ 55.2729568, 25.1898613 ], [ 55.2728846, 25.189899 ], [ 55.272823, 25.1899254 ], [ 55.2727594, 25.1899478 ], [ 55.2724309, 25.1900512 ], [ 55.2722838, 25.1901006 ], [ 55.2721386, 25.1901542 ], [ 55.2719954, 25.1902121 ], [ 55.2718545, 25.1902742 ], [ 55.2716228, 25.1903817 ], [ 55.2714882, 25.1904525 ], [ 55.2713496, 25.190529 ], [ 55.2712138, 25.1906095 ], [ 55.2710807, 25.1906937 ], [ 55.2709507, 25.1907817 ], [ 55.2708212, 25.190871 ], [ 55.2706455, 25.1910032 ], [ 55.2704739, 25.1911401 ], [ 55.2703095, 25.1912842 ], [ 55.2701526, 25.1914349 ], [ 55.2700035, 25.191592 ], [ 55.2699476, 25.1916561 ], [ 55.2697674, 25.1918628 ], [ 55.2697047, 25.1919393 ], [ 55.2696453, 25.1920179 ], [ 55.2695891, 25.1920985 ], [ 55.2695364, 25.1921809 ], [ 55.2693792, 25.1924402 ], [ 55.2693026, 25.1925666 ], [ 55.2692944, 25.1925801 ], [ 55.2692202, 25.1927008 ] ] } },
{ "type": "Feature", "properties": { "osm_id": 740007718, "hw": "primary", "nm": "Al Asayel Street", "lanes": 2, "oneway": "yes", "sw": 7.0, "swl": 3.0, "swr": 3.0, "nright": 2, "cline": "none", "key": "7.0|3.0|3.0|2|none", "bridge": 0, "net": "surface", "len_m": 145.3 }, "geometry": { "type": "LineString", "coordinates": [ [ 55.2809742, 25.1886168 ], [ 55.2805209, 25.1880234 ], [ 55.2801396, 25.1875469 ] ] } },
{ "type": "Feature", "properties": { "osm_id": 740007719, "hw": "primary", "nm": "Al Asayel Street", "lanes": 2, "oneway": "yes", "sw": 7.0, "swl": 3.0, "swr": 3.0, "nright": 2, "cline": "none", "key": "7.0|3.0|3.0|2|none", "bridge": 0, "net": "surface", "len_m": 150.3 }, "geometry": { "type": "LineString", "coordinates": [ [ 55.2802148, 25.1874513 ], [ 55.2806092, 25.1879872 ], [ 55.2810528, 25.1885732 ] ] } },
{ "type": "Feature", "properties": { "osm_id": 740007722, "hw": "tertiary", "nm": "Al A'amal Street", "lanes": 3, "oneway": "yes", "sw": 10.5, "swl": 2.5, "swr": 2.5, "nright": 3, "cline": "none", "key": "10.5|2.5|2.5|3|none", "bridge": 1, "net": "surface", "len_m": 57.2 }, "geometry": { "type": "LineString", "coordinates": [ [ 55.2696985, 25.1771579 ], [ 55.2696109, 25.177125 ], [ 55.2695219, 25.1770952 ], [ 55.2694317, 25.1770685 ], [ 55.2693405, 25.1770449 ], [ 55.2691576, 25.1770028 ] ] } },
{ "type": "Feature", "properties": { "osm_id": 740007725, "hw": "motorway_link", "nm": "", "lanes": 1, "oneway": "yes", "sw": 3.5, "swl": 0.0, "swr": 0.0, "nright": 1, "cline": "none", "key": "3.5|0.0|0.0|1|none", "bridge": 0, "net": "freeway", "len_m": 264.8 }, "geometry": { "type": "LineString", "coordinates": [ [ 55.271019, 25.1715539 ], [ 55.2711055, 25.1716122 ], [ 55.2711874, 25.1716758 ], [ 55.2712643, 25.1717444 ], [ 55.2713357, 25.1718176 ], [ 55.2714336, 25.1719135 ], [ 55.2715342, 25.172007 ], [ 55.2716993, 25.1721503 ], [ 55.2718708, 25.1722873 ], [ 55.2724998, 25.172785 ], [ 55.2726146, 25.1728791 ], [ 55.2727328, 25.1729698 ], [ 55.2728541, 25.173057 ], [ 55.2729785, 25.1731406 ] ] } },
{ "type": "Feature", "properties": { "osm_id": 740007727, "hw": "motorway_link", "nm": "", "lanes": 2, "oneway": "yes", "sw": 7.0, "swl": 0.0, "swr": 0.0, "nright": 2, "cline": "none", "key": "7.0|0.0|0.0|2|none", "bridge": 0, "net": "freeway", "len_m": 689.1 }, "geometry": { "type": "LineString", "coordinates": [ [ 55.270673173141773, 25.170730833237513 ], [ 55.2707751, 25.1708988 ], [ 55.2708795, 25.171057 ], [ 55.2709899, 25.1712118 ], [ 55.2711063, 25.1713631 ], [ 55.2712284, 25.1715105 ], [ 55.2714098, 25.1717172 ], [ 55.2715216, 25.1718316 ], [ 55.2716361, 25.1719438 ], [ 55.2717769, 25.1720757 ], [ 55.2719213, 25.1722044 ], [ 55.2720693, 25.1723298 ], [ 55.2725319, 25.1727449 ], [ 55.2726831, 25.1728747 ], [ 55.272832, 25.1730066 ], [ 55.2729785, 25.1731406 ], [ 55.2733404, 25.1734343 ], [ 55.2737081, 25.173722 ], [ 55.273983, 25.1739311 ], [ 55.2741129, 25.1740303 ], [ 55.2742467, 25.1741253 ], [ 55.274384, 25.174216 ], [ 55.2745248, 25.1743021 ], [ 55.2746882, 25.1743987 ], [ 55.2747717, 25.1744444 ], [ 55.2748534, 25.1744927 ], [ 55.2749982, 25.1745871 ], [ 55.2751364, 25.1746893 ], [ 55.2752765, 25.1747955 ], [ 55.2753039, 25.174819 ], [ 55.2753356, 25.1748374 ], [ 55.2753706, 25.1748501 ], [ 55.2754076, 25.1748567 ], [ 55.2754452, 25.1748569 ], [ 55.2754823, 25.1748508 ], [ 55.2755175, 25.1748384 ], [ 55.2755494, 25.1748204 ], [ 55.2756059, 25.1747812 ] ] } },
{ "type": "Feature", "properties": { "osm_id": 740007732, "hw": "primary_link", "nm": "", "lanes": 2, "oneway": "yes", "sw": 7.0, "swl": 1.0, "swr": 1.0, "nright": 2, "cline": "none", "key": "7.0|1.0|1.0|2|none", "bridge": 1, "net": "surface", "len_m": 3.7 }, "geometry": { "type": "LineString", "coordinates": [ [ 55.268434320065509, 25.170730833237513 ], [ 55.2684016, 25.1707464 ] ] } },
{ "type": "Feature", "properties": { "osm_id": 740013581, "hw": "residential", "nm": "Dubai Water Canal 1 Street", "lanes": 2, "oneway": "yes", "sw": 7.0, "swl": 2.0, "swr": 2.0, "nright": 2, "cline": "none", "key": "7.0|2.0|2.0|2|none", "bridge": 0, "net": "surface", "len_m": 338.4 }, "geometry": { "type": "LineString", "coordinates": [ [ 55.250272502553464, 25.181926924997249 ], [ 55.2508517, 25.1825503 ], [ 55.2514957, 25.1832269 ], [ 55.2515307, 25.1832637 ], [ 55.2515971, 25.1833358 ], [ 55.2516726, 25.1834178 ], [ 55.2521424, 25.183957 ], [ 55.252178, 25.1840085 ], [ 55.2522162, 25.1840643 ], [ 55.252369, 25.1843065 ] ] } },
{ "type": "Feature", "properties": { "osm_id": 740013583, "hw": "motorway_link", "nm": "", "lanes": 1, "oneway": "yes", "sw": 3.5, "swl": 0.0, "swr": 0.0, "nright": 1, "cline": "none", "key": "3.5|0.0|0.0|1|none", "bridge": 0, "net": "freeway", "len_m": 151.5 }, "geometry": { "type": "LineString", "coordinates": [ [ 55.2518911, 25.1823402 ], [ 55.2520182, 25.1823378 ], [ 55.2526041, 25.1829773 ], [ 55.2526654, 25.1830379 ], [ 55.2527351, 25.1830905 ], [ 55.252812, 25.1831341 ], [ 55.2528946, 25.183168 ], [ 55.2529896, 25.1831929 ] ] } },
{ "type": "Feature", "properties": { "osm_id": 740016091, "hw": "secondary_link", "nm": "", "lanes": 1, "oneway": "yes", "sw": 3.5, "swl": 1.0, "swr": 1.0, "nright": 1, "cline": "none", "key": "3.5|1.0|1.0|1|none", "bridge": 0, "net": "surface", "len_m": 48.1 }, "geometry": { "type": "LineString", "coordinates": [ [ 55.2567086, 25.1746406 ], [ 55.2567888, 25.1746699 ], [ 55.2568744, 25.1746826 ], [ 55.2569547, 25.1746847 ], [ 55.2570381, 25.1746753 ], [ 55.2571755, 25.1746516 ] ] } },
{ "type": "Feature", "properties": { "osm_id": 740016095, "hw": "residential", "nm": "Al Meydan Street", "lanes": 1, "oneway": "yes", "sw": 3.5, "swl": 2.0, "swr": 2.0, "nright": 1, "cline": "none", "key": "3.5|2.0|2.0|1|none", "bridge": 0, "net": "surface", "len_m": 570.8 }, "geometry": { "type": "LineString", "coordinates": [ [ 55.2583256, 25.1738008 ], [ 55.2583447, 25.1737615 ], [ 55.2583685, 25.1737242 ], [ 55.2583966, 25.1736896 ], [ 55.2584287, 25.1736579 ], [ 55.2590037, 25.1732688 ], [ 55.2590448, 25.1732422 ], [ 55.2590824, 25.173215 ], [ 55.259116, 25.1731837 ], [ 55.2591617, 25.1731352 ], [ 55.259208, 25.1730836 ], [ 55.259255, 25.1730326 ], [ 55.2592919, 25.1730004 ], [ 55.2593448, 25.1729641 ], [ 55.2593947, 25.1729333 ], [ 55.2594463, 25.1729048 ], [ 55.2595782, 25.1728444 ], [ 55.2596567, 25.1728129 ], [ 55.2597328, 25.1727768 ], [ 55.2598062, 25.1727364 ], [ 55.2600763, 25.1725372 ], [ 55.2611159, 25.171839 ], [ 55.2615074, 25.1715728 ], [ 55.2616502, 25.1714826 ], [ 55.2617763, 25.1714001 ], [ 55.2618809, 25.1713358 ], [ 55.2622508, 25.1711019 ], [ 55.2625152, 25.170935 ], [ 55.262838871907995, 25.170730833237513 ] ] } },
{ "type": "Feature", "properties": { "osm_id": 744751953, "hw": "tertiary_link", "nm": "", "lanes": 1, "oneway": "yes", "sw": 3.5, "swl": 1.0, "swr": 1.0, "nright": 1, "cline": "none", "key": "3.5|1.0|1.0|1|none", "bridge": 0, "net": "surface", "len_m": 14.7 }, "geometry": { "type": "LineString", "coordinates": [ [ 55.2871695, 25.1856449 ], [ 55.2871986, 25.1856467 ], [ 55.2872239, 25.18566 ], [ 55.2872405, 25.1856818 ], [ 55.2872452, 25.1857079 ], [ 55.2872371, 25.1857334 ] ] } },
{ "type": "Feature", "properties": { "osm_id": 749904378, "hw": "tertiary", "nm": "Al A'amal Street", "lanes": 3, "oneway": "yes", "sw": 10.5, "swl": 2.5, "swr": 2.5, "nright": 3, "cline": "none", "key": "10.5|2.5|2.5|3|none", "bridge": 0, "net": "surface", "len_m": 298.9 }, "geometry": { "type": "LineString", "coordinates": [ [ 55.2702568, 25.1769985 ], [ 55.2703638, 25.1770759 ], [ 55.2704664, 25.1771579 ], [ 55.2705644, 25.1772445 ], [ 55.2706576, 25.1773353 ], [ 55.2714222, 25.1781537 ], [ 55.2716214, 25.1783669 ], [ 55.2722364, 25.1790028 ] ] } },
{ "type": "Feature", "properties": { "osm_id": 752861887, "hw": "residential", "nm": "55 Street", "lanes": 2, "oneway": "no", "sw": 7.0, "swl": 2.0, "swr": 2.0, "nright": 1, "cline": "white", "key": "7.0|2.0|2.0|1|white", "bridge": 0, "net": "surface", "len_m": 110.4 }, "geometry": { "type": "LineString", "coordinates": [ [ 55.250272502553464, 25.187155566328354 ], [ 55.2503363, 25.1871191 ], [ 55.2505807, 25.1869794 ], [ 55.2510608, 25.1867049 ], [ 55.2512007, 25.1866265 ] ] } },
{ "type": "Feature", "properties": { "osm_id": 754124000, "hw": "tertiary", "nm": "Marasi Drive", "lanes": 2, "oneway": "yes", "sw": 7.0, "swl": 2.5, "swr": 2.5, "nright": 2, "cline": "none", "key": "7.0|2.5|2.5|2|none", "bridge": 0, "net": "surface", "len_m": 251.5 }, "geometry": { "type": "LineString", "coordinates": [ [ 55.2869997, 25.1860434 ], [ 55.2870973, 25.1861587 ], [ 55.2871991, 25.186271 ], [ 55.287305, 25.1863801 ], [ 55.2874149, 25.1864859 ], [ 55.2875287, 25.1865883 ], [ 55.2876462, 25.1866872 ], [ 55.2877674, 25.1867824 ], [ 55.287892, 25.1868739 ], [ 55.2880199, 25.1869616 ], [ 55.288316, 25.1871527 ], [ 55.2884082, 25.1872159 ], [ 55.2884983, 25.1872817 ], [ 55.2885861, 25.1873498 ], [ 55.2886687, 25.1874204 ], [ 55.2887496, 25.1874966 ], [ 55.2888301, 25.1875718 ] ] } },
{ "type": "Feature", "properties": { "osm_id": 754124001, "hw": "tertiary", "nm": "Marasi Drive", "lanes": 2, "oneway": "yes", "sw": 7.0, "swl": 2.5, "swr": 2.5, "nright": 2, "cline": "none", "key": "7.0|2.5|2.5|2|none", "bridge": 0, "net": "surface", "len_m": 49.9 }, "geometry": { "type": "LineString", "coordinates": [ [ 55.2867239, 25.18567 ], [ 55.2867878, 25.1857663 ], [ 55.2868552, 25.1858607 ], [ 55.2869258, 25.1859531 ], [ 55.2869997, 25.1860434 ] ] } },
{ "type": "Feature", "properties": { "osm_id": 756757425, "hw": "residential", "nm": "", "lanes": 2, "oneway": "yes", "sw": 7.0, "swl": 2.0, "swr": 2.0, "nright": 2, "cline": "none", "key": "7.0|2.0|2.0|2|none", "bridge": 0, "net": "surface", "len_m": 42.2 }, "geometry": { "type": "LineString", "coordinates": [ [ 55.2713438, 25.1919048 ], [ 55.2713891, 25.1919371 ], [ 55.271429, 25.1919749 ], [ 55.2714626, 25.1920173 ], [ 55.2715916, 25.1922084 ] ] } },
{ "type": "Feature", "properties": { "osm_id": 761155874, "hw": "secondary", "nm": "", "lanes": 2, "oneway": "yes", "sw": 7.0, "swl": 3.0, "swr": 3.0, "nright": 2, "cline": "none", "key": "7.0|3.0|3.0|2|none", "bridge": 0, "net": "surface", "len_m": 170.0 }, "geometry": { "type": "LineString", "coordinates": [ [ 55.2527833, 25.1778493 ], [ 55.253137, 25.1775712 ], [ 55.2538023, 25.1770728 ], [ 55.2540817, 25.1768702 ] ] } },
{ "type": "Feature", "properties": { "osm_id": 761155875, "hw": "primary_link", "nm": "", "lanes": 1, "oneway": "yes", "sw": 3.5, "swl": 1.0, "swr": 1.0, "nright": 1, "cline": "none", "key": "3.5|1.0|1.0|1|none", "bridge": 0, "net": "surface", "len_m": 167.0 }, "geometry": { "type": "LineString", "coordinates": [ [ 55.2527833, 25.1778493 ], [ 55.2528327, 25.1778412 ], [ 55.2528802, 25.1778263 ], [ 55.2529245, 25.1778049 ], [ 55.2529647, 25.1777776 ], [ 55.2539858, 25.1770542 ], [ 55.2540195, 25.1770338 ], [ 55.2540563, 25.1770184 ], [ 55.2540952, 25.1770083 ], [ 55.2541354, 25.1770038 ] ] } },
{ "type": "Feature", "properties": { "osm_id": 761156622, "hw": "secondary", "nm": "", "lanes": 2, "oneway": "yes", "sw": 7.0, "swl": 3.0, "swr": 3.0, "nright": 2, "cline": "none", "key": "7.0|3.0|3.0|2|none", "bridge": 0, "net": "surface", "len_m": 179.7 }, "geometry": { "type": "LineString", "coordinates": [ [ 55.2547711, 25.1763744 ], [ 55.2551134, 25.1761281 ], [ 55.2561827, 25.1753842 ] ] } },
{ "type": "Feature", "properties": { "osm_id": 761160294, "hw": "secondary_link", "nm": "", "lanes": 1, "oneway": "yes", "sw": 3.5, "swl": 1.0, "swr": 1.0, "nright": 1, "cline": "none", "key": "3.5|1.0|1.0|1|none", "bridge": 0, "net": "surface", "len_m": 119.9 }, "geometry": { "type": "LineString", "coordinates": [ [ 55.2561827, 25.1753842 ], [ 55.2562225, 25.1753888 ], [ 55.2562586, 25.1753818 ], [ 55.2562918, 25.1753671 ], [ 55.256322, 25.175351 ], [ 55.2565945, 25.175178 ], [ 55.2566244, 25.1751652 ], [ 55.2566581, 25.1751527 ], [ 55.2567023, 25.1751391 ], [ 55.2567799, 25.1751373 ], [ 55.2568922, 25.1751459 ], [ 55.2569494, 25.1751533 ], [ 55.2570035, 25.1751606 ], [ 55.25705, 25.1751685 ], [ 55.2571064, 25.1751836 ], [ 55.2571873, 25.1752104 ], [ 55.2572773, 25.1752439 ] ] } },
{ "type": "Feature", "properties": { "osm_id": 761239624, "hw": "secondary", "nm": "Al Mustaqbal Street", "lanes": 3, "oneway": "yes", "sw": 10.5, "swl": 3.0, "swr": 3.0, "nright": 3, "cline": "none", "key": "10.5|3.0|3.0|3|none", "bridge": 0, "net": "surface", "len_m": 33.7 }, "geometry": { "type": "LineString", "coordinates": [ [ 55.2572337, 25.1756427 ], [ 55.2570999, 25.1754937 ], [ 55.2570699, 25.1754603 ], [ 55.2570214, 25.1754077 ] ] } },
{ "type": "Feature", "properties": { "osm_id": 801307489, "hw": "residential", "nm": "", "lanes": 2, "oneway": "yes", "sw": 7.0, "swl": 2.0, "swr": 2.0, "nright": 2, "cline": "none", "key": "7.0|2.0|2.0|2|none", "bridge": 0, "net": "surface", "len_m": 208.7 }, "geometry": { "type": "LineString", "coordinates": [ [ 55.2516104, 25.1834835 ], [ 55.2515595, 25.1835493 ], [ 55.2514508, 25.1836966 ], [ 55.2513184, 25.1839627 ], [ 55.2512499, 25.184087 ], [ 55.2511957, 25.1841827 ], [ 55.2511349, 25.1842883 ], [ 55.2510954, 25.1843585 ], [ 55.2509843, 25.1844828 ], [ 55.2509108, 25.1845463 ], [ 55.2508329, 25.1846045 ], [ 55.2507688, 25.1846461 ], [ 55.2506728, 25.1846893 ], [ 55.2505941, 25.1847197 ], [ 55.2505301, 25.1847382 ], [ 55.2504455, 25.184757 ], [ 55.2502788, 25.1847657 ], [ 55.250272502553464, 25.184765770269063 ] ] } },
{ "type": "Feature", "properties": { "osm_id": 801307490, "hw": "residential", "nm": "", "lanes": 2, "oneway": "yes", "sw": 7.0, "swl": 2.0, "swr": 2.0, "nright": 2, "cline": "none", "key": "7.0|2.0|2.0|2|none", "bridge": 0, "net": "surface", "len_m": 30.9 }, "geometry": { "type": "LineString", "coordinates": [ [ 55.2517272, 25.1836127 ], [ 55.2516663, 25.1836054 ], [ 55.2516051, 25.1836107 ], [ 55.2515469, 25.1836284 ], [ 55.2514945, 25.1836576 ], [ 55.2514508, 25.1836966 ] ] } },
{ "type": "Feature", "properties": { "osm_id": 801307491, "hw": "residential", "nm": "", "lanes": 2, "oneway": "yes", "sw": 7.0, "swl": 2.0, "swr": 2.0, "nright": 2, "cline": "none", "key": "7.0|2.0|2.0|2|none", "bridge": 0, "net": "surface", "len_m": 99.5 }, "geometry": { "type": "LineString", "coordinates": [ [ 55.2511791, 25.1839427 ], [ 55.251173, 25.1838959 ], [ 55.2512414, 25.1837683 ], [ 55.251332, 25.1836017 ], [ 55.2513521, 25.1835474 ], [ 55.2513583, 25.1834853 ], [ 55.2513594, 25.1834442 ], [ 55.2513577, 25.1834231 ], [ 55.2513561, 25.1834033 ], [ 55.2513484, 25.1833629 ], [ 55.2513315, 25.1832735 ], [ 55.2513016, 25.1831958 ], [ 55.2512507, 25.183099 ] ] } },
{ "type": "Feature", "properties": { "osm_id": 802769961, "hw": "residential", "nm": "", "lanes": 2, "oneway": "yes", "sw": 7.0, "swl": 2.0, "swr": 2.0, "nright": 2, "cline": "none", "key": "7.0|2.0|2.0|2|none", "bridge": 0, "net": "surface", "len_m": 197.3 }, "geometry": { "type": "LineString", "coordinates": [ [ 55.250272502553464, 25.184635710693346 ], [ 55.2502858, 25.184635 ], [ 55.2504273, 25.1846192 ], [ 55.2504982, 25.1846114 ], [ 55.2505673, 25.1845953 ], [ 55.25061, 25.1845812 ], [ 55.25071, 25.1845359 ], [ 55.25075, 25.1845036 ], [ 55.2508111, 25.1844599 ], [ 55.2508543, 25.1844138 ], [ 55.2509281, 25.184338 ], [ 55.2509834, 25.184251 ], [ 55.2510758, 25.1841087 ], [ 55.2511474, 25.1839971 ], [ 55.2511791, 25.1839427 ], [ 55.2514474, 25.1834971 ], [ 55.2514577, 25.1834837 ], [ 55.2514786, 25.1834605 ], [ 55.2515302, 25.1834032 ] ] } },
{ "type": "Feature", "properties": { "osm_id": 806262789, "hw": "tertiary", "nm": "", "lanes": 2, "oneway": "yes", "sw": 7.0, "swl": 2.5, "swr": 2.5, "nright": 2, "cline": "none", "key": "7.0|2.5|2.5|2|none", "bridge": 0, "net": "surface", "len_m": 107.4 }, "geometry": { "type": "LineString", "coordinates": [ [ 55.2752491, 25.1786911 ], [ 55.2746651, 25.1791166 ], [ 55.274429, 25.1793093 ] ] } },
{ "type": "Feature", "properties": { "osm_id": 806262790, "hw": "motorway_link", "nm": "", "lanes": 2, "oneway": "yes", "sw": 7.0, "swl": 0.0, "swr": 0.0, "nright": 2, "cline": "none", "key": "7.0|0.0|0.0|2|none", "bridge": 0, "net": "freeway", "len_m": 453.4 }, "geometry": { "type": "LineString", "coordinates": [ [ 55.2737306, 25.1754343 ], [ 55.2727803, 25.1746217 ], [ 55.2725199, 25.1743822 ], [ 55.2722892, 25.1741771 ], [ 55.2720402, 25.1739439 ], [ 55.2705819, 25.1725146 ] ] } },
{ "type": "Feature", "properties": { "osm_id": 812590541, "hw": "residential", "nm": "8 Street", "lanes": 2, "oneway": "no", "sw": 7.0, "swl": 2.0, "swr": 2.0, "nright": 1, "cline": "white", "key": "7.0|2.0|2.0|1|white", "bridge": 0, "net": "surface", "len_m": 124.5 }, "geometry": { "type": "LineString", "coordinates": [ [ 55.2763268, 25.1714076 ], [ 55.2757754, 25.1716863 ], [ 55.2752474, 25.1719531 ] ] } },
{ "type": "Feature", "properties": { "osm_id": 819297761, "hw": "motorway_link", "nm": "", "lanes": 1, "oneway": "yes", "sw": 3.5, "swl": 0.0, "swr": 0.0, "nright": 1, "cline": "none", "key": "3.5|0.0|0.0|1|none", "bridge": 0, "net": "freeway", "len_m": 64.9 }, "geometry": { "type": "LineString", "coordinates": [ [ 55.2593801, 25.1913526 ], [ 55.2593543, 25.1913073 ], [ 55.259306, 25.1912482 ], [ 55.2592148, 25.1911493 ], [ 55.2591814, 25.1911154 ], [ 55.2591442, 25.1910848 ], [ 55.2590988, 25.1910654 ], [ 55.259049, 25.1910589 ], [ 55.2589994, 25.1910659 ], [ 55.2589542, 25.1910857 ], [ 55.2589028, 25.1911199 ] ] } },
{ "type": "Feature", "properties": { "osm_id": 820054780, "hw": "motorway_link", "nm": "", "lanes": 1, "oneway": "yes", "sw": 3.5, "swl": 0.0, "swr": 0.0, "nright": 1, "cline": "none", "key": "3.5|0.0|0.0|1|none", "bridge": 0, "net": "freeway", "len_m": 76.8 }, "geometry": { "type": "LineString", "coordinates": [ [ 55.2583379, 25.190662 ], [ 55.2584246, 25.1906862 ], [ 55.2584678, 25.1906898 ], [ 55.2585101, 25.190681 ], [ 55.2585473, 25.1906608 ], [ 55.2585757, 25.1906311 ], [ 55.2585925, 25.1905949 ], [ 55.2585926, 25.1905678 ], [ 55.2585868, 25.1905412 ], [ 55.2585753, 25.1905162 ], [ 55.2585586, 25.1904937 ], [ 55.2584385, 25.1903631 ], [ 55.2584236, 25.1903415 ], [ 55.2584122, 25.1903183 ], [ 55.2584044, 25.190294 ], [ 55.2583915, 25.1902361 ] ] } },
{ "type": "Feature", "properties": { "osm_id": 820062220, "hw": "secondary", "nm": "Al Badaa' Street", "lanes": 2, "oneway": "yes", "sw": 7.0, "swl": 3.0, "swr": 3.0, "nright": 2, "cline": "none", "key": "7.0|3.0|3.0|2|none", "bridge": 0, "net": "surface", "len_m": 632.8 }, "geometry": { "type": "LineString", "coordinates": [ [ 55.261848781694901, 25.196436766762485 ], [ 55.261504, 25.19607 ], [ 55.2613641, 25.1959144 ], [ 55.2611618, 25.1956963 ], [ 55.2598532, 25.1942895 ], [ 55.2596501, 25.1940724 ], [ 55.259507, 25.1939126 ], [ 55.2581376, 25.1924271 ], [ 55.2579726, 25.1922308 ], [ 55.2579309, 25.1921899 ], [ 55.2578849, 25.1921529 ], [ 55.257835, 25.1921204 ], [ 55.2577818, 25.1920924 ] ] } },
{ "type": "Feature", "properties": { "osm_id": 821152053, "hw": "tertiary", "nm": "", "lanes": 2, "oneway": "yes", "sw": 7.0, "swl": 2.5, "swr": 2.5, "nright": 2, "cline": "none", "key": "7.0|2.5|2.5|2|none", "bridge": 0, "net": "surface", "len_m": 230.5 }, "geometry": { "type": "LineString", "coordinates": [ [ 55.2545329, 25.177032 ], [ 55.2545285, 25.1770591 ], [ 55.2545187, 25.1770852 ], [ 55.254504, 25.1771092 ], [ 55.2544848, 25.1771305 ], [ 55.2544617, 25.1771483 ], [ 55.2538208, 25.1775822 ], [ 55.2536196, 25.177729 ], [ 55.2534311, 25.1778703 ], [ 55.2529896, 25.1781898 ], [ 55.2529442, 25.1782215 ], [ 55.2528979, 25.1782485 ], [ 55.2528538, 25.1782625 ], [ 55.2527965, 25.1782676 ], [ 55.2527433, 25.178261 ] ] } },
{ "type": "Feature", "properties": { "osm_id": 830271067, "hw": "motorway_link", "nm": "", "lanes": 1, "oneway": "yes", "sw": 3.5, "swl": 0.0, "swr": 0.0, "nright": 1, "cline": "none", "key": "3.5|0.0|0.0|1|none", "bridge": 0, "net": "freeway", "len_m": 190.1 }, "geometry": { "type": "LineString", "coordinates": [ [ 55.2587845, 25.1898438 ], [ 55.2589272, 25.1900054 ], [ 55.2599257, 25.1910779 ], [ 55.2599511, 25.1911033 ], [ 55.2599795, 25.1911258 ], [ 55.2600107, 25.1911451 ] ] } },
{ "type": "Feature", "properties": { "osm_id": 830271068, "hw": "motorway_link", "nm": "", "lanes": 2, "oneway": "yes", "sw": 7.0, "swl": 0.0, "swr": 0.0, "nright": 2, "cline": "none", "key": "7.0|0.0|0.0|2|none", "bridge": 0, "net": "freeway", "len_m": 189.6 }, "geometry": { "type": "LineString", "coordinates": [ [ 55.2600107, 25.1911451 ], [ 55.2612282, 25.1924499 ] ] } },
{ "type": "Feature", "properties": { "osm_id": 854073825, "hw": "secondary", "nm": "AL Alam Street", "lanes": 2, "oneway": "yes", "sw": 7.0, "swl": 3.0, "swr": 3.0, "nright": 2, "cline": "none", "key": "7.0|3.0|3.0|2|none", "bridge": 0, "net": "surface", "len_m": 16.5 }, "geometry": { "type": "LineString", "coordinates": [ [ 55.2715646, 25.1875111 ], [ 55.2716684, 25.1876266 ] ] } },
{ "type": "Feature", "properties": { "osm_id": 854073947, "hw": "tertiary", "nm": "Al Ohood Street", "lanes": 2, "oneway": "yes", "sw": 7.0, "swl": 2.5, "swr": 2.5, "nright": 2, "cline": "none", "key": "7.0|2.5|2.5|2|none", "bridge": 0, "net": "surface", "len_m": 68.5 }, "geometry": { "type": "LineString", "coordinates": [ [ 55.2748832, 25.1852027 ], [ 55.275001, 25.1853374 ], [ 55.2750632, 25.1854082 ], [ 55.275312, 25.1856822 ] ] } },
{ "type": "Feature", "properties": { "osm_id": 856525262, "hw": "tertiary", "nm": "Al A'amal Street", "lanes": 2, "oneway": "yes", "sw": 7.0, "swl": 2.5, "swr": 2.5, "nright": 2, "cline": "none", "key": "7.0|2.5|2.5|2|none", "bridge": 0, "net": "surface", "len_m": 60.9 }, "geometry": { "type": "LineString", "coordinates": [ [ 55.2747571, 25.1819723 ], [ 55.2746684, 25.1818961 ], [ 55.2743191, 25.1815942 ] ] } },
{ "type": "Feature", "properties": { "osm_id": 873335932, "hw": "secondary_link", "nm": "", "lanes": 4, "oneway": "yes", "sw": 14.0, "swl": 1.0, "swr": 1.0, "nright": 4, "cline": "none", "key": "14.0|1.0|1.0|4|none", "bridge": 0, "net": "surface", "len_m": 137.1 }, "geometry": { "type": "LineString", "coordinates": [ [ 55.262105, 25.1713795 ], [ 55.263262870924073, 25.170730833237513 ] ] } },
{ "type": "Feature", "properties": { "osm_id": 874478192, "hw": "secondary_link", "nm": "", "lanes": 2, "oneway": "yes", "sw": 7.0, "swl": 1.0, "swr": 1.0, "nright": 2, "cline": "none", "key": "7.0|1.0|1.0|2|none", "bridge": 1, "net": "surface", "len_m": 251.2 }, "geometry": { "type": "LineString", "coordinates": [ [ 55.2684016, 25.1707464 ], [ 55.2681968, 25.1707724 ], [ 55.2679911, 25.1707923 ], [ 55.2677849, 25.170806 ], [ 55.2675782, 25.1708135 ], [ 55.2673714, 25.1708148 ], [ 55.267159, 25.1708157 ], [ 55.2669466, 25.1708121 ], [ 55.2667344, 25.1708041 ], [ 55.2664823, 25.1707888 ], [ 55.2662308, 25.1707672 ], [ 55.2659801, 25.1707393 ], [ 55.265918257974583, 25.170730833237513 ] ] } },
{ "type": "Feature", "properties": { "osm_id": 874478193, "hw": "secondary_link", "nm": "", "lanes": 4, "oneway": "yes", "sw": 14.0, "swl": 1.0, "swr": 1.0, "nright": 4, "cline": "none", "key": "14.0|1.0|1.0|4|none", "bridge": 0, "net": "surface", "len_m": 269.1 }, "geometry": { "type": "LineString", "coordinates": [ [ 55.2625579, 25.1715702 ], [ 55.262039, 25.1718794 ], [ 55.261435, 25.1722723 ], [ 55.260405, 25.1730046 ] ] } },
{ "type": "Feature", "properties": { "osm_id": 874478194, "hw": "secondary_link", "nm": "", "lanes": 3, "oneway": "yes", "sw": 10.5, "swl": 1.0, "swr": 1.0, "nright": 3, "cline": "none", "key": "10.5|1.0|1.0|3|none", "bridge": 0, "net": "surface", "len_m": 61.3 }, "geometry": { "type": "LineString", "coordinates": [ [ 55.2577596, 25.1749068 ], [ 55.2575258, 25.1750703 ], [ 55.2573909, 25.1751647 ], [ 55.257356, 25.1751891 ], [ 55.2572773, 25.1752439 ] ] } },
{ "type": "Feature", "properties": { "osm_id": 947221454, "hw": "tertiary", "nm": "", "lanes": 2, "oneway": "yes", "sw": 7.0, "swl": 2.5, "swr": 2.5, "nright": 2, "cline": "none", "key": "7.0|2.5|2.5|2|none", "bridge": 0, "net": "surface", "len_m": 360.3 }, "geometry": { "type": "LineString", "coordinates": [ [ 55.2849839, 25.1948371 ], [ 55.2849183, 25.1948794 ], [ 55.2847834, 25.1949664 ], [ 55.2846056, 25.1950851 ], [ 55.2842544, 25.1953196 ], [ 55.2837395, 25.1956635 ], [ 55.2837008, 25.1956893 ], [ 55.2836639, 25.1957106 ], [ 55.2836209, 25.1957181 ], [ 55.2835779, 25.1957106 ], [ 55.283541, 25.1956893 ], [ 55.2835154, 25.1956572 ], [ 55.2835047, 25.1956188 ], [ 55.2835104, 25.1955796 ], [ 55.2835318, 25.195545 ], [ 55.2835631, 25.19552 ], [ 55.2836336, 25.1954782 ], [ 55.2837091, 25.1954387 ], [ 55.2838085, 25.195388 ], [ 55.2839065, 25.1953319 ], [ 55.2842469, 25.1951272 ], [ 55.284594, 25.1949184 ], [ 55.2848329, 25.1947709 ], [ 55.2849008, 25.1947291 ] ] } },
{ "type": "Feature", "properties": { "osm_id": 947221455, "hw": "tertiary", "nm": "", "lanes": 2, "oneway": "yes", "sw": 7.0, "swl": 2.5, "swr": 2.5, "nright": 2, "cline": "none", "key": "7.0|2.5|2.5|2|none", "bridge": 0, "net": "surface", "len_m": 250.9 }, "geometry": { "type": "LineString", "coordinates": [ [ 55.2849008, 25.1947291 ], [ 55.2850191, 25.1946598 ], [ 55.2850903, 25.1946149 ], [ 55.2852971, 25.1944841 ], [ 55.2854086, 25.1944089 ], [ 55.2855179, 25.1943293 ], [ 55.2856322, 25.1942389 ], [ 55.2857408, 25.194143 ], [ 55.2858211, 25.1940587 ], [ 55.2858931, 25.1939685 ], [ 55.2859564, 25.1938731 ], [ 55.2860104, 25.1937731 ], [ 55.2860546, 25.1936693 ], [ 55.2860633, 25.1935957 ], [ 55.2860488, 25.1935229 ], [ 55.2860121, 25.1934567 ], [ 55.2859564, 25.1934025 ], [ 55.285886, 25.1933648 ], [ 55.2857915, 25.1933293 ], [ 55.285699, 25.1932897 ], [ 55.2856087, 25.1932461 ], [ 55.2855209, 25.1931986 ] ] } },
{ "type": "Feature", "properties": { "osm_id": 947221457, "hw": "tertiary_link", "nm": "", "lanes": 1, "oneway": "yes", "sw": 3.5, "swl": 1.0, "swr": 1.0, "nright": 1, "cline": "none", "key": "3.5|1.0|1.0|1|none", "bridge": 0, "net": "surface", "len_m": 51.0 }, "geometry": { "type": "LineString", "coordinates": [ [ 55.284594, 25.1949184 ], [ 55.2846773, 25.1948183 ], [ 55.2847028, 25.1947855 ], [ 55.2847224, 25.1947495 ], [ 55.2847388, 25.1946992 ], [ 55.2847423, 25.1946716 ], [ 55.2847421, 25.1946315 ], [ 55.284735, 25.1945919 ], [ 55.2847085, 25.1945009 ] ] } },
{ "type": "Feature", "properties": { "osm_id": 947221459, "hw": "tertiary", "nm": "Al Ohood Street", "lanes": 2, "oneway": "yes", "sw": 7.0, "swl": 2.5, "swr": 2.5, "nright": 2, "cline": "none", "key": "7.0|2.5|2.5|2|none", "bridge": 0, "net": "surface", "len_m": 123.9 }, "geometry": { "type": "LineString", "coordinates": [ [ 55.2851028, 25.1947601 ], [ 55.285143, 25.1948152 ], [ 55.2852172, 25.1949167 ], [ 55.2853962, 25.1952058 ], [ 55.285424, 25.195247 ], [ 55.2854723, 25.1952943 ], [ 55.2855311, 25.1953306 ], [ 55.2855973, 25.1953541 ], [ 55.2856677, 25.1953636 ], [ 55.2857386, 25.1953586 ], [ 55.2858067, 25.1953354 ], [ 55.2858579, 25.1953121 ], [ 55.285912, 25.1952896 ], [ 55.2859685, 25.1952723 ] ] } },
{ "type": "Feature", "properties": { "osm_id": 947221460, "hw": "tertiary", "nm": "Al Ohood Street", "lanes": 2, "oneway": "yes", "sw": 7.0, "swl": 2.5, "swr": 2.5, "nright": 2, "cline": "none", "key": "7.0|2.5|2.5|2|none", "bridge": 0, "net": "surface", "len_m": 137.7 }, "geometry": { "type": "LineString", "coordinates": [ [ 55.2859685, 25.1952723 ], [ 55.285917, 25.1953142 ], [ 55.2858612, 25.1953512 ], [ 55.2858029, 25.1953841 ], [ 55.2857592, 25.1954058 ], [ 55.2857143, 25.1954241 ], [ 55.2856673, 25.1954375 ], [ 55.2856182, 25.1954444 ], [ 55.2855691, 25.1954433 ], [ 55.2855204, 25.1954342 ], [ 55.2854736, 25.1954187 ], [ 55.28543, 25.195397 ], [ 55.2853904, 25.1953697 ], [ 55.2853557, 25.1953374 ], [ 55.2853267, 25.1953007 ], [ 55.2851239, 25.1950291 ], [ 55.285024, 25.1948921 ], [ 55.2849839, 25.1948371 ] ] } },
{ "type": "Feature", "properties": { "osm_id": 947221461, "hw": "tertiary_link", "nm": "", "lanes": 1, "oneway": "yes", "sw": 3.5, "swl": 1.0, "swr": 1.0, "nright": 1, "cline": "none", "key": "3.5|1.0|1.0|1|none", "bridge": 0, "net": "surface", "len_m": 41.0 }, "geometry": { "type": "LineString", "coordinates": [ [ 55.2853775, 25.1945869 ], [ 55.285295, 25.194685 ], [ 55.2852711, 25.1947198 ], [ 55.2852513, 25.1947567 ], [ 55.28524, 25.194785 ], [ 55.2852358, 25.1947953 ], [ 55.2852249, 25.1948351 ], [ 55.2852187, 25.1948757 ], [ 55.2852172, 25.1949167 ] ] } },
{ "type": "Feature", "properties": { "osm_id": 947221462, "hw": "tertiary_link", "nm": "", "lanes": 1, "oneway": "yes", "sw": 3.5, "swl": 1.0, "swr": 1.0, "nright": 1, "cline": "none", "key": "3.5|1.0|1.0|1|none", "bridge": 0, "net": "surface", "len_m": 48.4 }, "geometry": { "type": "LineString", "coordinates": [ [ 55.284837, 25.1944462 ], [ 55.2848875, 25.1944723 ], [ 55.284941, 25.1944928 ], [ 55.2849968, 25.1945075 ], [ 55.2850542, 25.1945161 ], [ 55.2851161, 25.1945186 ], [ 55.2851778, 25.194514 ], [ 55.2852385, 25.1945025 ], [ 55.2852971, 25.1944841 ] ] } },
{ "type": "Feature", "properties": { "osm_id": 947221463, "hw": "tertiary_link", "nm": "", "lanes": 1, "oneway": "yes", "sw": 3.5, "swl": 1.0, "swr": 1.0, "nright": 1, "cline": "none", "key": "3.5|1.0|1.0|1|none", "bridge": 0, "net": "surface", "len_m": 36.3 }, "geometry": { "type": "LineString", "coordinates": [ [ 55.2851239, 25.1950291 ], [ 55.2850743, 25.1949984 ], [ 55.2850199, 25.1949752 ], [ 55.2849621, 25.1949601 ], [ 55.2849024, 25.1949536 ], [ 55.2848423, 25.1949556 ], [ 55.2847834, 25.1949664 ] ] } },
{ "type": "Feature", "properties": { "osm_id": 949881437, "hw": "primary_link", "nm": "", "lanes": 1, "oneway": "yes", "sw": 3.5, "swl": 1.0, "swr": 1.0, "nright": 1, "cline": "none", "key": "3.5|1.0|1.0|1|none", "bridge": 0, "net": "surface", "len_m": 68.0 }, "geometry": { "type": "LineString", "coordinates": [ [ 55.2891472, 25.1945942 ], [ 55.289225, 25.1946147 ], [ 55.2892541, 25.1946209 ], [ 55.2892619, 25.1946233 ], [ 55.2892707, 25.1946261 ], [ 55.2893666, 25.1946426 ], [ 55.2894154, 25.1946447 ], [ 55.2894642, 25.1946427 ], [ 55.2898126, 25.1946045 ] ] } },
{ "type": "Feature", "properties": { "osm_id": 949881438, "hw": "primary_link", "nm": "", "lanes": 1, "oneway": "yes", "sw": 3.5, "swl": 1.0, "swr": 1.0, "nright": 1, "cline": "none", "key": "3.5|1.0|1.0|1|none", "bridge": 0, "net": "surface", "len_m": 53.0 }, "geometry": { "type": "LineString", "coordinates": [ [ 55.2885256, 25.195253 ], [ 55.288628, 25.1951307 ], [ 55.2886541, 25.1950864 ], [ 55.288673, 25.1950392 ], [ 55.2886844, 25.19499 ], [ 55.2886888, 25.1949415 ], [ 55.2887, 25.1948169 ] ] } },
{ "type": "Feature", "properties": { "osm_id": 949881439, "hw": "motorway", "nm": "Al Khail Road", "lanes": 3, "oneway": "yes", "sw": 10.5, "swl": 0.0, "swr": 0.0, "nright": 3, "cline": "none", "key": "10.5|0.0|0.0|3|none", "bridge": 1, "net": "freeway", "len_m": 187.0 }, "geometry": { "type": "LineString", "coordinates": [ [ 55.2942465, 25.1933646 ], [ 55.2932012, 25.1919694 ] ] } },
{ "type": "Feature", "properties": { "osm_id": 949881440, "hw": "motorway", "nm": "Al Khail Road", "lanes": 4, "oneway": "yes", "sw": 14.0, "swl": 0.0, "swr": 0.0, "nright": 4, "cline": "none", "key": "14.0|0.0|0.0|4|none", "bridge": 0, "net": "freeway", "len_m": 99.5 }, "geometry": { "type": "LineString", "coordinates": [ [ 55.292841, 25.1911059 ], [ 55.2934175, 25.1918353 ] ] } },
{ "type": "Feature", "properties": { "osm_id": 949881441, "hw": "trunk", "nm": "Financial Center Road (Upper Level)", "lanes": 3, "oneway": "yes", "sw": 10.5, "swl": 0.0, "swr": 0.0, "nright": 3, "cline": "none", "key": "10.5|0.0|0.0|3|none", "bridge": 0, "net": "freeway", "len_m": 43.1 }, "geometry": { "type": "LineString", "coordinates": [ [ 55.2902411, 25.1948862 ], [ 55.2900625, 25.1949534 ], [ 55.2898495, 25.1950432 ] ] } },
{ "type": "Feature", "properties": { "osm_id": 949881442, "hw": "trunk_link", "nm": "", "lanes": 3, "oneway": "yes", "sw": 10.5, "swl": 0.0, "swr": 0.0, "nright": 3, "cline": "none", "key": "10.5|0.0|0.0|3|none", "bridge": 0, "net": "freeway", "len_m": 91.5 }, "geometry": { "type": "LineString", "coordinates": [ [ 55.2938333, 25.1892312 ], [ 55.2937821, 25.1894744 ], [ 55.2937233, 25.1897162 ], [ 55.2936296, 25.1900357 ] ] } },
{ "type": "Feature", "properties": { "osm_id": 950193271, "hw": "tertiary_link", "nm": "", "lanes": 1, "oneway": "yes", "sw": 3.5, "swl": 1.0, "swr": 1.0, "nright": 1, "cline": "none", "key": "3.5|1.0|1.0|1|none", "bridge": 0, "net": "surface", "len_m": 108.6 }, "geometry": { "type": "LineString", "coordinates": [ [ 55.2679197, 25.1936248 ], [ 55.2678132, 25.1937402 ], [ 55.2677716, 25.1938189 ], [ 55.2677163, 25.1939042 ], [ 55.2676477, 25.1939983 ], [ 55.267574, 25.1940732 ], [ 55.2674995, 25.1941418 ], [ 55.2674216, 25.1942136 ], [ 55.2673646, 25.1942631 ], [ 55.2673237, 25.1942942 ], [ 55.2672236, 25.1943596 ] ] } },
{ "type": "Feature", "properties": { "osm_id": 950193272, "hw": "tertiary_link", "nm": "", "lanes": 1, "oneway": "yes", "sw": 3.5, "swl": 1.0, "swr": 1.0, "nright": 1, "cline": "none", "key": "3.5|1.0|1.0|1|none", "bridge": 0, "net": "surface", "len_m": 100.6 }, "geometry": { "type": "LineString", "coordinates": [ [ 55.266515, 25.1936134 ], [ 55.2665408, 25.1936633 ], [ 55.2665699, 25.1937116 ], [ 55.2666023, 25.1937581 ], [ 55.2666379, 25.1938028 ], [ 55.2669359, 25.1941477 ], [ 55.266975, 25.1942125 ], [ 55.2669793, 25.1942226 ], [ 55.2669985, 25.1942671 ], [ 55.2670237, 25.1943811 ] ] } },
{ "type": "Feature", "properties": { "osm_id": 950193273, "hw": "tertiary_link", "nm": "", "lanes": 1, "oneway": "yes", "sw": 3.5, "swl": 1.0, "swr": 1.0, "nright": 1, "cline": "none", "key": "3.5|1.0|1.0|1|none", "bridge": 0, "net": "surface", "len_m": 86.8 }, "geometry": { "type": "LineString", "coordinates": [ [ 55.2661543, 25.1950622 ], [ 55.26632, 25.1949762 ], [ 55.2664152, 25.1949264 ], [ 55.2665249, 25.1948571 ], [ 55.2667567, 25.1946949 ], [ 55.2667956, 25.1946677 ], [ 55.266864, 25.1946204 ] ] } },
{ "type": "Feature", "properties": { "osm_id": 950193274, "hw": "tertiary_link", "nm": "", "lanes": 1, "oneway": "yes", "sw": 3.5, "swl": 1.0, "swr": 1.0, "nright": 1, "cline": "none", "key": "3.5|1.0|1.0|1|none", "bridge": 0, "net": "surface", "len_m": 105.3 }, "geometry": { "type": "LineString", "coordinates": [ [ 55.2675666, 25.195398 ], [ 55.2675414, 25.1953388 ], [ 55.2675117, 25.1952813 ], [ 55.2674775, 25.1952259 ], [ 55.2674391, 25.1951728 ], [ 55.2673966, 25.1951223 ], [ 55.2670998, 25.1947817 ], [ 55.2670598, 25.1947229 ], [ 55.2670462, 25.1946616 ], [ 55.2670566, 25.1945959 ] ] } },
{ "type": "Feature", "properties": { "osm_id": 955798270, "hw": "residential", "nm": "", "lanes": 2, "oneway": "yes", "sw": 7.0, "swl": 2.0, "swr": 2.0, "nright": 2, "cline": "none", "key": "7.0|2.0|2.0|2|none", "bridge": 0, "net": "surface", "len_m": 11.7 }, "geometry": { "type": "LineString", "coordinates": [ [ 55.2740764, 25.1716183 ], [ 55.2740969, 25.1716281 ], [ 55.2741121, 25.171644 ], [ 55.2741201, 25.1716638 ], [ 55.2741197, 25.1716848 ], [ 55.274111, 25.1717043 ] ] } },
{ "type": "Feature", "properties": { "osm_id": 955798271, "hw": "residential", "nm": "Mohammed Bin Rashid Al Maktoum City District One", "lanes": 2, "oneway": "yes", "sw": 7.0, "swl": 2.0, "swr": 2.0, "nright": 2, "cline": "none", "key": "7.0|2.0|2.0|2|none", "bridge": 0, "net": "surface", "len_m": 193.3 }, "geometry": { "type": "LineString", "coordinates": [ [ 55.2730197, 25.1721638 ], [ 55.2733031, 25.1720031 ], [ 55.2740764, 25.1716183 ], [ 55.2741482, 25.1715846 ], [ 55.2742231, 25.1715453 ], [ 55.274504, 25.1713938 ], [ 55.2745473, 25.1713673 ], [ 55.2745879, 25.1713374 ], [ 55.2746254, 25.1713044 ], [ 55.2746596, 25.1712685 ] ] } },
{ "type": "Feature", "properties": { "osm_id": 962068778, "hw": "tertiary_link", "nm": "", "lanes": 1, "oneway": "yes", "sw": 3.5, "swl": 1.0, "swr": 1.0, "nright": 1, "cline": "none", "key": "3.5|1.0|1.0|1|none", "bridge": 0, "net": "surface", "len_m": 19.0 }, "geometry": { "type": "LineString", "coordinates": [ [ 55.2793655, 25.1942973 ], [ 55.2793747, 25.1943242 ], [ 55.2793934, 25.1943468 ], [ 55.2794194, 25.1943625 ], [ 55.2794496, 25.1943694 ], [ 55.2794806, 25.1943669 ], [ 55.2795117, 25.1943564 ] ] } },
{ "type": "Feature", "properties": { "osm_id": 971629262, "hw": "residential", "nm": "1a Street", "lanes": 2, "oneway": "yes", "sw": 7.0, "swl": 2.0, "swr": 2.0, "nright": 2, "cline": "none", "key": "7.0|2.0|2.0|2|none", "bridge": 0, "net": "surface", "len_m": 18.0 }, "geometry": { "type": "LineString", "coordinates": [ [ 55.2600503, 25.1708604 ], [ 55.2600917, 25.1708151 ], [ 55.2601304, 25.170768 ], [ 55.260157686028087, 25.170730833237513 ] ] } },
{ "type": "Feature", "properties": { "osm_id": 971629263, "hw": "residential", "nm": "1a Street", "lanes": 2, "oneway": "yes", "sw": 7.0, "swl": 2.0, "swr": 2.0, "nright": 2, "cline": "none", "key": "7.0|2.0|2.0|2|none", "bridge": 0, "net": "surface", "len_m": 26.5 }, "geometry": { "type": "LineString", "coordinates": [ [ 55.2602853, 25.1707552 ], [ 55.260224, 25.1707736 ], [ 55.2601637, 25.1707986 ], [ 55.2601058, 25.1708276 ], [ 55.2600503, 25.1708604 ] ] } },
{ "type": "Feature", "properties": { "osm_id": 971629264, "hw": "residential", "nm": "42a Street", "lanes": 2, "oneway": "yes", "sw": 7.0, "swl": 2.0, "swr": 2.0, "nright": 2, "cline": "none", "key": "7.0|2.0|2.0|2|none", "bridge": 0, "net": "surface", "len_m": 24.8 }, "geometry": { "type": "LineString", "coordinates": [ [ 55.2605421, 25.1708838 ], [ 55.2604956, 25.1708476 ], [ 55.2604461, 25.1708148 ], [ 55.2603939, 25.1707855 ], [ 55.2603393, 25.1707588 ] ] } },
{ "type": "Feature", "properties": { "osm_id": 971629265, "hw": "residential", "nm": "42a Street", "lanes": 2, "oneway": "yes", "sw": 7.0, "swl": 2.0, "swr": 2.0, "nright": 2, "cline": "none", "key": "7.0|2.0|2.0|2|none", "bridge": 0, "net": "surface", "len_m": 18.7 }, "geometry": { "type": "LineString", "coordinates": [ [ 55.260464301993494, 25.170730833237513 ], [ 55.2604786, 25.1707643 ], [ 55.2604992, 25.1708061 ], [ 55.2605219, 25.170847 ], [ 55.2605421, 25.1708838 ] ] } },
{ "type": "Feature", "properties": { "osm_id": 971987320, "hw": "residential", "nm": "", "lanes": 2, "oneway": "yes", "sw": 7.0, "swl": 2.0, "swr": 2.0, "nright": 2, "cline": "none", "key": "7.0|2.0|2.0|2|none", "bridge": 0, "net": "surface", "len_m": 352.7 }, "geometry": { "type": "LineString", "coordinates": [ [ 55.2685098, 25.1923764 ], [ 55.2685332, 25.1924087 ], [ 55.2685751, 25.1924485 ], [ 55.2686202, 25.1924773 ], [ 55.2686682, 25.192502 ], [ 55.2687183, 25.1925229 ], [ 55.2687668, 25.1925499 ], [ 55.2688117, 25.1925816 ], [ 55.2688524, 25.1926176 ], [ 55.2688885, 25.1926575 ], [ 55.2689195, 25.1927007 ], [ 55.2689779, 25.1928229 ], [ 55.2690235, 25.1929557 ], [ 55.2691203, 25.1932683 ], [ 55.2691535, 25.1933459 ], [ 55.2692062, 25.1934123 ], [ 55.2692783, 25.1934616 ], [ 55.2693704, 25.1935005 ], [ 55.269731, 25.1936026 ], [ 55.2699021, 25.1936475 ], [ 55.2700868, 25.1936961 ], [ 55.270245, 25.1937435 ], [ 55.2710588, 25.1939842 ], [ 55.2711048, 25.1940001 ], [ 55.2711487, 25.1940203 ], [ 55.2711901, 25.1940441 ] ] } },
{ "type": "Feature", "properties": { "osm_id": 971987321, "hw": "residential", "nm": "", "lanes": 2, "oneway": "yes", "sw": 7.0, "swl": 2.0, "swr": 2.0, "nright": 2, "cline": "none", "key": "7.0|2.0|2.0|2|none", "bridge": 0, "net": "surface", "len_m": 400.6 }, "geometry": { "type": "LineString", "coordinates": [ [ 55.2711901, 25.1940441 ], [ 55.2711411, 25.194046 ], [ 55.2710921, 25.1940435 ], [ 55.2710437, 25.1940365 ], [ 55.2708163, 25.1939752 ], [ 55.2702241, 25.1938216 ], [ 55.2702039, 25.1938164 ], [ 55.2700553, 25.1937778 ], [ 55.2698723, 25.1937333 ], [ 55.2697007, 25.1936893 ], [ 55.2693315, 25.1935905 ], [ 55.2692458, 25.1935583 ], [ 55.2691685, 25.1935119 ], [ 55.2691024, 25.193453 ], [ 55.26905, 25.1933837 ], [ 55.2690133, 25.1933066 ], [ 55.2688759, 25.1928787 ], [ 55.2688509, 25.1928154 ], [ 55.2688156, 25.1927562 ], [ 55.2687708, 25.1927026 ], [ 55.2687176, 25.1926558 ], [ 55.2686464, 25.1926191 ], [ 55.2685813, 25.1926002 ], [ 55.2685063, 25.1925917 ], [ 55.2684379, 25.1925906 ], [ 55.2684174, 25.192592 ], [ 55.2683434, 25.1926157 ], [ 55.2682873, 25.1926451 ], [ 55.2682534, 25.1926797 ], [ 55.2682291, 25.1927179 ], [ 55.2682042, 25.1927531 ], [ 55.2680792, 25.1928883 ] ] } },
{ "type": "Feature", "properties": { "osm_id": 971987326, "hw": "tertiary_link", "nm": "", "lanes": 1, "oneway": "yes", "sw": 3.5, "swl": 1.0, "swr": 1.0, "nright": 1, "cline": "none", "key": "3.5|1.0|1.0|1|none", "bridge": 0, "net": "surface", "len_m": 30.2 }, "geometry": { "type": "LineString", "coordinates": [ [ 55.2660414, 25.1953829 ], [ 55.266011, 25.195419 ], [ 55.2659856, 25.1954582 ], [ 55.2659606, 25.1955141 ], [ 55.2659508, 25.1955432 ], [ 55.265942, 25.1955879 ], [ 55.265939, 25.1956332 ] ] } },
{ "type": "Feature", "properties": { "osm_id": 971987327, "hw": "tertiary", "nm": "Burj Khalifa Street", "lanes": 4, "oneway": "yes", "sw": 14.0, "swl": 2.5, "swr": 2.5, "nright": 4, "cline": "none", "key": "14.0|2.5|2.5|4|none", "bridge": 0, "net": "surface", "len_m": 58.2 }, "geometry": { "type": "LineString", "coordinates": [ [ 55.2657597, 25.1954366 ], [ 55.2657908, 25.1953719 ], [ 55.265809, 25.1953517 ], [ 55.2658407, 25.1953132 ], [ 55.2658764, 25.1952775 ], [ 55.2661543, 25.1950622 ] ] } },
{ "type": "Feature", "properties": { "osm_id": 971987328, "hw": "tertiary_link", "nm": "", "lanes": 1, "oneway": "yes", "sw": 3.5, "swl": 1.0, "swr": 1.0, "nright": 1, "cline": "none", "key": "3.5|1.0|1.0|1|none", "bridge": 0, "net": "surface", "len_m": 33.8 }, "geometry": { "type": "LineString", "coordinates": [ [ 55.2655671, 25.1952253 ], [ 55.2656718, 25.1952834 ], [ 55.2657117, 25.1952966 ], [ 55.2657536, 25.1953027 ], [ 55.2657961, 25.1953015 ], [ 55.2658375, 25.195293 ], [ 55.2658764, 25.1952775 ] ] } },
{ "type": "Feature", "properties": { "osm_id": 972207418, "hw": "residential", "nm": "", "lanes": 2, "oneway": "yes", "sw": 7.0, "swl": 2.0, "swr": 2.0, "nright": 2, "cline": "none", "key": "7.0|2.0|2.0|2|none", "bridge": 0, "net": "surface", "len_m": 22.5 }, "geometry": { "type": "LineString", "coordinates": [ [ 55.2635948, 25.1922957 ], [ 55.2635793, 25.1923161 ], [ 55.2635627, 25.1923357 ], [ 55.2635449, 25.1923546 ], [ 55.263526, 25.1923725 ], [ 55.2634412, 25.1924418 ] ] } },
{ "type": "Feature", "properties": { "osm_id": 972207419, "hw": "residential", "nm": "", "lanes": 2, "oneway": "yes", "sw": 7.0, "swl": 2.0, "swr": 2.0, "nright": 2, "cline": "none", "key": "7.0|2.0|2.0|2|none", "bridge": 0, "net": "surface", "len_m": 22.7 }, "geometry": { "type": "LineString", "coordinates": [ [ 55.2634032, 25.1924031 ], [ 55.2635028, 25.1923423 ], [ 55.2635251, 25.1923297 ], [ 55.2635479, 25.1923177 ], [ 55.2635712, 25.1923063 ], [ 55.2635948, 25.1922957 ] ] } },
{ "type": "Feature", "properties": { "osm_id": 973199237, "hw": "motorway_link", "nm": "", "lanes": 2, "oneway": "yes", "sw": 7.0, "swl": 0.0, "swr": 0.0, "nright": 2, "cline": "none", "key": "7.0|0.0|0.0|2|none", "bridge": 0, "net": "freeway", "len_m": 539.1 }, "geometry": { "type": "LineString", "coordinates": [ [ 55.2918108, 25.1875369 ], [ 55.2919044, 25.1878348 ], [ 55.2919219, 25.187892 ], [ 55.2919458, 25.1879473 ], [ 55.2919732, 25.1879957 ], [ 55.2920054, 25.1880415 ], [ 55.2920444, 25.1880862 ], [ 55.2920947, 25.1881253 ], [ 55.2921527, 25.1881593 ], [ 55.2922153, 25.1881857 ], [ 55.2922816, 25.1882041 ], [ 55.2923499, 25.1882141 ], [ 55.2924192, 25.1882191 ], [ 55.2926208, 25.1882212 ], [ 55.2928222, 25.1882233 ], [ 55.2929008, 25.188216 ], [ 55.2929782, 25.1882013 ], [ 55.2930535, 25.1881797 ], [ 55.2931233, 25.1881523 ], [ 55.2931898, 25.1881189 ], [ 55.2932524, 25.1880798 ], [ 55.2933104, 25.1880352 ], [ 55.2933661, 25.1879775 ], [ 55.2934148, 25.1879148 ], [ 55.2934559, 25.1878477 ], [ 55.2934905, 25.1877728 ], [ 55.2935157, 25.1876948 ], [ 55.293531, 25.1876147 ], [ 55.2935645, 25.187207 ], [ 55.2936015, 25.1868832 ], [ 55.2936739, 25.1863956 ], [ 55.2936973, 25.1862179 ], [ 55.2937093, 25.1860346 ], [ 55.2937249, 25.185264 ], [ 55.2937259, 25.185213 ], [ 55.293735, 25.1851626 ], [ 55.2937521, 25.185114 ], [ 55.2937767, 25.1850681 ] ] } },
{ "type": "Feature", "properties": { "osm_id": 973204261, "hw": "tertiary_link", "nm": "", "lanes": 1, "oneway": "yes", "sw": 3.5, "swl": 1.0, "swr": 1.0, "nright": 1, "cline": "none", "key": "3.5|1.0|1.0|1|none", "bridge": 0, "net": "surface", "len_m": 18.4 }, "geometry": { "type": "LineString", "coordinates": [ [ 55.2900936, 25.1841897 ], [ 55.2900704, 25.1841787 ], [ 55.2900543, 25.1841601 ], [ 55.2900478, 25.1841372 ], [ 55.2900521, 25.1841139 ], [ 55.2900665, 25.1840942 ], [ 55.2900886, 25.1840814 ], [ 55.2901144, 25.1840779 ] ] } },
{ "type": "Feature", "properties": { "osm_id": 973204269, "hw": "motorway_link", "nm": "", "lanes": 2, "oneway": "yes", "sw": 7.0, "swl": 0.0, "swr": 0.0, "nright": 2, "cline": "none", "key": "7.0|0.0|0.0|2|none", "bridge": 0, "net": "freeway", "len_m": 456.1 }, "geometry": { "type": "LineString", "coordinates": [ [ 55.2868419, 25.1833771 ], [ 55.2868951, 25.1833967 ], [ 55.2869394, 25.1834216 ], [ 55.2869814, 25.1834496 ], [ 55.2870208, 25.1834805 ], [ 55.2870574, 25.1835141 ], [ 55.2874566, 25.1839706 ], [ 55.2878273, 25.1843955 ], [ 55.2878742, 25.1844424 ], [ 55.2879464, 25.1845017 ], [ 55.2880203, 25.1845527 ], [ 55.2881098, 25.1845923 ], [ 55.2882083, 25.1846176 ], [ 55.2882988, 25.1846271 ], [ 55.2883926, 25.184624 ], [ 55.2885182, 25.1845951 ], [ 55.2885968, 25.18457 ], [ 55.2886562, 25.1845433 ], [ 55.2887106, 25.184511 ], [ 55.2893876, 25.1841441 ], [ 55.2894889, 25.1841005 ], [ 55.2895937, 25.1840644 ], [ 55.2897014, 25.1840361 ], [ 55.2898113, 25.1840158 ], [ 55.2899144, 25.184003 ], [ 55.2900095, 25.1839985 ], [ 55.2901103, 25.1840038 ], [ 55.2901852, 25.1840168 ], [ 55.2904316, 25.1840808 ], [ 55.2904686, 25.1840959 ], [ 55.2905027, 25.1841158 ], [ 55.2905331, 25.1841401 ], [ 55.2905589, 25.184169 ] ] } },
{ "type": "Feature", "properties": { "osm_id": 973204274, "hw": "motorway_link", "nm": "", "lanes": 1, "oneway": "yes", "sw": 3.5, "swl": 0.0, "swr": 0.0, "nright": 1, "cline": "none", "key": "3.5|0.0|0.0|1|none", "bridge": 0, "net": "freeway", "len_m": 177.8 }, "geometry": { "type": "LineString", "coordinates": [ [ 55.2864038, 25.1836429 ], [ 55.2863587, 25.1835777 ], [ 55.2863031, 25.1835091 ], [ 55.2862193, 25.1834253 ], [ 55.2861401, 25.1833465 ], [ 55.2860543, 25.1832676 ], [ 55.2859738, 25.1832033 ], [ 55.2858773, 25.1831365 ], [ 55.2857787, 25.183074 ], [ 55.2856842, 25.18302 ], [ 55.285593, 25.1829751 ], [ 55.2853999, 25.1828853 ], [ 55.2853218, 25.1828501 ], [ 55.2852278, 25.1828077 ], [ 55.2851549, 25.1827713 ], [ 55.2850872, 25.1827274 ], [ 55.2850257, 25.1826767 ] ] } },
{ "type": "Feature", "properties": { "osm_id": 973213254, "hw": "primary_link", "nm": "", "lanes": 1, "oneway": "yes", "sw": 3.5, "swl": 1.0, "swr": 1.0, "nright": 1, "cline": "none", "key": "3.5|1.0|1.0|1|none", "bridge": 0, "net": "surface", "len_m": 14.0 }, "geometry": { "type": "LineString", "coordinates": [ [ 55.2894191, 25.1949039 ], [ 55.2893993, 25.1949052 ], [ 55.2893804, 25.1948995 ], [ 55.2893655, 25.1948876 ], [ 55.2893567, 25.1948715 ], [ 55.2893555, 25.1948535 ], [ 55.2893621, 25.1948365 ], [ 55.2893754, 25.1948231 ] ] } },
{ "type": "Feature", "properties": { "osm_id": 981022909, "hw": "tertiary", "nm": "", "lanes": 2, "oneway": "no", "sw": 7.0, "swl": 2.5, "swr": 2.5, "nright": 1, "cline": "white", "key": "7.0|2.5|2.5|1|white", "bridge": 0, "net": "surface", "len_m": 180.2 }, "geometry": { "type": "LineString", "coordinates": [ [ 55.2607671, 25.1900411 ], [ 55.2607677, 25.1900418 ], [ 55.2608887, 25.1901755 ], [ 55.2610068, 25.1903064 ], [ 55.2610599, 25.1903768 ], [ 55.2611076, 25.1904503 ], [ 55.2611495, 25.1905266 ], [ 55.2611857, 25.1906053 ], [ 55.2612158, 25.190686 ], [ 55.2612438, 25.1907684 ], [ 55.2614185, 25.1913072 ], [ 55.2614834, 25.1915071 ] ] } },
{ "type": "Feature", "properties": { "osm_id": 981022910, "hw": "tertiary", "nm": "", "lanes": 2, "oneway": "yes", "sw": 7.0, "swl": 2.5, "swr": 2.5, "nright": 2, "cline": "none", "key": "7.0|2.5|2.5|2|none", "bridge": 0, "net": "surface", "len_m": 44.0 }, "geometry": { "type": "LineString", "coordinates": [ [ 55.2608457, 25.1896893 ], [ 55.2607653, 25.1897843 ], [ 55.2607454, 25.1898115 ], [ 55.2607304, 25.1898411 ], [ 55.2607207, 25.1898725 ], [ 55.2607165, 25.1899049 ], [ 55.2607179, 25.1899374 ], [ 55.2607248, 25.1899694 ], [ 55.2607406, 25.1900034 ], [ 55.2607671, 25.1900411 ] ] } },
{ "type": "Feature", "properties": { "osm_id": 981022914, "hw": "tertiary", "nm": "", "lanes": 2, "oneway": "yes", "sw": 7.0, "swl": 2.5, "swr": 2.5, "nright": 2, "cline": "none", "key": "7.0|2.5|2.5|2|none", "bridge": 0, "net": "surface", "len_m": 31.2 }, "geometry": { "type": "LineString", "coordinates": [ [ 55.2607671, 25.1900411 ], [ 55.2606974, 25.1899902 ], [ 55.2606644, 25.1899655 ], [ 55.2606258, 25.1899489 ], [ 55.2605838, 25.1899413 ], [ 55.260541, 25.1899433 ], [ 55.2604926, 25.1899493 ] ] } },
{ "type": "Feature", "properties": { "osm_id": 981193545, "hw": "tertiary", "nm": "Burj Khalifa Street", "lanes": 5, "oneway": "yes", "sw": 17.5, "swl": 2.5, "swr": 2.5, "nright": 5, "cline": "none", "key": "17.5|2.5|2.5|5|none", "bridge": 0, "net": "surface", "len_m": 29.1 }, "geometry": { "type": "LineString", "coordinates": [ [ 55.2672743, 25.1944239 ], [ 55.2670566, 25.1945959 ] ] } },
{ "type": "Feature", "properties": { "osm_id": 981193546, "hw": "tertiary", "nm": "Al Mustaqbal Street", "lanes": 4, "oneway": "yes", "sw": 14.0, "swl": 2.5, "swr": 2.5, "nright": 4, "cline": "none", "key": "14.0|2.5|2.5|4|none", "bridge": 0, "net": "surface", "len_m": 8.8 }, "geometry": { "type": "LineString", "coordinates": [ [ 55.2672236, 25.1943596 ], [ 55.2672743, 25.1944239 ] ] } },
{ "type": "Feature", "properties": { "osm_id": 981193547, "hw": "tertiary_link", "nm": "", "lanes": 1, "oneway": "yes", "sw": 3.5, "swl": 1.0, "swr": 1.0, "nright": 1, "cline": "none", "key": "3.5|1.0|1.0|1|none", "bridge": 0, "net": "surface", "len_m": 13.7 }, "geometry": { "type": "LineString", "coordinates": [ [ 55.2672236, 25.1943596 ], [ 55.2671053, 25.1944198 ] ] } },
{ "type": "Feature", "properties": { "osm_id": 981193548, "hw": "tertiary_link", "nm": "", "lanes": 1, "oneway": "yes", "sw": 3.5, "swl": 1.0, "swr": 1.0, "nright": 1, "cline": "none", "key": "3.5|1.0|1.0|1|none", "bridge": 0, "net": "surface", "len_m": 16.2 }, "geometry": { "type": "LineString", "coordinates": [ [ 55.2671053, 25.1944198 ], [ 55.2671494, 25.1942788 ] ] } },
{ "type": "Feature", "properties": { "osm_id": 981193549, "hw": "tertiary_link", "nm": "", "lanes": 1, "oneway": "yes", "sw": 3.5, "swl": 1.0, "swr": 1.0, "nright": 1, "cline": "none", "key": "3.5|1.0|1.0|1|none", "bridge": 0, "net": "surface", "len_m": 9.8 }, "geometry": { "type": "LineString", "coordinates": [ [ 55.2671053, 25.1944198 ], [ 55.2670228, 25.1944664 ] ] } },
{ "type": "Feature", "properties": { "osm_id": 981196560, "hw": "tertiary", "nm": "Al Mustaqbal Street", "lanes": 4, "oneway": "yes", "sw": 14.0, "swl": 2.5, "swr": 2.5, "nright": 4, "cline": "none", "key": "14.0|2.5|2.5|4|none", "bridge": 0, "net": "surface", "len_m": 11.7 }, "geometry": { "type": "LineString", "coordinates": [ [ 55.2671494, 25.1942788 ], [ 55.2672236, 25.1943596 ] ] } },
{ "type": "Feature", "properties": { "osm_id": 981232536, "hw": "residential", "nm": "", "lanes": 1, "oneway": "yes", "sw": 3.5, "swl": 2.0, "swr": 2.0, "nright": 1, "cline": "none", "key": "3.5|2.0|2.0|1|none", "bridge": 0, "net": "surface", "len_m": 199.5 }, "geometry": { "type": "LineString", "coordinates": [ [ 55.2598467, 25.1878991 ], [ 55.2600934, 25.1880023 ], [ 55.2601503, 25.1880236 ], [ 55.2602096, 25.1880386 ], [ 55.2602705, 25.1880469 ], [ 55.260332, 25.1880487 ], [ 55.2603933, 25.1880431 ], [ 55.2604361, 25.1880324 ], [ 55.2604732, 25.1880102 ], [ 55.2605007, 25.1879786 ], [ 55.260516, 25.1879409 ], [ 55.2605176, 25.1879007 ], [ 55.2605052, 25.187862 ], [ 55.2604801, 25.1878288 ], [ 55.2599802, 25.1872588 ], [ 55.2599389, 25.187205 ], [ 55.2599042, 25.1871475 ], [ 55.2598763, 25.1870871 ], [ 55.2598556, 25.1870243 ] ] } },
{ "type": "Feature", "properties": { "osm_id": 981232542, "hw": "residential", "nm": "", "lanes": 1, "oneway": "yes", "sw": 3.5, "swl": 2.0, "swr": 2.0, "nright": 1, "cline": "none", "key": "3.5|2.0|2.0|1|none", "bridge": 0, "net": "surface", "len_m": 142.9 }, "geometry": { "type": "LineString", "coordinates": [ [ 55.2551828, 25.1872285 ], [ 55.2551446, 25.1872604 ], [ 55.2541087, 25.18807 ] ] } },
{ "type": "Feature", "properties": { "osm_id": 981232548, "hw": "tertiary", "nm": "", "lanes": 2, "oneway": "yes", "sw": 7.0, "swl": 2.5, "swr": 2.5, "nright": 2, "cline": "none", "key": "7.0|2.5|2.5|2|none", "bridge": 0, "net": "surface", "len_m": 187.4 }, "geometry": { "type": "LineString", "coordinates": [ [ 55.2564156, 25.1867106 ], [ 55.2563719, 25.1866771 ], [ 55.256331, 25.1866408 ], [ 55.2562929, 25.1866021 ], [ 55.2562635, 25.1865728 ], [ 55.2562303, 25.1865469 ], [ 55.2561939, 25.1865249 ], [ 55.2561548, 25.1865071 ], [ 55.2561136, 25.1864938 ], [ 55.2560713, 25.1864863 ], [ 55.2560282, 25.1864848 ], [ 55.2559853, 25.1864888 ], [ 55.2559435, 25.1864984 ], [ 55.2559036, 25.1865132 ], [ 55.2558664, 25.186533 ], [ 55.255568, 25.1867605 ], [ 55.2552941, 25.1869853 ], [ 55.2552629, 25.187023 ], [ 55.2552403, 25.1870655 ], [ 55.255227, 25.187111 ], [ 55.2552236, 25.1871581 ], [ 55.2552302, 25.1872048 ], [ 55.2552465, 25.1872495 ], [ 55.2552644, 25.1872892 ], [ 55.2552849, 25.1873278 ], [ 55.2553075, 25.1873659 ] ] } },
{ "type": "Feature", "properties": { "osm_id": 981232552, "hw": "tertiary", "nm": "", "lanes": 2, "oneway": "yes", "sw": 7.0, "swl": 2.5, "swr": 2.5, "nright": 2, "cline": "none", "key": "7.0|2.5|2.5|2|none", "bridge": 0, "net": "surface", "len_m": 204.6 }, "geometry": { "type": "LineString", "coordinates": [ [ 55.2553075, 25.1873659 ], [ 55.2552672, 25.187338 ], [ 55.2552322, 25.1873047 ], [ 55.2552035, 25.1872668 ], [ 55.2551828, 25.1872285 ], [ 55.2551674, 25.1871841 ], [ 55.2551628, 25.187141 ], [ 55.2551661, 25.1870979 ], [ 55.2551772, 25.1870558 ], [ 55.255196, 25.187016 ], [ 55.2552217, 25.1869795 ], [ 55.2552538, 25.1869474 ], [ 55.2555377, 25.186726 ], [ 55.2558419, 25.1865042 ], [ 55.2558771, 25.1864775 ], [ 55.2559166, 25.1864561 ], [ 55.2559594, 25.1864408 ], [ 55.2560043, 25.1864318 ], [ 55.2560502, 25.1864294 ], [ 55.2560959, 25.1864337 ], [ 55.2561403, 25.1864445 ], [ 55.2561823, 25.1864616 ], [ 55.2562206, 25.1864846 ], [ 55.2562543, 25.1865129 ], [ 55.2562908, 25.1865495 ], [ 55.2563253, 25.1865876 ], [ 55.2563576, 25.1866273 ], [ 55.2563877, 25.1866684 ], [ 55.2564156, 25.1867106 ] ] } },
{ "type": "Feature", "properties": { "osm_id": 981250003, "hw": "residential", "nm": "48b Street", "lanes": 2, "oneway": "no", "sw": 7.0, "swl": 2.0, "swr": 2.0, "nright": 1, "cline": "white", "key": "7.0|2.0|2.0|1|white", "bridge": 0, "net": "surface", "len_m": 29.2 }, "geometry": { "type": "LineString", "coordinates": [ [ 55.2530773, 25.1906162 ], [ 55.2531644, 25.1907209 ], [ 55.2531895, 25.1907586 ], [ 55.2532122, 25.1907976 ], [ 55.2532322, 25.1908378 ] ] } },
{ "type": "Feature", "properties": { "osm_id": 981250013, "hw": "residential", "nm": "48b Street", "lanes": 2, "oneway": "no", "sw": 7.0, "swl": 2.0, "swr": 2.0, "nright": 1, "cline": "white", "key": "7.0|2.0|2.0|1|white", "bridge": 0, "net": "surface", "len_m": 29.9 }, "geometry": { "type": "LineString", "coordinates": [ [ 55.2532322, 25.1908378 ], [ 55.2531871, 25.1908114 ], [ 55.2531455, 25.1907806 ], [ 55.2531081, 25.1907458 ], [ 55.2530193, 25.1906525 ] ] } },
{ "type": "Feature", "properties": { "osm_id": 981252569, "hw": "residential", "nm": "", "lanes": 2, "oneway": "no", "sw": 7.0, "swl": 2.0, "swr": 2.0, "nright": 1, "cline": "white", "key": "7.0|2.0|2.0|1|white", "bridge": 0, "net": "surface", "len_m": 159.8 }, "geometry": { "type": "LineString", "coordinates": [ [ 55.2519563, 25.1876544 ], [ 55.2519609, 25.187673 ], [ 55.2519532, 25.1876917 ], [ 55.2519382, 25.1877107 ], [ 55.2513915, 25.1880251 ], [ 55.2509189, 25.1882898 ], [ 55.2506532, 25.1884447 ] ] } },
{ "type": "Feature", "properties": { "osm_id": 981254645, "hw": "tertiary_link", "nm": "", "lanes": 1, "oneway": "yes", "sw": 3.5, "swl": 1.0, "swr": 1.0, "nright": 1, "cline": "none", "key": "3.5|1.0|1.0|1|none", "bridge": 0, "net": "surface", "len_m": 43.9 }, "geometry": { "type": "LineString", "coordinates": [ [ 55.2526434, 25.1948529 ], [ 55.2527412, 25.194952 ], [ 55.2527762, 25.1949798 ], [ 55.2528157, 25.195002 ], [ 55.2528588, 25.1950179 ], [ 55.2529042, 25.1950271 ], [ 55.2530069, 25.1950404 ] ] } },
{ "type": "Feature", "properties": { "osm_id": 981254647, "hw": "tertiary_link", "nm": "", "lanes": 1, "oneway": "yes", "sw": 3.5, "swl": 1.0, "swr": 1.0, "nright": 1, "cline": "none", "key": "3.5|1.0|1.0|1|none", "bridge": 0, "net": "surface", "len_m": 32.8 }, "geometry": { "type": "LineString", "coordinates": [ [ 55.2526483, 25.1952534 ], [ 55.252674, 25.1952016 ], [ 55.2526901, 25.1951569 ], [ 55.2527012, 25.1951109 ], [ 55.2527074, 25.1950642 ], [ 55.2527085, 25.1950172 ], [ 55.252705, 25.1949665 ] ] } },
{ "type": "Feature", "properties": { "osm_id": 981500115, "hw": "primary", "nm": "Financial Center Street", "lanes": 3, "oneway": "yes", "sw": 10.5, "swl": 3.0, "swr": 3.0, "nright": 3, "cline": "none", "key": "10.5|3.0|3.0|3|none", "bridge": 0, "net": "surface", "len_m": 307.8 }, "geometry": { "type": "LineString", "coordinates": [ [ 55.286299891314371, 25.196436766762485 ], [ 55.2885256, 25.195253 ], [ 55.2887547, 25.1951334 ], [ 55.2889382, 25.1950376 ] ] } },
{ "type": "Feature", "properties": { "osm_id": 981503211, "hw": "primary", "nm": "Financial Center Street", "lanes": 4, "oneway": "yes", "sw": 14.0, "swl": 3.0, "swr": 3.0, "nright": 4, "cline": "none", "key": "14.0|3.0|3.0|4|none", "bridge": 0, "net": "surface", "len_m": 121.6 }, "geometry": { "type": "LineString", "coordinates": [ [ 55.2898126, 25.1946045 ], [ 55.2899331, 25.1945422 ], [ 55.29005, 25.1944743 ], [ 55.2901628, 25.1944011 ], [ 55.2902714, 25.1943228 ], [ 55.2903753, 25.1942395 ], [ 55.2907227, 25.1938957 ] ] } },
{ "type": "Feature", "properties": { "osm_id": 981503213, "hw": "primary", "nm": "Financial Center Street", "lanes": 3, "oneway": "yes", "sw": 10.5, "swl": 3.0, "swr": 3.0, "nright": 3, "cline": "none", "key": "10.5|3.0|3.0|3|none", "bridge": 0, "net": "surface", "len_m": 22.2 }, "geometry": { "type": "LineString", "coordinates": [ [ 55.2889382, 25.1950376 ], [ 55.2891313, 25.194942 ] ] } },
{ "type": "Feature", "properties": { "osm_id": 981503216, "hw": "tertiary", "nm": "", "lanes": 4, "oneway": "yes", "sw": 14.0, "swl": 2.5, "swr": 2.5, "nright": 4, "cline": "none", "key": "14.0|2.5|2.5|4|none", "bridge": 0, "net": "surface", "len_m": 28.5 }, "geometry": { "type": "LineString", "coordinates": [ [ 55.2732969, 25.1801614 ], [ 55.2732025, 25.1802385 ], [ 55.2730881, 25.1803343 ] ] } },
{ "type": "Feature", "properties": { "osm_id": 981503217, "hw": "tertiary", "nm": "Al A'amal Street", "lanes": 2, "oneway": "yes", "sw": 7.0, "swl": 2.5, "swr": 2.5, "nright": 2, "cline": "none", "key": "7.0|2.5|2.5|2|none", "bridge": 0, "net": "surface", "len_m": 81.1 }, "geometry": { "type": "LineString", "coordinates": [ [ 55.2732969, 25.1801614 ], [ 55.2733865, 25.1802467 ], [ 55.2738564, 25.1806872 ] ] } },
{ "type": "Feature", "properties": { "osm_id": 981503218, "hw": "tertiary", "nm": "Al A'amal Street", "lanes": 2, "oneway": "yes", "sw": 7.0, "swl": 2.5, "swr": 2.5, "nright": 2, "cline": "none", "key": "7.0|2.5|2.5|2|none", "bridge": 0, "net": "surface", "len_m": 23.7 }, "geometry": { "type": "LineString", "coordinates": [ [ 55.2731492, 25.1799954 ], [ 55.2732257, 25.1800814 ], [ 55.2732969, 25.1801614 ] ] } },
{ "type": "Feature", "properties": { "osm_id": 981503219, "hw": "tertiary", "nm": "", "lanes": 4, "oneway": "yes", "sw": 14.0, "swl": 2.5, "swr": 2.5, "nright": 4, "cline": "none", "key": "14.0|2.5|2.5|4|none", "bridge": 0, "net": "surface", "len_m": 87.0 }, "geometry": { "type": "LineString", "coordinates": [ [ 55.2731492, 25.1799954 ], [ 55.2732375, 25.179927 ], [ 55.273806, 25.1794862 ] ] } },
{ "type": "Feature", "properties": { "osm_id": 981503220, "hw": "tertiary", "nm": "Al A'amal Street", "lanes": 2, "oneway": "yes", "sw": 7.0, "swl": 2.5, "swr": 2.5, "nright": 2, "cline": "none", "key": "7.0|2.5|2.5|2|none", "bridge": 0, "net": "surface", "len_m": 24.8 }, "geometry": { "type": "LineString", "coordinates": [ [ 55.2730018, 25.1804024 ], [ 55.2729147, 25.1803208 ], [ 55.2728307, 25.1802415 ] ] } },
{ "type": "Feature", "properties": { "osm_id": 981503221, "hw": "tertiary", "nm": "", "lanes": 4, "oneway": "yes", "sw": 14.0, "swl": 2.5, "swr": 2.5, "nright": 4, "cline": "none", "key": "14.0|2.5|2.5|4|none", "bridge": 0, "net": "surface", "len_m": 97.7 }, "geometry": { "type": "LineString", "coordinates": [ [ 55.2730018, 25.1804024 ], [ 55.2729042, 25.1804763 ], [ 55.2722571, 25.1809668 ] ] } },
{ "type": "Feature", "properties": { "osm_id": 981503222, "hw": "tertiary", "nm": "", "lanes": 4, "oneway": "yes", "sw": 14.0, "swl": 2.5, "swr": 2.5, "nright": 4, "cline": "none", "key": "14.0|2.5|2.5|4|none", "bridge": 0, "net": "surface", "len_m": 42.1 }, "geometry": { "type": "LineString", "coordinates": [ [ 55.2728307, 25.1802415 ], [ 55.2730408, 25.1800808 ], [ 55.2731492, 25.1799954 ] ] } },
{ "type": "Feature", "properties": { "osm_id": 981503223, "hw": "tertiary", "nm": "Al A'amal Street", "lanes": 2, "oneway": "yes", "sw": 7.0, "swl": 2.5, "swr": 2.5, "nright": 2, "cline": "none", "key": "7.0|2.5|2.5|2|none", "bridge": 0, "net": "surface", "len_m": 59.1 }, "geometry": { "type": "LineString", "coordinates": [ [ 55.2728307, 25.1802415 ], [ 55.2727597, 25.1801706 ], [ 55.2724414, 25.1798425 ] ] } },
{ "type": "Feature", "properties": { "osm_id": 981503224, "hw": "tertiary", "nm": "Marasi Drive", "lanes": 2, "oneway": "yes", "sw": 7.0, "swl": 2.5, "swr": 2.5, "nright": 2, "cline": "none", "key": "7.0|2.5|2.5|2|none", "bridge": 0, "net": "surface", "len_m": 45.7 }, "geometry": { "type": "LineString", "coordinates": [ [ 55.2751132, 25.1818239 ], [ 55.2755302, 25.1816631 ] ] } },
{ "type": "Feature", "properties": { "osm_id": 981503225, "hw": "tertiary", "nm": "Marasi Drive", "lanes": 4, "oneway": "yes", "sw": 14.0, "swl": 2.5, "swr": 2.5, "nright": 4, "cline": "none", "key": "14.0|2.5|2.5|4|none", "bridge": 0, "net": "surface", "len_m": 39.7 }, "geometry": { "type": "LineString", "coordinates": [ [ 55.2754524, 25.1818518 ], [ 55.2752204, 25.1819432 ], [ 55.2751813, 25.1819586 ], [ 55.2750906, 25.1819943 ] ] } },
{ "type": "Feature", "properties": { "osm_id": 981503226, "hw": "tertiary", "nm": "Marasi Drive", "lanes": 2, "oneway": "yes", "sw": 7.0, "swl": 2.5, "swr": 2.5, "nright": 2, "cline": "none", "key": "7.0|2.5|2.5|2|none", "bridge": 0, "net": "surface", "len_m": 39.5 }, "geometry": { "type": "LineString", "coordinates": [ [ 55.2747571, 25.1819723 ], [ 55.2749842, 25.1818777 ], [ 55.2751132, 25.1818239 ] ] } },
{ "type": "Feature", "properties": { "osm_id": 981546934, "hw": "tertiary_link", "nm": "", "lanes": 1, "oneway": "yes", "sw": 3.5, "swl": 1.0, "swr": 1.0, "nright": 1, "cline": "none", "key": "3.5|1.0|1.0|1|none", "bridge": 0, "net": "surface", "len_m": 45.0 }, "geometry": { "type": "LineString", "coordinates": [ [ 55.2745722, 25.1820635 ], [ 55.2747331, 25.1820057 ], [ 55.2747593, 25.1820004 ], [ 55.2747817, 25.1820035 ], [ 55.2748017, 25.182013 ], [ 55.2748168, 25.1820282 ], [ 55.2748249, 25.1820473 ], [ 55.2748249, 25.1820678 ], [ 55.274817, 25.1820869 ], [ 55.2748038, 25.1821034 ], [ 55.2747447, 25.182164 ] ] } },
{ "type": "Feature", "properties": { "osm_id": 981546935, "hw": "tertiary", "nm": "Al A'amal Street", "lanes": 4, "oneway": "yes", "sw": 14.0, "swl": 2.5, "swr": 2.5, "nright": 4, "cline": "none", "key": "14.0|2.5|2.5|4|none", "bridge": 0, "net": "surface", "len_m": 34.7 }, "geometry": { "type": "LineString", "coordinates": [ [ 55.2750906, 25.1819943 ], [ 55.2750391, 25.1820077 ], [ 55.2749862, 25.1820149 ], [ 55.2749327, 25.1820159 ], [ 55.274872, 25.1820093 ], [ 55.274813, 25.1819947 ], [ 55.2747571, 25.1819723 ] ] } },
{ "type": "Feature", "properties": { "osm_id": 981546936, "hw": "tertiary", "nm": "Al A'amal Street", "lanes": 4, "oneway": "yes", "sw": 14.0, "swl": 2.5, "swr": 2.5, "nright": 4, "cline": "none", "key": "14.0|2.5|2.5|4|none", "bridge": 0, "net": "surface", "len_m": 90.9 }, "geometry": { "type": "LineString", "coordinates": [ [ 55.2746509, 25.1813992 ], [ 55.274891, 25.1816102 ], [ 55.2749258, 25.1816471 ], [ 55.2749537, 25.1816886 ], [ 55.2749769, 25.181746 ], [ 55.2749857, 25.1817809 ], [ 55.2749891, 25.1818294 ], [ 55.2749842, 25.1818777 ], [ 55.2749703, 25.1819247 ], [ 55.274953, 25.1819708 ], [ 55.2749327, 25.1820159 ], [ 55.2748931, 25.1820863 ] ] } },
{ "type": "Feature", "properties": { "osm_id": 981546937, "hw": "tertiary_link", "nm": "", "lanes": 1, "oneway": "yes", "sw": 3.5, "swl": 1.0, "swr": 1.0, "nright": 1, "cline": "none", "key": "3.5|1.0|1.0|1|none", "bridge": 0, "net": "surface", "len_m": 51.4 }, "geometry": { "type": "LineString", "coordinates": [ [ 55.2754524, 25.1818518 ], [ 55.2754045, 25.1818474 ], [ 55.2753564, 25.1818508 ], [ 55.2753098, 25.1818617 ], [ 55.2752659, 25.1818798 ], [ 55.2751637, 25.1819239 ], [ 55.2751313, 25.1819334 ], [ 55.2751117, 25.1819318 ], [ 55.275094, 25.1819239 ], [ 55.2750805, 25.1819109 ], [ 55.275073, 25.1818944 ], [ 55.2750725, 25.1818765 ], [ 55.275079, 25.1818597 ], [ 55.27509, 25.181846 ], [ 55.2751132, 25.1818239 ] ] } },
{ "type": "Feature", "properties": { "osm_id": 981553165, "hw": "tertiary_link", "nm": "", "lanes": 1, "oneway": "yes", "sw": 3.5, "swl": 1.0, "swr": 1.0, "nright": 1, "cline": "none", "key": "3.5|1.0|1.0|1|none", "bridge": 0, "net": "surface", "len_m": 150.1 }, "geometry": { "type": "LineString", "coordinates": [ [ 55.274297, 25.17942 ], [ 55.2742127, 25.1794435 ], [ 55.2741307, 25.1794725 ], [ 55.2740512, 25.1795068 ], [ 55.2739747, 25.1795462 ], [ 55.2739016, 25.1795906 ], [ 55.2733528, 25.1799891 ], [ 55.2733184, 25.1800141 ], [ 55.2732257, 25.1800814 ], [ 55.2731136, 25.1801652 ], [ 55.2730969, 25.1801751 ], [ 55.2730788, 25.1801827 ] ] } },
{ "type": "Feature", "properties": { "osm_id": 981553166, "hw": "tertiary_link", "nm": "", "lanes": 1, "oneway": "yes", "sw": 3.5, "swl": 1.0, "swr": 1.0, "nright": 1, "cline": "none", "key": "3.5|1.0|1.0|1|none", "bridge": 0, "net": "surface", "len_m": 116.8 }, "geometry": { "type": "LineString", "coordinates": [ [ 55.2720654, 25.1808343 ], [ 55.272145, 25.1808116 ], [ 55.2722226, 25.1807836 ], [ 55.2722977, 25.1807506 ], [ 55.2723699, 25.1807127 ], [ 55.2724389, 25.1806702 ], [ 55.2725042, 25.1806232 ], [ 55.2727888, 25.1804136 ], [ 55.2728235, 25.180388 ], [ 55.2729147, 25.1803208 ], [ 55.2730254, 25.1802577 ] ] } },
{ "type": "Feature", "properties": { "osm_id": 981553167, "hw": "tertiary_link", "nm": "", "lanes": 1, "oneway": "yes", "sw": 3.5, "swl": 1.0, "swr": 1.0, "nright": 1, "cline": "none", "key": "3.5|1.0|1.0|1|none", "bridge": 0, "net": "surface", "len_m": 88.0 }, "geometry": { "type": "LineString", "coordinates": [ [ 55.2736174, 25.1809593 ], [ 55.2735839, 25.1808962 ], [ 55.2735448, 25.1808358 ], [ 55.2735002, 25.1807786 ], [ 55.2734506, 25.1807248 ], [ 55.2731819, 25.1804602 ], [ 55.2731488, 25.1804276 ], [ 55.2731243, 25.1804002 ], [ 55.2731029, 25.1803685 ], [ 55.2730881, 25.1803343 ] ] } },
{ "type": "Feature", "properties": { "osm_id": 981553168, "hw": "tertiary_link", "nm": "", "lanes": 1, "oneway": "yes", "sw": 3.5, "swl": 1.0, "swr": 1.0, "nright": 1, "cline": "none", "key": "3.5|1.0|1.0|1|none", "bridge": 0, "net": "surface", "len_m": 132.9 }, "geometry": { "type": "LineString", "coordinates": [ [ 55.2723985, 25.1791883 ], [ 55.272418, 25.1792477 ], [ 55.2724433, 25.1793052 ], [ 55.2724743, 25.1793604 ], [ 55.2725107, 25.1794128 ], [ 55.2725521, 25.179462 ], [ 55.2729171, 25.1798445 ], [ 55.2729812, 25.1799203 ], [ 55.2730069, 25.1799661 ], [ 55.2730285, 25.1800223 ], [ 55.2730408, 25.1800808 ], [ 55.2730429, 25.1801504 ], [ 55.2730357, 25.1801972 ] ] } },
{ "type": "Feature", "properties": { "osm_id": 981563082, "hw": "tertiary_link", "nm": "", "lanes": 1, "oneway": "yes", "sw": 3.5, "swl": 1.0, "swr": 1.0, "nright": 1, "cline": "none", "key": "3.5|1.0|1.0|1|none", "bridge": 0, "net": "surface", "len_m": 4.6 }, "geometry": { "type": "LineString", "coordinates": [ [ 55.2730788, 25.1801827 ], [ 55.2730357, 25.1801972 ] ] } },
{ "type": "Feature", "properties": { "osm_id": 981563083, "hw": "tertiary_link", "nm": "", "lanes": 1, "oneway": "yes", "sw": 3.5, "swl": 1.0, "swr": 1.0, "nright": 1, "cline": "none", "key": "3.5|1.0|1.0|1|none", "bridge": 0, "net": "surface", "len_m": 21.9 }, "geometry": { "type": "LineString", "coordinates": [ [ 55.2730788, 25.1801827 ], [ 55.2731492, 25.1799954 ] ] } },
{ "type": "Feature", "properties": { "osm_id": 981563084, "hw": "tertiary_link", "nm": "", "lanes": 1, "oneway": "yes", "sw": 3.5, "swl": 1.0, "swr": 1.0, "nright": 1, "cline": "none", "key": "3.5|1.0|1.0|1|none", "bridge": 0, "net": "surface", "len_m": 6.1 }, "geometry": { "type": "LineString", "coordinates": [ [ 55.2730727, 25.1802376 ], [ 55.2730788, 25.1801827 ] ] } },
{ "type": "Feature", "properties": { "osm_id": 981563085, "hw": "tertiary_link", "nm": "", "lanes": 1, "oneway": "yes", "sw": 3.5, "swl": 1.0, "swr": 1.0, "nright": 1, "cline": "none", "key": "3.5|1.0|1.0|1|none", "bridge": 0, "net": "surface", "len_m": 24.2 }, "geometry": { "type": "LineString", "coordinates": [ [ 55.2730727, 25.1802376 ], [ 55.273146, 25.1802066 ], [ 55.2732178, 25.1801826 ], [ 55.2732969, 25.1801614 ] ] } },
{ "type": "Feature", "properties": { "osm_id": 981563086, "hw": "tertiary_link", "nm": "", "lanes": 1, "oneway": "yes", "sw": 3.5, "swl": 1.0, "swr": 1.0, "nright": 1, "cline": "none", "key": "3.5|1.0|1.0|1|none", "bridge": 0, "net": "surface", "len_m": 5.3 }, "geometry": { "type": "LineString", "coordinates": [ [ 55.2730254, 25.1802577 ], [ 55.2730727, 25.1802376 ] ] } },
{ "type": "Feature", "properties": { "osm_id": 981563087, "hw": "tertiary_link", "nm": "", "lanes": 1, "oneway": "yes", "sw": 3.5, "swl": 1.0, "swr": 1.0, "nright": 1, "cline": "none", "key": "3.5|1.0|1.0|1|none", "bridge": 0, "net": "surface", "len_m": 16.2 }, "geometry": { "type": "LineString", "coordinates": [ [ 55.2730254, 25.1802577 ], [ 55.2730018, 25.1804024 ] ] } },
{ "type": "Feature", "properties": { "osm_id": 981563088, "hw": "tertiary_link", "nm": "", "lanes": 1, "oneway": "yes", "sw": 3.5, "swl": 1.0, "swr": 1.0, "nright": 1, "cline": "none", "key": "3.5|1.0|1.0|1|none", "bridge": 0, "net": "surface", "len_m": 10.9 }, "geometry": { "type": "LineString", "coordinates": [ [ 55.2730881, 25.1803343 ], [ 55.2730783, 25.180302 ], [ 55.2730724, 25.18027 ], [ 55.2730727, 25.1802376 ] ] } },
{ "type": "Feature", "properties": { "osm_id": 981563089, "hw": "tertiary", "nm": "", "lanes": 4, "oneway": "yes", "sw": 14.0, "swl": 2.5, "swr": 2.5, "nright": 4, "cline": "none", "key": "14.0|2.5|2.5|4|none", "bridge": 0, "net": "surface", "len_m": 11.5 }, "geometry": { "type": "LineString", "coordinates": [ [ 55.2730881, 25.1803343 ], [ 55.2730018, 25.1804024 ] ] } },
{ "type": "Feature", "properties": { "osm_id": 981563090, "hw": "tertiary_link", "nm": "", "lanes": 1, "oneway": "yes", "sw": 3.5, "swl": 1.0, "swr": 1.0, "nright": 1, "cline": "none", "key": "3.5|1.0|1.0|1|none", "bridge": 0, "net": "surface", "len_m": 6.8 }, "geometry": { "type": "LineString", "coordinates": [ [ 55.2730357, 25.1801972 ], [ 55.2730254, 25.1802577 ] ] } },
{ "type": "Feature", "properties": { "osm_id": 981563091, "hw": "tertiary_link", "nm": "", "lanes": 1, "oneway": "yes", "sw": 3.5, "swl": 1.0, "swr": 1.0, "nright": 1, "cline": "none", "key": "3.5|1.0|1.0|1|none", "bridge": 0, "net": "surface", "len_m": 21.2 }, "geometry": { "type": "LineString", "coordinates": [ [ 55.2730357, 25.1801972 ], [ 55.2729991, 25.1802065 ], [ 55.2728307, 25.1802415 ] ] } },
{ "type": "Feature", "properties": { "osm_id": 981571806, "hw": "tertiary_link", "nm": "", "lanes": 1, "oneway": "yes", "sw": 3.5, "swl": 1.0, "swr": 1.0, "nright": 1, "cline": "none", "key": "3.5|1.0|1.0|1|none", "bridge": 0, "net": "surface", "len_m": 25.2 }, "geometry": { "type": "LineString", "coordinates": [ [ 55.2714818, 25.1817416 ], [ 55.271466, 25.1817118 ], [ 55.2714657, 25.1816789 ], [ 55.2714809, 25.1816489 ], [ 55.2715087, 25.1816276 ], [ 55.2715439, 25.1816191 ], [ 55.2715798, 25.1816249 ], [ 55.2716063, 25.1816406 ] ] } },
{ "type": "Feature", "properties": { "osm_id": 981571807, "hw": "tertiary_link", "nm": "", "lanes": 1, "oneway": "yes", "sw": 3.5, "swl": 1.0, "swr": 1.0, "nright": 1, "cline": "none", "key": "3.5|1.0|1.0|1|none", "bridge": 0, "net": "surface", "len_m": 25.9 }, "geometry": { "type": "LineString", "coordinates": [ [ 55.2712432, 25.1813214 ], [ 55.2712666, 25.181347 ], [ 55.2712758, 25.1813792 ], [ 55.271269, 25.1814119 ], [ 55.2712474, 25.1814389 ], [ 55.2712153, 25.181455 ], [ 55.2711786, 25.1814573 ], [ 55.2711443, 25.1814452 ] ] } },
{ "type": "Feature", "properties": { "osm_id": 981575904, "hw": "tertiary", "nm": "Al Khaleej Al Tejari 2 Street", "lanes": 3, "oneway": "yes", "sw": 10.5, "swl": 2.5, "swr": 2.5, "nright": 3, "cline": "none", "key": "10.5|2.5|2.5|3|none", "bridge": 0, "net": "surface", "len_m": 13.0 }, "geometry": { "type": "LineString", "coordinates": [ [ 55.2713697, 25.1815635 ], [ 55.2713309, 25.1815612 ], [ 55.2712933, 25.1815524 ], [ 55.2712455, 25.1815367 ] ] } },
{ "type": "Feature", "properties": { "osm_id": 981575905, "hw": "tertiary", "nm": "Al Khaleej Al Tejari 2 Street", "lanes": 2, "oneway": "yes", "sw": 7.0, "swl": 2.5, "swr": 2.5, "nright": 2, "cline": "none", "key": "7.0|2.5|2.5|2|none", "bridge": 0, "net": "surface", "len_m": 15.3 }, "geometry": { "type": "LineString", "coordinates": [ [ 55.2713697, 25.1815635 ], [ 55.2713639, 25.1815294 ], [ 55.2713628, 25.1814948 ], [ 55.2713665, 25.1814603 ], [ 55.2713749, 25.1814265 ] ] } },
{ "type": "Feature", "properties": { "osm_id": 981575907, "hw": "tertiary", "nm": "Al Khaleej Al Tejari 2 Street", "lanes": 2, "oneway": "yes", "sw": 7.0, "swl": 2.5, "swr": 2.5, "nright": 2, "cline": "none", "key": "7.0|2.5|2.5|2|none", "bridge": 0, "net": "surface", "len_m": 22.9 }, "geometry": { "type": "LineString", "coordinates": [ [ 55.2714818, 25.1817416 ], [ 55.2714535, 25.1817111 ], [ 55.2714208, 25.1816642 ], [ 55.2713927, 25.1816149 ], [ 55.2713697, 25.1815635 ] ] } },
{ "type": "Feature", "properties": { "osm_id": 981575908, "hw": "tertiary", "nm": "Marasi Drive", "lanes": 3, "oneway": "yes", "sw": 10.5, "swl": 2.5, "swr": 2.5, "nright": 3, "cline": "none", "key": "10.5|2.5|2.5|3|none", "bridge": 0, "net": "surface", "len_m": 40.8 }, "geometry": { "type": "LineString", "coordinates": [ [ 55.2716063, 25.1816406 ], [ 55.2718739, 25.1819167 ] ] } },
{ "type": "Feature", "properties": { "osm_id": 982180144, "hw": "tertiary", "nm": "", "lanes": 2, "oneway": "yes", "sw": 7.0, "swl": 2.5, "swr": 2.5, "nright": 2, "cline": "none", "key": "7.0|2.5|2.5|2|none", "bridge": 0, "net": "surface", "len_m": 55.1 }, "geometry": { "type": "LineString", "coordinates": [ [ 55.2586206, 25.1910845 ], [ 55.258595, 25.1910242 ], [ 55.2585629, 25.1909658 ], [ 55.2585261, 25.1909096 ], [ 55.2583991, 25.1907617 ], [ 55.258375, 25.1907304 ], [ 55.2583545, 25.1906971 ], [ 55.2583379, 25.190662 ] ] } },
{ "type": "Feature", "properties": { "osm_id": 982180145, "hw": "tertiary", "nm": "", "lanes": 2, "oneway": "yes", "sw": 7.0, "swl": 2.5, "swr": 2.5, "nright": 2, "cline": "none", "key": "7.0|2.5|2.5|2|none", "bridge": 0, "net": "surface", "len_m": 51.9 }, "geometry": { "type": "LineString", "coordinates": [ [ 55.2583379, 25.190662 ], [ 55.2583752, 25.1906902 ], [ 55.2584071, 25.1907157 ], [ 55.2584368, 25.1907434 ], [ 55.2585845, 25.1908969 ], [ 55.2586219, 25.1909301 ], [ 55.2586658, 25.1909563 ], [ 55.2587143, 25.1909743 ] ] } },
{ "type": "Feature", "properties": { "osm_id": 983294718, "hw": "tertiary_link", "nm": "", "lanes": 1, "oneway": "yes", "sw": 3.5, "swl": 1.0, "swr": 1.0, "nright": 1, "cline": "none", "key": "3.5|1.0|1.0|1|none", "bridge": 0, "net": "surface", "len_m": 23.7 }, "geometry": { "type": "LineString", "coordinates": [ [ 55.2670228, 25.1944664 ], [ 55.2669536, 25.1945001 ], [ 55.2668818, 25.194529 ], [ 55.2668078, 25.1945527 ] ] } },
{ "type": "Feature", "properties": { "osm_id": 983294719, "hw": "tertiary_link", "nm": "", "lanes": 1, "oneway": "yes", "sw": 3.5, "swl": 1.0, "swr": 1.0, "nright": 1, "cline": "none", "key": "3.5|1.0|1.0|1|none", "bridge": 0, "net": "surface", "len_m": 6.2 }, "geometry": { "type": "LineString", "coordinates": [ [ 55.2670228, 25.1944664 ], [ 55.2670102, 25.1945214 ] ] } },
{ "type": "Feature", "properties": { "osm_id": 983294720, "hw": "tertiary_link", "nm": "", "lanes": 1, "oneway": "yes", "sw": 3.5, "swl": 1.0, "swr": 1.0, "nright": 1, "cline": "none", "key": "3.5|1.0|1.0|1|none", "bridge": 0, "net": "surface", "len_m": 9.1 }, "geometry": { "type": "LineString", "coordinates": [ [ 55.2670102, 25.1945214 ], [ 55.2670396, 25.1945068 ], [ 55.2670898, 25.1944818 ] ] } },
{ "type": "Feature", "properties": { "osm_id": 983294721, "hw": "tertiary_link", "nm": "", "lanes": 1, "oneway": "yes", "sw": 3.5, "swl": 1.0, "swr": 1.0, "nright": 1, "cline": "none", "key": "3.5|1.0|1.0|1|none", "bridge": 0, "net": "surface", "len_m": 21.3 }, "geometry": { "type": "LineString", "coordinates": [ [ 55.2670102, 25.1945214 ], [ 55.2669796, 25.1946199 ], [ 55.2669352, 25.1947005 ] ] } },
{ "type": "Feature", "properties": { "osm_id": 983294722, "hw": "tertiary_link", "nm": "", "lanes": 1, "oneway": "yes", "sw": 3.5, "swl": 1.0, "swr": 1.0, "nright": 1, "cline": "none", "key": "3.5|1.0|1.0|1|none", "bridge": 0, "net": "surface", "len_m": 9.4 }, "geometry": { "type": "LineString", "coordinates": [ [ 55.2670237, 25.1943811 ], [ 55.2670228, 25.1944664 ] ] } },
{ "type": "Feature", "properties": { "osm_id": 983294723, "hw": "tertiary", "nm": "Burj Khalifa Street", "lanes": 4, "oneway": "yes", "sw": 14.0, "swl": 2.5, "swr": 2.5, "nright": 4, "cline": "none", "key": "14.0|2.5|2.5|4|none", "bridge": 0, "net": "surface", "len_m": 17.0 }, "geometry": { "type": "LineString", "coordinates": [ [ 55.2670237, 25.1943811 ], [ 55.2671494, 25.1942788 ] ] } },
{ "type": "Feature", "properties": { "osm_id": 983294724, "hw": "tertiary_link", "nm": "", "lanes": 1, "oneway": "yes", "sw": 3.5, "swl": 1.0, "swr": 1.0, "nright": 1, "cline": "none", "key": "3.5|1.0|1.0|1|none", "bridge": 0, "net": "surface", "len_m": 7.0 }, "geometry": { "type": "LineString", "coordinates": [ [ 55.2670898, 25.1944818 ], [ 55.2671053, 25.1944198 ] ] } },
{ "type": "Feature", "properties": { "osm_id": 983294725, "hw": "tertiary_link", "nm": "", "lanes": 1, "oneway": "yes", "sw": 3.5, "swl": 1.0, "swr": 1.0, "nright": 1, "cline": "none", "key": "3.5|1.0|1.0|1|none", "bridge": 0, "net": "surface", "len_m": 19.7 }, "geometry": { "type": "LineString", "coordinates": [ [ 55.2670898, 25.1944818 ], [ 55.2671497, 25.1944583 ], [ 55.2672112, 25.1944389 ], [ 55.2672743, 25.1944239 ] ] } },
{ "type": "Feature", "properties": { "osm_id": 983294726, "hw": "tertiary_link", "nm": "", "lanes": 1, "oneway": "yes", "sw": 3.5, "swl": 1.0, "swr": 1.0, "nright": 1, "cline": "none", "key": "3.5|1.0|1.0|1|none", "bridge": 0, "net": "surface", "len_m": 13.1 }, "geometry": { "type": "LineString", "coordinates": [ [ 55.2670566, 25.1945959 ], [ 55.2670898, 25.1944818 ] ] } },
{ "type": "Feature", "properties": { "osm_id": 983294727, "hw": "tertiary", "nm": "Burj Khalifa Street", "lanes": 5, "oneway": "yes", "sw": 17.5, "swl": 2.5, "swr": 2.5, "nright": 5, "cline": "none", "key": "17.5|2.5|2.5|5|none", "bridge": 0, "net": "surface", "len_m": 16.9 }, "geometry": { "type": "LineString", "coordinates": [ [ 55.2670566, 25.1945959 ], [ 55.2669352, 25.1947005 ] ] } },
{ "type": "Feature", "properties": { "osm_id": 983294728, "hw": "tertiary", "nm": "Al Mustaqbal Street", "lanes": 4, "oneway": "yes", "sw": 14.0, "swl": 2.5, "swr": 2.5, "nright": 4, "cline": "none", "key": "14.0|2.5|2.5|4|none", "bridge": 0, "net": "surface", "len_m": 11.4 }, "geometry": { "type": "LineString", "coordinates": [ [ 55.2669352, 25.1947005 ], [ 55.266864, 25.1946204 ] ] } },
{ "type": "Feature", "properties": { "osm_id": 983294729, "hw": "tertiary", "nm": "Burj Khalifa Street", "lanes": 4, "oneway": "yes", "sw": 14.0, "swl": 2.5, "swr": 2.5, "nright": 4, "cline": "none", "key": "14.0|2.5|2.5|4|none", "bridge": 0, "net": "surface", "len_m": 28.9 }, "geometry": { "type": "LineString", "coordinates": [ [ 55.2668078, 25.1945527 ], [ 55.2670237, 25.1943811 ] ] } },
{ "type": "Feature", "properties": { "osm_id": 983294730, "hw": "tertiary", "nm": "Al Mustaqbal Street", "lanes": 4, "oneway": "yes", "sw": 14.0, "swl": 2.5, "swr": 2.5, "nright": 4, "cline": "none", "key": "14.0|2.5|2.5|4|none", "bridge": 0, "net": "surface", "len_m": 9.4 }, "geometry": { "type": "LineString", "coordinates": [ [ 55.266864, 25.1946204 ], [ 55.2668078, 25.1945527 ] ] } },
{ "type": "Feature", "properties": { "osm_id": 983294731, "hw": "tertiary_link", "nm": "", "lanes": 1, "oneway": "yes", "sw": 3.5, "swl": 1.0, "swr": 1.0, "nright": 1, "cline": "none", "key": "3.5|1.0|1.0|1|none", "bridge": 0, "net": "surface", "len_m": 18.4 }, "geometry": { "type": "LineString", "coordinates": [ [ 55.266864, 25.1946204 ], [ 55.2670102, 25.1945214 ] ] } },
{ "type": "Feature", "properties": { "osm_id": 985028743, "hw": "tertiary", "nm": "Marasi Drive", "lanes": 3, "oneway": "yes", "sw": 10.5, "swl": 2.5, "swr": 2.5, "nright": 3, "cline": "none", "key": "10.5|2.5|2.5|3|none", "bridge": 0, "net": "surface", "len_m": 21.9 }, "geometry": { "type": "LineString", "coordinates": [ [ 55.2650341, 25.1862277 ], [ 55.265163, 25.186387 ] ] } },
{ "type": "Feature", "properties": { "osm_id": 985028744, "hw": "secondary", "nm": "Al Khaleej Al Tejari 1 Street", "lanes": 5, "oneway": "yes", "sw": 17.5, "swl": 3.0, "swr": 3.0, "nright": 5, "cline": "none", "key": "17.5|3.0|3.0|5|none", "bridge": 0, "net": "surface", "len_m": 13.4 }, "geometry": { "type": "LineString", "coordinates": [ [ 55.26493, 25.1863033 ], [ 55.2650341, 25.1862277 ] ] } },
{ "type": "Feature", "properties": { "osm_id": 985028745, "hw": "tertiary", "nm": "Marasi Drive", "lanes": 2, "oneway": "yes", "sw": 7.0, "swl": 2.5, "swr": 2.5, "nright": 2, "cline": "none", "key": "7.0|2.5|2.5|2|none", "bridge": 0, "net": "surface", "len_m": 155.3 }, "geometry": { "type": "LineString", "coordinates": [ [ 55.26493, 25.1863033 ], [ 55.2648481, 25.1862059 ], [ 55.2646837, 25.1859697 ], [ 55.264593, 25.1858287 ], [ 55.2645352, 25.1857319 ], [ 55.2644791, 25.1856336 ], [ 55.2644484, 25.1855776 ], [ 55.2644249, 25.1855339 ], [ 55.2642864, 25.1852827 ], [ 55.2642425, 25.185191 ], [ 55.2641951, 25.1850754 ] ] } },
{ "type": "Feature", "properties": { "osm_id": 985028747, "hw": "secondary", "nm": "Marasi Drive", "lanes": 3, "oneway": "yes", "sw": 10.5, "swl": 3.0, "swr": 3.0, "nright": 3, "cline": "none", "key": "10.5|3.0|3.0|3|none", "bridge": 0, "net": "surface", "len_m": 594.3 }, "geometry": { "type": "LineString", "coordinates": [ [ 55.2715841, 25.1876767 ], [ 55.2714731, 25.1877398 ], [ 55.2713512, 25.1878044 ], [ 55.271227, 25.1878652 ], [ 55.2711007, 25.1879224 ], [ 55.270931, 25.1879927 ], [ 55.2708695, 25.1880177 ], [ 55.2707899, 25.1880501 ], [ 55.2706308, 25.1881038 ], [ 55.2703886, 25.1881777 ], [ 55.2701426, 25.1882403 ], [ 55.2698933, 25.1882915 ], [ 55.2696415, 25.188331 ], [ 55.2693878, 25.1883588 ], [ 55.2691328, 25.1883748 ], [ 55.2689943, 25.1883771 ], [ 55.2688773, 25.188379 ], [ 55.2686219, 25.1883713 ], [ 55.2683672, 25.1883518 ], [ 55.2681145, 25.1883232 ], [ 55.2679138, 25.1882776 ], [ 55.2677319, 25.1882349 ], [ 55.2676074, 25.1882024 ], [ 55.2674836, 25.1881669 ], [ 55.2673402, 25.1881208 ], [ 55.2671989, 25.1880699 ], [ 55.2670598, 25.1880142 ], [ 55.2669231, 25.1879538 ], [ 55.2667789, 25.1878869 ], [ 55.2666375, 25.1878152 ], [ 55.266499, 25.1877388 ], [ 55.2663516, 25.1876504 ], [ 55.2662082, 25.1875568 ], [ 55.2660689, 25.1874581 ] ] } },
{ "type": "Feature", "properties": { "osm_id": 985028748, "hw": "secondary", "nm": "AL Alam Street", "lanes": 2, "oneway": "yes", "sw": 7.0, "swl": 3.0, "swr": 3.0, "nright": 2, "cline": "none", "key": "7.0|3.0|3.0|2|none", "bridge": 0, "net": "surface", "len_m": 16.2 }, "geometry": { "type": "LineString", "coordinates": [ [ 55.2715841, 25.1876767 ], [ 55.2714841, 25.1875625 ] ] } },
{ "type": "Feature", "properties": { "osm_id": 985028749, "hw": "tertiary", "nm": "Burj Khalifa Street", "lanes": 5, "oneway": "yes", "sw": 17.5, "swl": 2.5, "swr": 2.5, "nright": 5, "cline": "none", "key": "17.5|2.5|2.5|5|none", "bridge": 0, "net": "surface", "len_m": 12.6 }, "geometry": { "type": "LineString", "coordinates": [ [ 55.2725891, 25.1886551 ], [ 55.2725368, 25.188692 ], [ 55.2724899, 25.1887239 ] ] } },
{ "type": "Feature", "properties": { "osm_id": 985028750, "hw": "secondary", "nm": "AL Alam Street", "lanes": 4, "oneway": "yes", "sw": 14.0, "swl": 3.0, "swr": 3.0, "nright": 4, "cline": "none", "key": "14.0|3.0|3.0|4|none", "bridge": 0, "net": "surface", "len_m": 20.7 }, "geometry": { "type": "LineString", "coordinates": [ [ 55.2724899, 25.1887239 ], [ 55.2724354, 25.1886475 ], [ 55.2723805, 25.1885654 ] ] } },
{ "type": "Feature", "properties": { "osm_id": 985028751, "hw": "tertiary", "nm": "Burj Khalifa Street", "lanes": 5, "oneway": "yes", "sw": 17.5, "swl": 2.5, "swr": 2.5, "nright": 5, "cline": "none", "key": "17.5|2.5|2.5|5|none", "bridge": 0, "net": "surface", "len_m": 11.1 }, "geometry": { "type": "LineString", "coordinates": [ [ 55.2723805, 25.1885654 ], [ 55.2724698, 25.1885061 ] ] } },
{ "type": "Feature", "properties": { "osm_id": 985028752, "hw": "secondary", "nm": "AL Alam Street", "lanes": 3, "oneway": "yes", "sw": 10.5, "swl": 3.0, "swr": 3.0, "nright": 3, "cline": "none", "key": "10.5|3.0|3.0|3|none", "bridge": 0, "net": "surface", "len_m": 20.4 }, "geometry": { "type": "LineString", "coordinates": [ [ 55.2724698, 25.1885061 ], [ 55.2725159, 25.1885588 ], [ 55.2725891, 25.1886551 ] ] } },
{ "type": "Feature", "properties": { "osm_id": 985028753, "hw": "tertiary", "nm": "Al Ohood Street", "lanes": 3, "oneway": "yes", "sw": 10.5, "swl": 2.5, "swr": 2.5, "nright": 3, "cline": "none", "key": "10.5|2.5|2.5|3|none", "bridge": 0, "net": "surface", "len_m": 21.7 }, "geometry": { "type": "LineString", "coordinates": [ [ 55.2759284, 25.1865273 ], [ 55.2758752, 25.1864628 ], [ 55.2758306, 25.1864134 ], [ 55.2757951, 25.1863741 ] ] } },
{ "type": "Feature", "properties": { "osm_id": 985028755, "hw": "tertiary", "nm": "Al Ohood Street", "lanes": 2, "oneway": "yes", "sw": 7.0, "swl": 2.5, "swr": 2.5, "nright": 2, "cline": "none", "key": "7.0|2.5|2.5|2|none", "bridge": 0, "net": "surface", "len_m": 158.8 }, "geometry": { "type": "LineString", "coordinates": [ [ 55.2762052, 25.1866808 ], [ 55.2771014, 25.1878598 ] ] } },
{ "type": "Feature", "properties": { "osm_id": 985028756, "hw": "tertiary", "nm": "Burj Khalifa Street", "lanes": 5, "oneway": "yes", "sw": 17.5, "swl": 2.5, "swr": 2.5, "nright": 5, "cline": "none", "key": "17.5|2.5|2.5|5|none", "bridge": 0, "net": "surface", "len_m": 9.9 }, "geometry": { "type": "LineString", "coordinates": [ [ 55.2757951, 25.1863741 ], [ 55.2758752, 25.1863222 ] ] } },
{ "type": "Feature", "properties": { "osm_id": 985028757, "hw": "tertiary", "nm": "Al Ohood Street", "lanes": 2, "oneway": "yes", "sw": 7.0, "swl": 2.5, "swr": 2.5, "nright": 2, "cline": "none", "key": "7.0|2.5|2.5|2|none", "bridge": 0, "net": "surface", "len_m": 21.4 }, "geometry": { "type": "LineString", "coordinates": [ [ 55.2758752, 25.1863222 ], [ 55.2759352, 25.1863875 ], [ 55.2760102, 25.1864716 ] ] } },
{ "type": "Feature", "properties": { "osm_id": 985028758, "hw": "secondary", "nm": "Marasi Drive", "lanes": 4, "oneway": "yes", "sw": 14.0, "swl": 3.0, "swr": 3.0, "nright": 4, "cline": "none", "key": "14.0|3.0|3.0|4|none", "bridge": 0, "net": "surface", "len_m": 124.7 }, "geometry": { "type": "LineString", "coordinates": [ [ 55.2742131, 25.1856872 ], [ 55.2746714, 25.1853564 ], [ 55.2747075, 25.1853304 ], [ 55.2747938, 25.1852676 ], [ 55.2748832, 25.1852027 ], [ 55.2751825, 25.1849877 ] ] } },
{ "type": "Feature", "properties": { "osm_id": 985028759, "hw": "secondary", "nm": "Marasi Drive", "lanes": 3, "oneway": "yes", "sw": 10.5, "swl": 3.0, "swr": 3.0, "nright": 3, "cline": "none", "key": "10.5|3.0|3.0|3|none", "bridge": 0, "net": "surface", "len_m": 213.6 }, "geometry": { "type": "LineString", "coordinates": [ [ 55.2744554, 25.1857136 ], [ 55.2727629, 25.1868738 ] ] } },
{ "type": "Feature", "properties": { "osm_id": 985028760, "hw": "tertiary", "nm": "Al Ohood Street", "lanes": 2, "oneway": "yes", "sw": 7.0, "swl": 2.5, "swr": 2.5, "nright": 2, "cline": "none", "key": "7.0|2.5|2.5|2|none", "bridge": 0, "net": "surface", "len_m": 18.7 }, "geometry": { "type": "LineString", "coordinates": [ [ 55.2749094, 25.1853991 ], [ 55.2747938, 25.1852676 ] ] } },
{ "type": "Feature", "properties": { "osm_id": 985030438, "hw": "tertiary", "nm": "Marasi Drive", "lanes": 3, "oneway": "yes", "sw": 10.5, "swl": 2.5, "swr": 2.5, "nright": 3, "cline": "none", "key": "10.5|2.5|2.5|3|none", "bridge": 0, "net": "surface", "len_m": 262.8 }, "geometry": { "type": "LineString", "coordinates": [ [ 55.2742959, 25.1823743 ], [ 55.2742641, 25.1823891 ], [ 55.2739929, 25.1825153 ], [ 55.2738314, 25.1825794 ], [ 55.2737234, 25.1826123 ], [ 55.2736133, 25.1826389 ], [ 55.2735015, 25.1826593 ], [ 55.2733768, 25.1826743 ], [ 55.2732513, 25.1826814 ], [ 55.2731254, 25.1826806 ], [ 55.273, 25.182672 ], [ 55.2728755, 25.1826554 ], [ 55.272739, 25.1826275 ], [ 55.2726049, 25.1825903 ], [ 55.2724747, 25.1825436 ], [ 55.2723488, 25.1824878 ], [ 55.2722282, 25.1824233 ], [ 55.2721135, 25.1823505 ], [ 55.2720054, 25.1822698 ], [ 55.2719068, 25.1821787 ] ] } },
{ "type": "Feature", "properties": { "osm_id": 1006883705, "hw": "tertiary", "nm": "", "lanes": 2, "oneway": "yes", "sw": 7.0, "swl": 2.5, "swr": 2.5, "nright": 2, "cline": "none", "key": "7.0|2.5|2.5|2|none", "bridge": 0, "net": "surface", "len_m": 25.5 }, "geometry": { "type": "LineString", "coordinates": [ [ 55.2578316, 25.1883559 ], [ 55.2578194, 25.1882994 ], [ 55.2578001, 25.1882447 ], [ 55.2577729, 25.1881928 ], [ 55.2577384, 25.1881446 ] ] } },
{ "type": "Feature", "properties": { "osm_id": 1006883706, "hw": "tertiary", "nm": "", "lanes": 2, "oneway": "yes", "sw": 7.0, "swl": 2.5, "swr": 2.5, "nright": 2, "cline": "none", "key": "7.0|2.5|2.5|2|none", "bridge": 0, "net": "surface", "len_m": 20.4 }, "geometry": { "type": "LineString", "coordinates": [ [ 55.2577384, 25.1881446 ], [ 55.2577832, 25.188166 ], [ 55.2578297, 25.1881843 ], [ 55.2578775, 25.1881995 ], [ 55.2579264, 25.1882112 ] ] } },
{ "type": "Feature", "properties": { "osm_id": 1006883718, "hw": "tertiary", "nm": "", "lanes": 1, "oneway": "yes", "sw": 3.5, "swl": 2.5, "swr": 2.5, "nright": 1, "cline": "none", "key": "3.5|2.5|2.5|1|none", "bridge": 0, "net": "surface", "len_m": 22.2 }, "geometry": { "type": "LineString", "coordinates": [ [ 55.2583355, 25.1883906 ], [ 55.258262, 25.1883741 ], [ 55.2582143, 25.1883807 ], [ 55.2581689, 25.1883954 ], [ 55.2581274, 25.1884176 ] ] } },
{ "type": "Feature", "properties": { "osm_id": 1066203090, "hw": "residential", "nm": "41 Street", "lanes": 2, "oneway": "no", "sw": 7.0, "swl": 2.0, "swr": 2.0, "nright": 1, "cline": "white", "key": "7.0|2.0|2.0|1|white", "bridge": 0, "net": "surface", "len_m": 149.7 }, "geometry": { "type": "LineString", "coordinates": [ [ 55.250272502553464, 25.193967784143169 ], [ 55.2507771, 25.1936771 ], [ 55.2513448, 25.1933501 ], [ 55.251527, 25.1932451 ] ] } },
{ "type": "Feature", "properties": { "osm_id": 1069273292, "hw": "residential", "nm": "4 Street", "lanes": 2, "oneway": "yes", "sw": 7.0, "swl": 2.0, "swr": 2.0, "nright": 2, "cline": "none", "key": "7.0|2.0|2.0|2|none", "bridge": 0, "net": "surface", "len_m": 23.0 }, "geometry": { "type": "LineString", "coordinates": [ [ 55.2511873, 25.1786141 ], [ 55.2512567, 25.1786478 ], [ 55.2512909, 25.1786613 ], [ 55.2513267, 25.1786705 ], [ 55.2513637, 25.1786752 ], [ 55.251401, 25.1786753 ] ] } },
{ "type": "Feature", "properties": { "osm_id": 1069273293, "hw": "residential", "nm": "4 Street", "lanes": 2, "oneway": "yes", "sw": 7.0, "swl": 2.0, "swr": 2.0, "nright": 2, "cline": "none", "key": "7.0|2.0|2.0|2|none", "bridge": 0, "net": "surface", "len_m": 26.1 }, "geometry": { "type": "LineString", "coordinates": [ [ 55.2511801, 25.1788383 ], [ 55.2512022, 25.1788002 ], [ 55.251215, 25.1787587 ], [ 55.2512181, 25.1787156 ], [ 55.2512112, 25.178673 ], [ 55.2511873, 25.1786141 ] ] } },
{ "type": "Feature", "properties": { "osm_id": 1069273324, "hw": "secondary_link", "nm": "", "lanes": 2, "oneway": "yes", "sw": 7.0, "swl": 1.0, "swr": 1.0, "nright": 2, "cline": "none", "key": "7.0|1.0|1.0|2|none", "bridge": 0, "net": "surface", "len_m": 29.1 }, "geometry": { "type": "LineString", "coordinates": [ [ 55.2569494, 25.1751533 ], [ 55.256972, 25.1752158 ], [ 55.2569916, 25.1752791 ], [ 55.257008, 25.1753431 ], [ 55.2570214, 25.1754077 ] ] } },
{ "type": "Feature", "properties": { "osm_id": 1069293567, "hw": "secondary_link", "nm": "", "lanes": 1, "oneway": "yes", "sw": 3.5, "swl": 1.0, "swr": 1.0, "nright": 1, "cline": "none", "key": "3.5|1.0|1.0|1|none", "bridge": 0, "net": "surface", "len_m": 96.2 }, "geometry": { "type": "LineString", "coordinates": [ [ 55.2532865, 25.177344 ], [ 55.2533474, 25.1773135 ], [ 55.2534055, 25.1772788 ], [ 55.2534605, 25.1772401 ], [ 55.2535567, 25.1771713 ], [ 55.2536324, 25.1771179 ], [ 55.2536934, 25.1770764 ], [ 55.253855, 25.1769721 ], [ 55.2539326, 25.1769317 ], [ 55.2540138, 25.1768972 ], [ 55.2540817, 25.1768702 ] ] } },
{ "type": "Feature", "properties": { "osm_id": 1070349084, "hw": "residential", "nm": "", "lanes": 2, "oneway": "yes", "sw": 7.0, "swl": 2.0, "swr": 2.0, "nright": 2, "cline": "none", "key": "7.0|2.0|2.0|2|none", "bridge": 0, "net": "surface", "len_m": 51.8 }, "geometry": { "type": "LineString", "coordinates": [ [ 55.2602973, 25.1881033 ], [ 55.2602375, 25.1880999 ], [ 55.2601716, 25.1880861 ], [ 55.2601087, 25.1880634 ], [ 55.2600503, 25.1880324 ], [ 55.2598467, 25.1878991 ] ] } },
{ "type": "Feature", "properties": { "osm_id": 1072284111, "hw": "residential", "nm": "", "lanes": 2, "oneway": "yes", "sw": 7.0, "swl": 2.0, "swr": 2.0, "nright": 2, "cline": "none", "key": "7.0|2.0|2.0|2|none", "bridge": 0, "net": "surface", "len_m": 20.1 }, "geometry": { "type": "LineString", "coordinates": [ [ 55.27506, 25.1711189 ], [ 55.2750101, 25.1711587 ], [ 55.2749694, 25.1712063 ], [ 55.2749378, 25.17126 ] ] } },
{ "type": "Feature", "properties": { "osm_id": 1072284112, "hw": "residential", "nm": "", "lanes": 2, "oneway": "yes", "sw": 7.0, "swl": 2.0, "swr": 2.0, "nright": 2, "cline": "none", "key": "7.0|2.0|2.0|2|none", "bridge": 0, "net": "surface", "len_m": 20.3 }, "geometry": { "type": "LineString", "coordinates": [ [ 55.2748622, 25.1711509 ], [ 55.2749296, 25.1711443 ], [ 55.2749954, 25.171134 ], [ 55.27506, 25.1711189 ] ] } },
{ "type": "Feature", "properties": { "osm_id": 1072302886, "hw": "motorway", "nm": "Sheikh Zayed Road (south)", "lanes": 6, "oneway": "yes", "sw": 21.0, "swl": 0.0, "swr": 0.0, "nright": 6, "cline": "none", "key": "21.0|0.0|0.0|6|none", "bridge": 0, "net": "freeway", "len_m": 23.8 }, "geometry": { "type": "LineString", "coordinates": [ [ 55.2620647, 25.1939949 ], [ 55.2619141, 25.19383 ] ] } },
{ "type": "Feature", "properties": { "osm_id": 1072302887, "hw": "motorway", "nm": "Sheikh Zayed Road (north)", "lanes": 6, "oneway": "yes", "sw": 21.0, "swl": 0.0, "swr": 0.0, "nright": 6, "cline": "none", "key": "21.0|0.0|0.0|6|none", "bridge": 0, "net": "freeway", "len_m": 11.7 }, "geometry": { "type": "LineString", "coordinates": [ [ 55.26192, 25.1934226 ], [ 55.2619954, 25.1935026 ] ] } },
{ "type": "Feature", "properties": { "osm_id": 1072302888, "hw": "motorway", "nm": "Sheikh Zayed Road (north)", "lanes": 6, "oneway": "yes", "sw": 21.0, "swl": 0.0, "swr": 0.0, "nright": 6, "cline": "none", "key": "21.0|0.0|0.0|6|none", "bridge": 0, "net": "freeway", "len_m": 239.6 }, "geometry": { "type": "LineString", "coordinates": [ [ 55.2603835, 25.1917721 ], [ 55.2605685, 25.1919708 ], [ 55.26192, 25.1934226 ] ] } },
{ "type": "Feature", "properties": { "osm_id": 1073789843, "hw": "residential", "nm": "", "lanes": 2, "oneway": "no", "sw": 7.0, "swl": 2.0, "swr": 2.0, "nright": 1, "cline": "white", "key": "7.0|2.0|2.0|1|white", "bridge": 0, "net": "surface", "len_m": 75.8 }, "geometry": { "type": "LineString", "coordinates": [ [ 55.2791595, 25.1730868 ], [ 55.2791976, 25.1728098 ], [ 55.2792006, 25.1727696 ], [ 55.279203, 25.1727294 ], [ 55.2792046, 25.1726892 ], [ 55.2792042, 25.1726479 ], [ 55.2792076, 25.1726067 ], [ 55.2792148, 25.1725659 ], [ 55.2792415, 25.1724069 ] ] } },
{ "type": "Feature", "properties": { "osm_id": 1073881418, "hw": "residential", "nm": "", "lanes": 2, "oneway": "yes", "sw": 7.0, "swl": 2.0, "swr": 2.0, "nright": 2, "cline": "none", "key": "7.0|2.0|2.0|2|none", "bridge": 0, "net": "surface", "len_m": 15.8 }, "geometry": { "type": "LineString", "coordinates": [ [ 55.2807802, 25.1752074 ], [ 55.2807967, 25.1751872 ], [ 55.280818, 25.175174 ], [ 55.2808432, 25.1751694 ], [ 55.2808685, 25.1751742 ], [ 55.2808896, 25.1751874 ], [ 55.2809034, 25.1752071 ] ] } },
{ "type": "Feature", "properties": { "osm_id": 1080020790, "hw": "primary_link", "nm": "", "lanes": 2, "oneway": "no", "sw": 7.0, "swl": 1.0, "swr": 1.0, "nright": 1, "cline": "white", "key": "7.0|1.0|1.0|1|white", "bridge": 0, "net": "surface", "len_m": 20.2 }, "geometry": { "type": "LineString", "coordinates": [ [ 55.2826177, 25.1962053 ], [ 55.2827718, 25.1960883 ] ] } },
{ "type": "Feature", "properties": { "osm_id": 1088381604, "hw": "residential", "nm": "52c Street", "lanes": 2, "oneway": "yes", "sw": 7.0, "swl": 2.0, "swr": 2.0, "nright": 2, "cline": "none", "key": "7.0|2.0|2.0|2|none", "bridge": 0, "net": "surface", "len_m": 23.9 }, "geometry": { "type": "LineString", "coordinates": [ [ 55.2527924, 25.1887583 ], [ 55.2528775, 25.1888609 ], [ 55.252891, 25.18888 ], [ 55.2529011, 25.1889007 ], [ 55.2529193, 25.1889396 ] ] } },
{ "type": "Feature", "properties": { "osm_id": 1088381605, "hw": "residential", "nm": "52c Street", "lanes": 2, "oneway": "yes", "sw": 7.0, "swl": 2.0, "swr": 2.0, "nright": 2, "cline": "none", "key": "7.0|2.0|2.0|2|none", "bridge": 0, "net": "surface", "len_m": 24.2 }, "geometry": { "type": "LineString", "coordinates": [ [ 55.2529193, 25.1889396 ], [ 55.2528804, 25.1889119 ], [ 55.2528603, 25.1888976 ], [ 55.2528418, 25.1888823 ], [ 55.2527453, 25.1887896 ] ] } },
{ "type": "Feature", "properties": { "osm_id": 1088381606, "hw": "residential", "nm": "52c Street", "lanes": 2, "oneway": "yes", "sw": 7.0, "swl": 2.0, "swr": 2.0, "nright": 2, "cline": "none", "key": "7.0|2.0|2.0|2|none", "bridge": 0, "net": "surface", "len_m": 24.3 }, "geometry": { "type": "LineString", "coordinates": [ [ 55.2538829, 25.1900231 ], [ 55.2538039, 25.189924 ], [ 55.2537911, 25.1899045 ], [ 55.2537809, 25.1898839 ], [ 55.2537565, 25.1898374 ] ] } },
{ "type": "Feature", "properties": { "osm_id": 1088381607, "hw": "residential", "nm": "52c Street", "lanes": 2, "oneway": "yes", "sw": 7.0, "swl": 2.0, "swr": 2.0, "nright": 2, "cline": "none", "key": "7.0|2.0|2.0|2|none", "bridge": 0, "net": "surface", "len_m": 24.2 }, "geometry": { "type": "LineString", "coordinates": [ [ 55.2537565, 25.1898374 ], [ 55.2538025, 25.1898688 ], [ 55.2538228, 25.189882 ], [ 55.2538413, 25.1898972 ], [ 55.2539296, 25.1899871 ] ] } },
{ "type": "Feature", "properties": { "osm_id": 1088450356, "hw": "tertiary", "nm": "", "lanes": 2, "oneway": "yes", "sw": 7.0, "swl": 2.5, "swr": 2.5, "nright": 2, "cline": "none", "key": "7.0|2.5|2.5|2|none", "bridge": 0, "net": "surface", "len_m": 55.8 }, "geometry": { "type": "LineString", "coordinates": [ [ 55.2551442, 25.1848239 ], [ 55.2550708, 25.1848537 ], [ 55.2550124, 25.1848769 ], [ 55.2549501, 25.1848896 ], [ 55.2548863, 25.1848913 ], [ 55.2548234, 25.1848819 ], [ 55.2547636, 25.1848617 ], [ 55.2547091, 25.1848315 ], [ 55.2546417, 25.1847762 ] ] } },
{ "type": "Feature", "properties": { "osm_id": 1088450357, "hw": "tertiary", "nm": "", "lanes": 2, "oneway": "yes", "sw": 7.0, "swl": 2.5, "swr": 2.5, "nright": 2, "cline": "none", "key": "7.0|2.5|2.5|2|none", "bridge": 0, "net": "surface", "len_m": 62.9 }, "geometry": { "type": "LineString", "coordinates": [ [ 55.2551442, 25.1848239 ], [ 55.2550865, 25.1848736 ], [ 55.2550433, 25.184907 ], [ 55.2549929, 25.1849309 ], [ 55.2549379, 25.1849441 ], [ 55.2548811, 25.1849458 ], [ 55.2548252, 25.1849361 ], [ 55.2547732, 25.1849153 ], [ 55.2547276, 25.1848846 ], [ 55.2546906, 25.1848454 ], [ 55.2546417, 25.1847762 ] ] } },
{ "type": "Feature", "properties": { "osm_id": 1088458062, "hw": "tertiary_link", "nm": "", "lanes": 2, "oneway": "no", "sw": 7.0, "swl": 1.0, "swr": 1.0, "nright": 1, "cline": "white", "key": "7.0|1.0|1.0|1|white", "bridge": 0, "net": "surface", "len_m": 4.3 }, "geometry": { "type": "LineString", "coordinates": [ [ 55.2535129, 25.1795696 ], [ 55.2535401, 25.1795991 ] ] } },
{ "type": "Feature", "properties": { "osm_id": 1088469781, "hw": "residential", "nm": "58b Street", "lanes": 2, "oneway": "yes", "sw": 7.0, "swl": 2.0, "swr": 2.0, "nright": 2, "cline": "none", "key": "7.0|2.0|2.0|2|none", "bridge": 0, "net": "surface", "len_m": 20.7 }, "geometry": { "type": "LineString", "coordinates": [ [ 55.255012, 25.1891495 ], [ 55.254943, 25.1890319 ], [ 55.2549278, 25.1890006 ], [ 55.2549238, 25.1889818 ] ] } },
{ "type": "Feature", "properties": { "osm_id": 1088469782, "hw": "residential", "nm": "58b Street", "lanes": 2, "oneway": "yes", "sw": 7.0, "swl": 2.0, "swr": 2.0, "nright": 2, "cline": "none", "key": "7.0|2.0|2.0|2|none", "bridge": 0, "net": "surface", "len_m": 21.5 }, "geometry": { "type": "LineString", "coordinates": [ [ 55.2549238, 25.1889818 ], [ 55.2549441, 25.1889907 ], [ 55.2549776, 25.1890064 ], [ 55.2551107, 25.1890758 ] ] } },
{ "type": "Feature", "properties": { "osm_id": 1088469799, "hw": "residential", "nm": "", "lanes": 2, "oneway": "no", "sw": 7.0, "swl": 2.0, "swr": 2.0, "nright": 1, "cline": "white", "key": "7.0|2.0|2.0|1|white", "bridge": 0, "net": "surface", "len_m": 30.6 }, "geometry": { "type": "LineString", "coordinates": [ [ 55.2506551, 25.1875211 ], [ 55.2504051, 25.1876778 ] ] } },
{ "type": "Feature", "properties": { "osm_id": 1088469800, "hw": "residential", "nm": "", "lanes": 2, "oneway": "no", "sw": 7.0, "swl": 2.0, "swr": 2.0, "nright": 1, "cline": "white", "key": "7.0|2.0|2.0|1|white", "bridge": 0, "net": "surface", "len_m": 105.7 }, "geometry": { "type": "LineString", "coordinates": [ [ 55.2509984, 25.1879537 ], [ 55.2507745, 25.1876596 ], [ 55.2506551, 25.1875211 ], [ 55.2503775, 25.1871854 ] ] } },
{ "type": "Feature", "properties": { "osm_id": 1088469801, "hw": "residential", "nm": "", "lanes": 2, "oneway": "no", "sw": 7.0, "swl": 2.0, "swr": 2.0, "nright": 1, "cline": "white", "key": "7.0|2.0|2.0|1|white", "bridge": 0, "net": "surface", "len_m": 52.2 }, "geometry": { "type": "LineString", "coordinates": [ [ 55.2507216, 25.1881123 ], [ 55.2509984, 25.1879537 ], [ 55.2511588, 25.1878599 ] ] } },
{ "type": "Feature", "properties": { "osm_id": 1088469802, "hw": "residential", "nm": "", "lanes": 2, "oneway": "no", "sw": 7.0, "swl": 2.0, "swr": 2.0, "nright": 1, "cline": "white", "key": "7.0|2.0|2.0|1|white", "bridge": 0, "net": "surface", "len_m": 130.0 }, "geometry": { "type": "LineString", "coordinates": [ [ 55.2513673, 25.1879914 ], [ 55.2506228, 25.1870336 ] ] } },
{ "type": "Feature", "properties": { "osm_id": 1088469803, "hw": "residential", "nm": "", "lanes": 2, "oneway": "no", "sw": 7.0, "swl": 2.0, "swr": 2.0, "nright": 1, "cline": "white", "key": "7.0|2.0|2.0|1|white", "bridge": 0, "net": "surface", "len_m": 131.0 }, "geometry": { "type": "LineString", "coordinates": [ [ 55.2511101, 25.1867569 ], [ 55.2519563, 25.1876544 ] ] } },
{ "type": "Feature", "properties": { "osm_id": 1088469810, "hw": "residential", "nm": "", "lanes": 2, "oneway": "no", "sw": 7.0, "swl": 2.0, "swr": 2.0, "nright": 1, "cline": "white", "key": "7.0|2.0|2.0|1|white", "bridge": 0, "net": "surface", "len_m": 74.1 }, "geometry": { "type": "LineString", "coordinates": [ [ 55.2521292, 25.1891446 ], [ 55.2521724, 25.1892146 ], [ 55.2522296, 25.1893071 ], [ 55.2522436, 25.1893332 ], [ 55.2522524, 25.1893611 ], [ 55.2522561, 25.1893906 ], [ 55.252254, 25.1894202 ], [ 55.2522464, 25.1894491 ], [ 55.2522298, 25.1894779 ], [ 55.2522055, 25.1895019 ], [ 55.2519654, 25.1896614 ] ] } },
{ "type": "Feature", "properties": { "osm_id": 1088751337, "hw": "residential", "nm": "29 Street", "lanes": 2, "oneway": "yes", "sw": 7.0, "swl": 2.0, "swr": 2.0, "nright": 2, "cline": "none", "key": "7.0|2.0|2.0|2|none", "bridge": 0, "net": "surface", "len_m": 37.9 }, "geometry": { "type": "LineString", "coordinates": [ [ 55.255556143640575, 25.196436766762485 ], [ 55.2555641, 25.1964298 ], [ 55.2555856, 25.1964136 ], [ 55.2556083, 25.1963989 ], [ 55.2558601, 25.1962357 ] ] } },
{ "type": "Feature", "properties": { "osm_id": 1088751338, "hw": "residential", "nm": "29 Street", "lanes": 2, "oneway": "yes", "sw": 7.0, "swl": 2.0, "swr": 2.0, "nright": 2, "cline": "none", "key": "7.0|2.0|2.0|2|none", "bridge": 0, "net": "surface", "len_m": 36.2 }, "geometry": { "type": "LineString", "coordinates": [ [ 55.25589, 25.1962791 ], [ 55.2556235, 25.1964139 ], [ 55.255598, 25.1964269 ], [ 55.255575349345257, 25.196436766762485 ] ] } },
{ "type": "Feature", "properties": { "osm_id": 1089013009, "hw": "secondary_link", "nm": "", "lanes": 1, "oneway": "yes", "sw": 3.5, "swl": 1.0, "swr": 1.0, "nright": 1, "cline": "none", "key": "3.5|1.0|1.0|1|none", "bridge": 0, "net": "surface", "len_m": 46.6 }, "geometry": { "type": "LineString", "coordinates": [ [ 55.2594854, 25.1937184 ], [ 55.2594957, 25.1937711 ], [ 55.2595045, 25.1937927 ], [ 55.2595172, 25.1938124 ], [ 55.259675, 25.1939925 ], [ 55.2596822, 25.1940113 ], [ 55.2596816, 25.1940312 ], [ 55.2596735, 25.1940496 ], [ 55.2596501, 25.1940724 ] ] } },
{ "type": "Feature", "properties": { "osm_id": 1089053536, "hw": "residential", "nm": "56th Street", "lanes": 2, "oneway": "no", "sw": 7.0, "swl": 2.0, "swr": 2.0, "nright": 1, "cline": "white", "key": "7.0|2.0|2.0|1|white", "bridge": 0, "net": "surface", "len_m": 21.7 }, "geometry": { "type": "LineString", "coordinates": [ [ 55.2607769, 25.1964361 ], [ 55.2607523, 25.1964296 ], [ 55.2607293, 25.1964194 ], [ 55.2607086, 25.1964058 ], [ 55.2606907, 25.1963893 ], [ 55.2606096, 25.1963179 ] ] } },
{ "type": "Feature", "properties": { "osm_id": 1089053537, "hw": "residential", "nm": "56th Street", "lanes": 2, "oneway": "no", "sw": 7.0, "swl": 2.0, "swr": 2.0, "nright": 1, "cline": "white", "key": "7.0|2.0|2.0|1|white", "bridge": 0, "net": "surface", "len_m": 21.3 }, "geometry": { "type": "LineString", "coordinates": [ [ 55.2606633, 25.1962769 ], [ 55.2607356, 25.1963556 ], [ 55.2607541, 25.1963803 ], [ 55.260768, 25.1964073 ], [ 55.2607769, 25.1964361 ] ] } },
{ "type": "Feature", "properties": { "osm_id": 1089875138, "hw": "tertiary", "nm": "Marasi Drive", "lanes": 3, "oneway": "yes", "sw": 10.5, "swl": 2.5, "swr": 2.5, "nright": 3, "cline": "none", "key": "10.5|2.5|2.5|3|none", "bridge": 0, "net": "surface", "len_m": 162.2 }, "geometry": { "type": "LineString", "coordinates": [ [ 55.2857834, 25.1845601 ], [ 55.2856781, 25.1844318 ], [ 55.2855685, 25.1843066 ], [ 55.2854546, 25.1841844 ], [ 55.2853367, 25.1840655 ], [ 55.2852147, 25.18395 ], [ 55.2850889, 25.1838333 ], [ 55.2850131, 25.1837684 ], [ 55.2849324, 25.1837037 ], [ 55.284847, 25.183644 ], [ 55.2847574, 25.1835896 ], [ 55.2846513, 25.1835344 ] ] } },
{ "type": "Feature", "properties": { "osm_id": 1089875139, "hw": "tertiary", "nm": "Marasi Drive", "lanes": 3, "oneway": "yes", "sw": 10.5, "swl": 2.5, "swr": 2.5, "nright": 3, "cline": "none", "key": "10.5|2.5|2.5|3|none", "bridge": 0, "net": "surface", "len_m": 102.0 }, "geometry": { "type": "LineString", "coordinates": [ [ 55.2887681, 25.187745 ], [ 55.2886522, 25.187627 ], [ 55.2885283, 25.1875159 ], [ 55.2883969, 25.1874122 ], [ 55.2882584, 25.1873162 ], [ 55.2881135, 25.1872303 ], [ 55.2879918, 25.1871626 ] ] } },
{ "type": "Feature", "properties": { "osm_id": 1089875141, "hw": "tertiary_link", "nm": "", "lanes": 2, "oneway": "no", "sw": 7.0, "swl": 1.0, "swr": 1.0, "nright": 1, "cline": "white", "key": "7.0|1.0|1.0|1|white", "bridge": 0, "net": "surface", "len_m": 10.2 }, "geometry": { "type": "LineString", "coordinates": [ [ 55.2778622, 25.181343 ], [ 55.2778664, 25.1814351 ] ] } },
{ "type": "Feature", "properties": { "osm_id": 1089875146, "hw": "tertiary_link", "nm": "", "lanes": 1, "oneway": "yes", "sw": 3.5, "swl": 1.0, "swr": 1.0, "nright": 1, "cline": "none", "key": "3.5|1.0|1.0|1|none", "bridge": 0, "net": "surface", "len_m": 12.4 }, "geometry": { "type": "LineString", "coordinates": [ [ 55.2862963, 25.1856646 ], [ 55.2863092, 25.1855533 ] ] } },
{ "type": "Feature", "properties": { "osm_id": 1089875147, "hw": "tertiary_link", "nm": "", "lanes": 2, "oneway": "no", "sw": 7.0, "swl": 1.0, "swr": 1.0, "nright": 1, "cline": "white", "key": "7.0|1.0|1.0|1|white", "bridge": 0, "net": "surface", "len_m": 7.0 }, "geometry": { "type": "LineString", "coordinates": [ [ 55.2852881, 25.1842519 ], [ 55.2853401, 25.1842098 ] ] } },
{ "type": "Feature", "properties": { "osm_id": 1089875149, "hw": "tertiary_link", "nm": "", "lanes": 2, "oneway": "no", "sw": 7.0, "swl": 1.0, "swr": 1.0, "nright": 1, "cline": "white", "key": "7.0|1.0|1.0|1|white", "bridge": 0, "net": "surface", "len_m": 7.5 }, "geometry": { "type": "LineString", "coordinates": [ [ 55.2858819, 25.1848545 ], [ 55.2858215, 25.1848936 ] ] } },
{ "type": "Feature", "properties": { "osm_id": 1089875150, "hw": "tertiary_link", "nm": "", "lanes": 2, "oneway": "no", "sw": 7.0, "swl": 1.0, "swr": 1.0, "nright": 1, "cline": "white", "key": "7.0|1.0|1.0|1|white", "bridge": 0, "net": "surface", "len_m": 7.4 }, "geometry": { "type": "LineString", "coordinates": [ [ 55.28642, 25.1857368 ], [ 55.2863564, 25.1857703 ] ] } },
{ "type": "Feature", "properties": { "osm_id": 1089875151, "hw": "tertiary_link", "nm": "", "lanes": 2, "oneway": "no", "sw": 7.0, "swl": 1.0, "swr": 1.0, "nright": 1, "cline": "white", "key": "7.0|1.0|1.0|1|white", "bridge": 0, "net": "surface", "len_m": 7.9 }, "geometry": { "type": "LineString", "coordinates": [ [ 55.2875345, 25.1870568 ], [ 55.2875855, 25.1870028 ] ] } },
{ "type": "Feature", "properties": { "osm_id": 1090788082, "hw": "secondary_link", "nm": "", "lanes": 1, "oneway": "yes", "sw": 3.5, "swl": 1.0, "swr": 1.0, "nright": 1, "cline": "none", "key": "3.5|1.0|1.0|1|none", "bridge": 0, "net": "surface", "len_m": 27.1 }, "geometry": { "type": "LineString", "coordinates": [ [ 55.2617872, 25.1961887 ], [ 55.2618058, 25.1961757 ], [ 55.2618997, 25.1961162 ], [ 55.2619459, 25.1960914 ], [ 55.2619755, 25.196078 ], [ 55.2620166, 25.1960631 ] ] } },
{ "type": "Feature", "properties": { "osm_id": 1090788083, "hw": "secondary_link", "nm": "", "lanes": 1, "oneway": "yes", "sw": 3.5, "swl": 1.0, "swr": 1.0, "nright": 1, "cline": "none", "key": "3.5|1.0|1.0|1|none", "bridge": 0, "net": "surface", "len_m": 34.6 }, "geometry": { "type": "LineString", "coordinates": [ [ 55.2620166, 25.1960631 ], [ 55.2619377, 25.1961397 ], [ 55.2619159, 25.1961762 ], [ 55.2619041, 25.1962163 ], [ 55.2619028, 25.1962578 ], [ 55.2619121, 25.1962984 ], [ 55.2619316, 25.1963359 ] ] } },
{ "type": "Feature", "properties": { "osm_id": 1092141077, "hw": "tertiary_link", "nm": "", "lanes": 2, "oneway": "no", "sw": 7.0, "swl": 1.0, "swr": 1.0, "nright": 1, "cline": "white", "key": "7.0|1.0|1.0|1|white", "bridge": 0, "net": "surface", "len_m": 8.8 }, "geometry": { "type": "LineString", "coordinates": [ [ 55.269095, 25.1804809 ], [ 55.269118, 25.1804039 ] ] } },
{ "type": "Feature", "properties": { "osm_id": 1092141078, "hw": "tertiary_link", "nm": "", "lanes": 2, "oneway": "no", "sw": 7.0, "swl": 1.0, "swr": 1.0, "nright": 1, "cline": "white", "key": "7.0|1.0|1.0|1|white", "bridge": 0, "net": "surface", "len_m": 8.9 }, "geometry": { "type": "LineString", "coordinates": [ [ 55.2708745, 25.181343 ], [ 55.2709326, 25.1812826 ] ] } },
{ "type": "Feature", "properties": { "osm_id": 1093524594, "hw": "secondary_link", "nm": "", "lanes": 2, "oneway": "yes", "sw": 7.0, "swl": 1.0, "swr": 1.0, "nright": 2, "cline": "none", "key": "7.0|1.0|1.0|2|none", "bridge": 0, "net": "surface", "len_m": 124.3 }, "geometry": { "type": "LineString", "coordinates": [ [ 55.261317, 25.1880646 ], [ 55.2614437, 25.1882501 ], [ 55.2615061, 25.1883253 ], [ 55.2616107, 25.1884509 ], [ 55.2616583, 25.1885128 ], [ 55.2616772, 25.1885426 ], [ 55.2617033, 25.1885839 ], [ 55.261733, 25.1886479 ], [ 55.2617556, 25.1887049 ], [ 55.2617652, 25.1887548 ], [ 55.2617686, 25.1888054 ], [ 55.2617674, 25.1888385 ], [ 55.2617636, 25.1888714 ], [ 55.2617482, 25.1889355 ], [ 55.2617228, 25.1889969 ], [ 55.2616878, 25.1890543 ] ] } },
{ "type": "Feature", "properties": { "osm_id": 1093524595, "hw": "secondary_link", "nm": "", "lanes": 2, "oneway": "yes", "sw": 7.0, "swl": 1.0, "swr": 1.0, "nright": 2, "cline": "none", "key": "7.0|1.0|1.0|2|none", "bridge": 0, "net": "surface", "len_m": 171.6 }, "geometry": { "type": "LineString", "coordinates": [ [ 55.2629766, 25.1880967 ], [ 55.2628898, 25.1881223 ], [ 55.262805, 25.1881529 ], [ 55.2627226, 25.1881885 ], [ 55.2626429, 25.1882288 ], [ 55.2625662, 25.1882737 ], [ 55.2620824, 25.1886371 ], [ 55.2620436, 25.1886663 ], [ 55.2619549, 25.1887183 ], [ 55.2618999, 25.1887468 ], [ 55.2618436, 25.1887734 ], [ 55.2617686, 25.1888054 ], [ 55.261689, 25.1888337 ], [ 55.2616092, 25.1888582 ], [ 55.2615282, 25.1888787 ] ] } },
{ "type": "Feature", "properties": { "osm_id": 1093524596, "hw": "secondary_link", "nm": "", "lanes": 2, "oneway": "yes", "sw": 7.0, "swl": 1.0, "swr": 1.0, "nright": 2, "cline": "none", "key": "7.0|1.0|1.0|2|none", "bridge": 0, "net": "surface", "len_m": 135.0 }, "geometry": { "type": "LineString", "coordinates": [ [ 55.2623004, 25.1897116 ], [ 55.2622825, 25.1896484 ], [ 55.2622551, 25.189588 ], [ 55.2622235, 25.1895381 ], [ 55.2621853, 25.1894921 ], [ 55.2619685, 25.1892466 ], [ 55.2619257, 25.189194 ], [ 55.2618906, 25.1891368 ], [ 55.2618857, 25.1891257 ], [ 55.2618637, 25.1890761 ], [ 55.2618513, 25.1890031 ], [ 55.2618422, 25.1889366 ], [ 55.2618386, 25.1888911 ], [ 55.261837, 25.1888437 ], [ 55.2618436, 25.1887734 ], [ 55.2618536, 25.1886922 ], [ 55.2618684, 25.1886178 ] ] } },
{ "type": "Feature", "properties": { "osm_id": 1093524597, "hw": "secondary_link", "nm": "", "lanes": 2, "oneway": "yes", "sw": 7.0, "swl": 1.0, "swr": 1.0, "nright": 2, "cline": "none", "key": "7.0|1.0|1.0|2|none", "bridge": 0, "net": "surface", "len_m": 150.4 }, "geometry": { "type": "LineString", "coordinates": [ [ 55.2607771, 25.1895109 ], [ 55.2608419, 25.189492 ], [ 55.2609045, 25.1894676 ], [ 55.2609643, 25.1894381 ], [ 55.2610208, 25.1894037 ], [ 55.2610736, 25.1893647 ], [ 55.2614785, 25.1890584 ], [ 55.2615169, 25.1890294 ], [ 55.2616047, 25.1889629 ], [ 55.2616674, 25.1889219 ], [ 55.2617636, 25.1888714 ], [ 55.261837, 25.1888437 ], [ 55.2619298, 25.1888166 ], [ 55.2620235, 25.1887979 ] ] } },
{ "type": "Feature", "properties": { "osm_id": 1093741615, "hw": "tertiary_link", "nm": "", "lanes": 1, "oneway": "yes", "sw": 3.5, "swl": 1.0, "swr": 1.0, "nright": 1, "cline": "none", "key": "3.5|1.0|1.0|1|none", "bridge": 0, "net": "surface", "len_m": 17.3 }, "geometry": { "type": "LineString", "coordinates": [ [ 55.2602089, 25.186671 ], [ 55.2602446, 25.1868241 ] ] } },
{ "type": "Feature", "properties": { "osm_id": 1093799799, "hw": "secondary_link", "nm": "", "lanes": 2, "oneway": "no", "sw": 7.0, "swl": 1.0, "swr": 1.0, "nright": 1, "cline": "white", "key": "7.0|1.0|1.0|1|white", "bridge": 0, "net": "surface", "len_m": 11.0 }, "geometry": { "type": "LineString", "coordinates": [ [ 55.2840708, 25.1895677 ], [ 55.2839621, 25.1895752 ] ] } },
{ "type": "Feature", "properties": { "osm_id": 1093992492, "hw": "primary", "nm": "Sheikh Mohammed bin Rashid Boulevard", "lanes": 3, "oneway": "yes", "sw": 10.5, "swl": 3.0, "swr": 3.0, "nright": 3, "cline": "none", "key": "10.5|3.0|3.0|3|none", "bridge": 0, "net": "surface", "len_m": 118.8 }, "geometry": { "type": "LineString", "coordinates": [ [ 55.2818302, 25.1952042 ], [ 55.2816368, 25.1949515 ], [ 55.281528, 25.1948104 ], [ 55.2813931, 25.1946562 ], [ 55.2812519, 25.1945062 ], [ 55.2811049, 25.1943608 ] ] } },
{ "type": "Feature", "properties": { "osm_id": 1094106449, "hw": "secondary_link", "nm": "", "lanes": 1, "oneway": "yes", "sw": 3.5, "swl": 1.0, "swr": 1.0, "nright": 1, "cline": "none", "key": "3.5|1.0|1.0|1|none", "bridge": 0, "net": "surface", "len_m": 16.3 }, "geometry": { "type": "LineString", "coordinates": [ [ 55.28462, 25.1911887 ], [ 55.2847804, 25.1912054 ] ] } },
{ "type": "Feature", "properties": { "osm_id": 1094106452, "hw": "secondary_link", "nm": "", "lanes": 2, "oneway": "no", "sw": 7.0, "swl": 1.0, "swr": 1.0, "nright": 1, "cline": "white", "key": "7.0|1.0|1.0|1|white", "bridge": 0, "net": "surface", "len_m": 11.8 }, "geometry": { "type": "LineString", "coordinates": [ [ 55.2814122, 25.1847138 ], [ 55.2813503, 25.1848046 ] ] } },
{ "type": "Feature", "properties": { "osm_id": 1095588933, "hw": "tertiary_link", "nm": "", "lanes": 1, "oneway": "yes", "sw": 3.5, "swl": 1.0, "swr": 1.0, "nright": 1, "cline": "none", "key": "3.5|1.0|1.0|1|none", "bridge": 0, "net": "surface", "len_m": 139.0 }, "geometry": { "type": "LineString", "coordinates": [ [ 55.2703293, 25.1900438 ], [ 55.2702171, 25.190041 ], [ 55.2701418, 25.1900846 ], [ 55.2700918, 25.1901183 ], [ 55.2700429, 25.1901555 ], [ 55.2699247, 25.1902372 ], [ 55.2698289, 25.1903035 ], [ 55.2696957, 25.1904016 ], [ 55.2695836, 25.1904788 ], [ 55.269482, 25.1905529 ], [ 55.269447, 25.1905806 ], [ 55.2693912, 25.1906097 ], [ 55.2693467, 25.1906359 ], [ 55.2693223, 25.190649 ], [ 55.2692754, 25.1906613 ], [ 55.2692215, 25.1906682 ], [ 55.2691764, 25.1906607 ] ] } },
{ "type": "Feature", "properties": { "osm_id": 1095588934, "hw": "secondary_link", "nm": "", "lanes": 2, "oneway": "yes", "sw": 7.0, "swl": 1.0, "swr": 1.0, "nright": 2, "cline": "none", "key": "7.0|1.0|1.0|2|none", "bridge": 0, "net": "surface", "len_m": 175.2 }, "geometry": { "type": "LineString", "coordinates": [ [ 55.2710784, 25.1893608 ], [ 55.2711585, 25.1893395 ], [ 55.2712422, 25.1893106 ], [ 55.2713172, 25.1892831 ], [ 55.2713899, 25.1892398 ], [ 55.2714701, 25.1891965 ], [ 55.272293, 25.1887258 ], [ 55.2723355, 25.1886998 ], [ 55.2723797, 25.1886712 ], [ 55.2724354, 25.1886475 ], [ 55.2724632, 25.1886361 ], [ 55.2724912, 25.1886279 ], [ 55.2725227, 25.1886274 ], [ 55.2725528, 25.1886353 ], [ 55.2725891, 25.1886551 ] ] } },
{ "type": "Feature", "properties": { "osm_id": 1095588935, "hw": "secondary_link", "nm": "", "lanes": 2, "oneway": "yes", "sw": 7.0, "swl": 1.0, "swr": 1.0, "nright": 2, "cline": "none", "key": "7.0|1.0|1.0|2|none", "bridge": 0, "net": "surface", "len_m": 162.1 }, "geometry": { "type": "LineString", "coordinates": [ [ 55.2737645, 25.1878731 ], [ 55.2736929, 25.1878853 ], [ 55.2736231, 25.1879043 ], [ 55.2735653, 25.1879402 ], [ 55.2734399, 25.1880219 ], [ 55.2726977, 25.1884882 ], [ 55.2726641, 25.1885049 ], [ 55.272583, 25.1885358 ], [ 55.2725159, 25.1885588 ], [ 55.2724854, 25.1885677 ], [ 55.2724667, 25.1885705 ], [ 55.2724425, 25.1885751 ], [ 55.2724079, 25.1885728 ], [ 55.2723805, 25.1885654 ] ] } },
{ "type": "Feature", "properties": { "osm_id": 1095588936, "hw": "secondary_link", "nm": "", "lanes": 1, "oneway": "yes", "sw": 3.5, "swl": 1.0, "swr": 1.0, "nright": 1, "cline": "none", "key": "3.5|1.0|1.0|1|none", "bridge": 0, "net": "surface", "len_m": 99.2 }, "geometry": { "type": "LineString", "coordinates": [ [ 55.2729169, 25.1892889 ], [ 55.27288, 25.1892086 ], [ 55.2728388, 25.18913 ], [ 55.2727934, 25.1890533 ], [ 55.2727438, 25.1889788 ], [ 55.272636, 25.1888301 ], [ 55.2726009, 25.1887865 ], [ 55.2725368, 25.188692 ], [ 55.2724933, 25.1886327 ], [ 55.2724912, 25.1886279 ], [ 55.2724667, 25.1885705 ], [ 55.2724608, 25.1885456 ], [ 55.2724635, 25.188526 ], [ 55.2724698, 25.1885061 ] ] } },
{ "type": "Feature", "properties": { "osm_id": 1095588937, "hw": "tertiary_link", "nm": "", "lanes": 1, "oneway": "yes", "sw": 3.5, "swl": 1.0, "swr": 1.0, "nright": 1, "cline": "none", "key": "3.5|1.0|1.0|1|none", "bridge": 0, "net": "surface", "len_m": 185.5 }, "geometry": { "type": "LineString", "coordinates": [ [ 55.2744271, 25.1872664 ], [ 55.2745524, 25.187217 ], [ 55.2746552, 25.1871793 ], [ 55.2747823, 25.1871061 ], [ 55.2749044, 25.1870237 ], [ 55.2756844, 25.186545 ], [ 55.2757296, 25.1865172 ], [ 55.2757991, 25.1864829 ], [ 55.2758752, 25.1864628 ], [ 55.2759413, 25.1864575 ], [ 55.2760102, 25.1864716 ] ] } },
{ "type": "Feature", "properties": { "osm_id": 1095588938, "hw": "tertiary_link", "nm": "", "lanes": 1, "oneway": "yes", "sw": 3.5, "swl": 1.0, "swr": 1.0, "nright": 1, "cline": "none", "key": "3.5|1.0|1.0|1|none", "bridge": 0, "net": "surface", "len_m": 97.6 }, "geometry": { "type": "LineString", "coordinates": [ [ 55.2766458, 25.1860343 ], [ 55.2765457, 25.186065 ], [ 55.2764697, 25.1861176 ], [ 55.2763753, 25.1861739 ], [ 55.2762803, 25.1862361 ], [ 55.2761393, 25.1863162 ], [ 55.2760751, 25.1863585 ], [ 55.2760295, 25.186386 ], [ 55.2759792, 25.1863948 ], [ 55.2759352, 25.1863875 ], [ 55.2758545, 25.1863775 ], [ 55.2757951, 25.1863741 ] ] } },
{ "type": "Feature", "properties": { "osm_id": 1095857061, "hw": "residential", "nm": "", "lanes": 2, "oneway": "yes", "sw": 7.0, "swl": 2.0, "swr": 2.0, "nright": 2, "cline": "none", "key": "7.0|2.0|2.0|2|none", "bridge": 0, "net": "surface", "len_m": 19.6 }, "geometry": { "type": "LineString", "coordinates": [ [ 55.2656107, 25.1938188 ], [ 55.2656516, 25.193778 ], [ 55.2656721, 25.1937573 ], [ 55.2656949, 25.1937386 ], [ 55.2657186, 25.1937211 ], [ 55.2657527, 25.1936988 ] ] } },
{ "type": "Feature", "properties": { "osm_id": 1095857062, "hw": "residential", "nm": "", "lanes": 2, "oneway": "yes", "sw": 7.0, "swl": 2.0, "swr": 2.0, "nright": 2, "cline": "none", "key": "7.0|2.0|2.0|2|none", "bridge": 0, "net": "surface", "len_m": 19.0 }, "geometry": { "type": "LineString", "coordinates": [ [ 55.2657527, 25.1936988 ], [ 55.2657363, 25.1937316 ], [ 55.2657243, 25.1937546 ], [ 55.2657106, 25.1937777 ], [ 55.2656943, 25.1937994 ], [ 55.2656593, 25.1938472 ] ] } },
{ "type": "Feature", "properties": { "osm_id": 1095857063, "hw": "residential", "nm": "", "lanes": 2, "oneway": "no", "sw": 7.0, "swl": 2.0, "swr": 2.0, "nright": 1, "cline": "white", "key": "7.0|2.0|2.0|1|white", "bridge": 0, "net": "surface", "len_m": 4.4 }, "geometry": { "type": "LineString", "coordinates": [ [ 55.2657807, 25.1936682 ], [ 55.2657527, 25.1936988 ] ] } },
{ "type": "Feature", "properties": { "osm_id": 1095857064, "hw": "residential", "nm": "", "lanes": 2, "oneway": "yes", "sw": 7.0, "swl": 2.0, "swr": 2.0, "nright": 2, "cline": "none", "key": "7.0|2.0|2.0|2|none", "bridge": 0, "net": "surface", "len_m": 50.5 }, "geometry": { "type": "LineString", "coordinates": [ [ 55.2659541, 25.194079 ], [ 55.2660366, 25.1941582 ], [ 55.2660639, 25.1941887 ], [ 55.2660812, 25.1942247 ], [ 55.2660871, 25.1942636 ], [ 55.2660811, 25.1943025 ], [ 55.2660638, 25.1943385 ], [ 55.2660364, 25.1943689 ], [ 55.266001, 25.1943915 ], [ 55.2659359, 25.1944323 ] ] } },
{ "type": "Feature", "properties": { "osm_id": 1095857065, "hw": "residential", "nm": "", "lanes": 2, "oneway": "no", "sw": 7.0, "swl": 2.0, "swr": 2.0, "nright": 1, "cline": "white", "key": "7.0|2.0|2.0|1|white", "bridge": 0, "net": "surface", "len_m": 66.0 }, "geometry": { "type": "LineString", "coordinates": [ [ 55.2654262, 25.1948058 ], [ 55.2654818, 25.1947621 ], [ 55.2659359, 25.1944323 ] ] } },
{ "type": "Feature", "properties": { "osm_id": 1096692947, "hw": "primary_link", "nm": "", "lanes": 2, "oneway": "yes", "sw": 7.0, "swl": 1.0, "swr": 1.0, "nright": 2, "cline": "none", "key": "7.0|1.0|1.0|2|none", "bridge": 0, "net": "surface", "len_m": 153.3 }, "geometry": { "type": "LineString", "coordinates": [ [ 55.2732916, 25.1896098 ], [ 55.2733429, 25.1896332 ], [ 55.2733925, 25.1896594 ], [ 55.2734403, 25.1896883 ], [ 55.2735667, 25.1897713 ], [ 55.2736443, 25.1898265 ], [ 55.2736918, 25.1898665 ], [ 55.2737166, 25.1898872 ], [ 55.2737834, 25.1899532 ], [ 55.2738189, 25.1899947 ], [ 55.2738436, 25.1900235 ], [ 55.2738975, 25.1900982 ], [ 55.2739445, 25.1901767 ], [ 55.2739842, 25.1902584 ], [ 55.2740165, 25.1903427 ], [ 55.2740568, 25.1904776 ], [ 55.2740643, 25.1905068 ], [ 55.2740756, 25.190535 ], [ 55.2740979, 25.1905726 ], [ 55.2741269, 25.1906064 ], [ 55.2741618, 25.1906352 ], [ 55.2742015, 25.1906562 ] ] } },
{ "type": "Feature", "properties": { "osm_id": 1096699345, "hw": "residential", "nm": "", "lanes": 2, "oneway": "yes", "sw": 7.0, "swl": 2.0, "swr": 2.0, "nright": 2, "cline": "none", "key": "7.0|2.0|2.0|2|none", "bridge": 0, "net": "surface", "len_m": 36.1 }, "geometry": { "type": "LineString", "coordinates": [ [ 55.2692202, 25.1927008 ], [ 55.2692069, 25.1927344 ], [ 55.2691845, 25.1927641 ], [ 55.2691543, 25.1927865 ], [ 55.2691219, 25.1928057 ], [ 55.2690906, 25.1928252 ], [ 55.2690645, 25.1928494 ], [ 55.2690465, 25.1928736 ], [ 55.2690325, 25.1928999 ], [ 55.2690235, 25.1929557 ] ] } },
{ "type": "Feature", "properties": { "osm_id": 1096699346, "hw": "residential", "nm": "", "lanes": 2, "oneway": "yes", "sw": 7.0, "swl": 2.0, "swr": 2.0, "nright": 2, "cline": "none", "key": "7.0|2.0|2.0|2|none", "bridge": 0, "net": "surface", "len_m": 34.3 }, "geometry": { "type": "LineString", "coordinates": [ [ 55.2689195, 25.1927007 ], [ 55.2689671, 25.1927366 ], [ 55.2690052, 25.1927544 ], [ 55.2690469, 25.1927635 ], [ 55.2690898, 25.1927635 ], [ 55.2691315, 25.1927542 ], [ 55.2691696, 25.1927363 ], [ 55.2692202, 25.1927008 ] ] } },
{ "type": "Feature", "properties": { "osm_id": 1096978320, "hw": "residential", "nm": "", "lanes": 2, "oneway": "yes", "sw": 7.0, "swl": 2.0, "swr": 2.0, "nright": 2, "cline": "none", "key": "7.0|2.0|2.0|2|none", "bridge": 0, "net": "surface", "len_m": 25.9 }, "geometry": { "type": "LineString", "coordinates": [ [ 55.2801953, 25.1909067 ], [ 55.280414, 25.1907848 ] ] } },
{ "type": "Feature", "properties": { "osm_id": 1096978321, "hw": "residential", "nm": "", "lanes": 2, "oneway": "yes", "sw": 7.0, "swl": 2.0, "swr": 2.0, "nright": 2, "cline": "none", "key": "7.0|2.0|2.0|2|none", "bridge": 0, "net": "surface", "len_m": 28.7 }, "geometry": { "type": "LineString", "coordinates": [ [ 55.280414, 25.1907848 ], [ 55.2803725, 25.1908381 ], [ 55.2803592, 25.1908637 ], [ 55.280349, 25.1908905 ], [ 55.2803422, 25.1909181 ], [ 55.2803387, 25.1909462 ], [ 55.2803391, 25.1909861 ], [ 55.2803464, 25.1910266 ] ] } },
{ "type": "Feature", "properties": { "osm_id": 1097664123, "hw": "tertiary_link", "nm": "", "lanes": 1, "oneway": "yes", "sw": 3.5, "swl": 1.0, "swr": 1.0, "nright": 1, "cline": "none", "key": "3.5|1.0|1.0|1|none", "bridge": 0, "net": "surface", "len_m": 188.0 }, "geometry": { "type": "LineString", "coordinates": [ [ 55.2828296, 25.1931719 ], [ 55.2827998, 25.1931364 ], [ 55.2827663, 25.1931037 ], [ 55.2827294, 25.1930741 ], [ 55.2826895, 25.1930479 ], [ 55.282647, 25.1930241 ], [ 55.2823509, 25.1928627 ], [ 55.2822617, 25.1928108 ], [ 55.2821741, 25.1927568 ], [ 55.2820881, 25.1927007 ], [ 55.2820038, 25.1926425 ], [ 55.2819213, 25.1925823 ], [ 55.2818405, 25.1925201 ], [ 55.2817617, 25.192456 ], [ 55.2815737, 25.1922867 ], [ 55.2815603, 25.1922737 ], [ 55.2815366, 25.1922462 ], [ 55.2815101, 25.1922044 ], [ 55.2814841, 25.1921366 ], [ 55.2814758, 25.1920652 ] ] } },
{ "type": "Feature", "properties": { "osm_id": 1097688859, "hw": "residential", "nm": "", "lanes": 2, "oneway": "yes", "sw": 7.0, "swl": 2.0, "swr": 2.0, "nright": 2, "cline": "none", "key": "7.0|2.0|2.0|2|none", "bridge": 0, "net": "surface", "len_m": 34.7 }, "geometry": { "type": "LineString", "coordinates": [ [ 55.2781353, 25.1869046 ], [ 55.2781093, 25.1869292 ], [ 55.2780874, 25.1869569 ], [ 55.2780701, 25.1869871 ], [ 55.277972, 25.1871784 ] ] } },
{ "type": "Feature", "properties": { "osm_id": 1097688860, "hw": "residential", "nm": "", "lanes": 2, "oneway": "no", "sw": 7.0, "swl": 2.0, "swr": 2.0, "nright": 1, "cline": "white", "key": "7.0|2.0|2.0|1|white", "bridge": 0, "net": "surface", "len_m": 8.8 }, "geometry": { "type": "LineString", "coordinates": [ [ 55.2782296, 25.1865737 ], [ 55.2781498, 25.186542 ] ] } },
{ "type": "Feature", "properties": { "osm_id": 1097688861, "hw": "residential", "nm": "", "lanes": 2, "oneway": "yes", "sw": 7.0, "swl": 2.0, "swr": 2.0, "nright": 2, "cline": "none", "key": "7.0|2.0|2.0|2|none", "bridge": 0, "net": "surface", "len_m": 19.0 }, "geometry": { "type": "LineString", "coordinates": [ [ 55.2780748, 25.186654 ], [ 55.2780964, 25.1866309 ], [ 55.2781153, 25.186606 ], [ 55.2781311, 25.1865793 ], [ 55.2781498, 25.186542 ], [ 55.2781649, 25.1865046 ] ] } },
{ "type": "Feature", "properties": { "osm_id": 1097688862, "hw": "residential", "nm": "", "lanes": 2, "oneway": "yes", "sw": 7.0, "swl": 2.0, "swr": 2.0, "nright": 2, "cline": "none", "key": "7.0|2.0|2.0|2|none", "bridge": 0, "net": "surface", "len_m": 67.2 }, "geometry": { "type": "LineString", "coordinates": [ [ 55.2765573, 25.1868737 ], [ 55.2765513, 25.1868161 ], [ 55.2765482, 25.1867582 ], [ 55.2765479, 25.1867002 ], [ 55.2765569, 25.1864861 ], [ 55.2765643, 25.1864424 ], [ 55.2765797, 25.1864005 ], [ 55.276602, 25.1863623 ], [ 55.2766309, 25.186328 ], [ 55.2766656, 25.1862984 ] ] } },
{ "type": "Feature", "properties": { "osm_id": 1098272460, "hw": "residential", "nm": "", "lanes": 2, "oneway": "no", "sw": 7.0, "swl": 2.0, "swr": 2.0, "nright": 1, "cline": "white", "key": "7.0|2.0|2.0|1|white", "bridge": 0, "net": "surface", "len_m": 50.4 }, "geometry": { "type": "LineString", "coordinates": [ [ 55.2752508, 25.188856 ], [ 55.2752673, 25.1888369 ], [ 55.2752914, 25.1888264 ], [ 55.2753181, 25.1888266 ], [ 55.275342, 25.1888376 ], [ 55.2753579, 25.1888572 ], [ 55.275363, 25.1888807 ], [ 55.2753557, 25.188904 ], [ 55.2753207, 25.1889594 ], [ 55.2753056, 25.1889744 ], [ 55.2752853, 25.188983 ], [ 55.2752631, 25.188984 ], [ 55.2752415, 25.188979 ], [ 55.2752255, 25.1889673 ], [ 55.2752156, 25.1889486 ], [ 55.2752145, 25.188928 ], [ 55.2752213, 25.1889066 ], [ 55.2752508, 25.188856 ] ] } },
{ "type": "Feature", "properties": { "osm_id": 1098281368, "hw": "residential", "nm": "", "lanes": 2, "oneway": "no", "sw": 7.0, "swl": 2.0, "swr": 2.0, "nright": 1, "cline": "white", "key": "7.0|2.0|2.0|1|white", "bridge": 0, "net": "surface", "len_m": 177.3 }, "geometry": { "type": "LineString", "coordinates": [ [ 55.2721354, 25.1949032 ], [ 55.2721317, 25.194869 ], [ 55.2721306, 25.1948165 ], [ 55.2721352, 25.194764 ], [ 55.2721455, 25.1947122 ], [ 55.2721613, 25.1946615 ], [ 55.2722383, 25.1944889 ], [ 55.2722462, 25.1944599 ], [ 55.2722466, 25.19443 ], [ 55.2722394, 25.1944009 ], [ 55.2722249, 25.194374 ], [ 55.272204, 25.1943508 ], [ 55.2721673, 25.1943251 ], [ 55.2721275, 25.1943043 ], [ 55.2720773, 25.194279 ], [ 55.2720241, 25.1942594 ], [ 55.2719699, 25.1942373 ], [ 55.2719244, 25.1942178 ], [ 55.2718777, 25.1942037 ], [ 55.2718295, 25.1941951 ], [ 55.2717804, 25.1941921 ], [ 55.2717313, 25.1941948 ], [ 55.2716753, 25.194209 ], [ 55.2716178, 25.1942176 ], [ 55.2715597, 25.19422 ], [ 55.271493, 25.1942154 ], [ 55.2714277, 25.1942023 ], [ 55.2713651, 25.1941809 ], [ 55.2713105, 25.1941493 ], [ 55.2712819, 25.1941211 ], [ 55.2712541, 25.1940927 ], [ 55.2712221, 25.1940655 ], [ 55.2711901, 25.1940441 ] ] } },
{ "type": "Feature", "properties": { "osm_id": 1098547374, "hw": "residential", "nm": "", "lanes": 2, "oneway": "no", "sw": 7.0, "swl": 2.0, "swr": 2.0, "nright": 1, "cline": "white", "key": "7.0|2.0|2.0|1|white", "bridge": 0, "net": "surface", "len_m": 4.6 }, "geometry": { "type": "LineString", "coordinates": [ [ 55.2747872, 25.1923266 ], [ 55.2747795, 25.192286 ] ] } },
{ "type": "Feature", "properties": { "osm_id": 1098776825, "hw": "residential", "nm": "", "lanes": 2, "oneway": "yes", "sw": 7.0, "swl": 2.0, "swr": 2.0, "nright": 2, "cline": "none", "key": "7.0|2.0|2.0|2|none", "bridge": 0, "net": "surface", "len_m": 16.6 }, "geometry": { "type": "LineString", "coordinates": [ [ 55.2730773, 25.1924828 ], [ 55.2730673, 25.1924464 ], [ 55.2730486, 25.192413 ], [ 55.2730221, 25.1923841 ], [ 55.2729892, 25.1923613 ] ] } },
{ "type": "Feature", "properties": { "osm_id": 1098776826, "hw": "residential", "nm": "", "lanes": 2, "oneway": "yes", "sw": 7.0, "swl": 2.0, "swr": 2.0, "nright": 2, "cline": "none", "key": "7.0|2.0|2.0|2|none", "bridge": 0, "net": "surface", "len_m": 18.8 }, "geometry": { "type": "LineString", "coordinates": [ [ 55.2731354, 25.1922816 ], [ 55.2731708, 25.1923094 ], [ 55.2732006, 25.1923422 ], [ 55.2732239, 25.192379 ], [ 55.27324, 25.1924189 ] ] } },
{ "type": "Feature", "properties": { "osm_id": 1103090504, "hw": "residential", "nm": "", "lanes": 2, "oneway": "yes", "sw": 7.0, "swl": 2.0, "swr": 2.0, "nright": 2, "cline": "none", "key": "7.0|2.0|2.0|2|none", "bridge": 0, "net": "surface", "len_m": 62.8 }, "geometry": { "type": "LineString", "coordinates": [ [ 55.2776665, 25.1877345 ], [ 55.2776741, 25.1877042 ], [ 55.2776823, 25.1876815 ], [ 55.2777438, 25.1875656 ], [ 55.2778015, 25.1874487 ], [ 55.2778556, 25.1873306 ], [ 55.2778776, 25.1872707 ], [ 55.2778967, 25.1872093 ] ] } },
{ "type": "Feature", "properties": { "osm_id": 1103090505, "hw": "residential", "nm": "", "lanes": 2, "oneway": "yes", "sw": 7.0, "swl": 2.0, "swr": 2.0, "nright": 2, "cline": "none", "key": "7.0|2.0|2.0|2|none", "bridge": 0, "net": "surface", "len_m": 62.8 }, "geometry": { "type": "LineString", "coordinates": [ [ 55.2779425, 25.1872285 ], [ 55.2779105, 25.1872828 ], [ 55.2778804, 25.187342 ], [ 55.2778259, 25.1874574 ], [ 55.2777677, 25.1875752 ], [ 55.277706, 25.1876915 ], [ 55.2776892, 25.1877124 ], [ 55.2776665, 25.1877345 ] ] } },
{ "type": "Feature", "properties": { "osm_id": 1103090506, "hw": "residential", "nm": "School Street", "lanes": 2, "oneway": "yes", "sw": 7.0, "swl": 2.0, "swr": 2.0, "nright": 2, "cline": "none", "key": "7.0|2.0|2.0|2|none", "bridge": 0, "net": "surface", "len_m": 126.9 }, "geometry": { "type": "LineString", "coordinates": [ [ 55.2789502, 25.1878894 ], [ 55.2788554, 25.1878339 ], [ 55.2787747, 25.1877576 ], [ 55.2786922, 25.1876751 ], [ 55.2785972, 25.1875748 ], [ 55.2784733, 25.1874859 ], [ 55.2783428, 25.1874052 ], [ 55.2782061, 25.1873332 ], [ 55.2780642, 25.1872703 ], [ 55.2779425, 25.1872285 ] ] } },
{ "type": "Feature", "properties": { "osm_id": 1112709250, "hw": "tertiary_link", "nm": "", "lanes": 2, "oneway": "no", "sw": 7.0, "swl": 1.0, "swr": 1.0, "nright": 1, "cline": "white", "key": "7.0|1.0|1.0|1|white", "bridge": 0, "net": "surface", "len_m": 11.3 }, "geometry": { "type": "LineString", "coordinates": [ [ 55.2846513, 25.1835344 ], [ 55.2845805, 25.1836131 ] ] } },
{ "type": "Feature", "properties": { "osm_id": 1122952068, "hw": "secondary", "nm": "Al Badaa' Street", "lanes": 2, "oneway": "yes", "sw": 7.0, "swl": 3.0, "swr": 3.0, "nright": 2, "cline": "none", "key": "7.0|3.0|3.0|2|none", "bridge": 0, "net": "surface", "len_m": 607.1 }, "geometry": { "type": "LineString", "coordinates": [ [ 55.2579118, 25.1919945 ], [ 55.2579348, 25.1920309 ], [ 55.2579608, 25.1920657 ], [ 55.2579896, 25.1920986 ], [ 55.2580761, 25.1921944 ], [ 55.2584376, 25.192576 ], [ 55.2585114, 25.1926571 ], [ 55.259088, 25.1932909 ], [ 55.2594854, 25.1937184 ], [ 55.2599255, 25.1941792 ], [ 55.2599527, 25.194211 ], [ 55.2600655, 25.1943351 ], [ 55.2609152, 25.1952489 ], [ 55.260932, 25.1952668 ], [ 55.2616466, 25.1960291 ], [ 55.2617872, 25.1961887 ] ] } },
{ "type": "Feature", "properties": { "osm_id": 1122952070, "hw": "tertiary", "nm": "", "lanes": 2, "oneway": "no", "sw": 7.0, "swl": 2.5, "swr": 2.5, "nright": 1, "cline": "white", "key": "7.0|2.5|2.5|1|white", "bridge": 0, "net": "surface", "len_m": 18.5 }, "geometry": { "type": "LineString", "coordinates": [ [ 55.2577119, 25.1920838 ], [ 55.2576796, 25.1920676 ], [ 55.2576527, 25.1920447 ], [ 55.257633, 25.1920165 ], [ 55.2576215, 25.1919847 ], [ 55.2576192, 25.1919514 ] ] } },
{ "type": "Feature", "properties": { "osm_id": 1122952071, "hw": "tertiary", "nm": "", "lanes": 2, "oneway": "yes", "sw": 7.0, "swl": 2.5, "swr": 2.5, "nright": 2, "cline": "none", "key": "7.0|2.5|2.5|2|none", "bridge": 0, "net": "surface", "len_m": 20.9 }, "geometry": { "type": "LineString", "coordinates": [ [ 55.2555778, 25.1935255 ], [ 55.2555799, 25.1935119 ], [ 55.255597, 25.1934721 ], [ 55.255628, 25.1934399 ], [ 55.2556693, 25.1934193 ], [ 55.2557159, 25.1934128 ], [ 55.25572, 25.1934129 ] ] } },
{ "type": "Feature", "properties": { "osm_id": 1122952072, "hw": "tertiary", "nm": "", "lanes": 2, "oneway": "yes", "sw": 7.0, "swl": 2.5, "swr": 2.5, "nright": 2, "cline": "none", "key": "7.0|2.5|2.5|2|none", "bridge": 0, "net": "surface", "len_m": 20.0 }, "geometry": { "type": "LineString", "coordinates": [ [ 55.2556879, 25.1936564 ], [ 55.2556564, 25.1936473 ], [ 55.2556282, 25.1936315 ], [ 55.2556051, 25.1936101 ], [ 55.2555884, 25.1935842 ], [ 55.2555791, 25.1935554 ], [ 55.2555778, 25.1935255 ] ] } },
{ "type": "Feature", "properties": { "osm_id": 1122952085, "hw": "tertiary", "nm": "", "lanes": 2, "oneway": "yes", "sw": 7.0, "swl": 2.5, "swr": 2.5, "nright": 2, "cline": "none", "key": "7.0|2.5|2.5|2|none", "bridge": 0, "net": "surface", "len_m": 22.4 }, "geometry": { "type": "LineString", "coordinates": [ [ 55.2558482, 25.1935496 ], [ 55.2558458, 25.1935624 ], [ 55.2558419, 25.1935749 ], [ 55.2558296, 25.193599 ], [ 55.255812, 25.19362 ], [ 55.2557897, 25.1936372 ], [ 55.2557639, 25.1936497 ], [ 55.2557357, 25.1936569 ], [ 55.2557118, 25.1936586 ], [ 55.2556879, 25.1936564 ] ] } },
{ "type": "Feature", "properties": { "osm_id": 1122952086, "hw": "tertiary", "nm": "", "lanes": 2, "oneway": "no", "sw": 7.0, "swl": 2.5, "swr": 2.5, "nright": 1, "cline": "white", "key": "7.0|2.5|2.5|1|white", "bridge": 0, "net": "surface", "len_m": 25.1 }, "geometry": { "type": "LineString", "coordinates": [ [ 55.2579118, 25.1919945 ], [ 55.2578856, 25.1920389 ], [ 55.257857, 25.1920654 ], [ 55.2578214, 25.1920837 ], [ 55.2577818, 25.1920924 ], [ 55.2577462, 25.192092 ], [ 55.2577119, 25.1920838 ] ] } },
{ "type": "Feature", "properties": { "osm_id": 1122952087, "hw": "tertiary", "nm": "Umm Amara Street", "lanes": 2, "oneway": "yes", "sw": 7.0, "swl": 2.5, "swr": 2.5, "nright": 2, "cline": "none", "key": "7.0|2.5|2.5|2|none", "bridge": 0, "net": "surface", "len_m": 41.5 }, "geometry": { "type": "LineString", "coordinates": [ [ 55.2587496, 25.1912242 ], [ 55.2586931, 25.1912534 ], [ 55.2586395, 25.1912869 ], [ 55.2585893, 25.1913245 ], [ 55.258445, 25.1914722 ] ] } },
{ "type": "Feature", "properties": { "osm_id": 1123829023, "hw": "tertiary", "nm": "Al Mustaqbal Street", "lanes": 5, "oneway": "yes", "sw": 17.5, "swl": 2.5, "swr": 2.5, "nright": 5, "cline": "none", "key": "17.5|2.5|2.5|5|none", "bridge": 0, "net": "surface", "len_m": 37.5 }, "geometry": { "type": "LineString", "coordinates": [ [ 55.2623004, 25.1897116 ], [ 55.2620555, 25.1894564 ] ] } },
{ "type": "Feature", "properties": { "osm_id": 1123829024, "hw": "secondary", "nm": "Al Khaleej Al Tejari 1 Street", "lanes": 4, "oneway": "yes", "sw": 14.0, "swl": 3.0, "swr": 3.0, "nright": 4, "cline": "none", "key": "14.0|3.0|3.0|4|none", "bridge": 0, "net": "surface", "len_m": 29.4 }, "geometry": { "type": "LineString", "coordinates": [ [ 55.2607771, 25.1895109 ], [ 55.2609932, 25.1893325 ] ] } },
{ "type": "Feature", "properties": { "osm_id": 1123829025, "hw": "tertiary", "nm": "Al Mustaqbal Street", "lanes": 2, "oneway": "yes", "sw": 7.0, "swl": 2.5, "swr": 2.5, "nright": 2, "cline": "none", "key": "7.0|2.5|2.5|2|none", "bridge": 0, "net": "surface", "len_m": 49.7 }, "geometry": { "type": "LineString", "coordinates": [ [ 55.261317, 25.1880646 ], [ 55.261655, 25.1883918 ] ] } },
{ "type": "Feature", "properties": { "osm_id": 1134679176, "hw": "motorway", "nm": "Sheikh Zayed Road (south)", "lanes": 6, "oneway": "yes", "sw": 21.0, "swl": 0.0, "swr": 0.0, "nright": 6, "cline": "none", "key": "21.0|0.0|0.0|6|none", "bridge": 1, "net": "freeway", "len_m": 63.1 }, "geometry": { "type": "LineString", "coordinates": [ [ 55.2531574, 25.184376 ], [ 55.2527731, 25.1839261 ] ] } },
{ "type": "Feature", "properties": { "osm_id": 1134679177, "hw": "tertiary", "nm": "3a Street", "lanes": 1, "oneway": "yes", "sw": 3.5, "swl": 2.5, "swr": 2.5, "nright": 1, "cline": "none", "key": "3.5|2.5|2.5|1|none", "bridge": 0, "net": "surface", "len_m": 274.1 }, "geometry": { "type": "LineString", "coordinates": [ [ 55.250272502553464, 25.179421790301845 ], [ 55.2503054, 25.1794129 ], [ 55.250401, 25.1793779 ], [ 55.2505157, 25.1793226 ], [ 55.2506563, 25.1792368 ], [ 55.2509022, 25.1790491 ], [ 55.2511495, 25.1788616 ], [ 55.2511801, 25.1788383 ], [ 55.251401, 25.1786753 ], [ 55.2518503, 25.1783675 ], [ 55.2521117, 25.1781885 ], [ 55.2523824, 25.1780074 ], [ 55.2524523, 25.1779552 ] ] } },
{ "type": "Feature", "properties": { "osm_id": 1134679178, "hw": "tertiary", "nm": "3a Street", "lanes": 1, "oneway": "yes", "sw": 3.5, "swl": 2.5, "swr": 2.5, "nright": 1, "cline": "none", "key": "3.5|2.5|2.5|1|none", "bridge": 0, "net": "surface", "len_m": 21.3 }, "geometry": { "type": "LineString", "coordinates": [ [ 55.2524523, 25.1779552 ], [ 55.2526207, 25.1778395 ] ] } },
{ "type": "Feature", "properties": { "osm_id": 1134679179, "hw": "tertiary", "nm": "3a Street", "lanes": 1, "oneway": "yes", "sw": 3.5, "swl": 2.5, "swr": 2.5, "nright": 1, "cline": "none", "key": "3.5|2.5|2.5|1|none", "bridge": 0, "net": "surface", "len_m": 86.7 }, "geometry": { "type": "LineString", "coordinates": [ [ 55.2526207, 25.1778395 ], [ 55.2527384, 25.1777586 ], [ 55.2528784, 25.1776582 ], [ 55.2530165, 25.1775559 ], [ 55.2531528, 25.1774515 ], [ 55.2531985, 25.1774147 ], [ 55.2532865, 25.177344 ] ] } },
{ "type": "Feature", "properties": { "osm_id": 1134679180, "hw": "secondary", "nm": "", "lanes": 2, "oneway": "yes", "sw": 7.0, "swl": 3.0, "swr": 3.0, "nright": 2, "cline": "none", "key": "7.0|3.0|3.0|2|none", "bridge": 0, "net": "surface", "len_m": 88.6 }, "geometry": { "type": "LineString", "coordinates": [ [ 55.2540817, 25.1768702 ], [ 55.2547711, 25.1763744 ] ] } },
{ "type": "Feature", "properties": { "osm_id": 1134679181, "hw": "secondary", "nm": "First Al Khail Street", "lanes": 2, "oneway": "yes", "sw": 7.0, "swl": 3.0, "swr": 3.0, "nright": 2, "cline": "none", "key": "7.0|3.0|3.0|2|none", "bridge": 0, "net": "surface", "len_m": 37.8 }, "geometry": { "type": "LineString", "coordinates": [ [ 55.2566876, 25.1750346 ], [ 55.256654, 25.1749971 ], [ 55.2564505, 25.1747705 ] ] } },
{ "type": "Feature", "properties": { "osm_id": 1134679182, "hw": "secondary", "nm": "First Al Khail Street", "lanes": 2, "oneway": "yes", "sw": 7.0, "swl": 3.0, "swr": 3.0, "nright": 2, "cline": "none", "key": "7.0|3.0|3.0|2|none", "bridge": 0, "net": "surface", "len_m": 57.7 }, "geometry": { "type": "LineString", "coordinates": [ [ 55.2564505, 25.1747705 ], [ 55.2564139, 25.174728 ], [ 55.2561624, 25.1744648 ], [ 55.2560809, 25.1743724 ] ] } },
{ "type": "Feature", "properties": { "osm_id": 1134679183, "hw": "secondary", "nm": "First Al Khail Street", "lanes": 2, "oneway": "yes", "sw": 7.0, "swl": 3.0, "swr": 3.0, "nright": 2, "cline": "none", "key": "7.0|3.0|3.0|2|none", "bridge": 0, "net": "surface", "len_m": 58.7 }, "geometry": { "type": "LineString", "coordinates": [ [ 55.2554287, 25.1736496 ], [ 55.2552662, 25.1734662 ], [ 55.2550664, 25.1732342 ] ] } },
{ "type": "Feature", "properties": { "osm_id": 1134679184, "hw": "residential", "nm": "3 Street", "lanes": 2, "oneway": "no", "sw": 7.0, "swl": 2.0, "swr": 2.0, "nright": 1, "cline": "white", "key": "7.0|2.0|2.0|1|white", "bridge": 0, "net": "surface", "len_m": 96.9 }, "geometry": { "type": "LineString", "coordinates": [ [ 55.2544697, 25.1742267 ], [ 55.2547672, 25.1739985 ], [ 55.2550355, 25.1737925 ], [ 55.2552041, 25.1736629 ] ] } },
{ "type": "Feature", "properties": { "osm_id": 1134679185, "hw": "residential", "nm": "3 Street", "lanes": 2, "oneway": "no", "sw": 7.0, "swl": 2.0, "swr": 2.0, "nright": 1, "cline": "white", "key": "7.0|2.0|2.0|1|white", "bridge": 0, "net": "surface", "len_m": 101.6 }, "geometry": { "type": "LineString", "coordinates": [ [ 55.250272502553464, 25.177456758113731 ], [ 55.2503441, 25.177401 ], [ 55.2510385, 25.1768605 ] ] } },
{ "type": "Feature", "properties": { "osm_id": 1134679186, "hw": "residential", "nm": "4 Street", "lanes": 2, "oneway": "no", "sw": 7.0, "swl": 2.0, "swr": 2.0, "nright": 1, "cline": "white", "key": "7.0|2.0|2.0|1|white", "bridge": 0, "net": "surface", "len_m": 144.0 }, "geometry": { "type": "LineString", "coordinates": [ [ 55.250272502553464, 25.177615730670791 ], [ 55.2505393, 25.1779081 ], [ 55.2511873, 25.1786141 ] ] } },
{ "type": "Feature", "properties": { "osm_id": 1138314616, "hw": "residential", "nm": "", "lanes": 2, "oneway": "no", "sw": 7.0, "swl": 2.0, "swr": 2.0, "nright": 1, "cline": "white", "key": "7.0|2.0|2.0|1|white", "bridge": 0, "net": "surface", "len_m": 150.3 }, "geometry": { "type": "LineString", "coordinates": [ [ 55.2769402, 25.1720968 ], [ 55.276772, 25.1719481 ], [ 55.2766782, 25.1718599 ], [ 55.2765903, 25.1717668 ], [ 55.2765086, 25.1716692 ], [ 55.2764334, 25.1715675 ], [ 55.2763268, 25.1714076 ], [ 55.2760706, 25.1710043 ] ] } },
{ "type": "Feature", "properties": { "osm_id": 1156469389, "hw": "residential", "nm": "30b Street", "lanes": 2, "oneway": "no", "sw": 7.0, "swl": 2.0, "swr": 2.0, "nright": 1, "cline": "white", "key": "7.0|2.0|2.0|1|white", "bridge": 0, "net": "surface", "len_m": 38.1 }, "geometry": { "type": "LineString", "coordinates": [ [ 55.2526434, 25.1948529 ], [ 55.252705, 25.1949665 ], [ 55.2528213, 25.1951564 ] ] } },
{ "type": "Feature", "properties": { "osm_id": 1156474199, "hw": "residential", "nm": "45 Street", "lanes": 2, "oneway": "no", "sw": 7.0, "swl": 2.0, "swr": 2.0, "nright": 1, "cline": "white", "key": "7.0|2.0|2.0|1|white", "bridge": 0, "net": "surface", "len_m": 12.9 }, "geometry": { "type": "LineString", "coordinates": [ [ 55.255012, 25.1891495 ], [ 55.2551107, 25.1890758 ] ] } },
{ "type": "Feature", "properties": { "osm_id": 1156474200, "hw": "residential", "nm": "45 Street", "lanes": 2, "oneway": "no", "sw": 7.0, "swl": 2.0, "swr": 2.0, "nright": 1, "cline": "white", "key": "7.0|2.0|2.0|1|white", "bridge": 0, "net": "surface", "len_m": 137.0 }, "geometry": { "type": "LineString", "coordinates": [ [ 55.2551107, 25.1890758 ], [ 55.255243, 25.1889776 ], [ 55.2555402, 25.1887495 ], [ 55.2556001, 25.1887039 ], [ 55.2558281, 25.1885296 ], [ 55.2560916, 25.1883297 ], [ 55.2561537, 25.1882827 ] ] } },
{ "type": "Feature", "properties": { "osm_id": 1156474201, "hw": "residential", "nm": "45 Street", "lanes": 2, "oneway": "no", "sw": 7.0, "swl": 2.0, "swr": 2.0, "nright": 1, "cline": "white", "key": "7.0|2.0|2.0|1|white", "bridge": 0, "net": "surface", "len_m": 6.2 }, "geometry": { "type": "LineString", "coordinates": [ [ 55.2538829, 25.1900231 ], [ 55.2539296, 25.1899871 ] ] } },
{ "type": "Feature", "properties": { "osm_id": 1156474202, "hw": "residential", "nm": "45 Street", "lanes": 2, "oneway": "no", "sw": 7.0, "swl": 2.0, "swr": 2.0, "nright": 1, "cline": "white", "key": "7.0|2.0|2.0|1|white", "bridge": 0, "net": "surface", "len_m": 111.6 }, "geometry": { "type": "LineString", "coordinates": [ [ 55.2530193, 25.1906525 ], [ 55.2530773, 25.1906162 ], [ 55.2533475, 25.190434 ], [ 55.2536007, 25.1902414 ], [ 55.2538829, 25.1900231 ] ] } },
{ "type": "Feature", "properties": { "osm_id": 1156474203, "hw": "residential", "nm": "40b Street", "lanes": 2, "oneway": "no", "sw": 7.0, "swl": 2.0, "swr": 2.0, "nright": 1, "cline": "white", "key": "7.0|2.0|2.0|1|white", "bridge": 0, "net": "surface", "len_m": 14.8 }, "geometry": { "type": "LineString", "coordinates": [ [ 55.2522052, 25.1906881 ], [ 55.2522825, 25.1908014 ] ] } },
{ "type": "Feature", "properties": { "osm_id": 1156474204, "hw": "residential", "nm": "40b Street", "lanes": 2, "oneway": "no", "sw": 7.0, "swl": 2.0, "swr": 2.0, "nright": 1, "cline": "white", "key": "7.0|2.0|2.0|1|white", "bridge": 0, "net": "surface", "len_m": 25.6 }, "geometry": { "type": "LineString", "coordinates": [ [ 55.2522825, 25.1908014 ], [ 55.2523449, 25.1908961 ], [ 55.2524133, 25.1909997 ] ] } },
{ "type": "Feature", "properties": { "osm_id": 1156474205, "hw": "residential", "nm": "45 Street", "lanes": 2, "oneway": "no", "sw": 7.0, "swl": 2.0, "swr": 2.0, "nright": 1, "cline": "white", "key": "7.0|2.0|2.0|1|white", "bridge": 0, "net": "surface", "len_m": 35.3 }, "geometry": { "type": "LineString", "coordinates": [ [ 55.2524133, 25.1909997 ], [ 55.2527103, 25.1908305 ] ] } },
{ "type": "Feature", "properties": { "osm_id": 1156474206, "hw": "residential", "nm": "45 Street", "lanes": 2, "oneway": "no", "sw": 7.0, "swl": 2.0, "swr": 2.0, "nright": 1, "cline": "white", "key": "7.0|2.0|2.0|1|white", "bridge": 0, "net": "surface", "len_m": 36.9 }, "geometry": { "type": "LineString", "coordinates": [ [ 55.2527103, 25.1908305 ], [ 55.2530193, 25.1906525 ] ] } },
{ "type": "Feature", "properties": { "osm_id": 1156474207, "hw": "residential", "nm": "45 Street", "lanes": 2, "oneway": "no", "sw": 7.0, "swl": 2.0, "swr": 2.0, "nright": 1, "cline": "white", "key": "7.0|2.0|2.0|1|white", "bridge": 0, "net": "surface", "len_m": 10.3 }, "geometry": { "type": "LineString", "coordinates": [ [ 55.2523281, 25.191051 ], [ 55.2524133, 25.1909997 ] ] } },
{ "type": "Feature", "properties": { "osm_id": 1156474208, "hw": "residential", "nm": "45 Street", "lanes": 2, "oneway": "no", "sw": 7.0, "swl": 2.0, "swr": 2.0, "nright": 1, "cline": "white", "key": "7.0|2.0|2.0|1|white", "bridge": 0, "net": "surface", "len_m": 136.5 }, "geometry": { "type": "LineString", "coordinates": [ [ 55.2511939, 25.191725 ], [ 55.2517874, 25.1913718 ], [ 55.2523281, 25.191051 ] ] } },
{ "type": "Feature", "properties": { "osm_id": 1156474209, "hw": "residential", "nm": "45 Street", "lanes": 2, "oneway": "no", "sw": 7.0, "swl": 2.0, "swr": 2.0, "nright": 1, "cline": "white", "key": "7.0|2.0|2.0|1|white", "bridge": 0, "net": "surface", "len_m": 61.0 }, "geometry": { "type": "LineString", "coordinates": [ [ 55.2506814, 25.1920184 ], [ 55.2511939, 25.191725 ] ] } },
{ "type": "Feature", "properties": { "osm_id": 1156476385, "hw": "secondary", "nm": "Al Khaleej Al Tejari 1 Street", "lanes": 3, "oneway": "yes", "sw": 10.5, "swl": 3.0, "swr": 3.0, "nright": 3, "cline": "none", "key": "10.5|3.0|3.0|3|none", "bridge": 0, "net": "surface", "len_m": 45.8 }, "geometry": { "type": "LineString", "coordinates": [ [ 55.2608457, 25.1896893 ], [ 55.2604926, 25.1899493 ] ] } },
{ "type": "Feature", "properties": { "osm_id": 1156476386, "hw": "secondary", "nm": "Al Khaleej Al Tejari 1 Street", "lanes": 3, "oneway": "yes", "sw": 10.5, "swl": 3.0, "swr": 3.0, "nright": 3, "cline": "none", "key": "10.5|3.0|3.0|3|none", "bridge": 0, "net": "surface", "len_m": 76.6 }, "geometry": { "type": "LineString", "coordinates": [ [ 55.2614346, 25.1892526 ], [ 55.2608457, 25.1896893 ] ] } },
{ "type": "Feature", "properties": { "osm_id": 1156476387, "hw": "tertiary", "nm": "", "lanes": 2, "oneway": "no", "sw": 7.0, "swl": 2.5, "swr": 2.5, "nright": 1, "cline": "white", "key": "7.0|2.5|2.5|1|white", "bridge": 0, "net": "surface", "len_m": 14.2 }, "geometry": { "type": "LineString", "coordinates": [ [ 55.2600971, 25.1906021 ], [ 55.2601877, 25.1906999 ] ] } },
{ "type": "Feature", "properties": { "osm_id": 1156782933, "hw": "tertiary", "nm": "Al Yamamah Street", "lanes": 4, "oneway": "yes", "sw": 14.0, "swl": 2.5, "swr": 2.5, "nright": 4, "cline": "none", "key": "14.0|2.5|2.5|4|none", "bridge": 0, "net": "surface", "len_m": 40.3 }, "geometry": { "type": "LineString", "coordinates": [ [ 55.2828538, 25.1913588 ], [ 55.2832061, 25.1911877 ] ] } },
{ "type": "Feature", "properties": { "osm_id": 1163312769, "hw": "tertiary", "nm": "Burj Khalifa Street", "lanes": 5, "oneway": "yes", "sw": 17.5, "swl": 2.5, "swr": 2.5, "nright": 5, "cline": "none", "key": "17.5|2.5|2.5|5|none", "bridge": 0, "net": "surface", "len_m": 11.2 }, "geometry": { "type": "LineString", "coordinates": [ [ 55.2694066, 25.1907233 ], [ 55.2693279, 25.1907944 ] ] } },
{ "type": "Feature", "properties": { "osm_id": 1167971949, "hw": "residential", "nm": "", "lanes": 2, "oneway": "yes", "sw": 7.0, "swl": 2.0, "swr": 2.0, "nright": 2, "cline": "none", "key": "7.0|2.0|2.0|2|none", "bridge": 0, "net": "surface", "len_m": 161.3 }, "geometry": { "type": "LineString", "coordinates": [ [ 55.2836738, 25.1884524 ], [ 55.2836404, 25.1884341 ], [ 55.2836106, 25.1884111 ], [ 55.2835853, 25.1883841 ], [ 55.283561, 25.188346 ], [ 55.2835456, 25.1883041 ], [ 55.2835397, 25.1882604 ], [ 55.2834995, 25.1880516 ], [ 55.2834522, 25.1878539 ], [ 55.283395, 25.1876665 ], [ 55.2833305, 25.1874752 ], [ 55.2832628, 25.1872935 ], [ 55.2832538, 25.1872488 ], [ 55.2832514, 25.1872033 ], [ 55.283255, 25.1871615 ], [ 55.2832641, 25.1871204 ], [ 55.2832787, 25.1870805 ] ] } },
{ "type": "Feature", "properties": { "osm_id": 1168222069, "hw": "tertiary_link", "nm": "", "lanes": 2, "oneway": "no", "sw": 7.0, "swl": 1.0, "swr": 1.0, "nright": 1, "cline": "white", "key": "7.0|1.0|1.0|1|white", "bridge": 0, "net": "surface", "len_m": 9.1 }, "geometry": { "type": "LineString", "coordinates": [ [ 55.2798068, 25.1815509 ], [ 55.2798267, 25.1814705 ] ] } },
{ "type": "Feature", "properties": { "osm_id": 1219711414, "hw": "residential", "nm": "", "lanes": 2, "oneway": "no", "sw": 7.0, "swl": 2.0, "swr": 2.0, "nright": 1, "cline": "white", "key": "7.0|2.0|2.0|1|white", "bridge": 0, "net": "surface", "len_m": 11.9 }, "geometry": { "type": "LineString", "coordinates": [ [ 55.2786566, 25.1769035 ], [ 55.2787027, 25.1768047 ] ] } },
{ "type": "Feature", "properties": { "osm_id": 1219711415, "hw": "residential", "nm": "", "lanes": 2, "oneway": "yes", "sw": 7.0, "swl": 2.0, "swr": 2.0, "nright": 2, "cline": "none", "key": "7.0|2.0|2.0|2|none", "bridge": 0, "net": "surface", "len_m": 99.7 }, "geometry": { "type": "LineString", "coordinates": [ [ 55.2790251, 25.176952 ], [ 55.2789893, 25.1769611 ], [ 55.2789522, 25.1769656 ], [ 55.2789147, 25.1769659 ], [ 55.2788774, 25.176962 ], [ 55.278841, 25.1769539 ], [ 55.2787304, 25.176926 ], [ 55.2786566, 25.1769035 ], [ 55.2786048, 25.1768877 ], [ 55.2784485, 25.1768306 ], [ 55.2783178, 25.1767724 ], [ 55.278274, 25.1767523 ], [ 55.2782333, 25.1767275 ], [ 55.2781973, 25.1766991 ], [ 55.2781654, 25.176667 ], [ 55.278138, 25.1766316 ] ] } },
{ "type": "Feature", "properties": { "osm_id": 1219711416, "hw": "residential", "nm": "", "lanes": 2, "oneway": "yes", "sw": 7.0, "swl": 2.0, "swr": 2.0, "nright": 2, "cline": "none", "key": "7.0|2.0|2.0|2|none", "bridge": 0, "net": "surface", "len_m": 97.4 }, "geometry": { "type": "LineString", "coordinates": [ [ 55.278138, 25.1766316 ], [ 55.2781917, 25.176634 ], [ 55.2782359, 25.1766389 ], [ 55.2782912, 25.1766526 ], [ 55.278354, 25.1766716 ], [ 55.2785082, 25.1767347 ], [ 55.2786475, 25.1767856 ], [ 55.2787027, 25.1768047 ], [ 55.278877, 25.1768598 ], [ 55.278919, 25.1768758 ], [ 55.2789582, 25.176897 ], [ 55.2789937, 25.1769229 ], [ 55.2790251, 25.176952 ] ] } },
{ "type": "Feature", "properties": { "osm_id": 1219711417, "hw": "residential", "nm": "Mohammed Bin Rashid Al Maktoum City District One", "lanes": 2, "oneway": "no", "sw": 7.0, "swl": 2.0, "swr": 2.0, "nright": 1, "cline": "white", "key": "7.0|2.0|2.0|1|white", "bridge": 0, "net": "surface", "len_m": 151.4 }, "geometry": { "type": "LineString", "coordinates": [ [ 55.2790251, 25.176952 ], [ 55.2792089, 25.176983 ], [ 55.2793945, 25.1770024 ], [ 55.2795812, 25.17701 ], [ 55.279768, 25.1770059 ], [ 55.2799541, 25.1769901 ], [ 55.2801385, 25.1769626 ], [ 55.2803204, 25.1769236 ], [ 55.2805055, 25.1768717 ] ] } },
{ "type": "Feature", "properties": { "osm_id": 1230058172, "hw": "primary", "nm": "Sheikh Mohammed bin Rashid Boulevard", "lanes": 3, "oneway": "yes", "sw": 10.5, "swl": 3.0, "swr": 3.0, "nright": 3, "cline": "none", "key": "10.5|3.0|3.0|3|none", "bridge": 0, "net": "surface", "len_m": 31.5 }, "geometry": { "type": "LineString", "coordinates": [ [ 55.282798567867559, 25.196436766762485 ], [ 55.2827595, 25.1963838 ], [ 55.2826177, 25.1962053 ] ] } },
{ "type": "Feature", "properties": { "osm_id": 1230058173, "hw": "primary", "nm": "Sheikh Mohammed bin Rashid Boulevard", "lanes": 3, "oneway": "yes", "sw": 10.5, "swl": 3.0, "swr": 3.0, "nright": 3, "cline": "none", "key": "10.5|3.0|3.0|3|none", "bridge": 0, "net": "surface", "len_m": 46.5 }, "geometry": { "type": "LineString", "coordinates": [ [ 55.2827718, 25.1960883 ], [ 55.2829162, 25.1962899 ], [ 55.283029297115021, 25.196436766762485 ] ] } },
{ "type": "Feature", "properties": { "osm_id": 1230529914, "hw": "tertiary", "nm": "Al Mustaqbal Street", "lanes": 2, "oneway": "yes", "sw": 7.0, "swl": 2.5, "swr": 2.5, "nright": 2, "cline": "none", "key": "7.0|2.5|2.5|2|none", "bridge": 0, "net": "surface", "len_m": 242.6 }, "geometry": { "type": "LineString", "coordinates": [ [ 55.2674655, 25.1946464 ], [ 55.2680247, 25.1952985 ], [ 55.2682216, 25.1955553 ], [ 55.2684139, 25.1958148 ], [ 55.2686017, 25.196077 ], [ 55.2687849, 25.1963419 ], [ 55.268848239079553, 25.196436766762485 ] ] } },
{ "type": "Feature", "properties": { "osm_id": 1254608861, "hw": "motorway_link", "nm": "", "lanes": 2, "oneway": "yes", "sw": 7.0, "swl": 0.0, "swr": 0.0, "nright": 2, "cline": "none", "key": "7.0|0.0|0.0|2|none", "bridge": 1, "net": "freeway", "len_m": 384.0 }, "geometry": { "type": "LineString", "coordinates": [ [ 55.2757305, 25.1760919 ], [ 55.2759827, 25.1762623 ], [ 55.2762401, 25.1764261 ], [ 55.2764598, 25.1765583 ], [ 55.2766989, 25.1767004 ], [ 55.2768944, 25.1768108 ], [ 55.2772191, 25.1769953 ], [ 55.2773345, 25.1770718 ], [ 55.2774525, 25.1771495 ], [ 55.2775557, 25.1772187 ], [ 55.2776523, 25.1773024 ], [ 55.2777421, 25.1773813 ], [ 55.2778199, 25.1774711 ], [ 55.2779058, 25.177567 ], [ 55.2779815, 25.1776738 ], [ 55.2780372, 25.1777588 ], [ 55.2780841, 25.177831 ], [ 55.2781458, 25.1779263 ], [ 55.2782196, 25.1780428 ], [ 55.2782978, 25.1781506 ], [ 55.2783517, 25.1782157 ], [ 55.2783996, 25.1782744 ], [ 55.2785066, 25.1783838 ] ] } },
{ "type": "Feature", "properties": { "osm_id": 1271368556, "hw": "residential", "nm": "", "lanes": 2, "oneway": "yes", "sw": 7.0, "swl": 2.0, "swr": 2.0, "nright": 2, "cline": "none", "key": "7.0|2.0|2.0|2|none", "bridge": 0, "net": "surface", "len_m": 8.9 }, "geometry": { "type": "LineString", "coordinates": [ [ 55.2552236, 25.1871581 ], [ 55.2552116, 25.1871894 ], [ 55.2552042, 25.1872012 ], [ 55.2551942, 25.1872158 ], [ 55.2551828, 25.1872285 ] ] } },
{ "type": "Feature", "properties": { "osm_id": 1279285688, "hw": "tertiary_link", "nm": "", "lanes": 1, "oneway": "yes", "sw": 3.5, "swl": 1.0, "swr": 1.0, "nright": 1, "cline": "none", "key": "3.5|1.0|1.0|1|none", "bridge": 0, "net": "surface", "len_m": 11.3 }, "geometry": { "type": "LineString", "coordinates": [ [ 55.2662824, 25.18035 ], [ 55.2662337, 25.1804423 ] ] } },
{ "type": "Feature", "properties": { "osm_id": 1287351616, "hw": "residential", "nm": "", "lanes": 2, "oneway": "no", "sw": 7.0, "swl": 2.0, "swr": 2.0, "nright": 1, "cline": "white", "key": "7.0|2.0|2.0|1|white", "bridge": 0, "net": "surface", "len_m": 304.9 }, "geometry": { "type": "LineString", "coordinates": [ [ 55.2543, 25.1727768 ], [ 55.2541049, 25.1725699 ], [ 55.2540892, 25.1725532 ], [ 55.2540708, 25.172539 ], [ 55.2540503, 25.1725275 ], [ 55.2540286, 25.1725178 ], [ 55.2539487, 25.1724823 ], [ 55.253933, 25.1724752 ], [ 55.2539182, 25.1724667 ], [ 55.2539031, 25.1724549 ], [ 55.2538902, 25.172441 ], [ 55.2524045, 25.1708427 ], [ 55.252295227347048, 25.170730833237513 ] ] } },
{ "type": "Feature", "properties": { "osm_id": 1299769402, "hw": "residential", "nm": "", "lanes": 2, "oneway": "no", "sw": 7.0, "swl": 2.0, "swr": 2.0, "nright": 1, "cline": "white", "key": "7.0|2.0|2.0|1|white", "bridge": 0, "net": "surface", "len_m": 86.3 }, "geometry": { "type": "LineString", "coordinates": [ [ 55.2833866, 25.1741905 ], [ 55.2835518, 25.1741811 ], [ 55.2837163, 25.1741645 ], [ 55.2838798, 25.1741408 ], [ 55.2840418, 25.17411 ], [ 55.2840897, 25.1740973 ], [ 55.2841351, 25.1740836 ], [ 55.2841786, 25.1740652 ], [ 55.2842193, 25.1740422 ] ] } },
{ "type": "Feature", "properties": { "osm_id": 1309000394, "hw": "residential", "nm": "", "lanes": 2, "oneway": "no", "sw": 7.0, "swl": 2.0, "swr": 2.0, "nright": 1, "cline": "white", "key": "7.0|2.0|2.0|1|white", "bridge": 0, "net": "surface", "len_m": 8.4 }, "geometry": { "type": "LineString", "coordinates": [ [ 55.2503775, 25.1871854 ], [ 55.2503363, 25.1871191 ] ] } },
{ "type": "Feature", "properties": { "osm_id": 1309000395, "hw": "residential", "nm": "", "lanes": 2, "oneway": "no", "sw": 7.0, "swl": 2.0, "swr": 2.0, "nright": 1, "cline": "white", "key": "7.0|2.0|2.0|1|white", "bridge": 0, "net": "surface", "len_m": 7.4 }, "geometry": { "type": "LineString", "coordinates": [ [ 55.2506228, 25.1870336 ], [ 55.2505807, 25.1869794 ] ] } },
{ "type": "Feature", "properties": { "osm_id": 1309000396, "hw": "residential", "nm": "", "lanes": 2, "oneway": "no", "sw": 7.0, "swl": 2.0, "swr": 2.0, "nright": 1, "cline": "white", "key": "7.0|2.0|2.0|1|white", "bridge": 0, "net": "surface", "len_m": 7.6 }, "geometry": { "type": "LineString", "coordinates": [ [ 55.2510608, 25.1867049 ], [ 55.2511101, 25.1867569 ] ] } },
{ "type": "Feature", "properties": { "osm_id": 1309000397, "hw": "residential", "nm": "", "lanes": 2, "oneway": "no", "sw": 7.0, "swl": 2.0, "swr": 2.0, "nright": 1, "cline": "white", "key": "7.0|2.0|2.0|1|white", "bridge": 0, "net": "surface", "len_m": 4.5 }, "geometry": { "type": "LineString", "coordinates": [ [ 55.2513915, 25.1880251 ], [ 55.2513673, 25.1879914 ] ] } },
{ "type": "Feature", "properties": { "osm_id": 1320371193, "hw": "motorway_link", "nm": "", "lanes": 2, "oneway": "yes", "sw": 7.0, "swl": 0.0, "swr": 0.0, "nright": 2, "cline": "none", "key": "7.0|0.0|0.0|2|none", "bridge": 0, "net": "freeway", "len_m": 392.3 }, "geometry": { "type": "LineString", "coordinates": [ [ 55.2785066, 25.1783838 ], [ 55.2785799, 25.1784467 ], [ 55.278636, 25.1784936 ], [ 55.2787032, 25.1785471 ], [ 55.2788093, 25.1786167 ], [ 55.2789243, 25.178694 ], [ 55.2793019, 25.1789239 ], [ 55.2797082, 25.1791509 ], [ 55.2800153, 25.1793343 ], [ 55.2803251, 25.1795139 ], [ 55.2806376, 25.1796897 ], [ 55.28106, 25.1799203 ], [ 55.2812656, 25.1800288 ], [ 55.2813932, 25.1800956 ], [ 55.281518, 25.1801665 ], [ 55.28164, 25.1802414 ], [ 55.281759, 25.1803201 ] ] } },
{ "type": "Feature", "properties": { "osm_id": 1320371194, "hw": "motorway_link", "nm": "", "lanes": 2, "oneway": "yes", "sw": 7.0, "swl": 0.0, "swr": 0.0, "nright": 2, "cline": "none", "key": "7.0|0.0|0.0|2|none", "bridge": 0, "net": "freeway", "len_m": 139.3 }, "geometry": { "type": "LineString", "coordinates": [ [ 55.2746912, 25.1752645 ], [ 55.2748498, 25.1754099 ], [ 55.275013, 25.175551 ], [ 55.2751663, 25.1756762 ], [ 55.2753232, 25.1757976 ], [ 55.2754837, 25.1759152 ], [ 55.2757305, 25.1760919 ] ] } },
{ "type": "Feature", "properties": { "osm_id": 1320371199, "hw": "motorway_link", "nm": "", "lanes": 2, "oneway": "yes", "sw": 7.0, "swl": 0.0, "swr": 0.0, "nright": 2, "cline": "none", "key": "7.0|0.0|0.0|2|none", "bridge": 0, "net": "freeway", "len_m": 743.9 }, "geometry": { "type": "LineString", "coordinates": [ [ 55.2746912, 25.1752645 ], [ 55.2748094, 25.1753315 ], [ 55.2749244, 25.175403 ], [ 55.2750359, 25.1754789 ], [ 55.2751437, 25.1755591 ], [ 55.2752477, 25.1756433 ], [ 55.2754073, 25.1757597 ], [ 55.2755709, 25.1758715 ], [ 55.2757458, 25.1759832 ], [ 55.2759247, 25.1760896 ], [ 55.2761073, 25.1761907 ], [ 55.2763807, 25.1763499 ], [ 55.2765142, 25.1764339 ], [ 55.2766491, 25.1765159 ], [ 55.2769127, 25.1766679 ], [ 55.2771816, 25.1768121 ], [ 55.2773385, 25.1769049 ], [ 55.2774919, 25.1770024 ], [ 55.2776416, 25.1771046 ], [ 55.277794, 25.1772163 ], [ 55.2779421, 25.1773329 ], [ 55.2780855, 25.1774541 ], [ 55.2783212, 25.1776464 ], [ 55.2784405, 25.1777412 ], [ 55.2785616, 25.177834 ], [ 55.2787516, 25.1779734 ], [ 55.2789456, 25.1781081 ], [ 55.2791436, 25.1782382 ], [ 55.2797726, 25.1786581 ], [ 55.2801339, 25.1788883 ], [ 55.2802325, 25.1789518 ], [ 55.2803292, 25.1790178 ], [ 55.2804202, 25.1790803 ], [ 55.2804937, 25.1791342 ], [ 55.2805532, 25.1791924 ], [ 55.280599, 25.1792599 ] ] } },
{ "type": "Feature", "properties": { "osm_id": 1340824364, "hw": "residential", "nm": "", "lanes": 2, "oneway": "yes", "sw": 7.0, "swl": 2.0, "swr": 2.0, "nright": 2, "cline": "none", "key": "7.0|2.0|2.0|2|none", "bridge": 0, "net": "surface", "len_m": 26.7 }, "geometry": { "type": "LineString", "coordinates": [ [ 55.280315, 25.1926719 ], [ 55.2804131, 25.192786 ], [ 55.2804953, 25.1928462 ] ] } },
{ "type": "Feature", "properties": { "osm_id": 1340824365, "hw": "residential", "nm": "", "lanes": 2, "oneway": "yes", "sw": 7.0, "swl": 2.0, "swr": 2.0, "nright": 2, "cline": "none", "key": "7.0|2.0|2.0|2|none", "bridge": 0, "net": "surface", "len_m": 29.0 }, "geometry": { "type": "LineString", "coordinates": [ [ 55.2804481, 25.1929053 ], [ 55.2803896, 25.1928126 ], [ 55.2802864, 25.1926894 ] ] } },
{ "type": "Feature", "properties": { "osm_id": 1355359106, "hw": "tertiary", "nm": "Al Yamamah Street", "lanes": 5, "oneway": "yes", "sw": 17.5, "swl": 2.5, "swr": 2.5, "nright": 5, "cline": "none", "key": "17.5|2.5|2.5|5|none", "bridge": 0, "net": "surface", "len_m": 11.0 }, "geometry": { "type": "LineString", "coordinates": [ [ 55.2841789, 25.1908531 ], [ 55.2840853, 25.1909033 ] ] } },
{ "type": "Feature", "properties": { "osm_id": 1355359107, "hw": "tertiary", "nm": "Al Yamamah Street", "lanes": 4, "oneway": "yes", "sw": 14.0, "swl": 2.5, "swr": 2.5, "nright": 4, "cline": "none", "key": "14.0|2.5|2.5|4|none", "bridge": 0, "net": "surface", "len_m": 8.5 }, "geometry": { "type": "LineString", "coordinates": [ [ 55.2840383, 25.190776 ], [ 55.2841128, 25.1907402 ] ] } },
{ "type": "Feature", "properties": { "osm_id": 1355359108, "hw": "tertiary", "nm": "Al Yamamah Street", "lanes": 4, "oneway": "yes", "sw": 14.0, "swl": 2.5, "swr": 2.5, "nright": 4, "cline": "none", "key": "14.0|2.5|2.5|4|none", "bridge": 0, "net": "surface", "len_m": 41.1 }, "geometry": { "type": "LineString", "coordinates": [ [ 55.2833045, 25.1913082 ], [ 55.2829503, 25.1914916 ] ] } },
{ "type": "Feature", "properties": { "osm_id": 1355359109, "hw": "tertiary", "nm": "Al Yamamah Street", "lanes": 2, "oneway": "yes", "sw": 7.0, "swl": 2.5, "swr": 2.5, "nright": 2, "cline": "none", "key": "7.0|2.5|2.5|2|none", "bridge": 0, "net": "surface", "len_m": 10.2 }, "geometry": { "type": "LineString", "coordinates": [ [ 55.2816666, 25.1921231 ], [ 55.2815781, 25.1921684 ] ] } },
{ "type": "Feature", "properties": { "osm_id": 1355359110, "hw": "tertiary", "nm": "Al Yamamah Street", "lanes": 2, "oneway": "yes", "sw": 7.0, "swl": 2.5, "swr": 2.5, "nright": 2, "cline": "none", "key": "7.0|2.5|2.5|2|none", "bridge": 0, "net": "surface", "len_m": 18.0 }, "geometry": { "type": "LineString", "coordinates": [ [ 55.2815781, 25.1921684 ], [ 55.2815101, 25.1922044 ], [ 55.281426, 25.1922542 ] ] } },
{ "type": "Feature", "properties": { "osm_id": 1355359112, "hw": "tertiary", "nm": "Al Yamamah Street", "lanes": 2, "oneway": "yes", "sw": 7.0, "swl": 2.5, "swr": 2.5, "nright": 2, "cline": "none", "key": "7.0|2.5|2.5|2|none", "bridge": 0, "net": "surface", "len_m": 10.7 }, "geometry": { "type": "LineString", "coordinates": [ [ 55.2814758, 25.1920652 ], [ 55.2815665, 25.1920154 ] ] } },
{ "type": "Feature", "properties": { "osm_id": 1355359113, "hw": "tertiary", "nm": "Al Yamamah Street", "lanes": 2, "oneway": "yes", "sw": 7.0, "swl": 2.5, "swr": 2.5, "nright": 2, "cline": "none", "key": "7.0|2.5|2.5|2|none", "bridge": 0, "net": "surface", "len_m": 13.9 }, "geometry": { "type": "LineString", "coordinates": [ [ 55.2829503, 25.1914916 ], [ 55.2828302, 25.1915538 ] ] } },
{ "type": "Feature", "properties": { "osm_id": 1355359114, "hw": "tertiary", "nm": "Al Yamamah Street", "lanes": 4, "oneway": "yes", "sw": 14.0, "swl": 2.5, "swr": 2.5, "nright": 4, "cline": "none", "key": "14.0|2.5|2.5|4|none", "bridge": 0, "net": "surface", "len_m": 13.3 }, "geometry": { "type": "LineString", "coordinates": [ [ 55.2827375, 25.1914153 ], [ 55.2828538, 25.1913588 ] ] } },
{ "type": "Feature", "properties": { "osm_id": 1355359115, "hw": "tertiary", "nm": "Al Asayel Street", "lanes": 5, "oneway": "yes", "sw": 17.5, "swl": 2.5, "swr": 2.5, "nright": 5, "cline": "none", "key": "17.5|2.5|2.5|5|none", "bridge": 0, "net": "surface", "len_m": 17.6 }, "geometry": { "type": "LineString", "coordinates": [ [ 55.2829503, 25.1914916 ], [ 55.2828538, 25.1913588 ] ] } },
{ "type": "Feature", "properties": { "osm_id": 1355359116, "hw": "tertiary", "nm": "Al Asayel Street", "lanes": 4, "oneway": "yes", "sw": 14.0, "swl": 2.5, "swr": 2.5, "nright": 4, "cline": "none", "key": "14.0|2.5|2.5|4|none", "bridge": 0, "net": "surface", "len_m": 11.8 }, "geometry": { "type": "LineString", "coordinates": [ [ 55.2833045, 25.1913082 ], [ 55.2833745, 25.1913933 ] ] } },
{ "type": "Feature", "properties": { "osm_id": 1355359117, "hw": "tertiary", "nm": "Al Asayel Street", "lanes": 5, "oneway": "yes", "sw": 17.5, "swl": 2.5, "swr": 2.5, "nright": 5, "cline": "none", "key": "17.5|2.5|2.5|5|none", "bridge": 0, "net": "surface", "len_m": 16.6 }, "geometry": { "type": "LineString", "coordinates": [ [ 55.2832061, 25.1911877 ], [ 55.2833045, 25.1913082 ] ] } },
{ "type": "Feature", "properties": { "osm_id": 1355359118, "hw": "secondary", "nm": "Marasi Drive", "lanes": 3, "oneway": "yes", "sw": 10.5, "swl": 3.0, "swr": 3.0, "nright": 3, "cline": "none", "key": "10.5|3.0|3.0|3|none", "bridge": 0, "net": "surface", "len_m": 71.6 }, "geometry": { "type": "LineString", "coordinates": [ [ 55.2844394, 25.1912142 ], [ 55.2843682, 25.1911276 ], [ 55.2843009, 25.1910385 ], [ 55.2842518, 25.1909673 ], [ 55.2842378, 25.190947 ], [ 55.2841789, 25.1908531 ], [ 55.2841128, 25.1907402 ], [ 55.2840715, 25.1906625 ] ] } },
{ "type": "Feature", "properties": { "osm_id": 1355359119, "hw": "tertiary", "nm": "Al Ohood Street", "lanes": 2, "oneway": "yes", "sw": 7.0, "swl": 2.5, "swr": 2.5, "nright": 2, "cline": "none", "key": "7.0|2.5|2.5|2|none", "bridge": 0, "net": "surface", "len_m": 38.4 }, "geometry": { "type": "LineString", "coordinates": [ [ 55.2757951, 25.1863741 ], [ 55.275713, 25.1862823 ], [ 55.275547, 25.1861113 ] ] } },
{ "type": "Feature", "properties": { "osm_id": 1355359120, "hw": "tertiary", "nm": "Al Ohood Street", "lanes": 2, "oneway": "yes", "sw": 7.0, "swl": 2.5, "swr": 2.5, "nright": 2, "cline": "none", "key": "7.0|2.5|2.5|2|none", "bridge": 0, "net": "surface", "len_m": 44.4 }, "geometry": { "type": "LineString", "coordinates": [ [ 55.2755978, 25.1860108 ], [ 55.2757568, 25.1861936 ], [ 55.2757865, 25.1862278 ], [ 55.2758752, 25.1863222 ] ] } },
{ "type": "Feature", "properties": { "osm_id": 1355359121, "hw": "tertiary", "nm": "Burj Khalifa Street", "lanes": 3, "oneway": "yes", "sw": 10.5, "swl": 2.5, "swr": 2.5, "nright": 3, "cline": "none", "key": "10.5|2.5|2.5|3|none", "bridge": 0, "net": "surface", "len_m": 50.6 }, "geometry": { "type": "LineString", "coordinates": [ [ 55.2759284, 25.1865273 ], [ 55.2757996, 25.1865978 ], [ 55.2755101, 25.1867798 ] ] } },
{ "type": "Feature", "properties": { "osm_id": 1355359122, "hw": "tertiary", "nm": "Burj Khalifa Street", "lanes": 4, "oneway": "yes", "sw": 14.0, "swl": 2.5, "swr": 2.5, "nright": 4, "cline": "none", "key": "14.0|2.5|2.5|4|none", "bridge": 0, "net": "surface", "len_m": 10.3 }, "geometry": { "type": "LineString", "coordinates": [ [ 55.2760102, 25.1864716 ], [ 55.2759284, 25.1865273 ] ] } },
{ "type": "Feature", "properties": { "osm_id": 1355359123, "hw": "tertiary", "nm": "Burj Khalifa Street", "lanes": 5, "oneway": "yes", "sw": 17.5, "swl": 2.5, "swr": 2.5, "nright": 5, "cline": "none", "key": "17.5|2.5|2.5|5|none", "bridge": 0, "net": "surface", "len_m": 60.7 }, "geometry": { "type": "LineString", "coordinates": [ [ 55.2752998, 25.1866852 ], [ 55.2756378, 25.1864687 ], [ 55.2756806, 25.1864444 ], [ 55.2757951, 25.1863741 ] ] } },
{ "type": "Feature", "properties": { "osm_id": 1355359124, "hw": "tertiary", "nm": "Burj Khalifa Street", "lanes": 2, "oneway": "yes", "sw": 7.0, "swl": 2.5, "swr": 2.5, "nright": 2, "cline": "none", "key": "7.0|2.5|2.5|2|none", "bridge": 0, "net": "surface", "len_m": 58.2 }, "geometry": { "type": "LineString", "coordinates": [ [ 55.2758752, 25.1863222 ], [ 55.2759884, 25.1862471 ], [ 55.2763419, 25.1860128 ] ] } },
{ "type": "Feature", "properties": { "osm_id": 1356853674, "hw": "secondary_link", "nm": "", "lanes": 3, "oneway": "yes", "sw": 10.5, "swl": 1.0, "swr": 1.0, "nright": 3, "cline": "none", "key": "10.5|1.0|1.0|3|none", "bridge": 0, "net": "surface", "len_m": 35.0 }, "geometry": { "type": "LineString", "coordinates": [ [ 55.2575258, 25.1750703 ], [ 55.2574672, 25.1750786 ], [ 55.2574133, 25.1750942 ], [ 55.2573625, 25.1751167 ], [ 55.25731, 25.1751339 ], [ 55.2572559, 25.1751462 ], [ 55.2571933, 25.1751548 ] ] } },
{ "type": "Feature", "properties": { "osm_id": 1356853675, "hw": "secondary_link", "nm": "", "lanes": 1, "oneway": "yes", "sw": 3.5, "swl": 1.0, "swr": 1.0, "nright": 1, "cline": "none", "key": "3.5|1.0|1.0|1|none", "bridge": 0, "net": "surface", "len_m": 24.9 }, "geometry": { "type": "LineString", "coordinates": [ [ 55.2570747, 25.1753755 ], [ 55.2570452, 25.1753071 ], [ 55.2570235, 25.1752391 ], [ 55.2570035, 25.1751606 ] ] } },
{ "type": "Feature", "properties": { "osm_id": 1357527825, "hw": "secondary", "nm": "Al Mustaqbal Street", "lanes": 3, "oneway": "yes", "sw": 10.5, "swl": 3.0, "swr": 3.0, "nright": 3, "cline": "none", "key": "10.5|3.0|3.0|3|none", "bridge": 0, "net": "surface", "len_m": 74.3 }, "geometry": { "type": "LineString", "coordinates": [ [ 55.2572773, 25.1752439 ], [ 55.2573274, 25.1752971 ], [ 55.2577571, 25.175753 ] ] } },
{ "type": "Feature", "properties": { "osm_id": 1357527826, "hw": "secondary_link", "nm": "", "lanes": 3, "oneway": "yes", "sw": 10.5, "swl": 1.0, "swr": 1.0, "nright": 3, "cline": "none", "key": "10.5|1.0|1.0|3|none", "bridge": 0, "net": "surface", "len_m": 27.1 }, "geometry": { "type": "LineString", "coordinates": [ [ 55.2569372, 25.1751221 ], [ 55.2568851, 25.1751116 ], [ 55.2568341, 25.1750972 ], [ 55.2567846, 25.175079 ], [ 55.2567369, 25.1750571 ], [ 55.2566876, 25.1750346 ] ] } },
{ "type": "Feature", "properties": { "osm_id": 1357527827, "hw": "secondary_link", "nm": "", "lanes": 3, "oneway": "yes", "sw": 10.5, "swl": 1.0, "swr": 1.0, "nright": 3, "cline": "none", "key": "10.5|1.0|1.0|3|none", "bridge": 0, "net": "surface", "len_m": 6.1 }, "geometry": { "type": "LineString", "coordinates": [ [ 55.2569963, 25.1751346 ], [ 55.2569372, 25.1751221 ] ] } },
{ "type": "Feature", "properties": { "osm_id": 1357527828, "hw": "secondary_link", "nm": "", "lanes": 3, "oneway": "yes", "sw": 10.5, "swl": 1.0, "swr": 1.0, "nright": 3, "cline": "none", "key": "10.5|1.0|1.0|3|none", "bridge": 0, "net": "surface", "len_m": 20.0 }, "geometry": { "type": "LineString", "coordinates": [ [ 55.2571933, 25.1751548 ], [ 55.2571013, 25.1751464 ], [ 55.2569963, 25.1751346 ] ] } },
{ "type": "Feature", "properties": { "osm_id": 1357527829, "hw": "secondary_link", "nm": "", "lanes": 1, "oneway": "yes", "sw": 3.5, "swl": 1.0, "swr": 1.0, "nright": 1, "cline": "none", "key": "3.5|1.0|1.0|1|none", "bridge": 0, "net": "surface", "len_m": 30.2 }, "geometry": { "type": "LineString", "coordinates": [ [ 55.2569963, 25.1751346 ], [ 55.2569243, 25.1748695 ] ] } },
{ "type": "Feature", "properties": { "osm_id": 1357527831, "hw": "secondary", "nm": "", "lanes": 3, "oneway": "yes", "sw": 10.5, "swl": 3.0, "swr": 3.0, "nright": 3, "cline": "none", "key": "10.5|3.0|3.0|3|none", "bridge": 0, "net": "surface", "len_m": 42.4 }, "geometry": { "type": "LineString", "coordinates": [ [ 55.2570214, 25.1754077 ], [ 55.2569476, 25.1754565 ], [ 55.2566759, 25.1756262 ] ] } },
{ "type": "Feature", "properties": { "osm_id": 1357527832, "hw": "secondary_link", "nm": "", "lanes": 2, "oneway": "yes", "sw": 7.0, "swl": 1.0, "swr": 1.0, "nright": 2, "cline": "none", "key": "7.0|1.0|1.0|2|none", "bridge": 0, "net": "surface", "len_m": 3.7 }, "geometry": { "type": "LineString", "coordinates": [ [ 55.2569372, 25.1751221 ], [ 55.2569494, 25.1751533 ] ] } },
{ "type": "Feature", "properties": { "osm_id": 1357527833, "hw": "secondary_link", "nm": "", "lanes": 2, "oneway": "yes", "sw": 7.0, "swl": 1.0, "swr": 1.0, "nright": 2, "cline": "none", "key": "7.0|1.0|1.0|2|none", "bridge": 0, "net": "surface", "len_m": 23.0 }, "geometry": { "type": "LineString", "coordinates": [ [ 55.2568205, 25.1749444 ], [ 55.2568653, 25.1750003 ], [ 55.2569043, 25.1750596 ], [ 55.2569372, 25.1751221 ] ] } },
{ "type": "Feature", "properties": { "osm_id": 1357527834, "hw": "secondary_link", "nm": "", "lanes": 2, "oneway": "yes", "sw": 7.0, "swl": 1.0, "swr": 1.0, "nright": 2, "cline": "none", "key": "7.0|1.0|1.0|2|none", "bridge": 0, "net": "surface", "len_m": 172.1 }, "geometry": { "type": "LineString", "coordinates": [ [ 55.2557608, 25.1737432 ], [ 55.255771, 25.1737954 ], [ 55.255789, 25.1738458 ], [ 55.2558147, 25.1738935 ], [ 55.2558475, 25.1739374 ], [ 55.256751, 25.1748655 ], [ 55.2567825, 25.1749012 ], [ 55.2568205, 25.1749444 ] ] } },
{ "type": "Feature", "properties": { "osm_id": 1357527835, "hw": "secondary_link", "nm": "", "lanes": 1, "oneway": "yes", "sw": 3.5, "swl": 1.0, "swr": 1.0, "nright": 1, "cline": "none", "key": "3.5|1.0|1.0|1|none", "bridge": 0, "net": "surface", "len_m": 33.8 }, "geometry": { "type": "LineString", "coordinates": [ [ 55.2572337, 25.1756427 ], [ 55.2572119, 25.1755868 ], [ 55.2571836, 25.1755333 ], [ 55.2571491, 25.1754829 ], [ 55.2571143, 25.1754327 ], [ 55.2570747, 25.1753755 ] ] } },
{ "type": "Feature", "properties": { "osm_id": 1359328503, "hw": "tertiary_link", "nm": "", "lanes": 1, "oneway": "yes", "sw": 3.5, "swl": 1.0, "swr": 1.0, "nright": 1, "cline": "none", "key": "3.5|1.0|1.0|1|none", "bridge": 0, "net": "surface", "len_m": 41.0 }, "geometry": { "type": "LineString", "coordinates": [ [ 55.282927, 25.1908242 ], [ 55.2831543, 25.190945 ], [ 55.2832171, 25.1909768 ], [ 55.2832846, 25.190999 ] ] } },
{ "type": "Feature", "properties": { "osm_id": 1359328504, "hw": "tertiary_link", "nm": "", "lanes": 2, "oneway": "no", "sw": 7.0, "swl": 1.0, "swr": 1.0, "nright": 1, "cline": "white", "key": "7.0|1.0|1.0|1|white", "bridge": 0, "net": "surface", "len_m": 8.0 }, "geometry": { "type": "LineString", "coordinates": [ [ 55.2791317, 25.185642 ], [ 55.2791975, 25.1856021 ] ] } },
{ "type": "Feature", "properties": { "osm_id": 1359328510, "hw": "residential", "nm": "", "lanes": 2, "oneway": "yes", "sw": 7.0, "swl": 2.0, "swr": 2.0, "nright": 2, "cline": "none", "key": "7.0|2.0|2.0|2|none", "bridge": 0, "net": "surface", "len_m": 24.6 }, "geometry": { "type": "LineString", "coordinates": [ [ 55.2773432, 25.187989 ], [ 55.2774264, 25.1879584 ], [ 55.2775029, 25.1879165 ], [ 55.2775522, 25.1878784 ] ] } },
{ "type": "Feature", "properties": { "osm_id": 1359328511, "hw": "residential", "nm": "", "lanes": 2, "oneway": "yes", "sw": 7.0, "swl": 2.0, "swr": 2.0, "nright": 2, "cline": "none", "key": "7.0|2.0|2.0|2|none", "bridge": 0, "net": "surface", "len_m": 24.2 }, "geometry": { "type": "LineString", "coordinates": [ [ 55.2775826, 25.1879015 ], [ 55.2775624, 25.1879537 ], [ 55.2775397, 25.1880325 ], [ 55.2775239, 25.1881128 ] ] } },
{ "type": "Feature", "properties": { "osm_id": 1359328512, "hw": "tertiary", "nm": "Al Ohood Street", "lanes": 2, "oneway": "yes", "sw": 7.0, "swl": 2.5, "swr": 2.5, "nright": 2, "cline": "none", "key": "7.0|2.5|2.5|2|none", "bridge": 0, "net": "surface", "len_m": 24.2 }, "geometry": { "type": "LineString", "coordinates": [ [ 55.2771002, 25.1881114 ], [ 55.2770936, 25.1880574 ], [ 55.277079, 25.1880044 ], [ 55.2770575, 25.1879533 ], [ 55.2770292, 25.187905 ] ] } },
{ "type": "Feature", "properties": { "osm_id": 1359328513, "hw": "tertiary", "nm": "Al Ohood Street", "lanes": 2, "oneway": "yes", "sw": 7.0, "swl": 2.5, "swr": 2.5, "nright": 2, "cline": "none", "key": "7.0|2.5|2.5|2|none", "bridge": 0, "net": "surface", "len_m": 22.4 }, "geometry": { "type": "LineString", "coordinates": [ [ 55.2771014, 25.1878598 ], [ 55.2771348, 25.1879003 ], [ 55.2771739, 25.1879362 ], [ 55.277218, 25.1879671 ], [ 55.2772661, 25.1879912 ] ] } },
{ "type": "Feature", "properties": { "osm_id": 1359328515, "hw": "tertiary", "nm": "Al Ohood Street", "lanes": 2, "oneway": "yes", "sw": 7.0, "swl": 2.5, "swr": 2.5, "nright": 2, "cline": "none", "key": "7.0|2.5|2.5|2|none", "bridge": 0, "net": "surface", "len_m": 51.2 }, "geometry": { "type": "LineString", "coordinates": [ [ 55.2752342, 25.1857539 ], [ 55.2750048, 25.1855048 ], [ 55.2749757, 25.1854731 ], [ 55.2749094, 25.1853991 ] ] } },
{ "type": "Feature", "properties": { "osm_id": 1359328517, "hw": "tertiary", "nm": "Al Ohood Street", "lanes": 2, "oneway": "yes", "sw": 7.0, "swl": 2.5, "swr": 2.5, "nright": 2, "cline": "none", "key": "7.0|2.5|2.5|2|none", "bridge": 0, "net": "surface", "len_m": 30.4 }, "geometry": { "type": "LineString", "coordinates": [ [ 55.2760102, 25.1864716 ], [ 55.2761026, 25.1865643 ], [ 55.2762052, 25.1866808 ] ] } },
{ "type": "Feature", "properties": { "osm_id": 1359328518, "hw": "tertiary_link", "nm": "", "lanes": 1, "oneway": "yes", "sw": 3.5, "swl": 1.0, "swr": 1.0, "nright": 1, "cline": "none", "key": "3.5|1.0|1.0|1|none", "bridge": 0, "net": "surface", "len_m": 28.7 }, "geometry": { "type": "LineString", "coordinates": [ [ 55.2815074, 25.1919187 ], [ 55.2815782, 25.1919249 ], [ 55.2816493, 25.1919237 ], [ 55.2817199, 25.1919152 ], [ 55.2817889, 25.1918995 ] ] } },
{ "type": "Feature", "properties": { "osm_id": 1359328519, "hw": "tertiary_link", "nm": "", "lanes": 1, "oneway": "yes", "sw": 3.5, "swl": 1.0, "swr": 1.0, "nright": 1, "cline": "none", "key": "3.5|1.0|1.0|1|none", "bridge": 0, "net": "surface", "len_m": 23.7 }, "geometry": { "type": "LineString", "coordinates": [ [ 55.2816369, 25.1924571 ], [ 55.281569, 25.1924288 ], [ 55.2814974, 25.1924095 ], [ 55.2814132, 25.1923969 ] ] } },
{ "type": "Feature", "properties": { "osm_id": 1359328520, "hw": "tertiary", "nm": "Al Ohood Street", "lanes": 2, "oneway": "yes", "sw": 7.0, "swl": 2.5, "swr": 2.5, "nright": 2, "cline": "none", "key": "7.0|2.5|2.5|2|none", "bridge": 0, "net": "surface", "len_m": 581.7 }, "geometry": { "type": "LineString", "coordinates": [ [ 55.2813342, 25.1921506 ], [ 55.2812783, 25.1920808 ], [ 55.2811221, 25.1918856 ], [ 55.2810577, 25.1918163 ], [ 55.281014, 25.1917694 ], [ 55.2809025, 25.191656 ], [ 55.2807877, 25.1915452 ], [ 55.2806697, 25.1914373 ], [ 55.28041, 25.1912095 ], [ 55.2800934, 25.190969 ], [ 55.2794891, 25.1905432 ], [ 55.2793164, 25.1904222 ], [ 55.279148, 25.1902963 ], [ 55.2789841, 25.1901658 ], [ 55.2788248, 25.1900305 ], [ 55.2786702, 25.1898908 ], [ 55.2785207, 25.1897468 ], [ 55.2783762, 25.1895986 ], [ 55.2782491, 25.1894584 ], [ 55.278136, 25.1893319 ], [ 55.2780382, 25.1892153 ], [ 55.277958, 25.189111 ], [ 55.2775156, 25.1885331 ], [ 55.2774804, 25.1884935 ], [ 55.2774395, 25.1884585 ], [ 55.2773937, 25.1884291 ], [ 55.2773436, 25.188404 ] ] } },
{ "type": "Feature", "properties": { "osm_id": 1359389229, "hw": "primary", "nm": "Sheikh Mohammed bin Rashid Boulevard", "lanes": 3, "oneway": "yes", "sw": 10.5, "swl": 3.0, "swr": 3.0, "nright": 3, "cline": "none", "key": "10.5|3.0|3.0|3|none", "bridge": 0, "net": "surface", "len_m": 70.8 }, "geometry": { "type": "LineString", "coordinates": [ [ 55.2820825, 25.1951563 ], [ 55.2824828, 25.1956815 ] ] } },
{ "type": "Feature", "properties": { "osm_id": 1359389230, "hw": "primary", "nm": "Sheikh Mohammed bin Rashid Boulevard", "lanes": 3, "oneway": "yes", "sw": 10.5, "swl": 3.0, "swr": 3.0, "nright": 3, "cline": "none", "key": "10.5|3.0|3.0|3|none", "bridge": 0, "net": "surface", "len_m": 68.6 }, "geometry": { "type": "LineString", "coordinates": [ [ 55.2822233, 25.1957093 ], [ 55.2818302, 25.1952042 ] ] } },
{ "type": "Feature", "properties": { "osm_id": 1361105162, "hw": "residential", "nm": "", "lanes": 2, "oneway": "yes", "sw": 7.0, "swl": 2.0, "swr": 2.0, "nright": 2, "cline": "none", "key": "7.0|2.0|2.0|2|none", "bridge": 0, "net": "surface", "len_m": 15.5 }, "geometry": { "type": "LineString", "coordinates": [ [ 55.2782899, 25.1863902 ], [ 55.2782891, 25.1864201 ], [ 55.2782839, 25.1864496 ], [ 55.2782742, 25.1864782 ], [ 55.2782529, 25.1865242 ] ] } },
{ "type": "Feature", "properties": { "osm_id": 1361105163, "hw": "residential", "nm": "", "lanes": 2, "oneway": "yes", "sw": 7.0, "swl": 2.0, "swr": 2.0, "nright": 2, "cline": "none", "key": "7.0|2.0|2.0|2|none", "bridge": 0, "net": "surface", "len_m": 16.9 }, "geometry": { "type": "LineString", "coordinates": [ [ 55.2781649, 25.1865046 ], [ 55.2781906, 25.1864408 ], [ 55.2782018, 25.186415 ], [ 55.2782196, 25.1863921 ], [ 55.2782431, 25.186373 ] ] } },
{ "type": "Feature", "properties": { "osm_id": 1361105164, "hw": "residential", "nm": "", "lanes": 2, "oneway": "yes", "sw": 7.0, "swl": 2.0, "swr": 2.0, "nright": 2, "cline": "none", "key": "7.0|2.0|2.0|2|none", "bridge": 0, "net": "surface", "len_m": 5.6 }, "geometry": { "type": "LineString", "coordinates": [ [ 55.2778967, 25.1872093 ], [ 55.2779097, 25.1871602 ] ] } },
{ "type": "Feature", "properties": { "osm_id": 1361105165, "hw": "residential", "nm": "", "lanes": 2, "oneway": "yes", "sw": 7.0, "swl": 2.0, "swr": 2.0, "nright": 2, "cline": "none", "key": "7.0|2.0|2.0|2|none", "bridge": 0, "net": "surface", "len_m": 6.3 }, "geometry": { "type": "LineString", "coordinates": [ [ 55.277972, 25.1871784 ], [ 55.2779425, 25.1872285 ] ] } },
{ "type": "Feature", "properties": { "osm_id": 1361105167, "hw": "secondary", "nm": "Marasi Drive", "lanes": 3, "oneway": "yes", "sw": 10.5, "swl": 3.0, "swr": 3.0, "nright": 3, "cline": "none", "key": "10.5|3.0|3.0|3|none", "bridge": 0, "net": "surface", "len_m": 57.5 }, "geometry": { "type": "LineString", "coordinates": [ [ 55.2749094, 25.1853991 ], [ 55.2748151, 25.1854626 ], [ 55.2744554, 25.1857136 ] ] } },
{ "type": "Feature", "properties": { "osm_id": 1362824980, "hw": "residential", "nm": "", "lanes": 2, "oneway": "no", "sw": 7.0, "swl": 2.0, "swr": 2.0, "nright": 1, "cline": "white", "key": "7.0|2.0|2.0|1|white", "bridge": 0, "net": "surface", "len_m": 99.3 }, "geometry": { "type": "LineString", "coordinates": [ [ 55.275304, 25.1899933 ], [ 55.2754194, 25.1897179 ], [ 55.2754569, 25.1895395 ], [ 55.275655, 25.1891604 ] ] } },
{ "type": "Feature", "properties": { "osm_id": 1362824981, "hw": "residential", "nm": "", "lanes": 2, "oneway": "no", "sw": 7.0, "swl": 2.0, "swr": 2.0, "nright": 1, "cline": "white", "key": "7.0|2.0|2.0|1|white", "bridge": 0, "net": "surface", "len_m": 109.7 }, "geometry": { "type": "LineString", "coordinates": [ [ 55.2752673, 25.1888369 ], [ 55.2752504, 25.188673 ], [ 55.2752745, 25.1885613 ], [ 55.275422, 25.1883526 ], [ 55.2754945, 25.188338 ], [ 55.2758834, 25.1885152 ] ] } },
{ "type": "Feature", "properties": { "osm_id": 1362824982, "hw": "residential", "nm": "", "lanes": 2, "oneway": "no", "sw": 7.0, "swl": 2.0, "swr": 2.0, "nright": 1, "cline": "white", "key": "7.0|2.0|2.0|1|white", "bridge": 0, "net": "surface", "len_m": 114.4 }, "geometry": { "type": "LineString", "coordinates": [ [ 55.2752156, 25.1889486 ], [ 55.2750558, 25.1889411 ], [ 55.2750237, 25.1889364 ], [ 55.2747542, 25.1888307 ], [ 55.274671, 25.1888283 ], [ 55.2745369, 25.1889497 ], [ 55.2743787, 25.1892604 ] ] } },
{ "type": "Feature", "properties": { "osm_id": 1365977801, "hw": "tertiary", "nm": "", "lanes": 2, "oneway": "yes", "sw": 7.0, "swl": 2.5, "swr": 2.5, "nright": 2, "cline": "none", "key": "7.0|2.5|2.5|2|none", "bridge": 0, "net": "surface", "len_m": 63.4 }, "geometry": { "type": "LineString", "coordinates": [ [ 55.2757519, 25.1783471 ], [ 55.2755934, 25.1784478 ], [ 55.2752491, 25.1786911 ] ] } },
{ "type": "Feature", "properties": { "osm_id": 1369657443, "hw": "residential", "nm": "", "lanes": 2, "oneway": "no", "sw": 7.0, "swl": 2.0, "swr": 2.0, "nright": 1, "cline": "white", "key": "7.0|2.0|2.0|1|white", "bridge": 0, "net": "surface", "len_m": 305.8 }, "geometry": { "type": "LineString", "coordinates": [ [ 55.2812847, 25.176698 ], [ 55.2814378, 25.1766708 ], [ 55.281572, 25.1766465 ], [ 55.2817098, 25.1766135 ], [ 55.2818429, 25.1765713 ], [ 55.2819775, 25.1765256 ], [ 55.2821091, 25.1764734 ], [ 55.2822375, 25.1764148 ], [ 55.2824773, 25.1762998 ], [ 55.2829497, 25.1760725 ], [ 55.283341, 25.1758872 ], [ 55.2838501, 25.1756461 ], [ 55.2840357, 25.1755638 ] ] } },
{ "type": "Feature", "properties": { "osm_id": 1375218682, "hw": "residential", "nm": "", "lanes": 2, "oneway": "yes", "sw": 7.0, "swl": 2.0, "swr": 2.0, "nright": 2, "cline": "none", "key": "7.0|2.0|2.0|2|none", "bridge": 0, "net": "surface", "len_m": 13.5 }, "geometry": { "type": "LineString", "coordinates": [ [ 55.2506728, 25.1846893 ], [ 55.25061, 25.1845812 ] ] } },
{ "type": "Feature", "properties": { "osm_id": 1375218690, "hw": "residential", "nm": "", "lanes": 2, "oneway": "yes", "sw": 7.0, "swl": 2.0, "swr": 2.0, "nright": 2, "cline": "none", "key": "7.0|2.0|2.0|2|none", "bridge": 0, "net": "surface", "len_m": 56.5 }, "geometry": { "type": "LineString", "coordinates": [ [ 55.2510828, 25.1850253 ], [ 55.2509566, 25.1849635 ], [ 55.2508778, 25.1849127 ], [ 55.2508032, 25.1848423 ], [ 55.2507613, 25.1847994 ], [ 55.2507092, 25.1847347 ], [ 55.2506728, 25.1846893 ] ] } },
{ "type": "Feature", "properties": { "osm_id": 1375218691, "hw": "residential", "nm": "", "lanes": 2, "oneway": "yes", "sw": 7.0, "swl": 2.0, "swr": 2.0, "nright": 2, "cline": "none", "key": "7.0|2.0|2.0|2|none", "bridge": 0, "net": "surface", "len_m": 63.1 }, "geometry": { "type": "LineString", "coordinates": [ [ 55.2508778, 25.1849127 ], [ 55.2507312, 25.1848487 ], [ 55.2506085, 25.1848123 ], [ 55.2505084, 25.1847898 ], [ 55.2502788, 25.1847657 ] ] } },
{ "type": "Feature", "properties": { "osm_id": 1375218692, "hw": "residential", "nm": "", "lanes": 2, "oneway": "yes", "sw": 7.0, "swl": 2.0, "swr": 2.0, "nright": 2, "cline": "none", "key": "7.0|2.0|2.0|2|none", "bridge": 0, "net": "surface", "len_m": 60.3 }, "geometry": { "type": "LineString", "coordinates": [ [ 55.2510954, 25.1843585 ], [ 55.2510673, 25.1844368 ], [ 55.2510272, 25.1844882 ], [ 55.2509797, 25.1845464 ], [ 55.250953, 25.184591 ], [ 55.2509327, 25.1846476 ], [ 55.2509263, 25.1847106 ], [ 55.2509352, 25.1847685 ], [ 55.2509637, 25.1848593 ] ] } },
{ "type": "Feature", "properties": { "osm_id": 1375218696, "hw": "residential", "nm": "", "lanes": 2, "oneway": "yes", "sw": 7.0, "swl": 2.0, "swr": 2.0, "nright": 2, "cline": "none", "key": "7.0|2.0|2.0|2|none", "bridge": 0, "net": "surface", "len_m": 60.4 }, "geometry": { "type": "LineString", "coordinates": [ [ 55.2507688, 25.1846461 ], [ 55.2507937, 25.1846841 ], [ 55.2508264, 25.1847282 ], [ 55.2508684, 25.1847776 ], [ 55.2509217, 25.1848277 ], [ 55.2509637, 25.1848593 ], [ 55.250999, 25.1848797 ], [ 55.2511339, 25.1849589 ], [ 55.2510994, 25.1850122 ], [ 55.2510828, 25.1850253 ] ] } },
{ "type": "Feature", "properties": { "osm_id": 1384509388, "hw": "tertiary", "nm": "", "lanes": 2, "oneway": "yes", "sw": 7.0, "swl": 2.5, "swr": 2.5, "nright": 2, "cline": "none", "key": "7.0|2.5|2.5|2|none", "bridge": 0, "net": "surface", "len_m": 130.8 }, "geometry": { "type": "LineString", "coordinates": [ [ 55.2918108, 25.1875369 ], [ 55.2918142, 25.1876375 ], [ 55.2918258, 25.1877378 ], [ 55.2918406, 25.1878275 ], [ 55.2918618, 25.1879161 ], [ 55.2918823, 25.1880285 ], [ 55.2918936, 25.188142 ], [ 55.2918957, 25.1882559 ], [ 55.2918884, 25.1883696 ], [ 55.2918719, 25.1884825 ], [ 55.2918463, 25.188594 ], [ 55.2918116, 25.1887036 ] ] } },
{ "type": "Feature", "properties": { "osm_id": 1388148983, "hw": "tertiary", "nm": "", "lanes": 2, "oneway": "yes", "sw": 7.0, "swl": 2.5, "swr": 2.5, "nright": 2, "cline": "none", "key": "7.0|2.5|2.5|2|none", "bridge": 0, "net": "surface", "len_m": 14.1 }, "geometry": { "type": "LineString", "coordinates": [ [ 55.2906582, 25.1897315 ], [ 55.2905923, 25.1897524 ], [ 55.2905249, 25.1897692 ] ] } },
{ "type": "Feature", "properties": { "osm_id": 1391762654, "hw": "tertiary", "nm": "Marasi Drive", "lanes": 3, "oneway": "yes", "sw": 10.5, "swl": 2.5, "swr": 2.5, "nright": 3, "cline": "none", "key": "10.5|2.5|2.5|3|none", "bridge": 0, "net": "surface", "len_m": 66.7 }, "geometry": { "type": "LineString", "coordinates": [ [ 55.2772688, 25.1812456 ], [ 55.2774333, 25.1812289 ], [ 55.2775983, 25.1812167 ], [ 55.2777636, 25.1812089 ], [ 55.2779291, 25.1812056 ] ] } },
{ "type": "Feature", "properties": { "osm_id": 1391762655, "hw": "tertiary", "nm": "", "lanes": 1, "oneway": "yes", "sw": 3.5, "swl": 2.5, "swr": 2.5, "nright": 1, "cline": "none", "key": "3.5|2.5|2.5|1|none", "bridge": 0, "net": "surface", "len_m": 79.9 }, "geometry": { "type": "LineString", "coordinates": [ [ 55.2800352, 25.1869354 ], [ 55.2800985, 25.1869695 ], [ 55.2801682, 25.1869912 ], [ 55.2802412, 25.1869995 ], [ 55.2803147, 25.1869941 ], [ 55.2803853, 25.1869753 ], [ 55.2804502, 25.1869438 ], [ 55.280733, 25.1867547 ] ] } },
{ "type": "Feature", "properties": { "osm_id": 1391762656, "hw": "secondary", "nm": "", "lanes": 2, "oneway": "no", "sw": 7.0, "swl": 3.0, "swr": 3.0, "nright": 1, "cline": "white", "key": "7.0|3.0|3.0|1|white", "bridge": 0, "net": "surface", "len_m": 33.5 }, "geometry": { "type": "LineString", "coordinates": [ [ 55.2781065, 25.1842651 ], [ 55.2782502, 25.1843414 ], [ 55.2783605, 25.1844544 ] ] } },
{ "type": "Feature", "properties": { "osm_id": 1391762657, "hw": "secondary", "nm": "", "lanes": 2, "oneway": "no", "sw": 7.0, "swl": 3.0, "swr": 3.0, "nright": 1, "cline": "white", "key": "7.0|3.0|3.0|1|white", "bridge": 0, "net": "surface", "len_m": 42.5 }, "geometry": { "type": "LineString", "coordinates": [ [ 55.277408, 25.1845715 ], [ 55.2774667, 25.1844555 ], [ 55.2775571, 25.1843577 ], [ 55.2776728, 25.184285 ] ] } },
{ "type": "Feature", "properties": { "osm_id": 1391762658, "hw": "secondary", "nm": "", "lanes": 2, "oneway": "no", "sw": 7.0, "swl": 3.0, "swr": 3.0, "nright": 1, "cline": "white", "key": "7.0|3.0|3.0|1|white", "bridge": 0, "net": "surface", "len_m": 42.3 }, "geometry": { "type": "LineString", "coordinates": [ [ 55.2774503, 25.1849414 ], [ 55.277409, 25.1848537 ], [ 55.2773878, 25.1847603 ], [ 55.2773877, 25.1847241 ], [ 55.2773875, 25.184665 ], [ 55.277408, 25.1845715 ] ] } },
{ "type": "Feature", "properties": { "osm_id": 1391762659, "hw": "secondary", "nm": "", "lanes": 2, "oneway": "no", "sw": 7.0, "swl": 3.0, "swr": 3.0, "nright": 1, "cline": "white", "key": "7.0|3.0|3.0|1|white", "bridge": 0, "net": "surface", "len_m": 97.2 }, "geometry": { "type": "LineString", "coordinates": [ [ 55.2784412, 25.1847541 ], [ 55.2784125, 25.1848712 ], [ 55.2783529, 25.1849782 ], [ 55.2782659, 25.1850684 ], [ 55.2781568, 25.1851363 ], [ 55.2780325, 25.1851775 ], [ 55.2779008, 25.1851896 ], [ 55.277793, 25.185177 ], [ 55.2777305, 25.1851715 ] ] } },
{ "type": "Feature", "properties": { "osm_id": 1391762660, "hw": "secondary", "nm": "", "lanes": 2, "oneway": "no", "sw": 7.0, "swl": 3.0, "swr": 3.0, "nright": 1, "cline": "white", "key": "7.0|3.0|3.0|1|white", "bridge": 0, "net": "surface", "len_m": 34.6 }, "geometry": { "type": "LineString", "coordinates": [ [ 55.2783605, 25.1844544 ], [ 55.2784281, 25.1845983 ], [ 55.2784412, 25.1847541 ] ] } },
{ "type": "Feature", "properties": { "osm_id": 1394456945, "hw": "residential", "nm": "", "lanes": 2, "oneway": "no", "sw": 7.0, "swl": 2.0, "swr": 2.0, "nright": 1, "cline": "white", "key": "7.0|2.0|2.0|1|white", "bridge": 0, "net": "surface", "len_m": 373.9 }, "geometry": { "type": "LineString", "coordinates": [ [ 55.2807569, 25.1731662 ], [ 55.2799564, 25.1731572 ], [ 55.2798841, 25.1731527 ], [ 55.2796103, 25.1731418 ], [ 55.2794816, 25.1731345 ], [ 55.2793723, 25.173121 ], [ 55.2792063, 25.1730943 ], [ 55.2791595, 25.1730868 ], [ 55.279025, 25.1730692 ], [ 55.2789807, 25.1730611 ], [ 55.2789405, 25.1730515 ], [ 55.2782923, 25.1728613 ], [ 55.2782121, 25.1728378 ], [ 55.2778327, 25.1726658 ], [ 55.2776628, 25.1725717 ], [ 55.2774708, 25.1724655 ], [ 55.27725, 25.1723213 ] ] } },
{ "type": "Feature", "properties": { "osm_id": 1394873610, "hw": "tertiary", "nm": "Al Mustaqbal Street", "lanes": 4, "oneway": "yes", "sw": 14.0, "swl": 2.5, "swr": 2.5, "nright": 4, "cline": "none", "key": "14.0|2.5|2.5|4|none", "bridge": 0, "net": "surface", "len_m": 10.3 }, "geometry": { "type": "LineString", "coordinates": [ [ 55.2669987, 25.1947733 ], [ 55.2669352, 25.1947005 ] ] } },
{ "type": "Feature", "properties": { "osm_id": 1394920249, "hw": "tertiary_link", "nm": "", "lanes": 1, "oneway": "yes", "sw": 3.5, "swl": 1.0, "swr": 1.0, "nright": 1, "cline": "none", "key": "3.5|1.0|1.0|1|none", "bridge": 0, "net": "surface", "len_m": 22.9 }, "geometry": { "type": "LineString", "coordinates": [ [ 55.2899433, 25.1895986 ], [ 55.2899865, 25.1896314 ], [ 55.2900331, 25.1896603 ], [ 55.2901334, 25.18971 ] ] } },
{ "type": "Feature", "properties": { "osm_id": 1394920250, "hw": "tertiary", "nm": "", "lanes": 2, "oneway": "yes", "sw": 7.0, "swl": 2.5, "swr": 2.5, "nright": 2, "cline": "none", "key": "7.0|2.5|2.5|2|none", "bridge": 0, "net": "surface", "len_m": 14.5 }, "geometry": { "type": "LineString", "coordinates": [ [ 55.2917051, 25.1886098 ], [ 55.2917334, 25.1884817 ] ] } },
{ "type": "Feature", "properties": { "osm_id": 1394920251, "hw": "tertiary", "nm": "", "lanes": 2, "oneway": "yes", "sw": 7.0, "swl": 2.5, "swr": 2.5, "nright": 2, "cline": "none", "key": "7.0|2.5|2.5|2|none", "bridge": 0, "net": "surface", "len_m": 35.1 }, "geometry": { "type": "LineString", "coordinates": [ [ 55.2895301, 25.1897013 ], [ 55.2897352, 25.1897031 ], [ 55.2898786, 25.1897041 ] ] } },
{ "type": "Feature", "properties": { "osm_id": 1410924033, "hw": "tertiary", "nm": "Al Yamamah Street", "lanes": 2, "oneway": "yes", "sw": 7.0, "swl": 2.5, "swr": 2.5, "nright": 2, "cline": "none", "key": "7.0|2.5|2.5|2|none", "bridge": 0, "net": "surface", "len_m": 17.1 }, "geometry": { "type": "LineString", "coordinates": [ [ 55.2813342, 25.1921506 ], [ 55.2814758, 25.1920652 ] ] } },
{ "type": "Feature", "properties": { "osm_id": 1410924034, "hw": "tertiary", "nm": "Al Ohood Street", "lanes": 2, "oneway": "yes", "sw": 7.0, "swl": 2.5, "swr": 2.5, "nright": 2, "cline": "none", "key": "7.0|2.5|2.5|2|none", "bridge": 0, "net": "surface", "len_m": 14.7 }, "geometry": { "type": "LineString", "coordinates": [ [ 55.281426, 25.1922542 ], [ 55.2813342, 25.1921506 ] ] } },
{ "type": "Feature", "properties": { "osm_id": 1412944886, "hw": "secondary", "nm": "Al Khaleej Al Tejari 1 Street", "lanes": 3, "oneway": "yes", "sw": 10.5, "swl": 3.0, "swr": 3.0, "nright": 3, "cline": "none", "key": "10.5|3.0|3.0|3|none", "bridge": 0, "net": "surface", "len_m": 35.9 }, "geometry": { "type": "LineString", "coordinates": [ [ 55.261943, 25.1885586 ], [ 55.2622099, 25.1883444 ] ] } },
{ "type": "Feature", "properties": { "osm_id": 1412944887, "hw": "tertiary", "nm": "Al Mustaqbal Street", "lanes": 2, "oneway": "yes", "sw": 7.0, "swl": 2.5, "swr": 2.5, "nright": 2, "cline": "none", "key": "7.0|2.5|2.5|2|none", "bridge": 0, "net": "surface", "len_m": 13.6 }, "geometry": { "type": "LineString", "coordinates": [ [ 55.261784, 25.1885223 ], [ 55.2618684, 25.1886178 ] ] } },
{ "type": "Feature", "properties": { "osm_id": 1412944888, "hw": "tertiary", "nm": "Al Mustaqbal Street", "lanes": 3, "oneway": "yes", "sw": 10.5, "swl": 2.5, "swr": 2.5, "nright": 3, "cline": "none", "key": "10.5|2.5|2.5|3|none", "bridge": 0, "net": "surface", "len_m": 13.7 }, "geometry": { "type": "LineString", "coordinates": [ [ 55.261775, 25.1891493 ], [ 55.2616878, 25.1890543 ] ] } },
{ "type": "Feature", "properties": { "osm_id": 1412944889, "hw": "tertiary", "nm": "Al Mustaqbal Street", "lanes": 2, "oneway": "yes", "sw": 7.0, "swl": 2.5, "swr": 2.5, "nright": 2, "cline": "none", "key": "7.0|2.5|2.5|2|none", "bridge": 0, "net": "surface", "len_m": 10.1 }, "geometry": { "type": "LineString", "coordinates": [ [ 55.2615282, 25.1888787 ], [ 55.2614644, 25.1888088 ] ] } },
{ "type": "Feature", "properties": { "osm_id": 1412944890, "hw": "secondary", "nm": "Al Khaleej Al Tejari 1 Street", "lanes": 3, "oneway": "yes", "sw": 10.5, "swl": 3.0, "swr": 3.0, "nright": 3, "cline": "none", "key": "10.5|3.0|3.0|3|none", "bridge": 0, "net": "surface", "len_m": 22.4 }, "geometry": { "type": "LineString", "coordinates": [ [ 55.2616005, 25.1891186 ], [ 55.2614346, 25.1892526 ] ] } },
{ "type": "Feature", "properties": { "osm_id": 1412944891, "hw": "secondary", "nm": "Al Khaleej Al Tejari 1 Street", "lanes": 3, "oneway": "yes", "sw": 10.5, "swl": 3.0, "swr": 3.0, "nright": 3, "cline": "none", "key": "10.5|3.0|3.0|3|none", "bridge": 0, "net": "surface", "len_m": 11.7 }, "geometry": { "type": "LineString", "coordinates": [ [ 55.2614396, 25.1889469 ], [ 55.2615282, 25.1888787 ] ] } },
{ "type": "Feature", "properties": { "osm_id": 1412976990, "hw": "residential", "nm": "", "lanes": 2, "oneway": "yes", "sw": 7.0, "swl": 2.0, "swr": 2.0, "nright": 2, "cline": "none", "key": "7.0|2.0|2.0|2|none", "bridge": 0, "net": "surface", "len_m": 57.9 }, "geometry": { "type": "LineString", "coordinates": [ [ 55.2585065, 25.186422 ], [ 55.2584158, 25.1865117 ], [ 55.2583844, 25.1865463 ], [ 55.2583652, 25.1865741 ], [ 55.2583538, 25.1865987 ], [ 55.2583469, 25.1866245 ], [ 55.2583446, 25.1866511 ], [ 55.258347, 25.1866776 ], [ 55.2583539, 25.1867035 ], [ 55.2583653, 25.186728 ], [ 55.2583829, 25.1867613 ], [ 55.2584116, 25.1868027 ], [ 55.2584596, 25.1868671 ] ] } },
{ "type": "Feature", "properties": { "osm_id": 1412976991, "hw": "residential", "nm": "", "lanes": 2, "oneway": "yes", "sw": 7.0, "swl": 2.0, "swr": 2.0, "nright": 2, "cline": "none", "key": "7.0|2.0|2.0|2|none", "bridge": 0, "net": "surface", "len_m": 64.9 }, "geometry": { "type": "LineString", "coordinates": [ [ 55.2584596, 25.1868671 ], [ 55.2584074, 25.1868253 ], [ 55.258363, 25.1867825 ], [ 55.2583386, 25.1867546 ], [ 55.2583172, 25.1867247 ], [ 55.2583041, 25.1866991 ], [ 55.2582967, 25.1866716 ], [ 55.2582946, 25.1866434 ], [ 55.2582977, 25.1866152 ], [ 55.2583059, 25.1865879 ], [ 55.2583191, 25.1865623 ], [ 55.2583409, 25.1865348 ], [ 55.2583654, 25.1865138 ], [ 55.2583917, 25.1864947 ], [ 55.2585065, 25.186422 ] ] } },
{ "type": "Feature", "properties": { "osm_id": 1412976992, "hw": "residential", "nm": "", "lanes": 2, "oneway": "no", "sw": 7.0, "swl": 2.0, "swr": 2.0, "nright": 1, "cline": "white", "key": "7.0|2.0|2.0|1|white", "bridge": 0, "net": "surface", "len_m": 39.7 }, "geometry": { "type": "LineString", "coordinates": [ [ 55.2588091, 25.1861929 ], [ 55.2587718, 25.1862214 ], [ 55.2586104, 25.1863446 ], [ 55.2585548, 25.1863871 ], [ 55.2585065, 25.186422 ] ] } },
{ "type": "Feature", "properties": { "osm_id": 1413200261, "hw": "trunk_link", "nm": "", "lanes": 2, "oneway": "yes", "sw": 7.0, "swl": 0.0, "swr": 0.0, "nright": 2, "cline": "none", "key": "7.0|0.0|0.0|2|none", "bridge": 1, "net": "freeway", "len_m": 92.8 }, "geometry": { "type": "LineString", "coordinates": [ [ 55.29491, 25.1948258 ], [ 55.2948281, 25.1948986 ], [ 55.294741, 25.1949661 ], [ 55.2946491, 25.1950281 ], [ 55.2945527, 25.1950844 ], [ 55.2944523, 25.1951346 ], [ 55.2943484, 25.1951785 ], [ 55.2942414, 25.195216 ], [ 55.2941272, 25.1952479 ] ] } },
{ "type": "Feature", "properties": { "osm_id": 1413200262, "hw": "trunk_link", "nm": "", "lanes": 2, "oneway": "yes", "sw": 7.0, "swl": 0.0, "swr": 0.0, "nright": 2, "cline": "none", "key": "7.0|0.0|0.0|2|none", "bridge": 1, "net": "freeway", "len_m": 263.1 }, "geometry": { "type": "LineString", "coordinates": [ [ 55.2935521, 25.1908253 ], [ 55.2935469, 25.1908901 ], [ 55.293545, 25.1909551 ], [ 55.2935486, 25.1910567 ], [ 55.2935601, 25.1911578 ], [ 55.2935796, 25.191258 ], [ 55.2936069, 25.1913566 ], [ 55.2936419, 25.1914532 ], [ 55.2936882, 25.1915564 ], [ 55.2937427, 25.1916563 ], [ 55.2938051, 25.1917524 ], [ 55.2938749, 25.1918441 ], [ 55.2939569, 25.1919394 ], [ 55.2940451, 25.19203 ], [ 55.2941392, 25.1921156 ], [ 55.2942388, 25.1921958 ], [ 55.2943627, 25.1922897 ], [ 55.2944899, 25.19238 ], [ 55.2946203, 25.1924664 ], [ 55.2947236, 25.1925381 ], [ 55.294821, 25.1926163 ], [ 55.294912, 25.1927005 ], [ 55.294920297446538, 25.192709395460707 ] ] } },
{ "type": "Feature", "properties": { "osm_id": 1432538477, "hw": "secondary_link", "nm": "", "lanes": 1, "oneway": "yes", "sw": 3.5, "swl": 1.0, "swr": 1.0, "nright": 1, "cline": "none", "key": "3.5|1.0|1.0|1|none", "bridge": 0, "net": "surface", "len_m": 27.5 }, "geometry": { "type": "LineString", "coordinates": [ [ 55.2721862, 25.1885233 ], [ 55.2721855, 25.1884625 ], [ 55.2721695, 25.1883901 ], [ 55.2721396, 25.1883379 ], [ 55.2721222, 25.1882853 ] ] } },
{ "type": "Feature", "properties": { "osm_id": 1432538481, "hw": "residential", "nm": "", "lanes": 2, "oneway": "yes", "sw": 7.0, "swl": 2.0, "swr": 2.0, "nright": 2, "cline": "none", "key": "7.0|2.0|2.0|2|none", "bridge": 0, "net": "surface", "len_m": 53.4 }, "geometry": { "type": "LineString", "coordinates": [ [ 55.2684587, 25.1919114 ], [ 55.2684407, 25.1920743 ], [ 55.268428, 25.1921303 ], [ 55.2684298, 25.1921834 ], [ 55.2684422, 25.1922416 ], [ 55.2684596, 25.1922932 ], [ 55.2685098, 25.1923764 ] ] } },
{ "type": "Feature", "properties": { "osm_id": 1432538482, "hw": "tertiary", "nm": "Burj Khalifa Street", "lanes": 3, "oneway": "yes", "sw": 10.5, "swl": 2.5, "swr": 2.5, "nright": 3, "cline": "none", "key": "10.5|2.5|2.5|3|none", "bridge": 0, "net": "surface", "len_m": 152.5 }, "geometry": { "type": "LineString", "coordinates": [ [ 55.2693279, 25.1907944 ], [ 55.2691791, 25.1909262 ], [ 55.2690322, 25.1910795 ], [ 55.2689196, 25.1912142 ], [ 55.2688, 25.1913724 ], [ 55.2686762, 25.1915344 ], [ 55.2685633, 25.1917167 ], [ 55.2684587, 25.1919114 ] ] } },
{ "type": "Feature", "properties": { "osm_id": 1432538483, "hw": "tertiary", "nm": "Burj Khalifa Street", "lanes": 5, "oneway": "yes", "sw": 17.5, "swl": 2.5, "swr": 2.5, "nright": 5, "cline": "none", "key": "17.5|2.5|2.5|5|none", "bridge": 0, "net": "surface", "len_m": 14.5 }, "geometry": { "type": "LineString", "coordinates": [ [ 55.2727085, 25.1885823 ], [ 55.2725891, 25.1886551 ] ] } },
{ "type": "Feature", "properties": { "osm_id": 1432538484, "hw": "secondary_link", "nm": "", "lanes": 1, "oneway": "yes", "sw": 3.5, "swl": 1.0, "swr": 1.0, "nright": 1, "cline": "none", "key": "3.5|1.0|1.0|1|none", "bridge": 0, "net": "surface", "len_m": 35.6 }, "geometry": { "type": "LineString", "coordinates": [ [ 55.2724709, 25.1889005 ], [ 55.2723642, 25.1888897 ], [ 55.2723019, 25.188897 ], [ 55.2722445, 25.1889075 ], [ 55.2721895, 25.1889214 ], [ 55.2721264, 25.1889422 ] ] } },
{ "type": "Feature", "properties": { "osm_id": 1432599647, "hw": "secondary", "nm": "AL Alam Street", "lanes": 2, "oneway": "yes", "sw": 7.0, "swl": 3.0, "swr": 3.0, "nright": 2, "cline": "none", "key": "7.0|3.0|3.0|2|none", "bridge": 0, "net": "surface", "len_m": 13.1 }, "geometry": { "type": "LineString", "coordinates": [ [ 55.2725891, 25.1886551 ], [ 55.2726703, 25.1887474 ] ] } },
{ "type": "Feature", "properties": { "osm_id": 1432599648, "hw": "tertiary", "nm": "Burj Khalifa Street", "lanes": 3, "oneway": "yes", "sw": 10.5, "swl": 2.5, "swr": 2.5, "nright": 3, "cline": "none", "key": "10.5|2.5|2.5|3|none", "bridge": 0, "net": "surface", "len_m": 15.3 }, "geometry": { "type": "LineString", "coordinates": [ [ 55.2724698, 25.1885061 ], [ 55.2725933, 25.1884258 ] ] } },
{ "type": "Feature", "properties": { "osm_id": 1432599649, "hw": "secondary", "nm": "AL Alam Street", "lanes": 3, "oneway": "yes", "sw": 10.5, "swl": 3.0, "swr": 3.0, "nright": 3, "cline": "none", "key": "10.5|3.0|3.0|3|none", "bridge": 0, "net": "surface", "len_m": 12.3 }, "geometry": { "type": "LineString", "coordinates": [ [ 55.2723976, 25.1884166 ], [ 55.2724698, 25.1885061 ] ] } },
{ "type": "Feature", "properties": { "osm_id": 1432599650, "hw": "secondary", "nm": "AL Alam Street", "lanes": 3, "oneway": "yes", "sw": 10.5, "swl": 3.0, "swr": 3.0, "nright": 3, "cline": "none", "key": "10.5|3.0|3.0|3|none", "bridge": 0, "net": "surface", "len_m": 27.4 }, "geometry": { "type": "LineString", "coordinates": [ [ 55.2723015, 25.188471 ], [ 55.2721222, 25.1882853 ] ] } },
{ "type": "Feature", "properties": { "osm_id": 1433081151, "hw": "residential", "nm": "", "lanes": 2, "oneway": "yes", "sw": 7.0, "swl": 2.0, "swr": 2.0, "nright": 2, "cline": "none", "key": "7.0|2.0|2.0|2|none", "bridge": 0, "net": "surface", "len_m": 13.6 }, "geometry": { "type": "LineString", "coordinates": [ [ 55.25071, 25.1845359 ], [ 55.2507688, 25.1846461 ] ] } },
{ "type": "Feature", "properties": { "osm_id": 1434034292, "hw": "secondary", "nm": "AL Alam Street", "lanes": 4, "oneway": "yes", "sw": 14.0, "swl": 3.0, "swr": 3.0, "nright": 4, "cline": "none", "key": "14.0|3.0|3.0|4|none", "bridge": 0, "net": "surface", "len_m": 12.3 }, "geometry": { "type": "LineString", "coordinates": [ [ 55.2725571, 25.1888161 ], [ 55.2724899, 25.1887239 ] ] } },
{ "type": "Feature", "properties": { "osm_id": 1454180952, "hw": "tertiary", "nm": "", "lanes": 2, "oneway": "no", "sw": 7.0, "swl": 2.5, "swr": 2.5, "nright": 1, "cline": "white", "key": "7.0|2.5|2.5|1|white", "bridge": 0, "net": "surface", "len_m": 17.6 }, "geometry": { "type": "LineString", "coordinates": [ [ 55.2531183, 25.1802956 ], [ 55.2530052, 25.180174 ] ] } },
{ "type": "Feature", "properties": { "osm_id": 1454180957, "hw": "tertiary", "nm": "", "lanes": 2, "oneway": "no", "sw": 7.0, "swl": 2.5, "swr": 2.5, "nright": 1, "cline": "white", "key": "7.0|2.5|2.5|1|white", "bridge": 0, "net": "surface", "len_m": 22.8 }, "geometry": { "type": "LineString", "coordinates": [ [ 55.2529068, 25.1799804 ], [ 55.2529298, 25.1799863 ], [ 55.2529501, 25.1799978 ], [ 55.2529661, 25.180014 ], [ 55.2529765, 25.1800335 ], [ 55.2529805, 25.1800548 ], [ 55.2529772, 25.1800784 ], [ 55.2529658, 25.1801005 ], [ 55.2529474, 25.1801183 ], [ 55.2529244, 25.1801312 ] ] } },
{ "type": "Feature", "properties": { "osm_id": 1454180958, "hw": "tertiary", "nm": "", "lanes": 2, "oneway": "yes", "sw": 7.0, "swl": 2.5, "swr": 2.5, "nright": 2, "cline": "none", "key": "7.0|2.5|2.5|2|none", "bridge": 0, "net": "surface", "len_m": 37.4 }, "geometry": { "type": "LineString", "coordinates": [ [ 55.2539383, 25.1779339 ], [ 55.2539682, 25.1779546 ], [ 55.2539967, 25.177977 ], [ 55.2540234, 25.178001 ], [ 55.2540484, 25.1780266 ], [ 55.2541848, 25.1781845 ] ] } },
{ "type": "Feature", "properties": { "osm_id": 1454180959, "hw": "tertiary", "nm": "", "lanes": 2, "oneway": "yes", "sw": 7.0, "swl": 2.5, "swr": 2.5, "nright": 2, "cline": "none", "key": "7.0|2.5|2.5|2|none", "bridge": 0, "net": "surface", "len_m": 38.2 }, "geometry": { "type": "LineString", "coordinates": [ [ 55.25414, 25.1782216 ], [ 55.2539961, 25.1780574 ], [ 55.2539788, 25.1780298 ], [ 55.2539624, 25.1779989 ], [ 55.2539489, 25.1779668 ], [ 55.2539383, 25.1779339 ] ] } },
{ "type": "Feature", "properties": { "osm_id": 1467980718, "hw": "residential", "nm": "30b Street", "lanes": 2, "oneway": "no", "sw": 7.0, "swl": 2.0, "swr": 2.0, "nright": 1, "cline": "white", "key": "7.0|2.0|2.0|1|white", "bridge": 0, "net": "surface", "len_m": 56.0 }, "geometry": { "type": "LineString", "coordinates": [ [ 55.2517379, 25.1935473 ], [ 55.251934, 25.1938284 ], [ 55.2520355, 25.1939741 ] ] } },
{ "type": "Feature", "properties": { "osm_id": 1467980719, "hw": "residential", "nm": "30b Street", "lanes": 2, "oneway": "no", "sw": 7.0, "swl": 2.0, "swr": 2.0, "nright": 1, "cline": "white", "key": "7.0|2.0|2.0|1|white", "bridge": 0, "net": "surface", "len_m": 115.0 }, "geometry": { "type": "LineString", "coordinates": [ [ 55.2520355, 25.1939741 ], [ 55.2521002, 25.1940659 ], [ 55.2523062, 25.194358 ], [ 55.2523346, 25.1943982 ], [ 55.2526434, 25.1948529 ] ] } },
{ "type": "Feature", "properties": { "osm_id": 1468489810, "hw": "tertiary", "nm": "", "lanes": 2, "oneway": "yes", "sw": 7.0, "swl": 2.5, "swr": 2.5, "nright": 2, "cline": "none", "key": "7.0|2.5|2.5|2|none", "bridge": 0, "net": "surface", "len_m": 21.7 }, "geometry": { "type": "LineString", "coordinates": [ [ 55.2672333, 25.185139 ], [ 55.2671788, 25.1850964 ], [ 55.2671215, 25.185057 ], [ 55.2670616, 25.1850209 ] ] } },
{ "type": "Feature", "properties": { "osm_id": 1468489811, "hw": "tertiary", "nm": "", "lanes": 2, "oneway": "yes", "sw": 7.0, "swl": 2.5, "swr": 2.5, "nright": 2, "cline": "none", "key": "7.0|2.5|2.5|2|none", "bridge": 0, "net": "surface", "len_m": 21.6 }, "geometry": { "type": "LineString", "coordinates": [ [ 55.2671466, 25.1849617 ], [ 55.2671631, 25.1850079 ], [ 55.2671832, 25.185053 ], [ 55.2672066, 25.1850968 ], [ 55.2672333, 25.185139 ] ] } },
{ "type": "Feature", "properties": { "osm_id": 1468489812, "hw": "residential", "nm": "", "lanes": 2, "oneway": "yes", "sw": 7.0, "swl": 2.0, "swr": 2.0, "nright": 2, "cline": "none", "key": "7.0|2.0|2.0|2|none", "bridge": 0, "net": "surface", "len_m": 17.8 }, "geometry": { "type": "LineString", "coordinates": [ [ 55.2668041, 25.1846367 ], [ 55.2668494, 25.1846708 ], [ 55.2668983, 25.1847005 ], [ 55.2669503, 25.1847255 ] ] } },
{ "type": "Feature", "properties": { "osm_id": 1468489813, "hw": "residential", "nm": "", "lanes": 2, "oneway": "yes", "sw": 7.0, "swl": 2.0, "swr": 2.0, "nright": 2, "cline": "none", "key": "7.0|2.0|2.0|2|none", "bridge": 0, "net": "surface", "len_m": 17.4 }, "geometry": { "type": "LineString", "coordinates": [ [ 55.2668671, 25.1847824 ], [ 55.2668528, 25.1847316 ], [ 55.2668316, 25.1846829 ], [ 55.2668041, 25.1846367 ] ] } },
{ "type": "Feature", "properties": { "osm_id": 1468489814, "hw": "residential", "nm": "", "lanes": 2, "oneway": "no", "sw": 7.0, "swl": 2.0, "swr": 2.0, "nright": 1, "cline": "white", "key": "7.0|2.0|2.0|1|white", "bridge": 0, "net": "surface", "len_m": 339.0 }, "geometry": { "type": "LineString", "coordinates": [ [ 55.2668041, 25.1846367 ], [ 55.266718, 25.1845469 ], [ 55.2666467, 25.1844717 ], [ 55.2664897, 25.1843088 ], [ 55.2661407, 25.1839448 ], [ 55.2657001, 25.1834853 ], [ 55.2656762, 25.1834549 ], [ 55.2656606, 25.1834203 ], [ 55.2656543, 25.1833834 ], [ 55.2656576, 25.1833461 ], [ 55.2656702, 25.1833106 ], [ 55.2656916, 25.1832786 ], [ 55.2657205, 25.183252 ], [ 55.2657554, 25.1832321 ], [ 55.2657944, 25.18322 ], [ 55.2658355, 25.1832164 ], [ 55.2658764, 25.1832215 ], [ 55.2660152, 25.1832542 ], [ 55.2661071, 25.1832818 ], [ 55.2662008, 25.1833123 ], [ 55.2663203, 25.183348 ], [ 55.2664306, 25.1833818 ], [ 55.2666498, 25.1834522 ], [ 55.2670403, 25.1835842 ] ] } },
{ "type": "Feature", "properties": { "osm_id": 1468489815, "hw": "tertiary", "nm": "", "lanes": 2, "oneway": "no", "sw": 7.0, "swl": 2.5, "swr": 2.5, "nright": 1, "cline": "white", "key": "7.0|2.5|2.5|1|white", "bridge": 0, "net": "surface", "len_m": 108.7 }, "geometry": { "type": "LineString", "coordinates": [ [ 55.2671388, 25.1847737 ], [ 55.2671612, 25.1848054 ], [ 55.2671747, 25.184841 ], [ 55.2671783, 25.1848785 ], [ 55.2671719, 25.1849157 ], [ 55.2671558, 25.1849504 ], [ 55.2671466, 25.1849617 ], [ 55.2671311, 25.1849806 ], [ 55.267099, 25.1850046 ], [ 55.2670747, 25.1850152 ], [ 55.2670616, 25.1850209 ], [ 55.2670209, 25.1850287 ], [ 55.2669794, 25.1850274 ], [ 55.2669394, 25.1850172 ], [ 55.2669032, 25.1849986 ], [ 55.2668731, 25.1849727 ], [ 55.2668506, 25.184941 ], [ 55.2668372, 25.1849054 ], [ 55.2668336, 25.1848679 ], [ 55.26684, 25.1848307 ], [ 55.266856, 25.184796 ], [ 55.2668671, 25.1847824 ], [ 55.2668808, 25.1847658 ], [ 55.2669128, 25.1847418 ], [ 55.2669503, 25.1847255 ], [ 55.266991, 25.1847177 ], [ 55.2670325, 25.184719 ], [ 55.2670725, 25.1847293 ], [ 55.2671086, 25.1847479 ], [ 55.2671388, 25.1847737 ] ] } },
{ "type": "Feature", "properties": { "osm_id": 1494390020, "hw": "primary", "nm": "Sheikh Mohammed bin Rashid Boulevard", "lanes": 4, "oneway": "yes", "sw": 14.0, "swl": 3.0, "swr": 3.0, "nright": 4, "cline": "none", "key": "14.0|3.0|3.0|4|none", "bridge": 0, "net": "surface", "len_m": 29.7 }, "geometry": { "type": "LineString", "coordinates": [ [ 55.2713438, 25.1919048 ], [ 55.2711353, 25.1920945 ] ] } },
{ "type": "Feature", "properties": { "osm_id": 1494390022, "hw": "primary", "nm": "Sheikh Mohammed bin Rashid Boulevard", "lanes": 4, "oneway": "yes", "sw": 14.0, "swl": 3.0, "swr": 3.0, "nright": 4, "cline": "none", "key": "14.0|3.0|3.0|4|none", "bridge": 0, "net": "surface", "len_m": 517.7 }, "geometry": { "type": "LineString", "coordinates": [ [ 55.2711353, 25.1920945 ], [ 55.2709541, 25.1922843 ], [ 55.2708253, 25.1924257 ], [ 55.2707041, 25.1925724 ], [ 55.2705907, 25.1927241 ], [ 55.2704853, 25.1928805 ], [ 55.2703881, 25.1930413 ], [ 55.2702995, 25.1932059 ], [ 55.2702195, 25.1933742 ], [ 55.2700868, 25.1936961 ], [ 55.2700553, 25.1937778 ], [ 55.2700006, 25.1939646 ], [ 55.2699515, 25.1941506 ], [ 55.2699142, 25.1943289 ], [ 55.2698885, 25.1944957 ], [ 55.2698713, 25.1946735 ], [ 55.2698641, 25.19484 ], [ 55.2698639, 25.1950043 ], [ 55.2698706, 25.1951697 ], [ 55.2698843, 25.1953347 ], [ 55.2698998, 25.195486 ], [ 55.2699266, 25.1956656 ], [ 55.2699462, 25.1957601 ], [ 55.269961, 25.1958315 ], [ 55.2699777, 25.1959005 ], [ 55.270001, 25.1959964 ], [ 55.2700465, 25.1961601 ], [ 55.2700955, 25.1962998 ], [ 55.2701011, 25.1963159 ], [ 55.270150162195343, 25.196436766762485 ] ] } },
{ "type": "Feature", "properties": { "osm_id": 1512575530, "hw": "residential", "nm": "", "lanes": 2, "oneway": "no", "sw": 7.0, "swl": 2.0, "swr": 2.0, "nright": 1, "cline": "white", "key": "7.0|2.0|2.0|1|white", "bridge": 0, "net": "surface", "len_m": 48.0 }, "geometry": { "type": "LineString", "coordinates": [ [ 55.2739618, 25.1807871 ], [ 55.2740255, 25.1807363 ], [ 55.2741064, 25.1806711 ], [ 55.2742225, 25.180582 ], [ 55.2743212, 25.1805025 ] ] } },
{ "type": "Feature", "properties": { "osm_id": 1513978196, "hw": "residential", "nm": "", "lanes": 2, "oneway": "no", "sw": 7.0, "swl": 2.0, "swr": 2.0, "nright": 1, "cline": "white", "key": "7.0|2.0|2.0|1|white", "bridge": 0, "net": "surface", "len_m": 5.1 }, "geometry": { "type": "LineString", "coordinates": [ [ 55.2779425, 25.1872285 ], [ 55.2778967, 25.1872093 ] ] } },
{ "type": "Feature", "properties": { "osm_id": 1517263809, "hw": "residential", "nm": "", "lanes": 2, "oneway": "yes", "sw": 7.0, "swl": 2.0, "swr": 2.0, "nright": 2, "cline": "none", "key": "7.0|2.0|2.0|2|none", "bridge": 0, "net": "surface", "len_m": 10.1 }, "geometry": { "type": "LineString", "coordinates": [ [ 55.2515302, 25.1834032 ], [ 55.2515971, 25.1833358 ] ] } },
{ "type": "Feature", "properties": { "osm_id": 1517263810, "hw": "residential", "nm": "", "lanes": 2, "oneway": "yes", "sw": 7.0, "swl": 2.0, "swr": 2.0, "nright": 2, "cline": "none", "key": "7.0|2.0|2.0|2|none", "bridge": 0, "net": "surface", "len_m": 9.6 }, "geometry": { "type": "LineString", "coordinates": [ [ 55.2516726, 25.1834178 ], [ 55.2516104, 25.1834835 ] ] } },
{ "type": "Feature", "properties": { "osm_id": 1527242505, "hw": "tertiary", "nm": "", "lanes": 2, "oneway": "yes", "sw": 7.0, "swl": 2.5, "swr": 2.5, "nright": 2, "cline": "none", "key": "7.0|2.5|2.5|2|none", "bridge": 0, "net": "surface", "len_m": 56.9 }, "geometry": { "type": "LineString", "coordinates": [ [ 55.2522952, 25.1821366 ], [ 55.252313, 25.1821551 ], [ 55.2523238, 25.1821776 ], [ 55.2523269, 25.182202 ], [ 55.2523218, 25.1822261 ], [ 55.252309, 25.1822478 ], [ 55.2522897, 25.1822651 ], [ 55.2522633, 25.1822771 ], [ 55.2522341, 25.1822807 ], [ 55.2522051, 25.1822756 ], [ 55.2521794, 25.1822623 ], [ 55.2521599, 25.1822423 ], [ 55.2521485, 25.1822176 ], [ 55.2521465, 25.1821909 ], [ 55.2521541, 25.1821651 ], [ 55.2521706, 25.1821429 ], [ 55.2521983, 25.1821247 ], [ 55.2522315, 25.1821172 ], [ 55.2522654, 25.1821213 ], [ 55.2522952, 25.1821366 ] ] } },
{ "type": "Feature", "properties": { "osm_id": 1527772958, "hw": "tertiary", "nm": "", "lanes": 2, "oneway": "yes", "sw": 7.0, "swl": 2.5, "swr": 2.5, "nright": 2, "cline": "none", "key": "7.0|2.5|2.5|2|none", "bridge": 0, "net": "surface", "len_m": 11.0 }, "geometry": { "type": "LineString", "coordinates": [ [ 55.2529772, 25.1800784 ], [ 55.2530052, 25.180174 ] ] } },
{ "type": "Feature", "properties": { "osm_id": 1527772959, "hw": "tertiary", "nm": "", "lanes": 2, "oneway": "yes", "sw": 7.0, "swl": 2.5, "swr": 2.5, "nright": 2, "cline": "none", "key": "7.0|2.5|2.5|2|none", "bridge": 0, "net": "surface", "len_m": 9.4 }, "geometry": { "type": "LineString", "coordinates": [ [ 55.2530052, 25.180174 ], [ 55.2529244, 25.1801312 ] ] } },
{ "type": "Feature", "properties": { "osm_id": 1527772960, "hw": "tertiary", "nm": "", "lanes": 2, "oneway": "no", "sw": 7.0, "swl": 2.5, "swr": 2.5, "nright": 1, "cline": "white", "key": "7.0|2.5|2.5|1|white", "bridge": 0, "net": "surface", "len_m": 27.3 }, "geometry": { "type": "LineString", "coordinates": [ [ 55.2528864, 25.1801354 ], [ 55.252868, 25.1801305 ], [ 55.2528543, 25.1801252 ], [ 55.2528419, 25.1801178 ], [ 55.2528291, 25.1801064 ], [ 55.2528192, 25.1800929 ], [ 55.2528126, 25.1800779 ], [ 55.2528096, 25.1800619 ], [ 55.2528104, 25.1800457 ], [ 55.2528172, 25.1800248 ], [ 55.2528303, 25.1800064 ], [ 55.2528484, 25.1799921 ], [ 55.2528703, 25.1799829 ], [ 55.2528941, 25.1799796 ], [ 55.2529068, 25.1799804 ] ] } },
{ "type": "Feature", "properties": { "osm_id": 1527772961, "hw": "tertiary", "nm": "", "lanes": 2, "oneway": "no", "sw": 7.0, "swl": 2.5, "swr": 2.5, "nright": 1, "cline": "white", "key": "7.0|2.5|2.5|1|white", "bridge": 0, "net": "surface", "len_m": 3.9 }, "geometry": { "type": "LineString", "coordinates": [ [ 55.2529244, 25.1801312 ], [ 55.2529047, 25.1801351 ], [ 55.2528864, 25.1801354 ] ] } },
{ "type": "Feature", "properties": { "osm_id": 1528427993, "hw": "residential", "nm": "", "lanes": 2, "oneway": "yes", "sw": 7.0, "swl": 2.0, "swr": 2.0, "nright": 2, "cline": "none", "key": "7.0|2.0|2.0|2|none", "bridge": 0, "net": "surface", "len_m": 61.0 }, "geometry": { "type": "LineString", "coordinates": [ [ 55.2672423, 25.1836653 ], [ 55.2673996, 25.183739 ], [ 55.2674184, 25.1837762 ], [ 55.2674005, 25.1838142 ], [ 55.2673603, 25.1838425 ], [ 55.2673012, 25.1838377 ], [ 55.2672485, 25.1838118 ], [ 55.2672244, 25.1837673 ], [ 55.2672423, 25.1836653 ] ] } },
{ "type": "Feature", "properties": { "osm_id": 1528561811, "hw": "tertiary", "nm": "Al A'amal Street", "lanes": 2, "oneway": "yes", "sw": 7.0, "swl": 2.5, "swr": 2.5, "nright": 2, "cline": "none", "key": "7.0|2.5|2.5|2|none", "bridge": 0, "net": "surface", "len_m": 187.6 }, "geometry": { "type": "LineString", "coordinates": [ [ 55.2621794, 25.1842036 ], [ 55.2622173, 25.1843417 ], [ 55.2622767, 25.1845368 ], [ 55.2623499, 25.1847273 ], [ 55.2624334, 25.1849273 ], [ 55.2624898, 25.1850504 ], [ 55.262547, 25.1851816 ], [ 55.2626225, 25.1853328 ], [ 55.2626974, 25.1854845 ], [ 55.2627865, 25.1856305 ], [ 55.2628667, 25.1857717 ] ] } },
{ "type": "Feature", "properties": { "osm_id": 1528561812, "hw": "tertiary", "nm": "Al A'amal Street", "lanes": 2, "oneway": "yes", "sw": 7.0, "swl": 2.5, "swr": 2.5, "nright": 2, "cline": "none", "key": "7.0|2.5|2.5|2|none", "bridge": 0, "net": "surface", "len_m": 191.0 }, "geometry": { "type": "LineString", "coordinates": [ [ 55.2627448, 25.1858338 ], [ 55.2626539, 25.1856824 ], [ 55.2625694, 25.1855232 ], [ 55.2625008, 25.1853745 ], [ 55.2624349, 25.1852328 ], [ 55.2623622, 25.1850738 ], [ 55.2622949, 25.1849136 ], [ 55.2622222, 25.1847495 ], [ 55.2621536, 25.184566 ], [ 55.2620973, 25.1843906 ], [ 55.262057, 25.1842322 ] ] } },
{ "type": "Feature", "properties": { "osm_id": 1528561813, "hw": "tertiary", "nm": "Al A'amal Street", "lanes": 2, "oneway": "yes", "sw": 7.0, "swl": 2.5, "swr": 2.5, "nright": 2, "cline": "none", "key": "7.0|2.5|2.5|2|none", "bridge": 0, "net": "surface", "len_m": 183.9 }, "geometry": { "type": "LineString", "coordinates": [ [ 55.2617087, 25.1811915 ], [ 55.2616703, 25.1810159 ], [ 55.2616635, 25.1809374 ], [ 55.2616659, 25.1808588 ], [ 55.2616775, 25.1807808 ], [ 55.2616994, 25.180689 ], [ 55.261721, 25.1806359 ], [ 55.2617502, 25.1805695 ], [ 55.2617855, 25.1805054 ], [ 55.2618266, 25.1804443 ], [ 55.2618771, 25.1803901 ], [ 55.2619828, 25.1803019 ], [ 55.2620505, 25.1802564 ], [ 55.2621301, 25.1802058 ], [ 55.2621942, 25.1801656 ], [ 55.262595, 25.1799148 ] ] } },
{ "type": "Feature", "properties": { "osm_id": 1528561814, "hw": "tertiary", "nm": "Al A'amal Street", "lanes": 2, "oneway": "yes", "sw": 7.0, "swl": 2.5, "swr": 2.5, "nright": 2, "cline": "none", "key": "7.0|2.5|2.5|2|none", "bridge": 0, "net": "surface", "len_m": 166.9 }, "geometry": { "type": "LineString", "coordinates": [ [ 55.2626701, 25.1800234 ], [ 55.2622159, 25.1803008 ], [ 55.262127, 25.1803577 ], [ 55.2620615, 25.1804092 ], [ 55.2620062, 25.1804583 ], [ 55.2619537, 25.180526 ], [ 55.2619037, 25.1805955 ], [ 55.261846, 25.180697 ], [ 55.2618086, 25.1808318 ], [ 55.2618069, 25.1809202 ], [ 55.2618041, 25.1809855 ], [ 55.261819, 25.1810722 ], [ 55.2618336, 25.1811719 ] ] } },
{ "type": "Feature", "properties": { "osm_id": 1528707156, "hw": "tertiary", "nm": "Al A'amal Street", "lanes": 5, "oneway": "yes", "sw": 17.5, "swl": 2.5, "swr": 2.5, "nright": 5, "cline": "none", "key": "17.5|2.5|2.5|5|none", "bridge": 0, "net": "surface", "len_m": 58.9 }, "geometry": { "type": "LineString", "coordinates": [ [ 55.2631632, 25.1862411 ], [ 55.2632848, 25.186393 ], [ 55.2633858, 25.1865335 ], [ 55.2634943, 25.1866787 ] ] } },
{ "type": "Feature", "properties": { "osm_id": 1528707159, "hw": "secondary", "nm": "Al Mustaqbal Street", "lanes": 4, "oneway": "yes", "sw": 14.0, "swl": 3.0, "swr": 3.0, "nright": 4, "cline": "none", "key": "14.0|3.0|3.0|4|none", "bridge": 0, "net": "surface", "len_m": 193.2 }, "geometry": { "type": "LineString", "coordinates": [ [ 55.2603119, 25.1814086 ], [ 55.2601892, 25.1814891 ], [ 55.2587238, 25.1823848 ] ] } },
{ "type": "Feature", "properties": { "osm_id": 1528707160, "hw": "secondary", "nm": "Al Mustaqbal Street", "lanes": 4, "oneway": "yes", "sw": 14.0, "swl": 3.0, "swr": 3.0, "nright": 4, "cline": "none", "key": "14.0|3.0|3.0|4|none", "bridge": 0, "net": "surface", "len_m": 191.6 }, "geometry": { "type": "LineString", "coordinates": [ [ 55.2586328, 25.1822882 ], [ 55.2588506, 25.1821627 ], [ 55.2601145, 25.1813891 ], [ 55.2602118, 25.1813261 ] ] } },
{ "type": "Feature", "properties": { "osm_id": 1530374499, "hw": "tertiary", "nm": "Marasi Drive", "lanes": 3, "oneway": "yes", "sw": 10.5, "swl": 2.5, "swr": 2.5, "nright": 3, "cline": "none", "key": "10.5|2.5|2.5|3|none", "bridge": 0, "net": "surface", "len_m": 35.9 }, "geometry": { "type": "LineString", "coordinates": [ [ 55.2642217, 25.1796753 ], [ 55.2641201, 25.1795408 ], [ 55.264096, 25.1795055 ], [ 55.2640268, 25.1794039 ] ] } },
{ "type": "Feature", "properties": { "osm_id": 1530374500, "hw": "tertiary", "nm": "Al A'amal Street", "lanes": 3, "oneway": "yes", "sw": 10.5, "swl": 2.5, "swr": 2.5, "nright": 3, "cline": "none", "key": "10.5|2.5|2.5|3|none", "bridge": 0, "net": "surface", "len_m": 54.2 }, "geometry": { "type": "LineString", "coordinates": [ [ 55.2640268, 25.1794039 ], [ 55.2639086, 25.1794349 ], [ 55.2638311, 25.1794552 ], [ 55.2636719, 25.1795017 ], [ 55.2635155, 25.1795555 ] ] } },
{ "type": "Feature", "properties": { "osm_id": 1530374501, "hw": "tertiary", "nm": "", "lanes": 2, "oneway": "yes", "sw": 7.0, "swl": 2.5, "swr": 2.5, "nright": 2, "cline": "none", "key": "7.0|2.5|2.5|2|none", "bridge": 0, "net": "surface", "len_m": 88.1 }, "geometry": { "type": "LineString", "coordinates": [ [ 55.288231, 25.1870013 ], [ 55.2883442, 25.1870753 ], [ 55.2884019, 25.1871178 ], [ 55.2884612, 25.1871629 ], [ 55.2885032, 25.187201 ], [ 55.2885772, 25.1872672 ], [ 55.2886496, 25.1873388 ], [ 55.2887135, 25.1874128 ], [ 55.2887755, 25.1874919 ], [ 55.2888301, 25.1875718 ] ] } },
{ "type": "Feature", "properties": { "osm_id": 1530374502, "hw": "tertiary", "nm": "Marasi Drive", "lanes": 4, "oneway": "yes", "sw": 14.0, "swl": 2.5, "swr": 2.5, "nright": 4, "cline": "none", "key": "14.0|2.5|2.5|4|none", "bridge": 0, "net": "surface", "len_m": 14.4 }, "geometry": { "type": "LineString", "coordinates": [ [ 55.2712455, 25.1815367 ], [ 55.2711443, 25.1814452 ] ] } },
{ "type": "Feature", "properties": { "osm_id": 1530374503, "hw": "motorway_link", "nm": "", "lanes": 3, "oneway": "yes", "sw": 10.5, "swl": 0.0, "swr": 0.0, "nright": 3, "cline": "none", "key": "10.5|0.0|0.0|3|none", "bridge": 0, "net": "freeway", "len_m": 91.7 }, "geometry": { "type": "LineString", "coordinates": [ [ 55.2858378, 25.183048 ], [ 55.2857158, 25.1829825 ], [ 55.2855753, 25.1829105 ], [ 55.2854313, 25.1828443 ], [ 55.2852841, 25.1827842 ], [ 55.2850257, 25.1826767 ] ] } },
{ "type": "Feature", "properties": { "osm_id": 1530374504, "hw": "motorway_link", "nm": "", "lanes": 1, "oneway": "yes", "sw": 3.5, "swl": 0.0, "swr": 0.0, "nright": 1, "cline": "none", "key": "3.5|0.0|0.0|1|none", "bridge": 0, "net": "freeway", "len_m": 147.1 }, "geometry": { "type": "LineString", "coordinates": [ [ 55.2854795, 25.1837865 ], [ 55.2855123, 25.1837828 ], [ 55.2855449, 25.1837882 ], [ 55.2855743, 25.183802 ], [ 55.2855977, 25.1838232 ], [ 55.2858327, 25.1840472 ], [ 55.2858997, 25.1840926 ], [ 55.2859772, 25.1841213 ], [ 55.2860602, 25.1841313 ], [ 55.2861363, 25.1841239 ], [ 55.2862084, 25.1841009 ], [ 55.2862784, 25.1840556 ], [ 55.286336, 25.1839977 ], [ 55.2863817, 25.1839348 ], [ 55.2864115, 25.1838615 ], [ 55.2864223, 25.1837845 ], [ 55.2864178, 25.1837093 ], [ 55.2864038, 25.1836429 ] ] } },
{ "type": "Feature", "properties": { "osm_id": 1530374505, "hw": "motorway_link", "nm": "", "lanes": 2, "oneway": "yes", "sw": 7.0, "swl": 0.0, "swr": 0.0, "nright": 2, "cline": "none", "key": "7.0|0.0|0.0|2|none", "bridge": 0, "net": "freeway", "len_m": 390.2 }, "geometry": { "type": "LineString", "coordinates": [ [ 55.2816381, 25.1809971 ], [ 55.2806001, 25.1804115 ], [ 55.280327, 25.180269 ], [ 55.2800579, 25.1801203 ], [ 55.279793, 25.1799654 ], [ 55.2795326, 25.1798046 ], [ 55.2792767, 25.1796379 ], [ 55.2789792, 25.1794342 ], [ 55.2786951, 25.1792457 ], [ 55.278411, 25.1790572 ] ] } },
{ "type": "Feature", "properties": { "osm_id": 1530374506, "hw": "secondary", "nm": "Marasi Drive", "lanes": 3, "oneway": "yes", "sw": 10.5, "swl": 3.0, "swr": 3.0, "nright": 3, "cline": "none", "key": "10.5|3.0|3.0|3|none", "bridge": 0, "net": "surface", "len_m": 307.2 }, "geometry": { "type": "LineString", "coordinates": [ [ 55.2714841, 25.1875625 ], [ 55.2715646, 25.1875111 ], [ 55.2731234, 25.1864428 ], [ 55.2735059, 25.1861755 ], [ 55.2739169, 25.1858927 ] ] } },
{ "type": "Feature", "properties": { "osm_id": 1530374507, "hw": "secondary", "nm": "Marasi Drive", "lanes": 3, "oneway": "yes", "sw": 10.5, "swl": 3.0, "swr": 3.0, "nright": 3, "cline": "none", "key": "10.5|3.0|3.0|3|none", "bridge": 0, "net": "surface", "len_m": 430.2 }, "geometry": { "type": "LineString", "coordinates": [ [ 55.2843261, 25.1907773 ], [ 55.2843927, 25.1908843 ], [ 55.284464, 25.1909888 ], [ 55.2845398, 25.1910906 ], [ 55.28462, 25.1911887 ], [ 55.2847434, 25.1913157 ], [ 55.2848759, 25.1914341 ], [ 55.2850168, 25.1915443 ], [ 55.2851656, 25.1916456 ], [ 55.2852879, 25.1917184 ], [ 55.2854837, 25.1918205 ], [ 55.2855857, 25.1918645 ], [ 55.2856517, 25.1918931 ], [ 55.2858247, 25.1919554 ], [ 55.2860017, 25.1920074 ], [ 55.2861825, 25.1920482 ], [ 55.2862904, 25.1920709 ], [ 55.2863998, 25.1920862 ], [ 55.2865098, 25.192098 ], [ 55.2866202, 25.1921062 ], [ 55.286823, 25.1921073 ], [ 55.2870254, 25.1920961 ], [ 55.2872265, 25.1920727 ], [ 55.2874254, 25.1920372 ], [ 55.2876213, 25.1919897 ], [ 55.2878132, 25.1919305 ], [ 55.2880075, 25.1918597 ] ] } },
{ "type": "Feature", "properties": { "osm_id": 1530374508, "hw": "tertiary", "nm": "Al Asayel Street", "lanes": 3, "oneway": "yes", "sw": 10.5, "swl": 2.5, "swr": 2.5, "nright": 3, "cline": "none", "key": "10.5|2.5|2.5|3|none", "bridge": 0, "net": "surface", "len_m": 35.1 }, "geometry": { "type": "LineString", "coordinates": [ [ 55.2891472, 25.1945942 ], [ 55.2892079, 25.1946766 ], [ 55.2892196, 25.194693 ], [ 55.2892747, 25.1947672 ], [ 55.2892806, 25.1947892 ], [ 55.2892864, 25.1948203 ], [ 55.2892759, 25.1948737 ] ] } },
{ "type": "Feature", "properties": { "osm_id": 1530374509, "hw": "primary", "nm": "Financial Center Street", "lanes": 4, "oneway": "yes", "sw": 14.0, "swl": 3.0, "swr": 3.0, "nright": 4, "cline": "none", "key": "14.0|3.0|3.0|4|none", "bridge": 0, "net": "surface", "len_m": 50.3 }, "geometry": { "type": "LineString", "coordinates": [ [ 55.2893754, 25.1948231 ], [ 55.2898126, 25.1946045 ] ] } },
{ "type": "Feature", "properties": { "osm_id": 1530374510, "hw": "tertiary", "nm": "Burj Khalifa Street", "lanes": 3, "oneway": "yes", "sw": 10.5, "swl": 2.5, "swr": 2.5, "nright": 3, "cline": "none", "key": "10.5|2.5|2.5|3|none", "bridge": 0, "net": "surface", "len_m": 39.5 }, "geometry": { "type": "LineString", "coordinates": [ [ 55.269251, 25.1905819 ], [ 55.2693538, 25.190498 ], [ 55.269536, 25.190337 ] ] } },
{ "type": "Feature", "properties": { "osm_id": 1530374514, "hw": "secondary", "nm": "AL Alam Street", "lanes": 2, "oneway": "yes", "sw": 7.0, "swl": 3.0, "swr": 3.0, "nright": 2, "cline": "none", "key": "7.0|3.0|3.0|2|none", "bridge": 0, "net": "surface", "len_m": 22.3 }, "geometry": { "type": "LineString", "coordinates": [ [ 55.2719457, 25.1879432 ], [ 55.2720932, 25.1880932 ] ] } },
{ "type": "Feature", "properties": { "osm_id": 1530374515, "hw": "secondary", "nm": "Marasi Drive", "lanes": 3, "oneway": "yes", "sw": 10.5, "swl": 3.0, "swr": 3.0, "nright": 3, "cline": "none", "key": "10.5|3.0|3.0|3|none", "bridge": 0, "net": "surface", "len_m": 25.7 }, "geometry": { "type": "LineString", "coordinates": [ [ 55.2840715, 25.1906625 ], [ 55.2839869, 25.1904435 ] ] } },
{ "type": "Feature", "properties": { "osm_id": 1530374516, "hw": "tertiary", "nm": "Al Yamamah Street", "lanes": 4, "oneway": "yes", "sw": 14.0, "swl": 2.5, "swr": 2.5, "nright": 4, "cline": "none", "key": "14.0|2.5|2.5|4|none", "bridge": 0, "net": "surface", "len_m": 13.2 }, "geometry": { "type": "LineString", "coordinates": [ [ 55.2837591, 25.1909102 ], [ 55.2838745, 25.1908538 ] ] } },
{ "type": "Feature", "properties": { "osm_id": 1530374517, "hw": "tertiary", "nm": "Al Asayel Street", "lanes": 2, "oneway": "yes", "sw": 7.0, "swl": 2.5, "swr": 2.5, "nright": 2, "cline": "none", "key": "7.0|2.5|2.5|2|none", "bridge": 0, "net": "surface", "len_m": 25.1 }, "geometry": { "type": "LineString", "coordinates": [ [ 55.2857604, 25.1932622 ], [ 55.2855209, 25.1931986 ] ] } },
{ "type": "Feature", "properties": { "osm_id": 1530374518, "hw": "primary", "nm": "Al Asayel Street", "lanes": 3, "oneway": "yes", "sw": 10.5, "swl": 3.0, "swr": 3.0, "nright": 3, "cline": "none", "key": "10.5|3.0|3.0|3|none", "bridge": 0, "net": "surface", "len_m": 19.8 }, "geometry": { "type": "LineString", "coordinates": [ [ 55.2869537, 25.1934578 ], [ 55.2867709, 25.1933918 ] ] } },
{ "type": "Feature", "properties": { "osm_id": 1530508031, "hw": "tertiary", "nm": "", "lanes": 2, "oneway": "no", "sw": 7.0, "swl": 2.5, "swr": 2.5, "nright": 1, "cline": "white", "key": "7.0|2.5|2.5|1|white", "bridge": 0, "net": "surface", "len_m": 49.1 }, "geometry": { "type": "LineString", "coordinates": [ [ 55.2772661, 25.1879912 ], [ 55.2773045, 25.1879872 ], [ 55.2773432, 25.187989 ], [ 55.2774002, 25.188003 ], [ 55.2774515, 25.1880295 ], [ 55.2774936, 25.188067 ], [ 55.2775239, 25.1881128 ], [ 55.2775403, 25.1881636 ], [ 55.2775422, 25.1882165 ], [ 55.2775293, 25.1882681 ] ] } },
{ "type": "Feature", "properties": { "osm_id": 1530508032, "hw": "tertiary", "nm": "", "lanes": 2, "oneway": "no", "sw": 7.0, "swl": 2.5, "swr": 2.5, "nright": 1, "cline": "white", "key": "7.0|2.5|2.5|1|white", "bridge": 0, "net": "surface", "len_m": 25.2 }, "geometry": { "type": "LineString", "coordinates": [ [ 55.2775293, 25.1882681 ], [ 55.2775002, 25.1883182 ], [ 55.2774573, 25.1883594 ], [ 55.2774038, 25.1883887 ], [ 55.2773436, 25.188404 ] ] } },
{ "type": "Feature", "properties": { "osm_id": 1530508033, "hw": "tertiary", "nm": "Al Yamamah Street", "lanes": 2, "oneway": "yes", "sw": 7.0, "swl": 2.5, "swr": 2.5, "nright": 2, "cline": "none", "key": "7.0|2.5|2.5|2|none", "bridge": 0, "net": "surface", "len_m": 21.0 }, "geometry": { "type": "LineString", "coordinates": [ [ 55.2828302, 25.1915538 ], [ 55.282647, 25.1916437 ] ] } },
{ "type": "Feature", "properties": { "osm_id": 1530508072, "hw": "tertiary", "nm": "Al Yamamah Street", "lanes": 4, "oneway": "yes", "sw": 14.0, "swl": 2.5, "swr": 2.5, "nright": 4, "cline": "none", "key": "14.0|2.5|2.5|4|none", "bridge": 0, "net": "surface", "len_m": 13.0 }, "geometry": { "type": "LineString", "coordinates": [ [ 55.2834164, 25.1912503 ], [ 55.2833045, 25.1913082 ] ] } },
{ "type": "Feature", "properties": { "osm_id": 1530508073, "hw": "tertiary", "nm": "Al Yamamah Street", "lanes": 2, "oneway": "yes", "sw": 7.0, "swl": 2.5, "swr": 2.5, "nright": 2, "cline": "none", "key": "7.0|2.5|2.5|2|none", "bridge": 0, "net": "surface", "len_m": 8.0 }, "geometry": { "type": "LineString", "coordinates": [ [ 55.281426, 25.1922542 ], [ 55.2813626, 25.1922973 ] ] } },
{ "type": "Feature", "properties": { "osm_id": 1530508074, "hw": "tertiary", "nm": "Al Ohood Street", "lanes": 2, "oneway": "yes", "sw": 7.0, "swl": 2.5, "swr": 2.5, "nright": 2, "cline": "none", "key": "7.0|2.5|2.5|2|none", "bridge": 0, "net": "surface", "len_m": 10.9 }, "geometry": { "type": "LineString", "coordinates": [ [ 55.2814981, 25.192328 ], [ 55.281426, 25.1922542 ] ] } },
{ "type": "Feature", "properties": { "osm_id": 1530508075, "hw": "secondary", "nm": "", "lanes": 2, "oneway": "no", "sw": 7.0, "swl": 3.0, "swr": 3.0, "nright": 1, "cline": "white", "key": "7.0|3.0|3.0|1|white", "bridge": 0, "net": "surface", "len_m": 38.6 }, "geometry": { "type": "LineString", "coordinates": [ [ 55.2777305, 25.1851715 ], [ 55.277595, 25.1850929 ], [ 55.2775138, 25.185024 ], [ 55.2774503, 25.1849414 ] ] } },
{ "type": "Feature", "properties": { "osm_id": 1530508076, "hw": "tertiary", "nm": "Al Ohood Street", "lanes": 2, "oneway": "yes", "sw": 7.0, "swl": 2.5, "swr": 2.5, "nright": 2, "cline": "none", "key": "7.0|2.5|2.5|2|none", "bridge": 0, "net": "surface", "len_m": 34.3 }, "geometry": { "type": "LineString", "coordinates": [ [ 55.2812545, 25.1918299 ], [ 55.2814153, 25.1920007 ], [ 55.2814758, 25.1920652 ] ] } },
{ "type": "Feature", "properties": { "osm_id": 1530508077, "hw": "tertiary", "nm": "Al Yamamah Street", "lanes": 2, "oneway": "yes", "sw": 7.0, "swl": 2.5, "swr": 2.5, "nright": 2, "cline": "none", "key": "7.0|2.5|2.5|2|none", "bridge": 0, "net": "surface", "len_m": 25.8 }, "geometry": { "type": "LineString", "coordinates": [ [ 55.2815665, 25.1920154 ], [ 55.2817889, 25.1918995 ] ] } },
{ "type": "Feature", "properties": { "osm_id": 1530508078, "hw": "tertiary", "nm": "Al Asayel Street", "lanes": 5, "oneway": "yes", "sw": 17.5, "swl": 2.5, "swr": 2.5, "nright": 5, "cline": "none", "key": "17.5|2.5|2.5|5|none", "bridge": 0, "net": "surface", "len_m": 9.3 }, "geometry": { "type": "LineString", "coordinates": [ [ 55.2831512, 25.1911206 ], [ 55.2832061, 25.1911877 ] ] } },
{ "type": "Feature", "properties": { "osm_id": 1530508079, "hw": "tertiary", "nm": "", "lanes": 2, "oneway": "no", "sw": 7.0, "swl": 2.5, "swr": 2.5, "nright": 1, "cline": "white", "key": "7.0|2.5|2.5|1|white", "bridge": 0, "net": "surface", "len_m": 22.1 }, "geometry": { "type": "LineString", "coordinates": [ [ 55.2771002, 25.1881114 ], [ 55.2771402, 25.1880559 ], [ 55.2771974, 25.1880144 ], [ 55.2772661, 25.1879912 ] ] } },
{ "type": "Feature", "properties": { "osm_id": 1530629888, "hw": "tertiary", "nm": "Burj Khalifa Street", "lanes": 5, "oneway": "yes", "sw": 17.5, "swl": 2.5, "swr": 2.5, "nright": 5, "cline": "none", "key": "17.5|2.5|2.5|5|none", "bridge": 0, "net": "surface", "len_m": 55.2 }, "geometry": { "type": "LineString", "coordinates": [ [ 55.2707869, 25.1897694 ], [ 55.2703293, 25.1900438 ] ] } },
{ "type": "Feature", "properties": { "osm_id": 1530629889, "hw": "tertiary", "nm": "", "lanes": 2, "oneway": "no", "sw": 7.0, "swl": 2.5, "swr": 2.5, "nright": 1, "cline": "white", "key": "7.0|2.5|2.5|1|white", "bridge": 0, "net": "surface", "len_m": 15.8 }, "geometry": { "type": "LineString", "coordinates": [ [ 55.2614499, 25.1918944 ], [ 55.26143, 25.1918637 ], [ 55.261421, 25.191829 ], [ 55.2614236, 25.1917934 ], [ 55.2614376, 25.1917601 ] ] } },
{ "type": "Feature", "properties": { "osm_id": 1530629890, "hw": "tertiary", "nm": "", "lanes": 2, "oneway": "no", "sw": 7.0, "swl": 2.5, "swr": 2.5, "nright": 1, "cline": "white", "key": "7.0|2.5|2.5|1|white", "bridge": 0, "net": "surface", "len_m": 17.8 }, "geometry": { "type": "LineString", "coordinates": [ [ 55.2616765, 25.1918639 ], [ 55.261654, 25.1918977 ], [ 55.2616204, 25.191923 ], [ 55.2615795, 25.191937 ], [ 55.2615343, 25.1919411 ] ] } },
{ "type": "Feature", "properties": { "osm_id": 1530629891, "hw": "tertiary", "nm": "", "lanes": 2, "oneway": "no", "sw": 7.0, "swl": 2.5, "swr": 2.5, "nright": 1, "cline": "white", "key": "7.0|2.5|2.5|1|white", "bridge": 0, "net": "surface", "len_m": 162.9 }, "geometry": { "type": "LineString", "coordinates": [ [ 55.2655671, 25.1952253 ], [ 55.2657597, 25.1954366 ], [ 55.2657919, 25.195472 ], [ 55.2658387, 25.1955232 ], [ 55.265939, 25.1956332 ], [ 55.2661402, 25.1958711 ], [ 55.2662987, 25.1960637 ], [ 55.2663201, 25.1960991 ], [ 55.2663533, 25.1961679 ], [ 55.2663848, 25.1962362 ], [ 55.2664119, 25.1963024 ], [ 55.2664352, 25.1963746 ], [ 55.266452142274524, 25.196436766762485 ] ] } },
{ "type": "Feature", "properties": { "osm_id": 1530629899, "hw": "tertiary", "nm": "", "lanes": 2, "oneway": "no", "sw": 7.0, "swl": 2.5, "swr": 2.5, "nright": 1, "cline": "white", "key": "7.0|2.5|2.5|1|white", "bridge": 0, "net": "surface", "len_m": 18.9 }, "geometry": { "type": "LineString", "coordinates": [ [ 55.2614376, 25.1917601 ], [ 55.2614545, 25.1917387 ], [ 55.2614762, 25.1917212 ], [ 55.2615149, 25.191704 ], [ 55.2615575, 25.1916988 ], [ 55.2615998, 25.1917064 ] ] } },
{ "type": "Feature", "properties": { "osm_id": 1530629900, "hw": "secondary", "nm": "", "lanes": 2, "oneway": "yes", "sw": 7.0, "swl": 3.0, "swr": 3.0, "nright": 2, "cline": "none", "key": "7.0|3.0|3.0|2|none", "bridge": 0, "net": "surface", "len_m": 171.2 }, "geometry": { "type": "LineString", "coordinates": [ [ 55.2587845, 25.1898438 ], [ 55.258822, 25.1898573 ], [ 55.2588573, 25.1898748 ], [ 55.25889, 25.1898962 ], [ 55.2589195, 25.1899211 ], [ 55.258962, 25.1899654 ], [ 55.259077, 25.1900777 ], [ 55.2591362, 25.1901335 ], [ 55.2592014, 25.1901936 ], [ 55.2593001, 25.1902586 ], [ 55.2593574, 25.1902883 ], [ 55.2594032, 25.1903111 ], [ 55.2594579, 25.190333 ], [ 55.2595479, 25.1903474 ], [ 55.2596161, 25.1903441 ], [ 55.2596658, 25.1903347 ], [ 55.2597094, 25.1903167 ], [ 55.259786, 25.1902811 ], [ 55.2601523, 25.1899953 ] ] } },
{ "type": "Feature", "properties": { "osm_id": 1530629901, "hw": "motorway_link", "nm": "", "lanes": 2, "oneway": "yes", "sw": 7.0, "swl": 0.0, "swr": 0.0, "nright": 2, "cline": "none", "key": "7.0|0.0|0.0|2|none", "bridge": 0, "net": "freeway", "len_m": 130.2 }, "geometry": { "type": "LineString", "coordinates": [ [ 55.2612282, 25.1924499 ], [ 55.2612579, 25.1924944 ], [ 55.2612915, 25.1925365 ], [ 55.261329, 25.1925759 ], [ 55.2615232, 25.1927935 ], [ 55.2616563, 25.1929429 ], [ 55.2618053, 25.19313 ], [ 55.2618381, 25.1931731 ], [ 55.2618655, 25.1932193 ], [ 55.261887, 25.193268 ], [ 55.2619023, 25.1933185 ], [ 55.2619114, 25.1933703 ], [ 55.26192, 25.1934226 ] ] } },
{ "type": "Feature", "properties": { "osm_id": 1530629902, "hw": "tertiary", "nm": "", "lanes": 2, "oneway": "yes", "sw": 7.0, "swl": 2.5, "swr": 2.5, "nright": 2, "cline": "none", "key": "7.0|2.5|2.5|2|none", "bridge": 0, "net": "surface", "len_m": 84.7 }, "geometry": { "type": "LineString", "coordinates": [ [ 55.2618689, 25.1926305 ], [ 55.2618199, 25.1925365 ], [ 55.2617872, 25.192461 ], [ 55.2616595, 25.1921163 ], [ 55.2616287, 25.1920364 ], [ 55.2616126, 25.1920072 ], [ 55.261591, 25.191981 ], [ 55.2615647, 25.1919587 ], [ 55.2615343, 25.1919411 ] ] } },
{ "type": "Feature", "properties": { "osm_id": 1530629903, "hw": "tertiary", "nm": "", "lanes": 2, "oneway": "no", "sw": 7.0, "swl": 2.5, "swr": 2.5, "nright": 1, "cline": "white", "key": "7.0|2.5|2.5|1|white", "bridge": 0, "net": "surface", "len_m": 6.8 }, "geometry": { "type": "LineString", "coordinates": [ [ 55.2615034, 25.1919305 ], [ 55.2614741, 25.1919155 ], [ 55.2614499, 25.1918944 ] ] } },
{ "type": "Feature", "properties": { "osm_id": 1530629904, "hw": "tertiary", "nm": "", "lanes": 2, "oneway": "no", "sw": 7.0, "swl": 2.5, "swr": 2.5, "nright": 1, "cline": "white", "key": "7.0|2.5|2.5|1|white", "bridge": 0, "net": "surface", "len_m": 3.3 }, "geometry": { "type": "LineString", "coordinates": [ [ 55.2615343, 25.1919411 ], [ 55.2615034, 25.1919305 ] ] } },
{ "type": "Feature", "properties": { "osm_id": 1530629905, "hw": "secondary", "nm": "", "lanes": 1, "oneway": "yes", "sw": 3.5, "swl": 3.0, "swr": 3.0, "nright": 1, "cline": "none", "key": "3.5|3.0|3.0|1|none", "bridge": 0, "net": "surface", "len_m": 63.8 }, "geometry": { "type": "LineString", "coordinates": [ [ 55.2601542, 25.1901762 ], [ 55.2600939, 25.1902081 ], [ 55.2600377, 25.1902454 ], [ 55.2599859, 25.1902877 ], [ 55.2599393, 25.1903334 ], [ 55.2599043, 25.1903742 ], [ 55.259873, 25.1904164 ], [ 55.2598187, 25.190512 ], [ 55.2597961, 25.190565 ], [ 55.2597791, 25.1906196 ] ] } },
{ "type": "Feature", "properties": { "osm_id": 1530674388, "hw": "motorway", "nm": "Sheikh Zayed Road (south)", "lanes": 6, "oneway": "yes", "sw": 21.0, "swl": 0.0, "swr": 0.0, "nright": 6, "cline": "none", "key": "21.0|0.0|0.0|6|none", "bridge": 0, "net": "freeway", "len_m": 44.7 }, "geometry": { "type": "LineString", "coordinates": [ [ 55.2575695, 25.1891457 ], [ 55.2572836, 25.1888378 ] ] } },
{ "type": "Feature", "properties": { "osm_id": 1530674389, "hw": "tertiary", "nm": "", "lanes": 1, "oneway": "yes", "sw": 3.5, "swl": 2.5, "swr": 2.5, "nright": 1, "cline": "none", "key": "3.5|2.5|2.5|1|none", "bridge": 0, "net": "surface", "len_m": 44.4 }, "geometry": { "type": "LineString", "coordinates": [ [ 55.2587611, 25.1912247 ], [ 55.2587496, 25.1912242 ], [ 55.2587087, 25.1912151 ], [ 55.2586725, 25.1911957 ], [ 55.2586442, 25.1911675 ], [ 55.2586262, 25.1911331 ], [ 55.2586201, 25.1910954 ], [ 55.2586206, 25.1910845 ], [ 55.2586298, 25.1910489 ], [ 55.2586497, 25.191017 ], [ 55.2586786, 25.1909915 ], [ 55.2587143, 25.1909743 ], [ 55.2587591, 25.1909667 ] ] } },
{ "type": "Feature", "properties": { "osm_id": 1534763975, "hw": "residential", "nm": "", "lanes": 2, "oneway": "no", "sw": 7.0, "swl": 2.0, "swr": 2.0, "nright": 1, "cline": "white", "key": "7.0|2.0|2.0|1|white", "bridge": 0, "net": "surface", "len_m": 22.3 }, "geometry": { "type": "LineString", "coordinates": [ [ 55.2670403, 25.1835842 ], [ 55.2672423, 25.1836653 ] ] } }
]
}
