{"type": "FeatureCollection", "features": [{"type": "Feature", "properties": {"status": "existing", "bHeight": 12.0, "name": "", "levels": ""}, "geometry": {"type": "Polygon", "coordinates": [[[55.1132386, 25.1258662], [55.1136114, 25.1264869], [55.1140308, 25.1262805], [55.113658, 25.1256597], [55.1132386, 25.1258662]]]}}, {"type": "Feature", "properties": {"status": "existing", "bHeight": 12.0, "name": "Palm Water", "levels": ""}, "geometry": {"type": "Polygon", "coordinates": [[[55.1306441, 25.1384067], [55.1306276, 25.1384595], [55.1305443, 25.1384381], [55.1303114, 25.1391824], [55.1303942, 25.1392037], [55.1303798, 25.1392496], [55.1304395, 25.139265], [55.1304539, 25.139219], [55.1310879, 25.1393816], [55.1310745, 25.1394245], [55.1311358, 25.1394402], [55.1311492, 25.1393973], [55.1312253, 25.1394168], [55.1314582, 25.1386725], [55.1313736, 25.1386508], [55.1313871, 25.1386077], [55.1313297, 25.138593], [55.1313162, 25.1386361], [55.1306807, 25.1384731], [55.1306972, 25.1384203], [55.1306441, 25.1384067]]]}}, {"type": "Feature", "properties": {"status": "existing", "bHeight": 90.2, "name": "فندق أتلانتس", "levels": "22"}, "geometry": {"type": "Polygon", "coordinates": [[[55.1174936, 25.1310339], [55.1172591, 25.1316002], [55.1173642, 25.1317301], [55.1175049, 25.1316432], [55.1176823, 25.1312422], [55.1178555, 25.1311189], [55.1181901, 25.1310688], [55.118162, 25.1308448], [55.1177294, 25.1309156], [55.1172508, 25.1303857], [55.1170756, 25.1301918], [55.1167182, 25.1297961], [55.1166483, 25.1297187], [55.1168049, 25.1293197], [55.1165702, 25.1292503], [55.1164021, 25.1296721], [55.1160675, 25.1297345], [55.1161208, 25.1299515], [55.1161455, 25.1300735], [55.1161701, 25.1301982], [55.1163532, 25.1301704], [55.1163279, 25.1300429], [55.1163033, 25.129917], [55.1164454, 25.1298959], [55.1169557, 25.1304463], [55.1170154, 25.1305148], [55.1174936, 25.1310339]]]}}, {"type": "Feature", "properties": {"status": "existing", "bHeight": 41.0, "name": "Jash Falqa", "levels": "10"}, "geometry": {"type": "Polygon", "coordinates": [[[55.1482278, 25.1090923], [55.1482373, 25.1089979], [55.1482079, 25.1089954], [55.1482183, 25.1088928], [55.1483252, 25.1088122], [55.1483846, 25.1088769], [55.1484812, 25.1089012], [55.14851, 25.1089177], [55.1485493, 25.1088896], [55.1486774, 25.1087606], [55.148687, 25.1086855], [55.1486071, 25.1085972], [55.1487114, 25.1085198], [55.1488464, 25.1085224], [55.1488454, 25.1085667], [55.1488953, 25.1085676], [55.1488916, 25.1087248], [55.1488908, 25.1087583], [55.1488583, 25.1087577], [55.1488542, 25.1089357], [55.1488009, 25.1089756], [55.1488187, 25.1089952], [55.1487083, 25.1090778], [55.1486916, 25.1090595], [55.1486393, 25.1090987], [55.1484509, 25.1090801], [55.1484469, 25.1091139], [55.1482278, 25.1090923]]]}}, {"type": "Feature", "properties": {"status": "existing", "bHeight": 49.0, "name": "Palm Terrace", "levels": "12"}, "geometry": {"type": "Polygon", "coordinates": [[[55.1465316, 25.1103724], [55.1465411, 25.110278], [55.1465116, 25.1102755], [55.1465219, 25.1101733], [55.1466287, 25.110093], [55.1466878, 25.1101575], [55.1467847, 25.1101818], [55.1468176, 25.1102007], [55.1468532, 25.1101752], [55.1469811, 25.1100411], [55.1469907, 25.1099658], [55.146911, 25.1098776], [55.147015, 25.1098005], [55.1471495, 25.1098031], [55.1471485, 25.1098475], [55.1471983, 25.1098484], [55.1471945, 25.1100105], [55.1471939, 25.1100384], [55.1471614, 25.1100378], [55.1471573, 25.110216], [55.147104, 25.1102559], [55.1471219, 25.1102755], [55.1470118, 25.1103579], [55.146995, 25.1103394], [55.1469426, 25.1103787], [55.146754, 25.1103602], [55.14675, 25.1103939], [55.1465316, 25.1103724]]]}}, {"type": "Feature", "properties": {"status": "existing", "bHeight": 41.0, "name": "Al Habool", "levels": "10"}, "geometry": {"type": "Polygon", "coordinates": [[[55.1407501, 25.1133718], [55.1406873, 25.1133009], [55.1406926, 25.1132285], [55.1408853, 25.1130855], [55.1409652, 25.1130928], [55.1410335, 25.1131611], [55.1411352, 25.1130901], [55.1411406, 25.112946], [55.1411004, 25.1129387], [55.1411059, 25.1128822], [55.140921, 25.1128733], [55.1409193, 25.1128997], [55.1407433, 25.112906], [55.1406929, 25.1129445], [55.140673, 25.112919], [55.1405539, 25.1130053], [55.1405757, 25.1130314], [55.1405195, 25.1130712], [55.1404983, 25.1132178], [55.1404632, 25.1132147], [55.1404542, 25.1134028], [55.140533, 25.1134061], [55.140533, 25.1134474], [55.1406627, 25.1134522], [55.1407501, 25.1133718]]]}}, {"type": "Feature", "properties": {"status": "existing", "bHeight": 45.0, "name": "Al Anbara", "levels": "11"}, "geometry": {"type": "Polygon", "coordinates": [[[55.1416025, 25.1127118], [55.14154, 25.1126412], [55.1415454, 25.1125682], [55.1417386, 25.1124249], [55.1418192, 25.1124322], [55.1418872, 25.1125002], [55.141988, 25.1124298], [55.1419933, 25.1122867], [55.1419531, 25.1122794], [55.1419586, 25.1122231], [55.1417754, 25.1122143], [55.1417737, 25.1122406], [55.1415972, 25.1122469], [55.1415463, 25.1122858], [55.1415264, 25.1122602], [55.1414087, 25.1123455], [55.1414305, 25.1123716], [55.1413739, 25.1124118], [55.1413526, 25.1125588], [55.1413176, 25.1125557], [55.1413087, 25.1127422], [55.1413875, 25.1127455], [55.1413875, 25.1127867], [55.141516, 25.1127916], [55.1416025, 25.1127118]]]}}, {"type": "Feature", "properties": {"status": "existing", "bHeight": 45.0, "name": "Al Nabat", "levels": "11"}, "geometry": {"type": "Polygon", "coordinates": [[[55.1429926, 25.1130517], [55.1430045, 25.1129555], [55.1429757, 25.1129526], [55.1429886, 25.1128486], [55.143088, 25.1127738], [55.1431471, 25.1128382], [55.1432441, 25.1128626], [55.1432767, 25.1128689], [55.1433138, 25.1128423], [55.1434407, 25.1127217], [55.1434503, 25.1126463], [55.1433706, 25.1125582], [55.1434744, 25.1124812], [55.1436096, 25.1124829], [55.1436089, 25.112527], [55.143659, 25.1125277], [55.1436565, 25.1126776], [55.1436551, 25.1127206], [55.1436223, 25.1127197], [55.1436164, 25.1128964], [55.1435629, 25.1129365], [55.1435808, 25.112956], [55.1434713, 25.113038], [55.1434545, 25.1130197], [55.1434019, 25.1130591], [55.1432128, 25.1130399], [55.1432087, 25.1130736], [55.1429926, 25.1130517]]]}}, {"type": "Feature", "properties": {"status": "existing", "bHeight": 45.0, "name": "Al Hatimi", "levels": "11"}, "geometry": {"type": "Polygon", "coordinates": [[[55.1473522, 25.1097516], [55.1473637, 25.1096557], [55.1473348, 25.1096528], [55.1473474, 25.1095481], [55.1474499, 25.109471], [55.1475094, 25.1095358], [55.1476058, 25.10956], [55.1476438, 25.1095742], [55.1476835, 25.1095458], [55.1478017, 25.1094195], [55.1478113, 25.1093446], [55.1477313, 25.1092563], [55.1478387, 25.1091763], [55.1479724, 25.1091802], [55.1479708, 25.1092251], [55.1480201, 25.1092266], [55.1480156, 25.1094177], [55.1479832, 25.1094171], [55.1479791, 25.1095949], [55.1479259, 25.1096347], [55.1479438, 25.1096543], [55.1478329, 25.1097373], [55.1478161, 25.109719], [55.147764, 25.109758], [55.1475757, 25.1097394], [55.1475716, 25.1097733], [55.1475379, 25.1097699], [55.1473522, 25.1097516]]]}}, {"type": "Feature", "properties": {"status": "existing", "bHeight": 45.0, "name": "Al Shahla", "levels": "11"}, "geometry": {"type": "Polygon", "coordinates": [[[55.1465967, 25.1089444], [55.1465336, 25.1088731], [55.1465389, 25.1088016], [55.1467308, 25.1086591], [55.1468099, 25.1086663], [55.1468785, 25.108735], [55.1469814, 25.1086631], [55.1469869, 25.1085178], [55.1469467, 25.1085105], [55.1469523, 25.1084539], [55.1467652, 25.1084449], [55.1467635, 25.1084714], [55.1465881, 25.1084776], [55.1465383, 25.1085157], [55.1465184, 25.1084902], [55.1463976, 25.1085777], [55.1464194, 25.1086038], [55.1463637, 25.1086433], [55.1463425, 25.1087893], [55.1463074, 25.1087863], [55.1462983, 25.1089763], [55.1463772, 25.1089796], [55.1463772, 25.1090209], [55.1465084, 25.1090258], [55.1465967, 25.1089444]]]}}, {"type": "Feature", "properties": {"status": "existing", "bHeight": 45.0, "name": "Al Msalli", "levels": "11"}, "geometry": {"type": "Polygon", "coordinates": [[[55.1421259, 25.1137138], [55.1421374, 25.1136179], [55.1421084, 25.113615], [55.142121, 25.1135108], [55.1422232, 25.1134339], [55.1422825, 25.1134985], [55.1423792, 25.1135228], [55.1423947, 25.1135116], [55.1424331, 25.1134841], [55.1425754, 25.1133822], [55.142585, 25.113307], [55.142505, 25.1132188], [55.1426167, 25.1131357], [55.1427501, 25.1131395], [55.1427485, 25.1131842], [55.1427976, 25.1131855], [55.1427908, 25.1133819], [55.142758, 25.113381], [55.142752, 25.1135572], [55.1426987, 25.1135971], [55.1427166, 25.1136167], [55.1426063, 25.1136993], [55.1425895, 25.1136809], [55.1425372, 25.1137201], [55.1423488, 25.1137016], [55.1423447, 25.1137354], [55.1423061, 25.1137316], [55.1421259, 25.1137138]]]}}, {"type": "Feature", "properties": {"status": "existing", "bHeight": 45.0, "name": "Al Hamri", "levels": "11"}, "geometry": {"type": "Polygon", "coordinates": [[[55.1492057, 25.1069782], [55.1491427, 25.106907], [55.1491479, 25.1068353], [55.14934, 25.1066927], [55.1494193, 25.1066999], [55.1494878, 25.1067685], [55.1495905, 25.1066968], [55.149596, 25.1065517], [55.1495558, 25.1065444], [55.1495614, 25.1064878], [55.1493746, 25.1064789], [55.1493729, 25.1065053], [55.1491974, 25.1065115], [55.1491475, 25.1065497], [55.1491276, 25.1065242], [55.1490071, 25.1066115], [55.1490289, 25.1066376], [55.1489732, 25.1066771], [55.148952, 25.1068233], [55.1489168, 25.1068202], [55.1489077, 25.1070099], [55.1489866, 25.1070132], [55.1489866, 25.1070545], [55.1491175, 25.1070594], [55.1492057, 25.1069782]]]}}, {"type": "Feature", "properties": {"status": "existing", "bHeight": 41.0, "name": "Al Sultana", "levels": "10"}, "geometry": {"type": "Polygon", "coordinates": [[[55.1490519, 25.1084719], [55.1490634, 25.108376], [55.1490345, 25.1083731], [55.1490469, 25.1082701], [55.1491481, 25.108194], [55.1492069, 25.1082582], [55.1493044, 25.1082827], [55.1493393, 25.1082925], [55.1493806, 25.1082629], [55.1495013, 25.1081415], [55.149511, 25.1080657], [55.1494315, 25.1079778], [55.1495329, 25.1079029], [55.1496674, 25.1079045], [55.1496667, 25.1079486], [55.149717, 25.1079493], [55.1497125, 25.1081378], [55.1496802, 25.1081372], [55.149676, 25.1083157], [55.1496223, 25.1083559], [55.1496401, 25.1083754], [55.1495315, 25.1084567], [55.1495148, 25.1084384], [55.1494618, 25.1084781], [55.149273, 25.1084595], [55.1492689, 25.1084933], [55.1492402, 25.1084905], [55.1490519, 25.1084719]]]}}, {"type": "Feature", "properties": {"status": "existing", "bHeight": 45.0, "name": "Al Dabas", "levels": "11"}, "geometry": {"type": "Polygon", "coordinates": [[[55.1499183, 25.1078129], [55.1499289, 25.1077175], [55.1498997, 25.1077148], [55.1499112, 25.1076126], [55.1500147, 25.1075343], [55.1500737, 25.1075987], [55.1501709, 25.1076231], [55.1502069, 25.107643], [55.1502456, 25.1076152], [55.1503676, 25.1074821], [55.1503773, 25.1074065], [55.1502977, 25.1073184], [55.1504012, 25.1072417], [55.1505352, 25.1072442], [55.1505341, 25.1072886], [55.1505839, 25.1072896], [55.1505803, 25.1074449], [55.1505795, 25.1074788], [55.1505471, 25.1074782], [55.1505429, 25.1076566], [55.1504894, 25.1076967], [55.1505072, 25.1077162], [55.150398, 25.1077979], [55.1503813, 25.1077796], [55.1503285, 25.1078191], [55.1501399, 25.1078005], [55.1501358, 25.1078343], [55.1499183, 25.1078129]]]}}, {"type": "Feature", "properties": {"status": "existing", "bHeight": 49.0, "name": "Al Hallawi", "levels": "12"}, "geometry": {"type": "Polygon", "coordinates": [[[55.1433536, 25.111406], [55.1432907, 25.1113349], [55.143296, 25.1112629], [55.1434884, 25.1111202], [55.1435679, 25.1111274], [55.1436364, 25.1111959], [55.1437386, 25.1111245], [55.143744, 25.1109798], [55.1437038, 25.1109726], [55.1437094, 25.110916], [55.1435235, 25.1109071], [55.1435218, 25.1109335], [55.143346, 25.1109398], [55.1432959, 25.1109781], [55.143276, 25.1109526], [55.1431562, 25.1110394], [55.143178, 25.1110655], [55.143122, 25.1111052], [55.1431008, 25.1112516], [55.1430657, 25.1112485], [55.1430566, 25.1114374], [55.1431355, 25.1114407], [55.1431355, 25.111482], [55.1432659, 25.1114869], [55.1433536, 25.111406]]]}}, {"type": "Feature", "properties": {"status": "existing", "bHeight": 41.0, "name": "Al Das", "levels": "10"}, "geometry": {"type": "Polygon", "coordinates": [[[55.1412983, 25.1143291], [55.1413103, 25.1142329], [55.1412816, 25.1142299], [55.1412946, 25.1141261], [55.1413949, 25.1140506], [55.1414539, 25.1141149], [55.1415511, 25.1141393], [55.1415878, 25.1141455], [55.1416239, 25.1141197], [55.1417478, 25.1139984], [55.1417574, 25.1139228], [55.1416778, 25.1138348], [55.1417814, 25.1137579], [55.1419154, 25.1137604], [55.1419144, 25.1138049], [55.1419643, 25.1138058], [55.1419606, 25.1139611], [55.1419598, 25.1139952], [55.1419274, 25.1139946], [55.1419232, 25.1141729], [55.1418697, 25.114213], [55.1418875, 25.1142325], [55.1417783, 25.1143144], [55.1417615, 25.114296], [55.1417088, 25.1143355], [55.1415201, 25.1143169], [55.1415161, 25.1143506], [55.1412983, 25.1143291]]]}}, {"type": "Feature", "properties": {"status": "existing", "bHeight": 49.0, "name": "التمر", "levels": "12"}, "geometry": {"type": "Polygon", "coordinates": [[[55.1457308, 25.1095998], [55.1456679, 25.1095286], [55.1456732, 25.1094568], [55.1458654, 25.1093141], [55.1459448, 25.1093213], [55.1460133, 25.1093898], [55.1461157, 25.1093183], [55.1461212, 25.1091735], [55.146081, 25.1091662], [55.1460866, 25.1091096], [55.1459003, 25.1091007], [55.1458986, 25.1091272], [55.145723, 25.1091334], [55.1456729, 25.1091717], [55.145653, 25.1091461], [55.1455329, 25.1092331], [55.1455547, 25.1092592], [55.1454989, 25.1092989], [55.1454776, 25.1094452], [55.1454425, 25.1094421], [55.1454334, 25.1096313], [55.1455123, 25.1096346], [55.1455123, 25.1096759], [55.1456429, 25.1096808], [55.1457308, 25.1095998]]]}}, {"type": "Feature", "properties": {"status": "existing", "bHeight": 41.0, "name": "Jash Hamad", "levels": "10"}, "geometry": {"type": "Polygon", "coordinates": [[[55.1483318, 25.1076409], [55.1482689, 25.1075698], [55.1482742, 25.1074978], [55.1484666, 25.107355], [55.1485461, 25.1073622], [55.1486145, 25.1074307], [55.1487168, 25.1073593], [55.1487222, 25.1072147], [55.148682, 25.1072074], [55.1486875, 25.1071509], [55.1485017, 25.107142], [55.1485, 25.1071684], [55.1483242, 25.1071746], [55.1482741, 25.107213], [55.1482542, 25.1071875], [55.1481344, 25.1072742], [55.1481562, 25.1073003], [55.1481003, 25.1073401], [55.148079, 25.1074864], [55.1480439, 25.1074833], [55.1480348, 25.1076722], [55.1481137, 25.1076755], [55.1481137, 25.1077168], [55.148244, 25.1077217], [55.1483318, 25.1076409]]]}}, {"type": "Feature", "properties": {"status": "existing", "bHeight": 49.0, "name": "Al Basari", "levels": "12"}, "geometry": {"type": "Polygon", "coordinates": [[[55.1507586, 25.1072033], [55.1507701, 25.1071072], [55.1507412, 25.1071044], [55.1507537, 25.1070007], [55.1508555, 25.1069241], [55.1509146, 25.1069886], [55.1510116, 25.107013], [55.1510338, 25.1070137], [55.1510696, 25.1069881], [55.1512081, 25.1068721], [55.1512177, 25.1067967], [55.151138, 25.1067086], [55.1512423, 25.1066312], [55.1513764, 25.106634], [55.1513753, 25.1066785], [55.1514249, 25.1066795], [55.1514204, 25.1068691], [55.1513881, 25.1068685], [55.1513839, 25.1070468], [55.1513304, 25.1070869], [55.1513482, 25.1071064], [55.1512387, 25.1071885], [55.151222, 25.1071702], [55.1511694, 25.1072096], [55.1509808, 25.107191], [55.1509768, 25.1072248], [55.1509454, 25.1072217], [55.1507586, 25.1072033]]]}}, {"type": "Feature", "properties": {"status": "existing", "bHeight": 41.0, "name": "Abu Keibal", "levels": "10"}, "geometry": {"type": "Polygon", "coordinates": [[[55.1474666, 25.1082817], [55.1474036, 25.1082106], [55.1474089, 25.1081386], [55.1476013, 25.1079959], [55.1476808, 25.1080031], [55.1477493, 25.1080716], [55.1478515, 25.1080002], [55.1478569, 25.1078555], [55.1478168, 25.1078482], [55.1478223, 25.1077917], [55.1476364, 25.1077828], [55.1476347, 25.1078092], [55.1474589, 25.1078154], [55.1474088, 25.1078538], [55.1473889, 25.1078282], [55.1472691, 25.1079151], [55.1472909, 25.1079412], [55.1472349, 25.1079809], [55.1472137, 25.1081272], [55.1471786, 25.1081241], [55.1471695, 25.1083131], [55.1472484, 25.1083164], [55.1472484, 25.1083577], [55.1473788, 25.1083626], [55.1474666, 25.1082817]]]}}, {"type": "Feature", "properties": {"status": "existing", "bHeight": 49.0, "name": "Al Haseer", "levels": "12"}, "geometry": {"type": "Polygon", "coordinates": [[[55.1438231, 25.1124188], [55.1438346, 25.1123228], [55.1438057, 25.11232], [55.1438182, 25.1122162], [55.14392, 25.1121396], [55.1439792, 25.1122041], [55.1440761, 25.1122284], [55.1441055, 25.1122463], [55.144143, 25.1122193], [55.1442726, 25.1120876], [55.1442822, 25.1120122], [55.1442025, 25.111924], [55.1443051, 25.1118481], [55.1444401, 25.1118501], [55.1444393, 25.1118943], [55.1444895, 25.111895], [55.144485, 25.1120847], [55.1444527, 25.1120841], [55.1444485, 25.1122624], [55.1443951, 25.1123024], [55.1444129, 25.1123219], [55.1443032, 25.1124041], [55.1442864, 25.1123858], [55.144234, 25.1124251], [55.1440454, 25.1124066], [55.1440414, 25.1124404], [55.143996, 25.1124359], [55.1438231, 25.1124188]]]}}, {"type": "Feature", "properties": {"status": "existing", "bHeight": 49.0, "name": "Al Khushkar", "levels": "12"}, "geometry": {"type": "Polygon", "coordinates": [[[55.1500649, 25.1063207], [55.1500018, 25.1062494], [55.1500071, 25.1061779], [55.1501991, 25.1060354], [55.1502782, 25.1060426], [55.1503468, 25.1061113], [55.1504497, 25.1060394], [55.1504551, 25.1058941], [55.150415, 25.1058868], [55.1504205, 25.1058302], [55.1502335, 25.1058212], [55.1502318, 25.1058477], [55.1500563, 25.1058539], [55.1500065, 25.105892], [55.1499866, 25.1058665], [55.1498659, 25.105954], [55.1498877, 25.1059801], [55.149832, 25.1060196], [55.1498108, 25.1061657], [55.1497757, 25.1061626], [55.1497665, 25.1063526], [55.1498454, 25.1063559], [55.1498454, 25.1063972], [55.1499766, 25.1064021], [55.1500649, 25.1063207]]]}}, {"type": "Feature", "properties": {"status": "existing", "bHeight": 45.0, "name": "Al Sarrood", "levels": "11"}, "geometry": {"type": "Polygon", "coordinates": [[[55.1424788, 25.112054], [55.1424162, 25.1119834], [55.1424216, 25.1119105], [55.1426147, 25.1117672], [55.1426952, 25.1117745], [55.1427632, 25.1118426], [55.1428642, 25.1117721], [55.1428695, 25.1116288], [55.1428293, 25.1116215], [55.1428348, 25.1115651], [55.1426513, 25.1115563], [55.1426496, 25.1115826], [55.1424731, 25.1115889], [55.1424224, 25.1116277], [55.1424025, 25.1116022], [55.1422844, 25.1116877], [55.1423062, 25.1117138], [55.1422498, 25.1117539], [55.1422285, 25.1119008], [55.1421935, 25.1118977], [55.1421845, 25.1120845], [55.1422633, 25.1120878], [55.1422633, 25.1121291], [55.1423921, 25.112134], [55.1424788, 25.112054]]]}}, {"type": "Feature", "properties": {"status": "existing", "bHeight": 70.0, "name": "Oceana Atalntic", "levels": "13"}, "geometry": {"type": "Polygon", "coordinates": [[[55.1369395, 25.1118373], [55.1365602, 25.1114793], [55.1367386, 25.1113243], [55.137118, 25.1116823], [55.1370439, 25.1117466], [55.1369395, 25.1118373]]]}}, {"type": "Feature", "properties": {"status": "existing", "bHeight": 70.0, "name": "Aegean", "levels": "13"}, "geometry": {"type": "Polygon", "coordinates": [[[55.1374673, 25.1116511], [55.1374711, 25.1109927], [55.1377125, 25.1109948], [55.1377087, 25.1116533], [55.1374673, 25.1116511]]]}}, {"type": "Feature", "properties": {"status": "existing", "bHeight": 65.0, "name": "Tanzanite", "levels": "14"}, "geometry": {"type": "Polygon", "coordinates": [[[55.1427597, 25.1159827], [55.1422632, 25.1159119], [55.142303, 25.1156837], [55.1427994, 25.1157545], [55.1427597, 25.1159827]]]}}, {"type": "Feature", "properties": {"status": "existing", "bHeight": 65.0, "name": "Diamond", "levels": "14"}, "geometry": {"type": "Polygon", "coordinates": [[[55.142077, 25.1177132], [55.1417517, 25.1173034], [55.1419604, 25.1171676], [55.1422857, 25.1175774], [55.142077, 25.1177132]]]}}, {"type": "Feature", "properties": {"status": "existing", "bHeight": 12.0, "name": "", "levels": ""}, "geometry": {"type": "Polygon", "coordinates": [[[55.116041, 25.1296613], [55.1160675, 25.1297345], [55.1161208, 25.1299515], [55.1159269, 25.1301904], [55.1158518, 25.1301394], [55.1157204, 25.1302924], [55.1155219, 25.1301759], [55.1154575, 25.1301977], [55.11531, 25.1301006], [55.1153127, 25.1300447], [55.1151249, 25.1299282], [55.1149371, 25.1296853], [55.1150632, 25.1295931], [55.1148996, 25.1293672], [55.1148084, 25.1293575], [55.1148379, 25.1292628], [55.1147467, 25.1291414], [55.1150766, 25.128935], [55.1150847, 25.1288913], [55.1152966, 25.1289204], [55.1152858, 25.1289908], [55.1153488, 25.1290009], [55.1153609, 25.129003], [55.1153529, 25.129088], [55.1155702, 25.1293381], [55.116041, 25.1296613]]]}}, {"type": "Feature", "properties": {"status": "existing", "bHeight": 12.0, "name": "", "levels": ""}, "geometry": {"type": "Polygon", "coordinates": [[[55.1374977, 25.1192681], [55.1373668, 25.1192143], [55.1374476, 25.1190528], [55.1375786, 25.1191065], [55.1374977, 25.1192681]]]}}, {"type": "Feature", "properties": {"status": "existing", "bHeight": 12.0, "name": "", "levels": ""}, "geometry": {"type": "Polygon", "coordinates": [[[55.1362763, 25.1187538], [55.1361528, 25.1186984], [55.1362348, 25.1185485], [55.1363583, 25.118604], [55.1362763, 25.1187538]]]}}, {"type": "Feature", "properties": {"status": "existing", "bHeight": 12.0, "name": "", "levels": ""}, "geometry": {"type": "Polygon", "coordinates": [[[55.1361158, 25.1186759], [55.1359906, 25.1186198], [55.1360734, 25.1184684], [55.1361986, 25.1185246], [55.1361158, 25.1186759]]]}}, {"type": "Feature", "properties": {"status": "existing", "bHeight": 12.0, "name": "", "levels": ""}, "geometry": {"type": "Polygon", "coordinates": [[[55.138797, 25.1196985], [55.138853, 25.119517], [55.1390173, 25.1195586], [55.1389613, 25.1197401], [55.138797, 25.1196985]]]}}, {"type": "Feature", "properties": {"status": "existing", "bHeight": 12.0, "name": "", "levels": ""}, "geometry": {"type": "Polygon", "coordinates": [[[55.1369408, 25.1190469], [55.1368111, 25.1189936], [55.1369104, 25.1188046], [55.1370355, 25.1188577], [55.1369408, 25.1190469]]]}}, {"type": "Feature", "properties": {"status": "existing", "bHeight": 12.0, "name": "", "levels": ""}, "geometry": {"type": "Polygon", "coordinates": [[[55.1366145, 25.1188936], [55.1364897, 25.1188377], [55.1365998, 25.1186366], [55.1367246, 25.1186926], [55.1366145, 25.1188936]]]}}, {"type": "Feature", "properties": {"status": "existing", "bHeight": 12.0, "name": "", "levels": ""}, "geometry": {"type": "Polygon", "coordinates": [[[55.136444, 25.1188152], [55.1363202, 25.1187597], [55.1364023, 25.1186097], [55.1365261, 25.1186652], [55.136444, 25.1188152]]]}}, {"type": "Feature", "properties": {"status": "existing", "bHeight": 12.0, "name": "", "levels": ""}, "geometry": {"type": "Polygon", "coordinates": [[[55.1367733, 25.1189732], [55.136643, 25.1189197], [55.1367326, 25.1187409], [55.1368629, 25.1187944], [55.1367733, 25.1189732]]]}}, {"type": "Feature", "properties": {"status": "existing", "bHeight": 12.0, "name": "", "levels": ""}, "geometry": {"type": "Polygon", "coordinates": [[[55.1389755, 25.1197501], [55.1390315, 25.1195686], [55.1391958, 25.1196102], [55.1391397, 25.1197917], [55.1389755, 25.1197501]]]}}, {"type": "Feature", "properties": {"status": "existing", "bHeight": 12.0, "name": "", "levels": ""}, "geometry": {"type": "Polygon", "coordinates": [[[55.135418, 25.1183375], [55.1352971, 25.118272], [55.1354292, 25.1180718], [55.1355501, 25.1181373], [55.135418, 25.1183375]]]}}, {"type": "Feature", "properties": {"status": "existing", "bHeight": 12.0, "name": "", "levels": ""}, "geometry": {"type": "Polygon", "coordinates": [[[55.1376803, 25.1193083], [55.1375483, 25.1192541], [55.1376297, 25.1190916], [55.1377617, 25.1191458], [55.1376803, 25.1193083]]]}}, {"type": "Feature", "properties": {"status": "existing", "bHeight": 12.0, "name": "", "levels": ""}, "geometry": {"type": "Polygon", "coordinates": [[[55.1352786, 25.1182586], [55.1351365, 25.1181817], [55.1352659, 25.1179858], [55.1354078, 25.1180628], [55.1352786, 25.1182586]]]}}, {"type": "Feature", "properties": {"status": "existing", "bHeight": 12.0, "name": "", "levels": ""}, "geometry": {"type": "Polygon", "coordinates": [[[55.137854, 25.1193772], [55.1377197, 25.119322], [55.1378021, 25.1191574], [55.1379364, 25.1192126], [55.137854, 25.1193772]]]}}, {"type": "Feature", "properties": {"status": "existing", "bHeight": 12.0, "name": "", "levels": ""}, "geometry": {"type": "Polygon", "coordinates": [[[55.1351136, 25.1181465], [55.1349898, 25.1180794], [55.1351106, 25.1178966], [55.1352344, 25.1179637], [55.1351136, 25.1181465]]]}}, {"type": "Feature", "properties": {"status": "existing", "bHeight": 12.0, "name": "", "levels": ""}, "geometry": {"type": "Polygon", "coordinates": [[[55.1355753, 25.1184163], [55.1354536, 25.1183504], [55.1355579, 25.1181926], [55.1356796, 25.1182585], [55.1355753, 25.1184163]]]}}, {"type": "Feature", "properties": {"status": "existing", "bHeight": 12.0, "name": "", "levels": ""}, "geometry": {"type": "Polygon", "coordinates": [[[55.1380311, 25.1194351], [55.1378965, 25.1193798], [55.137979, 25.1192149], [55.1381137, 25.1192702], [55.1380311, 25.1194351]]]}}, {"type": "Feature", "properties": {"status": "existing", "bHeight": 12.0, "name": "", "levels": ""}, "geometry": {"type": "Polygon", "coordinates": [[[55.1281857, 25.1198496], [55.1283265, 25.1199101], [55.1283487, 25.1198676], [55.1283336, 25.1198611], [55.1283797, 25.119773], [55.1283948, 25.1197795], [55.1284284, 25.1197155], [55.1282876, 25.1196551], [55.1281857, 25.1198496]]]}}, {"type": "Feature", "properties": {"status": "existing", "bHeight": 12.0, "name": "", "levels": ""}, "geometry": {"type": "Polygon", "coordinates": [[[55.1280119, 25.119781], [55.1281696, 25.1198494], [55.1282014, 25.1197893], [55.128174, 25.1197774], [55.128213, 25.1197036], [55.1282327, 25.1197122], [55.1282703, 25.1196412], [55.1281202, 25.1195761], [55.1280119, 25.119781]]]}}, {"type": "Feature", "properties": {"status": "existing", "bHeight": 6.2, "name": "", "levels": "1", "height_source": "osm_geom", "height_basis": "osm levels 1 · 100% of this footprint"}, "geometry": {"type": "Polygon", "coordinates": [[[55.1166455, 25.1309102], [55.1165758, 25.130904], [55.1165789, 25.1308711], [55.1164877, 25.1307715], [55.1164502, 25.1307667], [55.1164553, 25.1306946], [55.1164912, 25.1306965], [55.1165142, 25.1306796], [55.1166111, 25.1306088], [55.1166138, 25.1305603], [55.1166969, 25.1305627], [55.1166943, 25.1306137], [55.1167291, 25.1306161], [55.1169557, 25.1304463], [55.1170154, 25.1305148], [55.1167828, 25.1306865], [55.1167828, 25.1307157], [55.1168337, 25.1307205], [55.1168257, 25.130791], [55.1167747, 25.1307885], [55.1166781, 25.1308574], [55.1166487, 25.1308784], [55.1166455, 25.1309102]]]}}, {"type": "Feature", "properties": {"status": "existing", "bHeight": 12.0, "name": "Shark Bites", "levels": ""}, "geometry": {"type": "Polygon", "coordinates": [[[55.1195336, 25.1322933], [55.1194516, 25.1323028], [55.1194568, 25.1323351], [55.1194451, 25.1323369], [55.1194554, 25.1323896], [55.1194666, 25.1323878], [55.1194714, 25.1324139], [55.1194509, 25.1324403], [55.1194586, 25.1324916], [55.1195069, 25.1325241], [55.1195357, 25.132521], [55.1195488, 25.1325895], [55.119647, 25.1325758], [55.1196545, 25.1326201], [55.1197066, 25.1326128], [55.1197034, 25.1325944], [55.1197564, 25.132587], [55.1197594, 25.1326042], [55.1197986, 25.1325987], [55.1198278, 25.1326227], [55.119871, 25.132616], [55.1198928, 25.1325896], [55.1198824, 25.1325366], [55.1198979, 25.1325341], [55.1198844, 25.1324647], [55.1199178, 25.1324593], [55.1198957, 25.1323352], [55.1198353, 25.1323441], [55.1198246, 25.1322837], [55.1198046, 25.1322866], [55.1197972, 25.1322448], [55.1197036, 25.1322584], [55.1197059, 25.1322715], [55.1196257, 25.1322832], [55.1196232, 25.1322693], [55.1195953, 25.1322733], [55.1195865, 25.1322242], [55.1195229, 25.1322334], [55.1195336, 25.1322933]]]}}, {"type": "Feature", "properties": {"status": "existing", "bHeight": 12.0, "name": "", "levels": ""}, "geometry": {"type": "Polygon", "coordinates": [[[55.1232387, 25.1364959], [55.1232398, 25.1361581], [55.1229422, 25.1360028], [55.1226673, 25.1361599], [55.1226669, 25.1362655], [55.1231076, 25.1364978], [55.1232387, 25.1364959]]]}}, {"type": "Feature", "properties": {"status": "existing", "bHeight": 12.0, "name": "", "levels": ""}, "geometry": {"type": "Polygon", "coordinates": [[[55.1225513, 25.1354695], [55.1225363, 25.1354313], [55.1224629, 25.1354549], [55.1224268, 25.1353628], [55.1225029, 25.1353384], [55.1224919, 25.1353102], [55.1225668, 25.1352861], [55.1225758, 25.1353092], [55.1226868, 25.1352735], [55.122724, 25.1353685], [55.1226726, 25.1353851], [55.1226884, 25.1354255], [55.1225513, 25.1354695]]]}}, {"type": "Feature", "properties": {"status": "existing", "bHeight": 12.0, "name": "Barracudas", "levels": ""}, "geometry": {"type": "Polygon", "coordinates": [[[55.1221056, 25.1351054], [55.1221059, 25.135082], [55.12212, 25.1350623], [55.1221436, 25.1350525], [55.1221693, 25.1350557], [55.1221891, 25.1350708], [55.1222088, 25.1351147], [55.1222201, 25.1351108], [55.1222515, 25.1351844], [55.1222909, 25.1351706], [55.1223347, 25.1352733], [55.1222771, 25.1352935], [55.1223199, 25.1353938], [55.1220188, 25.135499], [55.1219781, 25.1354036], [55.1219461, 25.1354111], [55.1219148, 25.1354042], [55.1218907, 25.1353849], [55.1218794, 25.1353576], [55.1218836, 25.1353287], [55.1219021, 25.1353049], [55.1219314, 25.1352915], [55.1219005, 25.1352249], [55.1219908, 25.1351907], [55.1219743, 25.1351552], [55.1221056, 25.1351054]]]}}, {"type": "Feature", "properties": {"status": "existing", "bHeight": 12.0, "name": "", "levels": ""}, "geometry": {"type": "Polygon", "coordinates": [[[55.1239542, 25.1359547], [55.1238895, 25.1358801], [55.1238499, 25.1359082], [55.1237731, 25.1358197], [55.1238983, 25.1357307], [55.1239168, 25.1357521], [55.1239491, 25.1357291], [55.1239922, 25.1357788], [55.1239673, 25.1357964], [55.1240472, 25.1358885], [55.1239542, 25.1359547]]]}}, {"type": "Feature", "properties": {"status": "existing", "bHeight": 12.0, "name": "", "levels": ""}, "geometry": {"type": "Polygon", "coordinates": [[[55.1238682, 25.1356976], [55.1238385, 25.135665], [55.1238426, 25.135662], [55.1238258, 25.1356435], [55.1238217, 25.1356465], [55.1237924, 25.1356143], [55.1238676, 25.1355582], [55.1238798, 25.1355717], [55.1239029, 25.1355544], [55.1239547, 25.1356113], [55.1239283, 25.135631], [55.1239401, 25.135644], [55.1238682, 25.1356976]]]}}, {"type": "Feature", "properties": {"status": "existing", "bHeight": 12.0, "name": "", "levels": ""}, "geometry": {"type": "Polygon", "coordinates": [[[55.1236507, 25.1356595], [55.1237608, 25.1355768], [55.1237477, 25.1355625], [55.1237882, 25.1355321], [55.1237427, 25.1354824], [55.1237099, 25.135507], [55.1236258, 25.1354152], [55.1235411, 25.1354788], [55.1236125, 25.1355566], [55.1235793, 25.1355816], [55.1236507, 25.1356595]]]}}, {"type": "Feature", "properties": {"status": "existing", "bHeight": 12.0, "name": "", "levels": ""}, "geometry": {"type": "Polygon", "coordinates": [[[55.1227894, 25.1353642], [55.1227913, 25.1353481], [55.1227627, 25.1353453], [55.1227714, 25.1352705], [55.1228001, 25.1352733], [55.1228043, 25.1352367], [55.1229059, 25.1352464], [55.1229151, 25.1351683], [55.1229479, 25.1351715], [55.1229584, 25.1350817], [55.1230399, 25.1350896], [55.1230296, 25.1351774], [55.1230629, 25.1351806], [55.1230595, 25.1352099], [55.1230262, 25.1352067], [55.1230199, 25.1352606], [55.1230543, 25.1352639], [55.1230402, 25.1353846], [55.1230051, 25.1353812], [55.1230011, 25.1354149], [55.1229144, 25.1354066], [55.1229179, 25.1353766], [55.1227894, 25.1353642]]]}}, {"type": "Feature", "properties": {"status": "existing", "bHeight": 12.0, "name": "", "levels": ""}, "geometry": {"type": "Polygon", "coordinates": [[[55.1233247, 25.1354409], [55.1232308, 25.1354359], [55.1232327, 25.1354061], [55.1232065, 25.1354047], [55.1232146, 25.1352771], [55.1232464, 25.1352788], [55.1232497, 25.1352274], [55.1232171, 25.1352257], [55.1232189, 25.135197], [55.1232515, 25.1351987], [55.1232544, 25.1351535], [55.1233477, 25.1351584], [55.1233451, 25.1351995], [55.1233649, 25.1352005], [55.1233608, 25.1352636], [55.1234163, 25.1352665], [55.1234071, 25.1354098], [55.1233269, 25.1354056], [55.1233247, 25.1354409]]]}}, {"type": "Feature", "properties": {"status": "existing", "bHeight": 12.0, "name": "", "levels": ""}, "geometry": {"type": "Polygon", "coordinates": [[[55.1237486, 25.1368554], [55.1237563, 25.1367738], [55.1237619, 25.1367145], [55.1236391, 25.136705], [55.1234493, 25.1366903], [55.123466, 25.1365141], [55.1241715, 25.1365688], [55.1241345, 25.1369605], [55.1238201, 25.1369361], [55.1237486, 25.1368554]]]}}, {"type": "Feature", "properties": {"status": "existing", "bHeight": 12.0, "name": "Neptune Tower", "levels": ""}, "geometry": {"type": "Polygon", "coordinates": [[[55.1206096, 25.1341592], [55.1206123, 25.1342361], [55.1206131, 25.1342598], [55.1206194, 25.1344422], [55.1206215, 25.134505], [55.1206219, 25.1345159], [55.1205828, 25.134517], [55.1205845, 25.1345663], [55.1202412, 25.134576], [55.1202395, 25.1345281], [55.1202068, 25.1345291], [55.1202046, 25.134464], [55.1201466, 25.1344657], [55.1201379, 25.1342142], [55.1201959, 25.1342126], [55.1201945, 25.1341721], [55.1202791, 25.1341689], [55.1203936, 25.1341657], [55.1204362, 25.1341645], [55.1204858, 25.1341631], [55.1206096, 25.1341592]]]}}, {"type": "Feature", "properties": {"status": "existing", "bHeight": 12.0, "name": "", "levels": ""}, "geometry": {"type": "Polygon", "coordinates": [[[55.1182982, 25.1325272], [55.1182499, 25.1324762], [55.118256, 25.1324089], [55.1182607, 25.1323572], [55.1183143, 25.1323232], [55.1183203, 25.1322756], [55.1184466, 25.132287], [55.1184426, 25.1323325], [55.1184833, 25.1323791], [55.1184759, 25.1324481], [55.1184706, 25.1324969], [55.1184206, 25.1325384], [55.1182982, 25.1325272]]]}}, {"type": "Feature", "properties": {"status": "existing", "bHeight": 12.0, "name": "Atlantis Mall", "levels": ""}, "geometry": {"type": "Polygon", "coordinates": [[[55.1181901, 25.1310688], [55.1184216, 25.1308905], [55.1187944, 25.1312985], [55.1187488, 25.1313349], [55.1190626, 25.1316918], [55.1191377, 25.1316918], [55.119127, 25.1317768], [55.1190465, 25.131772], [55.1190439, 25.1318108], [55.1189366, 25.1317987], [55.1189124, 25.1318788], [55.1188454, 25.131857], [55.1187569, 25.1319395], [55.1187542, 25.1320002], [55.1186469, 25.1320002], [55.1186388, 25.1320755], [55.118545, 25.1320707], [55.1185128, 25.1322941], [55.1184466, 25.132287], [55.1183203, 25.1322756], [55.1182338, 25.1322674], [55.1180085, 25.1324519], [55.117979, 25.1324179], [55.1178851, 25.1325029], [55.1174318, 25.1319954], [55.1174721, 25.131959], [55.1173004, 25.1317744], [55.1173642, 25.1317301], [55.1175049, 25.1316432], [55.1176823, 25.1312422], [55.1178555, 25.1311189], [55.1181901, 25.1310688]]]}}, {"type": "Feature", "properties": {"status": "existing", "bHeight": 41.0, "name": "Golden Mile 1", "levels": "10"}, "geometry": {"type": "Polygon", "coordinates": [[[55.1490081, 25.1058121], [55.1488082, 25.1055913], [55.1494573, 25.1051095], [55.1496572, 25.1053303], [55.1490081, 25.1058121]]]}}, {"type": "Feature", "properties": {"status": "existing", "bHeight": 41.0, "name": "Golden Mile 10", "levels": "10"}, "geometry": {"type": "Polygon", "coordinates": [[[55.1401832, 25.1124097], [55.1399867, 25.1121927], [55.1406316, 25.1117139], [55.1408281, 25.111931], [55.1401832, 25.1124097]]]}}, {"type": "Feature", "properties": {"status": "existing", "bHeight": 41.0, "name": "Golden Mile 7", "levels": "10"}, "geometry": {"type": "Polygon", "coordinates": [[[55.1423578, 25.1107818], [55.1421606, 25.110564], [55.1428063, 25.1100847], [55.1430035, 25.1103025], [55.1423578, 25.1107818]]]}}, {"type": "Feature", "properties": {"status": "existing", "bHeight": 41.0, "name": "Golden Mile 9", "levels": "10"}, "geometry": {"type": "Polygon", "coordinates": [[[55.1408917, 25.1118752], [55.1406952, 25.1116581], [55.1413401, 25.1111793], [55.1415367, 25.1113964], [55.1408917, 25.1118752]]]}}, {"type": "Feature", "properties": {"status": "existing", "bHeight": 41.0, "name": "Golden Mile 5", "levels": "10"}, "geometry": {"type": "Polygon", "coordinates": [[[55.1459261, 25.1080838], [55.1457281, 25.1078651], [55.1463748, 25.1073851], [55.1465728, 25.1076037], [55.1459261, 25.1080838]]]}}, {"type": "Feature", "properties": {"status": "existing", "bHeight": 41.0, "name": "Golden Mile 3", "levels": "10"}, "geometry": {"type": "Polygon", "coordinates": [[[55.1474434, 25.1069656], [55.1472449, 25.1067464], [55.1478922, 25.1062659], [55.1480906, 25.1064851], [55.1474434, 25.1069656]]]}}, {"type": "Feature", "properties": {"status": "existing", "bHeight": 41.0, "name": "Golden Mile 4", "levels": "10"}, "geometry": {"type": "Polygon", "coordinates": [[[55.1466601, 25.1075359], [55.146462, 25.1073171], [55.1471088, 25.1068369], [55.1473069, 25.1070557], [55.1466601, 25.1075359]]]}}, {"type": "Feature", "properties": {"status": "existing", "bHeight": 41.0, "name": "Golden Mile 6", "levels": "10"}, "geometry": {"type": "Polygon", "coordinates": [[[55.1451597, 25.1086816], [55.1449663, 25.1084703], [55.1456148, 25.1079853], [55.1458049, 25.1081907], [55.1451597, 25.1086816]]]}}, {"type": "Feature", "properties": {"status": "existing", "bHeight": 41.0, "name": "Golden Mile 2", "levels": "10"}, "geometry": {"type": "Polygon", "coordinates": [[[55.1481786, 25.1064206], [55.1479805, 25.1062019], [55.1486273, 25.1057217], [55.1488254, 25.1059405], [55.1481786, 25.1064206]]]}}, {"type": "Feature", "properties": {"status": "existing", "bHeight": 41.0, "name": "Golden Mile 8", "levels": "10"}, "geometry": {"type": "Polygon", "coordinates": [[[55.1416512, 25.1113066], [55.1414547, 25.1110895], [55.1420996, 25.1106108], [55.1422961, 25.1108278], [55.1416512, 25.1113066]]]}}, {"type": "Feature", "properties": {"status": "existing", "bHeight": 12.0, "name": "", "levels": ""}, "geometry": {"type": "Polygon", "coordinates": [[[55.144413, 25.1200117], [55.1444167, 25.1198381], [55.1442859, 25.1198358], [55.1442833, 25.1199573], [55.1442588, 25.1199569], [55.1442577, 25.120009], [55.144413, 25.1200117]]]}}, {"type": "Feature", "properties": {"status": "existing", "bHeight": 12.0, "name": "", "levels": ""}, "geometry": {"type": "Polygon", "coordinates": [[[55.1445918, 25.1200154], [55.1445955, 25.11984], [55.1444628, 25.1198377], [55.1444603, 25.1199592], [55.1444357, 25.1199588], [55.1444346, 25.1200126], [55.1445918, 25.1200154]]]}}, {"type": "Feature", "properties": {"status": "existing", "bHeight": 12.0, "name": "", "levels": ""}, "geometry": {"type": "Polygon", "coordinates": [[[55.1433182, 25.1204879], [55.1433269, 25.1202875], [55.1434797, 25.120293], [55.143471, 25.1204933], [55.1433182, 25.1204879]]]}}, {"type": "Feature", "properties": {"status": "existing", "bHeight": 12.0, "name": "", "levels": ""}, "geometry": {"type": "Polygon", "coordinates": [[[55.1437043, 25.1205005], [55.1437063, 25.1202704], [55.1437807, 25.120271], [55.1437804, 25.1203058], [55.1438688, 25.1203065], [55.1438671, 25.1205016], [55.1437043, 25.1205005]]]}}, {"type": "Feature", "properties": {"status": "existing", "bHeight": 12.0, "name": "", "levels": ""}, "geometry": {"type": "Polygon", "coordinates": [[[55.1447794, 25.1200088], [55.1447831, 25.1198327], [55.1446496, 25.1198304], [55.1446471, 25.1199519], [55.1446225, 25.1199515], [55.1446214, 25.120006], [55.1447794, 25.1200088]]]}}, {"type": "Feature", "properties": {"status": "existing", "bHeight": 12.0, "name": "", "levels": ""}, "geometry": {"type": "Polygon", "coordinates": [[[55.1444501, 25.1205203], [55.1442511, 25.1205204], [55.1442561, 25.1203183], [55.1444444, 25.1203242], [55.1444501, 25.1205203]]]}}, {"type": "Feature", "properties": {"status": "existing", "bHeight": 12.0, "name": "", "levels": ""}, "geometry": {"type": "Polygon", "coordinates": [[[55.1442167, 25.1200103], [55.1442203, 25.1198385], [55.1440916, 25.1198363], [55.144089, 25.1199578], [55.1440645, 25.1199573], [55.1440634, 25.1200076], [55.1442167, 25.1200103]]]}}, {"type": "Feature", "properties": {"status": "existing", "bHeight": 12.0, "name": "Palm Cooling", "levels": ""}, "geometry": {"type": "Polygon", "coordinates": [[[55.1304706, 25.1401012], [55.1307044, 25.1393894], [55.1312122, 25.1395261], [55.1309784, 25.1402378], [55.1304706, 25.1401012]]]}}, {"type": "Feature", "properties": {"status": "existing", "bHeight": 12.0, "name": "", "levels": ""}, "geometry": {"type": "Polygon", "coordinates": [[[55.1161324, 25.1285372], [55.1160479, 25.1285399], [55.1159996, 25.1285059], [55.1159915, 25.1284428], [55.1159379, 25.1284404], [55.115793, 25.1283141], [55.1158252, 25.1282801], [55.115793, 25.1282461], [55.1159218, 25.1281222], [55.1160291, 25.1282194], [55.1160854, 25.128166], [55.1163, 25.1283505], [55.116241, 25.1284064], [55.1162088, 25.1283845], [55.1161659, 25.1284209], [55.1161766, 25.1284379], [55.1161764, 25.1284985], [55.1161324, 25.1285372]]]}}, {"type": "Feature", "properties": {"status": "existing", "bHeight": 12.0, "name": "", "levels": ""}, "geometry": {"type": "Polygon", "coordinates": [[[55.1171987, 25.1322095], [55.1168613, 25.1318811], [55.1169599, 25.1317981], [55.1172973, 25.1321265], [55.1171987, 25.1322095]]]}}, {"type": "Feature", "properties": {"status": "existing", "bHeight": 12.0, "name": "", "levels": ""}, "geometry": {"type": "Polygon", "coordinates": [[[55.1105519, 25.1121668], [55.1105063, 25.1120162], [55.1106002, 25.1119992], [55.1106914, 25.112009], [55.1106914, 25.1120842], [55.1106324, 25.1121595], [55.1105519, 25.1121668]]]}}, {"type": "Feature", "properties": {"status": "existing", "bHeight": 12.0, "name": "", "levels": ""}, "geometry": {"type": "Polygon", "coordinates": [[[55.1103856, 25.1139761], [55.110458, 25.1138206], [55.1105573, 25.1138255], [55.1105921, 25.1139081], [55.1105868, 25.1139833], [55.1105251, 25.1140271], [55.1104312, 25.1140246], [55.1103856, 25.1139761]]]}}, {"type": "Feature", "properties": {"status": "existing", "bHeight": 31.8, "name": "", "levels": "9", "height_source": "osm_geom", "height_basis": "osm levels 9 · 100% of this footprint"}, "geometry": {"type": "Polygon", "coordinates": [[[55.1096752, 25.1097206], [55.1100069, 25.1097741], [55.1100787, 25.1099936], [55.1100649, 25.1100641], [55.1102886, 25.1101002], [55.1100334, 25.1113972], [55.1097867, 25.1113574], [55.1097262, 25.1116649], [55.1093061, 25.1115972], [55.1096752, 25.1097206]]]}}, {"type": "Feature", "properties": {"status": "existing", "bHeight": 12.0, "name": "", "levels": ""}, "geometry": {"type": "Polygon", "coordinates": [[[55.1105449, 25.1117471], [55.1106246, 25.1116043], [55.1107183, 25.1116117], [55.1107512, 25.1116792], [55.1107459, 25.1117544], [55.1106842, 25.111798], [55.1105905, 25.1117956], [55.1105449, 25.1117471]]]}}, {"type": "Feature", "properties": {"status": "existing", "bHeight": 12.0, "name": "", "levels": ""}, "geometry": {"type": "Polygon", "coordinates": [[[55.1102047, 25.1121688], [55.1101464, 25.1119844], [55.1102659, 25.1119534], [55.1103242, 25.1121378], [55.1102047, 25.1121688]]]}}, {"type": "Feature", "properties": {"status": "existing", "bHeight": 12.0, "name": "", "levels": ""}, "geometry": {"type": "Polygon", "coordinates": [[[55.1099363, 25.111701], [55.1098327, 25.1116498], [55.1099284, 25.1114909], [55.1100321, 25.1115421], [55.1099363, 25.111701]]]}}, {"type": "Feature", "properties": {"status": "existing", "bHeight": 12.0, "name": "", "levels": ""}, "geometry": {"type": "Polygon", "coordinates": [[[55.1104729, 25.1117663], [55.1103687, 25.1117149], [55.1104647, 25.1115555], [55.1105689, 25.1116069], [55.1104729, 25.1117663]]]}}, {"type": "Feature", "properties": {"status": "existing", "bHeight": 12.0, "name": "", "levels": ""}, "geometry": {"type": "Polygon", "coordinates": [[[55.1102983, 25.1117449], [55.1101952, 25.111694], [55.1102906, 25.1115356], [55.1103937, 25.1115865], [55.1102983, 25.1117449]]]}}, {"type": "Feature", "properties": {"status": "existing", "bHeight": 12.0, "name": "", "levels": ""}, "geometry": {"type": "Polygon", "coordinates": [[[55.1103038, 25.1139934], [55.1101984, 25.1139515], [55.1102772, 25.1137889], [55.1103827, 25.1138308], [55.1103038, 25.1139934]]]}}, {"type": "Feature", "properties": {"status": "existing", "bHeight": 12.0, "name": "", "levels": ""}, "geometry": {"type": "Polygon", "coordinates": [[[55.1099491, 25.1139848], [55.109838, 25.1139407], [55.1099193, 25.113773], [55.1100304, 25.1138171], [55.1099491, 25.1139848]]]}}, {"type": "Feature", "properties": {"status": "existing", "bHeight": 12.0, "name": "", "levels": ""}, "geometry": {"type": "Polygon", "coordinates": [[[55.1101186, 25.1117244], [55.1100154, 25.1116734], [55.1101109, 25.1115148], [55.1102142, 25.1115658], [55.1101186, 25.1117244]]]}}, {"type": "Feature", "properties": {"status": "existing", "bHeight": 12.0, "name": "", "levels": ""}, "geometry": {"type": "Polygon", "coordinates": [[[55.1101327, 25.1139911], [55.1100215, 25.1139469], [55.1101029, 25.1137791], [55.110214, 25.1138233], [55.1101327, 25.1139911]]]}}, {"type": "Feature", "properties": {"status": "existing", "bHeight": 12.0, "name": "", "levels": ""}, "geometry": {"type": "Polygon", "coordinates": [[[55.1098571, 25.1121329], [55.1097988, 25.1119483], [55.1099185, 25.1119173], [55.1099768, 25.1121018], [55.1098571, 25.1121329]]]}}, {"type": "Feature", "properties": {"status": "existing", "bHeight": 12.0, "name": "", "levels": ""}, "geometry": {"type": "Polygon", "coordinates": [[[55.1100332, 25.1121527], [55.1099751, 25.1119688], [55.110094, 25.111938], [55.1101522, 25.1121218], [55.1100332, 25.1121527]]]}}, {"type": "Feature", "properties": {"status": "existing", "bHeight": 49.0, "name": "", "levels": "7"}, "geometry": {"type": "Polygon", "coordinates": [[[55.1095689, 25.1139968], [55.1091194, 25.1139821], [55.109274, 25.1117994], [55.1096873, 25.1118261], [55.1096485, 25.1127535], [55.1098584, 25.1127643], [55.109857, 25.1127942], [55.1098925, 25.1128032], [55.1099381, 25.112832], [55.1099694, 25.1128723], [55.1099836, 25.1129199], [55.1099789, 25.112969], [55.1099556, 25.1130145], [55.1099, 25.1130585], [55.1098456, 25.1130697], [55.1098426, 25.1130995], [55.1096299, 25.1130898], [55.1095689, 25.1139968]]]}}, {"type": "Feature", "properties": {"status": "existing", "bHeight": 12.0, "name": "", "levels": ""}, "geometry": {"type": "Polygon", "coordinates": [[[55.1097599, 25.1139903], [55.1096495, 25.1139464], [55.1097305, 25.1137792], [55.1098409, 25.1138231], [55.1097599, 25.1139903]]]}}, {"type": "Feature", "properties": {"status": "existing", "bHeight": 12.0, "name": "", "levels": ""}, "geometry": {"type": "Polygon", "coordinates": [[[55.1103806, 25.1121843], [55.1103224, 25.1120004], [55.1104414, 25.1119695], [55.1104996, 25.1121534], [55.1103806, 25.1121843]]]}}, {"type": "Feature", "properties": {"status": "existing", "bHeight": 12.0, "name": "", "levels": ""}, "geometry": {"type": "Polygon", "coordinates": [[[55.1107542, 25.1100904], [55.1106905, 25.1099074], [55.1108066, 25.1098743], [55.1108703, 25.1100573], [55.1107542, 25.1100904]]]}}, {"type": "Feature", "properties": {"status": "existing", "bHeight": 12.0, "name": "", "levels": ""}, "geometry": {"type": "Polygon", "coordinates": [[[55.1109366, 25.1101126], [55.1109019, 25.1099978], [55.1109612, 25.1099889], [55.1109855, 25.1099435], [55.1110775, 25.1099533], [55.1110775, 25.1100294], [55.1110181, 25.1101052], [55.1109366, 25.1101126]]]}}, {"type": "Feature", "properties": {"status": "existing", "bHeight": 12.0, "name": "", "levels": ""}, "geometry": {"type": "Polygon", "coordinates": [[[55.1103798, 25.1100084], [55.1103141, 25.1098198], [55.1104364, 25.1097849], [55.1105021, 25.1099735], [55.1103798, 25.1100084]]]}}, {"type": "Feature", "properties": {"status": "existing", "bHeight": 12.0, "name": "", "levels": ""}, "geometry": {"type": "Polygon", "coordinates": [[[55.1101932, 25.1099638], [55.1101272, 25.1097741], [55.1102507, 25.1097388], [55.1103168, 25.1099286], [55.1101932, 25.1099638]]]}}, {"type": "Feature", "properties": {"status": "existing", "bHeight": 12.0, "name": "", "levels": ""}, "geometry": {"type": "Polygon", "coordinates": [[[55.1105678, 25.1100479], [55.1105039, 25.1098644], [55.1106207, 25.1098311], [55.1106846, 25.1100146], [55.1105678, 25.1100479]]]}}, {"type": "Feature", "properties": {"status": "existing", "bHeight": 19.0, "name": "مول نخلة جميرا", "levels": "5", "height_source": "osm_geom", "height_basis": "osm levels 5 · 100% of this footprint"}, "geometry": {"type": "Polygon", "coordinates": [[[55.13951, 25.1132031], [55.1395885, 25.1131625], [55.139793, 25.1133748], [55.1399251, 25.1135197], [55.1394059, 25.1138863], [55.1398777, 25.1143252], [55.1397806, 25.1144119], [55.1394974, 25.1146416], [55.1394626, 25.1145916], [55.1393831, 25.1146354], [55.1393008, 25.1145523], [55.1392535, 25.1145619], [55.1392198, 25.1145679], [55.139188, 25.1145848], [55.1391623, 25.1146061], [55.1391493, 25.114632], [55.1391378, 25.114654], [55.1391222, 25.1146884], [55.139234, 25.1148145], [55.1391975, 25.1148412], [55.1389509, 25.115022], [55.1388383, 25.1151046], [55.1386448, 25.1152966], [55.1382483, 25.1153101], [55.1379217, 25.1152557], [55.1376005, 25.1150786], [55.137842, 25.1149009], [55.1376807, 25.1146914], [55.1374358, 25.1148758], [55.1372045, 25.1144048], [55.1371413, 25.1140762], [55.1372735, 25.1136808], [55.1376586, 25.1133207], [55.1380445, 25.1132421], [55.1386397, 25.112906], [55.138713, 25.1129691], [55.1390706, 25.1127411], [55.13951, 25.1132031]]]}}, {"type": "Feature", "properties": {"status": "existing", "bHeight": 12.0, "name": "", "levels": ""}, "geometry": {"type": "Polygon", "coordinates": [[[55.1171175, 25.1294222], [55.1171542, 25.1294272], [55.1171901, 25.129419], [55.1172199, 25.1293988], [55.1172386, 25.1293703], [55.1172439, 25.1293376], [55.1172349, 25.1293051], [55.1172122, 25.1292778], [55.1171816, 25.1292613], [55.1171453, 25.1292563], [55.1171098, 25.1292642], [55.1170794, 25.1292844], [55.1170609, 25.1293122], [55.1170556, 25.1293506], [55.1170639, 25.1293778], [55.1170878, 25.1294064], [55.1171175, 25.1294222]]]}}, {"type": "Feature", "properties": {"status": "existing", "bHeight": 12.0, "name": "", "levels": ""}, "geometry": {"type": "Polygon", "coordinates": [[[55.1181662, 25.130576], [55.1182029, 25.130581], [55.1182388, 25.1305728], [55.1182687, 25.1305526], [55.1182873, 25.1305241], [55.1182926, 25.1304914], [55.1182836, 25.1304589], [55.118261, 25.1304315], [55.1182304, 25.1304151], [55.1181941, 25.1304101], [55.1181585, 25.130418], [55.1181282, 25.1304382], [55.1181096, 25.130466], [55.1181043, 25.1305043], [55.1181126, 25.1305316], [55.1181365, 25.1305602], [55.1181662, 25.130576]]]}}, {"type": "Feature", "properties": {"status": "existing", "bHeight": 49.0, "name": "Fairmont South Residence", "levels": "12"}, "geometry": {"type": "Polygon", "coordinates": [[[55.1419668, 25.1095725], [55.1417179, 25.1093054], [55.1423688, 25.1088082], [55.1420579, 25.1084744], [55.1420106, 25.1085106], [55.1418737, 25.1083636], [55.142151, 25.1081518], [55.1428477, 25.1088996], [55.1419668, 25.1095725]]]}}, {"type": "Feature", "properties": {"status": "existing", "bHeight": 49.0, "name": "Fairmont North Residence", "levels": "12"}, "geometry": {"type": "Polygon", "coordinates": [[[55.1390237, 25.1105128], [55.1396459, 25.1112068], [55.1403543, 25.1106847], [55.1401504, 25.1104573], [55.1400956, 25.110499], [55.1401192, 25.1105253], [55.139651, 25.1108695], [55.1395145, 25.1107173], [55.1395163, 25.1107159], [55.1393608, 25.1105425], [55.1394041, 25.1105106], [55.1392541, 25.1103433], [55.1390237, 25.1105128]]]}}, {"type": "Feature", "properties": {"status": "existing", "bHeight": 69.0, "name": "Fairmont The Palm", "levels": "17"}, "geometry": {"type": "Polygon", "coordinates": [[[55.1408031, 25.1104918], [55.1405525, 25.1106783], [55.1401419, 25.1102193], [55.1408058, 25.1097166], [55.1408868, 25.1096235], [55.1408947, 25.1095197], [55.1407924, 25.1095001], [55.1408217, 25.1093069], [55.1410357, 25.109323], [55.1410129, 25.1095294], [55.1409496, 25.109527], [55.1409482, 25.1096051], [55.1413132, 25.1093188], [55.1418729, 25.1099102], [55.1414302, 25.1102495], [55.1411269, 25.1099104], [55.1409545, 25.1100361], [55.1410154, 25.1101007], [55.1410438, 25.1100991], [55.1410741, 25.1101399], [55.1411128, 25.1101921], [55.1409747, 25.1102899], [55.1409402, 25.1102542], [55.1409003, 25.110213], [55.1409198, 25.1101825], [55.140895, 25.110152], [55.1408549, 25.110189], [55.1408237, 25.1101983], [55.1407891, 25.1101552], [55.140668, 25.1102466], [55.1407131, 25.110298], [55.1407421, 25.1103326], [55.1408699, 25.1104808], [55.1409487, 25.1105722], [55.1409151, 25.1105978], [55.1408279, 25.1105153], [55.1408031, 25.1104918]]]}}, {"type": "Feature", "properties": {"status": "existing", "bHeight": 25.4, "name": "Rixos The Palm Dubai", "levels": "7", "height_source": "osm_geom", "height_basis": "osm levels 7 · 100% of this footprint"}, "geometry": {"type": "Polygon", "coordinates": [[[55.1526278, 25.121752], [55.1525803, 25.1215271], [55.1532, 25.1214538], [55.1533089, 25.121431], [55.1534876, 25.1213704], [55.1537556, 25.1211833], [55.1538756, 25.1210544], [55.1540738, 25.1211934], [55.1540152, 25.1212768], [55.1538923, 25.1214007], [55.1536551, 25.1215599], [55.1534931, 25.1216155], [55.1532614, 25.1216787], [55.1529627, 25.1217166], [55.1526278, 25.121752]]]}}, {"type": "Feature", "properties": {"status": "existing", "bHeight": 31.8, "name": "North Residences", "levels": "9", "height_source": "osm_geom", "height_basis": "osm levels 9 · 100% of this footprint"}, "geometry": {"type": "Polygon", "coordinates": [[[55.1523679, 25.1314779], [55.1523989, 25.1314052], [55.1523222, 25.1313785], [55.1523782, 25.1312468], [55.1524871, 25.1312857], [55.1524978, 25.1312632], [55.1526826, 25.1313224], [55.1527056, 25.131316], [55.1528676, 25.1312707], [55.1530617, 25.1308476], [55.152986, 25.1308212], [55.1530308, 25.1307161], [55.1531032, 25.1307414], [55.1532519, 25.1303919], [55.153546, 25.1304944], [55.1531135, 25.1315106], [55.1529483, 25.1315704], [55.152974, 25.1316367], [55.1529808, 25.1316445], [55.1529099, 25.1316751], [55.1529065, 25.1316672], [55.152878, 25.1316129], [55.1528593, 25.131621], [55.1528529, 25.1316061], [55.1528416, 25.1316106], [55.1527959, 25.1316288], [55.1523679, 25.1314779]]]}}, {"type": "Feature", "properties": {"status": "existing", "bHeight": 25.4, "name": "Rixos The Palm Dubai", "levels": "7", "height_source": "osm_geom", "height_basis": "osm levels 7 · 100% of this footprint"}, "geometry": {"type": "Polygon", "coordinates": [[[55.1537133, 25.1210984], [55.1534903, 25.1212486], [55.1533778, 25.1212968], [55.1531152, 25.1213522], [55.1530382, 25.1213558], [55.1530244, 25.1211592], [55.1531251, 25.1211395], [55.1532317, 25.121111], [55.1533383, 25.121077], [55.1533995, 25.1210341], [55.1534942, 25.1209573], [55.1535831, 25.1208911], [55.1536581, 25.1207964], [55.1536877, 25.1206981], [55.1537272, 25.1205694], [55.153737, 25.1205444], [55.1539482, 25.1207517], [55.1539147, 25.1208375], [55.1538397, 25.1209733], [55.1537864, 25.1210395], [55.1537133, 25.1210984]]]}}, {"type": "Feature", "properties": {"status": "existing", "bHeight": 12.0, "name": "", "levels": ""}, "geometry": {"type": "Polygon", "coordinates": [[[55.1518161, 25.1302211], [55.1518873, 25.1302401], [55.1519738, 25.1302641], [55.1520269, 25.1302868], [55.1520841, 25.1302224], [55.1520939, 25.130144], [55.1520467, 25.1301387], [55.1520544, 25.1301235], [55.1520921, 25.130133], [55.1521681, 25.1299466], [55.1519525, 25.1298948], [55.1519218, 25.1299662], [55.1519427, 25.1299731], [55.1519078, 25.1300717], [55.1519413, 25.1300843], [55.1519364, 25.1300982], [55.1518694, 25.1300799], [55.1518429, 25.1301204], [55.151829, 25.1301368], [55.1518262, 25.1301779], [55.1518213, 25.130205], [55.1518161, 25.1302211]]]}}, {"type": "Feature", "properties": {"status": "existing", "bHeight": 31.8, "name": "Anantara Residences South", "levels": "9", "height_source": "osm_geom", "height_basis": "osm levels 9 · 100% of this footprint"}, "geometry": {"type": "Polygon", "coordinates": [[[55.1539465, 25.1279409], [55.1538686, 25.1278445], [55.1535883, 25.1277933], [55.153594, 25.1277675], [55.1535802, 25.127765], [55.1535919, 25.1277123], [55.1535038, 25.1276962], [55.1535301, 25.1275785], [55.1536207, 25.1275951], [55.1536393, 25.1275118], [55.1540905, 25.1275943], [55.1541423, 25.1276608], [55.1541911, 25.1276355], [55.1542568, 25.1276015], [55.1543354, 25.1277259], [55.1542757, 25.1277568], [55.1542295, 25.1277808], [55.1542741, 25.1278514], [55.1541177, 25.1285463], [55.1541697, 25.1285558], [55.154085, 25.128937], [55.1539344, 25.1289096], [55.1539246, 25.128954], [55.1538518, 25.1289407], [55.1538615, 25.1288973], [55.1537293, 25.1288732], [55.1538141, 25.1284917], [55.1537502, 25.1284801], [55.1537755, 25.1283662], [55.153849, 25.1283796], [55.1539465, 25.1279409]]]}}, {"type": "Feature", "properties": {"status": "existing", "bHeight": 12.0, "name": "15", "levels": ""}, "geometry": {"type": "Polygon", "coordinates": [[[55.1530175, 25.1284648], [55.1531613, 25.1284662], [55.1531627, 25.1283563], [55.1530189, 25.1283548], [55.1530175, 25.1284648]]]}}, {"type": "Feature", "properties": {"status": "existing", "bHeight": 12.0, "name": "", "levels": ""}, "geometry": {"type": "Polygon", "coordinates": [[[55.1526745, 25.1299076], [55.1529317, 25.1299321], [55.1529456, 25.1298123], [55.1526884, 25.1297878], [55.1526745, 25.1299076]]]}}, {"type": "Feature", "properties": {"status": "existing", "bHeight": 12.0, "name": "1", "levels": ""}, "geometry": {"type": "Polygon", "coordinates": [[[55.1532282, 25.1292521], [55.1531999, 25.1291577], [55.1534355, 25.1290998], [55.1534638, 25.1291942], [55.1532282, 25.1292521]]]}}, {"type": "Feature", "properties": {"status": "existing", "bHeight": 12.0, "name": "38", "levels": ""}, "geometry": {"type": "Polygon", "coordinates": [[[55.152589, 25.1277911], [55.1527082, 25.1277931], [55.1527104, 25.1276857], [55.1525913, 25.1276836], [55.152589, 25.1277911]]]}}, {"type": "Feature", "properties": {"status": "existing", "bHeight": 12.0, "name": "2", "levels": ""}, "geometry": {"type": "Polygon", "coordinates": [[[55.153385, 25.1290249], [55.1535097, 25.1290571], [55.1535707, 25.1288632], [55.1534461, 25.128831], [55.153385, 25.1290249]]]}}, {"type": "Feature", "properties": {"status": "existing", "bHeight": 12.0, "name": "66", "levels": ""}, "geometry": {"type": "Polygon", "coordinates": [[[55.1507991, 25.130459], [55.1508639, 25.1305063], [55.1508977, 25.130531], [55.1509127, 25.1305142], [55.1509792, 25.1304394], [55.1508805, 25.1303675], [55.1507991, 25.130459]]]}}, {"type": "Feature", "properties": {"status": "existing", "bHeight": 12.0, "name": "13", "levels": ""}, "geometry": {"type": "Polygon", "coordinates": [[[55.1527835, 25.128767], [55.1529155, 25.1288567], [55.1529866, 25.1287707], [55.1528547, 25.1286811], [55.1527835, 25.128767]]]}}, {"type": "Feature", "properties": {"status": "existing", "bHeight": 12.0, "name": "20", "levels": ""}, "geometry": {"type": "Polygon", "coordinates": [[[55.1533542, 25.127614], [55.1534844, 25.1276002], [55.1534704, 25.1274927], [55.1533403, 25.1275066], [55.1533542, 25.127614]]]}}, {"type": "Feature", "properties": {"status": "existing", "bHeight": 12.0, "name": "73", "levels": ""}, "geometry": {"type": "Polygon", "coordinates": [[[55.1517219, 25.1273287], [55.1518302, 25.1273739], [55.1518547, 25.1273651], [55.1518946, 25.1272689], [55.1517685, 25.1272148], [55.1517219, 25.1273287]]]}}, {"type": "Feature", "properties": {"status": "existing", "bHeight": 12.0, "name": "34", "levels": ""}, "geometry": {"type": "Polygon", "coordinates": [[[55.1524015, 25.1283665], [55.1525242, 25.1284025], [55.1525564, 25.1283128], [55.1524337, 25.1282768], [55.1524015, 25.1283665]]]}}, {"type": "Feature", "properties": {"status": "existing", "bHeight": 12.0, "name": "58", "levels": ""}, "geometry": {"type": "Polygon", "coordinates": [[[55.151805, 25.1303663], [55.1519256, 25.1304104], [55.151967, 25.1303175], [55.1518464, 25.1302734], [55.151805, 25.1303663]]]}}, {"type": "Feature", "properties": {"status": "existing", "bHeight": 12.0, "name": "61", "levels": ""}, "geometry": {"type": "Polygon", "coordinates": [[[55.1509629, 25.1308674], [55.151089, 25.1308864], [55.1511075, 25.1307857], [55.1510681, 25.1307797], [55.1509814, 25.1307667], [55.1509629, 25.1308674]]]}}, {"type": "Feature", "properties": {"status": "existing", "bHeight": 12.0, "name": "49", "levels": ""}, "geometry": {"type": "Polygon", "coordinates": [[[55.1520383, 25.1306622], [55.1521901, 25.1305144], [55.1520914, 25.1304313], [55.1519396, 25.1305791], [55.1520383, 25.1306622]]]}}, {"type": "Feature", "properties": {"status": "existing", "bHeight": 12.0, "name": "3", "levels": ""}, "geometry": {"type": "Polygon", "coordinates": [[[55.1536228, 25.1287723], [55.1535927, 25.1285766], [55.1534563, 25.1285938], [55.1534865, 25.1287895], [55.1536228, 25.1287723]]]}}, {"type": "Feature", "properties": {"status": "existing", "bHeight": 12.0, "name": "48", "levels": ""}, "geometry": {"type": "Polygon", "coordinates": [[[55.1519411, 25.1308925], [55.1520704, 25.1308532], [55.1519961, 25.1306531], [55.1518668, 25.1306924], [55.1519411, 25.1308925]]]}}, {"type": "Feature", "properties": {"status": "existing", "bHeight": 12.0, "name": "67", "levels": ""}, "geometry": {"type": "Polygon", "coordinates": [[[55.1521506, 25.1273971], [55.1522573, 25.1274385], [55.1522761, 25.1274325], [55.1523046, 25.1273405], [55.1521963, 25.1272834], [55.1521506, 25.1273971]]]}}, {"type": "Feature", "properties": {"status": "existing", "bHeight": 12.0, "name": "63", "levels": ""}, "geometry": {"type": "Polygon", "coordinates": [[[55.1508249, 25.1308107], [55.1509455, 25.1308351], [55.1509718, 25.1307282], [55.1509406, 25.1307219], [55.1508512, 25.1307039], [55.1508249, 25.1308107]]]}}, {"type": "Feature", "properties": {"status": "existing", "bHeight": 12.0, "name": "62", "levels": ""}, "geometry": {"type": "Polygon", "coordinates": [[[55.1510691, 25.130572], [55.1511649, 25.1306437], [55.1511738, 25.1306339], [55.1511829, 25.1306239], [55.1512451, 25.1305557], [55.1511493, 25.130484], [55.1510691, 25.130572]]]}}, {"type": "Feature", "properties": {"status": "existing", "bHeight": 12.0, "name": "12", "levels": ""}, "geometry": {"type": "Polygon", "coordinates": [[[55.1526899, 25.1289578], [55.1528403, 25.1289863], [55.1528668, 25.1288713], [55.1527165, 25.1288429], [55.1526899, 25.1289578]]]}}, {"type": "Feature", "properties": {"status": "existing", "bHeight": 12.0, "name": "17", "levels": ""}, "geometry": {"type": "Polygon", "coordinates": [[[55.1531004, 25.128058], [55.1532464, 25.1281074], [55.1532897, 25.1280025], [55.1531436, 25.1279531], [55.1531004, 25.128058]]]}}, {"type": "Feature", "properties": {"status": "existing", "bHeight": 12.0, "name": "51", "levels": ""}, "geometry": {"type": "Polygon", "coordinates": [[[55.1521806, 25.1300782], [55.1523099, 25.1301256], [55.1523887, 25.1299495], [55.1522593, 25.1299021], [55.1521806, 25.1300782]]]}}, {"type": "Feature", "properties": {"status": "existing", "bHeight": 12.0, "name": "35", "levels": ""}, "geometry": {"type": "Polygon", "coordinates": [[[55.152445, 25.1282401], [55.1525688, 25.1282423], [55.1525711, 25.1281348], [55.1524473, 25.1281326], [55.152445, 25.1282401]]]}}, {"type": "Feature", "properties": {"status": "existing", "bHeight": 12.0, "name": "59", "levels": ""}, "geometry": {"type": "Polygon", "coordinates": [[[55.1510942, 25.1309155], [55.1512112, 25.1309332], [55.1512273, 25.1308457], [55.1512314, 25.1308233], [55.1511145, 25.1308056], [55.1510942, 25.1309155]]]}}, {"type": "Feature", "properties": {"status": "existing", "bHeight": 12.0, "name": "6", "levels": ""}, "geometry": {"type": "Polygon", "coordinates": [[[55.1531944, 25.1283149], [55.1533276, 25.1283608], [55.1534089, 25.1281675], [55.1532757, 25.1281216], [55.1531944, 25.1283149]]]}}, {"type": "Feature", "properties": {"status": "existing", "bHeight": 12.0, "name": "60", "levels": ""}, "geometry": {"type": "Polygon", "coordinates": [[[55.1511994, 25.1306161], [55.1512912, 25.1306836], [55.1513019, 25.1306715], [55.1513703, 25.1305953], [55.1512785, 25.1305279], [55.1511994, 25.1306161]]]}}, {"type": "Feature", "properties": {"status": "existing", "bHeight": 12.0, "name": "57", "levels": ""}, "geometry": {"type": "Polygon", "coordinates": [[[55.1517373, 25.1305228], [55.151869, 25.1305531], [55.1518976, 25.1304512], [55.151766, 25.1304209], [55.1517373, 25.1305228]]]}}, {"type": "Feature", "properties": {"status": "existing", "bHeight": 12.0, "name": "70", "levels": ""}, "geometry": {"type": "Polygon", "coordinates": [[[55.151976, 25.1276838], [55.1521108, 25.1276753], [55.1521113, 25.1275773], [55.1520733, 25.1275581], [55.151972, 25.1275642], [55.151976, 25.1276838]]]}}, {"type": "Feature", "properties": {"status": "existing", "bHeight": 12.0, "name": "23", "levels": ""}, "geometry": {"type": "Polygon", "coordinates": [[[55.1529024, 25.1275849], [55.1529582, 25.1274889], [55.152837, 25.1274311], [55.1527811, 25.1275272], [55.1529024, 25.1275849]]]}}, {"type": "Feature", "properties": {"status": "existing", "bHeight": 12.0, "name": "55", "levels": ""}, "geometry": {"type": "Polygon", "coordinates": [[[55.1516278, 25.1307963], [55.1517651, 25.1308271], [55.1517937, 25.1307225], [55.1516564, 25.1306917], [55.1516278, 25.1307963]]]}}, {"type": "Feature", "properties": {"status": "existing", "bHeight": 12.0, "name": "31", "levels": ""}, "geometry": {"type": "Polygon", "coordinates": [[[55.1523476, 25.1287515], [55.1524468, 25.128803], [55.1525008, 25.1287178], [55.1524016, 25.1286662], [55.1523476, 25.1287515]]]}}, {"type": "Feature", "properties": {"status": "existing", "bHeight": 12.0, "name": "14", "levels": ""}, "geometry": {"type": "Polygon", "coordinates": [[[55.1530334, 25.1286754], [55.1531145, 25.1285945], [55.1530084, 25.1285073], [55.1529273, 25.1285882], [55.1530334, 25.1286754]]]}}, {"type": "Feature", "properties": {"status": "existing", "bHeight": 12.0, "name": "75", "levels": ""}, "geometry": {"type": "Polygon", "coordinates": [[[55.1515871, 25.1274048], [55.151681, 25.1273699], [55.1516954, 25.1273408], [55.1516361, 25.127247], [55.1515184, 25.1273041], [55.1515871, 25.1274048]]]}}, {"type": "Feature", "properties": {"status": "existing", "bHeight": 12.0, "name": "27", "levels": ""}, "geometry": {"type": "Polygon", "coordinates": [[[55.1528291, 25.1282602], [55.1528095, 25.1281566], [55.152662, 25.1281794], [55.1526815, 25.128283], [55.1528291, 25.1282602]]]}}, {"type": "Feature", "properties": {"status": "existing", "bHeight": 12.0, "name": "9", "levels": ""}, "geometry": {"type": "Polygon", "coordinates": [[[55.1528433, 25.1291927], [55.1529642, 25.1291822], [55.1529998, 25.1289766], [55.1528778, 25.1289291], [55.1528433, 25.1291927]]]}}, {"type": "Feature", "properties": {"status": "existing", "bHeight": 12.0, "name": "64", "levels": ""}, "geometry": {"type": "Polygon", "coordinates": [[[55.1509418, 25.1305189], [55.1510271, 25.1305695], [55.1510389, 25.1305765], [55.1510509, 25.1305836], [55.1511168, 25.1304926], [55.1510077, 25.1304279], [55.1509418, 25.1305189]]]}}, {"type": "Feature", "properties": {"status": "existing", "bHeight": 12.0, "name": "19", "levels": ""}, "geometry": {"type": "Polygon", "coordinates": [[[55.1533142, 25.127804], [55.1534295, 25.127868], [55.15349, 25.1277769], [55.1533785, 25.127708], [55.1533142, 25.127804]]]}}, {"type": "Feature", "properties": {"status": "existing", "bHeight": 12.0, "name": "33", "levels": ""}, "geometry": {"type": "Polygon", "coordinates": [[[55.152395, 25.1285195], [55.1525138, 25.1285399], [55.1525335, 25.1284459], [55.1524148, 25.1284254], [55.152395, 25.1285195]]]}}, {"type": "Feature", "properties": {"status": "existing", "bHeight": 12.0, "name": "28", "levels": ""}, "geometry": {"type": "Polygon", "coordinates": [[[55.1527078, 25.128488], [55.1527734, 25.1284059], [55.1526594, 25.1283312], [55.1525938, 25.1284133], [55.1527078, 25.128488]]]}}, {"type": "Feature", "properties": {"status": "existing", "bHeight": 12.0, "name": "76", "levels": ""}, "geometry": {"type": "Polygon", "coordinates": [[[55.1514892, 25.1274835], [55.1515737, 25.1275721], [55.1516636, 25.1275074], [55.1516595, 25.1274786], [55.1515848, 25.1274083], [55.1514892, 25.1274835]]]}}, {"type": "Feature", "properties": {"status": "existing", "bHeight": 12.0, "name": "50", "levels": ""}, "geometry": {"type": "Polygon", "coordinates": [[[55.1521239, 25.130363], [55.152262, 25.1304014], [55.1523225, 25.1302231], [55.1521844, 25.1301847], [55.1521239, 25.130363]]]}}, {"type": "Feature", "properties": {"status": "existing", "bHeight": 12.0, "name": "69", "levels": ""}, "geometry": {"type": "Polygon", "coordinates": [[[55.1520042, 25.1273742], [55.1521182, 25.1274191], [55.15214, 25.1274118], [55.1521765, 25.1273107], [55.1520565, 25.1272561], [55.1520042, 25.1273742]]]}}, {"type": "Feature", "properties": {"status": "existing", "bHeight": 12.0, "name": "4", "levels": ""}, "geometry": {"type": "Polygon", "coordinates": [[[55.1536976, 25.1283169], [55.1535895, 25.12826], [55.1534803, 25.12843], [55.1535884, 25.1284869], [55.1536976, 25.1283169]]]}}, {"type": "Feature", "properties": {"status": "existing", "bHeight": 12.0, "name": "7", "levels": ""}, "geometry": {"type": "Polygon", "coordinates": [[[55.1531597, 25.1286714], [55.1532951, 25.1286838], [55.1533207, 25.1284542], [55.1531854, 25.1284418], [55.1531597, 25.1286714]]]}}, {"type": "Feature", "properties": {"status": "existing", "bHeight": 12.0, "name": "56", "levels": ""}, "geometry": {"type": "Polygon", "coordinates": [[[55.1516791, 25.1306381], [55.1517935, 25.1306845], [55.1518409, 25.1305889], [55.1517264, 25.1305425], [55.1516791, 25.1306381]]]}}, {"type": "Feature", "properties": {"status": "existing", "bHeight": 12.0, "name": "68", "levels": ""}, "geometry": {"type": "Polygon", "coordinates": [[[55.1521209, 25.1277032], [55.1522456, 25.1277008], [55.1522496, 25.1276043], [55.1522248, 25.1275785], [55.1521149, 25.1275855], [55.1521209, 25.1277032]]]}}, {"type": "Feature", "properties": {"status": "existing", "bHeight": 12.0, "name": "16", "levels": ""}, "geometry": {"type": "Polygon", "coordinates": [[[55.1530209, 25.1281851], [55.1531477, 25.1282567], [55.1532077, 25.1281695], [55.1530809, 25.1280979], [55.1530209, 25.1281851]]]}}, {"type": "Feature", "properties": {"status": "existing", "bHeight": 12.0, "name": "32", "levels": ""}, "geometry": {"type": "Polygon", "coordinates": [[[55.1523401, 25.12863], [55.1524832, 25.1286593], [55.1525051, 25.1285715], [55.1523621, 25.1285422], [55.1523401, 25.12863]]]}}, {"type": "Feature", "properties": {"status": "existing", "bHeight": 12.0, "name": "29", "levels": ""}, "geometry": {"type": "Polygon", "coordinates": [[[55.1527064, 25.1286423], [55.1527148, 25.1285311], [55.1525672, 25.128522], [55.1525588, 25.1286332], [55.1527064, 25.1286423]]]}}, {"type": "Feature", "properties": {"status": "existing", "bHeight": 12.0, "name": "65", "levels": ""}, "geometry": {"type": "Polygon", "coordinates": [[[55.1506997, 25.1307599], [55.1508204, 25.1307805], [55.1508464, 25.1306763], [55.1508217, 25.1306665], [55.1507811, 25.1306594], [55.1507093, 25.1306524], [55.1506997, 25.1307599]]]}}, {"type": "Feature", "properties": {"status": "existing", "bHeight": 12.0, "name": "37", "levels": ""}, "geometry": {"type": "Polygon", "coordinates": [[[55.1525667, 25.1279275], [55.1526993, 25.1279305], [55.1527092, 25.1278378], [55.1525687, 25.1278353], [55.1525667, 25.1279275]]]}}, {"type": "Feature", "properties": {"status": "existing", "bHeight": 12.0, "name": "26", "levels": ""}, "geometry": {"type": "Polygon", "coordinates": [[[55.1528426, 25.1280908], [55.1528566, 25.1279884], [55.152727, 25.1279739], [55.152713, 25.1280763], [55.1528426, 25.1280908]]]}}, {"type": "Feature", "properties": {"status": "existing", "bHeight": 12.0, "name": "8", "levels": ""}, "geometry": {"type": "Polygon", "coordinates": [[[55.1529167, 25.1288753], [55.153018, 25.1289548], [55.1531931, 25.1287721], [55.1530918, 25.1286925], [55.1529167, 25.1288753]]]}}, {"type": "Feature", "properties": {"status": "existing", "bHeight": 12.0, "name": "74", "levels": ""}, "geometry": {"type": "Polygon", "coordinates": [[[55.1516931, 25.1276425], [55.1518258, 25.1276322], [55.1518212, 25.1275399], [55.1517957, 25.1275156], [55.1516857, 25.1275235], [55.1516931, 25.1276425]]]}}, {"type": "Feature", "properties": {"status": "existing", "bHeight": 12.0, "name": "10", "levels": ""}, "geometry": {"type": "Polygon", "coordinates": [[[55.1526034, 25.1291374], [55.1527377, 25.1292155], [55.1528005, 25.129127], [55.1526662, 25.1290489], [55.1526034, 25.1291374]]]}}, {"type": "Feature", "properties": {"status": "existing", "bHeight": 12.0, "name": "71", "levels": ""}, "geometry": {"type": "Polygon", "coordinates": [[[55.1518637, 25.127352], [55.1519744, 25.1273973], [55.1519955, 25.1273888], [55.1520317, 25.1272904], [55.1519144, 25.1272339], [55.1518637, 25.127352]]]}}, {"type": "Feature", "properties": {"status": "existing", "bHeight": 12.0, "name": "18", "levels": ""}, "geometry": {"type": "Polygon", "coordinates": [[[55.1532107, 25.1278919], [55.1533228, 25.1279736], [55.1534037, 25.1278827], [55.1532916, 25.1278009], [55.1532107, 25.1278919]]]}}, {"type": "Feature", "properties": {"status": "existing", "bHeight": 12.0, "name": "72", "levels": ""}, "geometry": {"type": "Polygon", "coordinates": [[[55.1518346, 25.1276638], [55.151968, 25.1276571], [55.1519672, 25.1275527], [55.1519311, 25.1275375], [55.1518279, 25.1275442], [55.1518346, 25.1276638]]]}}, {"type": "Feature", "properties": {"status": "existing", "bHeight": 12.0, "name": "52", "levels": ""}, "geometry": {"type": "Polygon", "coordinates": [[[55.1524322, 25.1299402], [55.1526381, 25.1298696], [55.1525966, 25.1297704], [55.1523907, 25.129841], [55.1524322, 25.1299402]]]}}, {"type": "Feature", "properties": {"status": "existing", "bHeight": 12.0, "name": "36", "levels": ""}, "geometry": {"type": "Polygon", "coordinates": [[[55.1524684, 25.1280881], [55.152593, 25.1281247], [55.1526242, 25.1280376], [55.1524996, 25.128001], [55.1524684, 25.1280881]]]}}, {"type": "Feature", "properties": {"status": "existing", "bHeight": 12.0, "name": "5", "levels": ""}, "geometry": {"type": "Polygon", "coordinates": [[[55.1536946, 25.1279958], [55.1536332, 25.1278624], [55.1533802, 25.127958], [55.1534416, 25.1280913], [55.1536946, 25.1279958]]]}}, {"type": "Feature", "properties": {"status": "existing", "bHeight": 12.0, "name": "22", "levels": ""}, "geometry": {"type": "Polygon", "coordinates": [[[55.1530348, 25.1274458], [55.1531423, 25.1274218], [55.1531233, 25.1273592], [55.1530158, 25.1273832], [55.1530348, 25.1274458]]]}}, {"type": "Feature", "properties": {"status": "existing", "bHeight": 31.8, "name": "Rixos The Palm Dubai", "levels": "9", "height_source": "osm_geom", "height_basis": "osm levels 9 · 100% of this footprint"}, "geometry": {"type": "Polygon", "coordinates": [[[55.1542105, 25.1228031], [55.1545184, 25.1227298], [55.1543487, 25.1224081], [55.1543151, 25.1224242], [55.1542145, 25.1222794], [55.1542312, 25.1222625], [55.1541335, 25.1221588], [55.1539924, 25.1220498], [55.1539134, 25.1219989], [55.1538631, 25.1220552], [55.1538868, 25.1220659], [55.1538226, 25.12214], [55.1536764, 25.1220398], [55.1535521, 25.1219804], [55.1535354, 25.1219981], [55.1534098, 25.1219576], [55.1534167, 25.1219336], [55.1533148, 25.1218995], [55.1533009, 25.1219147], [55.1531725, 25.1218818], [55.1531781, 25.1218666], [55.1530678, 25.1218464], [55.1530566, 25.1219222], [55.153079, 25.1219324], [55.153079, 25.1219766], [55.1530315, 25.1219778], [55.1530217, 25.1220726], [55.1529952, 25.1220726], [55.152984, 25.1221485], [55.153051, 25.1221522], [55.1531097, 25.1221535], [55.1531599, 25.1221661], [55.1532744, 25.1221952], [55.1532939, 25.1221813], [55.1534321, 25.1222369], [55.1534251, 25.1222559], [55.153541, 25.1223077], [55.153587, 25.1223304], [55.1536484, 25.1223772], [55.1537112, 25.1224265], [55.1537657, 25.1223696], [55.1537531, 25.1223608], [55.1538048, 25.1223026], [55.1539737, 25.122453], [55.1539946, 25.1224379], [55.1540393, 25.1224922], [55.154063, 25.1225263], [55.1540769, 25.1225541], [55.1540602, 25.1225617], [55.1542105, 25.1228031]]]}}, {"type": "Feature", "properties": {"status": "existing", "bHeight": 12.0, "name": "24", "levels": ""}, "geometry": {"type": "Polygon", "coordinates": [[[55.1528982, 25.127741], [55.1529093, 25.127645], [55.1527773, 25.1276332], [55.1527661, 25.1277292], [55.1528716, 25.1277385], [55.1528982, 25.127741]]]}}, {"type": "Feature", "properties": {"status": "existing", "bHeight": 12.0, "name": "21", "levels": ""}, "geometry": {"type": "Polygon", "coordinates": [[[55.1532009, 25.1274496], [55.1533098, 25.127485], [55.1533196, 25.127472], [55.1533403, 25.1274119], [55.1532315, 25.1273765], [55.153203, 25.1274322], [55.1532009, 25.1274496]]]}}, {"type": "Feature", "properties": {"status": "existing", "bHeight": 12.0, "name": "25", "levels": ""}, "geometry": {"type": "Polygon", "coordinates": [[[55.1528724, 25.1279309], [55.1529129, 25.1278323], [55.1528813, 25.1278217], [55.152783, 25.1277886], [55.1527425, 25.1278871], [55.1528285, 25.1279161], [55.1528724, 25.1279309]]]}}, {"type": "Feature", "properties": {"status": "existing", "bHeight": 12.0, "name": "39", "levels": ""}, "geometry": {"type": "Polygon", "coordinates": [[[55.1525694, 25.1274922], [55.1525799, 25.1274178], [55.1526447, 25.1274253], [55.1526591, 25.1273233], [55.1526006, 25.1273165], [55.1526077, 25.1272659], [55.1527567, 25.1272831], [55.1527248, 25.1275101], [55.1525694, 25.1274922]]]}}, {"type": "Feature", "properties": {"status": "existing", "bHeight": 12.0, "name": "30", "levels": ""}, "geometry": {"type": "Polygon", "coordinates": [[[55.1522793, 25.1290272], [55.1524298, 25.1290534], [55.1524782, 25.1288255], [55.152334, 25.1288004], [55.1523217, 25.1288582], [55.1523818, 25.1288686], [55.1523606, 25.1289684], [55.1522942, 25.1289569], [55.1522793, 25.1290272]]]}}, {"type": "Feature", "properties": {"status": "existing", "bHeight": 12.0, "name": "", "levels": ""}, "geometry": {"type": "Polygon", "coordinates": [[[55.1530251, 25.1292583], [55.1530093, 25.1292351], [55.1530112, 25.1291788], [55.1530389, 25.1291564], [55.153103, 25.1291591], [55.1531257, 25.1291823], [55.1531247, 25.1292431], [55.1530981, 25.1292592], [55.1530251, 25.1292583]]]}}, {"type": "Feature", "properties": {"status": "existing", "bHeight": 12.0, "name": "", "levels": ""}, "geometry": {"type": "Polygon", "coordinates": [[[55.1556931, 25.1150652], [55.155576, 25.1150679], [55.1555734, 25.1149763], [55.1556892, 25.1149736], [55.1556895, 25.1149835], [55.1557127, 25.114983], [55.1557119, 25.1149568], [55.1558011, 25.1149547], [55.1558046, 25.115081], [55.1557156, 25.115083], [55.1557148, 25.115055], [55.1556928, 25.1150555], [55.1556931, 25.1150652]]]}}, {"type": "Feature", "properties": {"status": "existing", "bHeight": 12.0, "name": "", "levels": ""}, "geometry": {"type": "Polygon", "coordinates": [[[55.1535113, 25.1131255], [55.1533932, 25.1131975], [55.1532919, 25.1130613], [55.1533122, 25.1130489], [55.1532026, 25.1129016], [55.1531867, 25.1129113], [55.1531438, 25.1128535], [55.1533289, 25.1127406], [55.153363, 25.1127864], [55.1533994, 25.1127643], [55.1535287, 25.1129382], [55.1535, 25.1129558], [55.1536229, 25.1131417], [55.1535538, 25.1131873], [55.1535113, 25.1131255]]]}}, {"type": "Feature", "properties": {"status": "existing", "bHeight": 12.0, "name": "", "levels": ""}, "geometry": {"type": "Polygon", "coordinates": [[[55.1590894, 25.1164369], [55.1590721, 25.1163586], [55.1591902, 25.1163328], [55.1591739, 25.1162553], [55.1590843, 25.116224], [55.1591179, 25.1161162], [55.159298, 25.1161623], [55.1593306, 25.116354], [55.1594538, 25.1163392], [55.1594568, 25.1164129], [55.1592624, 25.116448], [55.1592533, 25.116377], [55.159239, 25.1163788], [55.1592441, 25.1164056], [55.1590894, 25.1164369]]]}}, {"type": "Feature", "properties": {"status": "existing", "bHeight": 12.0, "name": "", "levels": ""}, "geometry": {"type": "Polygon", "coordinates": [[[55.1588515, 25.1164949], [55.1588293, 25.116299], [55.1589081, 25.1162917], [55.1589303, 25.1164876], [55.1588515, 25.1164949]]]}}, {"type": "Feature", "properties": {"status": "existing", "bHeight": 12.0, "name": "", "levels": ""}, "geometry": {"type": "Polygon", "coordinates": [[[55.1353476, 25.1170451], [55.1354978, 25.1171787], [55.1358951, 25.1174086], [55.1360772, 25.1171382], [55.1356551, 25.1167559], [55.1353476, 25.1170451]]]}}, {"type": "Feature", "properties": {"status": "existing", "bHeight": 12.0, "name": "", "levels": ""}, "geometry": {"type": "Polygon", "coordinates": [[[55.1366498, 25.1183653], [55.1367807, 25.1184288], [55.1368756, 25.1182684], [55.1367447, 25.118205], [55.1366498, 25.1183653]]]}}, {"type": "Feature", "properties": {"status": "existing", "bHeight": 12.0, "name": "", "levels": ""}, "geometry": {"type": "Polygon", "coordinates": [[[55.1279427, 25.1195263], [55.1280926, 25.1195906], [55.127998, 25.1197712], [55.1278481, 25.1197069], [55.1279427, 25.1195263]]]}}, {"type": "Feature", "properties": {"status": "existing", "bHeight": 12.0, "name": "", "levels": ""}, "geometry": {"type": "Polygon", "coordinates": [[[55.1237331, 25.1165459], [55.1236193, 25.1164644], [55.1234956, 25.1166059], [55.1236094, 25.1166874], [55.1237331, 25.1165459]]]}}, {"type": "Feature", "properties": {"status": "existing", "bHeight": 12.0, "name": "", "levels": ""}, "geometry": {"type": "Polygon", "coordinates": [[[55.1273348, 25.1194741], [55.1274405, 25.1192931], [55.1272944, 25.1192232], [55.1271887, 25.1194042], [55.1273348, 25.1194741]]]}}, {"type": "Feature", "properties": {"status": "existing", "bHeight": 12.0, "name": "", "levels": ""}, "geometry": {"type": "Polygon", "coordinates": [[[55.128103, 25.1192502], [55.1282029, 25.119084], [55.1280724, 25.1190197], [55.1279725, 25.1191859], [55.128103, 25.1192502]]]}}, {"type": "Feature", "properties": {"status": "existing", "bHeight": 12.0, "name": "", "levels": ""}, "geometry": {"type": "Polygon", "coordinates": [[[55.1274696, 25.119542], [55.1275928, 25.1193326], [55.1274714, 25.1192741], [55.1273872, 25.1194172], [55.1273952, 25.119421], [55.1273563, 25.1194872], [55.1274696, 25.119542]]]}}, {"type": "Feature", "properties": {"status": "existing", "bHeight": 12.0, "name": "", "levels": ""}, "geometry": {"type": "Polygon", "coordinates": [[[55.1207074, 25.1148983], [55.1208942, 25.1147415], [55.1207851, 25.114635], [55.1205983, 25.1147918], [55.1207074, 25.1148983]]]}}, {"type": "Feature", "properties": {"status": "existing", "bHeight": 12.0, "name": "", "levels": ""}, "geometry": {"type": "Polygon", "coordinates": [[[55.1257417, 25.1181214], [55.1258631, 25.1179521], [55.1256082, 25.1178022], [55.1254868, 25.1179716], [55.1255605, 25.1180149], [55.1255835, 25.1179828], [55.1255929, 25.1179884], [55.1256142, 25.1179587], [55.125672, 25.1179927], [55.12565, 25.1180234], [55.1256913, 25.1180476], [55.125669, 25.1180787], [55.1257417, 25.1181214]]]}}, {"type": "Feature", "properties": {"status": "existing", "bHeight": 12.0, "name": "", "levels": ""}, "geometry": {"type": "Polygon", "coordinates": [[[55.1252169, 25.1183255], [55.125284, 25.1182318], [55.1252981, 25.1182401], [55.125345, 25.1181742], [55.1252131, 25.118097], [55.1250845, 25.1182771], [55.1252023, 25.118346], [55.1252169, 25.1183255]]]}}, {"type": "Feature", "properties": {"status": "existing", "bHeight": 12.0, "name": "", "levels": ""}, "geometry": {"type": "Polygon", "coordinates": [[[55.1224312, 25.1164027], [55.122573, 25.1162643], [55.1224592, 25.1161688], [55.1223051, 25.1163191], [55.1223664, 25.1163707], [55.1223788, 25.1163587], [55.1224312, 25.1164027]]]}}, {"type": "Feature", "properties": {"status": "existing", "bHeight": 12.0, "name": "", "levels": ""}, "geometry": {"type": "Polygon", "coordinates": [[[55.1185687, 25.1124465], [55.1187399, 25.112338], [55.1186545, 25.1122275], [55.1184832, 25.112336], [55.1185687, 25.1124465]]]}}, {"type": "Feature", "properties": {"status": "existing", "bHeight": 12.0, "name": "", "levels": ""}, "geometry": {"type": "Polygon", "coordinates": [[[55.1246616, 25.1179323], [55.1246638, 25.117891], [55.1247644, 25.1178788], [55.1247627, 25.1177578], [55.1246517, 25.1177617], [55.1246604, 25.1177453], [55.1246215, 25.1177222], [55.1245947, 25.117735], [55.1244878, 25.1177469], [55.1244881, 25.117775], [55.124413, 25.1177847], [55.1243988, 25.1178054], [55.1243915, 25.1178285], [55.1243969, 25.117854], [55.1244278, 25.1178758], [55.1245196, 25.1178703], [55.1245317, 25.1179529], [55.1245471, 25.1179663], [55.1245625, 25.117976], [55.1246034, 25.1179766], [55.1246376, 25.117959], [55.1246616, 25.1179323]]]}}, {"type": "Feature", "properties": {"status": "existing", "bHeight": 12.0, "name": "", "levels": ""}, "geometry": {"type": "Polygon", "coordinates": [[[55.1277716, 25.1191212], [55.1278728, 25.1189481], [55.1277398, 25.1188844], [55.1276386, 25.1190574], [55.1277716, 25.1191212]]]}}, {"type": "Feature", "properties": {"status": "existing", "bHeight": 12.0, "name": "", "levels": ""}, "geometry": {"type": "Polygon", "coordinates": [[[55.122904, 25.1159072], [55.1228338, 25.1158539], [55.1228475, 25.1158392], [55.1228136, 25.1158134], [55.1226607, 25.1159783], [55.1227258, 25.1160279], [55.1227416, 25.1160108], [55.1227818, 25.1160434], [55.122904, 25.1159072]]]}}, {"type": "Feature", "properties": {"status": "existing", "bHeight": 12.0, "name": "", "levels": ""}, "geometry": {"type": "Polygon", "coordinates": [[[55.1209547, 25.115127], [55.1211144, 25.1149956], [55.1210259, 25.1149075], [55.1208662, 25.1150389], [55.1209547, 25.115127]]]}}, {"type": "Feature", "properties": {"status": "existing", "bHeight": 12.0, "name": "", "levels": ""}, "geometry": {"type": "Polygon", "coordinates": [[[55.1247455, 25.1180544], [55.1248174, 25.1179482], [55.124747, 25.1179091], [55.1246749, 25.1180152], [55.1247455, 25.1180544]]]}}, {"type": "Feature", "properties": {"status": "existing", "bHeight": 12.0, "name": "", "levels": ""}, "geometry": {"type": "Polygon", "coordinates": [[[55.1276043, 25.1190461], [55.1277079, 25.1188668], [55.1275688, 25.1188009], [55.1274652, 25.1189802], [55.1276043, 25.1190461]]]}}, {"type": "Feature", "properties": {"status": "existing", "bHeight": 12.0, "name": "", "levels": ""}, "geometry": {"type": "Polygon", "coordinates": [[[55.1227306, 25.1166667], [55.1228619, 25.116533], [55.1227509, 25.1164436], [55.1226196, 25.1165773], [55.1227306, 25.1166667]]]}}, {"type": "Feature", "properties": {"status": "existing", "bHeight": 12.0, "name": "", "levels": ""}, "geometry": {"type": "Polygon", "coordinates": [[[55.1276371, 25.1196239], [55.1277701, 25.1194213], [55.127634, 25.1193481], [55.1275463, 25.1194816], [55.127565, 25.1194916], [55.1275197, 25.1195607], [55.1276371, 25.1196239]]]}}, {"type": "Feature", "properties": {"status": "existing", "bHeight": 12.0, "name": "", "levels": ""}, "geometry": {"type": "Polygon", "coordinates": [[[55.1263879, 25.1184781], [55.1265069, 25.1182912], [55.1262369, 25.1181503], [55.1261179, 25.1183372], [55.1263879, 25.1184781]]]}}, {"type": "Feature", "properties": {"status": "existing", "bHeight": 12.0, "name": "", "levels": ""}, "geometry": {"type": "Polygon", "coordinates": [[[55.1187811, 25.1127311], [55.1189718, 25.1126165], [55.1188822, 25.1124943], [55.1186916, 25.1126089], [55.1187811, 25.1127311]]]}}, {"type": "Feature", "properties": {"status": "existing", "bHeight": 12.0, "name": "", "levels": ""}, "geometry": {"type": "Polygon", "coordinates": [[[55.1226051, 25.1156401], [55.1225039, 25.1155563], [55.1224542, 25.1156055], [55.1224383, 25.1155923], [55.1223562, 25.1156735], [55.1224733, 25.1157705], [55.1226051, 25.1156401]]]}}, {"type": "Feature", "properties": {"status": "existing", "bHeight": 12.0, "name": "", "levels": ""}, "geometry": {"type": "Polygon", "coordinates": [[[55.1189279, 25.111694], [55.1188061, 25.111535], [55.118787, 25.111547], [55.1187428, 25.1114893], [55.1186097, 25.111573], [55.1186575, 25.1116354], [55.1186467, 25.1116422], [55.1186726, 25.111676], [55.1186628, 25.1116822], [55.1186991, 25.1117295], [55.1186594, 25.1117544], [55.1187153, 25.1118275], [55.1189279, 25.111694]]]}}, {"type": "Feature", "properties": {"status": "existing", "bHeight": 12.0, "name": "", "levels": ""}, "geometry": {"type": "Polygon", "coordinates": [[[55.1228744, 25.1167732], [55.1229999, 25.116641], [55.122888, 25.1165538], [55.1227625, 25.1166861], [55.1228744, 25.1167732]]]}}, {"type": "Feature", "properties": {"status": "existing", "bHeight": 12.0, "name": "", "levels": ""}, "geometry": {"type": "Polygon", "coordinates": [[[55.1260448, 25.1182922], [55.1261643, 25.1181183], [55.1259186, 25.1179799], [55.1257987, 25.1181544], [55.1258778, 25.1181989], [55.1259079, 25.1181552], [55.1259962, 25.118205], [55.1259665, 25.1182481], [55.1260448, 25.1182922]]]}}, {"type": "Feature", "properties": {"status": "existing", "bHeight": 12.0, "name": "", "levels": ""}, "geometry": {"type": "Polygon", "coordinates": [[[55.1250587, 25.1182623], [55.1251836, 25.1180863], [55.1250516, 25.1180095], [55.1249267, 25.1181854], [55.1250587, 25.1182623]]]}}, {"type": "Feature", "properties": {"status": "existing", "bHeight": 12.0, "name": "", "levels": ""}, "geometry": {"type": "Polygon", "coordinates": [[[55.1272931, 25.1188804], [55.1273919, 25.1187159], [55.1272497, 25.1186459], [55.1271509, 25.1188104], [55.1272931, 25.1188804]]]}}, {"type": "Feature", "properties": {"status": "existing", "bHeight": 12.0, "name": "", "levels": ""}, "geometry": {"type": "Polygon", "coordinates": [[[55.1213394, 25.1154939], [55.1215094, 25.1153354], [55.1213981, 25.1152376], [55.1212317, 25.1153928], [55.1212539, 25.1154123], [55.1212396, 25.1154255], [55.1212946, 25.1154738], [55.1213053, 25.1154638], [55.1213394, 25.1154939]]]}}, {"type": "Feature", "properties": {"status": "existing", "bHeight": 12.0, "name": "", "levels": ""}, "geometry": {"type": "Polygon", "coordinates": [[[55.1284736, 25.1199777], [55.1285527, 25.1198152], [55.128532, 25.119807], [55.1285598, 25.1197498], [55.1284543, 25.1197077], [55.1283473, 25.1199273], [55.1284736, 25.1199777]]]}}, {"type": "Feature", "properties": {"status": "existing", "bHeight": 12.0, "name": "", "levels": ""}, "geometry": {"type": "Polygon", "coordinates": [[[55.1279402, 25.1191953], [55.1280382, 25.1190193], [55.12791, 25.1189608], [55.127812, 25.1191367], [55.1279402, 25.1191953]]]}}, {"type": "Feature", "properties": {"status": "existing", "bHeight": 12.0, "name": "", "levels": ""}, "geometry": {"type": "Polygon", "coordinates": [[[55.1231547, 25.1169794], [55.1232541, 25.1168765], [55.1232702, 25.1168893], [55.1233278, 25.1168296], [55.1232012, 25.1167294], [55.1230336, 25.1169029], [55.1230925, 25.1169495], [55.1231031, 25.1169385], [55.1231547, 25.1169794]]]}}, {"type": "Feature", "properties": {"status": "existing", "bHeight": 12.0, "name": "", "levels": ""}, "geometry": {"type": "Polygon", "coordinates": [[[55.1285918, 25.1199728], [55.1286167, 25.1199829], [55.1286059, 25.1200048], [55.128724, 25.1200527], [55.1287625, 25.1199748], [55.128883, 25.1200237], [55.1289211, 25.1199466], [55.1287944, 25.1198952], [55.1288153, 25.1198529], [55.1286587, 25.1197893], [55.1285888, 25.1199305], [55.1286087, 25.1199386], [55.1285918, 25.1199728]]]}}, {"type": "Feature", "properties": {"status": "existing", "bHeight": 12.0, "name": "", "levels": ""}, "geometry": {"type": "Polygon", "coordinates": [[[55.1208283, 25.1150213], [55.120978, 25.1148911], [55.120868, 25.1147875], [55.1207183, 25.1149177], [55.1208283, 25.1150213]]]}}, {"type": "Feature", "properties": {"status": "existing", "bHeight": 12.0, "name": "", "levels": ""}, "geometry": {"type": "Polygon", "coordinates": [[[55.1254487, 25.1178908], [55.1255694, 25.1177283], [55.1254589, 25.1176611], [55.125387, 25.1177579], [55.1253683, 25.1177466], [55.1253196, 25.1178121], [55.1254487, 25.1178908]]]}}, {"type": "Feature", "properties": {"status": "existing", "bHeight": 12.0, "name": "", "levels": ""}, "geometry": {"type": "Polygon", "coordinates": [[[55.1225667, 25.1165332], [55.1227346, 25.1163602], [55.1226079, 25.1162592], [55.12244, 25.1164323], [55.1225667, 25.1165332]]]}}, {"type": "Feature", "properties": {"status": "existing", "bHeight": 12.0, "name": "", "levels": ""}, "geometry": {"type": "Polygon", "coordinates": [[[55.118996, 25.112999], [55.1191906, 25.1128782], [55.1190988, 25.112757], [55.1189042, 25.1128778], [55.118996, 25.112999]]]}}, {"type": "Feature", "properties": {"status": "existing", "bHeight": 12.0, "name": "", "levels": ""}, "geometry": {"type": "Polygon", "coordinates": [[[55.1227494, 25.1157482], [55.1226395, 25.1156615], [55.1225552, 25.1157491], [55.1225381, 25.1157356], [55.1224848, 25.1157912], [55.1226119, 25.1158913], [55.1227494, 25.1157482]]]}}, {"type": "Feature", "properties": {"status": "existing", "bHeight": 12.0, "name": "", "levels": ""}, "geometry": {"type": "Polygon", "coordinates": [[[55.1190897, 25.111973], [55.1190278, 25.1119026], [55.1190969, 25.1118565], [55.1189848, 25.1117096], [55.1187403, 25.11186], [55.1188112, 25.111953], [55.1188568, 25.1119299], [55.1189031, 25.1119943], [55.1188789, 25.1120101], [55.1189262, 25.1120894], [55.1190801, 25.1120331], [55.1190897, 25.111973]]]}}, {"type": "Feature", "properties": {"status": "existing", "bHeight": 12.0, "name": "", "levels": ""}, "geometry": {"type": "Polygon", "coordinates": [[[55.1210726, 25.1152571], [55.1212263, 25.1151264], [55.1211198, 25.1150261], [55.1209716, 25.115161], [55.1210726, 25.1152571]]]}}, {"type": "Feature", "properties": {"status": "existing", "bHeight": 12.0, "name": "", "levels": ""}, "geometry": {"type": "Polygon", "coordinates": [[[55.1267491, 25.1186193], [55.1268525, 25.1184454], [55.1267382, 25.1183896], [55.1266824, 25.1184787], [55.12666, 25.1184678], [55.1266124, 25.1185527], [55.1267491, 25.1186193]]]}}, {"type": "Feature", "properties": {"status": "existing", "bHeight": 12.0, "name": "", "levels": ""}, "geometry": {"type": "Polygon", "coordinates": [[[55.1274414, 25.1189567], [55.1275447, 25.1187942], [55.1274234, 25.1187309], [55.12732, 25.1188934], [55.1274414, 25.1189567]]]}}, {"type": "Feature", "properties": {"status": "existing", "bHeight": 12.0, "name": "", "levels": ""}, "geometry": {"type": "Polygon", "coordinates": [[[55.125377, 25.1184403], [55.1255094, 25.1182589], [55.1253646, 25.1181722], [55.1252322, 25.1183537], [55.125377, 25.1184403]]]}}, {"type": "Feature", "properties": {"status": "existing", "bHeight": 12.0, "name": "", "levels": ""}, "geometry": {"type": "Polygon", "coordinates": [[[55.1212097, 25.1153755], [55.1213176, 25.1152764], [55.1213291, 25.1152863], [55.1214095, 25.1152075], [55.1212945, 25.1151086], [55.1211471, 25.1152489], [55.1211062, 25.1152864], [55.1211537, 25.1153273], [55.1211604, 25.115321], [55.1212164, 25.1153691], [55.1212097, 25.1153755]]]}}, {"type": "Feature", "properties": {"status": "existing", "bHeight": 12.0, "name": "", "levels": ""}, "geometry": {"type": "Polygon", "coordinates": [[[55.1278139, 25.1196899], [55.1278737, 25.1195797], [55.1278956, 25.1195895], [55.1279321, 25.1195223], [55.1277821, 25.1194555], [55.1276858, 25.119633], [55.1278139, 25.1196899]]]}}, {"type": "Feature", "properties": {"status": "existing", "bHeight": 12.0, "name": "", "levels": ""}, "geometry": {"type": "Polygon", "coordinates": [[[55.1266013, 25.1185333], [55.1267072, 25.1183648], [55.1265553, 25.1182866], [55.1264494, 25.1184551], [55.1266013, 25.1185333]]]}}, {"type": "Feature", "properties": {"status": "existing", "bHeight": 12.0, "name": "", "levels": ""}, "geometry": {"type": "Polygon", "coordinates": [[[55.1253019, 25.1177951], [55.1254234, 25.1176413], [55.1252977, 25.1175599], [55.1251906, 25.1176955], [55.1252246, 25.1177175], [55.1252101, 25.1177357], [55.1253019, 25.1177951]]]}}, {"type": "Feature", "properties": {"status": "existing", "bHeight": 12.0, "name": "", "levels": ""}, "geometry": {"type": "Polygon", "coordinates": [[[55.1192053, 25.1132667], [55.119306, 25.1132008], [55.1193195, 25.1132177], [55.1194083, 25.1131574], [55.1193261, 25.1130291], [55.1191232, 25.1131639], [55.1192053, 25.1132667]]]}}, {"type": "Feature", "properties": {"status": "existing", "bHeight": 12.0, "name": "", "levels": ""}, "geometry": {"type": "Polygon", "coordinates": [[[55.1186977, 25.1114273], [55.1185467, 25.1112172], [55.118354, 25.1113307], [55.1183948, 25.1113874], [55.1184301, 25.1113665], [55.1184439, 25.1113857], [55.1184783, 25.1113654], [55.1185167, 25.1114189], [55.1184814, 25.1114397], [55.1184978, 25.1114624], [55.1184669, 25.1114806], [55.1185087, 25.1115387], [55.1186977, 25.1114273]]]}}, {"type": "Feature", "properties": {"status": "existing", "bHeight": 12.0, "name": "", "levels": ""}, "geometry": {"type": "Polygon", "coordinates": [[[55.1230144, 25.1168794], [55.1231238, 25.1167473], [55.1231034, 25.1167338], [55.1231483, 25.1166796], [55.1230571, 25.1166173], [55.1229028, 25.1168036], [55.1230144, 25.1168794]]]}}, {"type": "Feature", "properties": {"status": "existing", "bHeight": 12.0, "name": "", "levels": ""}, "geometry": {"type": "Polygon", "coordinates": [[[55.1252611, 25.1175423], [55.1251455, 25.1174731], [55.1251176, 25.1175113], [55.1250972, 25.1174991], [55.1250111, 25.117617], [55.1250279, 25.1176271], [55.1250243, 25.117632], [55.1251433, 25.1177034], [55.1252611, 25.1175423]]]}}, {"type": "Feature", "properties": {"status": "existing", "bHeight": 12.0, "name": "", "levels": ""}, "geometry": {"type": "Polygon", "coordinates": [[[55.1193506, 25.1134386], [55.119567, 25.1132939], [55.1194808, 25.1131883], [55.1192644, 25.113333], [55.1193506, 25.1134386]]]}}, {"type": "Feature", "properties": {"status": "existing", "bHeight": 12.0, "name": "", "levels": ""}, "geometry": {"type": "Polygon", "coordinates": [[[55.1256799, 25.1186208], [55.1258101, 25.1184255], [55.1256748, 25.1183515], [55.1255446, 25.1185468], [55.1256799, 25.1186208]]]}}, {"type": "Feature", "properties": {"status": "existing", "bHeight": 12.0, "name": "", "levels": ""}, "geometry": {"type": "Polygon", "coordinates": [[[55.1185401, 25.1111421], [55.1184578, 25.1110093], [55.1182654, 25.111107], [55.1183477, 25.1112398], [55.1185401, 25.1111421]]]}}, {"type": "Feature", "properties": {"status": "existing", "bHeight": 12.0, "name": "", "levels": ""}, "geometry": {"type": "Polygon", "coordinates": [[[55.1214806, 25.1156119], [55.1216454, 25.1154698], [55.1215295, 25.1153664], [55.1213646, 25.1155224], [55.1214123, 25.115568], [55.121427, 25.1155589], [55.1214806, 25.1156119]]]}}, {"type": "Feature", "properties": {"status": "existing", "bHeight": 12.0, "name": "", "levels": ""}, "geometry": {"type": "Polygon", "coordinates": [[[55.1224723, 25.1155294], [55.1223651, 25.1154371], [55.1223002, 25.1154989], [55.1222883, 25.1154887], [55.1222061, 25.1155669], [55.1223253, 25.1156694], [55.1224723, 25.1155294]]]}}, {"type": "Feature", "properties": {"status": "existing", "bHeight": 12.0, "name": "", "levels": ""}, "geometry": {"type": "Polygon", "coordinates": [[[55.1188797, 25.1128711], [55.1190804, 25.1127505], [55.1189965, 25.112636], [55.1187958, 25.1127566], [55.1188797, 25.1128711]]]}}, {"type": "Feature", "properties": {"status": "existing", "bHeight": 12.0, "name": "", "levels": ""}, "geometry": {"type": "Polygon", "coordinates": [[[55.1232925, 25.1170992], [55.1234474, 25.1169478], [55.1233378, 25.1168559], [55.1231829, 25.1170074], [55.1232925, 25.1170992]]]}}, {"type": "Feature", "properties": {"status": "existing", "bHeight": 12.0, "name": "", "levels": ""}, "geometry": {"type": "Polygon", "coordinates": [[[55.1290343, 25.1201078], [55.1290759, 25.1201228], [55.1290607, 25.1201571], [55.129098, 25.1201706], [55.1290888, 25.1201915], [55.12915, 25.1202136], [55.129174, 25.1201591], [55.1291904, 25.120165], [55.1291866, 25.1201738], [55.1292404, 25.1201932], [55.129227, 25.1202237], [55.1292793, 25.1202426], [55.1292904, 25.1202175], [55.1293252, 25.1202301], [55.1293322, 25.1202142], [55.1293487, 25.1202201], [55.1294158, 25.1200678], [55.1293569, 25.1200465], [55.129338, 25.1200894], [55.1291423, 25.1200187], [55.1291612, 25.1199758], [55.129102, 25.1199544], [55.1290343, 25.1201078]]]}}, {"type": "Feature", "properties": {"status": "existing", "bHeight": 12.0, "name": "", "levels": ""}, "geometry": {"type": "Polygon", "coordinates": [[[55.1171853, 25.1105678], [55.1174044, 25.1104575], [55.1173609, 25.1103867], [55.1172787, 25.1104282], [55.1172386, 25.110363], [55.1173309, 25.1103165], [55.1172683, 25.1102145], [55.1170431, 25.110328], [55.1171072, 25.1104323], [55.1171223, 25.1104247], [55.1171574, 25.1104817], [55.1171383, 25.1104913], [55.1171853, 25.1105678]]]}}, {"type": "Feature", "properties": {"status": "existing", "bHeight": 12.0, "name": "", "levels": ""}, "geometry": {"type": "Polygon", "coordinates": [[[55.1270668, 25.1188237], [55.1271768, 25.1186348], [55.1269008, 25.118503], [55.1267908, 25.1186918], [55.1268732, 25.1187312], [55.1268981, 25.1186886], [55.1270034, 25.1187389], [55.1269785, 25.1187815], [55.1270668, 25.1188237]]]}}, {"type": "Feature", "properties": {"status": "existing", "bHeight": 12.0, "name": "", "levels": ""}, "geometry": {"type": "Polygon", "coordinates": [[[55.124896, 25.1173747], [55.1246304, 25.1172087], [55.1245103, 25.1173662], [55.124605, 25.1174254], [55.1246403, 25.1173792], [55.1247329, 25.1174371], [55.1246973, 25.1174839], [55.1247755, 25.1175328], [55.124896, 25.1173747]]]}}, {"type": "Feature", "properties": {"status": "existing", "bHeight": 12.0, "name": "", "levels": ""}, "geometry": {"type": "Polygon", "coordinates": [[[55.1173606, 25.1108568], [55.1175822, 25.1107386], [55.1175363, 25.110668], [55.1174556, 25.110711], [55.1173932, 25.1106151], [55.1174898, 25.1105636], [55.117438, 25.110484], [55.1172222, 25.1105991], [55.1172387, 25.1106244], [55.1172198, 25.1106345], [55.1172814, 25.1107292], [55.1172969, 25.110721], [55.1173286, 25.1107697], [55.1173103, 25.1107794], [55.1173606, 25.1108568]]]}}, {"type": "Feature", "properties": {"status": "existing", "bHeight": 12.0, "name": "", "levels": ""}, "geometry": {"type": "Polygon", "coordinates": [[[55.1261501, 25.1188865], [55.1262792, 25.1186992], [55.1261424, 25.118622], [55.1260133, 25.1188093], [55.1261501, 25.1188865]]]}}, {"type": "Feature", "properties": {"status": "existing", "bHeight": 12.0, "name": "", "levels": ""}, "geometry": {"type": "Polygon", "coordinates": [[[55.1191028, 25.1131351], [55.1192997, 25.1130157], [55.1192104, 25.1128954], [55.119017, 25.1130184], [55.1191028, 25.1131351]]]}}, {"type": "Feature", "properties": {"status": "existing", "bHeight": 12.0, "name": "", "levels": ""}, "geometry": {"type": "Polygon", "coordinates": [[[55.1293473, 25.1202385], [55.129397, 25.1202561], [55.129387, 25.1202791], [55.1294383, 25.1202973], [55.1294468, 25.1202778], [55.1295007, 25.1202968], [55.1295922, 25.1200848], [55.1294373, 25.12003], [55.1293473, 25.1202385]]]}}, {"type": "Feature", "properties": {"status": "existing", "bHeight": 12.0, "name": "", "levels": ""}, "geometry": {"type": "Polygon", "coordinates": [[[55.1184435, 25.1109881], [55.1183747, 25.1108781], [55.118225, 25.1109547], [55.1182444, 25.1109857], [55.1182213, 25.1109975], [55.1182708, 25.1110766], [55.1184435, 25.1109881]]]}}, {"type": "Feature", "properties": {"status": "existing", "bHeight": 12.0, "name": "", "levels": ""}, "geometry": {"type": "Polygon", "coordinates": [[[55.1216049, 25.1157324], [55.1217662, 25.1155813], [55.1216568, 25.1154842], [55.1214902, 25.1156377], [55.1216049, 25.1157324]]]}}, {"type": "Feature", "properties": {"status": "existing", "bHeight": 12.0, "name": "", "levels": ""}, "geometry": {"type": "Polygon", "coordinates": [[[55.1223322, 25.1154102], [55.1222319, 25.1153269], [55.1221818, 25.1153763], [55.1221629, 25.1153606], [55.1220711, 25.1154511], [55.1221902, 25.1155501], [55.1223322, 25.1154102]]]}}, {"type": "Feature", "properties": {"status": "existing", "bHeight": 12.0, "name": "", "levels": ""}, "geometry": {"type": "Polygon", "coordinates": [[[55.1255193, 25.1185192], [55.1256428, 25.1183525], [55.125574, 25.1183115], [55.1255871, 25.1182935], [55.1255249, 25.118255], [55.1253883, 25.1184398], [55.1255193, 25.1185192]]]}}, {"type": "Feature", "properties": {"status": "existing", "bHeight": 12.0, "name": "", "levels": ""}, "geometry": {"type": "Polygon", "coordinates": [[[55.1177574, 25.111269], [55.1179307, 25.1111824], [55.1178565, 25.1110608], [55.1176833, 25.1111475], [55.1177574, 25.111269]]]}}, {"type": "Feature", "properties": {"status": "existing", "bHeight": 12.0, "name": "", "levels": ""}, "geometry": {"type": "Polygon", "coordinates": [[[55.1217326, 25.1158406], [55.1218356, 25.1157409], [55.1218515, 25.1157538], [55.1219028, 25.115698], [55.1217837, 25.1156013], [55.1216393, 25.1157471], [55.1216417, 25.1157491], [55.1216318, 25.1157587], [55.1217326, 25.1158406]]]}}, {"type": "Feature", "properties": {"status": "existing", "bHeight": 12.0, "name": "", "levels": ""}, "geometry": {"type": "Polygon", "coordinates": [[[55.1298536, 25.1199434], [55.1299274, 25.11977], [55.1297722, 25.1197158], [55.1296984, 25.1198893], [55.1298536, 25.1199434]]]}}, {"type": "Feature", "properties": {"status": "existing", "bHeight": 12.0, "name": "", "levels": ""}, "geometry": {"type": "Polygon", "coordinates": [[[55.1235862, 25.1173028], [55.123735, 25.1171283], [55.1236219, 25.1170429], [55.1234691, 25.1172253], [55.1235862, 25.1173028]]]}}, {"type": "Feature", "properties": {"status": "existing", "bHeight": 12.0, "name": "", "levels": ""}, "geometry": {"type": "Polygon", "coordinates": [[[55.1296821, 25.1198701], [55.1297559, 25.1196994], [55.1296209, 25.1196516], [55.1295584, 25.119796], [55.1295854, 25.1198056], [55.1295741, 25.1198318], [55.1296821, 25.1198701]]]}}, {"type": "Feature", "properties": {"status": "existing", "bHeight": 12.0, "name": "", "levels": ""}, "geometry": {"type": "Polygon", "coordinates": [[[55.1220723, 25.1151762], [55.1219617, 25.1150856], [55.1219339, 25.1151134], [55.1219231, 25.1151046], [55.1218095, 25.1152182], [55.1219308, 25.1153177], [55.1220723, 25.1151762]]]}}, {"type": "Feature", "properties": {"status": "existing", "bHeight": 12.0, "name": "", "levels": ""}, "geometry": {"type": "Polygon", "coordinates": [[[55.1251034, 25.1174551], [55.1249754, 25.1173849], [55.1248716, 25.11754], [55.1249323, 25.1175733], [55.1249238, 25.1175861], [55.1249912, 25.117623], [55.1251034, 25.1174551]]]}}, {"type": "Feature", "properties": {"status": "existing", "bHeight": 12.0, "name": "", "levels": ""}, "geometry": {"type": "Polygon", "coordinates": [[[55.1194634, 25.1135769], [55.1196154, 25.1134627], [55.1195714, 25.1134147], [55.1196231, 25.1133758], [55.1195748, 25.1133233], [55.1193711, 25.1134764], [55.1194634, 25.1135769]]]}}, {"type": "Feature", "properties": {"status": "existing", "bHeight": 12.0, "name": "", "levels": ""}, "geometry": {"type": "Polygon", "coordinates": [[[55.1258282, 25.1187053], [55.1259565, 25.1185009], [55.1258245, 25.118433], [55.1256962, 25.1186373], [55.1258282, 25.1187053]]]}}, {"type": "Feature", "properties": {"status": "existing", "bHeight": 12.0, "name": "", "levels": ""}, "geometry": {"type": "Polygon", "coordinates": [[[55.122011, 25.116066], [55.1220835, 25.1159898], [55.1221055, 25.116007], [55.1221908, 25.1159174], [55.1220583, 25.1158141], [55.1219006, 25.1159799], [55.122011, 25.116066]]]}}, {"type": "Feature", "properties": {"status": "existing", "bHeight": 12.0, "name": "", "levels": ""}, "geometry": {"type": "Polygon", "coordinates": [[[55.1219542, 25.1150489], [55.1218333, 25.1149468], [55.121686, 25.1150899], [55.1218069, 25.115192], [55.1219542, 25.1150489]]]}}, {"type": "Feature", "properties": {"status": "existing", "bHeight": 12.0, "name": "", "levels": ""}, "geometry": {"type": "Polygon", "coordinates": [[[55.1259733, 25.118796], [55.1261123, 25.1185992], [55.1259855, 25.1185257], [55.1258465, 25.1187225], [55.1259733, 25.118796]]]}}, {"type": "Feature", "properties": {"status": "existing", "bHeight": 12.0, "name": "", "levels": ""}, "geometry": {"type": "Polygon", "coordinates": [[[55.1238968, 25.1175202], [55.1240412, 25.1173443], [55.1239107, 25.1172565], [55.1237664, 25.1174324], [55.1238968, 25.1175202]]]}}, {"type": "Feature", "properties": {"status": "existing", "bHeight": 12.0, "name": "", "levels": ""}, "geometry": {"type": "Polygon", "coordinates": [[[55.124627, 25.1171341], [55.1245085, 25.1170603], [55.1244089, 25.1171912], [55.1244334, 25.1172065], [55.1244042, 25.1172449], [55.1244983, 25.1173035], [55.124627, 25.1171341]]]}}, {"type": "Feature", "properties": {"status": "existing", "bHeight": 12.0, "name": "", "levels": ""}, "geometry": {"type": "Polygon", "coordinates": [[[55.1240418, 25.1176121], [55.1241691, 25.1174498], [55.124044, 25.1173694], [55.1239167, 25.1175316], [55.1240418, 25.1176121]]]}}, {"type": "Feature", "properties": {"status": "existing", "bHeight": 12.0, "name": "", "levels": ""}, "geometry": {"type": "Polygon", "coordinates": [[[55.1176352, 25.1110605], [55.1176572, 25.1110471], [55.1176699, 25.1110319], [55.117684, 25.1110052], [55.1178205, 25.1110324], [55.1178456, 25.1109002], [55.1177537, 25.1108825], [55.1177618, 25.1108449], [55.1177191, 25.1108121], [55.1176726, 25.1108479], [55.1176465, 25.1108485], [55.1176465, 25.110817], [55.1175358, 25.1107909], [55.1174888, 25.110842], [55.1174862, 25.1108801], [55.1175016, 25.110902], [55.1175284, 25.1109178], [55.1175915, 25.110925], [55.1175673, 25.1110258], [55.117576, 25.1110447], [55.1175948, 25.1110592], [55.117617, 25.1110641], [55.1176352, 25.1110605]]]}}, {"type": "Feature", "properties": {"status": "existing", "bHeight": 12.0, "name": "", "levels": ""}, "geometry": {"type": "Polygon", "coordinates": [[[55.1216948, 25.1148222], [55.1215971, 25.1147391], [55.1214334, 25.1149006], [55.1214653, 25.1149251], [55.1214673, 25.1149396], [55.121482, 25.1149512], [55.1215035, 25.1149293], [55.1215478, 25.1149667], [55.1216948, 25.1148222]]]}}, {"type": "Feature", "properties": {"status": "existing", "bHeight": 12.0, "name": "", "levels": ""}, "geometry": {"type": "Polygon", "coordinates": [[[55.1244742, 25.1170284], [55.1243591, 25.1169588], [55.1243312, 25.1169967], [55.1243185, 25.116989], [55.1242257, 25.1171152], [55.1243535, 25.1171923], [55.1244742, 25.1170284]]]}}, {"type": "Feature", "properties": {"status": "existing", "bHeight": 12.0, "name": "", "levels": ""}, "geometry": {"type": "Polygon", "coordinates": [[[55.1263036, 25.1189632], [55.1263861, 25.118835], [55.1263968, 25.1188406], [55.1264354, 25.1187806], [55.1262935, 25.1187058], [55.1261724, 25.118894], [55.1263036, 25.1189632]]]}}, {"type": "Feature", "properties": {"status": "existing", "bHeight": 12.0, "name": "", "levels": ""}, "geometry": {"type": "Polygon", "coordinates": [[[55.1294937, 25.1198253], [55.1295769, 25.1196476], [55.1294342, 25.1195928], [55.1293509, 25.1197705], [55.1294937, 25.1198253]]]}}, {"type": "Feature", "properties": {"status": "existing", "bHeight": 12.0, "name": "", "levels": ""}, "geometry": {"type": "Polygon", "coordinates": [[[55.1195896, 25.113702], [55.1197429, 25.1135875], [55.1196458, 25.113481], [55.1194925, 25.1135955], [55.1195896, 25.113702]]]}}, {"type": "Feature", "properties": {"status": "existing", "bHeight": 12.0, "name": "", "levels": ""}, "geometry": {"type": "Polygon", "coordinates": [[[55.1182788, 25.1108302], [55.118118, 25.1106018], [55.1179462, 25.110701], [55.1179948, 25.1107699], [55.1180383, 25.1107448], [55.1180989, 25.1108308], [55.1180455, 25.1108617], [55.1180972, 25.110935], [55.1182788, 25.1108302]]]}}, {"type": "Feature", "properties": {"status": "existing", "bHeight": 12.0, "name": "", "levels": ""}, "geometry": {"type": "Polygon", "coordinates": [[[55.1234572, 25.1171925], [55.1235873, 25.1170468], [55.1234723, 25.1169626], [55.1233886, 25.1170563], [55.1233738, 25.1170728], [55.1233323, 25.1171192], [55.1233701, 25.1171469], [55.1233799, 25.1171359], [55.1234572, 25.1171925]]]}}, {"type": "Feature", "properties": {"status": "existing", "bHeight": 12.0, "name": "", "levels": ""}, "geometry": {"type": "Polygon", "coordinates": [[[55.1221987, 25.1153052], [55.1220698, 25.1152009], [55.1219254, 25.1153471], [55.1220543, 25.1154514], [55.1221987, 25.1153052]]]}}, {"type": "Feature", "properties": {"status": "existing", "bHeight": 12.0, "name": "", "levels": ""}, "geometry": {"type": "Polygon", "coordinates": [[[55.1209519, 25.1141091], [55.1208101, 25.1139664], [55.12079, 25.1139882], [55.1207605, 25.1139585], [55.1207345, 25.1139805], [55.1207069, 25.1139579], [55.1206076, 25.1140313], [55.1206445, 25.1140705], [55.1206338, 25.1140799], [55.1207048, 25.1141546], [55.1206908, 25.1141673], [55.1207075, 25.1141886], [55.1207008, 25.1142183], [55.120754, 25.1142658], [55.1208892, 25.1141576], [55.1209221, 25.114157], [55.1209362, 25.1141437], [55.1209476, 25.1141242], [55.1209519, 25.1141091]]]}}, {"type": "Feature", "properties": {"status": "existing", "bHeight": 12.0, "name": "", "levels": ""}, "geometry": {"type": "Polygon", "coordinates": [[[55.1178384, 25.1114094], [55.1180344, 25.1113172], [55.1179629, 25.1111926], [55.1177669, 25.1112848], [55.1178384, 25.1114094]]]}}, {"type": "Feature", "properties": {"status": "existing", "bHeight": 12.0, "name": "", "levels": ""}, "geometry": {"type": "Polygon", "coordinates": [[[55.1202128, 25.1133579], [55.1201438, 25.1132836], [55.1201041, 25.1133138], [55.1200546, 25.1132605], [55.1200943, 25.1132303], [55.1200353, 25.1131668], [55.1198624, 25.1132984], [55.1199124, 25.1133523], [55.1199459, 25.1133268], [55.1199562, 25.113338], [55.1199926, 25.1133103], [55.1200402, 25.1133617], [55.1200039, 25.1133893], [55.1200233, 25.1134102], [55.1199898, 25.1134356], [55.1200399, 25.1134896], [55.1202128, 25.1133579]]]}}, {"type": "Feature", "properties": {"status": "existing", "bHeight": 12.0, "name": "", "levels": ""}, "geometry": {"type": "Polygon", "coordinates": [[[55.1218881, 25.1159412], [55.1219563, 25.1158709], [55.1219714, 25.1158829], [55.1220322, 25.1158203], [55.1219096, 25.1157228], [55.1217807, 25.1158557], [55.1218881, 25.1159412]]]}}, {"type": "Feature", "properties": {"status": "existing", "bHeight": 12.0, "name": "", "levels": ""}, "geometry": {"type": "Polygon", "coordinates": [[[55.1290485, 25.1196672], [55.1291002, 25.1197027], [55.1292232, 25.1195332], [55.1291652, 25.1194896], [55.1290981, 25.1195479], [55.1290626, 25.1195212], [55.1291035, 25.1194416], [55.128934, 25.1193813], [55.1288237, 25.1196028], [55.1289211, 25.1196377], [55.1289432, 25.1195977], [55.1290485, 25.1196672]]]}}, {"type": "Feature", "properties": {"status": "existing", "bHeight": 12.0, "name": "", "levels": ""}, "geometry": {"type": "Polygon", "coordinates": [[[55.1181043, 25.1116937], [55.118239, 25.1116148], [55.1180741, 25.1113841], [55.1179684, 25.1114461], [55.1180038, 25.1114957], [55.1179769, 25.1115115], [55.1180251, 25.111579], [55.1180028, 25.1115921], [55.1180358, 25.1116382], [55.1180561, 25.1116263], [55.1181043, 25.1116937]]]}}, {"type": "Feature", "properties": {"status": "existing", "bHeight": 12.0, "name": "", "levels": ""}, "geometry": {"type": "Polygon", "coordinates": [[[55.1237301, 25.1174102], [55.1238432, 25.1172677], [55.1237387, 25.1171996], [55.1236256, 25.1173421], [55.1237301, 25.1174102]]]}}, {"type": "Feature", "properties": {"status": "existing", "bHeight": 12.0, "name": "", "levels": ""}, "geometry": {"type": "Polygon", "coordinates": [[[55.1287811, 25.1195341], [55.1288612, 25.1193592], [55.1287237, 25.1193075], [55.1286436, 25.1194824], [55.1287811, 25.1195341]]]}}, {"type": "Feature", "properties": {"status": "existing", "bHeight": 12.0, "name": "", "levels": ""}, "geometry": {"type": "Polygon", "coordinates": [[[55.1243356, 25.1169196], [55.124214, 25.1168486], [55.1240955, 25.117015], [55.124217, 25.117086], [55.1243356, 25.1169196]]]}}, {"type": "Feature", "properties": {"status": "existing", "bHeight": 12.0, "name": "", "levels": ""}, "geometry": {"type": "Polygon", "coordinates": [[[55.1201014, 25.1142026], [55.1202424, 25.1141043], [55.1202112, 25.1140676], [55.1201882, 25.1140836], [55.1200748, 25.1139501], [55.1200948, 25.1139362], [55.1200568, 25.1138915], [55.1199003, 25.1140006], [55.1199343, 25.1140406], [55.1199528, 25.1140277], [55.1201014, 25.1142026]]]}}, {"type": "Feature", "properties": {"status": "existing", "bHeight": 12.0, "name": "", "levels": ""}, "geometry": {"type": "Polygon", "coordinates": [[[55.126483, 25.1190609], [55.126513, 25.1190165], [55.1264974, 25.1190079], [55.1265322, 25.1189563], [55.1265409, 25.1189612], [55.1266075, 25.1188624], [55.12646, 25.1187808], [55.1263287, 25.1189755], [55.126483, 25.1190609]]]}}, {"type": "Feature", "properties": {"status": "existing", "bHeight": 12.0, "name": "", "levels": ""}, "geometry": {"type": "Polygon", "coordinates": [[[55.1221428, 25.1161914], [55.1223057, 25.1160278], [55.1221957, 25.115938], [55.1220328, 25.1161016], [55.1221428, 25.1161914]]]}}, {"type": "Feature", "properties": {"status": "existing", "bHeight": 12.0, "name": "", "levels": ""}, "geometry": {"type": "Polygon", "coordinates": [[[55.1218245, 25.1149385], [55.1217038, 25.1148305], [55.1215515, 25.11497], [55.1215829, 25.114998], [55.1215924, 25.1149893], [55.1216818, 25.1150693], [55.1218245, 25.1149385]]]}}, {"type": "Feature", "properties": {"status": "existing", "bHeight": 12.0, "name": "", "levels": ""}, "geometry": {"type": "Polygon", "coordinates": [[[55.1266603, 25.1191395], [55.1266842, 25.1191034], [55.1266586, 25.1190885], [55.1266942, 25.1190387], [55.1267197, 25.1190537], [55.1267799, 25.1189624], [55.1266078, 25.1188732], [55.1265002, 25.1190563], [55.1266603, 25.1191395]]]}}, {"type": "Feature", "properties": {"status": "existing", "bHeight": 12.0, "name": "", "levels": ""}, "geometry": {"type": "Polygon", "coordinates": [[[55.1195899, 25.1125532], [55.1195027, 25.1124366], [55.1193141, 25.1125523], [55.1194013, 25.1126688], [55.1195899, 25.1125532]]]}}, {"type": "Feature", "properties": {"status": "existing", "bHeight": 12.0, "name": "", "levels": ""}, "geometry": {"type": "Polygon", "coordinates": [[[55.1214276, 25.114597], [55.1213367, 25.1145086], [55.1212612, 25.1145722], [55.1212416, 25.1145532], [55.1211759, 25.1146136], [55.121273, 25.1147295], [55.1214276, 25.114597]]]}}, {"type": "Feature", "properties": {"status": "existing", "bHeight": 12.0, "name": "", "levels": ""}, "geometry": {"type": "Polygon", "coordinates": [[[55.1222745, 25.1163015], [55.122432, 25.1161523], [55.1223222, 25.1160572], [55.1221647, 25.1162065], [55.1222745, 25.1163015]]]}}, {"type": "Feature", "properties": {"status": "existing", "bHeight": 12.0, "name": "", "levels": ""}, "geometry": {"type": "Polygon", "coordinates": [[[55.1233367, 25.1162109], [55.1232202, 25.1161259], [55.1230884, 25.1162738], [55.1232048, 25.1163589], [55.1233367, 25.1162109]]]}}, {"type": "Feature", "properties": {"status": "existing", "bHeight": 12.0, "name": "", "levels": ""}, "geometry": {"type": "Polygon", "coordinates": [[[55.124031, 25.1167456], [55.1239065, 25.1166629], [55.123788, 25.116809], [55.1239125, 25.1168918], [55.124031, 25.1167456]]]}}, {"type": "Feature", "properties": {"status": "existing", "bHeight": 12.0, "name": "", "levels": ""}, "geometry": {"type": "Polygon", "coordinates": [[[55.1206073, 25.1147067], [55.1207319, 25.1145979], [55.1205235, 25.1144023], [55.1204385, 25.1144765], [55.1204569, 25.1144939], [55.120421, 25.1145253], [55.1205014, 25.1146009], [55.1204788, 25.1146206], [55.1205237, 25.1146628], [55.1205428, 25.1146461], [55.1206073, 25.1147067]]]}}, {"type": "Feature", "properties": {"status": "existing", "bHeight": 12.0, "name": "", "levels": ""}, "geometry": {"type": "Polygon", "coordinates": [[[55.1212485, 25.1144682], [55.1210362, 25.1142666], [55.1208746, 25.1144061], [55.1209442, 25.1144722], [55.1209907, 25.114432], [55.1210496, 25.1144879], [55.1210031, 25.1145281], [55.1210869, 25.1146077], [55.1212485, 25.1144682]]]}}, {"type": "Feature", "properties": {"status": "existing", "bHeight": 12.0, "name": "", "levels": ""}, "geometry": {"type": "Polygon", "coordinates": [[[55.124188, 25.1176996], [55.1243007, 25.117542], [55.1241764, 25.1174691], [55.1240637, 25.1176268], [55.124188, 25.1176996]]]}}, {"type": "Feature", "properties": {"status": "existing", "bHeight": 12.0, "name": "", "levels": ""}, "geometry": {"type": "Polygon", "coordinates": [[[55.1215612, 25.1147091], [55.121456, 25.1146158], [55.1213393, 25.1147238], [55.1213612, 25.1147432], [55.1213386, 25.114764], [55.1213633, 25.1147859], [55.1213425, 25.1148051], [55.1214012, 25.1148571], [55.1215612, 25.1147091]]]}}, {"type": "Feature", "properties": {"status": "existing", "bHeight": 12.0, "name": "", "levels": ""}, "geometry": {"type": "Polygon", "coordinates": [[[55.1181537, 25.1118868], [55.1183437, 25.1117912], [55.1182732, 25.1116763], [55.1180831, 25.1117718], [55.1181537, 25.1118868]]]}}, {"type": "Feature", "properties": {"status": "existing", "bHeight": 12.0, "name": "", "levels": ""}, "geometry": {"type": "Polygon", "coordinates": [[[55.1293315, 25.1197628], [55.1294163, 25.1195837], [55.1292796, 25.1195306], [55.1291997, 25.1196994], [55.1292707, 25.1197281], [55.1292658, 25.1197385], [55.1293315, 25.1197628]]]}}, {"type": "Feature", "properties": {"status": "existing", "bHeight": 12.0, "name": "", "levels": ""}, "geometry": {"type": "Polygon", "coordinates": [[[55.123896, 25.1166258], [55.1237909, 25.116556], [55.1236673, 25.1167084], [55.1237723, 25.1167782], [55.123896, 25.1166258]]]}}, {"type": "Feature", "properties": {"status": "existing", "bHeight": 12.0, "name": "", "levels": ""}, "geometry": {"type": "Polygon", "coordinates": [[[55.127145, 25.1193886], [55.1272254, 25.11926], [55.1272395, 25.1192672], [55.12727, 25.1192183], [55.1271268, 25.1191449], [55.1270158, 25.1193224], [55.127145, 25.1193886]]]}}, {"type": "Feature", "properties": {"status": "existing", "bHeight": 12.0, "name": "", "levels": ""}, "geometry": {"type": "Polygon", "coordinates": [[[55.1196998, 25.1138318], [55.1198297, 25.1137356], [55.1198406, 25.1137477], [55.1198857, 25.1137142], [55.1197786, 25.1135957], [55.1196036, 25.1137252], [55.1196998, 25.1138318]]]}}, {"type": "Feature", "properties": {"status": "existing", "bHeight": 12.0, "name": "", "levels": ""}, "geometry": {"type": "Polygon", "coordinates": [[[55.1193257, 25.1122514], [55.1191517, 25.1120422], [55.1190581, 25.1121059], [55.1190443, 25.1120893], [55.1189933, 25.1121241], [55.1190164, 25.1121518], [55.1189988, 25.1121638], [55.1190381, 25.112211], [55.1190585, 25.1121972], [55.1191043, 25.1122523], [55.1190835, 25.1122665], [55.1191631, 25.1123623], [55.1193257, 25.1122514]]]}}, {"type": "Feature", "properties": {"status": "existing", "bHeight": 12.0, "name": "", "levels": ""}, "geometry": {"type": "Polygon", "coordinates": [[[55.1230479, 25.1160028], [55.1229194, 25.1159105], [55.1227959, 25.1160516], [55.122863, 25.1160998], [55.1228495, 25.1161153], [55.1229108, 25.1161594], [55.1230479, 25.1160028]]]}}, {"type": "Feature", "properties": {"status": "existing", "bHeight": 12.0, "name": "", "levels": ""}, "geometry": {"type": "Polygon", "coordinates": [[[55.1198161, 25.1139681], [55.1199947, 25.1138384], [55.1198995, 25.1137309], [55.1197209, 25.1138605], [55.1198161, 25.1139681]]]}}, {"type": "Feature", "properties": {"status": "existing", "bHeight": 12.0, "name": "", "levels": ""}, "geometry": {"type": "Polygon", "coordinates": [[[55.1206596, 25.1138896], [55.1204705, 25.1137016], [55.1203276, 25.1138187], [55.1203796, 25.1138674], [55.1204118, 25.1138431], [55.1204292, 25.1138595], [55.1204581, 25.113834], [55.1204909, 25.1138631], [55.1204373, 25.1139087], [55.1204634, 25.1139378], [55.1204614, 25.1139585], [55.120516, 25.1140066], [55.1206596, 25.1138896]]]}}, {"type": "Feature", "properties": {"status": "existing", "bHeight": 12.0, "name": "", "levels": ""}, "geometry": {"type": "Polygon", "coordinates": [[[55.1200145, 25.1131057], [55.119822, 25.1128807], [55.1196614, 25.1129839], [55.1197527, 25.1130817], [55.1197252, 25.1131048], [55.1198211, 25.1132104], [55.1198465, 25.1131934], [55.1198807, 25.1132369], [55.1199773, 25.1131607], [55.1199592, 25.1131443], [55.1200145, 25.1131057]]]}}, {"type": "Feature", "properties": {"status": "existing", "bHeight": 12.0, "name": "", "levels": ""}, "geometry": {"type": "Polygon", "coordinates": [[[55.1183514, 25.1121818], [55.1185456, 25.1120643], [55.1184571, 25.1119445], [55.1182629, 25.1120619], [55.1183514, 25.1121818]]]}}, {"type": "Feature", "properties": {"status": "existing", "bHeight": 12.0, "name": "", "levels": ""}, "geometry": {"type": "Polygon", "coordinates": [[[55.1236119, 25.1164227], [55.1234963, 25.1163461], [55.1233743, 25.1164969], [55.1234899, 25.1165736], [55.1236119, 25.1164227]]]}}, {"type": "Feature", "properties": {"status": "existing", "bHeight": 12.0, "name": "", "levels": ""}, "geometry": {"type": "Polygon", "coordinates": [[[55.118037, 25.1105711], [55.1182478, 25.1104643], [55.1181018, 25.1102283], [55.117884, 25.1103387], [55.1179315, 25.1104155], [55.1179684, 25.1103968], [55.1179807, 25.1104167], [55.1180182, 25.1103977], [55.1180534, 25.1104546], [55.1179861, 25.1104887], [55.118037, 25.1105711]]]}}, {"type": "Feature", "properties": {"status": "existing", "bHeight": 12.0, "name": "", "levels": ""}, "geometry": {"type": "Polygon", "coordinates": [[[55.1198, 25.1127947], [55.1197741, 25.1127654], [55.1197694, 25.1127411], [55.1197553, 25.1127259], [55.1197211, 25.1127095], [55.1197205, 25.1126707], [55.1197097, 25.1126707], [55.1197037, 25.1126415], [55.1196897, 25.1126283], [55.1196615, 25.1126245], [55.1196346, 25.1126294], [55.1196112, 25.1126537], [55.1195998, 25.1126877], [55.1194596, 25.1126789], [55.1194455, 25.1128012], [55.1195723, 25.1128134], [55.119573, 25.1128352], [55.119577, 25.1128522], [55.1195864, 25.1128613], [55.1196058, 25.1128729], [55.1197522, 25.112892], [55.1197708, 25.1128844], [55.1197848, 25.1128771], [55.1197922, 25.1128656], [55.1198023, 25.1128449], [55.119807, 25.1128152], [55.1198, 25.1127947]]]}}, {"type": "Feature", "properties": {"status": "existing", "bHeight": 12.0, "name": "", "levels": ""}, "geometry": {"type": "Polygon", "coordinates": [[[55.128443, 25.1193942], [55.1285426, 25.1192037], [55.1284074, 25.1191457], [55.1283078, 25.1193361], [55.128443, 25.1193942]]]}}, {"type": "Feature", "properties": {"status": "existing", "bHeight": 12.0, "name": "", "levels": ""}, "geometry": {"type": "Polygon", "coordinates": [[[55.1184673, 25.1123079], [55.1186586, 25.1122012], [55.1185712, 25.1120736], [55.1183826, 25.1121888], [55.1184673, 25.1123079]]]}}, {"type": "Feature", "properties": {"status": "existing", "bHeight": 12.0, "name": "", "levels": ""}, "geometry": {"type": "Polygon", "coordinates": [[[55.1234665, 25.1163149], [55.1233538, 25.1162378], [55.1232238, 25.1163937], [55.1233365, 25.1164708], [55.1234665, 25.1163149]]]}}, {"type": "Feature", "properties": {"status": "existing", "bHeight": 12.0, "name": "", "levels": ""}, "geometry": {"type": "Polygon", "coordinates": [[[55.124322, 25.1178091], [55.1244471, 25.1176645], [55.1243355, 25.1175853], [55.1242104, 25.1177299], [55.124322, 25.1178091]]]}}, {"type": "Feature", "properties": {"status": "existing", "bHeight": 12.0, "name": "", "levels": ""}, "geometry": {"type": "Polygon", "coordinates": [[[55.1286121, 25.119465], [55.1286979, 25.1192917], [55.1285635, 25.1192371], [55.1284777, 25.1194103], [55.1286121, 25.119465]]]}}, {"type": "Feature", "properties": {"status": "existing", "bHeight": 12.0, "name": "", "levels": ""}, "geometry": {"type": "Polygon", "coordinates": [[[55.1241793, 25.1168433], [55.1240647, 25.1167704], [55.1239548, 25.1169119], [55.1240693, 25.1169848], [55.1241793, 25.1168433]]]}}, {"type": "Feature", "properties": {"status": "existing", "bHeight": 12.0, "name": "", "levels": ""}, "geometry": {"type": "Polygon", "coordinates": [[[55.1203555, 25.1144635], [55.1205005, 25.1143519], [55.1202912, 25.1141289], [55.1201456, 25.1142409], [55.1202543, 25.1143567], [55.1202332, 25.114373], [55.1202765, 25.1144191], [55.1202982, 25.1144024], [55.1203555, 25.1144635]]]}}, {"type": "Feature", "properties": {"status": "existing", "bHeight": 12.0, "name": "", "levels": ""}, "geometry": {"type": "Polygon", "coordinates": [[[55.1178548, 25.1102771], [55.1180354, 25.1101803], [55.1178933, 25.109963], [55.1177127, 25.1100598], [55.1177539, 25.1101229], [55.1177975, 25.1100995], [55.1178076, 25.110115], [55.1178381, 25.1100986], [55.1178714, 25.1101495], [55.1178412, 25.1101657], [55.1178564, 25.1101888], [55.1178125, 25.1102123], [55.1178548, 25.1102771]]]}}, {"type": "Feature", "properties": {"status": "existing", "bHeight": 12.0, "name": "", "levels": ""}, "geometry": {"type": "Polygon", "coordinates": [[[55.1282734, 25.1193356], [55.1283649, 25.1191561], [55.1282358, 25.1191015], [55.1281437, 25.1192829], [55.1282734, 25.1193356]]]}}, {"type": "Feature", "properties": {"status": "existing", "bHeight": 12.0, "name": "", "levels": ""}, "geometry": {"type": "Polygon", "coordinates": [[[55.1269958, 25.1192399], [55.1270792, 25.1191024], [55.1268224, 25.1189747], [55.1267524, 25.1190903], [55.1268021, 25.119115], [55.1267929, 25.1191301], [55.1268217, 25.1191444], [55.1268153, 25.1191549], [55.1268616, 25.1191779], [55.1268508, 25.1191956], [55.1269061, 25.1192231], [55.1269191, 25.1192017], [55.1269958, 25.1192399]]]}}, {"type": "Feature", "properties": {"status": "existing", "bHeight": 12.0, "name": "", "levels": ""}, "geometry": {"type": "Polygon", "coordinates": [[[55.1194641, 25.1124146], [55.1193718, 25.1123005], [55.1192028, 25.1124126], [55.1192951, 25.1125267], [55.1194641, 25.1124146]]]}}, {"type": "Feature", "properties": {"status": "existing", "bHeight": 12.0, "name": "", "levels": ""}, "geometry": {"type": "Polygon", "coordinates": [[[55.1186676, 25.1125971], [55.1188776, 25.1124717], [55.1187919, 25.112354], [55.1185819, 25.1124794], [55.1186676, 25.1125971]]]}}, {"type": "Feature", "properties": {"status": "existing", "bHeight": 12.0, "name": "", "levels": ""}, "geometry": {"type": "Polygon", "coordinates": [[[55.1204654, 25.1136156], [55.1204307, 25.1135787], [55.1204037, 25.1135995], [55.1203549, 25.1135477], [55.1203759, 25.1135315], [55.1202658, 25.1134144], [55.1201325, 25.1135173], [55.1201513, 25.1135373], [55.1201363, 25.1135489], [55.1203111, 25.1137347], [55.1204654, 25.1136156]]]}}, {"type": "Feature", "properties": {"status": "existing", "bHeight": 12.0, "name": "", "levels": ""}, "geometry": {"type": "Polygon", "coordinates": [[[55.1231854, 25.1161035], [55.1230736, 25.1160254], [55.1230254, 25.116082], [55.123009, 25.1160706], [55.1229339, 25.1161587], [55.123006, 25.116209], [55.122994, 25.1162231], [55.1230502, 25.1162623], [55.1231854, 25.1161035]]]}}, {"type": "Feature", "properties": {"status": "existing", "bHeight": 12.0, "name": "", "levels": ""}, "geometry": {"type": "Polygon", "coordinates": [[[55.1248898, 25.1181593], [55.1249906, 25.1180366], [55.125003, 25.118045], [55.1250478, 25.1179905], [55.1249145, 25.1179007], [55.1247689, 25.1180778], [55.1248898, 25.1181593]]]}}, {"type": "Feature", "properties": {"status": "existing", "bHeight": 12.0, "name": "", "levels": ""}, "geometry": {"type": "Polygon", "coordinates": [[[55.1182583, 25.1120303], [55.1184367, 25.111932], [55.1183578, 25.1118147], [55.1181795, 25.111913], [55.1182583, 25.1120303]]]}}, {"type": "Feature", "properties": {"status": "existing", "bHeight": 12.0, "name": "", "levels": ""}, "geometry": {"type": "Polygon", "coordinates": [[[55.1274539, 25.1207773], [55.1275046, 25.1205921], [55.1273742, 25.1205629], [55.1273444, 25.1206614], [55.1273317, 25.1206584], [55.1273129, 25.1207269], [55.1273937, 25.1207459], [55.1273889, 25.1207633], [55.1274539, 25.1207773]]]}}, {"type": "Feature", "properties": {"status": "existing", "bHeight": 12.0, "name": "", "levels": ""}, "geometry": {"type": "Polygon", "coordinates": [[[55.1282379, 25.1172731], [55.1282595, 25.1172894], [55.1284253, 25.1171103], [55.1282563, 25.116982], [55.1282184, 25.117023], [55.1281205, 25.1169487], [55.1280122, 25.1170658], [55.1281285, 25.1171515], [55.128109, 25.1171725], [55.1282379, 25.1172731]]]}}, {"type": "Feature", "properties": {"status": "existing", "bHeight": 12.0, "name": "", "levels": ""}, "geometry": {"type": "Polygon", "coordinates": [[[55.1286429, 25.117583], [55.1287876, 25.1174092], [55.1286167, 25.1172863], [55.1285966, 25.1173093], [55.1284971, 25.1172383], [55.1283927, 25.1173587], [55.128496, 25.1174344], [55.1284786, 25.1174611], [55.1286429, 25.117583]]]}}, {"type": "Feature", "properties": {"status": "existing", "bHeight": 12.0, "name": "", "levels": ""}, "geometry": {"type": "Polygon", "coordinates": [[[55.1293862, 25.1180868], [55.1295174, 25.1179351], [55.1293943, 25.1178478], [55.129263, 25.1179994], [55.1293862, 25.1180868]]]}}, {"type": "Feature", "properties": {"status": "existing", "bHeight": 12.0, "name": "", "levels": ""}, "geometry": {"type": "Polygon", "coordinates": [[[55.1303347, 25.1186947], [55.1304622, 25.1185181], [55.1303343, 25.1184423], [55.1302403, 25.1185746], [55.1302709, 25.1185928], [55.1302374, 25.118637], [55.1303347, 25.1186947]]]}}, {"type": "Feature", "properties": {"status": "existing", "bHeight": 12.0, "name": "", "levels": ""}, "geometry": {"type": "Polygon", "coordinates": [[[55.1290822, 25.1178805], [55.1292184, 25.1177198], [55.1290829, 25.1176257], [55.1289467, 25.1177863], [55.1290822, 25.1178805]]]}}, {"type": "Feature", "properties": {"status": "existing", "bHeight": 12.0, "name": "", "levels": ""}, "geometry": {"type": "Polygon", "coordinates": [[[55.1292483, 25.1179785], [55.1293732, 25.1178178], [55.1292506, 25.1177397], [55.1291257, 25.1179003], [55.1292483, 25.1179785]]]}}, {"type": "Feature", "properties": {"status": "existing", "bHeight": 12.0, "name": "", "levels": ""}, "geometry": {"type": "Polygon", "coordinates": [[[55.1290347, 25.1175947], [55.1288243, 25.1174351], [55.1286575, 25.1176155], [55.1287272, 25.1176684], [55.1287413, 25.1176532], [55.1288819, 25.1177599], [55.1290347, 25.1175947]]]}}, {"type": "Feature", "properties": {"status": "existing", "bHeight": 12.0, "name": "", "levels": ""}, "geometry": {"type": "Polygon", "coordinates": [[[55.1302486, 25.1184315], [55.1299936, 25.1182854], [55.1298761, 25.1184535], [55.1299546, 25.1184985], [55.1299891, 25.1184491], [55.1300799, 25.1185012], [55.1300401, 25.1185581], [55.1301258, 25.1186072], [55.1302486, 25.1184315]]]}}, {"type": "Feature", "properties": {"status": "existing", "bHeight": 12.0, "name": "", "levels": ""}, "geometry": {"type": "Polygon", "coordinates": [[[55.1295529, 25.1181751], [55.1296689, 25.1180251], [55.1295519, 25.117958], [55.1294332, 25.1181007], [55.1295529, 25.1181751]]]}}, {"type": "Feature", "properties": {"status": "existing", "bHeight": 12.0, "name": "", "levels": ""}, "geometry": {"type": "Polygon", "coordinates": [[[55.1299805, 25.1182338], [55.1298156, 25.1181326], [55.129784, 25.1181738], [55.1296798, 25.1181058], [55.1295947, 25.1182166], [55.1297192, 25.1182962], [55.1297003, 25.1183208], [55.1297988, 25.1183787], [55.1298211, 25.1183496], [55.1298672, 25.1183812], [55.1299805, 25.1182338]]]}}, {"type": "Feature", "properties": {"status": "existing", "bHeight": 12.0, "name": "", "levels": ""}, "geometry": {"type": "Polygon", "coordinates": [[[55.1305924, 25.1185985], [55.130486, 25.1185424], [55.1304044, 25.1186693], [55.1304299, 25.1186826], [55.1303965, 25.1187346], [55.1304775, 25.1187772], [55.1305924, 25.1185985]]]}}, {"type": "Feature", "properties": {"status": "existing", "bHeight": 12.0, "name": "", "levels": ""}, "geometry": {"type": "Polygon", "coordinates": [[[55.1305466, 25.1188271], [55.1307395, 25.1189428], [55.1307563, 25.1189199], [55.130812, 25.1189533], [55.1308769, 25.1188647], [55.1306282, 25.1187155], [55.1305466, 25.1188271]]]}}, {"type": "Feature", "properties": {"status": "existing", "bHeight": 12.0, "name": "", "levels": ""}, "geometry": {"type": "Polygon", "coordinates": [[[55.1523019, 25.1311442], [55.1523367, 25.1310629], [55.1520237, 25.130953], [55.1519888, 25.1310343], [55.1523019, 25.1311442]]]}}, {"type": "Feature", "properties": {"status": "existing", "bHeight": 12.0, "name": "Ballroom", "levels": ""}, "geometry": {"type": "Polygon", "coordinates": [[[55.1519821, 25.1310424], [55.1519589, 25.131098], [55.1519009, 25.1310782], [55.1517892, 25.1313456], [55.151657, 25.1313004], [55.1517919, 25.1309773], [55.1519821, 25.1310424]]]}}, {"type": "Feature", "properties": {"status": "existing", "bHeight": 12.0, "name": "43", "levels": ""}, "geometry": {"type": "Polygon", "coordinates": [[[55.1529249, 25.1307842], [55.1528097, 25.1307505], [55.1527245, 25.130945], [55.1528412, 25.1309877], [55.1529249, 25.1307842]]]}}, {"type": "Feature", "properties": {"status": "existing", "bHeight": 12.0, "name": "47", "levels": ""}, "geometry": {"type": "Polygon", "coordinates": [[[55.1523475, 25.1309303], [55.1523645, 25.1308111], [55.1521369, 25.1307856], [55.1521192, 25.1308917], [55.1523475, 25.1309303]]]}}, {"type": "Feature", "properties": {"status": "existing", "bHeight": 12.0, "name": "44", "levels": ""}, "geometry": {"type": "Polygon", "coordinates": [[[55.1525792, 25.1309642], [55.1526347, 25.1307581], [55.1525174, 25.1307355], [55.1524609, 25.1309266], [55.1525792, 25.1309642]]]}}, {"type": "Feature", "properties": {"status": "existing", "bHeight": 12.0, "name": "42", "levels": ""}, "geometry": {"type": "Polygon", "coordinates": [[[55.1529686, 25.1306606], [55.1530139, 25.1304737], [55.1529015, 25.1304602], [55.1528697, 25.1306409], [55.1529686, 25.1306606]]]}}, {"type": "Feature", "properties": {"status": "existing", "bHeight": 12.0, "name": "40", "levels": ""}, "geometry": {"type": "Polygon", "coordinates": [[[55.1531297, 25.1301641], [55.1531645, 25.1299744], [55.1530626, 25.1299626], [55.1530397, 25.1301401], [55.1531297, 25.1301641]]]}}, {"type": "Feature", "properties": {"status": "existing", "bHeight": 12.0, "name": "46", "levels": ""}, "geometry": {"type": "Polygon", "coordinates": [[[55.1523801, 25.1307447], [55.1524418, 25.1305491], [55.1523411, 25.130523], [55.1522794, 25.1307187], [55.1523801, 25.1307447]]]}}, {"type": "Feature", "properties": {"status": "existing", "bHeight": 12.0, "name": "41", "levels": ""}, "geometry": {"type": "Polygon", "coordinates": [[[55.153059, 25.1304209], [55.1531149, 25.1302264], [55.1530101, 25.1302057], [55.1529691, 25.1303947], [55.153059, 25.1304209]]]}}, {"type": "Feature", "properties": {"status": "existing", "bHeight": 12.0, "name": "45", "levels": ""}, "geometry": {"type": "Polygon", "coordinates": [[[55.1526317, 25.1307004], [55.1526938, 25.1306346], [55.1525284, 25.1305192], [55.1524738, 25.1305869], [55.1526317, 25.1307004]]]}}, {"type": "Feature", "properties": {"status": "existing", "bHeight": 12.0, "name": "", "levels": ""}, "geometry": {"type": "Polygon", "coordinates": [[[55.1494963, 25.1366025], [55.1496324, 25.1364747], [55.1493681, 25.1362662], [55.1492372, 25.1364097], [55.1494963, 25.1366025]]]}}, {"type": "Feature", "properties": {"status": "existing", "bHeight": 12.0, "name": "", "levels": ""}, "geometry": {"type": "Polygon", "coordinates": [[[55.1489807, 25.136083], [55.1496376, 25.135511], [55.1490562, 25.1349745], [55.1484209, 25.1355566], [55.1489807, 25.136083]]]}}, {"type": "Feature", "properties": {"status": "existing", "bHeight": 12.0, "name": "Lotus Lounge", "levels": ""}, "geometry": {"type": "Polygon", "coordinates": [[[55.1527325, 25.1294321], [55.1529967, 25.129451], [55.1530062, 25.1293467], [55.1527415, 25.129329], [55.1527325, 25.1294321]]]}}, {"type": "Feature", "properties": {"status": "existing", "bHeight": 12.0, "name": "Watersports Hut", "levels": ""}, "geometry": {"type": "Polygon", "coordinates": [[[55.1519263, 25.1297002], [55.1519595, 25.1296334], [55.151893, 25.1296175], [55.1518643, 25.1296772], [55.1519263, 25.1297002]]]}}, {"type": "Feature", "properties": {"status": "existing", "bHeight": 12.0, "name": "", "levels": ""}, "geometry": {"type": "Polygon", "coordinates": [[[55.1516, 25.1310086], [55.1516221, 25.1309634], [55.1515469, 25.1309353], [55.1515297, 25.1309799], [55.1516, 25.1310086]]]}}, {"type": "Feature", "properties": {"status": "existing", "bHeight": 12.0, "name": "", "levels": ""}, "geometry": {"type": "Polygon", "coordinates": [[[55.1515339, 25.1312666], [55.1516493, 25.1310597], [55.1515041, 25.1310046], [55.1514791, 25.1310616], [55.1515425, 25.1310832], [55.1514889, 25.1311785], [55.151428, 25.1311558], [55.1514009, 25.1312144], [55.1515339, 25.1312666]]]}}, {"type": "Feature", "properties": {"status": "existing", "bHeight": 12.0, "name": "", "levels": ""}, "geometry": {"type": "Polygon", "coordinates": [[[55.1534773, 25.1296241], [55.1534925, 25.1295113], [55.1533633, 25.1295001], [55.1533587, 25.1296084], [55.1534773, 25.1296241]]]}}, {"type": "Feature", "properties": {"status": "existing", "bHeight": 12.0, "name": "", "levels": ""}, "geometry": {"type": "Polygon", "coordinates": [[[55.1538478, 25.1292314], [55.1536416, 25.1291926], [55.1536713, 25.129063], [55.1536148, 25.1290524], [55.1536484, 25.1289061], [55.1538951, 25.1289526], [55.1538773, 25.1290303], [55.1539595, 25.1290458], [55.1539439, 25.1291137], [55.1538777, 25.1291012], [55.1538478, 25.1292314]]]}}, {"type": "Feature", "properties": {"status": "existing", "bHeight": 12.0, "name": "", "levels": ""}, "geometry": {"type": "Polygon", "coordinates": [[[55.1534676, 25.1299711], [55.1534029, 25.1301321], [55.1533164, 25.1301036], [55.1532289, 25.1303215], [55.1534582, 25.130397], [55.1535053, 25.1302798], [55.1535663, 25.1302999], [55.1536715, 25.1300383], [55.1534676, 25.1299711]]]}}, {"type": "Feature", "properties": {"status": "existing", "bHeight": 12.0, "name": "", "levels": ""}, "geometry": {"type": "Polygon", "coordinates": [[[55.1468933, 25.1380135], [55.1472801, 25.1377539], [55.1469182, 25.1372744], [55.1465131, 25.1375234], [55.1468933, 25.1380135]]]}}, {"type": "Feature", "properties": {"status": "existing", "bHeight": 12.0, "name": "", "levels": ""}, "geometry": {"type": "Polygon", "coordinates": [[[55.1467586, 25.1368522], [55.1463473, 25.1370537], [55.1464856, 25.1372771], [55.1468772, 25.1370651], [55.1467586, 25.1368522]]]}}, {"type": "Feature", "properties": {"status": "existing", "bHeight": 12.0, "name": "", "levels": ""}, "geometry": {"type": "Polygon", "coordinates": [[[55.1325912, 25.1215223], [55.1327628, 25.1214519], [55.1328192, 25.1215587], [55.1326475, 25.1216291], [55.1325912, 25.1215223]]]}}, {"type": "Feature", "properties": {"status": "existing", "bHeight": 12.0, "name": "", "levels": ""}, "geometry": {"type": "Polygon", "coordinates": [[[55.138445, 25.1338329], [55.1385194, 25.1338821], [55.1387039, 25.1337054], [55.1386133, 25.1336405], [55.1385704, 25.1336732], [55.1385006, 25.1336174], [55.1384585, 25.1335294], [55.1383123, 25.1336301], [55.1383477, 25.133717], [55.1384269, 25.1336708], [55.1384523, 25.1336975], [55.1384121, 25.13374], [55.1384426, 25.1337626], [55.1384202, 25.1337922], [55.1384604, 25.1338153], [55.138445, 25.1338329]]]}}, {"type": "Feature", "properties": {"status": "existing", "bHeight": 12.0, "name": "", "levels": ""}, "geometry": {"type": "Polygon", "coordinates": [[[55.1321794, 25.1203051], [55.1319769, 25.1203818], [55.1319418, 25.1203058], [55.1320094, 25.1202802], [55.1319683, 25.1201911], [55.1319006, 25.1202167], [55.1318611, 25.1201312], [55.1320637, 25.1200545], [55.1321794, 25.1203051]]]}}, {"type": "Feature", "properties": {"status": "existing", "bHeight": 12.0, "name": "", "levels": ""}, "geometry": {"type": "Polygon", "coordinates": [[[55.13562, 25.1306379], [55.1355045, 25.1305177], [55.135579, 25.1304533], [55.1355036, 25.1303539], [55.135599, 25.1302891], [55.1357979, 25.1304966], [55.13562, 25.1306379]]]}}, {"type": "Feature", "properties": {"status": "existing", "bHeight": 12.0, "name": "", "levels": ""}, "geometry": {"type": "Polygon", "coordinates": [[[55.136694, 25.1316685], [55.1368001, 25.1317646], [55.1367793, 25.1317834], [55.1368792, 25.1318739], [55.1369001, 25.131855], [55.1369417, 25.1318927], [55.1370913, 25.1317518], [55.1368559, 25.1315441], [55.136694, 25.1316685]]]}}, {"type": "Feature", "properties": {"status": "existing", "bHeight": 12.0, "name": "", "levels": ""}, "geometry": {"type": "Polygon", "coordinates": [[[55.1359674, 25.1313532], [55.1362209, 25.1315958], [55.1360963, 25.1317025], [55.1360133, 25.131623], [55.1359563, 25.1316718], [55.1357859, 25.1315087], [55.1359674, 25.1313532]]]}}, {"type": "Feature", "properties": {"status": "existing", "bHeight": 12.0, "name": "", "levels": ""}, "geometry": {"type": "Polygon", "coordinates": [[[55.1348606, 25.1297002], [55.1349519, 25.1298089], [55.1351229, 25.1296912], [55.1350316, 25.1295825], [55.1348606, 25.1297002]]]}}, {"type": "Feature", "properties": {"status": "existing", "bHeight": 12.0, "name": "", "levels": ""}, "geometry": {"type": "Polygon", "coordinates": [[[55.1365197, 25.1312322], [55.1363727, 25.1313576], [55.1361633, 25.1311565], [55.1363103, 25.1310311], [55.1365197, 25.1312322]]]}}, {"type": "Feature", "properties": {"status": "existing", "bHeight": 12.0, "name": "", "levels": ""}, "geometry": {"type": "Polygon", "coordinates": [[[55.1321861, 25.1254649], [55.1324047, 25.1253774], [55.1324651, 25.125494], [55.1322658, 25.1255709], [55.1322489, 25.1255313], [55.1322189, 25.1255418], [55.1321861, 25.1254649]]]}}, {"type": "Feature", "properties": {"status": "existing", "bHeight": 12.0, "name": "", "levels": ""}, "geometry": {"type": "Polygon", "coordinates": [[[55.1308437, 25.1216729], [55.1309081, 25.1219339], [55.1310696, 25.1219005], [55.131116, 25.1219181], [55.1311581, 25.1219066], [55.1311581, 25.1218544], [55.1311071, 25.121807], [55.1310731, 25.1216267], [55.1308437, 25.1216729]]]}}, {"type": "Feature", "properties": {"status": "existing", "bHeight": 12.0, "name": "", "levels": ""}, "geometry": {"type": "Polygon", "coordinates": [[[55.1340933, 25.1287443], [55.1342824, 25.1286355], [55.1343045, 25.128667], [55.1343738, 25.1286271], [55.1345178, 25.1288324], [55.1342616, 25.1289798], [55.1342065, 25.1289012], [55.1342839, 25.1288567], [55.1342216, 25.1287679], [55.134142, 25.1288137], [55.1340933, 25.1287443]]]}}, {"type": "Feature", "properties": {"status": "existing", "bHeight": 12.0, "name": "", "levels": ""}, "geometry": {"type": "Polygon", "coordinates": [[[55.1327709, 25.1266572], [55.13296, 25.1265649], [55.1331008, 25.1268139], [55.1329198, 25.1269049], [55.1328722, 25.1268258], [55.1329357, 25.1267945], [55.1328878, 25.1267149], [55.1328244, 25.1267461], [55.1327709, 25.1266572]]]}}, {"type": "Feature", "properties": {"status": "existing", "bHeight": 12.0, "name": "", "levels": ""}, "geometry": {"type": "Polygon", "coordinates": [[[55.131784, 25.1245967], [55.1319877, 25.1245276], [55.1318883, 25.1242871], [55.1316845, 25.1243562], [55.1317172, 25.1244351], [55.1317834, 25.1244127], [55.1318194, 25.1244997], [55.1317532, 25.1245221], [55.131784, 25.1245967]]]}}, {"type": "Feature", "properties": {"status": "existing", "bHeight": 12.0, "name": "", "levels": ""}, "geometry": {"type": "Polygon", "coordinates": [[[55.1330913, 25.1271926], [55.1331925, 25.1271848], [55.1331966, 25.1271459], [55.1332993, 25.1271356], [55.1332971, 25.1270512], [55.1332019, 25.1270621], [55.1331912, 25.1270281], [55.133273, 25.1269784], [55.1332094, 25.1268406], [55.1329546, 25.1269608], [55.1329954, 25.1270391], [55.1330383, 25.1270257], [55.1330745, 25.1270961], [55.1330913, 25.1271926]]]}}, {"type": "Feature", "properties": {"status": "existing", "bHeight": 12.0, "name": "", "levels": ""}, "geometry": {"type": "Polygon", "coordinates": [[[55.1306104, 25.1217087], [55.1306243, 25.1217737], [55.1305693, 25.1217834], [55.130595, 25.1219034], [55.1306501, 25.1218937], [55.1306673, 25.1219738], [55.1304492, 25.1220121], [55.1303924, 25.121747], [55.1306104, 25.1217087]]]}}, {"type": "Feature", "properties": {"status": "existing", "bHeight": 12.0, "name": "", "levels": ""}, "geometry": {"type": "Polygon", "coordinates": [[[55.130778, 25.1230902], [55.1309356, 25.1230489], [55.1310199, 25.1233127], [55.1308638, 25.1233535], [55.1308418, 25.1232845], [55.130814, 25.1232918], [55.1307948, 25.1232315], [55.130821, 25.1232246], [55.130778, 25.1230902]]]}}, {"type": "Feature", "properties": {"status": "existing", "bHeight": 12.0, "name": "", "levels": ""}, "geometry": {"type": "Polygon", "coordinates": [[[55.1320558, 25.125092], [55.1322483, 25.1250248], [55.1321997, 25.1249106], [55.1320693, 25.1249561], [55.132059, 25.124932], [55.1319968, 25.1249536], [55.1320558, 25.125092]]]}}, {"type": "Feature", "properties": {"status": "existing", "bHeight": 12.0, "name": "", "levels": ""}, "geometry": {"type": "Polygon", "coordinates": [[[55.1350106, 25.1298635], [55.1351388, 25.1300193], [55.1351076, 25.1300404], [55.1351572, 25.1301005], [55.1353678, 25.1299583], [55.1352525, 25.1298183], [55.135197, 25.1298557], [55.1351345, 25.1297798], [55.1350106, 25.1298635]]]}}, {"type": "Feature", "properties": {"status": "existing", "bHeight": 12.0, "name": "", "levels": ""}, "geometry": {"type": "Polygon", "coordinates": [[[55.1364589, 25.1314058], [55.1365997, 25.1314095], [55.1366024, 25.1313439], [55.136703, 25.1313512], [55.136703, 25.1314338], [55.1368022, 25.1314411], [55.1368068, 25.1315679], [55.1366164, 25.1315546], [55.1365909, 25.1315388], [55.1365842, 25.1315254], [55.1365842, 25.1315097], [55.1364562, 25.1315005], [55.1364589, 25.1314058]]]}}, {"type": "Feature", "properties": {"status": "existing", "bHeight": 12.0, "name": "", "levels": ""}, "geometry": {"type": "Polygon", "coordinates": [[[55.1387441, 25.1332732], [55.1387474, 25.133207], [55.1387823, 25.1331803], [55.1388118, 25.1331694], [55.1388367, 25.1331737], [55.138852, 25.1331876], [55.1388627, 25.1332082], [55.1388675, 25.1332417], [55.1388702, 25.1332999], [55.1389346, 25.1333035], [55.1389579, 25.1333187], [55.1389673, 25.1333624], [55.1389566, 25.1334074], [55.1387943, 25.1334158], [55.1387756, 25.1334013], [55.1387528, 25.1333891], [55.138742, 25.1333721], [55.1386185, 25.1333777], [55.1386127, 25.1332793], [55.1387441, 25.1332732]]]}}, {"type": "Feature", "properties": {"status": "existing", "bHeight": 12.0, "name": "", "levels": ""}, "geometry": {"type": "Polygon", "coordinates": [[[55.1350637, 25.1306547], [55.1352481, 25.1305172], [55.135299, 25.1305732], [55.1352404, 25.1306169], [55.1353119, 25.1306955], [55.1353675, 25.130654], [55.1354274, 25.1307198], [55.135246, 25.1308551], [55.1350637, 25.1306547]]]}}, {"type": "Feature", "properties": {"status": "existing", "bHeight": 12.0, "name": "", "levels": ""}, "geometry": {"type": "Polygon", "coordinates": [[[55.1306912, 25.121022], [55.1309028, 25.1209964], [55.1309399, 25.1212486], [55.1307373, 25.121273], [55.1307264, 25.1211987], [55.1307851, 25.1211916], [55.1307705, 25.1210928], [55.1307029, 25.121101], [55.1306912, 25.121022]]]}}, {"type": "Feature", "properties": {"status": "existing", "bHeight": 12.0, "name": "", "levels": ""}, "geometry": {"type": "Polygon", "coordinates": [[[55.1393115, 25.1337273], [55.1393852, 25.1337928], [55.1394174, 25.1337625], [55.1394743, 25.1338153], [55.1394904, 25.1338019], [55.1395078, 25.133825], [55.1394743, 25.1338469], [55.1395233, 25.1339069], [55.1396735, 25.1338402], [55.1395984, 25.1337115], [55.1394522, 25.133584], [55.1393115, 25.1337273]]]}}, {"type": "Feature", "properties": {"status": "existing", "bHeight": 12.0, "name": "", "levels": ""}, "geometry": {"type": "Polygon", "coordinates": [[[55.13447, 25.1292252], [55.1344438, 25.1291348], [55.1344083, 25.1290807], [55.1343587, 25.1290929], [55.1342903, 25.1290212], [55.1344902, 25.1289047], [55.1345819, 25.1290291], [55.1345411, 25.1290516], [55.1345626, 25.1290868], [55.1346315, 25.1290801], [55.1346436, 25.1291724], [55.1345685, 25.1291797], [55.1345706, 25.1292179], [55.13447, 25.1292252]]]}}, {"type": "Feature", "properties": {"status": "existing", "bHeight": 12.0, "name": "", "levels": ""}, "geometry": {"type": "Polygon", "coordinates": [[[55.1343831, 25.1298586], [55.1344677, 25.1299574], [55.1344475, 25.1299716], [55.1344911, 25.1300225], [55.1345148, 25.1300058], [55.1345702, 25.1300705], [55.1347216, 25.1299642], [55.1345381, 25.1297499], [55.1343831, 25.1298586]]]}}, {"type": "Feature", "properties": {"status": "existing", "bHeight": 12.0, "name": "", "levels": ""}, "geometry": {"type": "Polygon", "coordinates": [[[55.131035, 25.122323], [55.1311775, 25.1222865], [55.1312533, 25.1225443], [55.1311319, 25.122578], [55.1311193, 25.1225322], [55.1310942, 25.1225378], [55.1310735, 25.1224627], [55.1310477, 25.1224685], [55.1310318, 25.1224108], [55.1310576, 25.122405], [55.131035, 25.122323]]]}}, {"type": "Feature", "properties": {"status": "existing", "bHeight": 12.0, "name": "", "levels": ""}, "geometry": {"type": "Polygon", "coordinates": [[[55.1312244, 25.1230164], [55.1314007, 25.1229668], [55.13149, 25.1232274], [55.1313137, 25.1232769], [55.1312776, 25.1231718], [55.1312403, 25.1231823], [55.1312157, 25.1231105], [55.131253, 25.1231], [55.1312244, 25.1230164]]]}}, {"type": "Feature", "properties": {"status": "existing", "bHeight": 12.0, "name": "", "levels": ""}, "geometry": {"type": "Polygon", "coordinates": [[[55.1301521, 25.1211274], [55.1301957, 25.1209084], [55.13034, 25.1209319], [55.1303145, 25.1210601], [55.1303421, 25.1210646], [55.1303214, 25.1211683], [55.1302585, 25.121158], [55.130253, 25.1211856], [55.1301986, 25.1211767], [55.1302026, 25.1211568], [55.1301683, 25.1211512], [55.1301724, 25.1211307], [55.1301521, 25.1211274]]]}}, {"type": "Feature", "properties": {"status": "existing", "bHeight": 12.0, "name": "", "levels": ""}, "geometry": {"type": "Polygon", "coordinates": [[[55.132441, 25.1260295], [55.1326273, 25.1259457], [55.1327319, 25.1261788], [55.1325536, 25.1262528], [55.1325225, 25.1261912], [55.132572, 25.1261708], [55.1325249, 25.1260773], [55.1324754, 25.1260978], [55.132441, 25.1260295]]]}}, {"type": "Feature", "properties": {"status": "existing", "bHeight": 12.0, "name": "", "levels": ""}, "geometry": {"type": "Polygon", "coordinates": [[[55.1369598, 25.1319196], [55.1370808, 25.1318037], [55.137321, 25.1320091], [55.1371937, 25.1321312], [55.1371462, 25.1320906], [55.1371274, 25.1321086], [55.1370403, 25.1320341], [55.1370654, 25.1320099], [55.1369598, 25.1319196]]]}}, {"type": "Feature", "properties": {"status": "existing", "bHeight": 12.0, "name": "", "levels": ""}, "geometry": {"type": "Polygon", "coordinates": [[[55.1306067, 25.1224479], [55.1307432, 25.122411], [55.1308115, 25.12262], [55.1306586, 25.1226636], [55.1306385, 25.1225803], [55.1306071, 25.1225865], [55.1305954, 25.1225379], [55.1306268, 25.1225317], [55.1306067, 25.1224479]]]}}, {"type": "Feature", "properties": {"status": "existing", "bHeight": 12.0, "name": "", "levels": ""}, "geometry": {"type": "Polygon", "coordinates": [[[55.1374446, 25.1323744], [55.1376304, 25.1322272], [55.1378484, 25.1324192], [55.1376955, 25.1325823], [55.1374446, 25.1323744]]]}}, {"type": "Feature", "properties": {"status": "existing", "bHeight": 12.0, "name": "", "levels": ""}, "geometry": {"type": "Polygon", "coordinates": [[[55.1362428, 25.1316636], [55.1363095, 25.1317286], [55.1362187, 25.1318051], [55.1362376, 25.1318236], [55.1361743, 25.1318768], [55.1360887, 25.1317933], [55.1362428, 25.1316636]]]}}, {"type": "Feature", "properties": {"status": "existing", "bHeight": 12.0, "name": "", "levels": ""}, "geometry": {"type": "Polygon", "coordinates": [[[55.1347841, 25.129555], [55.1348722, 25.1296595], [55.1350291, 25.129551], [55.1349409, 25.1294465], [55.1347841, 25.129555]]]}}, {"type": "Feature", "properties": {"status": "existing", "bHeight": 12.0, "name": "", "levels": ""}, "geometry": {"type": "Polygon", "coordinates": [[[55.1381881, 25.1327014], [55.1384285, 25.1328801], [55.1382726, 25.133052], [55.1381759, 25.1329801], [55.1381952, 25.1329587], [55.1381298, 25.13291], [55.1381104, 25.1329314], [55.1380322, 25.1328733], [55.1380452, 25.132859], [55.1381881, 25.1327014]]]}}, {"type": "Feature", "properties": {"status": "existing", "bHeight": 12.0, "name": "", "levels": ""}, "geometry": {"type": "Polygon", "coordinates": [[[55.1386775, 25.1338807], [55.1386374, 25.1338543], [55.1387134, 25.1337601], [55.138945, 25.1339133], [55.1388465, 25.1340354], [55.1387715, 25.1339858], [55.138754, 25.1340075], [55.1387105, 25.1339788], [55.1387297, 25.133955], [55.1386566, 25.1339066], [55.1386775, 25.1338807]]]}}, {"type": "Feature", "properties": {"status": "existing", "bHeight": 12.0, "name": "", "levels": ""}, "geometry": {"type": "Polygon", "coordinates": [[[55.1319836, 25.1257562], [55.1318012, 25.1258267], [55.1318723, 25.1259554], [55.1320548, 25.1258873], [55.1319836, 25.1257562]]]}}, {"type": "Feature", "properties": {"status": "existing", "bHeight": 12.0, "name": "", "levels": ""}, "geometry": {"type": "Polygon", "coordinates": [[[55.1356704, 25.1306713], [55.1358259, 25.1305571], [55.1360056, 25.1307538], [55.1358554, 25.1308558], [55.1358132, 25.1308137], [55.1358568, 25.1307779], [55.1357727, 25.130694], [55.1357291, 25.1307299], [55.1356704, 25.1306713]]]}}, {"type": "Feature", "properties": {"status": "existing", "bHeight": 12.0, "name": "", "levels": ""}, "geometry": {"type": "Polygon", "coordinates": [[[55.1346739, 25.1295165], [55.1346013, 25.1294218], [55.134663, 25.1293831], [55.1346252, 25.1293337], [55.1345635, 25.1293725], [55.1345139, 25.1293078], [55.1346865, 25.1291993], [55.1348465, 25.129408], [55.1346739, 25.1295165]]]}}, {"type": "Feature", "properties": {"status": "existing", "bHeight": 12.0, "name": "", "levels": ""}, "geometry": {"type": "Polygon", "coordinates": [[[55.1392675, 25.1342754], [55.1391414, 25.1344424], [55.1391811, 25.1344671], [55.1391589, 25.1344965], [55.139395, 25.1346425], [55.1395218, 25.1344745], [55.1394507, 25.1344305], [55.1394209, 25.1344701], [55.1393381, 25.1344188], [55.1393894, 25.1343508], [55.1392675, 25.1342754]]]}}, {"type": "Feature", "properties": {"status": "existing", "bHeight": 12.0, "name": "", "levels": ""}, "geometry": {"type": "Polygon", "coordinates": [[[55.1321834, 25.1203833], [55.1322961, 25.1206286], [55.132104, 25.1206892], [55.1320747, 25.1206221], [55.1321436, 25.1205974], [55.1321035, 25.1205056], [55.1320346, 25.1205303], [55.1319968, 25.120444], [55.1321834, 25.1203833]]]}}, {"type": "Feature", "properties": {"status": "existing", "bHeight": 12.0, "name": "", "levels": ""}, "geometry": {"type": "Polygon", "coordinates": [[[55.1401792, 25.1341328], [55.1404058, 25.1343113], [55.1402789, 25.1344734], [55.1402245, 25.1344388], [55.1401167, 25.134579], [55.1402917, 25.1346901], [55.140176, 25.1348384], [55.1400339, 25.1347547], [55.1400946, 25.1346828], [55.140041, 25.1346585], [55.139951, 25.1347839], [55.1397835, 25.1346804], [55.1401792, 25.1341328]]]}}, {"type": "Feature", "properties": {"status": "existing", "bHeight": 12.0, "name": "", "levels": ""}, "geometry": {"type": "Polygon", "coordinates": [[[55.132257, 25.1216154], [55.1323183, 25.1215894], [55.1323535, 25.1216574], [55.1322922, 25.1216834], [55.1323449, 25.1217852], [55.1323978, 25.1217628], [55.1324389, 25.1218423], [55.132386, 25.1218647], [55.1322277, 25.1219303], [55.1320932, 25.1216762], [55.132257, 25.1216154]]]}}, {"type": "Feature", "properties": {"status": "existing", "bHeight": 12.0, "name": "", "levels": ""}, "geometry": {"type": "Polygon", "coordinates": [[[55.1379976, 25.132833], [55.1381498, 25.1326747], [55.1379094, 25.1325026], [55.1378425, 25.1325686], [55.1378091, 25.1325447], [55.13773, 25.1326226], [55.1379976, 25.132833]]]}}, {"type": "Feature", "properties": {"status": "existing", "bHeight": 12.0, "name": "", "levels": ""}, "geometry": {"type": "Polygon", "coordinates": [[[55.135901, 25.1309433], [55.1360539, 25.1308218], [55.1362336, 25.1310137], [55.1360888, 25.1311181], [55.1360305, 25.1310638], [55.1360715, 25.1310277], [55.1359975, 25.1309588], [55.1359564, 25.1309949], [55.135901, 25.1309433]]]}}, {"type": "Feature", "properties": {"status": "existing", "bHeight": 12.0, "name": "", "levels": ""}, "geometry": {"type": "Polygon", "coordinates": [[[55.136386, 25.132029], [55.1365711, 25.1318615], [55.1366476, 25.1319366], [55.136593, 25.1319861], [55.1366675, 25.1320592], [55.1366853, 25.1320447], [55.1367427, 25.132101], [55.1365862, 25.1322286], [55.136386, 25.132029]]]}}, {"type": "Feature", "properties": {"status": "existing", "bHeight": 12.0, "name": "", "levels": ""}, "geometry": {"type": "Polygon", "coordinates": [[[55.1362146, 25.131917], [55.13631, 25.1319957], [55.1363616, 25.1319444], [55.1363405, 25.131927], [55.1364192, 25.1318487], [55.1363449, 25.1317874], [55.1362146, 25.131917]]]}}, {"type": "Feature", "properties": {"status": "existing", "bHeight": 12.0, "name": "", "levels": ""}, "geometry": {"type": "Polygon", "coordinates": [[[55.134797, 25.1299907], [55.1348445, 25.1300486], [55.1347899, 25.1300854], [55.1348632, 25.1301746], [55.1349178, 25.1301379], [55.1349713, 25.130203], [55.1347718, 25.1303301], [55.1346061, 25.1301266], [55.134797, 25.1299907]]]}}, {"type": "Feature", "properties": {"status": "existing", "bHeight": 12.0, "name": "", "levels": ""}, "geometry": {"type": "Polygon", "coordinates": [[[55.1400088, 25.1339167], [55.1397594, 25.1337589], [55.1396333, 25.1339422], [55.1397151, 25.1339883], [55.1397446, 25.1339434], [55.1398304, 25.1339956], [55.1397983, 25.1340466], [55.139872, 25.1340928], [55.1400088, 25.1339167]]]}}, {"type": "Feature", "properties": {"status": "existing", "bHeight": 12.0, "name": "", "levels": ""}, "geometry": {"type": "Polygon", "coordinates": [[[55.1370932, 25.1323519], [55.1371566, 25.1324099], [55.1370725, 25.1324854], [55.1371536, 25.1325596], [55.1372109, 25.1325082], [55.1372742, 25.1325661], [55.1371165, 25.1327075], [55.1369086, 25.1325176], [55.1370932, 25.1323519]]]}}, {"type": "Feature", "properties": {"status": "existing", "bHeight": 12.0, "name": "", "levels": ""}, "geometry": {"type": "Polygon", "coordinates": [[[55.1305272, 25.1223334], [55.1307565, 25.1222836], [55.1307406, 25.1222049], [55.1306654, 25.1222173], [55.1306486, 25.1221341], [55.1307238, 25.1221217], [55.1307034, 25.1220211], [55.1304709, 25.1220626], [55.1305272, 25.1223334]]]}}, {"type": "Feature", "properties": {"status": "existing", "bHeight": 12.0, "name": "", "levels": ""}, "geometry": {"type": "Polygon", "coordinates": [[[55.1308142, 25.1215939], [55.1307982, 25.1215213], [55.1308633, 25.1215094], [55.1308433, 25.1214191], [55.1307782, 25.1214309], [55.1307579, 25.1213389], [55.1309657, 25.1213074], [55.1310113, 25.1215696], [55.1308142, 25.1215939]]]}}, {"type": "Feature", "properties": {"status": "existing", "bHeight": 12.0, "name": "", "levels": ""}, "geometry": {"type": "Polygon", "coordinates": [[[55.1293353, 25.1216241], [55.1295531, 25.121622], [55.1295547, 25.121759], [55.1294889, 25.1217597], [55.1294893, 25.1217918], [55.1294264, 25.1217924], [55.1294263, 25.1217789], [55.1293372, 25.1217798], [55.1293353, 25.1216241]]]}}, {"type": "Feature", "properties": {"status": "existing", "bHeight": 12.0, "name": "", "levels": ""}, "geometry": {"type": "Polygon", "coordinates": [[[55.1384478, 25.132949], [55.1385757, 25.133054], [55.1385422, 25.1330892], [55.1385771, 25.1331257], [55.1386334, 25.1330977], [55.1386744, 25.1331652], [55.138531, 25.1332793], [55.1384564, 25.1332046], [55.1384644, 25.1331876], [55.1384121, 25.1331402], [55.1383786, 25.1331767], [55.138307, 25.133119], [55.1384478, 25.132949]]]}}, {"type": "Feature", "properties": {"status": "existing", "bHeight": 12.0, "name": "", "levels": ""}, "geometry": {"type": "Polygon", "coordinates": [[[55.1388715, 25.1335512], [55.1390017, 25.1333909], [55.139137, 25.1334809], [55.1390915, 25.1335525], [55.1391263, 25.1335828], [55.1392042, 25.1335257], [55.1392337, 25.1336144], [55.1390941, 25.1336945], [55.1389761, 25.1335707], [55.1389359, 25.1336022], [55.1388715, 25.1335512]]]}}, {"type": "Feature", "properties": {"status": "existing", "bHeight": 12.0, "name": "", "levels": ""}, "geometry": {"type": "Polygon", "coordinates": [[[55.1380289, 25.1334388], [55.1381314, 25.1333229], [55.1383809, 25.1335035], [55.1382663, 25.1336333], [55.1382063, 25.1335899], [55.1381886, 25.1336099], [55.138085, 25.1335348], [55.1381148, 25.1335011], [55.1380289, 25.1334388]]]}}, {"type": "Feature", "properties": {"status": "existing", "bHeight": 12.0, "name": "", "levels": ""}, "geometry": {"type": "Polygon", "coordinates": [[[55.1309779, 25.1222662], [55.1309604, 25.1221857], [55.1310341, 25.1221726], [55.1310132, 25.1220765], [55.1309381, 25.1220899], [55.1309176, 25.1219956], [55.1311193, 25.1219597], [55.1311782, 25.1222305], [55.1309779, 25.1222662]]]}}, {"type": "Feature", "properties": {"status": "existing", "bHeight": 12.0, "name": "", "levels": ""}, "geometry": {"type": "Polygon", "coordinates": [[[55.1373527, 25.1320387], [55.1375552, 25.1322145], [55.137393, 25.1323675], [55.1372988, 25.1322857], [55.1373578, 25.1322301], [55.1373125, 25.1321908], [55.1372536, 25.1322464], [55.1371906, 25.1321917], [55.1373527, 25.1320387]]]}}, {"type": "Feature", "properties": {"status": "existing", "bHeight": 12.0, "name": "", "levels": ""}, "geometry": {"type": "Polygon", "coordinates": [[[55.1349655, 25.1302743], [55.1351585, 25.1304728], [55.1350368, 25.1305582], [55.1349775, 25.1304923], [55.134919, 25.1305333], [55.134883, 25.1304933], [55.1349913, 25.1304136], [55.1349621, 25.1303811], [55.1348538, 25.1304609], [55.1348111, 25.1304134], [55.1348993, 25.1303527], [55.1348811, 25.1303324], [55.1349655, 25.1302743]]]}}, {"type": "Feature", "properties": {"status": "existing", "bHeight": 12.0, "name": "", "levels": ""}, "geometry": {"type": "Polygon", "coordinates": [[[55.1391299, 25.1342616], [55.1392323, 25.1341385], [55.1392483, 25.1341193], [55.1391632, 25.1340613], [55.1391523, 25.1340743], [55.1390614, 25.1340123], [55.1390968, 25.1339697], [55.1390418, 25.1339322], [55.1388988, 25.1341041], [55.1389859, 25.1341635], [55.1389945, 25.1341533], [55.1390515, 25.1341921], [55.1390429, 25.1342024], [55.1391299, 25.1342616]]]}}, {"type": "Feature", "properties": {"status": "existing", "bHeight": 12.0, "name": "", "levels": ""}, "geometry": {"type": "Polygon", "coordinates": [[[55.1352774, 25.1301004], [55.1353693, 25.1302016], [55.1353038, 25.1302503], [55.1353962, 25.1303521], [55.1355533, 25.1302353], [55.135369, 25.1300322], [55.1352774, 25.1301004]]]}}, {"type": "Feature", "properties": {"status": "existing", "bHeight": 12.0, "name": "", "levels": ""}, "geometry": {"type": "Polygon", "coordinates": [[[55.1309583, 25.1237765], [55.1310507, 25.1240559], [55.1311557, 25.1240275], [55.1311628, 25.124049], [55.131268, 25.1240205], [55.1312296, 25.1239045], [55.1311833, 25.1239171], [55.1311639, 25.1238585], [55.1312218, 25.1238428], [55.13118, 25.1237164], [55.1309583, 25.1237765]]]}}, {"type": "Feature", "properties": {"status": "existing", "bHeight": 12.0, "name": "", "levels": ""}, "geometry": {"type": "Polygon", "coordinates": [[[55.132052, 25.1262578], [55.1322867, 25.1261781], [55.1322422, 25.1260784], [55.1321524, 25.1261113], [55.1321092, 25.1260143], [55.132199, 25.1259815], [55.1321619, 25.1258984], [55.1319223, 25.125992], [55.132052, 25.1262578]]]}}, {"type": "Feature", "properties": {"status": "existing", "bHeight": 12.0, "name": "", "levels": ""}, "geometry": {"type": "Polygon", "coordinates": [[[55.1367892, 25.1321584], [55.1369982, 25.1323438], [55.1368782, 25.1324546], [55.1368165, 25.1323999], [55.1367951, 25.1324196], [55.1367565, 25.1323853], [55.1367794, 25.1323641], [55.1366709, 25.1322677], [55.1367892, 25.1321584]]]}}, {"type": "Feature", "properties": {"status": "existing", "bHeight": 12.0, "name": "", "levels": ""}, "geometry": {"type": "Polygon", "coordinates": [[[55.1373893, 25.1329404], [55.1375362, 25.1327881], [55.1374716, 25.1327371], [55.1374264, 25.132784], [55.1373426, 25.1327177], [55.1374191, 25.1326384], [55.1373423, 25.1325777], [55.1371641, 25.1327624], [55.1373893, 25.1329404]]]}}, {"type": "Feature", "properties": {"status": "existing", "bHeight": 12.0, "name": "", "levels": ""}, "geometry": {"type": "Polygon", "coordinates": [[[55.1323775, 25.1256792], [55.132427, 25.1257883], [55.1323444, 25.125819], [55.132407, 25.1259569], [55.1325994, 25.1258853], [55.1325332, 25.1257393], [55.1325035, 25.1257503], [55.1324578, 25.1256494], [55.1323775, 25.1256792]]]}}, {"type": "Feature", "properties": {"status": "existing", "bHeight": 12.0, "name": "", "levels": ""}, "geometry": {"type": "Polygon", "coordinates": [[[55.1333609, 25.1225094], [55.1335098, 25.1227499], [55.1334688, 25.1227662], [55.1334326, 25.1227675], [55.1332764, 25.1228409], [55.1332515, 25.1228063], [55.1332456, 25.1227729], [55.1332697, 25.1227437], [55.1331893, 25.122592], [55.1333609, 25.1225094]]]}}, {"type": "Feature", "properties": {"status": "existing", "bHeight": 12.0, "name": "", "levels": ""}, "geometry": {"type": "Polygon", "coordinates": [[[55.1334023, 25.1234221], [55.1334501, 25.1234907], [55.133378, 25.1235318], [55.1334412, 25.1236225], [55.1335133, 25.1235813], [55.1335648, 25.1236552], [55.1333597, 25.1237613], [55.1332009, 25.1235347], [55.1334023, 25.1234221]]]}}, {"type": "Feature", "properties": {"status": "existing", "bHeight": 12.0, "name": "", "levels": ""}, "geometry": {"type": "Polygon", "coordinates": [[[55.1359119, 25.1261115], [55.1358569, 25.1260607], [55.1360021, 25.125932], [55.1361998, 25.1261149], [55.13605, 25.1262477], [55.1359812, 25.126184], [55.1360235, 25.1261466], [55.1359495, 25.1260782], [55.1359119, 25.1261115]]]}}, {"type": "Feature", "properties": {"status": "existing", "bHeight": 12.0, "name": "", "levels": ""}, "geometry": {"type": "Polygon", "coordinates": [[[55.1362222, 25.1266396], [55.1364291, 25.1268269], [55.1362276, 25.1270093], [55.1360207, 25.126822], [55.1362222, 25.1266396]]]}}, {"type": "Feature", "properties": {"status": "existing", "bHeight": 12.0, "name": "", "levels": ""}, "geometry": {"type": "Polygon", "coordinates": [[[55.1344298, 25.1244437], [55.1344473, 25.1243697], [55.1345814, 25.1243757], [55.1345927, 25.1243375], [55.1346114, 25.1243192], [55.1346457, 25.1243126], [55.1346745, 25.1243205], [55.1346973, 25.1243314], [55.1347047, 25.1243515], [55.1346953, 25.1244486], [55.134767, 25.1244589], [55.1347817, 25.124482], [55.1347839, 25.1245032], [55.1347724, 25.1245366], [55.1347557, 25.1245542], [55.1345967, 25.1245366], [55.1345685, 25.1245196], [55.1345564, 25.1245038], [55.1345538, 25.1244856], [55.1344298, 25.1244656], [55.1344298, 25.1244437]]]}}, {"type": "Feature", "properties": {"status": "existing", "bHeight": 12.0, "name": "", "levels": ""}, "geometry": {"type": "Polygon", "coordinates": [[[55.1425082, 25.1309578], [55.1425632, 25.1308409], [55.1428419, 25.1309483], [55.1427757, 25.1310892], [55.1426856, 25.1310545], [55.1426745, 25.1310781], [55.1426045, 25.1310512], [55.1426159, 25.1310269], [55.1425462, 25.131], [55.1425572, 25.1309767], [55.1425082, 25.1309578]]]}}, {"type": "Feature", "properties": {"status": "existing", "bHeight": 12.0, "name": "", "levels": ""}, "geometry": {"type": "Polygon", "coordinates": [[[55.1397939, 25.1291634], [55.1399272, 25.1289747], [55.1401814, 25.1291219], [55.1400732, 25.1292751], [55.139903, 25.1291766], [55.139878, 25.1292121], [55.1397939, 25.1291634]]]}}, {"type": "Feature", "properties": {"status": "existing", "bHeight": 12.0, "name": "", "levels": ""}, "geometry": {"type": "Polygon", "coordinates": [[[55.1341824, 25.1241351], [55.1343679, 25.1240279], [55.1344634, 25.1241317], [55.134525, 25.1242032], [55.134535, 25.1242719], [55.1344559, 25.124284], [55.1344579, 25.1243211], [55.1343466, 25.1243429], [55.1343306, 25.1242519], [55.1342783, 25.1241891], [55.134246, 25.124211], [55.1341824, 25.1241351]]]}}, {"type": "Feature", "properties": {"status": "existing", "bHeight": 12.0, "name": "", "levels": ""}, "geometry": {"type": "Polygon", "coordinates": [[[55.142172, 25.1308381], [55.1421432, 25.1308258], [55.1421643, 25.1307855], [55.1421737, 25.1307674], [55.1422065, 25.1307044], [55.1423761, 25.1307769], [55.1423571, 25.1308133], [55.1423969, 25.1308303], [55.142359, 25.1309031], [55.1423218, 25.1308872], [55.142287, 25.130954], [55.1422327, 25.1309307], [55.1422954, 25.1308103], [55.1422624, 25.1307962], [55.1422006, 25.1309146], [55.1421446, 25.1308906], [55.142172, 25.1308381]]]}}, {"type": "Feature", "properties": {"status": "existing", "bHeight": 12.0, "name": "", "levels": ""}, "geometry": {"type": "Polygon", "coordinates": [[[55.13919, 25.1287843], [55.139293, 25.1286286], [55.1395438, 25.1287646], [55.1394391, 25.128923], [55.1393627, 25.1288815], [55.1393894, 25.1288412], [55.139281, 25.1287825], [55.1392561, 25.1288201], [55.13919, 25.1287843]]]}}, {"type": "Feature", "properties": {"status": "existing", "bHeight": 12.0, "name": "", "levels": ""}, "geometry": {"type": "Polygon", "coordinates": [[[55.1353686, 25.1255608], [55.1353739, 25.1254551], [55.1355174, 25.1254551], [55.1355215, 25.125409], [55.1355489, 25.1253708], [55.1355985, 25.1253671], [55.1356266, 25.1253732], [55.1356414, 25.1253902], [55.1356468, 25.1254072], [55.1356489, 25.1254405], [55.1356776, 25.1254521], [55.1356977, 25.1254776], [55.1357106, 25.1255074], [55.1357226, 25.1255317], [55.1357286, 25.1255687], [55.1357192, 25.1256051], [55.1357025, 25.12563], [55.1355362, 25.1256227], [55.1355046, 25.1255978], [55.1354933, 25.1255692], [55.1353686, 25.1255608]]]}}, {"type": "Feature", "properties": {"status": "existing", "bHeight": 12.0, "name": "", "levels": ""}, "geometry": {"type": "Polygon", "coordinates": [[[55.1337767, 25.1243284], [55.133616, 25.1241129], [55.1338282, 25.1239718], [55.1338713, 25.1240281], [55.1337881, 25.1240803], [55.1338571, 25.1241706], [55.1339066, 25.1241395], [55.1339627, 25.1242129], [55.1337767, 25.1243284]]]}}, {"type": "Feature", "properties": {"status": "existing", "bHeight": 12.0, "name": "", "levels": ""}, "geometry": {"type": "Polygon", "coordinates": [[[55.1384639, 25.1285895], [55.1387104, 25.1287477], [55.1385999, 25.1288758], [55.1385322, 25.1288263], [55.1385163, 25.1288441], [55.1384671, 25.1288082], [55.13848, 25.1287937], [55.1384169, 25.1287475], [55.138437, 25.128725], [55.1383774, 25.1286815], [55.1384639, 25.1285895]]]}}, {"type": "Feature", "properties": {"status": "existing", "bHeight": 12.0, "name": "", "levels": ""}, "geometry": {"type": "Polygon", "coordinates": [[[55.1342745, 25.1249619], [55.1344594, 25.124823], [55.1345394, 25.1249127], [55.1344811, 25.1249554], [55.1345398, 25.1250212], [55.1345981, 25.1249785], [55.1346637, 25.125052], [55.1344593, 25.1251868], [55.1342745, 25.1249619]]]}}, {"type": "Feature", "properties": {"status": "existing", "bHeight": 12.0, "name": "", "levels": ""}, "geometry": {"type": "Polygon", "coordinates": [[[55.139486, 25.1289655], [55.1395943, 25.1288275], [55.1398108, 25.1289667], [55.1397025, 25.1291048], [55.1396579, 25.1290761], [55.139691, 25.1290339], [55.1395932, 25.1289709], [55.1395601, 25.1290132], [55.139486, 25.1289655]]]}}, {"type": "Feature", "properties": {"status": "existing", "bHeight": 12.0, "name": "", "levels": ""}, "geometry": {"type": "Polygon", "coordinates": [[[55.1411575, 25.1299259], [55.1412736, 25.129725], [55.1415248, 25.129844], [55.1414086, 25.1300449], [55.1413473, 25.1300159], [55.1413755, 25.129967], [55.1412656, 25.1299149], [55.1412373, 25.1299638], [55.1411575, 25.1299259]]]}}, {"type": "Feature", "properties": {"status": "existing", "bHeight": 12.0, "name": "", "levels": ""}, "geometry": {"type": "Polygon", "coordinates": [[[55.1401646, 25.1298746], [55.1403031, 25.1296682], [55.1403706, 25.1297047], [55.1403225, 25.1297777], [55.1404405, 25.1298414], [55.1404886, 25.1297683], [55.1405482, 25.1298005], [55.1404179, 25.1300084], [55.1401646, 25.1298746]]]}}, {"type": "Feature", "properties": {"status": "existing", "bHeight": 12.0, "name": "", "levels": ""}, "geometry": {"type": "Polygon", "coordinates": [[[55.1339828, 25.1246035], [55.133821, 25.1243976], [55.133947, 25.1243223], [55.1340515, 25.1244642], [55.134111, 25.1244282], [55.13416, 25.1244949], [55.1341005, 25.1245308], [55.1339828, 25.1246035]]]}}, {"type": "Feature", "properties": {"status": "existing", "bHeight": 12.0, "name": "", "levels": ""}, "geometry": {"type": "Polygon", "coordinates": [[[55.1346366, 25.1246446], [55.1347758, 25.1245546], [55.1349672, 25.1247974], [55.134827, 25.124888], [55.1347422, 25.1247804], [55.1346903, 25.124814], [55.1346502, 25.1247632], [55.1347032, 25.124729], [55.1346366, 25.1246446]]]}}, {"type": "Feature", "properties": {"status": "existing", "bHeight": 12.0, "name": "", "levels": ""}, "geometry": {"type": "Polygon", "coordinates": [[[55.136121, 25.1262626], [55.1362577, 25.1262602], [55.1362623, 25.1262207], [55.1362805, 25.1261885], [55.1363187, 25.1261746], [55.1363677, 25.1261837], [55.136383, 25.1262268], [55.1363932, 25.1263038], [55.1364763, 25.12631], [55.1364917, 25.12633], [55.136497, 25.1263676], [55.136479, 25.1264047], [55.1364367, 25.1264198], [55.1363817, 25.1264174], [55.1362932, 25.1264138], [55.1362644, 25.1263986], [55.136247, 25.1263731], [55.1361209, 25.126361], [55.136121, 25.1262626]]]}}, {"type": "Feature", "properties": {"status": "existing", "bHeight": 12.0, "name": "", "levels": ""}, "geometry": {"type": "Polygon", "coordinates": [[[55.1389226, 25.1291524], [55.138971, 25.1290917], [55.1389495, 25.1290777], [55.1390347, 25.1289708], [55.1390771, 25.1289985], [55.1390977, 25.1289726], [55.1391991, 25.1290388], [55.1391776, 25.1290658], [55.1392164, 25.1290913], [55.1392365, 25.1290661], [55.1393016, 25.1291087], [55.1392811, 25.1291345], [55.1391984, 25.1292383], [55.1391111, 25.1291813], [55.1390604, 25.1292449], [55.1390122, 25.1292134], [55.1390932, 25.1291117], [55.1390617, 25.1290911], [55.138982, 25.1291912], [55.1389226, 25.1291524]]]}}, {"type": "Feature", "properties": {"status": "existing", "bHeight": 12.0, "name": "", "levels": ""}, "geometry": {"type": "Polygon", "coordinates": [[[55.1381389, 25.1285196], [55.1380911, 25.1284869], [55.138176, 25.1283854], [55.1384151, 25.1285493], [55.1383116, 25.1286731], [55.1382348, 25.1286204], [55.1382206, 25.1286374], [55.1381732, 25.1286049], [55.1381882, 25.128587], [55.1381211, 25.1285409], [55.1381389, 25.1285196]]]}}, {"type": "Feature", "properties": {"status": "existing", "bHeight": 12.0, "name": "", "levels": ""}, "geometry": {"type": "Polygon", "coordinates": [[[55.1326502, 25.1216874], [55.1328379, 25.121617], [55.1328916, 25.121719], [55.1327065, 25.1217967], [55.1326502, 25.1216874]]]}}, {"type": "Feature", "properties": {"status": "existing", "bHeight": 12.0, "name": "", "levels": ""}, "geometry": {"type": "Polygon", "coordinates": [[[55.1339717, 25.1234684], [55.1341232, 25.123675], [55.1339294, 25.1237915], [55.1338912, 25.1237395], [55.1339394, 25.1237105], [55.1338752, 25.123623], [55.1338235, 25.1236541], [55.1337744, 25.123587], [55.1339717, 25.1234684]]]}}, {"type": "Feature", "properties": {"status": "existing", "bHeight": 12.0, "name": "", "levels": ""}, "geometry": {"type": "Polygon", "coordinates": [[[55.1350331, 25.1257889], [55.1351558, 25.1256874], [55.135344, 25.1258738], [55.1352159, 25.1259798], [55.1351904, 25.1259546], [55.1351815, 25.125962], [55.1351438, 25.1259246], [55.1351301, 25.1259359], [55.1350922, 25.1258984], [55.1351077, 25.1258855], [55.1350729, 25.1258511], [55.1350854, 25.1258407], [55.1350331, 25.1257889]]]}}, {"type": "Feature", "properties": {"status": "existing", "bHeight": 12.0, "name": "", "levels": ""}, "geometry": {"type": "Polygon", "coordinates": [[[55.1374546, 25.1275224], [55.1374483, 25.1274254], [55.1375797, 25.1274225], [55.13759, 25.1273608], [55.1376154, 25.1273353], [55.1376544, 25.1273329], [55.1376745, 25.1273414], [55.1376954, 25.1273546], [55.1377023, 25.1274604], [55.1377872, 25.1274653], [55.1378086, 25.1274859], [55.137809, 25.1275139], [55.1377909, 25.1275469], [55.1377201, 25.12756], [55.1376598, 25.1275624], [55.1376209, 25.1275563], [55.1375951, 25.1275414], [55.1375821, 25.1275163], [55.1374546, 25.1275224]]]}}, {"type": "Feature", "properties": {"status": "existing", "bHeight": 12.0, "name": "", "levels": ""}, "geometry": {"type": "Polygon", "coordinates": [[[55.1414961, 25.1300587], [55.1415959, 25.1298837], [55.1417361, 25.129946], [55.1416395, 25.1301237], [55.1414961, 25.1300587]]]}}, {"type": "Feature", "properties": {"status": "existing", "bHeight": 12.0, "name": "", "levels": ""}, "geometry": {"type": "Polygon", "coordinates": [[[55.135099, 25.1252451], [55.1352935, 25.1250945], [55.1354074, 25.1252111], [55.135335, 25.1252815], [55.1353565, 25.1253106], [55.1354262, 25.125296], [55.1354423, 25.1253689], [55.1352894, 25.1254466], [55.1352519, 25.1253446], [55.1352049, 25.12529], [55.1351634, 25.1253155], [55.135099, 25.1252451]]]}}, {"type": "Feature", "properties": {"status": "existing", "bHeight": 12.0, "name": "", "levels": ""}, "geometry": {"type": "Polygon", "coordinates": [[[55.1340731, 25.1239046], [55.1340302, 25.1239313], [55.1339766, 25.1238536], [55.1341656, 25.1237322], [55.1342614, 25.1238663], [55.1342198, 25.1238955], [55.1342466, 25.1239307], [55.1343043, 25.1239307], [55.1343217, 25.1240108], [55.1342627, 25.1240218], [55.1342689, 25.124054], [55.1341455, 25.1240721], [55.1341233, 25.1239817], [55.1340731, 25.1239046]]]}}, {"type": "Feature", "properties": {"status": "existing", "bHeight": 12.0, "name": "", "levels": ""}, "geometry": {"type": "Polygon", "coordinates": [[[55.1392624, 25.1293946], [55.139202, 25.1293497], [55.1393645, 25.1291409], [55.1399951, 25.1295041], [55.1399274, 25.1295999], [55.1400492, 25.1296706], [55.1401016, 25.1295966], [55.1401802, 25.1296422], [55.1401193, 25.1297283], [55.1401641, 25.1297543], [55.1400824, 25.1298697], [55.1399499, 25.1297928], [55.1399875, 25.1297396], [55.139913, 25.1296964], [55.1398974, 25.1297185], [55.1398517, 25.129692], [55.139843, 25.1297043], [55.1397602, 25.1296563], [55.1397469, 25.1296751], [55.1396122, 25.1295969], [55.1396239, 25.1295804], [55.1395413, 25.1295325], [55.1395522, 25.1295172], [55.1394961, 25.1294846], [55.1395332, 25.1294322], [55.1394283, 25.1293713], [55.1394437, 25.1294438], [55.1393469, 25.1294516], [55.1393254, 25.1293375], [55.1393026, 25.1293351], [55.1392624, 25.1293946]]]}}, {"type": "Feature", "properties": {"status": "existing", "bHeight": 12.0, "name": "", "levels": ""}, "geometry": {"type": "Polygon", "coordinates": [[[55.1332604, 25.122337], [55.1333275, 25.1224341], [55.1331531, 25.1225264], [55.1330941, 25.1224268], [55.1332604, 25.122337]]]}}, {"type": "Feature", "properties": {"status": "existing", "bHeight": 12.0, "name": "", "levels": ""}, "geometry": {"type": "Polygon", "coordinates": [[[55.1372863, 25.1272614], [55.1372218, 25.127327], [55.1371423, 25.1272628], [55.1372783, 25.1271246], [55.1374873, 25.1272931], [55.1374121, 25.1273695], [55.1373515, 25.1274311], [55.137292, 25.1273831], [55.1373356, 25.1273387], [55.1373081, 25.1273165], [55.1373287, 25.1272956], [55.1372863, 25.1272614]]]}}, {"type": "Feature", "properties": {"status": "existing", "bHeight": 12.0, "name": "", "levels": ""}, "geometry": {"type": "Polygon", "coordinates": [[[55.1327738, 25.1225776], [55.1328656, 25.1227409], [55.1329137, 25.1227141], [55.1329528, 25.1227825], [55.1327722, 25.1228628], [55.1326356, 25.1226401], [55.1327738, 25.1225776]]]}}, {"type": "Feature", "properties": {"status": "existing", "bHeight": 12.0, "name": "", "levels": ""}, "geometry": {"type": "Polygon", "coordinates": [[[55.1335916, 25.1237128], [55.1336466, 25.1237783], [55.1335768, 25.123822], [55.1336412, 25.123907], [55.133719, 25.1238609], [55.1337657, 25.1239313], [55.1335604, 25.1240482], [55.1334001, 25.1238382], [55.1335916, 25.1237128]]]}}, {"type": "Feature", "properties": {"status": "existing", "bHeight": 12.0, "name": "", "levels": ""}, "geometry": {"type": "Polygon", "coordinates": [[[55.1418032, 25.1306858], [55.141889, 25.1305231], [55.1421626, 25.1306397], [55.1420848, 25.1308024], [55.1418032, 25.1306858]]]}}, {"type": "Feature", "properties": {"status": "existing", "bHeight": 12.0, "name": "", "levels": ""}, "geometry": {"type": "Polygon", "coordinates": [[[55.1386267, 25.1289198], [55.1387829, 25.1287399], [55.1388576, 25.1287892], [55.1388007, 25.1288599], [55.1389031, 25.1289274], [55.13896, 25.1288568], [55.1390275, 25.1289013], [55.1388822, 25.1290906], [55.1386267, 25.1289198]]]}}, {"type": "Feature", "properties": {"status": "existing", "bHeight": 12.0, "name": "", "levels": ""}, "geometry": {"type": "Polygon", "coordinates": [[[55.1409395, 25.1297188], [55.1410287, 25.1295862], [55.1411575, 25.1296572], [55.1410537, 25.1298114], [55.1409584, 25.1297588], [55.1409729, 25.1297372], [55.1409395, 25.1297188]]]}}, {"type": "Feature", "properties": {"status": "existing", "bHeight": 12.0, "name": "", "levels": ""}, "geometry": {"type": "Polygon", "coordinates": [[[55.1377611, 25.1275861], [55.1378362, 25.1275095], [55.138099, 25.1277038], [55.1379167, 25.1278811], [55.1378529, 25.1278259], [55.1378971, 25.1277882], [55.1378751, 25.1277646], [55.1378483, 25.127773], [55.1378073, 25.1277482], [55.1377724, 25.1277117], [55.1377375, 25.1276704], [55.1377818, 25.1276146], [55.1377611, 25.1275861]]]}}, {"type": "Feature", "properties": {"status": "existing", "bHeight": 12.0, "name": "", "levels": ""}, "geometry": {"type": "Polygon", "coordinates": [[[55.1363596, 25.1265504], [55.1364991, 25.1264313], [55.1367016, 25.1266062], [55.1365609, 25.1267361], [55.1364977, 25.1266778], [55.1365473, 25.1266338], [55.1364676, 25.1265602], [55.136418, 25.1266042], [55.1363596, 25.1265504]]]}}, {"type": "Feature", "properties": {"status": "existing", "bHeight": 12.0, "name": "", "levels": ""}, "geometry": {"type": "Polygon", "coordinates": [[[55.1371777, 25.1278557], [55.1373688, 25.127671], [55.1374514, 25.1277351], [55.1373819, 25.1278085], [55.1374369, 25.1278512], [55.1375064, 25.1277778], [55.1375702, 25.1278273], [55.137395, 25.1280208], [55.1371777, 25.1278557]]]}}, {"type": "Feature", "properties": {"status": "existing", "bHeight": 12.0, "name": "", "levels": ""}, "geometry": {"type": "Polygon", "coordinates": [[[55.143168, 25.1312366], [55.1433195, 25.1312924], [55.1433047, 25.1313255], [55.1433496, 25.131342], [55.1433638, 25.1313103], [55.1434426, 25.1313393], [55.1434951, 25.1312223], [55.1432198, 25.1311211], [55.143168, 25.1312366]]]}}, {"type": "Feature", "properties": {"status": "existing", "bHeight": 12.0, "name": "", "levels": ""}, "geometry": {"type": "Polygon", "coordinates": [[[55.1435151, 25.1314076], [55.1437748, 25.1314948], [55.1438605, 25.1313172], [55.1437762, 25.1312898], [55.1437581, 25.1313353], [55.1436371, 25.1312959], [55.1436733, 25.1312047], [55.1436065, 25.131183], [55.1435151, 25.1314076]]]}}, {"type": "Feature", "properties": {"status": "existing", "bHeight": 12.0, "name": "", "levels": ""}, "geometry": {"type": "Polygon", "coordinates": [[[55.1442481, 25.1311423], [55.1443472, 25.1309857], [55.1444733, 25.1310295], [55.1443969, 25.1312225], [55.1443237, 25.1311988], [55.1442754, 25.1311624], [55.1442481, 25.1311423]]]}}, {"type": "Feature", "properties": {"status": "existing", "bHeight": 12.0, "name": "", "levels": ""}, "geometry": {"type": "Polygon", "coordinates": [[[55.1444026, 25.1315967], [55.144461, 25.1314541], [55.1446184, 25.131507], [55.1445599, 25.1316496], [55.1444026, 25.1315967]]]}}, {"type": "Feature", "properties": {"status": "existing", "bHeight": 12.0, "name": "", "levels": ""}, "geometry": {"type": "Polygon", "coordinates": [[[55.1435842, 25.1309846], [55.1435466, 25.1308995], [55.1436612, 25.1308528], [55.1436525, 25.1308072], [55.143666, 25.1307721], [55.1437055, 25.1307484], [55.1437417, 25.1307508], [55.1437692, 25.1307648], [55.1437935, 25.1308352], [55.1438645, 25.130817], [55.1438986, 25.1308297], [55.1439133, 25.130854], [55.1439181, 25.1308777], [55.1438953, 25.1309214], [55.1438202, 25.1309505], [55.143747, 25.130973], [55.1437129, 25.1309676], [55.1436942, 25.1309432], [55.1435842, 25.1309846]]]}}, {"type": "Feature", "properties": {"status": "existing", "bHeight": 12.0, "name": "", "levels": ""}, "geometry": {"type": "Polygon", "coordinates": [[[55.1438739, 25.1310938], [55.1439579, 25.131119], [55.1439729, 25.1310781], [55.1440941, 25.1311144], [55.1440791, 25.1311554], [55.1441609, 25.13118], [55.1442239, 25.1310068], [55.1439482, 25.1309236], [55.1438739, 25.1310938]]]}}, {"type": "Feature", "properties": {"status": "existing", "bHeight": 12.0, "name": "", "levels": ""}, "geometry": {"type": "Polygon", "coordinates": [[[55.1438444, 25.1315226], [55.143956, 25.1315542], [55.143963, 25.1315337], [55.1440412, 25.1315559], [55.1440341, 25.1315763], [55.1441229, 25.1316015], [55.1441963, 25.131395], [55.1439287, 25.1313117], [55.1438444, 25.1315226]]]}}, {"type": "Feature", "properties": {"status": "existing", "bHeight": 12.0, "name": "", "levels": ""}, "geometry": {"type": "Polygon", "coordinates": [[[55.1429231, 25.1311897], [55.142945, 25.1312377], [55.1429705, 25.1312632], [55.1430031, 25.1312706], [55.143047, 25.1312523], [55.1430571, 25.131225], [55.1430545, 25.1311643], [55.1431631, 25.1311218], [55.1431081, 25.1310161], [55.1430483, 25.1310373], [55.1430322, 25.1310082], [55.1429633, 25.1310355], [55.142933, 25.1309985], [55.1428962, 25.1309846], [55.1428592, 25.1309924], [55.1428453, 25.1310173], [55.1428654, 25.1310841], [55.1427903, 25.1311181], [55.1427788, 25.1311466], [55.1427989, 25.1311806], [55.1428252, 25.131191], [55.1429083, 25.1311618], [55.1429231, 25.1311897]]]}}, {"type": "Feature", "properties": {"status": "existing", "bHeight": 12.0, "name": "", "levels": ""}, "geometry": {"type": "Polygon", "coordinates": [[[55.1363972, 25.1228762], [55.1363958, 25.1227851], [55.13653, 25.1227754], [55.1365273, 25.1227268], [55.1365614, 25.1227031], [55.1366056, 25.1227019], [55.1366311, 25.122725], [55.136644, 25.1227657], [55.1366673, 25.1227723], [55.1366861, 25.1227966], [55.136695, 25.1228251], [55.1367491, 25.1228306], [55.136754, 25.122847], [55.1367518, 25.1228816], [55.1367365, 25.1229125], [55.1365595, 25.1229138], [55.1365373, 25.1228986], [55.1365273, 25.1228712], [55.1363972, 25.1228762]]]}}, {"type": "Feature", "properties": {"status": "existing", "bHeight": 12.0, "name": "", "levels": ""}, "geometry": {"type": "Polygon", "coordinates": [[[55.1393919, 25.1254661], [55.1394193, 25.1254485], [55.1394689, 25.1254327], [55.1395944, 25.1254127], [55.1396038, 25.125443], [55.1397124, 25.1254247], [55.1397304, 25.1254558], [55.1397398, 25.1254934], [55.1397285, 25.1255268], [55.1396956, 25.1255444], [55.13965, 25.1255541], [55.1396078, 25.1255572], [55.1396191, 25.12561], [55.1395971, 25.1256409], [55.1395614, 25.1256537], [55.1395279, 25.125644], [55.1395099, 25.1256264], [55.1395032, 25.1255401], [55.1394622, 25.1255505], [55.1394005, 25.1255492], [55.1393678, 25.1255256], [55.139367, 25.1254934], [55.1393919, 25.1254661]]]}}, {"type": "Feature", "properties": {"status": "existing", "bHeight": 12.0, "name": "", "levels": ""}, "geometry": {"type": "Polygon", "coordinates": [[[55.1340677, 25.1205958], [55.1340771, 25.1204962], [55.1342112, 25.1205059], [55.1342246, 25.1204501], [55.1342507, 25.1204288], [55.1342976, 25.1204276], [55.1343252, 25.1204525], [55.1343226, 25.1205666], [55.1344043, 25.1205763], [55.134421, 25.1205988], [55.1344237, 25.1206231], [55.1344164, 25.120648], [55.1344049, 25.1206656], [55.134307, 25.1206668], [55.1342541, 25.1206601], [55.1342165, 25.1206468], [55.1341876, 25.1206073], [55.1340677, 25.1205958]]]}}, {"type": "Feature", "properties": {"status": "existing", "bHeight": 12.0, "name": "", "levels": ""}, "geometry": {"type": "Polygon", "coordinates": [[[55.1393051, 25.1249447], [55.139412, 25.1247825], [55.1396507, 25.1249331], [55.1395322, 25.1250874], [55.1394766, 25.1250524], [55.1395093, 25.1250098], [55.1394099, 25.1249474], [55.1393772, 25.12499], [55.1393051, 25.1249447]]]}}, {"type": "Feature", "properties": {"status": "existing", "bHeight": 12.0, "name": "", "levels": ""}, "geometry": {"type": "Polygon", "coordinates": [[[55.1458131, 25.1276407], [55.1458774, 25.1274197], [55.1461632, 25.1274865], [55.1461028, 25.1277014], [55.1460293, 25.127686], [55.1460372, 25.1276554], [55.1460197, 25.1276517], [55.1460247, 25.1276321], [55.1459938, 25.1276256], [55.1460011, 25.127597], [55.1459211, 25.1275802], [55.145901, 25.1276591], [55.1458131, 25.1276407]]]}}, {"type": "Feature", "properties": {"status": "existing", "bHeight": 12.0, "name": "", "levels": ""}, "geometry": {"type": "Polygon", "coordinates": [[[55.1466527, 25.1282028], [55.1466338, 25.1282636], [55.1465794, 25.128297], [55.1465346, 25.1282976], [55.1464869, 25.1282763], [55.1464662, 25.1282478], [55.1464675, 25.1281931], [55.1464997, 25.1281519], [55.1465332, 25.1281313], [55.1465896, 25.1281167], [55.1466312, 25.128113], [55.1467438, 25.1280572], [55.1466834, 25.1280426], [55.1467076, 25.1279297], [55.1467747, 25.127937], [55.1467417, 25.1278526], [55.1466996, 25.1278192], [55.1467264, 25.1277779], [55.1466902, 25.1277803], [55.1466405, 25.1277706], [55.1466084, 25.1277355], [55.1465963, 25.1276856], [55.1466183, 25.127645], [55.1466567, 25.1276213], [55.1467189, 25.1276134], [55.146768, 25.1276322], [55.1467881, 25.1276734], [55.1468109, 25.1276807], [55.1468892, 25.1276486], [55.1469303, 25.1276784], [55.1470054, 25.1277476], [55.1470429, 25.1278216], [55.1470402, 25.1279698], [55.1470174, 25.1280486], [55.1469858, 25.1281063], [55.1469262, 25.128181], [55.1469094, 25.1281695], [55.1468672, 25.1282174], [55.1468503, 25.128252], [55.1468235, 25.1282703], [55.1467921, 25.1282684], [55.1467143, 25.1282879], [55.1466835, 25.1281993], [55.1466527, 25.1282028]]]}}, {"type": "Feature", "properties": {"status": "existing", "bHeight": 12.0, "name": "", "levels": ""}, "geometry": {"type": "Polygon", "coordinates": [[[55.1421756, 25.1269108], [55.1423074, 25.1269674], [55.142387, 25.1268157], [55.1423266, 25.1267897], [55.1423551, 25.1267355], [55.1422836, 25.1267048], [55.1421756, 25.1269108]]]}}, {"type": "Feature", "properties": {"status": "existing", "bHeight": 12.0, "name": "", "levels": ""}, "geometry": {"type": "Polygon", "coordinates": [[[55.1437327, 25.1269728], [55.1440048, 25.127063], [55.1440687, 25.126905], [55.1437966, 25.1268148], [55.1437327, 25.1269728]]]}}, {"type": "Feature", "properties": {"status": "existing", "bHeight": 12.0, "name": "", "levels": ""}, "geometry": {"type": "Polygon", "coordinates": [[[55.1413654, 25.1265171], [55.1414803, 25.1263209], [55.141599, 25.1263718], [55.1415608, 25.1264449], [55.1416247, 25.1264723], [55.1416629, 25.1263992], [55.1417346, 25.12643], [55.1416177, 25.1266338], [55.1415383, 25.126597], [55.1415501, 25.1265761], [55.1414914, 25.1265489], [55.1414795, 25.1265699], [55.1413654, 25.1265171]]]}}, {"type": "Feature", "properties": {"status": "existing", "bHeight": 12.0, "name": "", "levels": ""}, "geometry": {"type": "Polygon", "coordinates": [[[55.1403189, 25.1260521], [55.1404534, 25.1258425], [55.1405804, 25.1259094], [55.1404459, 25.1261189], [55.1403189, 25.1260521]]]}}, {"type": "Feature", "properties": {"status": "existing", "bHeight": 12.0, "name": "", "levels": ""}, "geometry": {"type": "Polygon", "coordinates": [[[55.1342648, 25.1214652], [55.1344526, 25.1216546], [55.1346574, 25.1214861], [55.1346212, 25.1215151], [55.1345694, 25.1214622], [55.134505, 25.1215138], [55.1344163, 25.1214231], [55.1345169, 25.1213425], [55.1344687, 25.1212932], [55.1342648, 25.1214652]]]}}, {"type": "Feature", "properties": {"status": "existing", "bHeight": 12.0, "name": "", "levels": ""}, "geometry": {"type": "Polygon", "coordinates": [[[55.1459445, 25.1280936], [55.1462154, 25.1281568], [55.1462808, 25.1279716], [55.1461898, 25.1279506], [55.146173, 25.12801], [55.1460706, 25.1279863], [55.1460974, 25.1278909], [55.1460165, 25.1278723], [55.1459445, 25.1280936]]]}}, {"type": "Feature", "properties": {"status": "existing", "bHeight": 12.0, "name": "", "levels": ""}, "geometry": {"type": "Polygon", "coordinates": [[[55.1398479, 25.1254904], [55.139919, 25.1255778], [55.1399807, 25.1256202], [55.1400195, 25.1255815], [55.1400919, 25.1256251], [55.1399807, 25.1257927], [55.1399391, 25.1257684], [55.1399176, 25.1258049], [55.1398417, 25.125769], [55.1398712, 25.1257241], [55.1398377, 25.1257059], [55.1398565, 25.125678], [55.1398163, 25.1256561], [55.1397599, 25.1256865], [55.1397044, 25.1256312], [55.1398479, 25.1254904]]]}}, {"type": "Feature", "properties": {"status": "existing", "bHeight": 12.0, "name": "", "levels": ""}, "geometry": {"type": "Polygon", "coordinates": [[[55.1333039, 25.1193122], [55.1334706, 25.1195263], [55.1332951, 25.1196383], [55.1332277, 25.1195517], [55.1332966, 25.1195077], [55.1332504, 25.1194485], [55.1331816, 25.1194924], [55.1331285, 25.1194242], [55.1333039, 25.1193122]]]}}, {"type": "Feature", "properties": {"status": "existing", "bHeight": 12.0, "name": "", "levels": ""}, "geometry": {"type": "Polygon", "coordinates": [[[55.1400303, 25.1257927], [55.1401563, 25.1256761], [55.1402556, 25.1257515], [55.1402918, 25.1257259], [55.1403856, 25.1258182], [55.140328, 25.1259117], [55.1402932, 25.1259651], [55.1402548, 25.125939], [55.14024, 25.1259779], [55.1401877, 25.125973], [55.140155, 25.1259396], [55.140177, 25.1259014], [55.1401456, 25.1258801], [55.1401623, 25.125854], [55.1401207, 25.1258322], [55.1400845, 25.1258601], [55.1400303, 25.1257927]]]}}, {"type": "Feature", "properties": {"status": "existing", "bHeight": 12.0, "name": "", "levels": ""}, "geometry": {"type": "Polygon", "coordinates": [[[55.1332604, 25.120308], [55.1330746, 25.1200828], [55.1333052, 25.1199408], [55.1333587, 25.1200143], [55.133272, 25.120066], [55.1333408, 25.1201605], [55.1334275, 25.1201088], [55.1334713, 25.1201691], [55.1332604, 25.120308]]]}}, {"type": "Feature", "properties": {"status": "existing", "bHeight": 12.0, "name": "", "levels": ""}, "geometry": {"type": "Polygon", "coordinates": [[[55.1448782, 25.1278225], [55.1451594, 25.1278988], [55.1452272, 25.1276939], [55.1451405, 25.1276703], [55.145121, 25.1277293], [55.1450084, 25.1276987], [55.1450279, 25.1276398], [55.144946, 25.1276175], [55.1448782, 25.1278225]]]}}, {"type": "Feature", "properties": {"status": "existing", "bHeight": 12.0, "name": "", "levels": ""}, "geometry": {"type": "Polygon", "coordinates": [[[55.1440635, 25.1271012], [55.1441115, 25.1269783], [55.1443917, 25.127068], [55.1443521, 25.1271692], [55.1442911, 25.1271497], [55.1442819, 25.1271731], [55.1441992, 25.1271467], [55.1441891, 25.1271725], [55.1441415, 25.1271573], [55.1441523, 25.1271296], [55.1440635, 25.1271012]]]}}, {"type": "Feature", "properties": {"status": "existing", "bHeight": 12.0, "name": "", "levels": ""}, "geometry": {"type": "Polygon", "coordinates": [[[55.1399521, 25.1252624], [55.1400499, 25.1251153], [55.1402931, 25.1252479], [55.1402251, 25.1253501], [55.1402509, 25.1253642], [55.1402223, 25.1254073], [55.1401766, 25.1253823], [55.1401597, 25.1254077], [55.1400536, 25.1253499], [55.1400693, 25.1253263], [55.1399521, 25.1252624]]]}}, {"type": "Feature", "properties": {"status": "existing", "bHeight": 12.0, "name": "", "levels": ""}, "geometry": {"type": "Polygon", "coordinates": [[[55.1335547, 25.1199727], [55.1337329, 25.1198533], [55.1339055, 25.1200647], [55.1337273, 25.120184], [55.1336802, 25.1201265], [55.1337336, 25.1200907], [55.1336614, 25.1200023], [55.133608, 25.120038], [55.1335547, 25.1199727]]]}}, {"type": "Feature", "properties": {"status": "existing", "bHeight": 12.0, "name": "", "levels": ""}, "geometry": {"type": "Polygon", "coordinates": [[[55.139636, 25.1250909], [55.1397224, 25.124957], [55.1399959, 25.1251051], [55.1399123, 25.1252414], [55.1398645, 25.1252154], [55.1398385, 25.1252545], [55.1397215, 25.1251907], [55.1397474, 25.1251516], [55.139636, 25.1250909]]]}}, {"type": "Feature", "properties": {"status": "existing", "bHeight": 12.0, "name": "", "levels": ""}, "geometry": {"type": "Polygon", "coordinates": [[[55.1455975, 25.127993], [55.1457237, 25.1280228], [55.1457172, 25.1280453], [55.1457779, 25.1280596], [55.1457845, 25.1280367], [55.1458736, 25.1280577], [55.1459151, 25.127925], [55.1456309, 25.1278518], [55.1455975, 25.127993]]]}}, {"type": "Feature", "properties": {"status": "existing", "bHeight": 12.0, "name": "", "levels": ""}, "geometry": {"type": "Polygon", "coordinates": [[[55.1364305, 25.1234999], [55.1365635, 25.1233655], [55.136687, 25.1234599], [55.1365485, 25.1235989], [55.1364305, 25.1234999]]]}}, {"type": "Feature", "properties": {"status": "existing", "bHeight": 12.0, "name": "", "levels": ""}, "geometry": {"type": "Polygon", "coordinates": [[[55.1360857, 25.1226001], [55.1362722, 25.1224381], [55.1364951, 25.1226484], [55.1363203, 25.1228003], [55.136241, 25.1227254], [55.1362785, 25.1226928], [55.1362113, 25.1226295], [55.1361622, 25.1226722], [55.1360857, 25.1226001]]]}}, {"type": "Feature", "properties": {"status": "existing", "bHeight": 12.0, "name": "", "levels": ""}, "geometry": {"type": "Polygon", "coordinates": [[[55.1349274, 25.1212479], [55.1351204, 25.1214361], [55.1349639, 25.1215501], [55.1349109, 25.1214954], [55.1349545, 25.1214608], [55.1348844, 25.1213884], [55.1348408, 25.121423], [55.1347733, 25.1213532], [55.1349274, 25.1212479]]]}}, {"type": "Feature", "properties": {"status": "existing", "bHeight": 12.0, "name": "", "levels": ""}, "geometry": {"type": "Polygon", "coordinates": [[[55.140986, 25.1258615], [55.1410815, 25.1256957], [55.1413462, 25.1258206], [55.1412497, 25.1259883], [55.1411751, 25.1259531], [55.1411888, 25.1259292], [55.1411491, 25.1259105], [55.1411713, 25.125872], [55.1411072, 25.1258418], [55.1410723, 25.1259023], [55.140986, 25.1258615]]]}}, {"type": "Feature", "properties": {"status": "existing", "bHeight": 12.0, "name": "", "levels": ""}, "geometry": {"type": "Polygon", "coordinates": [[[55.1424021, 25.1269724], [55.1426879, 25.1270831], [55.1427902, 25.1268666], [55.1427098, 25.1268354], [55.1426682, 25.1269235], [55.1425939, 25.1268947], [55.1426355, 25.1268066], [55.1425044, 25.1267558], [55.1424021, 25.1269724]]]}}, {"type": "Feature", "properties": {"status": "existing", "bHeight": 12.0, "name": "", "levels": ""}, "geometry": {"type": "Polygon", "coordinates": [[[55.1338102, 25.1202048], [55.1339979, 25.1200907], [55.1342098, 25.1203335], [55.1340194, 25.1204477], [55.1338102, 25.1202048]]]}}, {"type": "Feature", "properties": {"status": "existing", "bHeight": 12.0, "name": "", "levels": ""}, "geometry": {"type": "Polygon", "coordinates": [[[55.1434527, 25.1266876], [55.1436136, 25.1267483], [55.1435928, 25.1268084], [55.1436344, 25.1268254], [55.143684, 25.1267804], [55.1437537, 25.1268363], [55.1436311, 25.1269741], [55.143556, 25.1269158], [55.1435646, 25.126897], [55.1434769, 25.1268697], [55.1434702, 25.1269134], [55.1433749, 25.1268781], [55.1434527, 25.1266876]]]}}, {"type": "Feature", "properties": {"status": "existing", "bHeight": 12.0, "name": "", "levels": ""}, "geometry": {"type": "Polygon", "coordinates": [[[55.1455114, 25.1275763], [55.1454564, 25.1274804], [55.145569, 25.1274246], [55.1455382, 25.1273699], [55.1456307, 25.1273274], [55.1456978, 25.1274245], [55.1457997, 25.1273773], [55.1458284, 25.1274021], [55.1458405, 25.1274325], [55.145836, 25.1274586], [55.1456777, 25.1275448], [55.1456366, 25.1275393], [55.1456146, 25.127518], [55.1455114, 25.1275763]]]}}, {"type": "Feature", "properties": {"status": "existing", "bHeight": 12.0, "name": "", "levels": ""}, "geometry": {"type": "Polygon", "coordinates": [[[55.1452271, 25.1279078], [55.1454953, 25.1279782], [55.1455505, 25.1277895], [55.1454896, 25.1277742], [55.1454786, 25.12781], [55.1454021, 25.1277908], [55.145413, 25.127755], [55.1452793, 25.1277214], [55.1452271, 25.1279078]]]}}, {"type": "Feature", "properties": {"status": "existing", "bHeight": 12.0, "name": "", "levels": ""}, "geometry": {"type": "Polygon", "coordinates": [[[55.1413119, 25.1260268], [55.1414097, 25.1258553], [55.1416608, 25.1259725], [55.141563, 25.1261441], [55.1414927, 25.1261113], [55.1415099, 25.1260811], [55.1414791, 25.1260667], [55.1414991, 25.1260316], [55.1414346, 25.1260015], [55.1414146, 25.1260366], [55.1414012, 25.1260303], [55.141384, 25.1260605], [55.1413119, 25.1260268]]]}}, {"type": "Feature", "properties": {"status": "existing", "bHeight": 12.0, "name": "", "levels": ""}, "geometry": {"type": "Polygon", "coordinates": [[[55.1408081, 25.1260683], [55.1410482, 25.1261873], [55.1409865, 25.1263087], [55.1409072, 25.1262717], [55.1408943, 25.1262943], [55.1408383, 25.1262681], [55.1408512, 25.1262455], [55.1407316, 25.1261897], [55.1408081, 25.1260683]]]}}, {"type": "Feature", "properties": {"status": "existing", "bHeight": 12.0, "name": "", "levels": ""}, "geometry": {"type": "Polygon", "coordinates": [[[55.1444036, 25.1272328], [55.1444854, 25.1270287], [55.1446469, 25.1270767], [55.1446348, 25.1271362], [55.1446751, 25.1271581], [55.1447274, 25.127101], [55.1448073, 25.1271683], [55.1446758, 25.1273153], [55.1445927, 25.1272521], [55.1445136, 25.1272243], [55.1444935, 25.1272656], [55.1444036, 25.1272328]]]}}, {"type": "Feature", "properties": {"status": "existing", "bHeight": 12.0, "name": "", "levels": ""}, "geometry": {"type": "Polygon", "coordinates": [[[55.1333403, 25.1197024], [55.1335166, 25.1195928], [55.1336802, 25.1197992], [55.133505, 25.1199174], [55.1334581, 25.1198562], [55.1335095, 25.119824], [55.1334866, 25.119794], [55.1335116, 25.1197783], [55.1334651, 25.1197176], [55.1333887, 25.1197656], [55.1333403, 25.1197024]]]}}, {"type": "Feature", "properties": {"status": "existing", "bHeight": 12.0, "name": "", "levels": ""}, "geometry": {"type": "Polygon", "coordinates": [[[55.1406024, 25.1261931], [55.1404866, 25.1261348], [55.1406177, 25.1259217], [55.1406867, 25.1259565], [55.1406567, 25.1260053], [55.1407262, 25.1260403], [55.1406251, 25.1262046], [55.1406024, 25.1261931]]]}}, {"type": "Feature", "properties": {"status": "existing", "bHeight": 12.0, "name": "", "levels": ""}, "geometry": {"type": "Polygon", "coordinates": [[[55.1358221, 25.1223648], [55.1359983, 25.1222212], [55.1361979, 25.122422], [55.1360345, 25.1225551], [55.1359826, 25.122503], [55.1360203, 25.1224723], [55.1359479, 25.1223995], [55.1358974, 25.1224406], [55.1358221, 25.1223648]]]}}, {"type": "Feature", "properties": {"status": "existing", "bHeight": 12.0, "name": "", "levels": ""}, "geometry": {"type": "Polygon", "coordinates": [[[55.1419976, 25.12629], [55.1420573, 25.1261858], [55.1420851, 25.1261988], [55.1420992, 25.1261741], [55.1421385, 25.1261926], [55.1421576, 25.1261593], [55.1423536, 25.1262513], [55.1422355, 25.1264575], [55.1421444, 25.1264147], [55.1421786, 25.1263549], [55.1421491, 25.1263411], [55.1421401, 25.1263569], [55.1420876, 25.1263323], [55.1419976, 25.12629]]]}}, {"type": "Feature", "properties": {"status": "existing", "bHeight": 12.0, "name": "", "levels": ""}, "geometry": {"type": "Polygon", "coordinates": [[[55.144225, 25.1274395], [55.1445165, 25.1275243], [55.1444587, 25.1276871], [55.1444159, 25.1276746], [55.1444085, 25.1276954], [55.1443588, 25.1276809], [55.1443521, 25.1276999], [55.1442988, 25.1276844], [55.1443055, 25.1276654], [55.1442493, 25.1276491], [55.1442611, 25.1276158], [55.1441717, 25.1275898], [55.144225, 25.1274395]]]}}, {"type": "Feature", "properties": {"status": "existing", "bHeight": 12.0, "name": "", "levels": ""}, "geometry": {"type": "Polygon", "coordinates": [[[55.1450929, 25.1274477], [55.1451841, 25.1272522], [55.1454456, 25.1273202], [55.145392, 25.1275278], [55.1453197, 25.1275084], [55.145332, 25.1274706], [55.1453101, 25.1274647], [55.1453141, 25.1274527], [55.1452807, 25.1274438], [55.1452891, 25.1274182], [55.1452159, 25.1273986], [55.1451913, 25.127474], [55.1450929, 25.1274477]]]}}, {"type": "Feature", "properties": {"status": "existing", "bHeight": 12.0, "name": "", "levels": ""}, "geometry": {"type": "Polygon", "coordinates": [[[55.1416214, 25.1261696], [55.1417308, 25.1259825], [55.1419824, 25.126103], [55.1419004, 25.1262435], [55.1418151, 25.1262027], [55.1418281, 25.1261805], [55.1417626, 25.1261491], [55.1417224, 25.126218], [55.1416214, 25.1261696]]]}}, {"type": "Feature", "properties": {"status": "existing", "bHeight": 12.0, "name": "", "levels": ""}, "geometry": {"type": "Polygon", "coordinates": [[[55.1410451, 25.1263655], [55.1411682, 25.1261519], [55.1412367, 25.1261839], [55.1411886, 25.1262683], [55.1413069, 25.1263236], [55.141331, 25.1262814], [55.1413965, 25.126312], [55.141303, 25.1264872], [55.1410451, 25.1263655]]]}}, {"type": "Feature", "properties": {"status": "existing", "bHeight": 12.0, "name": "", "levels": ""}, "geometry": {"type": "Polygon", "coordinates": [[[55.1430276, 25.1267629], [55.1431095, 25.1267926], [55.1431372, 25.12673], [55.1432507, 25.1267712], [55.143223, 25.1268338], [55.1432985, 25.1268612], [55.1433804, 25.1266778], [55.1431134, 25.1265783], [55.1430276, 25.1267629]]]}}, {"type": "Feature", "properties": {"status": "existing", "bHeight": 12.0, "name": "", "levels": ""}, "geometry": {"type": "Polygon", "coordinates": [[[55.1405782, 25.1256062], [55.1406838, 25.1254464], [55.1409691, 25.1256009], [55.1408689, 25.1257525], [55.140819, 25.1257254], [55.1407885, 25.1257716], [55.1406684, 25.1257066], [55.1406934, 25.1256687], [55.1405782, 25.1256062]]]}}, {"type": "Feature", "properties": {"status": "existing", "bHeight": 12.0, "name": "", "levels": ""}, "geometry": {"type": "Polygon", "coordinates": [[[55.1423544, 25.1264957], [55.1423209, 25.1264046], [55.1424443, 25.1263694], [55.1424274, 25.1263033], [55.1424496, 25.1262687], [55.1424904, 25.1262596], [55.1425328, 25.1262687], [55.1425744, 25.1263755], [55.1426513, 25.1263494], [55.1426835, 25.1263543], [55.1426963, 25.1263682], [55.1427037, 25.126398], [55.1427004, 25.1264265], [55.1425374, 25.1264842], [55.1425126, 25.1264811], [55.1424797, 25.126472], [55.1424671, 25.1264545], [55.1423544, 25.1264957]]]}}, {"type": "Feature", "properties": {"status": "existing", "bHeight": 12.0, "name": "", "levels": ""}, "geometry": {"type": "Polygon", "coordinates": [[[55.1418622, 25.1265892], [55.1419835, 25.1266275], [55.1420023, 25.1266056], [55.142068, 25.1266287], [55.1420232, 25.1267301], [55.1419754, 25.1267112], [55.141936, 25.1267725], [55.1417837, 25.1267197], [55.1417314, 25.1267343], [55.1416758, 25.1267046], [55.1417307, 25.1266232], [55.1416683, 25.1265922], [55.1417582, 25.1264429], [55.1418971, 25.1264994], [55.1418622, 25.1265892]]]}}, {"type": "Feature", "properties": {"status": "existing", "bHeight": 12.0, "name": "", "levels": ""}, "geometry": {"type": "Polygon", "coordinates": [[[55.1402702, 25.1254435], [55.1403547, 25.1253004], [55.1406368, 25.1254423], [55.1405413, 25.125585], [55.1404984, 25.1255609], [55.1404676, 25.1256056], [55.1403491, 25.1255388], [55.1403743, 25.1255022], [55.1402702, 25.1254435]]]}}, {"type": "Feature", "properties": {"status": "existing", "bHeight": 12.0, "name": "", "levels": ""}, "geometry": {"type": "Polygon", "coordinates": [[[55.1389962, 25.124757], [55.1391116, 25.1246023], [55.1391875, 25.1246486], [55.1391775, 25.124662], [55.1392457, 25.1247036], [55.1392556, 25.1246903], [55.1393457, 25.1247454], [55.1392303, 25.1249002], [55.1391643, 25.1248598], [55.1391903, 25.1248249], [55.1390997, 25.1247695], [55.1390737, 25.1248044], [55.1389962, 25.124757]]]}}, {"type": "Feature", "properties": {"status": "existing", "bHeight": 12.0, "name": "", "levels": ""}, "geometry": {"type": "Polygon", "coordinates": [[[55.1447835, 25.1273117], [55.1448402, 25.127154], [55.1451069, 25.1272261], [55.1450487, 25.1274319], [55.1449544, 25.1274059], [55.1449761, 25.127347], [55.1449391, 25.1273357], [55.144932, 25.1273571], [55.1447835, 25.1273117]]]}}, {"type": "Feature", "properties": {"status": "existing", "bHeight": 12.0, "name": "", "levels": ""}, "geometry": {"type": "Polygon", "coordinates": [[[55.1328662, 25.1198244], [55.1330493, 25.1200425], [55.1332205, 25.1199247], [55.1331744, 25.1198698], [55.1331258, 25.1199032], [55.1330438, 25.1198055], [55.1331331, 25.119744], [55.1330781, 25.1196785], [55.1328662, 25.1198244]]]}}, {"type": "Feature", "properties": {"status": "existing", "bHeight": 12.0, "name": "", "levels": ""}, "geometry": {"type": "Polygon", "coordinates": [[[55.1332964, 25.1203568], [55.1335194, 25.120218], [55.1335699, 25.1202788], [55.1334931, 25.120331], [55.1335727, 25.1204272], [55.1336167, 25.1203965], [55.1336646, 25.1204543], [55.1334788, 25.1205761], [55.1332964, 25.1203568]]]}}, {"type": "Feature", "properties": {"status": "existing", "bHeight": 12.0, "name": "", "levels": ""}, "geometry": {"type": "Polygon", "coordinates": [[[55.144869, 25.1276139], [55.1448046, 25.1277694], [55.1447626, 25.1277568], [55.144745, 25.1278052], [55.1446697, 25.1277827], [55.1446873, 25.1277343], [55.1446383, 25.1277196], [55.144657, 25.1276857], [55.1446235, 25.1276759], [55.144535, 25.1276055], [55.1445887, 25.1275168], [55.144869, 25.1276139]]]}}, {"type": "Feature", "properties": {"status": "existing", "bHeight": 12.0, "name": "", "levels": ""}, "geometry": {"type": "Polygon", "coordinates": [[[55.1392327, 25.1252095], [55.1394429, 25.1253131], [55.1393571, 25.1254345], [55.1392826, 25.1253936], [55.1392661, 25.1254183], [55.1392238, 25.125395], [55.1392404, 25.1253704], [55.1391621, 25.1253274], [55.1392327, 25.1252095]]]}}, {"type": "Feature", "properties": {"status": "existing", "bHeight": 12.0, "name": "", "levels": ""}, "geometry": {"type": "Polygon", "coordinates": [[[55.1379328, 25.1240029], [55.1380669, 25.1238475], [55.1381957, 25.1239398], [55.1380589, 25.1240904], [55.1379328, 25.1240029]]]}}, {"type": "Feature", "properties": {"status": "existing", "bHeight": 12.0, "name": "", "levels": ""}, "geometry": {"type": "Polygon", "coordinates": [[[55.1312205, 25.1302089], [55.1313967, 25.13014], [55.1312752, 25.1298853], [55.1311755, 25.1299243], [55.1312357, 25.1300504], [55.1311592, 25.1300803], [55.1312205, 25.1302089]]]}}, {"type": "Feature", "properties": {"status": "existing", "bHeight": 12.0, "name": "", "levels": ""}, "geometry": {"type": "Polygon", "coordinates": [[[55.1315349, 25.1307817], [55.1314243, 25.1305424], [55.1315824, 25.1304826], [55.1316284, 25.130582], [55.1316697, 25.1305664], [55.1317426, 25.1307241], [55.1316213, 25.13077], [55.1316365, 25.1308028], [55.1315919, 25.1308197], [55.1315685, 25.130769], [55.1315349, 25.1307817]]]}}, {"type": "Feature", "properties": {"status": "existing", "bHeight": 12.0, "name": "", "levels": ""}, "geometry": {"type": "Polygon", "coordinates": [[[55.1321935, 25.1327962], [55.1320417, 25.1325633], [55.1322608, 25.1324463], [55.1323072, 25.1325174], [55.1322716, 25.1325365], [55.1323769, 25.1326982], [55.1321935, 25.1327962]]]}}, {"type": "Feature", "properties": {"status": "existing", "bHeight": 12.0, "name": "", "levels": ""}, "geometry": {"type": "Polygon", "coordinates": [[[55.131124, 25.1310489], [55.1311554, 25.1310325], [55.1314713, 25.1311035], [55.1314284, 25.1312613], [55.1312957, 25.1312249], [55.1312742, 25.1312625], [55.1312473, 25.1312772], [55.1312225, 25.1312826], [55.1311983, 25.1312765], [55.1311782, 25.131262], [55.1311769, 25.1312304], [55.1312058, 25.1311497], [55.131124, 25.1311254], [55.1311111, 25.1311102], [55.1311044, 25.1310847], [55.1311058, 25.1310628], [55.131124, 25.1310489]]]}}, {"type": "Feature", "properties": {"status": "existing", "bHeight": 12.0, "name": "", "levels": ""}, "geometry": {"type": "Polygon", "coordinates": [[[55.1322779, 25.1320157], [55.1322331, 25.1320366], [55.1321939, 25.1319677], [55.1322387, 25.1319468], [55.132184, 25.1318506], [55.1321472, 25.1318721], [55.1321298, 25.1318814], [55.1320812, 25.1318036], [55.1322623, 25.1317068], [55.1322814, 25.131736], [55.1324074, 25.13194], [55.1322779, 25.1320157]]]}}, {"type": "Feature", "properties": {"status": "existing", "bHeight": 12.0, "name": "", "levels": ""}, "geometry": {"type": "Polygon", "coordinates": [[[55.1296572, 25.1276236], [55.1296191, 25.1275048], [55.1298199, 25.127452], [55.1298649, 25.1275923], [55.1297591, 25.1276201], [55.1297522, 25.1275986], [55.1296572, 25.1276236]]]}}, {"type": "Feature", "properties": {"status": "existing", "bHeight": 12.0, "name": "", "levels": ""}, "geometry": {"type": "Polygon", "coordinates": [[[55.1316217, 25.1319731], [55.131817, 25.1318668], [55.131987, 25.1321227], [55.1318529, 25.1321957], [55.1318046, 25.132123], [55.1317434, 25.1321564], [55.1317054, 25.1320992], [55.1318286, 25.1320321], [55.1318062, 25.1319983], [55.131683, 25.1320654], [55.1316217, 25.1319731]]]}}, {"type": "Feature", "properties": {"status": "existing", "bHeight": 12.0, "name": "", "levels": ""}, "geometry": {"type": "Polygon", "coordinates": [[[55.1298292, 25.127952], [55.129805, 25.1278807], [55.1297795, 25.1278878], [55.1297597, 25.1278294], [55.1297841, 25.1278226], [55.1297606, 25.1277532], [55.1299413, 25.127703], [55.1300087, 25.1279022], [55.1298292, 25.127952]]]}}, {"type": "Feature", "properties": {"status": "existing", "bHeight": 12.0, "name": "", "levels": ""}, "geometry": {"type": "Polygon", "coordinates": [[[55.130603, 25.128198], [55.1306944, 25.1284402], [55.1307011, 25.1284578], [55.1306051, 25.1284876], [55.130595, 25.1284609], [55.1305167, 25.1284851], [55.1304948, 25.1284272], [55.1305192, 25.1284196], [55.1304947, 25.1283547], [55.1304235, 25.1283767], [55.1303818, 25.1282665], [55.130603, 25.128198]]]}}, {"type": "Feature", "properties": {"status": "existing", "bHeight": 12.0, "name": "", "levels": ""}, "geometry": {"type": "Polygon", "coordinates": [[[55.1303073, 25.1278314], [55.1302563, 25.1278458], [55.1301977, 25.127649], [55.1302364, 25.1276395], [55.1302197, 25.1275834], [55.1303767, 25.1275372], [55.1304602, 25.1277925], [55.1303073, 25.1278314]]]}}, {"type": "Feature", "properties": {"status": "existing", "bHeight": 12.0, "name": "", "levels": ""}, "geometry": {"type": "Polygon", "coordinates": [[[55.1303105, 25.127171], [55.1303989, 25.1274519], [55.1301639, 25.1275125], [55.1301411, 25.1274399], [55.1301746, 25.1274312], [55.1301658, 25.1274033], [55.1301958, 25.1273956], [55.1301762, 25.1273334], [55.1301127, 25.1273497], [55.1300867, 25.1272672], [55.1300755, 25.1272316], [55.1303105, 25.127171]]]}}, {"type": "Feature", "properties": {"status": "existing", "bHeight": 12.0, "name": "", "levels": ""}, "geometry": {"type": "Polygon", "coordinates": [[[55.1326542, 25.1326662], [55.1328701, 25.1325374], [55.1329498, 25.1326692], [55.1328988, 25.1327032], [55.132927, 25.132742], [55.1330021, 25.1327347], [55.1330149, 25.1328446], [55.1328178, 25.1328847], [55.1327923, 25.1327827], [55.1327547, 25.1327256], [55.1327105, 25.1327438], [55.1326542, 25.1326662]]]}}, {"type": "Feature", "properties": {"status": "existing", "bHeight": 12.0, "name": "", "levels": ""}, "geometry": {"type": "Polygon", "coordinates": [[[55.1293711, 25.1237407], [55.1295501, 25.1237291], [55.129593, 25.1237437], [55.129634, 25.1237455], [55.1296461, 25.1236775], [55.1296051, 25.1236393], [55.1295965, 25.1234796], [55.1294127, 25.1234833], [55.1294194, 25.1236447], [55.1293685, 25.1236484], [55.1293711, 25.1237407]]]}}, {"type": "Feature", "properties": {"status": "existing", "bHeight": 12.0, "name": "", "levels": ""}, "geometry": {"type": "Polygon", "coordinates": [[[55.1311145, 25.1294283], [55.1310535, 25.1294489], [55.1310608, 25.1294666], [55.1310208, 25.1294802], [55.1310157, 25.1294678], [55.1309269, 25.1294979], [55.1308768, 25.1293766], [55.1310666, 25.1293124], [55.1311145, 25.1294283]]]}}, {"type": "Feature", "properties": {"status": "existing", "bHeight": 12.0, "name": "", "levels": ""}, "geometry": {"type": "Polygon", "coordinates": [[[55.1297118, 25.1255013], [55.1298218, 25.125568], [55.1298647, 25.1255146], [55.1299001, 25.1255189], [55.1299256, 25.1255432], [55.1299291, 25.1255644], [55.1299256, 25.1255881], [55.1298888, 25.1256458], [55.1298666, 25.1256792], [55.1299398, 25.1257345], [55.1299377, 25.1257702], [55.1299162, 25.1257969], [55.1298894, 25.1258006], [55.1298606, 25.1257891], [55.1297794, 25.125735], [55.1297231, 25.1256913], [55.1297244, 25.1256415], [55.1296448, 25.1255838], [55.1297118, 25.1255013]]]}}, {"type": "Feature", "properties": {"status": "existing", "bHeight": 12.0, "name": "", "levels": ""}, "geometry": {"type": "Polygon", "coordinates": [[[55.130912, 25.1301452], [55.1309944, 25.1303244], [55.130835, 25.1303846], [55.1308001, 25.1303977], [55.1306787, 25.130134], [55.1309169, 25.1300441], [55.1309558, 25.1301287], [55.130912, 25.1301452]]]}}, {"type": "Feature", "properties": {"status": "existing", "bHeight": 12.0, "name": "", "levels": ""}, "geometry": {"type": "Polygon", "coordinates": [[[55.1296475, 25.1251795], [55.1297413, 25.1252463], [55.1297995, 25.1251813], [55.1298366, 25.1251771], [55.1298666, 25.1251923], [55.1298827, 25.1252129], [55.129884, 25.1252348], [55.1298754, 25.1252596], [55.1298586, 25.1252809], [55.1298097, 25.1253337], [55.1298854, 25.1253902], [55.1298915, 25.125409], [55.1298733, 25.1254375], [55.1298505, 25.1254667], [55.129825, 25.1254691], [55.129799, 25.1254575], [55.1296614, 25.1253683], [55.129656, 25.1253064], [55.1295871, 25.1252584], [55.1296475, 25.1251795]]]}}, {"type": "Feature", "properties": {"status": "existing", "bHeight": 12.0, "name": "", "levels": ""}, "geometry": {"type": "Polygon", "coordinates": [[[55.132415, 25.1323201], [55.1323685, 25.1322512], [55.1324157, 25.1322252], [55.1323585, 25.1321404], [55.1323159, 25.1321639], [55.1322676, 25.1320924], [55.132319, 25.132064], [55.1324665, 25.1319824], [55.1325883, 25.1321628], [55.1326185, 25.1322075], [55.1325107, 25.1322672], [55.132415, 25.1323201]]]}}, {"type": "Feature", "properties": {"status": "existing", "bHeight": 12.0, "name": "", "levels": ""}, "geometry": {"type": "Polygon", "coordinates": [[[55.1301271, 25.1268403], [55.1301653, 25.1268314], [55.130233, 25.1270686], [55.1302477, 25.1271204], [55.1300388, 25.1271692], [55.1300263, 25.1271253], [55.1300088, 25.1271293], [55.1299858, 25.1270486], [55.1300033, 25.1270445], [55.1299862, 25.1269848], [55.130038, 25.1269727], [55.1300082, 25.1268681], [55.1301271, 25.1268403]]]}}, {"type": "Feature", "properties": {"status": "existing", "bHeight": 12.0, "name": "", "levels": ""}, "geometry": {"type": "Polygon", "coordinates": [[[55.1330593, 25.1331519], [55.1330257, 25.1331108], [55.1330052, 25.1331245], [55.1329531, 25.1330609], [55.1329194, 25.1330835], [55.1328799, 25.1330354], [55.132915, 25.1330119], [55.1328838, 25.1329738], [55.1328999, 25.132963], [55.1328809, 25.1329398], [55.1330028, 25.132858], [55.133055, 25.1329218], [55.1330998, 25.1328918], [55.1331479, 25.1329505], [55.1331051, 25.1329793], [55.13318, 25.1330708], [55.1330593, 25.1331519]]]}}, {"type": "Feature", "properties": {"status": "existing", "bHeight": 12.0, "name": "", "levels": ""}, "geometry": {"type": "Polygon", "coordinates": [[[55.1293693, 25.1264005], [55.1293013, 25.126149], [55.1295341, 25.1260974], [55.1295501, 25.1261567], [55.1294802, 25.1261722], [55.1295112, 25.1262868], [55.1295506, 25.126278], [55.1295716, 25.1263557], [55.1295211, 25.1263669], [55.1293693, 25.1264005]]]}}, {"type": "Feature", "properties": {"status": "existing", "bHeight": 12.0, "name": "", "levels": ""}, "geometry": {"type": "Polygon", "coordinates": [[[55.13054, 25.1297697], [55.1305081, 25.1297002], [55.1304796, 25.1297109], [55.1304601, 25.1296683], [55.1304887, 25.1296576], [55.1304622, 25.1295997], [55.1304708, 25.1295967], [55.1304877, 25.1295902], [55.1304499, 25.1295108], [55.1305578, 25.1294687], [55.1305956, 25.129548], [55.130604, 25.1295454], [55.130636, 25.1296096], [55.130658, 25.1296006], [55.1306755, 25.1296359], [55.1306535, 25.1296448], [55.1306898, 25.1297178], [55.13054, 25.1297697]]]}}, {"type": "Feature", "properties": {"status": "existing", "bHeight": 12.0, "name": "", "levels": ""}, "geometry": {"type": "Polygon", "coordinates": [[[55.1305701, 25.1300472], [55.1306002, 25.1300672], [55.130627, 25.1300648], [55.1306506, 25.1300557], [55.130672, 25.1300107], [55.1308075, 25.1300496], [55.1308531, 25.1299209], [55.1305452, 25.1298208], [55.1305192, 25.1298286], [55.1305036, 25.1298572], [55.1305044, 25.129887], [55.1305251, 25.1299021], [55.1305956, 25.129927], [55.1305599, 25.1300247], [55.1305701, 25.1300472]]]}}, {"type": "Feature", "properties": {"status": "existing", "bHeight": 12.0, "name": "", "levels": ""}, "geometry": {"type": "Polygon", "coordinates": [[[55.1294277, 25.1241405], [55.1296383, 25.1241299], [55.1296549, 25.1244004], [55.1294497, 25.1244107], [55.1294444, 25.1243244], [55.1295051, 25.1243214], [55.1295, 25.1242392], [55.129434, 25.1242425], [55.1294277, 25.1241405]]]}}, {"type": "Feature", "properties": {"status": "existing", "bHeight": 12.0, "name": "", "levels": ""}, "geometry": {"type": "Polygon", "coordinates": [[[55.1301814, 25.1284112], [55.1300198, 25.1284625], [55.1299893, 25.1283838], [55.1299116, 25.1284085], [55.1298378, 25.1282179], [55.1300771, 25.1281419], [55.1301814, 25.1284112]]]}}, {"type": "Feature", "properties": {"status": "existing", "bHeight": 12.0, "name": "", "levels": ""}, "geometry": {"type": "Polygon", "coordinates": [[[55.1309443, 25.1296259], [55.1311763, 25.1295336], [55.1312439, 25.129703], [55.131209, 25.1297163], [55.1312198, 25.1297588], [55.1312627, 25.1297552], [55.1312608, 25.129876], [55.131069, 25.1298881], [55.1310583, 25.1297874], [55.1310435, 25.1297231], [55.1309859, 25.129734], [55.1309443, 25.1296259]]]}}, {"type": "Feature", "properties": {"status": "existing", "bHeight": 12.0, "name": "", "levels": ""}, "geometry": {"type": "Polygon", "coordinates": [[[55.1301731, 25.1267337], [55.1301452, 25.1266343], [55.1300248, 25.126659], [55.1300214, 25.1266453], [55.1299273, 25.1266643], [55.1299585, 25.1267896], [55.1299693, 25.1268235], [55.1301839, 25.1267676], [55.1301731, 25.1267337]]]}}, {"type": "Feature", "properties": {"status": "existing", "bHeight": 12.0, "name": "", "levels": ""}, "geometry": {"type": "Polygon", "coordinates": [[[55.132819, 25.133624], [55.1327864, 25.1335813], [55.1327583, 25.1335989], [55.132679, 25.1334951], [55.1327188, 25.1334702], [55.1326442, 25.1333727], [55.1327785, 25.1332886], [55.1328481, 25.1333796], [55.1328798, 25.1333598], [55.1329579, 25.1334619], [55.1329044, 25.1334954], [55.1329432, 25.1335462], [55.132819, 25.133624]]]}}, {"type": "Feature", "properties": {"status": "existing", "bHeight": 12.0, "name": "", "levels": ""}, "geometry": {"type": "Polygon", "coordinates": [[[55.1304065, 25.1280629], [55.1305768, 25.1280122], [55.1306197, 25.1281409], [55.1304159, 25.1281992], [55.1303879, 25.1280961], [55.1304135, 25.1280885], [55.1304065, 25.1280629]]]}}, {"type": "Feature", "properties": {"status": "existing", "bHeight": 12.0, "name": "", "levels": ""}, "geometry": {"type": "Polygon", "coordinates": [[[55.1298043, 25.1280365], [55.1299921, 25.1279734], [55.130035, 25.1281069], [55.1298389, 25.1281679], [55.1298065, 25.1280876], [55.129791, 25.1280924], [55.1297725, 25.1280464], [55.1298043, 25.1280365]]]}}, {"type": "Feature", "properties": {"status": "existing", "bHeight": 12.0, "name": "", "levels": ""}, "geometry": {"type": "Polygon", "coordinates": [[[55.132007, 25.1325109], [55.1318559, 25.1322873], [55.1320746, 25.1321673], [55.1321163, 25.1322303], [55.1320703, 25.1322554], [55.1321781, 25.132418], [55.132007, 25.1325109]]]}}, {"type": "Feature", "properties": {"status": "existing", "bHeight": 12.0, "name": "", "levels": ""}, "geometry": {"type": "Polygon", "coordinates": [[[55.131289, 25.1309208], [55.1312376, 25.1308359], [55.1312118, 25.1308468], [55.1311233, 25.1306962], [55.1309704, 25.1307593], [55.1309351, 25.1307768], [55.1309838, 25.1308571], [55.1310446, 25.1308269], [55.1310602, 25.1308526], [55.1309993, 25.1308828], [55.1310341, 25.1309402], [55.131086, 25.1309144], [55.1311017, 25.1309403], [55.1311251, 25.1309306], [55.1311531, 25.1309769], [55.131289, 25.1309208]]]}}, {"type": "Feature", "properties": {"status": "existing", "bHeight": 12.0, "name": "", "levels": ""}, "geometry": {"type": "Polygon", "coordinates": [[[55.1277818, 25.1229401], [55.127858, 25.1227618], [55.1281058, 25.1228485], [55.1280461, 25.1229884], [55.1279885, 25.1229682], [55.1279721, 25.1230067], [55.1277818, 25.1229401]]]}}, {"type": "Feature", "properties": {"status": "existing", "bHeight": 12.0, "name": "", "levels": ""}, "geometry": {"type": "Polygon", "coordinates": [[[55.1313707, 25.1305049], [55.1313521, 25.130512], [55.1313177, 25.1304398], [55.1313741, 25.1304178], [55.1313307, 25.1303264], [55.1312743, 25.1303484], [55.1312368, 25.1302692], [55.1314306, 25.1301952], [55.1315379, 25.1304259], [55.1315344, 25.1304272], [55.1313707, 25.1305049]]]}}, {"type": "Feature", "properties": {"status": "existing", "bHeight": 12.0, "name": "", "levels": ""}, "geometry": {"type": "Polygon", "coordinates": [[[55.1325018, 25.1332623], [55.1324077, 25.1331272], [55.1326005, 25.1330097], [55.1327146, 25.1331535], [55.1325743, 25.133241], [55.1325611, 25.133222], [55.1325018, 25.1332623]]]}}, {"type": "Feature", "properties": {"status": "existing", "bHeight": 12.0, "name": "", "levels": ""}, "geometry": {"type": "Polygon", "coordinates": [[[55.1326086, 25.1324609], [55.1324826, 25.1324342], [55.1325121, 25.1323322], [55.1326354, 25.1323589], [55.1326595, 25.1323153], [55.1326735, 25.132294], [55.1327004, 25.1322843], [55.1327325, 25.1322867], [55.1327655, 25.1322983], [55.1327755, 25.1323292], [55.1327634, 25.1323741], [55.132744, 25.1324428], [55.1328513, 25.1324682], [55.1328465, 25.1325162], [55.1328137, 25.1325569], [55.1326896, 25.1325368], [55.1326333, 25.1325174], [55.1326099, 25.1324925], [55.1326086, 25.1324609]]]}}, {"type": "Feature", "properties": {"status": "existing", "bHeight": 12.0, "name": "", "levels": ""}, "geometry": {"type": "Polygon", "coordinates": [[[55.1301967, 25.1284915], [55.1302401, 25.1286168], [55.1300725, 25.1286644], [55.1300203, 25.1286792], [55.1299999, 25.1286203], [55.129982, 25.1286254], [55.129959, 25.128559], [55.1301967, 25.1284915]]]}}, {"type": "Feature", "properties": {"status": "existing", "bHeight": 12.0, "name": "", "levels": ""}, "geometry": {"type": "Polygon", "coordinates": [[[55.1315324, 25.1313012], [55.1315754, 25.1313754], [55.1315068, 25.131408], [55.1315943, 25.1315592], [55.1315292, 25.1315901], [55.1315197, 25.1315736], [55.1314598, 25.131602], [55.13144, 25.1315677], [55.1314136, 25.1315802], [55.1313436, 25.1314592], [55.1313121, 25.1314741], [55.131281, 25.1314204], [55.1313354, 25.1313946], [55.1313681, 25.1313791], [55.1315324, 25.1313012]]]}}, {"type": "Feature", "properties": {"status": "existing", "bHeight": 12.0, "name": "", "levels": ""}, "geometry": {"type": "Polygon", "coordinates": [[[55.1294182, 25.1240767], [55.1296148, 25.1240649], [55.1295952, 25.1237983], [55.1293985, 25.1238102], [55.1294049, 25.1238967], [55.1294731, 25.1238926], [55.1294804, 25.1239922], [55.1294123, 25.1239963], [55.1294182, 25.1240767]]]}}, {"type": "Feature", "properties": {"status": "existing", "bHeight": 12.0, "name": "", "levels": ""}, "geometry": {"type": "Polygon", "coordinates": [[[55.1302885, 25.1287845], [55.1302622, 25.1287134], [55.1302429, 25.1286558], [55.1300659, 25.1287019], [55.1300182, 25.1287125], [55.1300434, 25.1287758], [55.1300555, 25.1287731], [55.1300786, 25.1288312], [55.1302885, 25.1287845]]]}}, {"type": "Feature", "properties": {"status": "existing", "bHeight": 12.0, "name": "", "levels": ""}, "geometry": {"type": "Polygon", "coordinates": [[[55.1307074, 25.128548], [55.1307965, 25.1287753], [55.1306015, 25.1288381], [55.1305568, 25.1287243], [55.1306185, 25.1287044], [55.1306264, 25.1287243], [55.130644, 25.1287187], [55.1306256, 25.1286718], [55.1305852, 25.1286847], [55.1305753, 25.1286594], [55.1305325, 25.1286732], [55.1305085, 25.128612], [55.1307074, 25.128548]]]}}, {"type": "Feature", "properties": {"status": "existing", "bHeight": 12.0, "name": "", "levels": ""}, "geometry": {"type": "Polygon", "coordinates": [[[55.1289778, 25.1242561], [55.1289545, 25.1239572], [55.1292085, 25.1239411], [55.1292181, 25.1240646], [55.1291176, 25.124071], [55.1291232, 25.124143], [55.1291997, 25.1241381], [55.1292078, 25.1242414], [55.1289778, 25.1242561]]]}}, {"type": "Feature", "properties": {"status": "existing", "bHeight": 12.0, "name": "", "levels": ""}, "geometry": {"type": "Polygon", "coordinates": [[[55.1295536, 25.1273056], [55.1295106, 25.1271356], [55.1297413, 25.1270895], [55.1297815, 25.127274], [55.1295536, 25.1273056]]]}}, {"type": "Feature", "properties": {"status": "existing", "bHeight": 12.0, "name": "", "levels": ""}, "geometry": {"type": "Polygon", "coordinates": [[[55.1290607, 25.1227135], [55.1290618, 25.1227135], [55.1290628, 25.1226375], [55.129015, 25.1226371], [55.129016, 25.1225545], [55.1290638, 25.122555], [55.1290647, 25.1224797], [55.1290166, 25.1224792], [55.1290187, 25.1223098], [55.1290668, 25.1223103], [55.1290678, 25.1222288], [55.1288453, 25.1222279], [55.1288453, 25.1222358], [55.1288444, 25.1222977], [55.128846, 25.1223698], [55.1288769, 25.1223686], [55.1288782, 25.1224396], [55.1288225, 25.1224402], [55.1288205, 25.1224961], [55.1288514, 25.1224949], [55.1288521, 25.1225325], [55.1288963, 25.1225343], [55.128893, 25.1225956], [55.1288286, 25.1225975], [55.1288272, 25.1226503], [55.1288588, 25.1226497], [55.1288574, 25.1226843], [55.128901, 25.1226843], [55.1288999, 25.1227194], [55.1290607, 25.1227135]]]}}, {"type": "Feature", "properties": {"status": "existing", "bHeight": 12.0, "name": "", "levels": ""}, "geometry": {"type": "Polygon", "coordinates": [[[55.1309952, 25.1306822], [55.1309592, 25.1306973], [55.1308414, 25.1304659], [55.1308775, 25.1304508], [55.1310767, 25.1303658], [55.1311073, 25.1304199], [55.1310502, 25.1304443], [55.1311454, 25.1306166], [55.1309952, 25.1306822]]]}}, {"type": "Feature", "properties": {"status": "existing", "bHeight": 12.0, "name": "", "levels": ""}, "geometry": {"type": "Polygon", "coordinates": [[[55.1324114, 25.133068], [55.1323985, 25.1330754], [55.1322386, 25.1328555], [55.1324264, 25.1327459], [55.1324559, 25.1327282], [55.1324925, 25.1327788], [55.1324361, 25.1328123], [55.1325099, 25.1329143], [55.1325393, 25.1328968], [55.132587, 25.1329628], [55.132614, 25.1329469], [55.1324114, 25.133068]]]}}, {"type": "Feature", "properties": {"status": "existing", "bHeight": 12.0, "name": "", "levels": ""}, "geometry": {"type": "Polygon", "coordinates": [[[55.1294076, 25.1257283], [55.1294354, 25.1258633], [55.1292574, 25.1258934], [55.1292099, 25.1259015], [55.1291821, 25.1257664], [55.1294076, 25.1257283]]]}}, {"type": "Feature", "properties": {"status": "existing", "bHeight": 12.0, "name": "", "levels": ""}, "geometry": {"type": "Polygon", "coordinates": [[[55.1292197, 25.1256147], [55.129211, 25.1255453], [55.129176, 25.1255489], [55.1291699, 25.1255], [55.1291997, 25.1254969], [55.1291893, 25.1254128], [55.1292079, 25.1254109], [55.1291992, 25.1253404], [55.129339, 25.1253261], [55.1293729, 25.1255991], [55.1292197, 25.1256147]]]}}, {"type": "Feature", "properties": {"status": "existing", "bHeight": 12.0, "name": "", "levels": ""}, "geometry": {"type": "Polygon", "coordinates": [[[55.1319219, 25.1314799], [55.1319474, 25.1314216], [55.1320762, 25.1314495], [55.1321036, 25.1313858], [55.1321392, 25.1313718], [55.1321787, 25.1313773], [55.1322015, 25.1313931], [55.1322143, 25.1314179], [55.1322108, 25.1314441], [55.1322041, 25.1314684], [55.1321813, 25.1314793], [55.1321741, 25.1315564], [55.1322505, 25.1315819], [55.1322538, 25.1316177], [55.1322444, 25.1316505], [55.1322243, 25.1316663], [55.1321995, 25.1316621], [55.1320821, 25.1316286], [55.1320472, 25.1316092], [55.1320419, 25.131591], [55.1320392, 25.1315667], [55.1319113, 25.1315321], [55.1319219, 25.1314799]]]}}, {"type": "Feature", "properties": {"status": "existing", "bHeight": 12.0, "name": "", "levels": ""}, "geometry": {"type": "Polygon", "coordinates": [[[55.1297773, 25.1261785], [55.129974, 25.1261458], [55.1300278, 25.1264106], [55.1298294, 25.1264436], [55.129812, 25.1263579], [55.1298781, 25.1263468], [55.1298615, 25.1262655], [55.1297972, 25.1262762], [55.1297773, 25.1261785]]]}}, {"type": "Feature", "properties": {"status": "existing", "bHeight": 12.0, "name": "", "levels": ""}, "geometry": {"type": "Polygon", "coordinates": [[[55.1302843, 25.1279036], [55.1305031, 25.1278442], [55.130553, 25.127995], [55.1304338, 25.1280273], [55.1304298, 25.1280149], [55.1303301, 25.128042], [55.1302843, 25.1279036]]]}}, {"type": "Feature", "properties": {"status": "existing", "bHeight": 12.0, "name": "", "levels": ""}, "geometry": {"type": "Polygon", "coordinates": [[[55.1293607, 25.1231482], [55.1295431, 25.1231384], [55.1295596, 25.123138], [55.1295688, 25.1233966], [55.1293472, 25.1234025], [55.1293427, 25.1232787], [55.1294252, 25.1232762], [55.1294232, 25.1232216], [55.1293407, 25.1232241], [55.129338, 25.1231488], [55.1293607, 25.1231482]]]}}, {"type": "Feature", "properties": {"status": "existing", "bHeight": 12.0, "name": "", "levels": ""}, "geometry": {"type": "Polygon", "coordinates": [[[55.1292223, 25.1259384], [55.1292199, 25.1259267], [55.1294345, 25.125883], [55.1294637, 25.1260258], [55.1294029, 25.1260387], [55.1293987, 25.1260222], [55.1293157, 25.1260398], [55.1293199, 25.1260562], [55.1292572, 25.1260695], [55.1292223, 25.1259384]]]}}, {"type": "Feature", "properties": {"status": "existing", "bHeight": 12.0, "name": "", "levels": ""}, "geometry": {"type": "Polygon", "coordinates": [[[55.1315938, 25.1308663], [55.1317509, 25.130797], [55.1318707, 25.1310196], [55.1317124, 25.1310894], [55.1316356, 25.1309467], [55.1315954, 25.1309645], [55.1315524, 25.1308845], [55.1315938, 25.1308663]]]}}, {"type": "Feature", "properties": {"status": "existing", "bHeight": 12.0, "name": "", "levels": ""}, "geometry": {"type": "Polygon", "coordinates": [[[55.1330382, 25.133219], [55.1334204, 25.1329705], [55.1336305, 25.1332354], [55.1332482, 25.1334839], [55.1331027, 25.1333003], [55.1330382, 25.133219]]]}}, {"type": "Feature", "properties": {"status": "existing", "bHeight": 12.0, "name": "", "levels": ""}, "geometry": {"type": "Polygon", "coordinates": [[[55.131753, 25.1311703], [55.1318353, 25.1313032], [55.1318192, 25.1313287], [55.1318192, 25.1313482], [55.1318219, 25.1313725], [55.131834, 25.1313943], [55.1318669, 25.1314083], [55.1320271, 25.1313421], [55.1320499, 25.1313445], [55.1320789, 25.1313306], [55.1320915, 25.1313117], [55.1320861, 25.131279], [55.1320298, 25.1312535], [55.1319408, 25.131078], [55.131753, 25.1311703]]]}}, {"type": "Feature", "properties": {"status": "existing", "bHeight": 12.0, "name": "", "levels": ""}, "geometry": {"type": "Polygon", "coordinates": [[[55.1317222, 25.1315765], [55.1317644, 25.1316414], [55.1316966, 25.1316775], [55.1318069, 25.1318473], [55.1316499, 25.131931], [55.1316051, 25.1318622], [55.131615, 25.131857], [55.1315745, 25.1317947], [55.1315617, 25.1318015], [55.1314944, 25.1316979], [55.1317222, 25.1315765]]]}}, {"type": "Feature", "properties": {"status": "existing", "bHeight": 12.0, "name": "", "levels": ""}, "geometry": {"type": "Polygon", "coordinates": [[[55.1296962, 25.1258495], [55.1299127, 25.1258198], [55.1299571, 25.1260862], [55.1297721, 25.1261116], [55.1297428, 25.1261156], [55.1297292, 25.1260343], [55.1298021, 25.1260243], [55.1297856, 25.1259256], [55.1297107, 25.1259359], [55.1296962, 25.1258495]]]}}, {"type": "Feature", "properties": {"status": "existing", "bHeight": 12.0, "name": "", "levels": ""}, "geometry": {"type": "Polygon", "coordinates": [[[55.1302393, 25.1291612], [55.1301291, 25.1288865], [55.1303849, 25.1288025], [55.1304223, 25.1288959], [55.1303272, 25.1289271], [55.1303632, 25.1290169], [55.1304169, 25.1289992], [55.1304536, 25.1290908], [55.1302393, 25.1291612]]]}}, {"type": "Feature", "properties": {"status": "existing", "bHeight": 12.0, "name": "", "levels": ""}, "geometry": {"type": "Polygon", "coordinates": [[[55.1340906, 25.1183016], [55.1341676, 25.1183589], [55.1341437, 25.1183852], [55.1341772, 25.1184101], [55.1342011, 25.1183839], [55.1342499, 25.1184202], [55.1342177, 25.1184557], [55.1342516, 25.1184809], [55.1342838, 25.1184455], [55.1343446, 25.1184987], [55.1344727, 25.1183786], [55.1342267, 25.1181702], [55.1340906, 25.1183016]]]}}, {"type": "Feature", "properties": {"status": "existing", "bHeight": 12.0, "name": "", "levels": ""}, "geometry": {"type": "Polygon", "coordinates": [[[55.14354, 25.1230838], [55.1435883, 25.122909], [55.1438618, 25.1229745], [55.1438216, 25.1231445], [55.143746, 25.1231282], [55.1437579, 25.123083], [55.1436354, 25.1230566], [55.1436235, 25.1231018], [55.14354, 25.1230838]]]}}, {"type": "Feature", "properties": {"status": "existing", "bHeight": 12.0, "name": "", "levels": ""}, "geometry": {"type": "Polygon", "coordinates": [[[55.1465109, 25.1240554], [55.1468033, 25.1240823], [55.1468242, 25.1238969], [55.1467379, 25.1238889], [55.1467335, 25.1239281], [55.1466326, 25.1239188], [55.1466416, 25.1238388], [55.1465363, 25.1238291], [55.1465109, 25.1240554]]]}}, {"type": "Feature", "properties": {"status": "existing", "bHeight": 12.0, "name": "", "levels": ""}, "geometry": {"type": "Polygon", "coordinates": [[[55.1438886, 25.1231749], [55.1439422, 25.1229866], [55.1442399, 25.1230571], [55.1441944, 25.1232343], [55.1441048, 25.1232169], [55.1441172, 25.1231645], [55.1440694, 25.1231552], [55.1440759, 25.1231277], [55.1439913, 25.1231113], [55.1439724, 25.1231912], [55.1438886, 25.1231749]]]}}, {"type": "Feature", "properties": {"status": "existing", "bHeight": 12.0, "name": "", "levels": ""}, "geometry": {"type": "Polygon", "coordinates": [[[55.1344915, 25.1193366], [55.1346042, 25.1194118], [55.1347249, 25.1192904], [55.1346015, 25.1191933], [55.1344915, 25.1193366]]]}}, {"type": "Feature", "properties": {"status": "existing", "bHeight": 12.0, "name": "", "levels": ""}, "geometry": {"type": "Polygon", "coordinates": [[[55.1424187, 25.1232101], [55.1427111, 25.1232973], [55.1427805, 25.1231087], [55.142675, 25.1230761], [55.1426586, 25.1231207], [55.1425875, 25.1230988], [55.1426202, 25.1230099], [55.1424908, 25.12297], [55.1424187, 25.1232101]]]}}, {"type": "Feature", "properties": {"status": "existing", "bHeight": 12.0, "name": "", "levels": ""}, "geometry": {"type": "Polygon", "coordinates": [[[55.1445645, 25.1235197], [55.1446316, 25.1236047], [55.1445176, 25.1236727], [55.1445396, 25.1237012], [55.1445485, 25.1237237], [55.1445329, 25.1237546], [55.1444895, 25.1237723], [55.1444471, 25.1237692], [55.1444122, 25.1237364], [55.1443808, 25.1236921], [55.144317, 25.1237267], [55.1442848, 25.1237279], [55.1442641, 25.1237224], [55.1442459, 25.1237012], [55.1442494, 25.1236642], [55.1444457, 25.1235458], [55.1444779, 25.1235689], [55.1445645, 25.1235197]]]}}, {"type": "Feature", "properties": {"status": "existing", "bHeight": 12.0, "name": "", "levels": ""}, "geometry": {"type": "Polygon", "coordinates": [[[55.1343293, 25.1191852], [55.1345269, 25.1189705], [55.1346684, 25.1190839], [55.1344708, 25.1193023], [55.1344328, 25.1192709], [55.1344162, 25.1192873], [55.1343811, 25.1192582], [55.1343977, 25.1192418], [55.1343293, 25.1191852]]]}}, {"type": "Feature", "properties": {"status": "existing", "bHeight": 12.0, "name": "", "levels": ""}, "geometry": {"type": "Polygon", "coordinates": [[[55.1347946, 25.1194872], [55.1348094, 25.1195868], [55.1348367, 25.1195983], [55.1348925, 25.119594], [55.1349118, 25.1195655], [55.134918, 25.1195187], [55.1350454, 25.1195054], [55.1350306, 25.1193682], [55.1346986, 25.1193991], [55.1346672, 25.1194179], [55.1346678, 25.119455], [55.1346838, 25.1194805], [55.1347047, 25.1194932], [55.1347946, 25.1194872]]]}}, {"type": "Feature", "properties": {"status": "existing", "bHeight": 12.0, "name": "", "levels": ""}, "geometry": {"type": "Polygon", "coordinates": [[[55.1454034, 25.1234289], [55.1454229, 25.1233014], [55.1455338, 25.1233153], [55.1455386, 25.1232838], [55.1455965, 25.123291], [55.1455785, 25.1234097], [55.1456259, 25.1234156], [55.1456438, 25.123298], [55.1456967, 25.1233046], [55.1456836, 25.1233907], [55.1457116, 25.1233942], [55.1457018, 25.1234583], [55.1456481, 25.1234515], [55.1456422, 25.1234901], [55.1455367, 25.1234769], [55.1455413, 25.1234462], [55.1454034, 25.1234289]]]}}, {"type": "Feature", "properties": {"status": "existing", "bHeight": 12.0, "name": "", "levels": ""}, "geometry": {"type": "Polygon", "coordinates": [[[55.1457501, 25.1234954], [55.1459177, 25.123516], [55.1459458, 25.123323], [55.1457997, 25.1233181], [55.1457501, 25.1234954]]]}}, {"type": "Feature", "properties": {"status": "existing", "bHeight": 12.0, "name": "", "levels": ""}, "geometry": {"type": "Polygon", "coordinates": [[[55.1343641, 25.1185874], [55.1344982, 25.1186773], [55.1346243, 25.1185291], [55.1345009, 25.1184369], [55.1343641, 25.1185874]]]}}, {"type": "Feature", "properties": {"status": "existing", "bHeight": 12.0, "name": "", "levels": ""}, "geometry": {"type": "Polygon", "coordinates": [[[55.1466626, 25.123612], [55.1466792, 25.1234266], [55.1469967, 25.1234498], [55.1469801, 25.1236353], [55.1466626, 25.123612]]]}}, {"type": "Feature", "properties": {"status": "existing", "bHeight": 12.0, "name": "", "levels": ""}, "geometry": {"type": "Polygon", "coordinates": [[[55.1371586, 25.1210137], [55.1374146, 25.1211463], [55.1375259, 25.1209983], [55.1373161, 25.1208838], [55.1373585, 25.1208201], [55.1372979, 25.1207871], [55.1372555, 25.1208508], [55.1371586, 25.1210137]]]}}, {"type": "Feature", "properties": {"status": "existing", "bHeight": 12.0, "name": "", "levels": ""}, "geometry": {"type": "Polygon", "coordinates": [[[55.1450662, 25.1231943], [55.1453655, 25.1232484], [55.1453176, 25.1234649], [55.1452355, 25.123449], [55.1452528, 25.1233754], [55.1451299, 25.1233517], [55.1451126, 25.1234254], [55.1450219, 25.1234079], [55.1450662, 25.1231943]]]}}, {"type": "Feature", "properties": {"status": "existing", "bHeight": 12.0, "name": "", "levels": ""}, "geometry": {"type": "Polygon", "coordinates": [[[55.1403481, 25.1220577], [55.1404702, 25.1218319], [55.1406182, 25.1218981], [55.140578, 25.121977], [55.1406209, 25.1220049], [55.1407067, 25.1219515], [55.1407491, 25.1220346], [55.1406257, 25.1221488], [55.1405386, 25.1220918], [55.1404728, 25.1220481], [55.140446, 25.122099], [55.1403481, 25.1220577]]]}}, {"type": "Feature", "properties": {"status": "existing", "bHeight": 12.0, "name": "", "levels": ""}, "geometry": {"type": "Polygon", "coordinates": [[[55.1427742, 25.1233108], [55.1430424, 25.1233837], [55.1431274, 25.1231488], [55.1430563, 25.1231301], [55.1430506, 25.1231478], [55.1429275, 25.1231153], [55.1429332, 25.1230976], [55.1428468, 25.1230748], [55.1427742, 25.1233108]]]}}, {"type": "Feature", "properties": {"status": "existing", "bHeight": 12.0, "name": "", "levels": ""}, "geometry": {"type": "Polygon", "coordinates": [[[55.1442534, 25.1232539], [55.1443003, 25.1230752], [55.1445712, 25.1231359], [55.1445271, 25.1233073], [55.1444438, 25.123291], [55.1444628, 25.123211], [55.144352, 25.1231894], [55.144333, 25.1232694], [55.1442534, 25.1232539]]]}}, {"type": "Feature", "properties": {"status": "existing", "bHeight": 12.0, "name": "", "levels": ""}, "geometry": {"type": "Polygon", "coordinates": [[[55.1341066, 25.1189735], [55.134332, 25.1191399], [55.1344688, 25.1189923], [55.1344075, 25.118942], [55.1343863, 25.1189632], [55.1342864, 25.1188813], [55.1343411, 25.1188266], [55.1342849, 25.1187805], [55.1341066, 25.1189735]]]}}, {"type": "Feature", "properties": {"status": "existing", "bHeight": 12.0, "name": "", "levels": ""}, "geometry": {"type": "Polygon", "coordinates": [[[55.1341998, 25.1179229], [55.1342676, 25.1178494], [55.1343263, 25.1178938], [55.1344372, 25.1177736], [55.1345446, 25.1178548], [55.1345479, 25.1178574], [55.1343107, 25.1181144], [55.1342677, 25.1180819], [55.1342526, 25.1180983], [55.1341942, 25.1180541], [55.1342047, 25.1180427], [55.1341797, 25.1180238], [55.1342428, 25.1179554], [55.1341998, 25.1179229]]]}}, {"type": "Feature", "properties": {"status": "existing", "bHeight": 12.0, "name": "", "levels": ""}, "geometry": {"type": "Polygon", "coordinates": [[[55.1400158, 25.1219365], [55.1401025, 25.1217565], [55.140384, 25.1218646], [55.140306, 25.1220361], [55.1402152, 25.1220049], [55.1402366, 25.1219538], [55.1401233, 25.1219149], [55.1401019, 25.121966], [55.1400158, 25.1219365]]]}}, {"type": "Feature", "properties": {"status": "existing", "bHeight": 12.0, "name": "", "levels": ""}, "geometry": {"type": "Polygon", "coordinates": [[[55.1436257, 25.1235233], [55.1436639, 25.1235895], [55.143688, 25.1236101], [55.1437269, 25.1236101], [55.1437491, 25.1235938], [55.1437739, 25.1235713], [55.1437813, 25.1235512], [55.1437558, 25.1235039], [55.1438645, 25.1234323], [55.1437867, 25.1233545], [55.143735, 25.1233867], [55.1437376, 25.1234074], [55.1437148, 25.1234207], [55.1437122, 25.1233758], [55.1436599, 25.1233709], [55.1436438, 25.1234001], [55.1435051, 25.1234735], [55.1434788, 25.1235142], [55.1435003, 25.1235482], [55.1435284, 25.1235579], [55.143556, 25.1235573], [55.1436257, 25.1235233]]]}}, {"type": "Feature", "properties": {"status": "existing", "bHeight": 12.0, "name": "", "levels": ""}, "geometry": {"type": "Polygon", "coordinates": [[[55.1461658, 25.12357], [55.1461861, 25.1234144], [55.146498, 25.1234478], [55.1464777, 25.1236034], [55.1463113, 25.1235856], [55.1463062, 25.1236241], [55.1462325, 25.1236162], [55.1462376, 25.1235777], [55.1461658, 25.12357]]]}}, {"type": "Feature", "properties": {"status": "existing", "bHeight": 12.0, "name": "", "levels": ""}, "geometry": {"type": "Polygon", "coordinates": [[[55.1432768, 25.1234976], [55.1434156, 25.1235281], [55.1435186, 25.1233062], [55.1433406, 25.1232597], [55.1432768, 25.1234976]]]}}, {"type": "Feature", "properties": {"status": "existing", "bHeight": 12.0, "name": "", "levels": ""}, "geometry": {"type": "Polygon", "coordinates": [[[55.139711, 25.1217323], [55.1397781, 25.1216084], [55.1400692, 25.1217153], [55.1400142, 25.1218428], [55.1398999, 25.1218011], [55.1398816, 25.1218422], [55.1398369, 25.1218259], [55.1398272, 25.1218477], [55.1397819, 25.1218312], [55.1397916, 25.1218094], [55.1397555, 25.1217962], [55.1397737, 25.1217551], [55.139711, 25.1217323]]]}}, {"type": "Feature", "properties": {"status": "existing", "bHeight": 12.0, "name": "", "levels": ""}, "geometry": {"type": "Polygon", "coordinates": [[[55.1449668, 25.1238172], [55.1447931, 25.1238032], [55.1448025, 25.1237473], [55.144769, 25.1237388], [55.1447743, 25.1237133], [55.1447381, 25.1237], [55.1447032, 25.1237534], [55.1446195, 25.1237018], [55.1447201, 25.1235573], [55.1448046, 25.1236035], [55.1448628, 25.123615], [55.1448722, 25.1235883], [55.1449004, 25.1235907], [55.1449119, 25.1235428], [55.1450474, 25.1235756], [55.1450197, 25.1236624], [55.1449776, 25.12368], [55.1449668, 25.1238172]]]}}, {"type": "Feature", "properties": {"status": "existing", "bHeight": 12.0, "name": "", "levels": ""}, "geometry": {"type": "Polygon", "coordinates": [[[55.1460974, 25.1235172], [55.1459933, 25.1235098], [55.1459961, 25.1234779], [55.1459552, 25.123475], [55.1459807, 25.123326], [55.1461284, 25.1233414], [55.1460974, 25.1235172]]]}}, {"type": "Feature", "properties": {"status": "existing", "bHeight": 12.0, "name": "", "levels": ""}, "geometry": {"type": "Polygon", "coordinates": [[[55.1473245, 25.1241207], [55.1473647, 25.1240445], [55.1473359, 25.1240321], [55.1473571, 25.1239919], [55.1473859, 25.1240044], [55.1474612, 25.1238615], [55.1475916, 25.1239231], [55.1475067, 25.1240634], [55.1475351, 25.1240775], [55.1475148, 25.1241112], [55.1474863, 25.1240971], [55.1474426, 25.1241692], [55.1473245, 25.1241207]]]}}, {"type": "Feature", "properties": {"status": "existing", "bHeight": 12.0, "name": "", "levels": ""}, "geometry": {"type": "Polygon", "coordinates": [[[55.1461458, 25.1240029], [55.1464354, 25.1240394], [55.1464692, 25.123819], [55.1463762, 25.1238073], [55.1463627, 25.1238955], [55.1462626, 25.123883], [55.1462782, 25.1237813], [55.1461817, 25.1237692], [55.1461458, 25.1240029]]]}}, {"type": "Feature", "properties": {"status": "existing", "bHeight": 12.0, "name": "", "levels": ""}, "geometry": {"type": "Polygon", "coordinates": [[[55.1351279, 25.1191684], [55.1352057, 25.1190761], [55.1354394, 25.1192299], [55.1353676, 25.1193085], [55.1353203, 25.1192739], [55.1353011, 25.1192954], [55.1352324, 25.119245], [55.1352112, 25.1192687], [55.1351755, 25.1192425], [55.1351967, 25.1192188], [55.1351279, 25.1191684]]]}}, {"type": "Feature", "properties": {"status": "existing", "bHeight": 12.0, "name": "", "levels": ""}, "geometry": {"type": "Polygon", "coordinates": [[[55.1411717, 25.122867], [55.1412217, 25.1228889], [55.1412618, 25.1228714], [55.1413003, 25.1228886], [55.1413186, 25.1228573], [55.141346, 25.1228652], [55.141341, 25.1228938], [55.1413849, 25.1229062], [55.1413937, 25.122878], [55.1414366, 25.1228891], [55.1414505, 25.1228449], [55.1415038, 25.1228586], [55.1415371, 25.1227526], [55.1413683, 25.122709], [55.1413849, 25.1226563], [55.1412645, 25.1226252], [55.1411717, 25.122867]]]}}, {"type": "Feature", "properties": {"status": "existing", "bHeight": 12.0, "name": "", "levels": ""}, "geometry": {"type": "Polygon", "coordinates": [[[55.1368278, 25.1207874], [55.1369221, 25.1206474], [55.1369891, 25.1206836], [55.1370251, 25.1206291], [55.1370841, 25.120661], [55.1370481, 25.1207155], [55.1370912, 25.1207388], [55.1371264, 25.1206853], [55.1371667, 25.1207071], [55.1371315, 25.1207606], [55.1372118, 25.120804], [55.1371062, 25.1209543], [55.1370289, 25.120908], [55.13701, 25.1209339], [55.1369724, 25.1209114], [55.1369914, 25.1208855], [55.1369352, 25.1208518], [55.13691, 25.1208864], [55.1368414, 25.1208453], [55.1368667, 25.1208107], [55.1368278, 25.1207874]]]}}, {"type": "Feature", "properties": {"status": "existing", "bHeight": 12.0, "name": "", "levels": ""}, "geometry": {"type": "Polygon", "coordinates": [[[55.137066, 25.120218], [55.1373445, 25.1203676], [55.1372522, 25.1205085], [55.1371952, 25.1204778], [55.1371797, 25.1205015], [55.1370784, 25.120447], [55.1370965, 25.1204193], [55.137048, 25.1203933], [55.1370222, 25.1204327], [55.1369505, 25.1203942], [55.137066, 25.120218]]]}}, {"type": "Feature", "properties": {"status": "existing", "bHeight": 12.0, "name": "", "levels": ""}, "geometry": {"type": "Polygon", "coordinates": [[[55.1454198, 25.123895], [55.1454684, 25.1236577], [55.1456115, 25.1236828], [55.1455911, 25.1237841], [55.1456581, 25.1237958], [55.1456703, 25.1237349], [55.1457419, 25.1237475], [55.1457018, 25.1239471], [55.1454198, 25.123895]]]}}, {"type": "Feature", "properties": {"status": "existing", "bHeight": 12.0, "name": "", "levels": ""}, "geometry": {"type": "Polygon", "coordinates": [[[55.1470231, 25.1240843], [55.1470261, 25.1240511], [55.1469735, 25.1240471], [55.1469833, 25.123941], [55.1471282, 25.1239519], [55.1471306, 25.1239264], [55.1471745, 25.1239298], [55.1471722, 25.1239552], [55.14726, 25.1239618], [55.1472472, 25.1241011], [55.14716, 25.1240946], [55.1471577, 25.1241202], [55.1471122, 25.1241168], [55.1471145, 25.1240911], [55.1470231, 25.1240843]]]}}, {"type": "Feature", "properties": {"status": "existing", "bHeight": 12.0, "name": "", "levels": ""}, "geometry": {"type": "Polygon", "coordinates": [[[55.1374289, 25.1206298], [55.1374981, 25.120532], [55.1375167, 25.1205424], [55.137548, 25.120498], [55.1376672, 25.1205642], [55.1375787, 25.1206881], [55.1375649, 25.1207073], [55.1375198, 25.1206807], [55.1375311, 25.120665], [55.1374996, 25.1206465], [55.1374871, 25.1206641], [55.1374289, 25.1206298]]]}}, {"type": "Feature", "properties": {"status": "existing", "bHeight": 12.0, "name": "", "levels": ""}, "geometry": {"type": "Polygon", "coordinates": [[[55.1448664, 25.1231534], [55.1450004, 25.1231748], [55.1449575, 25.1233594], [55.1448166, 25.1233317], [55.1448664, 25.1231534]]]}}, {"type": "Feature", "properties": {"status": "existing", "bHeight": 12.0, "name": "", "levels": ""}, "geometry": {"type": "Polygon", "coordinates": [[[55.1373137, 25.1205061], [55.1373979, 25.1203849], [55.1375136, 25.1204508], [55.1374057, 25.1205922], [55.1373387, 25.1205486], [55.1373512, 25.1205305], [55.1373137, 25.1205061]]]}}, {"type": "Feature", "properties": {"status": "existing", "bHeight": 12.0, "name": "", "levels": ""}, "geometry": {"type": "Polygon", "coordinates": [[[55.1470719, 25.123673], [55.1470835, 25.1235443], [55.1471786, 25.1235514], [55.1471811, 25.1235244], [55.1472217, 25.1235274], [55.1472193, 25.1235544], [55.1473035, 25.1235606], [55.1472919, 25.1236893], [55.1472135, 25.1236835], [55.1472109, 25.1237127], [55.1471625, 25.1237091], [55.1471651, 25.1236799], [55.1470719, 25.123673]]]}}, {"type": "Feature", "properties": {"status": "existing", "bHeight": 12.0, "name": "", "levels": ""}, "geometry": {"type": "Polygon", "coordinates": [[[55.1457866, 25.1239572], [55.1460704, 25.123992], [55.1460991, 25.123801], [55.1460111, 25.1237902], [55.1460036, 25.1238406], [55.1459052, 25.1238285], [55.1459196, 25.1237324], [55.145822, 25.1237205], [55.1457866, 25.1239572]]]}}, {"type": "Feature", "properties": {"status": "existing", "bHeight": 12.0, "name": "", "levels": ""}, "geometry": {"type": "Polygon", "coordinates": [[[55.1474352, 25.1237641], [55.1474133, 25.1236825], [55.1473864, 25.1236884], [55.1473752, 25.1236466], [55.1474021, 25.1236407], [55.1473849, 25.1235767], [55.1475109, 25.1235428], [55.1475366, 25.1236184], [55.1475727, 25.1236083], [55.1475845, 25.1236431], [55.1475484, 25.1236532], [55.1475909, 25.1237782], [55.1474824, 25.1237967], [55.147472, 25.1237578], [55.1474352, 25.1237641]]]}}, {"type": "Feature", "properties": {"status": "existing", "bHeight": 12.0, "name": "", "levels": ""}, "geometry": {"type": "Polygon", "coordinates": [[[55.1344878, 25.1187308], [55.134636, 25.1185635], [55.1348638, 25.1187289], [55.134718, 25.1188936], [55.134657, 25.1188493], [55.134691, 25.1188109], [55.1346612, 25.1187893], [55.1346806, 25.1187673], [55.1346209, 25.1187239], [55.134565, 25.1187869], [55.1344878, 25.1187308]]]}}, {"type": "Feature", "properties": {"status": "existing", "bHeight": 12.0, "name": "", "levels": ""}, "geometry": {"type": "Polygon", "coordinates": [[[55.1347734, 25.117683], [55.1350285, 25.1178072], [55.1349224, 25.1179858], [55.1348612, 25.117956], [55.1348497, 25.1179754], [55.1348031, 25.1179527], [55.1348178, 25.1179279], [55.134769, 25.1179041], [55.1347765, 25.1178913], [55.1347305, 25.1178689], [55.1347154, 25.1178943], [55.1346788, 25.1178765], [55.1346664, 25.1178974], [55.134617, 25.1178734], [55.1346507, 25.1178167], [55.1346276, 25.1178055], [55.1347167, 25.1176554], [55.1347734, 25.117683]]]}}, {"type": "Feature", "properties": {"status": "existing", "bHeight": 12.0, "name": "", "levels": ""}, "geometry": {"type": "Polygon", "coordinates": [[[55.1325258, 25.1181915], [55.1325425, 25.1182125], [55.1326042, 25.1181725], [55.1326466, 25.118226], [55.1327453, 25.118162], [55.1326851, 25.1180858], [55.1327261, 25.1180464], [55.1327509, 25.1180776], [55.1328149, 25.1180361], [55.1328471, 25.1180768], [55.1329619, 25.1180023], [55.1328856, 25.1179059], [55.1329372, 25.1178724], [55.1328448, 25.1177629], [55.132431, 25.1180627], [55.132475, 25.1181256], [55.1324515, 25.1181409], [55.1325031, 25.1182062], [55.1325258, 25.1181915]]]}}, {"type": "Feature", "properties": {"status": "existing", "bHeight": 12.0, "name": "", "levels": ""}, "geometry": {"type": "Polygon", "coordinates": [[[55.1438577, 25.1200044], [55.1437899, 25.1200075], [55.1437867, 25.1200639], [55.1436713, 25.1200591], [55.14367, 25.1198405], [55.143953, 25.1198466], [55.1440488, 25.119897], [55.1439637, 25.12007], [55.1438672, 25.1200287], [55.1438878, 25.1199759], [55.1438758, 25.1199686], [55.1438577, 25.1200044]]]}}, {"type": "Feature", "properties": {"status": "existing", "bHeight": 12.0, "name": "", "levels": ""}, "geometry": {"type": "Polygon", "coordinates": [[[55.1451606, 25.120456], [55.1448649, 25.120467], [55.1448557, 25.1202394], [55.1449541, 25.1202357], [55.1449585, 25.1203332], [55.1450698, 25.1203291], [55.1450654, 25.1202703], [55.1451606, 25.1202668], [55.1451606, 25.120456]]]}}, {"type": "Feature", "properties": {"status": "existing", "bHeight": 12.0, "name": "", "levels": ""}, "geometry": {"type": "Polygon", "coordinates": [[[55.1363436, 25.1182789], [55.1363155, 25.118194], [55.1364335, 25.1181502], [55.1364254, 25.118115], [55.1364326, 25.1180841], [55.1364595, 25.1180561], [55.136497, 25.1180391], [55.1365359, 25.1180476], [55.1365466, 25.1180634], [55.1365542, 25.1180895], [55.1365922, 25.1180974], [55.1366225, 25.1181077], [55.1366472, 25.1181278], [55.1366861, 25.1181338], [55.1366968, 25.1181496], [55.1367017, 25.1181684], [55.1366968, 25.1181982], [55.1366788, 25.1182315], [55.1365145, 25.1182808], [55.1364702, 25.1182686], [55.1364554, 25.1182468], [55.1363436, 25.1182789]]]}}, {"type": "Feature", "properties": {"status": "existing", "bHeight": 12.0, "name": "", "levels": ""}, "geometry": {"type": "Polygon", "coordinates": [[[55.1432677, 25.1199971], [55.143434, 25.120002], [55.1434461, 25.11981], [55.1432828, 25.1198003], [55.1432677, 25.1199971]]]}}, {"type": "Feature", "properties": {"status": "existing", "bHeight": 12.0, "name": "", "levels": ""}, "geometry": {"type": "Polygon", "coordinates": [[[55.143607, 25.1200056], [55.1436231, 25.1198211], [55.1434889, 25.1198162], [55.1434702, 25.1199959], [55.143607, 25.1200056]]]}}, {"type": "Feature", "properties": {"status": "existing", "bHeight": 12.0, "name": "", "levels": ""}, "geometry": {"type": "Polygon", "coordinates": [[[55.1424724, 25.119968], [55.1424885, 25.1197482], [55.1421814, 25.1197191], [55.1421639, 25.1199376], [55.1422571, 25.1199468], [55.1422662, 25.1198707], [55.1423361, 25.1198776], [55.1423336, 25.119899], [55.1423735, 25.1199029], [55.1423669, 25.1199576], [55.1424724, 25.119968]]]}}, {"type": "Feature", "properties": {"status": "existing", "bHeight": 12.0, "name": "", "levels": ""}, "geometry": {"type": "Polygon", "coordinates": [[[55.1370074, 25.1185602], [55.1371174, 25.1183434], [55.1372695, 25.1184083], [55.1373964, 25.1185353], [55.1373486, 25.1186402], [55.1373205, 25.1186123], [55.1372703, 25.118662], [55.1371916, 25.1186081], [55.1371948, 25.118586], [55.1371185, 25.1185503], [55.1370953, 25.1185951], [55.1370074, 25.1185602]]]}}, {"type": "Feature", "properties": {"status": "existing", "bHeight": 12.0, "name": "", "levels": ""}, "geometry": {"type": "Polygon", "coordinates": [[[55.1388245, 25.1190511], [55.1387682, 25.119189], [55.1386277, 25.119145], [55.1386117, 25.1191868], [55.138554, 25.1191688], [55.13857, 25.119127], [55.1384902, 25.119102], [55.1385399, 25.1189612], [55.1388245, 25.1190511]]]}}, {"type": "Feature", "properties": {"status": "existing", "bHeight": 12.0, "name": "", "levels": ""}, "geometry": {"type": "Polygon", "coordinates": [[[55.1428909, 25.1200093], [55.1429137, 25.1198345], [55.1431899, 25.119849], [55.1431966, 25.1200288], [55.1428909, 25.1200093]]]}}, {"type": "Feature", "properties": {"status": "existing", "bHeight": 12.0, "name": "", "levels": ""}, "geometry": {"type": "Polygon", "coordinates": [[[55.1468431, 25.1201525], [55.1469839, 25.1201429], [55.1469866, 25.1201732], [55.1469959, 25.1202193], [55.1470134, 25.120274], [55.1472656, 25.1202485], [55.1473809, 25.1202352], [55.1473715, 25.1201076], [55.1473446, 25.1198575], [55.1472508, 25.1198672], [55.1472065, 25.1198308], [55.1471703, 25.119798], [55.1471408, 25.1197798], [55.1470898, 25.1197846], [55.1470617, 25.1198029], [55.1470509, 25.1198733], [55.1470067, 25.1199218], [55.1468149, 25.1199425], [55.1468431, 25.1201525]]]}}, {"type": "Feature", "properties": {"status": "existing", "bHeight": 12.0, "name": "", "levels": ""}, "geometry": {"type": "Polygon", "coordinates": [[[55.1384478, 25.1193451], [55.1383914, 25.1194859], [55.1381393, 25.1193985], [55.1381929, 25.1192819], [55.1384478, 25.1193451]]]}}, {"type": "Feature", "properties": {"status": "existing", "bHeight": 12.0, "name": "", "levels": ""}, "geometry": {"type": "Polygon", "coordinates": [[[55.1405868, 25.1200263], [55.1405472, 25.1200269], [55.1405069, 25.1201107], [55.1403514, 25.1200767], [55.1403138, 25.1201046], [55.1402561, 25.1200852], [55.1403508, 25.1198332], [55.1404192, 25.1198478], [55.1404111, 25.1199037], [55.140611, 25.1199377], [55.1405868, 25.1200263]]]}}, {"type": "Feature", "properties": {"status": "existing", "bHeight": 12.0, "name": "", "levels": ""}, "geometry": {"type": "Polygon", "coordinates": [[[55.138062, 25.1189837], [55.1381502, 25.118793], [55.1378901, 25.1186944], [55.1378019, 25.1188851], [55.1378708, 25.1189112], [55.1378826, 25.1188857], [55.1380103, 25.1189341], [55.1379985, 25.1189596], [55.138062, 25.1189837]]]}}, {"type": "Feature", "properties": {"status": "existing", "bHeight": 12.0, "name": "", "levels": ""}, "geometry": {"type": "Polygon", "coordinates": [[[55.139915, 25.1197397], [55.1398693, 25.1199207], [55.1398163, 25.1199103], [55.1398028, 25.1199492], [55.1397157, 25.1199322], [55.1397291, 25.1198812], [55.1397036, 25.1198775], [55.1397063, 25.1198423], [55.1396687, 25.1198302], [55.1396312, 25.1198836], [55.1395716, 25.1198478], [55.1396091, 25.1197653], [55.1395695, 25.1197403], [55.1396124, 25.1196529], [55.1397259, 25.1197191], [55.1397251, 25.1197476], [55.1398076, 25.1197579], [55.1398385, 25.1197167], [55.139915, 25.1197397]]]}}, {"type": "Feature", "properties": {"status": "existing", "bHeight": 12.0, "name": "", "levels": ""}, "geometry": {"type": "Polygon", "coordinates": [[[55.1449307, 25.1200348], [55.1449239, 25.1198831], [55.1452338, 25.1198746], [55.1452351, 25.1200299], [55.1450694, 25.1200326], [55.1450698, 25.1200557], [55.1450202, 25.1200564], [55.1450198, 25.1200334], [55.1449307, 25.1200348]]]}}, {"type": "Feature", "properties": {"status": "existing", "bHeight": 12.0, "name": "", "levels": ""}, "geometry": {"type": "Polygon", "coordinates": [[[55.1421435, 25.1203474], [55.1421726, 25.1201581], [55.1421, 25.1201489], [55.1420925, 25.1201975], [55.141976, 25.1201829], [55.1419876, 25.1201072], [55.141919, 25.1200986], [55.1419067, 25.120178], [55.1418833, 25.1201751], [55.1418623, 25.1203119], [55.1421435, 25.1203474]]]}}, {"type": "Feature", "properties": {"status": "existing", "bHeight": 12.0, "name": "", "levels": ""}, "geometry": {"type": "Polygon", "coordinates": [[[55.1391859, 25.1191409], [55.1391321, 25.1193012], [55.1389769, 25.1192556], [55.138963, 25.1192944], [55.1389025, 25.1192767], [55.1389166, 25.1192373], [55.1388333, 25.1192128], [55.138887, 25.1190583], [55.1391859, 25.1191409]]]}}, {"type": "Feature", "properties": {"status": "existing", "bHeight": 12.0, "name": "", "levels": ""}, "geometry": {"type": "Polygon", "coordinates": [[[55.1398088, 25.1194305], [55.1396842, 25.1193999], [55.1396785, 25.1194186], [55.1396083, 25.1194014], [55.1395959, 25.1194427], [55.1395136, 25.1194224], [55.1395282, 25.1193737], [55.1393862, 25.1193387], [55.1394052, 25.1192754], [55.1393601, 25.1192643], [55.13939, 25.1191644], [55.1396957, 25.1192395], [55.1396769, 25.1193021], [55.1398356, 25.1193411], [55.1398088, 25.1194305]]]}}, {"type": "Feature", "properties": {"status": "existing", "bHeight": 12.0, "name": "", "levels": ""}, "geometry": {"type": "Polygon", "coordinates": [[[55.1283318, 25.1207901], [55.1286227, 25.1208332], [55.1286127, 25.1208817], [55.1286335, 25.120883], [55.1286241, 25.1209425], [55.1285899, 25.1210189], [55.1285362, 25.1210117], [55.1285181, 25.1209983], [55.1285262, 25.1209722], [55.1284953, 25.1209667], [55.1284973, 25.1209473], [55.1284685, 25.1209425], [55.1284698, 25.12092], [55.1284081, 25.1209151], [55.1284068, 25.1209437], [55.1283786, 25.1209886], [55.1282883, 25.1209734], [55.1283318, 25.1207901]]]}}, {"type": "Feature", "properties": {"status": "existing", "bHeight": 12.0, "name": "", "levels": ""}, "geometry": {"type": "Polygon", "coordinates": [[[55.1328129, 25.1173087], [55.1330064, 25.1175716], [55.1328481, 25.1176671], [55.1328344, 25.1176485], [55.1327799, 25.1176814], [55.1327477, 25.1176378], [55.1327745, 25.1176216], [55.132748, 25.1175856], [55.1327797, 25.1175665], [55.1327257, 25.1174932], [55.1327002, 25.1175086], [55.1326329, 25.1174172], [55.1328129, 25.1173087]]]}}, {"type": "Feature", "properties": {"status": "existing", "bHeight": 12.0, "name": "", "levels": ""}, "geometry": {"type": "Polygon", "coordinates": [[[55.1453054, 25.1200488], [55.145291, 25.1198685], [55.1455908, 25.1198489], [55.1456052, 25.1200292], [55.1455188, 25.1200349], [55.1455142, 25.1199773], [55.1453898, 25.1199854], [55.1453944, 25.120043], [55.1453054, 25.1200488]]]}}, {"type": "Feature", "properties": {"status": "existing", "bHeight": 12.0, "name": "", "levels": ""}, "geometry": {"type": "Polygon", "coordinates": [[[55.1402096, 25.1200142], [55.1401506, 25.1200013], [55.1401429, 25.1200299], [55.1400009, 25.1199988], [55.1400109, 25.1199614], [55.1399169, 25.1199408], [55.1399573, 25.1197896], [55.1402076, 25.1198444], [55.1402004, 25.1198713], [55.1402451, 25.1198811], [55.1402096, 25.1200142]]]}}, {"type": "Feature", "properties": {"status": "existing", "bHeight": 12.0, "name": "", "levels": ""}, "geometry": {"type": "Polygon", "coordinates": [[[55.1463804, 25.1203639], [55.1463667, 25.1201574], [55.1464602, 25.1201466], [55.146466, 25.1201876], [55.1466592, 25.1201653], [55.1466755, 25.1203469], [55.1463804, 25.1203639]]]}}, {"type": "Feature", "properties": {"status": "existing", "bHeight": 12.0, "name": "", "levels": ""}, "geometry": {"type": "Polygon", "coordinates": [[[55.1455194, 25.1204413], [55.1452306, 25.1204518], [55.1452214, 25.1202446], [55.1453698, 25.1202392], [55.1453721, 25.1202921], [55.1454365, 25.1202897], [55.1454341, 25.1202369], [55.1455102, 25.1202341], [55.1455194, 25.1204413]]]}}, {"type": "Feature", "properties": {"status": "existing", "bHeight": 12.0, "name": "", "levels": ""}, "geometry": {"type": "Polygon", "coordinates": [[[55.1459693, 25.1204111], [55.1462492, 25.1203897], [55.1462403, 25.1201713], [55.1461667, 25.1201781], [55.1461751, 25.120252], [55.1460999, 25.120259], [55.1460916, 25.1201851], [55.1459468, 25.1201984], [55.1459693, 25.1204111]]]}}, {"type": "Feature", "properties": {"status": "existing", "bHeight": 12.0, "name": "", "levels": ""}, "geometry": {"type": "Polygon", "coordinates": [[[55.1358942, 25.118058], [55.1359969, 25.1178953], [55.1357502, 25.1177642], [55.1356413, 25.1179265], [55.1357193, 25.1179671], [55.1357349, 25.1179425], [55.135841, 25.1179977], [55.1358254, 25.1180223], [55.1358942, 25.118058]]]}}, {"type": "Feature", "properties": {"status": "existing", "bHeight": 12.0, "name": "", "levels": ""}, "geometry": {"type": "Polygon", "coordinates": [[[55.1319984, 25.118109], [55.1319702, 25.1181357], [55.1320291, 25.1181866], [55.132054, 25.1181629], [55.1320817, 25.1181255], [55.1321139, 25.1181449], [55.1320861, 25.1181824], [55.1321089, 25.1182031], [55.1321396, 25.1181745], [55.1321852, 25.1182145], [55.1321627, 25.1182354], [55.1322012, 25.1182751], [55.1321633, 25.1183112], [55.1322211, 25.1183612], [55.1323975, 25.1181936], [55.1321416, 25.1179729], [55.1319984, 25.118109]]]}}, {"type": "Feature", "properties": {"status": "existing", "bHeight": 12.0, "name": "", "levels": ""}, "geometry": {"type": "Polygon", "coordinates": [[[55.1354785, 25.1177489], [55.1354723, 25.1177591], [55.1355329, 25.1177892], [55.1356848, 25.1175391], [55.1355383, 25.1174662], [55.1355833, 25.1173921], [55.13549, 25.1173456], [55.1352953, 25.1176661], [55.1353255, 25.1176811], [55.1353389, 25.1176591], [55.1354271, 25.1177031], [55.1354177, 25.1177186], [55.1354785, 25.1177489]]]}}, {"type": "Feature", "properties": {"status": "existing", "bHeight": 12.0, "name": "", "levels": ""}, "geometry": {"type": "Polygon", "coordinates": [[[55.1376214, 25.1188052], [55.1377139, 25.1185872], [55.137552, 25.1185308], [55.1374395, 25.1184917], [55.1373939, 25.1185989], [55.137518, 25.1186421], [55.137471, 25.1187529], [55.1376214, 25.1188052]]]}}, {"type": "Feature", "properties": {"status": "existing", "bHeight": 12.0, "name": "", "levels": ""}, "geometry": {"type": "Polygon", "coordinates": [[[55.1384387, 25.1190771], [55.1384981, 25.1189337], [55.1382049, 25.1188341], [55.1381455, 25.1189775], [55.1382287, 25.1190058], [55.1382076, 25.1190566], [55.1382643, 25.1190759], [55.1382854, 25.119025], [55.1384387, 25.1190771]]]}}, {"type": "Feature", "properties": {"status": "existing", "bHeight": 12.0, "name": "", "levels": ""}, "geometry": {"type": "Polygon", "coordinates": [[[55.1359575, 25.1185515], [55.1356781, 25.1184209], [55.1357741, 25.1182526], [55.1360535, 25.1183833], [55.1359575, 25.1185515]]]}}, {"type": "Feature", "properties": {"status": "existing", "bHeight": 12.0, "name": "", "levels": ""}, "geometry": {"type": "Polygon", "coordinates": [[[55.1298828, 25.1199467], [55.1299578, 25.1199771], [55.1299725, 25.1199346], [55.1299866, 25.1199358], [55.1299833, 25.1199638], [55.1300255, 25.1199753], [55.1300418, 25.1199401], [55.1300738, 25.1199507], [55.1301462, 25.1197977], [55.1299754, 25.1197379], [55.1298828, 25.1199467]]]}}, {"type": "Feature", "properties": {"status": "existing", "bHeight": 12.0, "name": "", "levels": ""}, "geometry": {"type": "Polygon", "coordinates": [[[55.1460195, 25.1200068], [55.1460073, 25.1198412], [55.1460518, 25.1198385], [55.1460482, 25.1197885], [55.1463428, 25.1197641], [55.1463682, 25.1199804], [55.1460195, 25.1200068]]]}}, {"type": "Feature", "properties": {"status": "existing", "bHeight": 12.0, "name": "", "levels": ""}, "geometry": {"type": "Polygon", "coordinates": [[[55.1418086, 25.1202764], [55.1417501, 25.1202698], [55.1417474, 25.1203098], [55.1416348, 25.1203038], [55.1416321, 25.1202127], [55.1415932, 25.1202054], [55.1415377, 25.1202558], [55.1414846, 25.1202212], [55.1415698, 25.1200421], [55.1416463, 25.1200955], [55.1417482, 25.1200967], [55.1417589, 25.1200518], [55.1418381, 25.1200578], [55.1418086, 25.1202764]]]}}, {"type": "Feature", "properties": {"status": "existing", "bHeight": 12.0, "name": "", "levels": ""}, "geometry": {"type": "Polygon", "coordinates": [[[55.1458949, 25.1203906], [55.1458499, 25.1203936], [55.1458539, 25.1204385], [55.1457506, 25.1204446], [55.1457493, 25.1204009], [55.1457131, 25.1203997], [55.1457091, 25.1203693], [55.1456702, 25.1203693], [55.1456608, 25.1204288], [55.1455731, 25.1204075], [55.1455972, 25.1202412], [55.1457179, 25.1202679], [55.1457769, 25.120274], [55.1457729, 25.1202243], [55.1458721, 25.120223], [55.1458949, 25.1203906]]]}}, {"type": "Feature", "properties": {"status": "existing", "bHeight": 12.0, "name": "", "levels": ""}, "geometry": {"type": "Polygon", "coordinates": [[[55.1270152, 25.1219077], [55.1271581, 25.1219031], [55.1271619, 25.1219996], [55.1272061, 25.1219982], [55.1272118, 25.1221433], [55.1271146, 25.1221464], [55.1271133, 25.1221151], [55.1270922, 25.1221158], [55.1270942, 25.1221667], [55.1270176, 25.1221691], [55.127014, 25.1220781], [55.1269974, 25.1220786], [55.1269945, 25.1220035], [55.127019, 25.1220027], [55.1270152, 25.1219077]]]}}, {"type": "Feature", "properties": {"status": "existing", "bHeight": 12.0, "name": "", "levels": ""}, "geometry": {"type": "Polygon", "coordinates": [[[55.1429689, 25.1204301], [55.1432794, 25.1204397], [55.1432882, 25.1202065], [55.1431944, 25.1202036], [55.1431915, 25.1202794], [55.1430828, 25.120276], [55.1430857, 25.1202002], [55.1429777, 25.1201969], [55.1429689, 25.1204301]]]}}, {"type": "Feature", "properties": {"status": "existing", "bHeight": 12.0, "name": "", "levels": ""}, "geometry": {"type": "Polygon", "coordinates": [[[55.1425247, 25.1199195], [55.142636, 25.1198283], [55.1425958, 25.1197907], [55.142599, 25.119761], [55.1426272, 25.1197318], [55.1426657, 25.119733], [55.1427473, 25.1198114], [55.1428238, 25.1197567], [55.1428801, 25.1198211], [55.1427519, 25.1199261], [55.1427184, 25.1198994], [55.1425877, 25.1199923], [55.1425247, 25.1199195]]]}}, {"type": "Feature", "properties": {"status": "existing", "bHeight": 12.0, "name": "", "levels": ""}, "geometry": {"type": "Polygon", "coordinates": [[[55.1387254, 25.1196389], [55.1387926, 25.1194277], [55.1387447, 25.1194126], [55.1387275, 25.1194574], [55.1386117, 25.1194209], [55.1386289, 25.1193762], [55.1385507, 25.1193515], [55.1384679, 25.1195588], [55.1387254, 25.1196389]]]}}, {"type": "Feature", "properties": {"status": "existing", "bHeight": 12.0, "name": "", "levels": ""}, "geometry": {"type": "Polygon", "coordinates": [[[55.1425556, 25.1202546], [55.1424402, 25.1203395], [55.1424684, 25.1203675], [55.1424703, 25.1203863], [55.1424542, 25.120424], [55.1424268, 25.1204404], [55.1424019, 25.12043], [55.1423356, 25.1203578], [55.1422892, 25.12039], [55.142249, 25.1204094], [55.1422163, 25.120404], [55.1421954, 25.1203851], [55.1421981, 25.1203511], [55.1422149, 25.1203201], [55.1424483, 25.1201392], [55.1425556, 25.1202546]]]}}, {"type": "Feature", "properties": {"status": "existing", "bHeight": 12.0, "name": "", "levels": ""}, "geometry": {"type": "Polygon", "coordinates": [[[55.1429149, 25.12042], [55.1429352, 25.120218], [55.1428257, 25.1202091], [55.1428192, 25.1202742], [55.1427186, 25.1202659], [55.1427273, 25.1201783], [55.1426247, 25.1201699], [55.1426022, 25.1203943], [55.1429149, 25.12042]]]}}, {"type": "Feature", "properties": {"status": "existing", "bHeight": 12.0, "name": "", "levels": ""}, "geometry": {"type": "Polygon", "coordinates": [[[55.1373387, 25.1191034], [55.1373682, 25.11905], [55.1373762, 25.1190378], [55.1372475, 25.1189917], [55.1372743, 25.118931], [55.1371241, 25.1188703], [55.1370357, 25.1190496], [55.1371903, 25.1191137], [55.1372287, 25.1190597], [55.1373387, 25.1191034]]]}}, {"type": "Feature", "properties": {"status": "existing", "bHeight": 12.0, "name": "", "levels": ""}, "geometry": {"type": "Polygon", "coordinates": [[[55.1456696, 25.1200215], [55.1456575, 25.1198539], [55.1459513, 25.1198393], [55.14597, 25.1200045], [55.1458889, 25.1200085], [55.1458855, 25.1199613], [55.1457578, 25.1199689], [55.1457612, 25.120016], [55.1456696, 25.1200215]]]}}, {"type": "Feature", "properties": {"status": "existing", "bHeight": 12.0, "name": "", "levels": ""}, "geometry": {"type": "Polygon", "coordinates": [[[55.1444924, 25.1204747], [55.1444918, 25.1202404], [55.1445946, 25.1202401], [55.1445949, 25.1203355], [55.1447075, 25.1203353], [55.1447073, 25.1202399], [55.1447828, 25.1202397], [55.1447835, 25.120474], [55.1444924, 25.1204747]]]}}, {"type": "Feature", "properties": {"status": "existing", "bHeight": 12.0, "name": "", "levels": ""}, "geometry": {"type": "Polygon", "coordinates": [[[55.1286757, 25.1209825], [55.1288172, 25.1210013], [55.1288179, 25.120957], [55.1288522, 25.1209601], [55.1288656, 25.1208034], [55.1287153, 25.1207906], [55.1286871, 25.1208684], [55.1286737, 25.1209139], [55.1286898, 25.1209145], [55.1286757, 25.1209825]]]}}, {"type": "Feature", "properties": {"status": "existing", "bHeight": 41.4, "name": "", "levels": "12", "height_source": "osm_geom", "height_basis": "osm levels 12 · 100% of this footprint"}, "geometry": {"type": "Polygon", "coordinates": [[[55.1107317, 25.1194671], [55.1105604, 25.1194635], [55.1105607, 25.119466], [55.1105231, 25.1194703], [55.1105282, 25.1195072], [55.1104396, 25.1195173], [55.1104397, 25.1195184], [55.1103821, 25.119525], [55.1103861, 25.1195533], [55.1103364, 25.119559], [55.1103424, 25.1196016], [55.1103503, 25.1196007], [55.1103564, 25.1196444], [55.1103797, 25.1196418], [55.1103944, 25.1197474], [55.1104274, 25.1197436], [55.110433, 25.119784], [55.1103955, 25.1197883], [55.1104008, 25.1198261], [55.1103656, 25.1198301], [55.1103752, 25.1198984], [55.1103781, 25.1198981], [55.1103864, 25.1199572], [55.1103888, 25.1199569], [55.1103964, 25.1200115], [55.1104151, 25.1200093], [55.1104192, 25.120039], [55.1104229, 25.1200651], [55.1104328, 25.1200639], [55.1104411, 25.1201239], [55.1104302, 25.1201252], [55.1104524, 25.1202839], [55.1104942, 25.1202791], [55.1104957, 25.12029], [55.1105122, 25.1202881], [55.1105234, 25.1203681], [55.1105039, 25.1203703], [55.1105116, 25.1204254], [55.1105302, 25.1204233], [55.110535, 25.1204579], [55.1105149, 25.1204602], [55.1105269, 25.1205463], [55.1105606, 25.1205425], [55.110566, 25.120581], [55.1105985, 25.1205772], [55.1105968, 25.120565], [55.1107077, 25.1205523], [55.1107097, 25.1205663], [55.1108437, 25.1205509], [55.1108424, 25.1205378], [55.1109355, 25.1205153], [55.1108896, 25.1203645], [55.1108507, 25.1203702], [55.1108464, 25.1203499], [55.1108761, 25.1203461], [55.1108056, 25.1201823], [55.1107654, 25.1201891], [55.1107625, 25.1201773], [55.1107247, 25.120183], [55.1107218, 25.1201644], [55.1107829, 25.1201548], [55.1107761, 25.120108], [55.1108658, 25.1200949], [55.1108565, 25.1199985], [55.1108929, 25.1199923], [55.1108838, 25.1199486], [55.1108759, 25.1199108], [55.1108395, 25.1199171], [55.1108269, 25.1198569], [55.1106888, 25.1198618], [55.1106834, 25.119835], [55.1107331, 25.1198314], [55.1107237, 25.1196335], [55.1106969, 25.1196298], [55.1106969, 25.1196068], [55.1107237, 25.119608], [55.1107317, 25.1194671]]]}}, {"type": "Feature", "properties": {"status": "existing", "bHeight": 12.0, "name": "", "levels": ""}, "geometry": {"type": "Polygon", "coordinates": [[[55.1110669, 25.1188115], [55.1110739, 25.1188631], [55.1110803, 25.1188624], [55.1110891, 25.118927], [55.1108658, 25.118952], [55.1108572, 25.1188891], [55.1108409, 25.1188909], [55.1108336, 25.1188376], [55.1110669, 25.1188115]]]}}, {"type": "Feature", "properties": {"status": "existing", "bHeight": 12.0, "name": "", "levels": ""}, "geometry": {"type": "Polygon", "coordinates": [[[55.1095733, 25.1191271], [55.1095637, 25.1190841], [55.109543, 25.1190879], [55.1095275, 25.1190186], [55.1095607, 25.1190125], [55.1095656, 25.1190341], [55.1096161, 25.1190248], [55.1096144, 25.1190171], [55.1096691, 25.119007], [55.1096708, 25.1190148], [55.109722, 25.1190053], [55.1097318, 25.1190491], [55.1097234, 25.1190506], [55.1097339, 25.1190975], [55.1095733, 25.1191271]]]}}, {"type": "Feature", "properties": {"status": "existing", "bHeight": 12.0, "name": "", "levels": ""}, "geometry": {"type": "Polygon", "coordinates": [[[55.1095985, 25.1192331], [55.1096924, 25.1192133], [55.1096949, 25.1192231], [55.1097512, 25.1192113], [55.1097487, 25.1192015], [55.1098193, 25.1191867], [55.1098053, 25.1191323], [55.109788, 25.119136], [55.1097789, 25.1191003], [55.1095981, 25.1191383], [55.1096073, 25.119174], [55.1095846, 25.1191787], [55.1095985, 25.1192331]]]}}, {"type": "Feature", "properties": {"status": "existing", "bHeight": 12.0, "name": "", "levels": ""}, "geometry": {"type": "Polygon", "coordinates": [[[55.1099045, 25.1192899], [55.1098919, 25.1192935], [55.1098875, 25.1192806], [55.1099001, 25.119277], [55.1098852, 25.1192337], [55.1096805, 25.1192913], [55.109675, 25.1192754], [55.1096491, 25.1192827], [55.1096862, 25.1193908], [55.1096977, 25.1193876], [55.1097066, 25.1194134], [55.1099257, 25.1193517], [55.1099045, 25.1192899]]]}}, {"type": "Feature", "properties": {"status": "existing", "bHeight": 12.0, "name": "", "levels": ""}, "geometry": {"type": "Polygon", "coordinates": [[[55.1099881, 25.1194823], [55.109971, 25.1194295], [55.1099497, 25.1194351], [55.1099446, 25.1194194], [55.1099659, 25.1194137], [55.1099549, 25.1193797], [55.1097311, 25.119439], [55.1097396, 25.1194651], [55.109733, 25.1194669], [55.1097521, 25.119526], [55.1097436, 25.1195282], [55.1097573, 25.1195706], [55.1099774, 25.1195122], [55.1099693, 25.1194873], [55.1099881, 25.1194823]]]}}, {"type": "Feature", "properties": {"status": "existing", "bHeight": 19.0, "name": "", "levels": "5", "height_source": "osm_geom", "height_basis": "osm levels 5 · 100% of this footprint"}, "geometry": {"type": "Polygon", "coordinates": [[[55.1236279, 25.0980176], [55.1233983, 25.0980478], [55.1234311, 25.0982526], [55.1225605, 25.0983672], [55.1226415, 25.0988722], [55.1246451, 25.0986087], [55.1245636, 25.0980999], [55.1236601, 25.0982186], [55.1236279, 25.0980176]]]}}, {"type": "Feature", "properties": {"status": "existing", "bHeight": 24.6, "name": "Grandeur Residences", "levels": "6"}, "geometry": {"type": "Polygon", "coordinates": [[[55.1216727, 25.0985951], [55.1215297, 25.0981769], [55.1212842, 25.0982457], [55.121377, 25.0985172], [55.1213134, 25.0985964], [55.1213015, 25.0986576], [55.1210681, 25.0987235], [55.1209913, 25.0986648], [55.1209396, 25.098654], [55.1208525, 25.0983827], [55.1206396, 25.0984387], [55.1207249, 25.0987044], [55.1206891, 25.0987476], [55.1206772, 25.098816], [55.1204857, 25.0988733], [55.1205548, 25.0990627], [55.120717, 25.0990141], [55.1207766, 25.0990285], [55.1208283, 25.0990753], [55.1209043, 25.0992873], [55.121147, 25.0992159], [55.1210669, 25.0989925], [55.1211106, 25.0989421], [55.1213889, 25.0988665], [55.1214208, 25.0989061], [55.1214645, 25.0989061], [55.121529, 25.0991279], [55.1217939, 25.0990648], [55.1217269, 25.0988341], [55.1217587, 25.0987836], [55.1217587, 25.0987512], [55.121945, 25.0986989], [55.1218887, 25.0985346], [55.1216727, 25.0985951]]]}}, {"type": "Feature", "properties": {"status": "existing", "bHeight": 12.0, "name": "", "levels": ""}, "geometry": {"type": "Polygon", "coordinates": [[[55.1278754, 25.1167386], [55.1280973, 25.1169114], [55.1280206, 25.1169833], [55.1280406, 25.1169989], [55.1280026, 25.1170341], [55.1279645, 25.1170014], [55.1279393, 25.1170254], [55.127852, 25.1169504], [55.1278655, 25.1169375], [55.1277563, 25.1168437], [55.1278754, 25.1167386]]]}}, {"type": "Feature", "properties": {"status": "existing", "bHeight": 12.0, "name": "", "levels": ""}, "geometry": {"type": "Polygon", "coordinates": [[[55.1276717, 25.1168324], [55.1275804, 25.1167586], [55.1276427, 25.1166954], [55.1275875, 25.1166509], [55.1275289, 25.1167103], [55.1274547, 25.1166503], [55.1276033, 25.1164996], [55.1278239, 25.1166779], [55.1276717, 25.1168324]]]}}, {"type": "Feature", "properties": {"status": "existing", "bHeight": 12.0, "name": "", "levels": ""}, "geometry": {"type": "Polygon", "coordinates": [[[55.1274023, 25.116576], [55.1275636, 25.1164993], [55.1275384, 25.1164096], [55.1274741, 25.1164375], [55.1274392, 25.1164035], [55.1274808, 25.1163658], [55.1273381, 25.1162686], [55.1271854, 25.1164113], [55.1272595, 25.1164727], [55.1272957, 25.116446], [55.1273507, 25.116497], [55.1274023, 25.116576]]]}}, {"type": "Feature", "properties": {"status": "existing", "bHeight": 12.0, "name": "", "levels": ""}, "geometry": {"type": "Polygon", "coordinates": [[[55.1271417, 25.1163422], [55.1272852, 25.116252], [55.1272622, 25.1161898], [55.1272072, 25.1162043], [55.127179, 25.1161703], [55.1272112, 25.1161327], [55.1270821, 25.1160242], [55.1269285, 25.1161714], [55.1270073, 25.1162374], [55.1270355, 25.1162094], [55.1270959, 25.1162626], [55.1271417, 25.1163422]]]}}, {"type": "Feature", "properties": {"status": "existing", "bHeight": 12.0, "name": "", "levels": ""}, "geometry": {"type": "Polygon", "coordinates": [[[55.1267881, 25.1159721], [55.1269465, 25.115836], [55.126837, 25.1157439], [55.1267793, 25.1157939], [55.1267599, 25.1157776], [55.126671, 25.1158546], [55.1267881, 25.1159721]]]}}, {"type": "Feature", "properties": {"status": "existing", "bHeight": 12.0, "name": "", "levels": ""}, "geometry": {"type": "Polygon", "coordinates": [[[55.1271958, 25.1170063], [55.1274014, 25.1168137], [55.1273297, 25.1167582], [55.1272726, 25.1168187], [55.1271775, 25.1167451], [55.1272346, 25.1166846], [55.1271663, 25.1166318], [55.1269765, 25.1168037], [55.127075, 25.1168947], [55.1270909, 25.1168806], [55.1271453, 25.1169309], [55.1271294, 25.116945], [55.1271958, 25.1170063]]]}}, {"type": "Feature", "properties": {"status": "existing", "bHeight": 12.0, "name": "", "levels": ""}, "geometry": {"type": "Polygon", "coordinates": [[[55.1256346, 25.1155087], [55.1258418, 25.1153641], [55.1256373, 25.1151535], [55.1254432, 25.1152921], [55.1255375, 25.1153932], [55.1255523, 25.1153847], [55.1255952, 25.1154235], [55.1255724, 25.115449], [55.1256346, 25.1155087]]]}}, {"type": "Feature", "properties": {"status": "existing", "bHeight": 12.0, "name": "", "levels": ""}, "geometry": {"type": "Polygon", "coordinates": [[[55.1265978, 25.115861], [55.1267875, 25.1157038], [55.1266566, 25.1155743], [55.1266151, 25.1156087], [55.1265313, 25.1155258], [55.1264508, 25.1155925], [55.1265387, 25.1156795], [55.1264711, 25.1157356], [55.1265978, 25.115861]]]}}, {"type": "Feature", "properties": {"status": "existing", "bHeight": 12.0, "name": "", "levels": ""}, "geometry": {"type": "Polygon", "coordinates": [[[55.1243965, 25.1140445], [55.1246068, 25.1139154], [55.1245518, 25.1138421], [55.1245032, 25.1138719], [55.1244366, 25.113783], [55.1244853, 25.1137532], [55.1244446, 25.1136989], [55.1242343, 25.1138279], [55.1243965, 25.1140445]]]}}, {"type": "Feature", "properties": {"status": "existing", "bHeight": 12.0, "name": "", "levels": ""}, "geometry": {"type": "Polygon", "coordinates": [[[55.1237801, 25.1123467], [55.1237484, 25.1122822], [55.1237689, 25.1122704], [55.123739, 25.1122097], [55.1238995, 25.1121169], [55.1239727, 25.1122454], [55.1237801, 25.1123467]]]}}, {"type": "Feature", "properties": {"status": "existing", "bHeight": 12.0, "name": "", "levels": ""}, "geometry": {"type": "Polygon", "coordinates": [[[55.1227972, 25.1116487], [55.1229764, 25.111563], [55.1229027, 25.1114201], [55.1229442, 25.1114002], [55.1229059, 25.1113258], [55.122681, 25.1114179], [55.1227972, 25.1116487]]]}}, {"type": "Feature", "properties": {"status": "existing", "bHeight": 12.0, "name": "", "levels": ""}, "geometry": {"type": "Polygon", "coordinates": [[[55.1226522, 25.1110196], [55.1227132, 25.1111348], [55.1225458, 25.1112142], [55.1224834, 25.1110896], [55.1226522, 25.1110196]]]}}, {"type": "Feature", "properties": {"status": "existing", "bHeight": 12.0, "name": "", "levels": ""}, "geometry": {"type": "Polygon", "coordinates": [[[55.1229293, 25.1108004], [55.1231098, 25.1107299], [55.1230602, 25.1106017], [55.1228798, 25.1106738], [55.1229293, 25.1108004]]]}}, {"type": "Feature", "properties": {"status": "existing", "bHeight": 12.0, "name": "", "levels": ""}, "geometry": {"type": "Polygon", "coordinates": [[[55.122778, 25.1106374], [55.1229989, 25.1105518], [55.1229287, 25.1104031], [55.1227078, 25.1104887], [55.122778, 25.1106374]]]}}, {"type": "Feature", "properties": {"status": "existing", "bHeight": 12.0, "name": "", "levels": ""}, "geometry": {"type": "Polygon", "coordinates": [[[55.1226313, 25.1103039], [55.1228583, 25.1102191], [55.122749, 25.1099793], [55.1225219, 25.1100641], [55.1225624, 25.1101528], [55.1226131, 25.1101339], [55.1226489, 25.1102125], [55.1225982, 25.1102314], [55.1226313, 25.1103039]]]}}, {"type": "Feature", "properties": {"status": "existing", "bHeight": 12.0, "name": "", "levels": ""}, "geometry": {"type": "Polygon", "coordinates": [[[55.1221703, 25.1103998], [55.1223308, 25.1103369], [55.1222692, 25.1102078], [55.1223386, 25.1101806], [55.1222858, 25.1100701], [55.1220297, 25.1101704], [55.1220649, 25.110244], [55.1221283, 25.1102191], [55.1221666, 25.1102992], [55.1221293, 25.1103138], [55.1221703, 25.1103998]]]}}, {"type": "Feature", "properties": {"status": "existing", "bHeight": 12.0, "name": "", "levels": ""}, "geometry": {"type": "Polygon", "coordinates": [[[55.1224443, 25.109911], [55.1226514, 25.1098355], [55.1225903, 25.1096983], [55.1225353, 25.1095747], [55.1224338, 25.1096118], [55.1224853, 25.1097275], [55.1223797, 25.109766], [55.1224443, 25.109911]]]}}, {"type": "Feature", "properties": {"status": "existing", "bHeight": 12.0, "name": "", "levels": ""}, "geometry": {"type": "Polygon", "coordinates": [[[55.1220545, 25.110086], [55.1222455, 25.1100293], [55.1222156, 25.1099467], [55.1221724, 25.1099596], [55.1221341, 25.1098537], [55.1222042, 25.1098329], [55.1221823, 25.1097725], [55.1219468, 25.1098424], [55.1219892, 25.1099597], [55.1220043, 25.1099552], [55.1220545, 25.110086]]]}}, {"type": "Feature", "properties": {"status": "existing", "bHeight": 12.0, "name": "", "levels": ""}, "geometry": {"type": "Polygon", "coordinates": [[[55.1219165, 25.109744], [55.1219434, 25.1097113], [55.1220656, 25.109755], [55.1221445, 25.1096032], [55.1219997, 25.1095376], [55.1220265, 25.1094806], [55.1219648, 25.1094514], [55.1219125, 25.1095243], [55.1218361, 25.1094891], [55.1218066, 25.1094964], [55.1217757, 25.1095255], [55.121769, 25.1095583], [55.1217783, 25.1095908], [55.1218629, 25.1096214], [55.1218186, 25.1097089], [55.1218294, 25.1097392], [55.1218535, 25.1097599], [55.1218911, 25.1097562], [55.1219165, 25.109744]]]}}, {"type": "Feature", "properties": {"status": "existing", "bHeight": 12.0, "name": "", "levels": ""}, "geometry": {"type": "Polygon", "coordinates": [[[55.12234, 25.1095742], [55.1224832, 25.1095223], [55.1223889, 25.1092793], [55.1222393, 25.1093287], [55.1222723, 25.1094058], [55.1222505, 25.109413], [55.1222721, 25.1094635], [55.1222899, 25.1094571], [55.12234, 25.1095742]]]}}, {"type": "Feature", "properties": {"status": "existing", "bHeight": 12.0, "name": "", "levels": ""}, "geometry": {"type": "Polygon", "coordinates": [[[55.1222077, 25.1092598], [55.1223924, 25.1092491], [55.122398, 25.1091381], [55.1223256, 25.1091357], [55.1223202, 25.1091053], [55.1223671, 25.1090908], [55.1223375, 25.1089466], [55.1221044, 25.1090129], [55.1221392, 25.1090993], [55.1221861, 25.1091029], [55.1222077, 25.1092598]]]}}, {"type": "Feature", "properties": {"status": "existing", "bHeight": 12.0, "name": "", "levels": ""}, "geometry": {"type": "Polygon", "coordinates": [[[55.1217881, 25.1094736], [55.1219967, 25.1094068], [55.1219512, 25.1093146], [55.121911, 25.1093262], [55.1218746, 25.109243], [55.121957, 25.1092073], [55.1219299, 25.1091355], [55.1216844, 25.1092147], [55.1217881, 25.1094736]]]}}, {"type": "Feature", "properties": {"status": "existing", "bHeight": 12.0, "name": "", "levels": ""}, "geometry": {"type": "Polygon", "coordinates": [[[55.1219823, 25.1087519], [55.1220332, 25.1086597], [55.122157, 25.1087213], [55.1221834, 25.1086791], [55.1222062, 25.1086669], [55.1222344, 25.1086633], [55.1222572, 25.1086754], [55.1222813, 25.1086937], [55.1222827, 25.1087325], [55.1222396, 25.1088112], [55.1223068, 25.1088394], [55.1223242, 25.1088649], [55.1223242, 25.1088977], [55.1223108, 25.1089147], [55.1222907, 25.1089329], [55.1222625, 25.1089353], [55.1221445, 25.1088855], [55.1221162, 25.1088629], [55.1221056, 25.1088357], [55.1221043, 25.1088139], [55.1219823, 25.1087519]]]}}, {"type": "Feature", "properties": {"status": "existing", "bHeight": 12.0, "name": "", "levels": ""}, "geometry": {"type": "Polygon", "coordinates": [[[55.1213871, 25.1085846], [55.121482, 25.1086269], [55.1214386, 25.1087095], [55.1214404, 25.1087277], [55.1214485, 25.1087532], [55.121478, 25.1087665], [55.1215129, 25.1087629], [55.1215598, 25.1087179], [55.1216738, 25.1087702], [55.1217371, 25.1086523], [55.121647, 25.1086062], [55.1216644, 25.1085637], [55.1214653, 25.1084814], [55.1214297, 25.1084994], [55.1213871, 25.1085846]]]}}, {"type": "Feature", "properties": {"status": "existing", "bHeight": 12.0, "name": "", "levels": ""}, "geometry": {"type": "Polygon", "coordinates": [[[55.1219617, 25.1086338], [55.1219621, 25.1085127], [55.1219447, 25.1084581], [55.1218964, 25.1084702], [55.12187, 25.1083811], [55.1220995, 25.1083083], [55.1221485, 25.1084459], [55.1220815, 25.1084739], [55.122092, 25.1085218], [55.1221512, 25.1085236], [55.1221445, 25.1086111], [55.1219617, 25.1086338]]]}}, {"type": "Feature", "properties": {"status": "existing", "bHeight": 12.0, "name": "", "levels": ""}, "geometry": {"type": "Polygon", "coordinates": [[[55.1214307, 25.1084866], [55.1216674, 25.1084054], [55.1216301, 25.108321], [55.1215598, 25.1083448], [55.1215161, 25.1082391], [55.1215863, 25.1082153], [55.1215573, 25.1081452], [55.1213311, 25.1082097], [55.1214307, 25.1084866]]]}}, {"type": "Feature", "properties": {"status": "existing", "bHeight": 12.0, "name": "", "levels": ""}, "geometry": {"type": "Polygon", "coordinates": [[[55.121319, 25.1081538], [55.1215382, 25.1081122], [55.1215105, 25.1080175], [55.1214538, 25.1080311], [55.121429, 25.1079463], [55.1214857, 25.1079326], [55.1214595, 25.1078433], [55.1212407, 25.107894], [55.121319, 25.1081538]]]}}, {"type": "Feature", "properties": {"status": "existing", "bHeight": 12.0, "name": "", "levels": ""}, "geometry": {"type": "Polygon", "coordinates": [[[55.1216003, 25.1067933], [55.1216247, 25.10679], [55.1215797, 25.106517], [55.1215552, 25.1065203], [55.1213641, 25.1065522], [55.1213907, 25.106662], [55.1214182, 25.1066569], [55.121437, 25.10674], [55.1214094, 25.1067451], [55.1214283, 25.1068287], [55.1216003, 25.1067933]]]}}, {"type": "Feature", "properties": {"status": "existing", "bHeight": 12.0, "name": "", "levels": ""}, "geometry": {"type": "Polygon", "coordinates": [[[55.1213739, 25.1064847], [55.1215247, 25.1064605], [55.1215732, 25.1064155], [55.1215008, 25.1063742], [55.1214606, 25.1061714], [55.1214887, 25.1061094], [55.1214172, 25.1060648], [55.1212858, 25.1060813], [55.1213739, 25.1064847]]]}}, {"type": "Feature", "properties": {"status": "existing", "bHeight": 12.0, "name": "", "levels": ""}, "geometry": {"type": "Polygon", "coordinates": [[[55.1212751, 25.105931], [55.121497, 25.105904], [55.1214758, 25.1057617], [55.1213589, 25.105776], [55.1213547, 25.1057472], [55.1212497, 25.10576], [55.1212751, 25.105931]]]}}, {"type": "Feature", "properties": {"status": "existing", "bHeight": 12.0, "name": "", "levels": ""}, "geometry": {"type": "Polygon", "coordinates": [[[55.1209952, 25.1067994], [55.121164, 25.1067612], [55.1212222, 25.1067461], [55.1211301, 25.1064543], [55.1208435, 25.1065127], [55.1209317, 25.1068114], [55.1209952, 25.1067994]]]}}, {"type": "Feature", "properties": {"status": "existing", "bHeight": 12.0, "name": "", "levels": ""}, "geometry": {"type": "Polygon", "coordinates": [[[55.1208846, 25.1064676], [55.1211147, 25.1064431], [55.1210944, 25.1063499], [55.1210373, 25.1063586], [55.1210172, 25.1062505], [55.1210743, 25.1062418], [55.1210563, 25.1061595], [55.1210246, 25.1061645], [55.1208207, 25.1061881], [55.1208846, 25.1064676]]]}}, {"type": "Feature", "properties": {"status": "existing", "bHeight": 12.0, "name": "", "levels": ""}, "geometry": {"type": "Polygon", "coordinates": [[[55.1208232, 25.1061436], [55.1210283, 25.1061136], [55.1210135, 25.1060309], [55.1209598, 25.1060388], [55.1209393, 25.1059244], [55.1210275, 25.1059115], [55.1210141, 25.1058368], [55.1207717, 25.1058723], [55.1207953, 25.1060044], [55.1208199, 25.1060008], [55.1208291, 25.1060524], [55.1208075, 25.1060556], [55.1208232, 25.1061436]]]}}, {"type": "Feature", "properties": {"status": "existing", "bHeight": 12.0, "name": "", "levels": ""}, "geometry": {"type": "Polygon", "coordinates": [[[55.127289, 25.1207459], [55.1273437, 25.120554], [55.1271886, 25.1205177], [55.1271485, 25.1206585], [55.1271811, 25.1206661], [55.1271751, 25.120687], [55.1272161, 25.1206966], [55.1272075, 25.1207268], [55.127289, 25.1207459]]]}}, {"type": "Feature", "properties": {"status": "existing", "bHeight": 12.0, "name": "", "levels": ""}, "geometry": {"type": "Polygon", "coordinates": [[[55.1271938, 25.1211853], [55.127065, 25.1211586], [55.1270691, 25.1211367], [55.12701, 25.121124], [55.127, 25.1211483], [55.1268843, 25.1211092], [55.1269756, 25.120879], [55.1270885, 25.1209157], [55.127053, 25.121008], [55.127122, 25.1210214], [55.1271421, 25.1209698], [55.1272205, 25.1209889], [55.1272226, 25.1210305], [55.1272394, 25.1210331], [55.1272354, 25.1210695], [55.1272193, 25.1210681], [55.1271938, 25.1211853]]]}}, {"type": "Feature", "properties": {"status": "existing", "bHeight": 12.0, "name": "", "levels": ""}, "geometry": {"type": "Polygon", "coordinates": [[[55.1265182, 25.1209915], [55.1265735, 25.1210335], [55.1266211, 25.1209801], [55.1266587, 25.1209922], [55.126652, 25.1210268], [55.1266882, 25.1210329], [55.1266701, 25.1210888], [55.1267633, 25.1211082], [55.1267747, 25.1210633], [55.1268149, 25.121073], [55.126884, 25.1208946], [55.1267921, 25.1208678], [55.1267666, 25.1209176], [55.1266018, 25.1208455], [55.1265588, 25.1209066], [55.1265708, 25.1209182], [55.1265182, 25.1209915]]]}}, {"type": "Feature", "properties": {"status": "existing", "bHeight": 12.0, "name": "", "levels": ""}, "geometry": {"type": "Polygon", "coordinates": [[[55.126746, 25.1205929], [55.1268096, 25.1206741], [55.1269148, 25.1206128], [55.1269483, 25.1206551], [55.127106, 25.1205723], [55.1271147, 25.1205563], [55.127116, 25.1205308], [55.1271133, 25.1205144], [55.1271053, 25.1205023], [55.1270805, 25.1204932], [55.1270543, 25.1204944], [55.1270188, 25.1204489], [55.1269705, 25.1204756], [55.1269383, 25.1204349], [55.1269189, 25.1204246], [55.1268934, 25.1204227], [55.1268659, 25.1204349], [55.1268545, 25.1204489], [55.1268484, 25.1204665], [55.1268471, 25.1204901], [55.1268662, 25.1205225], [55.126746, 25.1205929]]]}}, {"type": "Feature", "properties": {"status": "existing", "bHeight": 12.0, "name": "", "levels": ""}, "geometry": {"type": "Polygon", "coordinates": [[[55.1266678, 25.1205798], [55.1266506, 25.1206347], [55.1265151, 25.1205997], [55.1265297, 25.1205532], [55.1263721, 25.1205126], [55.126425, 25.1203445], [55.1267407, 25.120426], [55.126716, 25.1205046], [55.1267525, 25.1205141], [55.126727, 25.1205951], [55.1266678, 25.1205798]]]}}, {"type": "Feature", "properties": {"status": "existing", "bHeight": 12.0, "name": "", "levels": ""}, "geometry": {"type": "Polygon", "coordinates": [[[55.1264587, 25.1209988], [55.1263698, 25.1209735], [55.1263634, 25.1209919], [55.1263175, 25.1209788], [55.1263245, 25.1209587], [55.1262335, 25.1209328], [55.1262412, 25.1209108], [55.1261843, 25.1208946], [55.1262275, 25.1207702], [55.1265102, 25.1208507], [55.1264587, 25.1209988]]]}}, {"type": "Feature", "properties": {"status": "existing", "bHeight": 12.0, "name": "", "levels": ""}, "geometry": {"type": "Polygon", "coordinates": [[[55.1262216, 25.1202759], [55.1260777, 25.120237], [55.1260308, 25.1203794], [55.1260699, 25.12039], [55.1260589, 25.1204232], [55.1260931, 25.1204324], [55.126087, 25.1204509], [55.1261576, 25.12047], [55.1262216, 25.1202759]]]}}, {"type": "Feature", "properties": {"status": "existing", "bHeight": 12.0, "name": "", "levels": ""}, "geometry": {"type": "Polygon", "coordinates": [[[55.1259264, 25.1204359], [55.125837, 25.1204125], [55.1258488, 25.1203754], [55.1257197, 25.1203416], [55.1257271, 25.1203184], [55.1256612, 25.1203012], [55.1257099, 25.1201485], [55.1259944, 25.1202229], [55.1259264, 25.1204359]]]}}, {"type": "Feature", "properties": {"status": "existing", "bHeight": 12.0, "name": "", "levels": ""}, "geometry": {"type": "Polygon", "coordinates": [[[55.125581, 25.120298], [55.1254275, 25.1202541], [55.1254646, 25.1201481], [55.1254846, 25.1201538], [55.1255189, 25.1200555], [55.1256524, 25.1200937], [55.125581, 25.120298]]]}}, {"type": "Feature", "properties": {"status": "existing", "bHeight": 12.0, "name": "", "levels": ""}, "geometry": {"type": "Polygon", "coordinates": [[[55.1251211, 25.1201742], [55.1250386, 25.1201474], [55.1250311, 25.1201664], [55.1249709, 25.1201468], [55.1249786, 25.1201274], [55.1248921, 25.1200993], [55.1249459, 25.1199634], [55.125232, 25.1200563], [55.1251913, 25.1201592], [55.1251344, 25.1201407], [55.1251211, 25.1201742]]]}}, {"type": "Feature", "properties": {"status": "existing", "bHeight": 12.0, "name": "", "levels": ""}, "geometry": {"type": "Polygon", "coordinates": [[[55.1248364, 25.1201091], [55.1247467, 25.1200783], [55.1247666, 25.1200306], [55.1247215, 25.1200151], [55.1247352, 25.1199823], [55.1246654, 25.1199583], [55.1246317, 25.1200389], [55.1245453, 25.1200093], [55.1246247, 25.1198194], [55.1249158, 25.1199193], [55.1248364, 25.1201091]]]}}, {"type": "Feature", "properties": {"status": "existing", "bHeight": 12.0, "name": "", "levels": ""}, "geometry": {"type": "Polygon", "coordinates": [[[55.1253337, 25.1206631], [55.125333, 25.1206856], [55.1253243, 25.120702], [55.1252666, 25.1207366], [55.1252465, 25.1207421], [55.1252297, 25.1207378], [55.125215, 25.1207287], [55.1252069, 25.1207172], [55.1251694, 25.1206401], [55.1250889, 25.1206759], [55.1250654, 25.1206741], [55.1250487, 25.1206644], [55.1250326, 25.1206468], [55.1250279, 25.1206261], [55.1250377, 25.1205994], [55.12505, 25.1205739], [55.1251084, 25.1205484], [55.1250976, 25.1205187], [55.1251584, 25.1204877], [55.1251747, 25.1205096], [55.1252566, 25.1204695], [55.1252827, 25.1205138], [55.1253526, 25.1204802], [55.1254041, 25.1205855], [55.1253189, 25.1206261], [55.1253337, 25.1206631]]]}}, {"type": "Feature", "properties": {"status": "existing", "bHeight": 12.0, "name": "", "levels": ""}, "geometry": {"type": "Polygon", "coordinates": [[[55.1250044, 25.1205999], [55.1249072, 25.1205697], [55.1249238, 25.120528], [55.1248567, 25.1205062], [55.1248401, 25.1205478], [55.1247267, 25.1205053], [55.1248181, 25.1202761], [55.1248951, 25.1203062], [55.1248696, 25.1204009], [55.1249689, 25.1204312], [55.1249944, 25.1203875], [55.1250856, 25.1204303], [55.1250044, 25.1205999]]]}}, {"type": "Feature", "properties": {"status": "existing", "bHeight": 12.0, "name": "", "levels": ""}, "geometry": {"type": "Polygon", "coordinates": [[[55.1246211, 25.1204541], [55.1246041, 25.1204956], [55.124521, 25.120464], [55.1245303, 25.1204252], [55.1244968, 25.1204082], [55.1245116, 25.1203803], [55.1244713, 25.1203608], [55.1244391, 25.1204009], [55.1243706, 25.1203447], [55.1244673, 25.1202228], [55.1246215, 25.1203074], [55.1246443, 25.1202698], [55.1247457, 25.1203116], [55.1246658, 25.1204677], [55.1246211, 25.1204541]]]}}, {"type": "Feature", "properties": {"status": "existing", "bHeight": 12.0, "name": "", "levels": ""}, "geometry": {"type": "Polygon", "coordinates": [[[55.1242134, 25.1198233], [55.1242521, 25.1199049], [55.124362, 25.119866], [55.1243882, 25.1199043], [55.1245703, 25.1198365], [55.1245826, 25.1198168], [55.1245967, 25.1197998], [55.1246014, 25.119781], [55.1246048, 25.119757], [55.1245981, 25.1197355], [55.1245813, 25.1197264], [55.1245484, 25.1197191], [55.1245263, 25.1197045], [55.1245096, 25.1196942], [55.1244888, 25.1196893], [55.1244606, 25.1196893], [55.1244465, 25.1196669], [55.1244298, 25.1196535], [55.1244076, 25.1196426], [55.1243855, 25.1196395], [55.1243634, 25.1196444], [55.1243466, 25.1196535], [55.1243293, 25.1196767], [55.1243178, 25.119716], [55.1243205, 25.1197428], [55.1243332, 25.1197743], [55.1242134, 25.1198233]]]}}, {"type": "Feature", "properties": {"status": "existing", "bHeight": 12.0, "name": "", "levels": ""}, "geometry": {"type": "Polygon", "coordinates": [[[55.123135, 25.1198977], [55.1231061, 25.1199395], [55.1230343, 25.1199012], [55.1230524, 25.1198636], [55.1230149, 25.1198429], [55.1230296, 25.1198095], [55.1229908, 25.1197901], [55.1229566, 25.1198284], [55.1229425, 25.1198217], [55.1229016, 25.11977], [55.1230023, 25.1196454], [55.123262, 25.1197631], [55.1231839, 25.1199164], [55.123135, 25.1198977]]]}}, {"type": "Feature", "properties": {"status": "existing", "bHeight": 12.0, "name": "", "levels": ""}, "geometry": {"type": "Polygon", "coordinates": [[[55.123013, 25.119168], [55.1228836, 25.1191131], [55.1228549, 25.1191685], [55.1228693, 25.1191746], [55.1228526, 25.1192069], [55.1228136, 25.1191903], [55.1227824, 25.1192507], [55.1228612, 25.1192841], [55.1228508, 25.1193043], [55.1229259, 25.1193362], [55.123013, 25.119168]]]}}, {"type": "Feature", "properties": {"status": "existing", "bHeight": 12.0, "name": "", "levels": ""}, "geometry": {"type": "Polygon", "coordinates": [[[55.1228112, 25.1190777], [55.1227119, 25.1192765], [55.1225455, 25.1192036], [55.1225777, 25.1191283], [55.122474, 25.1190763], [55.122514, 25.1189971], [55.1226354, 25.1190494], [55.1226595, 25.1190081], [55.1228112, 25.1190777]]]}}, {"type": "Feature", "properties": {"status": "existing", "bHeight": 12.0, "name": "", "levels": ""}, "geometry": {"type": "Polygon", "coordinates": [[[55.1224586, 25.1189205], [55.1224192, 25.1189864], [55.1224374, 25.1189953], [55.1223637, 25.1191186], [55.1222817, 25.1190784], [55.1223072, 25.1190357], [55.1222031, 25.1189847], [55.1221749, 25.119032], [55.1220907, 25.1189908], [55.1222065, 25.118797], [55.1224586, 25.1189205]]]}}, {"type": "Feature", "properties": {"status": "existing", "bHeight": 12.0, "name": "", "levels": ""}, "geometry": {"type": "Polygon", "coordinates": [[[55.1220323, 25.118946], [55.1221176, 25.1188766], [55.1221029, 25.11886], [55.1221552, 25.1188114], [55.1220989, 25.1187483], [55.1220439, 25.1187896], [55.122005, 25.1187653], [55.1220372, 25.1187191], [55.1218905, 25.1186537], [55.1217834, 25.1188203], [55.1218575, 25.11886], [55.121887, 25.1188223], [55.1219675, 25.1188648], [55.1219474, 25.1188806], [55.1220323, 25.118946]]]}}, {"type": "Feature", "properties": {"status": "existing", "bHeight": 12.0, "name": "", "levels": ""}, "geometry": {"type": "Polygon", "coordinates": [[[55.1217183, 25.1187983], [55.121813, 25.1186556], [55.1215531, 25.1185142], [55.1214509, 25.1186682], [55.1215307, 25.1187116], [55.1215789, 25.118639], [55.1216435, 25.1186742], [55.1216295, 25.1186953], [55.1216563, 25.1187099], [55.1216297, 25.1187501], [55.1217183, 25.1187983]]]}}, {"type": "Feature", "properties": {"status": "existing", "bHeight": 12.0, "name": "", "levels": ""}, "geometry": {"type": "Polygon", "coordinates": [[[55.1218957, 25.1191735], [55.1216314, 25.1190476], [55.1215756, 25.1191436], [55.1216191, 25.1191643], [55.1216064, 25.1191861], [55.1216357, 25.1192001], [55.1216279, 25.1192135], [55.1216774, 25.1192371], [55.1216673, 25.1192544], [55.1217193, 25.1192792], [55.1217283, 25.1192638], [55.1217792, 25.1192881], [55.1217854, 25.1192774], [55.1218245, 25.119296], [55.1218957, 25.1191735]]]}}, {"type": "Feature", "properties": {"status": "existing", "bHeight": 12.0, "name": "", "levels": ""}, "geometry": {"type": "Polygon", "coordinates": [[[55.1214704, 25.1191713], [55.1216005, 25.1189649], [55.1213387, 25.1188298], [55.1212087, 25.1190361], [55.1214704, 25.1191713]]]}}, {"type": "Feature", "properties": {"status": "existing", "bHeight": 12.0, "name": "", "levels": ""}, "geometry": {"type": "Polygon", "coordinates": [[[55.1212665, 25.1188412], [55.1212321, 25.1188246], [55.1209948, 25.1187098], [55.1209355, 25.1188103], [55.1209819, 25.1188327], [55.1209622, 25.1188661], [55.1210408, 25.1189041], [55.1210282, 25.1189254], [55.1210833, 25.1189521], [55.1210935, 25.1189349], [55.1211851, 25.1189792], [55.1212665, 25.1188412]]]}}, {"type": "Feature", "properties": {"status": "existing", "bHeight": 12.0, "name": "", "levels": ""}, "geometry": {"type": "Polygon", "coordinates": [[[55.1214026, 25.1186015], [55.1215138, 25.1184306], [55.121238, 25.1182834], [55.1211351, 25.1184416], [55.1213464, 25.1185543], [55.1213381, 25.1185671], [55.1214026, 25.1186015]]]}}, {"type": "Feature", "properties": {"status": "existing", "bHeight": 12.0, "name": "", "levels": ""}, "geometry": {"type": "Polygon", "coordinates": [[[55.121164, 25.1182199], [55.1210186, 25.1181405], [55.1209746, 25.1182066], [55.1208776, 25.1181536], [55.1208057, 25.1182615], [55.1208766, 25.1183003], [55.1208831, 25.1182905], [55.1209293, 25.1183157], [55.120909, 25.1183462], [55.1210101, 25.1184015], [55.1210284, 25.118374], [55.1210778, 25.118401], [55.121164, 25.1182717], [55.1211387, 25.1182579], [55.121164, 25.1182199]]]}}, {"type": "Feature", "properties": {"status": "existing", "bHeight": 12.0, "name": "", "levels": ""}, "geometry": {"type": "Polygon", "coordinates": [[[55.1208165, 25.1181171], [55.1205773, 25.117966], [55.1204626, 25.1181149], [55.1205387, 25.118163], [55.120594, 25.1180914], [55.1206501, 25.1181269], [55.1206342, 25.1181475], [55.1206671, 25.1181683], [55.1206566, 25.1181819], [55.1206656, 25.1181876], [55.1206462, 25.1182127], [55.1207112, 25.1182538], [55.1207781, 25.1181669], [55.1208165, 25.1181171]]]}}, {"type": "Feature", "properties": {"status": "existing", "bHeight": 12.0, "name": "", "levels": ""}, "geometry": {"type": "Polygon", "coordinates": [[[55.120538, 25.1178899], [55.1203004, 25.1177473], [55.1202023, 25.1178812], [55.1202694, 25.1179214], [55.1202634, 25.1179296], [55.1202923, 25.1179469], [55.1202867, 25.1179545], [55.1203387, 25.1179857], [55.1203494, 25.1179711], [55.1203666, 25.1179814], [55.1203327, 25.1180276], [55.1204052, 25.1180712], [55.120538, 25.1178899]]]}}, {"type": "Feature", "properties": {"status": "existing", "bHeight": 12.0, "name": "", "levels": ""}, "geometry": {"type": "Polygon", "coordinates": [[[55.1196962, 25.1176304], [55.1198158, 25.1174762], [55.1195656, 25.117317], [55.1195036, 25.1173969], [55.1195672, 25.1174374], [55.1195532, 25.1174555], [55.1196016, 25.1174863], [55.1195603, 25.1175395], [55.1195884, 25.1175574], [55.1195764, 25.1175729], [55.119646, 25.1176171], [55.1196557, 25.1176046], [55.1196962, 25.1176304]]]}}, {"type": "Feature", "properties": {"status": "existing", "bHeight": 12.0, "name": "", "levels": ""}, "geometry": {"type": "Polygon", "coordinates": [[[55.1192789, 25.1173266], [55.1193045, 25.1173436], [55.1192942, 25.1173563], [55.1193344, 25.117383], [55.1193439, 25.1173713], [55.1193718, 25.1173898], [55.1193896, 25.1173677], [55.1194489, 25.117407], [55.11955, 25.1172821], [55.1193757, 25.1171664], [55.1193519, 25.1171957], [55.1192654, 25.1171383], [55.1191838, 25.1172391], [55.1192917, 25.1173107], [55.1192789, 25.1173266]]]}}, {"type": "Feature", "properties": {"status": "existing", "bHeight": 12.0, "name": "", "levels": ""}, "geometry": {"type": "Polygon", "coordinates": [[[55.1190559, 25.1171432], [55.1190243, 25.1171806], [55.1190972, 25.1172312], [55.1191803, 25.117133], [55.1191626, 25.1171207], [55.119213, 25.1170611], [55.1189772, 25.1168974], [55.1188391, 25.1170605], [55.118923, 25.1171187], [55.1189592, 25.1170761], [55.1190559, 25.1171432]]]}}, {"type": "Feature", "properties": {"status": "existing", "bHeight": 12.0, "name": "", "levels": ""}, "geometry": {"type": "Polygon", "coordinates": [[[55.1189516, 25.1176189], [55.1190423, 25.1175012], [55.1187988, 25.1173473], [55.118729, 25.1174379], [55.1187757, 25.1174674], [55.1187606, 25.1174869], [55.1187827, 25.1175009], [55.1187722, 25.1175145], [55.1188182, 25.1175436], [55.1188056, 25.1175601], [55.1188602, 25.1175946], [55.1188693, 25.1175829], [55.1189125, 25.1176102], [55.1189208, 25.1175994], [55.1189516, 25.1176189]]]}}, {"type": "Feature", "properties": {"status": "existing", "bHeight": 12.0, "name": "", "levels": ""}, "geometry": {"type": "Polygon", "coordinates": [[[55.1187648, 25.1169193], [55.1188503, 25.1169829], [55.1189499, 25.1168731], [55.1187182, 25.1167007], [55.1186163, 25.1168129], [55.1186596, 25.1168451], [55.1186281, 25.1168798], [55.1186604, 25.1169038], [55.118644, 25.1169218], [55.1186872, 25.116954], [55.1187023, 25.1169374], [55.1187298, 25.1169578], [55.1187648, 25.1169193]]]}}, {"type": "Feature", "properties": {"status": "existing", "bHeight": 12.0, "name": "", "levels": ""}, "geometry": {"type": "Polygon", "coordinates": [[[55.1186391, 25.117416], [55.118755, 25.1172929], [55.1185333, 25.1171216], [55.1184354, 25.1172255], [55.118487, 25.1172653], [55.1184662, 25.1172874], [55.1185354, 25.1173409], [55.1185176, 25.1173598], [55.1185535, 25.1173875], [55.118574, 25.1173657], [55.1186391, 25.117416]]]}}, {"type": "Feature", "properties": {"status": "existing", "bHeight": 12.0, "name": "", "levels": ""}, "geometry": {"type": "Polygon", "coordinates": [[[55.1183482, 25.1172089], [55.1184673, 25.1170811], [55.1182416, 25.1169089], [55.1181064, 25.1170569], [55.1181494, 25.117089], [55.1181621, 25.1170744], [55.1183482, 25.1172089]]]}}, {"type": "Feature", "properties": {"status": "existing", "bHeight": 12.0, "name": "", "levels": ""}, "geometry": {"type": "Polygon", "coordinates": [[[55.1185097, 25.1167954], [55.118653, 25.116681], [55.1186107, 25.1166233], [55.118551, 25.1166542], [55.1185121, 25.1166257], [55.1185586, 25.1165737], [55.1184315, 25.1164728], [55.1182873, 25.1166323], [55.1183586, 25.1166888], [55.1183975, 25.1166573], [55.1184484, 25.1166955], [55.1184846, 25.1166646], [55.1185074, 25.116687], [55.1184484, 25.1167253], [55.1185097, 25.1167954]]]}}, {"type": "Feature", "properties": {"status": "existing", "bHeight": 12.0, "name": "", "levels": ""}, "geometry": {"type": "Polygon", "coordinates": [[[55.1181641, 25.1164603], [55.1181668, 25.1164994], [55.118368, 25.1164988], [55.1184203, 25.116432], [55.1184213, 25.1164054], [55.1184035, 25.116381], [55.1183787, 25.1163737], [55.1183633, 25.1163409], [55.1183398, 25.1163239], [55.1183036, 25.1163185], [55.1183043, 25.116293], [55.1182935, 25.1162687], [55.1182674, 25.1162487], [55.1182298, 25.1162462], [55.1182124, 25.1162493], [55.118193, 25.1162602], [55.1181829, 25.1162731], [55.1181688, 25.1163112], [55.1181641, 25.1163476], [55.1180347, 25.1163482], [55.1180341, 25.1164581], [55.1181641, 25.1164603]]]}}, {"type": "Feature", "properties": {"status": "existing", "bHeight": 12.0, "name": "", "levels": ""}, "geometry": {"type": "Polygon", "coordinates": [[[55.1178958, 25.1162829], [55.118093, 25.1162808], [55.1181132, 25.1162634], [55.1181279, 25.116242], [55.1181338, 25.1162277], [55.1181373, 25.1162128], [55.1181342, 25.1162002], [55.1181279, 25.1161886], [55.1181194, 25.116179], [55.1181088, 25.1161714], [55.1180273, 25.1161703], [55.1180206, 25.1160708], [55.1180154, 25.1160549], [55.1179974, 25.1160332], [55.1179621, 25.1160266], [55.1179293, 25.1160382], [55.1179067, 25.1160611], [55.1178933, 25.1161085], [55.1178932, 25.1161351], [55.1177614, 25.1161405], [55.1177628, 25.1162364], [55.1178946, 25.1162359], [55.1178958, 25.1162829]]]}}, {"type": "Feature", "properties": {"status": "existing", "bHeight": 12.0, "name": "", "levels": ""}, "geometry": {"type": "Polygon", "coordinates": [[[55.1180391, 25.1169814], [55.1180474, 25.1169572], [55.1180501, 25.1169299], [55.1181715, 25.116925], [55.1181736, 25.1168266], [55.1180481, 25.1168255], [55.1180723, 25.116786], [55.1180367, 25.1167532], [55.1179992, 25.1167854], [55.1180002, 25.1167309], [55.1180206, 25.1167313], [55.1180193, 25.1166706], [55.1180012, 25.1166706], [55.1180005, 25.1166876], [55.1179542, 25.1166828], [55.1179267, 25.116715], [55.1178946, 25.1167277], [55.1178711, 25.1167496], [55.1178724, 25.1167951], [55.1178268, 25.1167975], [55.117798, 25.1168315], [55.1177946, 25.1168595], [55.117804, 25.1168783], [55.1178237, 25.1168956], [55.1179194, 25.1168959], [55.1179261, 25.1169845], [55.1179368, 25.1169997], [55.1179603, 25.1170131], [55.1179945, 25.1170112], [55.11802, 25.1170003], [55.1180391, 25.1169814]]]}}, {"type": "Feature", "properties": {"status": "existing", "bHeight": 12.0, "name": "", "levels": ""}, "geometry": {"type": "Polygon", "coordinates": [[[55.1177528, 25.1167591], [55.1178162, 25.1166949], [55.1178354, 25.1167104], [55.117894, 25.1166511], [55.1176593, 25.1164608], [55.1175245, 25.1165972], [55.1175563, 25.116623], [55.117569, 25.1166101], [55.1177528, 25.1167591]]]}}, {"type": "Feature", "properties": {"status": "existing", "bHeight": 12.0, "name": "", "levels": ""}, "geometry": {"type": "Polygon", "coordinates": [[[55.1176685, 25.1161459], [55.1177984, 25.1160149], [55.1175826, 25.1158395], [55.1174503, 25.1159728], [55.1175202, 25.1160297], [55.1175545, 25.1159951], [55.1176358, 25.1160611], [55.1176039, 25.1160933], [55.1176685, 25.1161459]]]}}, {"type": "Feature", "properties": {"status": "existing", "bHeight": 12.0, "name": "", "levels": ""}, "geometry": {"type": "Polygon", "coordinates": [[[55.1174713, 25.1165371], [55.1176208, 25.1163986], [55.1175673, 25.1163513], [55.117511, 25.1163901], [55.1174158, 25.1163209], [55.1174788, 25.1162481], [55.1174098, 25.116192], [55.1172602, 25.1163494], [55.1173018, 25.1164132], [55.1173608, 25.1164423], [55.1173702, 25.1164344], [55.1174131, 25.1164715], [55.1174037, 25.1164836], [55.1174713, 25.1165371]]]}}, {"type": "Feature", "properties": {"status": "existing", "bHeight": 12.0, "name": "", "levels": ""}, "geometry": {"type": "Polygon", "coordinates": [[[55.1173942, 25.1159169], [55.1175318, 25.115779], [55.1173231, 25.1156145], [55.1171861, 25.1157391], [55.1172448, 25.1157939], [55.1172911, 25.1157532], [55.117344, 25.1157969], [55.1173065, 25.115834], [55.1173942, 25.1159169]]]}}, {"type": "Feature", "properties": {"status": "existing", "bHeight": 12.0, "name": "", "levels": ""}, "geometry": {"type": "Polygon", "coordinates": [[[55.1171274, 25.1156823], [55.1172678, 25.1155521], [55.1170536, 25.1153751], [55.1170476, 25.1153806], [55.1169203, 25.115509], [55.1169824, 25.115561], [55.117019, 25.1155252], [55.1171082, 25.1155999], [55.1170717, 25.1156357], [55.1171274, 25.1156823]]]}}, {"type": "Feature", "properties": {"status": "existing", "bHeight": 12.0, "name": "", "levels": ""}, "geometry": {"type": "Polygon", "coordinates": [[[55.1168684, 25.115445], [55.1170044, 25.1153207], [55.1168023, 25.1151395], [55.1166664, 25.1152637], [55.1167206, 25.1153123], [55.1167783, 25.1152596], [55.1168431, 25.1153177], [55.1168231, 25.1153361], [55.1168512, 25.1153613], [55.1168136, 25.1153957], [55.1168684, 25.115445]]]}}, {"type": "Feature", "properties": {"status": "existing", "bHeight": 12.0, "name": "", "levels": ""}, "geometry": {"type": "Polygon", "coordinates": [[[55.1166054, 25.1152052], [55.1167643, 25.1150637], [55.1166893, 25.1149946], [55.1166717, 25.1150102], [55.1166112, 25.1149544], [55.1166288, 25.1149388], [55.1165753, 25.1148896], [55.1164164, 25.1150311], [55.1164699, 25.1150803], [55.1165314, 25.1150255], [55.1165902, 25.1150797], [55.1165681, 25.1150994], [55.1165977, 25.1151266], [55.1165583, 25.1151617], [55.1166054, 25.1152052]]]}}, {"type": "Feature", "properties": {"status": "existing", "bHeight": 12.0, "name": "", "levels": ""}, "geometry": {"type": "Polygon", "coordinates": [[[55.1164511, 25.1148718], [55.1166106, 25.1147314], [55.1165427, 25.1146682], [55.1165238, 25.1146848], [55.1164591, 25.1146245], [55.116478, 25.1146079], [55.1164248, 25.1145584], [55.1162653, 25.1146988], [55.1163173, 25.1147472], [55.1163777, 25.1146941], [55.1164367, 25.114749], [55.116414, 25.1147689], [55.1164403, 25.1147934], [55.1164026, 25.1148266], [55.1164511, 25.1148718]]]}}, {"type": "Feature", "properties": {"status": "existing", "bHeight": 12.0, "name": "", "levels": ""}, "geometry": {"type": "Polygon", "coordinates": [[[55.1161857, 25.1153624], [55.116318, 25.1152455], [55.1165062, 25.1154201], [55.1164882, 25.1154359], [55.1165197, 25.1154651], [55.1163966, 25.115574], [55.1163308, 25.115513], [55.1163105, 25.115531], [55.1162671, 25.1154907], [55.1162861, 25.1154739], [55.1162475, 25.1154382], [55.1162577, 25.1154292], [55.1161857, 25.1153624]]]}}, {"type": "Feature", "properties": {"status": "existing", "bHeight": 12.0, "name": "", "levels": ""}, "geometry": {"type": "Polygon", "coordinates": [[[55.1160227, 25.1144652], [55.116066, 25.1145511], [55.116184, 25.1145037], [55.1162088, 25.1145553], [55.1163809, 25.1145011], [55.1163911, 25.114491], [55.1163976, 25.1144787], [55.1163998, 25.1144649], [55.1163973, 25.1144511], [55.1163941, 25.1144411], [55.1163885, 25.1144321], [55.1163781, 25.1144223], [55.116365, 25.1144157], [55.1162906, 25.1144375], [55.1162613, 25.1143544], [55.1162522, 25.1143401], [55.1162396, 25.1143282], [55.116226, 25.1143201], [55.1162108, 25.1143149], [55.1161847, 25.1143112], [55.1161719, 25.1143156], [55.1161612, 25.1143234], [55.1161533, 25.1143344], [55.1161458, 25.1143549], [55.1161451, 25.1143768], [55.1161565, 25.1144181], [55.1160227, 25.1144652]]]}}, {"type": "Feature", "properties": {"status": "existing", "bHeight": 12.0, "name": "", "levels": ""}, "geometry": {"type": "Polygon", "coordinates": [[[55.1157624, 25.1147027], [55.1158228, 25.1146472], [55.1157552, 25.114587], [55.1158032, 25.1145428], [55.1158207, 25.1145585], [55.115837, 25.1145436], [55.115887, 25.1145881], [55.1159098, 25.1145671], [55.1158681, 25.11453], [55.1158789, 25.1145201], [55.1159206, 25.1145572], [55.1159788, 25.1145037], [55.1158171, 25.1143596], [55.1157322, 25.1144376], [55.1157498, 25.1144534], [55.1157082, 25.1144916], [55.1156906, 25.1144759], [55.1156007, 25.1145585], [55.1157624, 25.1147027]]]}}, {"type": "Feature", "properties": {"status": "existing", "bHeight": 12.0, "name": "", "levels": ""}, "geometry": {"type": "Polygon", "coordinates": [[[55.1155149, 25.1147576], [55.115542, 25.1148809], [55.1155666, 25.1148765], [55.1155786, 25.1149313], [55.115554, 25.1149357], [55.1155745, 25.1150288], [55.1157833, 25.1149767], [55.115772, 25.1148861], [55.1156971, 25.1148938], [55.1156833, 25.1147833], [55.1157582, 25.1147756], [55.1157493, 25.1147043], [55.1155149, 25.1147576]]]}}, {"type": "Feature", "properties": {"status": "existing", "bHeight": 12.0, "name": "", "levels": ""}, "geometry": {"type": "Polygon", "coordinates": [[[55.1157038, 25.1152048], [55.1158018, 25.1152031], [55.1158065, 25.1152869], [55.1158096, 25.1152965], [55.1158152, 25.1153051], [55.1158243, 25.1153133], [55.1158353, 25.1153191], [55.1158498, 25.1153226], [55.1158648, 25.1153223], [55.1158923, 25.1153106], [55.1159117, 25.1152918], [55.1159203, 25.1152803], [55.1159265, 25.1152675], [55.1159303, 25.1152522], [55.1159305, 25.1152365], [55.1160412, 25.1152341], [55.1160417, 25.1151403], [55.1158661, 25.1151436], [55.1158649, 25.1150911], [55.1157293, 25.1150963], [55.1157137, 25.1151035], [55.1156998, 25.1151133], [55.1156831, 25.1151333], [55.115675, 25.1151521], [55.1156733, 25.115164], [55.1156757, 25.1151758], [55.1156801, 25.115184], [55.1156864, 25.115191], [55.1157038, 25.1152048]]]}}, {"type": "Feature", "properties": {"status": "existing", "bHeight": 12.0, "name": "", "levels": ""}, "geometry": {"type": "Polygon", "coordinates": [[[55.1163873, 25.1156581], [55.1164207, 25.1156943], [55.1164696, 25.1156962], [55.1165003, 25.115722], [55.116526, 25.1156994], [55.116547, 25.1157191], [55.1165213, 25.1157417], [55.1165581, 25.1157751], [55.1165695, 25.1157678], [55.1166018, 25.1157957], [55.1166587, 25.1157493], [55.1166768, 25.1157678], [55.1167593, 25.115698], [55.116648, 25.1155935], [55.1166842, 25.1155577], [55.1166066, 25.1154799], [55.1163873, 25.1156581]]]}}, {"type": "Feature", "properties": {"status": "existing", "bHeight": 12.0, "name": "", "levels": ""}, "geometry": {"type": "Polygon", "coordinates": [[[55.1166525, 25.1159088], [55.1166949, 25.1159463], [55.1167097, 25.1159354], [55.1167607, 25.1159791], [55.1167459, 25.1159937], [55.1168458, 25.1160793], [55.1168579, 25.1160702], [55.1168886, 25.1160996], [55.1169283, 25.1160677], [55.1169397, 25.1160774], [55.1170423, 25.1159819], [55.1169263, 25.1158813], [55.1169524, 25.115857], [55.1168365, 25.1157397], [55.1166525, 25.1159088]]]}}, {"type": "Feature", "properties": {"status": "existing", "bHeight": 12.0, "name": "", "levels": ""}, "geometry": {"type": "Polygon", "coordinates": [[[55.1170083, 25.1161364], [55.1170222, 25.1161709], [55.1170337, 25.116188], [55.117049, 25.1162025], [55.1170613, 25.1162131], [55.1170778, 25.1162183], [55.1170956, 25.1162148], [55.117102, 25.1162092], [55.1171429, 25.1162432], [55.1171288, 25.1162572], [55.1171381, 25.1162767], [55.1171523, 25.1162936], [55.1171642, 25.116303], [55.1171777, 25.1163106], [55.1172069, 25.1163211], [55.1173566, 25.116186], [55.117285, 25.1161224], [55.1172267, 25.1161703], [55.1171549, 25.116109], [55.1172408, 25.1160198], [55.1171647, 25.1159479], [55.117045, 25.1160598], [55.1170644, 25.1160781], [55.1170083, 25.1161364]]]}}, {"type": "Feature", "properties": {"status": "existing", "bHeight": 12.0, "name": "", "levels": ""}, "geometry": {"type": "Polygon", "coordinates": [[[55.1293852, 25.1052556], [55.1294228, 25.105257], [55.1294213, 25.1052907], [55.129568, 25.1052961], [55.12958, 25.1050278], [55.1294306, 25.1050223], [55.1294265, 25.1051136], [55.1293916, 25.1051123], [55.1293852, 25.1052556]]]}}, {"type": "Feature", "properties": {"status": "existing", "bHeight": 12.0, "name": "", "levels": ""}, "geometry": {"type": "Polygon", "coordinates": [[[55.1293945, 25.1083111], [55.1294844, 25.1083063], [55.1294817, 25.1083828], [55.1296425, 25.1083694], [55.1296413, 25.1080889], [55.1293754, 25.1080986], [55.1293945, 25.1083111]]]}}, {"type": "Feature", "properties": {"status": "existing", "bHeight": 12.0, "name": "", "levels": ""}, "geometry": {"type": "Polygon", "coordinates": [[[55.1295407, 25.1073956], [55.1295305, 25.1071466], [55.1293752, 25.1071545], [55.1293771, 25.1072376], [55.1293583, 25.1072522], [55.1293422, 25.1072753], [55.1293409, 25.1072995], [55.1293583, 25.1073214], [55.1293811, 25.107336], [55.1293798, 25.1074052], [55.1295407, 25.1073956]]]}}, {"type": "Feature", "properties": {"status": "existing", "bHeight": 12.0, "name": "", "levels": ""}, "geometry": {"type": "Polygon", "coordinates": [[[55.1293488, 25.1079772], [55.1293556, 25.10801], [55.1293717, 25.1080221], [55.1293986, 25.1080257], [55.1294348, 25.1080148], [55.1294616, 25.1079917], [55.1295689, 25.1080755], [55.1296385, 25.1080051], [55.1295541, 25.1079262], [55.1296024, 25.1078812], [55.1294411, 25.1077562], [55.1293798, 25.1077756], [55.129365, 25.1077889], [55.1293489, 25.107812], [55.1293543, 25.107846], [55.1293999, 25.1078873], [55.1293865, 25.1079067], [55.1293623, 25.1079395], [55.1293488, 25.1079772]]]}}, {"type": "Feature", "properties": {"status": "existing", "bHeight": 12.0, "name": "", "levels": ""}, "geometry": {"type": "Polygon", "coordinates": [[[55.1315071, 25.1143788], [55.1317163, 25.1143041], [55.1316037, 25.1140456], [55.1313981, 25.1141191], [55.1314368, 25.1142079], [55.1315131, 25.1141807], [55.1315469, 25.1142581], [55.1314669, 25.1142866], [55.1315071, 25.1143788]]]}}, {"type": "Feature", "properties": {"status": "existing", "bHeight": 12.0, "name": "", "levels": ""}, "geometry": {"type": "Polygon", "coordinates": [[[55.1328693, 25.1169529], [55.1329947, 25.1169906], [55.1329934, 25.1170197], [55.1330366, 25.1170556], [55.1331523, 25.1170883], [55.133165, 25.1170883], [55.1331778, 25.1170829], [55.1331986, 25.1170659], [55.133214, 25.1170483], [55.1332314, 25.117027], [55.1332354, 25.1170118], [55.1332381, 25.1169948], [55.133212, 25.116959], [55.1332053, 25.1169329], [55.1331691, 25.1168862], [55.1331704, 25.1168655], [55.1331677, 25.1168449], [55.133159, 25.1168218], [55.1331255, 25.1168042], [55.1330965, 25.1167981], [55.1330678, 25.1168103], [55.1330296, 25.1169013], [55.1329042, 25.1168625], [55.1328693, 25.1169529]]]}}, {"type": "Feature", "properties": {"status": "existing", "bHeight": 12.0, "name": "", "levels": ""}, "geometry": {"type": "Polygon", "coordinates": [[[55.1299542, 25.11125], [55.1301534, 25.1112122], [55.1301682, 25.1112094], [55.1301527, 25.1111424], [55.1300875, 25.1111549], [55.1300629, 25.1110487], [55.1301482, 25.1110325], [55.1301286, 25.1109476], [55.1298945, 25.1109919], [55.1299542, 25.11125]]]}}, {"type": "Feature", "properties": {"status": "existing", "bHeight": 12.0, "name": "", "levels": ""}, "geometry": {"type": "Polygon", "coordinates": [[[55.1295017, 25.1090057], [55.1297498, 25.1089657], [55.1297161, 25.1087969], [55.1294696, 25.1088163], [55.1295017, 25.1090057]]]}}, {"type": "Feature", "properties": {"status": "existing", "bHeight": 12.0, "name": "", "levels": ""}, "geometry": {"type": "Polygon", "coordinates": [[[55.1302305, 25.1118792], [55.1302341, 25.1118919], [55.130292, 25.1118784], [55.1302886, 25.1118667], [55.1303353, 25.1118558], [55.1302645, 25.1116071], [55.1300653, 25.1116536], [55.1300966, 25.1117638], [55.1301147, 25.1117595], [55.1301307, 25.1118157], [55.1301093, 25.1118207], [55.1301325, 25.1119021], [55.1302305, 25.1118792]]]}}, {"type": "Feature", "properties": {"status": "existing", "bHeight": 12.0, "name": "", "levels": ""}, "geometry": {"type": "Polygon", "coordinates": [[[55.1315976, 25.115443], [55.1315859, 25.1154199], [55.1315091, 25.1154624], [55.1314263, 25.115313], [55.1313767, 25.1152936], [55.1313564, 25.1152499], [55.1316542, 25.1151115], [55.1317321, 25.1152803], [55.1316637, 25.115313], [55.1317066, 25.1153944], [55.1315976, 25.115443]]]}}, {"type": "Feature", "properties": {"status": "existing", "bHeight": 12.0, "name": "", "levels": ""}, "geometry": {"type": "Polygon", "coordinates": [[[55.1294524, 25.1087619], [55.1296782, 25.1087507], [55.129659, 25.1084324], [55.1294332, 25.1084436], [55.1294524, 25.1087619]]]}}, {"type": "Feature", "properties": {"status": "existing", "bHeight": 12.0, "name": "", "levels": ""}, "geometry": {"type": "Polygon", "coordinates": [[[55.1294429, 25.1049134], [55.1295856, 25.1049155], [55.1295867, 25.1048523], [55.129444, 25.1048503], [55.1294429, 25.1049134]]]}}, {"type": "Feature", "properties": {"status": "existing", "bHeight": 12.0, "name": "", "levels": ""}, "geometry": {"type": "Polygon", "coordinates": [[[55.1293928, 25.1077219], [55.1296089, 25.1077175], [55.1296064, 25.1076184], [55.1295487, 25.1076196], [55.1295461, 25.1075146], [55.1296251, 25.107513], [55.1296227, 25.1074174], [55.1293853, 25.1074222], [55.1293928, 25.1077219]]]}}, {"type": "Feature", "properties": {"status": "existing", "bHeight": 12.0, "name": "", "levels": ""}, "geometry": {"type": "Polygon", "coordinates": [[[55.130647, 25.1135329], [55.1306941, 25.1135183], [55.1307115, 25.1135644], [55.1308897, 25.1135073], [55.1308456, 25.1134041], [55.1308054, 25.1134223], [55.1307731, 25.1132281], [55.1305985, 25.1132681], [55.1306042, 25.1133398], [55.1306739, 25.1133361], [55.130678, 25.1133932], [55.1306069, 25.1134211], [55.130647, 25.1135329]]]}}, {"type": "Feature", "properties": {"status": "existing", "bHeight": 12.0, "name": "", "levels": ""}, "geometry": {"type": "Polygon", "coordinates": [[[55.1309743, 25.1129804], [55.1311899, 25.1129633], [55.1311755, 25.1128808], [55.1310883, 25.1128844], [55.1310763, 25.1128443], [55.1311903, 25.1128006], [55.1311299, 25.1126379], [55.1308641, 25.1127277], [55.1308992, 25.1128273], [55.1309529, 25.11282], [55.1309676, 25.1128832], [55.1309743, 25.1129804]]]}}, {"type": "Feature", "properties": {"status": "existing", "bHeight": 12.0, "name": "", "levels": ""}, "geometry": {"type": "Polygon", "coordinates": [[[55.1302249, 25.1115407], [55.1301588, 25.1113413], [55.1301719, 25.1113383], [55.1301575, 25.1112948], [55.1301523, 25.111274], [55.1299562, 25.1113177], [55.1299685, 25.1113667], [55.1299984, 25.1113606], [55.1300534, 25.1115801], [55.1302249, 25.1115407]]]}}, {"type": "Feature", "properties": {"status": "existing", "bHeight": 12.0, "name": "", "levels": ""}, "geometry": {"type": "Polygon", "coordinates": [[[55.1257399, 25.123457], [55.1257883, 25.123377], [55.1257494, 25.1233552], [55.1257829, 25.1233054], [55.1258661, 25.1233503], [55.1258768, 25.1233333], [55.1259197, 25.1233515], [55.1259466, 25.1232957], [55.1258674, 25.1232604], [55.1258889, 25.123207], [55.1259157, 25.1232179], [55.1259224, 25.1232058], [55.1259439, 25.1232228], [55.1259519, 25.1232107], [55.1260243, 25.1232434], [55.1261303, 25.1231172], [55.126192, 25.123156], [55.1262804, 25.1229993], [55.1260739, 25.1229021], [55.1259747, 25.1230297], [55.1258996, 25.123003], [55.1257977, 25.1231378], [55.1257722, 25.1231257], [55.1257065, 25.1232337], [55.1256421, 25.1232058], [55.1255751, 25.1233078], [55.1256046, 25.1233175], [55.1255871, 25.1233527], [55.1256166, 25.1233709], [55.1255969, 25.1234062], [55.1256502, 25.1234401], [55.1256703, 25.1234231], [55.1257399, 25.123457]]]}}, {"type": "Feature", "properties": {"status": "existing", "bHeight": 12.0, "name": "", "levels": ""}, "geometry": {"type": "Polygon", "coordinates": [[[55.1249151, 25.1236561], [55.1253872, 25.1235299], [55.1253389, 25.1233453], [55.1248642, 25.1234667], [55.1249151, 25.1236561]]]}}, {"type": "Feature", "properties": {"status": "existing", "bHeight": 12.0, "name": "", "levels": ""}, "geometry": {"type": "Polygon", "coordinates": [[[55.1264911, 25.1229091], [55.1264896, 25.1228386], [55.1264323, 25.1228396], [55.1264304, 25.1227512], [55.1265816, 25.1227486], [55.1265801, 25.1225705], [55.1262755, 25.1225828], [55.1262805, 25.122691], [55.1263127, 25.1226873], [55.1263113, 25.122725], [55.1263502, 25.122725], [55.1263489, 25.1227711], [55.1262966, 25.1227711], [55.1262947, 25.1228298], [55.1262713, 25.1228302], [55.1262722, 25.1228745], [55.1262956, 25.1228741], [55.1262963, 25.1229079], [55.1263137, 25.1229075], [55.1263142, 25.1229276], [55.1263745, 25.1229265], [55.1263742, 25.1229111], [55.1264911, 25.1229091]]]}}, {"type": "Feature", "properties": {"status": "existing", "bHeight": 12.0, "name": "", "levels": ""}, "geometry": {"type": "Polygon", "coordinates": [[[55.1254945, 25.1225889], [55.1255442, 25.122589], [55.1255415, 25.1226242], [55.1255804, 25.1226242], [55.1255845, 25.1226521], [55.1256488, 25.1226485], [55.1256475, 25.1225865], [55.1256891, 25.1225865], [55.1256904, 25.1226035], [55.1257266, 25.1226023], [55.1257266, 25.122629], [55.1257829, 25.1226303], [55.1257829, 25.1226011], [55.1258473, 25.122595], [55.1258486, 25.122589], [55.1258607, 25.122589], [55.1258621, 25.122606], [55.1258996, 25.122606], [55.1258983, 25.1226278], [55.1259546, 25.1226278], [55.1259546, 25.1226048], [55.1260149, 25.1226048], [55.1260176, 25.122589], [55.1260592, 25.1225878], [55.1260565, 25.1226242], [55.1260968, 25.1226254], [55.1260954, 25.1226582], [55.1261856, 25.1226534], [55.1261865, 25.1224675], [55.1261008, 25.1224688], [55.1261008, 25.1224226], [55.1255146, 25.1224213], [55.1254945, 25.1225889]]]}}, {"type": "Feature", "properties": {"status": "existing", "bHeight": 12.0, "name": "", "levels": ""}, "geometry": {"type": "Polygon", "coordinates": [[[55.1299522, 25.1190465], [55.1299487, 25.1190519], [55.1301525, 25.1191601], [55.130156, 25.1191547], [55.1302658, 25.1189875], [55.1302727, 25.1189768], [55.1299745, 25.1188186], [55.1299676, 25.1188293], [55.1298894, 25.1189443], [55.129861, 25.1189875], [55.1299522, 25.1190465]]]}}, {"type": "Feature", "properties": {"status": "existing", "bHeight": 12.0, "name": "", "levels": ""}, "geometry": {"type": "Polygon", "coordinates": [[[55.1299373, 25.1187782], [55.1297593, 25.1186827], [55.1297969, 25.1186317], [55.129691, 25.1185801], [55.1295294, 25.118795], [55.1295863, 25.1188296], [55.1296252, 25.118826], [55.1297717, 25.1189117], [55.1298183, 25.1188491], [55.1298706, 25.1188733], [55.1299373, 25.1187782]]]}}, {"type": "Feature", "properties": {"status": "existing", "bHeight": 12.0, "name": "", "levels": ""}, "geometry": {"type": "Polygon", "coordinates": [[[55.1308802, 25.1190066], [55.1309974, 25.1190748], [55.1310219, 25.1190337], [55.1310468, 25.1190482], [55.1311086, 25.1189387], [55.1309693, 25.1188671], [55.1309632, 25.1188777], [55.1308802, 25.1190066]]]}}, {"type": "Feature", "properties": {"status": "existing", "bHeight": 12.0, "name": "", "levels": ""}, "geometry": {"type": "Polygon", "coordinates": [[[55.1302872, 25.119024], [55.1303485, 25.1190557], [55.1303948, 25.1189887], [55.1303393, 25.1189549], [55.1303307, 25.1189685], [55.1302872, 25.119024]]]}}, {"type": "Feature", "properties": {"status": "existing", "bHeight": 12.0, "name": "", "levels": ""}, "geometry": {"type": "Polygon", "coordinates": [[[55.1289592, 25.1199444], [55.1290188, 25.119968], [55.1290548, 25.1198935], [55.1289951, 25.1198699], [55.1289592, 25.1199444]]]}}, {"type": "Feature", "properties": {"status": "existing", "bHeight": 12.0, "name": "", "levels": ""}, "geometry": {"type": "Polygon", "coordinates": [[[55.1316449, 25.1206839], [55.1317299, 25.1206468], [55.1317043, 25.1205916], [55.131613, 25.120629], [55.1316449, 25.1206839]]]}}, {"type": "Feature", "properties": {"status": "existing", "bHeight": 12.0, "name": "", "levels": ""}, "geometry": {"type": "Polygon", "coordinates": [[[55.1320007, 25.1200255], [55.1319304, 25.1200534], [55.1318579, 25.1199041], [55.1319903, 25.1198514], [55.1320535, 25.1199817], [55.1320262, 25.1199925], [55.132015, 25.1199694], [55.1319802, 25.1199832], [55.1320007, 25.1200255]]]}}, {"type": "Feature", "properties": {"status": "existing", "bHeight": 12.0, "name": "", "levels": ""}, "geometry": {"type": "Polygon", "coordinates": [[[55.1302559, 25.1199228], [55.1302677, 25.1199068], [55.130349, 25.1199558], [55.1304015, 25.1198845], [55.1303626, 25.119861], [55.1303905, 25.1198231], [55.1302659, 25.1197478], [55.1302057, 25.1198294], [55.1302218, 25.1198392], [55.1302031, 25.1198647], [55.1302196, 25.1198747], [55.1302063, 25.1198928], [55.1302559, 25.1199228]]]}}, {"type": "Feature", "properties": {"status": "existing", "bHeight": 12.0, "name": "", "levels": ""}, "geometry": {"type": "Polygon", "coordinates": [[[55.1306706, 25.1197652], [55.1307128, 25.119699], [55.1306404, 25.1196565], [55.1306639, 25.1196106], [55.1305895, 25.1195546], [55.1306058, 25.1195305], [55.1305492, 25.1194878], [55.1304781, 25.1195801], [55.1304996, 25.1195958], [55.1304808, 25.1196238], [55.1305057, 25.1196397], [55.1304889, 25.119665], [55.1305586, 25.1197075], [55.1306706, 25.1197652]]]}}, {"type": "Feature", "properties": {"status": "existing", "bHeight": 12.0, "name": "", "levels": ""}, "geometry": {"type": "Polygon", "coordinates": [[[55.1303216, 25.1191784], [55.1304346, 25.119026], [55.1305523, 25.1190721], [55.1304965, 25.1191509], [55.1305299, 25.1191703], [55.1305517, 25.1191395], [55.1306169, 25.1191773], [55.1305962, 25.1192065], [55.1306496, 25.1192375], [55.130628, 25.1192681], [55.130654, 25.1192831], [55.1306071, 25.1193495], [55.1305913, 25.1193403], [55.1305516, 25.1193964], [55.1305023, 25.1193678], [55.1305221, 25.1193397], [55.1304823, 25.1193167], [55.1305043, 25.1192856], [55.1304667, 25.1192638], [55.1304572, 25.1192772], [55.1304042, 25.1192465], [55.1303877, 25.1192699], [55.1303475, 25.1192467], [55.1303641, 25.1192232], [55.1303288, 25.1192027], [55.1303389, 25.1191885], [55.1303216, 25.1191784]]]}}, {"type": "Feature", "properties": {"status": "existing", "bHeight": 12.0, "name": "", "levels": ""}, "geometry": {"type": "Polygon", "coordinates": [[[55.1313963, 25.1191171], [55.1314489, 25.119075], [55.1314766, 25.1191034], [55.1315359, 25.119056], [55.1313996, 25.1189162], [55.1312877, 25.1190057], [55.1313963, 25.1191171]]]}}, {"type": "Feature", "properties": {"status": "existing", "bHeight": 12.0, "name": "", "levels": ""}, "geometry": {"type": "Polygon", "coordinates": [[[55.1316379, 25.1189462], [55.1317106, 25.1188746], [55.1317415, 25.1189073], [55.1317899, 25.1188667], [55.1316564, 25.1187262], [55.1315307, 25.1188191], [55.1316379, 25.1189462]]]}}, {"type": "Feature", "properties": {"status": "existing", "bHeight": 12.0, "name": "", "levels": ""}, "geometry": {"type": "Polygon", "coordinates": [[[55.1308643, 25.1203637], [55.1309395, 25.1203378], [55.1309539, 25.1203629], [55.1310132, 25.120345], [55.1310897, 25.1204786], [55.1310723, 25.1205199], [55.1310226, 25.1205369], [55.1310132, 25.120509], [55.130973, 25.1205308], [55.1309596, 25.1204956], [55.130914, 25.1205077], [55.1308927, 25.1204619], [55.130906, 25.1204543], [55.1308643, 25.1203637]]]}}, {"type": "Feature", "properties": {"status": "existing", "bHeight": 12.0, "name": "", "levels": ""}, "geometry": {"type": "Polygon", "coordinates": [[[55.1291009, 25.1209002], [55.1291397, 25.1208365], [55.129169, 25.1207883], [55.1290339, 25.120721], [55.1290218, 25.1207409], [55.1289947, 25.1207274], [55.1289564, 25.1207904], [55.1289716, 25.120798], [55.1289561, 25.1208235], [55.1289682, 25.1208295], [55.1289577, 25.1208468], [55.129009, 25.1208724], [55.1290174, 25.1208585], [55.1291009, 25.1209002]]]}}, {"type": "Feature", "properties": {"status": "existing", "bHeight": 12.0, "name": "", "levels": ""}, "geometry": {"type": "Polygon", "coordinates": [[[55.1293778, 25.1206939], [55.129448, 25.1205919], [55.1292851, 25.1204987], [55.1291965, 25.1206125], [55.1292872, 25.1206662], [55.1293188, 25.1206607], [55.1293778, 25.1206939]]]}}, {"type": "Feature", "properties": {"status": "existing", "bHeight": 12.0, "name": "", "levels": ""}, "geometry": {"type": "Polygon", "coordinates": [[[55.1319707, 25.1194796], [55.1320487, 25.1194205], [55.1320771, 25.1194511], [55.1321155, 25.119422], [55.1322203, 25.1195353], [55.1321798, 25.119566], [55.1322136, 25.1196027], [55.1321921, 25.119619], [55.1321378, 25.1196602], [55.1319707, 25.1194796]]]}}, {"type": "Feature", "properties": {"status": "existing", "bHeight": 12.0, "name": "", "levels": ""}, "geometry": {"type": "Polygon", "coordinates": [[[55.1322958, 25.1193622], [55.1324096, 25.1192793], [55.1324992, 25.1193802], [55.1324281, 25.119432], [55.1324054, 25.1194064], [55.1323626, 25.1194375], [55.1322958, 25.1193622]]]}}, {"type": "Feature", "properties": {"status": "existing", "bHeight": 12.0, "name": "", "levels": ""}, "geometry": {"type": "Polygon", "coordinates": [[[55.1315214, 25.1190317], [55.1315819, 25.1189741], [55.1316127, 25.1190045], [55.1316553, 25.1189715], [55.1315156, 25.1188341], [55.1314093, 25.1189142], [55.1315214, 25.1190317]]]}}, {"type": "Feature", "properties": {"status": "existing", "bHeight": 12.0, "name": "", "levels": ""}, "geometry": {"type": "Polygon", "coordinates": [[[55.131693, 25.1187383], [55.1318178, 25.1186426], [55.1319294, 25.1187535], [55.1318058, 25.1188513], [55.131693, 25.1187383]]]}}, {"type": "Feature", "properties": {"status": "existing", "bHeight": 12.0, "name": "", "levels": ""}, "geometry": {"type": "Polygon", "coordinates": [[[55.1321622, 25.1194546], [55.1322443, 25.1193962], [55.1322099, 25.1193566], [55.1322535, 25.1193255], [55.1323763, 25.1194668], [55.1322891, 25.1195289], [55.1322706, 25.1195075], [55.132232, 25.119535], [55.1321622, 25.1194546]]]}}, {"type": "Feature", "properties": {"status": "existing", "bHeight": 12.0, "name": "", "levels": ""}, "geometry": {"type": "Polygon", "coordinates": [[[55.1319959, 25.1195136], [55.1321197, 25.1196626], [55.1320271, 25.1197318], [55.1320131, 25.119706], [55.1319715, 25.1197372], [55.1319038, 25.1196401], [55.1319802, 25.1195934], [55.1319467, 25.1195558], [55.1319959, 25.1195136]]]}}, {"type": "Feature", "properties": {"status": "existing", "bHeight": 12.0, "name": "", "levels": ""}, "geometry": {"type": "Polygon", "coordinates": [[[55.1306058, 25.1195505], [55.1307508, 25.1196455], [55.1308134, 25.1195676], [55.1307732, 25.1195424], [55.1307879, 25.1195206], [55.1306626, 25.1194495], [55.1306058, 25.1195505]]]}}, {"type": "Feature", "properties": {"status": "existing", "bHeight": 12.0, "name": "", "levels": ""}, "geometry": {"type": "Polygon", "coordinates": [[[55.1303667, 25.1197547], [55.1303507, 25.1197792], [55.1304871, 25.1198537], [55.1305389, 25.1197681], [55.1304996, 25.1197476], [55.1305184, 25.1197027], [55.1304489, 25.1196622], [55.1304634, 25.1196274], [55.1303977, 25.1195934], [55.1303387, 25.1196881], [55.1303574, 25.1197051], [55.1303387, 25.1197343], [55.1303667, 25.1197547]]]}}, {"type": "Feature", "properties": {"status": "existing", "bHeight": 12.0, "name": "", "levels": ""}, "geometry": {"type": "Polygon", "coordinates": [[[55.1317531, 25.118346], [55.1317994, 25.1183004], [55.1318509, 25.1183433], [55.1318175, 25.1183762], [55.1318871, 25.1184342], [55.1318018, 25.1185182], [55.1317846, 25.1185039], [55.1317366, 25.1185511], [55.1316948, 25.1185163], [55.1317188, 25.1184927], [55.131688, 25.1184671], [55.1317074, 25.118448], [55.1316288, 25.1183826], [55.1316054, 25.1184056], [55.1315637, 25.1183709], [55.1315846, 25.1183503], [55.1315616, 25.1183312], [55.1315729, 25.11832], [55.1315565, 25.1183064], [55.1317276, 25.1181379], [55.13183, 25.1182231], [55.1317271, 25.1183244], [55.1317531, 25.118346]]]}}, {"type": "Feature", "properties": {"status": "existing", "bHeight": 12.0, "name": "", "levels": ""}, "geometry": {"type": "Polygon", "coordinates": [[[55.1292377, 25.1208003], [55.1293022, 25.1207076], [55.129262, 25.1206846], [55.129275, 25.1206659], [55.129132, 25.1205843], [55.1290429, 25.1207122], [55.1291675, 25.1207834], [55.1291791, 25.1207668], [55.1292377, 25.1208003]]]}}, {"type": "Feature", "properties": {"status": "existing", "bHeight": 12.0, "name": "", "levels": ""}, "geometry": {"type": "Polygon", "coordinates": [[[55.1293208, 25.1205017], [55.1293965, 25.1205509], [55.1294644, 25.1205648], [55.1295179, 25.1205927], [55.1295619, 25.1205211], [55.12953, 25.1204944], [55.1295548, 25.120458], [55.129536, 25.120447], [55.1295602, 25.1204045], [55.1294288, 25.1203415], [55.1293208, 25.1205017]]]}}, {"type": "Feature", "properties": {"status": "existing", "bHeight": 12.0, "name": "", "levels": ""}, "geometry": {"type": "Polygon", "coordinates": [[[55.1306857, 25.1207378], [55.130702, 25.1209402], [55.1308484, 25.1209305], [55.1308453, 25.1208921], [55.1308821, 25.1208897], [55.1308788, 25.1208477], [55.1309086, 25.1208457], [55.1309033, 25.1207805], [55.130837, 25.1207849], [55.1308338, 25.1207454], [55.1308638, 25.1207434], [55.1308574, 25.1206644], [55.1308104, 25.1206675], [55.1308064, 25.1206171], [55.1307099, 25.1206235], [55.1307134, 25.120667], [55.1306802, 25.1206692], [55.1306834, 25.120709], [55.1306857, 25.1207378]]]}}, {"type": "Feature", "properties": {"status": "existing", "bHeight": 12.0, "name": "", "levels": ""}, "geometry": {"type": "Polygon", "coordinates": [[[55.1317084, 25.120406], [55.1316775, 25.1203303], [55.1316219, 25.1203555], [55.1315843, 25.1202875], [55.1314292, 25.1203577], [55.1314599, 25.1204215], [55.1314823, 25.1204123], [55.1314997, 25.1204486], [55.1315372, 25.1204338], [55.1315545, 25.12047], [55.1317084, 25.120406]]]}}, {"type": "Feature", "properties": {"status": "existing", "bHeight": 12.0, "name": "", "levels": ""}, "geometry": {"type": "Polygon", "coordinates": [[[55.1315386, 25.1204882], [55.1317298, 25.1204097], [55.1317966, 25.1205431], [55.1316054, 25.1206216], [55.1315836, 25.120578], [55.1315627, 25.1205866], [55.1315411, 25.1205435], [55.131562, 25.1205349], [55.1315386, 25.1204882]]]}}, {"type": "Feature", "properties": {"status": "existing", "bHeight": 12.0, "name": "", "levels": ""}, "geometry": {"type": "Polygon", "coordinates": [[[55.1302824, 25.1213555], [55.1303172, 25.121349], [55.1303044, 25.1212922], [55.1304441, 25.1212664], [55.1304944, 25.1214896], [55.13054, 25.1214812], [55.1305575, 25.1215591], [55.1303872, 25.1215905], [55.130379, 25.121554], [55.1303366, 25.1215618], [55.1303284, 25.1215255], [55.130299, 25.1215309], [55.1302847, 25.1214674], [55.1303412, 25.121457], [55.1303275, 25.1213962], [55.130293, 25.1214026], [55.1302824, 25.1213555]]]}}, {"type": "Feature", "properties": {"status": "existing", "bHeight": 12.0, "name": "", "levels": ""}, "geometry": {"type": "Polygon", "coordinates": [[[55.1318474, 25.1207932], [55.1316521, 25.1208734], [55.1315983, 25.1207659], [55.1317936, 25.1206858], [55.1318474, 25.1207932]]]}}, {"type": "Feature", "properties": {"status": "existing", "bHeight": 12.0, "name": "", "levels": ""}, "geometry": {"type": "Polygon", "coordinates": [[[55.1318638, 25.1208317], [55.1319093, 25.1209445], [55.1317313, 25.1210107], [55.1316878, 25.1208908], [55.1318638, 25.1208317]]]}}, {"type": "Feature", "properties": {"status": "existing", "bHeight": 12.0, "name": "", "levels": ""}, "geometry": {"type": "Polygon", "coordinates": [[[55.1319519, 25.1211116], [55.1317938, 25.1211742], [55.1317483, 25.1210722], [55.1319065, 25.1209988], [55.1319519, 25.1211116]]]}}, {"type": "Feature", "properties": {"status": "existing", "bHeight": 12.0, "name": "", "levels": ""}, "geometry": {"type": "Polygon", "coordinates": [[[55.1318687, 25.1213221], [55.1320209, 25.121254], [55.1319656, 25.1211395], [55.1318133, 25.1212075], [55.1318687, 25.1213221]]]}}, {"type": "Feature", "properties": {"status": "existing", "bHeight": 12.0, "name": "", "levels": ""}, "geometry": {"type": "Polygon", "coordinates": [[[55.1335085, 25.1206505], [55.1336726, 25.1205359], [55.1337596, 25.1206415], [55.1335915, 25.1207543], [55.1335085, 25.1206505]]]}}, {"type": "Feature", "properties": {"status": "existing", "bHeight": 12.0, "name": "", "levels": ""}, "geometry": {"type": "Polygon", "coordinates": [[[55.1336125, 25.1207925], [55.1337704, 25.1206828], [55.1338553, 25.1207825], [55.1337021, 25.1208905], [55.1336125, 25.1207925]]]}}, {"type": "Feature", "properties": {"status": "existing", "bHeight": 12.0, "name": "", "levels": ""}, "geometry": {"type": "Polygon", "coordinates": [[[55.13373, 25.1209354], [55.1338743, 25.1208244], [55.1339633, 25.1209264], [55.133817, 25.1210374], [55.13373, 25.1209354]]]}}, {"type": "Feature", "properties": {"status": "existing", "bHeight": 12.0, "name": "", "levels": ""}, "geometry": {"type": "Polygon", "coordinates": [[[55.1338523, 25.1210588], [55.1340391, 25.1209074], [55.1341331, 25.1209962], [55.1339413, 25.1211447], [55.1338523, 25.1210588]]]}}, {"type": "Feature", "properties": {"status": "existing", "bHeight": 12.0, "name": "", "levels": ""}, "geometry": {"type": "Polygon", "coordinates": [[[55.1339636, 25.1211898], [55.1341495, 25.1210401], [55.1342548, 25.1211473], [55.1341796, 25.1212078], [55.1341607, 25.1211886], [55.13405, 25.1212778], [55.1339636, 25.1211898]]]}}, {"type": "Feature", "properties": {"status": "existing", "bHeight": 12.0, "name": "", "levels": ""}, "geometry": {"type": "Polygon", "coordinates": [[[55.1340796, 25.121315], [55.1342571, 25.1211804], [55.1343519, 25.121283], [55.1341743, 25.1214175], [55.1340796, 25.121315]]]}}, {"type": "Feature", "properties": {"status": "existing", "bHeight": 12.0, "name": "", "levels": ""}, "geometry": {"type": "Polygon", "coordinates": [[[55.1330211, 25.1191329], [55.1330419, 25.1191587], [55.1330101, 25.1191797], [55.1330443, 25.119222], [55.1330231, 25.1192361], [55.1330719, 25.1192964], [55.1332407, 25.1191846], [55.133137, 25.1190562], [55.1330211, 25.1191329]]]}}, {"type": "Feature", "properties": {"status": "existing", "bHeight": 12.0, "name": "", "levels": ""}, "geometry": {"type": "Polygon", "coordinates": [[[55.1330611, 25.1187709], [55.1331959, 25.1189021], [55.1331038, 25.1189814], [55.1330833, 25.1189596], [55.133037, 25.1189995], [55.1329776, 25.1189362], [55.1329975, 25.1189209], [55.1329765, 25.1188986], [55.1330372, 25.1188444], [55.1330093, 25.1188172], [55.1330611, 25.1187709]]]}}, {"type": "Feature", "properties": {"status": "existing", "bHeight": 12.0, "name": "", "levels": ""}, "geometry": {"type": "Polygon", "coordinates": [[[55.1331125, 25.1187937], [55.1331737, 25.1187461], [55.1331399, 25.1187105], [55.1331901, 25.1186714], [55.1332856, 25.1187719], [55.1332444, 25.118804], [55.133272, 25.1188331], [55.133239, 25.1188587], [55.1332644, 25.1188855], [55.1332271, 25.1189145], [55.1331125, 25.1187937]]]}}, {"type": "Feature", "properties": {"status": "existing", "bHeight": 12.0, "name": "", "levels": ""}, "geometry": {"type": "Polygon", "coordinates": [[[55.1332504, 25.1187117], [55.1333158, 25.1186559], [55.1332815, 25.118623], [55.133331, 25.1185808], [55.1333804, 25.1186283], [55.1333658, 25.1186408], [55.1334163, 25.1186893], [55.1333838, 25.118717], [55.1334309, 25.1187623], [55.1333632, 25.1188201], [55.1332504, 25.1187117]]]}}, {"type": "Feature", "properties": {"status": "existing", "bHeight": 12.0, "name": "", "levels": ""}, "geometry": {"type": "Polygon", "coordinates": [[[55.1333817, 25.1186071], [55.1334485, 25.118554], [55.1334127, 25.118517], [55.1334785, 25.1184647], [55.1335886, 25.1185781], [55.1335441, 25.118616], [55.1335616, 25.1186387], [55.1334994, 25.1186882], [55.1334801, 25.1186683], [55.1334581, 25.1186858], [55.1333817, 25.1186071]]]}}, {"type": "Feature", "properties": {"status": "existing", "bHeight": 12.0, "name": "", "levels": ""}, "geometry": {"type": "Polygon", "coordinates": [[[55.1337978, 25.1185076], [55.1340033, 25.1186692], [55.1340308, 25.1186405], [55.1340899, 25.1186869], [55.13396, 25.1188224], [55.1339085, 25.1187818], [55.1338861, 25.1188051], [55.1338518, 25.1187782], [55.1338724, 25.1187568], [55.1338277, 25.1187216], [55.1338371, 25.1187117], [55.1337991, 25.1186818], [55.1337725, 25.1187095], [55.1337391, 25.1186832], [55.1337221, 25.1187009], [55.1336784, 25.1186665], [55.1337223, 25.1186207], [55.1337036, 25.1186059], [55.1337978, 25.1185076]]]}}, {"type": "Feature", "properties": {"status": "existing", "bHeight": 12.0, "name": "", "levels": ""}, "geometry": {"type": "Polygon", "coordinates": [[[55.1281067, 25.1208392], [55.1280896, 25.1209161], [55.1282249, 25.1209406], [55.1282413, 25.120866], [55.1282661, 25.1207234], [55.1281416, 25.1207019], [55.1281252, 25.1207682], [55.1281468, 25.1207728], [55.1281283, 25.1208438], [55.1281067, 25.1208392]]]}}, {"type": "Feature", "properties": {"status": "existing", "bHeight": 12.0, "name": "", "levels": ""}, "geometry": {"type": "Polygon", "coordinates": [[[55.127909, 25.120817], [55.1279466, 25.1208232], [55.1279414, 25.120849], [55.1280516, 25.1208673], [55.1280941, 25.1206907], [55.1279535, 25.1206584], [55.127909, 25.120817]]]}}, {"type": "Feature", "properties": {"status": "existing", "bHeight": 12.0, "name": "", "levels": ""}, "geometry": {"type": "Polygon", "coordinates": [[[55.1275372, 25.1207862], [55.1276531, 25.1208071], [55.1276457, 25.1208526], [55.1277832, 25.120883], [55.1277939, 25.1208307], [55.1278606, 25.1208424], [55.1278901, 25.1206775], [55.1275767, 25.1206146], [55.1275372, 25.1207862]]]}}, {"type": "Feature", "properties": {"status": "existing", "bHeight": 12.0, "name": "", "levels": ""}, "geometry": {"type": "Polygon", "coordinates": [[[55.1277344, 25.1212536], [55.1277718, 25.1212618], [55.1277624, 25.1212964], [55.1278006, 25.1213037], [55.1277959, 25.1213353], [55.127863, 25.1213468], [55.1278804, 25.121283], [55.1279036, 25.1212867], [55.1279508, 25.1210834], [55.1277842, 25.121051], [55.1277344, 25.1212536]]]}}, {"type": "Feature", "properties": {"status": "existing", "bHeight": 12.0, "name": "", "levels": ""}, "geometry": {"type": "Polygon", "coordinates": [[[55.1277088, 25.1212494], [55.127694, 25.1213122], [55.127629, 25.1213025], [55.1276397, 25.1212727], [55.1275941, 25.1212642], [55.1276035, 25.1212327], [55.1275671, 25.1212249], [55.1276161, 25.1210079], [55.1277754, 25.1210383], [55.1277255, 25.1212515], [55.1277088, 25.1212494]]]}}, {"type": "Feature", "properties": {"status": "existing", "bHeight": 12.0, "name": "", "levels": ""}, "geometry": {"type": "Polygon", "coordinates": [[[55.1273849, 25.1211858], [55.1274124, 25.1211908], [55.127407, 25.1212059], [55.1274432, 25.1212126], [55.1274365, 25.1212381], [55.1274895, 25.121246], [55.1274995, 25.1212199], [55.1275513, 25.1212297], [55.1275924, 25.1210604], [55.1274359, 25.1210276], [55.1273849, 25.1211858]]]}}, {"type": "Feature", "properties": {"status": "existing", "bHeight": 12.0, "name": "", "levels": ""}, "geometry": {"type": "Polygon", "coordinates": [[[55.132253, 25.1208841], [55.1324329, 25.1208053], [55.1323815, 25.120689], [55.1322724, 25.120732], [55.1322607, 25.1207051], [55.132188, 25.1207338], [55.132253, 25.1208841]]]}}, {"type": "Feature", "properties": {"status": "existing", "bHeight": 12.0, "name": "", "levels": ""}, "geometry": {"type": "Polygon", "coordinates": [[[55.1323149, 25.1210313], [55.1325047, 25.120949], [55.1324434, 25.120838], [55.1322635, 25.1209114], [55.1323149, 25.1210313]]]}}, {"type": "Feature", "properties": {"status": "existing", "bHeight": 12.0, "name": "", "levels": ""}, "geometry": {"type": "Polygon", "coordinates": [[[55.1323955, 25.1211884], [55.1323401, 25.121072], [55.1323292, 25.1210464], [55.1324191, 25.1210152], [55.13243, 25.1210408], [55.1325201, 25.1210094], [55.1325715, 25.1211132], [55.1323955, 25.1211884]]]}}, {"type": "Feature", "properties": {"status": "existing", "bHeight": 12.0, "name": "", "levels": ""}, "geometry": {"type": "Polygon", "coordinates": [[[55.1324047, 25.1212121], [55.1325888, 25.1211375], [55.1326514, 25.1212642], [55.1324674, 25.1213388], [55.1324047, 25.1212121]]]}}, {"type": "Feature", "properties": {"status": "existing", "bHeight": 12.0, "name": "", "levels": ""}, "geometry": {"type": "Polygon", "coordinates": [[[55.1324961, 25.1213778], [55.1325526, 25.1214862], [55.1327216, 25.121414], [55.1326651, 25.1213056], [55.1324961, 25.1213778]]]}}, {"type": "Feature", "properties": {"status": "existing", "bHeight": 12.0, "name": "", "levels": ""}, "geometry": {"type": "Polygon", "coordinates": [[[55.1319037, 25.1213778], [55.131959, 25.1214656], [55.1321231, 25.1214047], [55.1320697, 25.1212919], [55.1319037, 25.1213778]]]}}, {"type": "Feature", "properties": {"status": "existing", "bHeight": 12.0, "name": "", "levels": ""}, "geometry": {"type": "Polygon", "coordinates": [[[55.1321122, 25.1214511], [55.1321695, 25.1215656], [55.1320133, 25.1216337], [55.13196, 25.1215101], [55.1321122, 25.1214511]]]}}, {"type": "Feature", "properties": {"status": "existing", "bHeight": 12.0, "name": "", "levels": ""}, "geometry": {"type": "Polygon", "coordinates": [[[55.1327377, 25.1196391], [55.1327631, 25.1196694], [55.1327915, 25.11965], [55.1328242, 25.1196893], [55.1330184, 25.1195565], [55.1329667, 25.1194945], [55.1329289, 25.1195203], [55.1327735, 25.119334], [55.1326119, 25.1194445], [55.1326447, 25.1194838], [55.1326201, 25.1195006], [55.1326499, 25.1195362], [55.1326768, 25.1195178], [55.1327272, 25.1195782], [55.1326744, 25.1196144], [55.1327105, 25.1196577], [55.1327377, 25.1196391]]]}}, {"type": "Feature", "properties": {"status": "existing", "bHeight": 12.0, "name": "Kids Club", "levels": ""}, "geometry": {"type": "Polygon", "coordinates": [[[55.1524615, 25.1312109], [55.1525023, 25.1311242], [55.1524048, 25.1310867], [55.1523985, 25.1311002], [55.1523443, 25.1310793], [55.1523115, 25.1311492], [55.1523327, 25.1311574], [55.1523085, 25.1312088], [55.1523826, 25.1312373], [55.1524052, 25.1311892], [55.1524615, 25.1312109]]]}}, {"type": "Feature", "properties": {"status": "existing", "bHeight": 12.0, "name": "", "levels": ""}, "geometry": {"type": "Polygon", "coordinates": [[[55.1529442, 25.1298985], [55.1530468, 25.1299069], [55.1530561, 25.129814], [55.1529534, 25.1298056], [55.1529442, 25.1298985]]]}}, {"type": "Feature", "properties": {"status": "existing", "bHeight": 12.0, "name": "Lobby", "levels": ""}, "geometry": {"type": "Polygon", "coordinates": [[[55.1531346, 25.1297289], [55.1531388, 25.1296859], [55.1533465, 25.1297026], [55.1533587, 25.1296084], [55.1533633, 25.1295001], [55.153374, 25.1294168], [55.1531684, 25.1294015], [55.1531722, 25.129359], [55.1530062, 25.1293467], [55.1529967, 25.129451], [55.152979, 25.1296308], [55.152891, 25.1296281], [55.1528842, 25.1297134], [55.1531346, 25.1297289]]]}}, {"type": "Feature", "properties": {"status": "existing", "bHeight": 12.0, "name": "Nasimi Beach Boutique", "levels": ""}, "geometry": {"type": "Polygon", "coordinates": [[[55.115906, 25.1279547], [55.1159379, 25.1279046], [55.1160362, 25.1279559], [55.1160043, 25.128006], [55.115906, 25.1279547]]]}}, {"type": "Feature", "properties": {"status": "existing", "bHeight": 12.0, "name": "", "levels": ""}, "geometry": {"type": "Polygon", "coordinates": [[[55.1233554, 25.1195235], [55.1233693, 25.1194974], [55.1234321, 25.1195248], [55.123482, 25.1194314], [55.1233319, 25.1193657], [55.1233418, 25.1193472], [55.123307, 25.119332], [55.1232967, 25.1193512], [55.1232112, 25.1193138], [55.1231457, 25.1194365], [55.1232346, 25.1194754], [55.1232216, 25.1194997], [55.1232645, 25.1195184], [55.1232795, 25.1194902], [55.1233554, 25.1195235]]]}}, {"type": "Feature", "properties": {"status": "existing", "bHeight": 6.2, "name": "Gelati", "levels": "1", "height_source": "osm_geom", "height_basis": "osm levels 1 · 100% of this footprint"}, "geometry": {"type": "Polygon", "coordinates": [[[55.1343848, 25.1400249], [55.1344351, 25.1400049], [55.1344807, 25.1400158], [55.1345001, 25.1400613], [55.1344766, 25.1401056], [55.1344351, 25.1401214], [55.1343928, 25.1401087], [55.1343673, 25.1400638], [55.1343848, 25.1400249]]]}}, {"type": "Feature", "properties": {"status": "existing", "bHeight": 9.4, "name": "", "levels": "2", "height_source": "osm_geom", "height_basis": "osm levels 2 · 100% of this footprint"}, "geometry": {"type": "Polygon", "coordinates": [[[55.1339563, 25.1399144], [55.1339998, 25.1399709], [55.1340863, 25.1399757], [55.134142, 25.1399235], [55.134144, 25.1398507], [55.1340991, 25.1398003], [55.1340233, 25.1397948], [55.133969, 25.1398403], [55.1339563, 25.1399144]]]}}, {"type": "Feature", "properties": {"status": "existing", "bHeight": 12.0, "name": "", "levels": ""}, "geometry": {"type": "Polygon", "coordinates": [[[55.1332862, 25.1397912], [55.1333205, 25.139772], [55.1333278, 25.1397827], [55.1334172, 25.1397326], [55.1334098, 25.1397219], [55.1334385, 25.1397058], [55.1334151, 25.1396717], [55.1334391, 25.1396583], [55.133413, 25.1396201], [55.1334207, 25.1396157], [55.1333598, 25.1395267], [55.1333521, 25.1395311], [55.1333123, 25.1395533], [55.1332677, 25.1394881], [55.1331533, 25.1395522], [55.1331979, 25.1396175], [55.1331505, 25.1396441], [55.1332375, 25.1397713], [55.1332628, 25.1397571], [55.1332862, 25.1397912]]]}}, {"type": "Feature", "properties": {"status": "existing", "bHeight": 12.0, "name": "", "levels": ""}, "geometry": {"type": "Polygon", "coordinates": [[[55.1323611, 25.13916], [55.1323598, 25.1392717], [55.1324858, 25.1392729], [55.1324866, 25.1392022], [55.1325253, 25.1392026], [55.1325267, 25.1390768], [55.132398, 25.1390756], [55.132397, 25.1391603], [55.1323611, 25.13916]]]}}, {"type": "Feature", "properties": {"status": "existing", "bHeight": 12.0, "name": "", "levels": ""}, "geometry": {"type": "Polygon", "coordinates": [[[55.1325502, 25.1391961], [55.1326272, 25.1391969], [55.132628, 25.1391288], [55.132551, 25.139128], [55.1325502, 25.1391961]]]}}, {"type": "Feature", "properties": {"status": "existing", "bHeight": 12.0, "name": "", "levels": ""}, "geometry": {"type": "Polygon", "coordinates": [[[55.1348431, 25.1396647], [55.1348498, 25.1396146], [55.1347448, 25.1396031], [55.1347478, 25.1395806], [55.1346144, 25.139566], [55.1346114, 25.1395885], [55.1345096, 25.1395774], [55.134503, 25.1396274], [55.1344163, 25.139618], [55.1343897, 25.1398173], [55.1345026, 25.1398297], [55.1344986, 25.1398591], [55.1347831, 25.1398902], [55.134787, 25.1398609], [55.1348936, 25.1398725], [55.1349203, 25.1396732], [55.1348431, 25.1396647]]]}}, {"type": "Feature", "properties": {"status": "existing", "bHeight": 12.0, "name": "", "levels": ""}, "geometry": {"type": "Polygon", "coordinates": [[[55.1339946, 25.1393858], [55.1340044, 25.1393362], [55.1339003, 25.1393194], [55.1339047, 25.1392971], [55.1337723, 25.1392757], [55.1337679, 25.139298], [55.1336671, 25.1392817], [55.1336573, 25.1393314], [55.1335714, 25.1393175], [55.1335324, 25.1395152], [55.1336444, 25.1395333], [55.1336386, 25.1395624], [55.1339207, 25.139608], [55.1339265, 25.1395788], [55.1340322, 25.1395959], [55.1340711, 25.1393982], [55.1339946, 25.1393858]]]}}, {"type": "Feature", "properties": {"status": "existing", "bHeight": 22.2, "name": "Koru 3", "levels": "6", "height_source": "osm_geom", "height_basis": "osm levels 6 · 100% of this footprint"}, "geometry": {"type": "Polygon", "coordinates": [[[55.1358186, 25.1400969], [55.1356872, 25.1399925], [55.1356728, 25.1400073], [55.135623, 25.1399677], [55.1354496, 25.1401464], [55.1352998, 25.140301], [55.1353482, 25.1403395], [55.135333, 25.1403552], [55.1354686, 25.140463], [55.1354839, 25.1404473], [55.1355285, 25.1404828], [55.1358517, 25.1401495], [55.1358042, 25.1401118], [55.1358186, 25.1400969]]]}}, {"type": "Feature", "properties": {"status": "existing", "bHeight": 22.2, "name": "Koru 2", "levels": "6", "height_source": "osm_geom", "height_basis": "osm levels 6 · 100% of this footprint"}, "geometry": {"type": "Polygon", "coordinates": [[[55.1351125, 25.140629], [55.1350851, 25.1404726], [55.1350635, 25.1404757], [55.1350531, 25.1404164], [55.134787, 25.1404546], [55.1345693, 25.1404859], [55.1345794, 25.1405435], [55.1345566, 25.1405468], [55.1345849, 25.1407082], [55.1346077, 25.1407049], [55.134617, 25.1407581], [55.1351008, 25.1406885], [55.1350909, 25.1406321], [55.1351125, 25.140629]]]}}, {"type": "Feature", "properties": {"status": "existing", "bHeight": 22.2, "name": "Koru 1", "levels": "6", "height_source": "osm_geom", "height_basis": "osm levels 6 · 100% of this footprint"}, "geometry": {"type": "Polygon", "coordinates": [[[55.1344544, 25.1402898], [55.1343789, 25.1401469], [55.1343593, 25.1401555], [55.1343306, 25.1401013], [55.1340901, 25.1402054], [55.1338887, 25.1402927], [55.1339165, 25.1403454], [55.1338957, 25.1403544], [55.1339736, 25.1405018], [55.1339945, 25.1404928], [55.1340201, 25.1405413], [55.134462, 25.1403498], [55.1344347, 25.1402983], [55.1344544, 25.1402898]]]}}, {"type": "Feature", "properties": {"status": "existing", "bHeight": 12.0, "name": "", "levels": ""}, "geometry": {"type": "Polygon", "coordinates": [[[55.131786, 25.1402006], [55.1318262, 25.1402116], [55.1318477, 25.1401472], [55.1318075, 25.1401362], [55.1318159, 25.1401112], [55.1318678, 25.1401254], [55.1318747, 25.1401046], [55.1319684, 25.1401302], [55.1319889, 25.1400687], [55.1318953, 25.1400431], [55.1319054, 25.1400126], [55.1318535, 25.1399984], [55.1318606, 25.1399772], [55.131899, 25.1399877], [55.1319188, 25.1399287], [55.1318803, 25.1399182], [55.1319017, 25.1398542], [55.1313796, 25.1397114], [55.1312361, 25.1401412], [55.1316358, 25.1402505], [55.1316636, 25.1401672], [55.131786, 25.1402006]]]}}, {"type": "Feature", "properties": {"status": "existing", "bHeight": 12.0, "name": "", "levels": ""}, "geometry": {"type": "Polygon", "coordinates": [[[55.1325911, 25.1399009], [55.132483, 25.1400314], [55.1323717, 25.1399719], [55.1324561, 25.1398264], [55.13249, 25.1398411], [55.1325302, 25.1398649], [55.1325911, 25.1399009]]]}}, {"type": "Feature", "properties": {"status": "existing", "bHeight": 22.2, "name": "", "levels": "6", "height_source": "osm_geom", "height_basis": "osm levels 6 · 100% of this footprint"}, "geometry": {"type": "Polygon", "coordinates": [[[55.1335197, 25.1399939], [55.1333756, 25.1400577], [55.1333538, 25.1400173], [55.1332319, 25.1400712], [55.1332537, 25.1401116], [55.1331498, 25.1401576], [55.133136, 25.140132], [55.1330914, 25.1400727], [55.1330383, 25.1400092], [55.1329833, 25.1399508], [55.1329444, 25.1399088], [55.1329662, 25.1398899], [55.1328903, 25.1398195], [55.1328192, 25.1397695], [55.1327974, 25.1397542], [55.1328316, 25.1397165], [55.1327794, 25.1396838], [55.1327339, 25.1396555], [55.132688, 25.1396258], [55.13264, 25.1395988], [55.1325916, 25.1395748], [55.1325357, 25.1395499], [55.132512, 25.1395937], [55.1324808, 25.1395818], [55.1324399, 25.1395662], [55.1323783, 25.1395465], [55.1323043, 25.139525], [55.1322996, 25.1395405], [55.1322294, 25.1395233], [55.1321317, 25.1395096], [55.132034, 25.1395044], [55.1319887, 25.1395023], [55.1319881, 25.1393652], [55.1320104, 25.1393651], [55.1320099, 25.1392428], [55.1319617, 25.139243], [55.1319611, 25.1390954], [55.1319866, 25.1390953], [55.1319861, 25.1389702], [55.1319606, 25.1389703], [55.1319603, 25.1389117], [55.131857, 25.1389121], [55.131857, 25.1389002], [55.1317263, 25.1389007], [55.1317264, 25.1389125], [55.1316536, 25.1389127], [55.1316279, 25.1389128], [55.1316281, 25.1389714], [55.1316286, 25.1390965], [55.1316543, 25.1390964], [55.1316549, 25.139244], [55.1316263, 25.1392441], [55.1316268, 25.1393664], [55.1316809, 25.1393662], [55.1316815, 25.1395199], [55.1316593, 25.1395199], [55.1316598, 25.139645], [55.1316805, 25.1396449], [55.1316807, 25.1397087], [55.1317832, 25.1397084], [55.1317833, 25.1397239], [55.1319455, 25.1397234], [55.1319456, 25.1397342], [55.1320561, 25.1397435], [55.1321746, 25.1397616], [55.1323237, 25.1398071], [55.1323343, 25.1397785], [55.1323974, 25.139801], [55.1324561, 25.1398264], [55.13249, 25.1398411], [55.1325302, 25.1398649], [55.1325911, 25.1399009], [55.1326006, 25.1399065], [55.1326665, 25.139956], [55.1327064, 25.1399886], [55.1326825, 25.1400125], [55.1327314, 25.1400525], [55.132786, 25.1401114], [55.1328344, 25.1401723], [55.132879, 25.1402333], [55.1329036, 25.1402753], [55.1329208, 25.1402671], [55.1330399, 25.1404877], [55.1331037, 25.1404595], [55.1331138, 25.1404783], [55.1332321, 25.140426], [55.133222, 25.1404072], [55.1333764, 25.1403388], [55.1334012, 25.1403847], [55.1334621, 25.1403578], [55.133523, 25.1403308], [55.1335129, 25.140312], [55.1336462, 25.1402529], [55.1336623, 25.1402458], [55.1336733, 25.1402662], [55.133852, 25.1401872], [55.1338091, 25.1401077], [55.1338194, 25.1401031], [55.1337168, 25.1399132], [55.1336697, 25.139934], [55.1336582, 25.1399125], [55.133511, 25.1399777], [55.1335197, 25.1399939]]]}}, {"type": "Feature", "properties": {"status": "existing", "bHeight": 12.0, "name": "", "levels": ""}, "geometry": {"type": "Polygon", "coordinates": [[[55.1320227, 25.1380668], [55.1321047, 25.1381504], [55.1321921, 25.1380801], [55.1321101, 25.1379965], [55.1320227, 25.1380668]]]}}, {"type": "Feature", "properties": {"status": "existing", "bHeight": 12.0, "name": "", "levels": ""}, "geometry": {"type": "Polygon", "coordinates": [[[55.1346481, 25.1403154], [55.1346281, 25.1403783], [55.1347026, 25.1403977], [55.1347226, 25.1403348], [55.1346481, 25.1403154]]]}}, {"type": "Feature", "properties": {"status": "existing", "bHeight": 12.0, "name": "", "levels": ""}, "geometry": {"type": "Polygon", "coordinates": [[[55.1358174, 25.1397798], [55.135862, 25.1397819], [55.1358659, 25.1397155], [55.1356924, 25.1397072], [55.1356942, 25.1396766], [55.1355776, 25.1396711], [55.1355683, 25.1398321], [55.1356848, 25.1398377], [55.1356864, 25.1398099], [55.1357579, 25.1398133], [55.1357565, 25.1398376], [55.1358365, 25.1398414], [55.1358395, 25.1397888], [55.1358169, 25.1397877], [55.1358174, 25.1397798]]]}}, {"type": "Feature", "properties": {"status": "existing", "bHeight": 12.0, "name": "", "levels": ""}, "geometry": {"type": "Polygon", "coordinates": [[[55.1354119, 25.1397149], [55.1354544, 25.1397274], [55.1354771, 25.1396641], [55.135312, 25.1396155], [55.1353224, 25.1395864], [55.1352114, 25.1395537], [55.1351563, 25.139707], [55.1352673, 25.1397397], [55.1352768, 25.1397133], [55.1353448, 25.1397333], [55.1353365, 25.1397565], [55.1354127, 25.1397789], [55.1354307, 25.1397288], [55.1354092, 25.1397225], [55.1354119, 25.1397149]]]}}, {"type": "Feature", "properties": {"status": "existing", "bHeight": 12.0, "name": "", "levels": ""}, "geometry": {"type": "Polygon", "coordinates": [[[55.1351545, 25.140018], [55.1351989, 25.1400219], [55.135206, 25.1399556], [55.1350331, 25.1399406], [55.1350363, 25.1399101], [55.1349201, 25.1399], [55.1349031, 25.1400605], [55.1350192, 25.1400706], [55.1350222, 25.140043], [55.1350934, 25.1400492], [55.1350908, 25.1400734], [55.1351706, 25.1400803], [55.1351762, 25.1400279], [55.1351536, 25.1400259], [55.1351545, 25.140018]]]}}, {"type": "Feature", "properties": {"status": "existing", "bHeight": 12.0, "name": "", "levels": ""}, "geometry": {"type": "Polygon", "coordinates": [[[55.1420896, 25.1162546], [55.1421171, 25.1162797], [55.142152, 25.1162955], [55.1421908, 25.1163002], [55.1422291, 25.1162935], [55.1422653, 25.1162741], [55.1422919, 25.1162445], [55.1423037, 25.1162132], [55.1425201, 25.11624], [55.1425456, 25.1160712], [55.1422924, 25.11604], [55.1422731, 25.1161179], [55.1421176, 25.1160918], [55.1420896, 25.1162546]]]}}, {"type": "Feature", "properties": {"status": "existing", "bHeight": 12.0, "name": "", "levels": ""}, "geometry": {"type": "Polygon", "coordinates": [[[55.1423157, 25.1174116], [55.142405, 25.1171523], [55.1424147, 25.1171314], [55.1424161, 25.1171086], [55.1424091, 25.1170868], [55.1423944, 25.1170683], [55.1423742, 25.1170555], [55.1423505, 25.1170494], [55.1423259, 25.1170506], [55.1420409, 25.1166842], [55.1420303, 25.1166743], [55.1420179, 25.1166687], [55.1419992, 25.1166673], [55.1419833, 25.1166721], [55.1419801, 25.1167445], [55.1419406, 25.1167698], [55.1420375, 25.116894], [55.1420174, 25.1169068], [55.1422728, 25.1172342], [55.1422091, 25.1172749], [55.1423157, 25.1174116]]]}}, {"type": "Feature", "properties": {"status": "existing", "bHeight": 65.0, "name": "Emerald", "levels": "14"}, "geometry": {"type": "Polygon", "coordinates": [[[55.1411012, 25.1164838], [55.1407759, 25.116074], [55.1409846, 25.1159382], [55.1413099, 25.116348], [55.1411012, 25.1164838]]]}}, {"type": "Feature", "properties": {"status": "existing", "bHeight": 65.0, "name": "Ruby", "levels": "14"}, "geometry": {"type": "Polygon", "coordinates": [[[55.1414265, 25.1168936], [55.1411012, 25.1164838], [55.1413099, 25.116348], [55.1416351, 25.1167578], [55.1414265, 25.1168936]]]}}, {"type": "Feature", "properties": {"status": "existing", "bHeight": 65.0, "name": "Aquamarine", "levels": "14"}, "geometry": {"type": "Polygon", "coordinates": [[[55.1417517, 25.1173034], [55.1414265, 25.1168936], [55.1416351, 25.1167578], [55.1419604, 25.1171676], [55.1417517, 25.1173034]]]}}, {"type": "Feature", "properties": {"status": "existing", "bHeight": 65.0, "name": "Sapphire", "levels": "14"}, "geometry": {"type": "Polygon", "coordinates": [[[55.1417276, 25.1158393], [55.1411919, 25.1157666], [55.14123, 25.1155363], [55.1417657, 25.115609], [55.1417276, 25.1158393]]]}}, {"type": "Feature", "properties": {"status": "existing", "bHeight": 65.0, "name": "Amber", "levels": "14"}, "geometry": {"type": "Polygon", "coordinates": [[[55.1422632, 25.1159119], [55.1417276, 25.1158393], [55.1417657, 25.115609], [55.142303, 25.1156837], [55.1422632, 25.1159119]]]}}, {"type": "Feature", "properties": {"status": "existing", "bHeight": 70.0, "name": "Southern", "levels": "13"}, "geometry": {"type": "Polygon", "coordinates": [[[55.1374522, 25.110454], [55.1374591, 25.110109], [55.137696, 25.1101074], [55.1376937, 25.1104562], [55.1374522, 25.110454]]]}}, {"type": "Feature", "properties": {"status": "existing", "bHeight": 70.0, "name": "Baltric", "levels": "13"}, "geometry": {"type": "Polygon", "coordinates": [[[55.1374711, 25.1109927], [55.1374522, 25.110454], [55.1376937, 25.1104562], [55.1377125, 25.1109948], [55.1374711, 25.1109927]]]}}, {"type": "Feature", "properties": {"status": "existing", "bHeight": 70.0, "name": "Adriatic", "levels": "13"}, "geometry": {"type": "Polygon", "coordinates": [[[55.1358015, 25.1107633], [55.1354221, 25.1104053], [55.1356006, 25.1102502], [55.1359799, 25.1106083], [55.1358015, 25.1107633]]]}}, {"type": "Feature", "properties": {"status": "existing", "bHeight": 70.0, "name": "Pacific", "levels": "13"}, "geometry": {"type": "Polygon", "coordinates": [[[55.1361808, 25.1111213], [55.1358015, 25.1107633], [55.1359799, 25.1106083], [55.1363593, 25.1109663], [55.1361808, 25.1111213]]]}}, {"type": "Feature", "properties": {"status": "existing", "bHeight": 70.0, "name": "Caribbean", "levels": "13"}, "geometry": {"type": "Polygon", "coordinates": [[[55.1365602, 25.1114793], [55.1361808, 25.1111213], [55.1363593, 25.1109663], [55.1367386, 25.1113243], [55.1365602, 25.1114793]]]}}, {"type": "Feature", "properties": {"status": "existing", "bHeight": 12.0, "name": "", "levels": ""}, "geometry": {"type": "Polygon", "coordinates": [[[55.1363742, 25.1106728], [55.1364241, 25.1106305], [55.1365054, 25.1106352], [55.1365094, 25.110626], [55.1365086, 25.1106172], [55.1365033, 25.1106075], [55.1364992, 25.1106004], [55.1361552, 25.1102675], [55.1361632, 25.1102494], [55.1361642, 25.1102272], [55.1361539, 25.1102027], [55.1361336, 25.1101846], [55.1361107, 25.1101763], [55.1360876, 25.1101759], [55.1360662, 25.1101765], [55.1357597, 25.110198], [55.1358948, 25.1103286], [55.1359606, 25.1102728], [55.1363742, 25.1106728]]]}}, {"type": "Feature", "properties": {"status": "existing", "bHeight": 12.0, "name": "", "levels": ""}, "geometry": {"type": "Polygon", "coordinates": [[[55.1371423, 25.1106826], [55.1371462, 25.1105436], [55.1372249, 25.1105454], [55.1372321, 25.1102949], [55.1370585, 25.1102909], [55.1370536, 25.110485], [55.1370324, 25.1104882], [55.1370129, 25.1104943], [55.1369948, 25.1105032], [55.1369766, 25.1105161], [55.1369632, 25.1105296], [55.1369526, 25.1105443], [55.1369424, 25.1105662], [55.1369378, 25.1105864], [55.1369376, 25.1106113], [55.1369432, 25.1106353], [55.1369546, 25.1106581], [55.1369703, 25.1106778], [55.1371423, 25.1106826]]]}}, {"type": "Feature", "properties": {"status": "existing", "bHeight": 12.0, "name": "", "levels": ""}, "geometry": {"type": "Polygon", "coordinates": [[[55.1464978, 25.1111858], [55.1465177, 25.111349], [55.1463965, 25.1113464], [55.1463808, 25.1112037], [55.1464978, 25.1111858]]]}}, {"type": "Feature", "properties": {"status": "existing", "bHeight": 12.0, "name": "", "levels": ""}, "geometry": {"type": "Polygon", "coordinates": [[[55.1464857, 25.1115212], [55.1464074, 25.1116828], [55.1463056, 25.1116329], [55.1463678, 25.111488], [55.1464857, 25.1115212]]]}}, {"type": "Feature", "properties": {"status": "existing", "bHeight": 12.0, "name": "", "levels": ""}, "geometry": {"type": "Polygon", "coordinates": [[[55.146445, 25.1110308], [55.1464978, 25.1111858], [55.1463808, 25.1112037], [55.1463405, 25.1110735], [55.146445, 25.1110308]]]}}, {"type": "Feature", "properties": {"status": "existing", "bHeight": 12.0, "name": "", "levels": ""}, "geometry": {"type": "Polygon", "coordinates": [[[55.1465177, 25.111349], [55.1464857, 25.1115212], [55.1463678, 25.111488], [55.1463965, 25.1113464], [55.1465177, 25.111349]]]}}, {"type": "Feature", "properties": {"status": "existing", "bHeight": 12.0, "name": "", "levels": ""}, "geometry": {"type": "Polygon", "coordinates": [[[55.1454717, 25.1119749], [55.1452987, 25.1118935], [55.1453604, 25.1118048], [55.1455159, 25.1118704], [55.1454717, 25.1119749]]]}}, {"type": "Feature", "properties": {"status": "existing", "bHeight": 12.0, "name": "", "levels": ""}, "geometry": {"type": "Polygon", "coordinates": [[[55.1456594, 25.1120149], [55.1454717, 25.1119749], [55.1455159, 25.1118704], [55.1456702, 25.1119056], [55.1456594, 25.1120149]]]}}, {"type": "Feature", "properties": {"status": "existing", "bHeight": 12.0, "name": "", "levels": ""}, "geometry": {"type": "Polygon", "coordinates": [[[55.1458405, 25.1120076], [55.1456594, 25.1120149], [55.1456702, 25.1119056], [55.1458284, 25.1119008], [55.1458405, 25.1120076]]]}}, {"type": "Feature", "properties": {"status": "existing", "bHeight": 12.0, "name": "", "levels": ""}, "geometry": {"type": "Polygon", "coordinates": [[[55.1460148, 25.11197], [55.1458405, 25.1120076], [55.1458284, 25.1119008], [55.1459746, 25.1118728], [55.1460148, 25.11197]]]}}, {"type": "Feature", "properties": {"status": "existing", "bHeight": 12.0, "name": "", "levels": ""}, "geometry": {"type": "Polygon", "coordinates": [[[55.1462396, 25.1113217], [55.1463638, 25.1112308], [55.1462898, 25.1111479], [55.1461656, 25.1112388], [55.1462396, 25.1113217]]]}}, {"type": "Feature", "properties": {"status": "existing", "bHeight": 12.0, "name": "", "levels": ""}, "geometry": {"type": "Polygon", "coordinates": [[[55.1461154, 25.1114126], [55.1462396, 25.1113217], [55.1461656, 25.1112388], [55.1460414, 25.1113297], [55.1461154, 25.1114126]]]}}, {"type": "Feature", "properties": {"status": "existing", "bHeight": 12.0, "name": "", "levels": ""}, "geometry": {"type": "Polygon", "coordinates": [[[55.1456549, 25.1117649], [55.1457791, 25.111674], [55.145705, 25.1115911], [55.1455809, 25.111682], [55.1456549, 25.1117649]]]}}, {"type": "Feature", "properties": {"status": "existing", "bHeight": 12.0, "name": "", "levels": ""}, "geometry": {"type": "Polygon", "coordinates": [[[55.1455307, 25.1118558], [55.1456549, 25.1117649], [55.1455809, 25.111682], [55.1454567, 25.111773], [55.1455307, 25.1118558]]]}}, {"type": "Feature", "properties": {"status": "existing", "bHeight": 9.4, "name": "", "levels": "2", "height_source": "osm_geom", "height_basis": "osm levels 2 · 100% of this footprint"}, "geometry": {"type": "Polygon", "coordinates": [[[55.1459411, 25.1114512], [55.1460446, 25.111567], [55.1461337, 25.1115018], [55.1460303, 25.1113859], [55.1459411, 25.1114512]]]}}, {"type": "Feature", "properties": {"status": "existing", "bHeight": 9.4, "name": "", "levels": "2", "height_source": "osm_geom", "height_basis": "osm levels 2 · 100% of this footprint"}, "geometry": {"type": "Polygon", "coordinates": [[[55.1461481, 25.1116829], [55.1462515, 25.1117988], [55.1463407, 25.1117335], [55.1462372, 25.1116176], [55.1461481, 25.1116829]]]}}, {"type": "Feature", "properties": {"status": "existing", "bHeight": 9.4, "name": "", "levels": "2", "height_source": "osm_geom", "height_basis": "osm levels 2 · 100% of this footprint"}, "geometry": {"type": "Polygon", "coordinates": [[[55.1460446, 25.111567], [55.1461481, 25.1116829], [55.1462372, 25.1116176], [55.1461337, 25.1115018], [55.1460446, 25.111567]]]}}, {"type": "Feature", "properties": {"status": "existing", "bHeight": 9.4, "name": "", "levels": "2", "height_source": "osm_geom", "height_basis": "osm levels 2 · 100% of this footprint"}, "geometry": {"type": "Polygon", "coordinates": [[[55.1459717, 25.1118128], [55.1460752, 25.1119287], [55.1461643, 25.1118634], [55.1460609, 25.1117476], [55.1459717, 25.1118128]]]}}, {"type": "Feature", "properties": {"status": "existing", "bHeight": 9.4, "name": "", "levels": "2", "height_source": "osm_geom", "height_basis": "osm levels 2 · 100% of this footprint"}, "geometry": {"type": "Polygon", "coordinates": [[[55.1458682, 25.111697], [55.1459717, 25.1118128], [55.1460609, 25.1117476], [55.1459574, 25.1116317], [55.1458682, 25.111697]]]}}, {"type": "Feature", "properties": {"status": "existing", "bHeight": 9.4, "name": "", "levels": "2", "height_source": "osm_geom", "height_basis": "osm levels 2 · 100% of this footprint"}, "geometry": {"type": "Polygon", "coordinates": [[[55.1457648, 25.1115811], [55.1458682, 25.111697], [55.1459574, 25.1116317], [55.1458539, 25.1115158], [55.1457648, 25.1115811]]]}}, {"type": "Feature", "properties": {"status": "existing", "bHeight": 9.4, "name": "", "levels": "2", "height_source": "osm_geom", "height_basis": "osm levels 2 · 100% of this footprint"}, "geometry": {"type": "Polygon", "coordinates": [[[55.1466489, 25.1108974], [55.146597, 25.1108067], [55.1467202, 25.1107312], [55.1467942, 25.1108342], [55.1467468, 25.1108531], [55.1466489, 25.1108974]]]}}, {"type": "Feature", "properties": {"status": "existing", "bHeight": 9.4, "name": "", "levels": "2", "height_source": "osm_geom", "height_basis": "osm levels 2 · 100% of this footprint"}, "geometry": {"type": "Polygon", "coordinates": [[[55.1466254, 25.111018], [55.1465761, 25.1109304], [55.1466489, 25.1108974], [55.1467468, 25.1108531], [55.1467942, 25.1109544], [55.1466254, 25.111018]]]}}, {"type": "Feature", "properties": {"status": "existing", "bHeight": 9.4, "name": "", "levels": "2", "height_source": "osm_geom", "height_basis": "osm levels 2 · 100% of this footprint"}, "geometry": {"type": "Polygon", "coordinates": [[[55.1466577, 25.1111176], [55.1466254, 25.111018], [55.1467942, 25.1109544], [55.1468359, 25.1110763], [55.1466577, 25.1111176]]]}}, {"type": "Feature", "properties": {"status": "existing", "bHeight": 9.4, "name": "", "levels": "2", "height_source": "osm_geom", "height_basis": "osm levels 2 · 100% of this footprint"}, "geometry": {"type": "Polygon", "coordinates": [[[55.1465746, 25.1117177], [55.1465154, 25.1117968], [55.1466615, 25.1118844], [55.1467344, 25.1117894], [55.1465746, 25.1117177]]]}}, {"type": "Feature", "properties": {"status": "existing", "bHeight": 9.4, "name": "", "levels": "2", "height_source": "osm_geom", "height_basis": "osm levels 2 · 100% of this footprint"}, "geometry": {"type": "Polygon", "coordinates": [[[55.1468611, 25.1112558], [55.1468433, 25.1111462], [55.1466633, 25.11116], [55.1466801, 25.1112548], [55.1468611, 25.1112558]]]}}, {"type": "Feature", "properties": {"status": "existing", "bHeight": 9.4, "name": "", "levels": "2", "height_source": "osm_geom", "height_basis": "osm levels 2 · 100% of this footprint"}, "geometry": {"type": "Polygon", "coordinates": [[[55.1468654, 25.1113666], [55.1468611, 25.1112558], [55.1466801, 25.1112548], [55.1466849, 25.1113507], [55.1468654, 25.1113666]]]}}, {"type": "Feature", "properties": {"status": "existing", "bHeight": 9.4, "name": "", "levels": "2", "height_source": "osm_geom", "height_basis": "osm levels 2 · 100% of this footprint"}, "geometry": {"type": "Polygon", "coordinates": [[[55.1468542, 25.1114769], [55.1468654, 25.1113666], [55.1466849, 25.1113507], [55.1466764, 25.1114464], [55.1468542, 25.1114769]]]}}, {"type": "Feature", "properties": {"status": "existing", "bHeight": 9.4, "name": "", "levels": "2", "height_source": "osm_geom", "height_basis": "osm levels 2 · 100% of this footprint"}, "geometry": {"type": "Polygon", "coordinates": [[[55.1468288, 25.1115853], [55.1468542, 25.1114769], [55.1466764, 25.1114464], [55.1466553, 25.1115405], [55.1468288, 25.1115853]]]}}, {"type": "Feature", "properties": {"status": "existing", "bHeight": 9.4, "name": "", "levels": "2", "height_source": "osm_geom", "height_basis": "osm levels 2 · 100% of this footprint"}, "geometry": {"type": "Polygon", "coordinates": [[[55.1467887, 25.1116901], [55.1468288, 25.1115853], [55.1466553, 25.1115405], [55.1466206, 25.1116313], [55.1467887, 25.1116901]]]}}, {"type": "Feature", "properties": {"status": "existing", "bHeight": 9.4, "name": "", "levels": "2", "height_source": "osm_geom", "height_basis": "osm levels 2 · 100% of this footprint"}, "geometry": {"type": "Polygon", "coordinates": [[[55.1467344, 25.1117894], [55.1467887, 25.1116901], [55.1466206, 25.1116313], [55.1465746, 25.1117177], [55.1467344, 25.1117894]]]}}, {"type": "Feature", "properties": {"status": "existing", "bHeight": 9.4, "name": "", "levels": "2", "height_source": "osm_geom", "height_basis": "osm levels 2 · 100% of this footprint"}, "geometry": {"type": "Polygon", "coordinates": [[[55.1450714, 25.1121621], [55.1450479, 25.1121898], [55.1449352, 25.1121303], [55.1450345, 25.1120016], [55.1451369, 25.1120638], [55.1450714, 25.1121621]]]}}, {"type": "Feature", "properties": {"status": "existing", "bHeight": 9.4, "name": "", "levels": "2", "height_source": "osm_geom", "height_basis": "osm levels 2 · 100% of this footprint"}, "geometry": {"type": "Polygon", "coordinates": [[[55.1460097, 25.1121582], [55.1461114, 25.1121153], [55.146174, 25.1122579], [55.1460573, 25.1122974], [55.1460097, 25.1121582]]]}}, {"type": "Feature", "properties": {"status": "existing", "bHeight": 9.4, "name": "", "levels": "2", "height_source": "osm_geom", "height_basis": "osm levels 2 · 100% of this footprint"}, "geometry": {"type": "Polygon", "coordinates": [[[55.1451806, 25.1122251], [55.1450714, 25.1121621], [55.1451369, 25.1120638], [55.145167, 25.1120185], [55.1452595, 25.1120743], [55.1451806, 25.1122251]]]}}, {"type": "Feature", "properties": {"status": "existing", "bHeight": 9.4, "name": "", "levels": "2", "height_source": "osm_geom", "height_basis": "osm levels 2 · 100% of this footprint"}, "geometry": {"type": "Polygon", "coordinates": [[[55.1452979, 25.1122747], [55.1451806, 25.1122251], [55.1452595, 25.1120743], [55.1453582, 25.1121204], [55.1452979, 25.1122747]]]}}, {"type": "Feature", "properties": {"status": "existing", "bHeight": 9.4, "name": "", "levels": "2", "height_source": "osm_geom", "height_basis": "osm levels 2 · 100% of this footprint"}, "geometry": {"type": "Polygon", "coordinates": [[[55.1454199, 25.1123133], [55.1452979, 25.1122747], [55.1453582, 25.1121204], [55.1454625, 25.1121549], [55.1454199, 25.1123133]]]}}, {"type": "Feature", "properties": {"status": "existing", "bHeight": 9.4, "name": "", "levels": "2", "height_source": "osm_geom", "height_basis": "osm levels 2 · 100% of this footprint"}, "geometry": {"type": "Polygon", "coordinates": [[[55.1455465, 25.1123373], [55.1454199, 25.1123133], [55.1454625, 25.1121549], [55.1455701, 25.1121794], [55.1455465, 25.1123373]]]}}, {"type": "Feature", "properties": {"status": "existing", "bHeight": 9.4, "name": "", "levels": "2", "height_source": "osm_geom", "height_basis": "osm levels 2 · 100% of this footprint"}, "geometry": {"type": "Polygon", "coordinates": [[[55.1456752, 25.1123484], [55.1455465, 25.1123373], [55.1455701, 25.1121794], [55.1456802, 25.1121922], [55.1456752, 25.1123484]]]}}, {"type": "Feature", "properties": {"status": "existing", "bHeight": 9.4, "name": "", "levels": "2", "height_source": "osm_geom", "height_basis": "osm levels 2 · 100% of this footprint"}, "geometry": {"type": "Polygon", "coordinates": [[[55.1458045, 25.1123458], [55.1456752, 25.1123484], [55.1456802, 25.1121922], [55.1457913, 25.1121927], [55.1458045, 25.1123458]]]}}, {"type": "Feature", "properties": {"status": "existing", "bHeight": 9.4, "name": "", "levels": "2", "height_source": "osm_geom", "height_basis": "osm levels 2 · 100% of this footprint"}, "geometry": {"type": "Polygon", "coordinates": [[[55.1459326, 25.1123286], [55.1458045, 25.1123458], [55.1457913, 25.1121927], [55.1459017, 25.1121816], [55.1459326, 25.1123286]]]}}, {"type": "Feature", "properties": {"status": "existing", "bHeight": 9.4, "name": "", "levels": "2", "height_source": "osm_geom", "height_basis": "osm levels 2 · 100% of this footprint"}, "geometry": {"type": "Polygon", "coordinates": [[[55.1460573, 25.1122974], [55.1459326, 25.1123286], [55.1459017, 25.1121816], [55.1460097, 25.1121582], [55.1460573, 25.1122974]]]}}, {"type": "Feature", "properties": {"status": "existing", "bHeight": 9.4, "name": "", "levels": "2", "height_source": "osm_geom", "height_basis": "osm levels 2 · 100% of this footprint"}, "geometry": {"type": "Polygon", "coordinates": [[[55.1483507, 25.1144113], [55.1484456, 25.1143419], [55.1483314, 25.1142139], [55.1482365, 25.1142833], [55.1483507, 25.1144113]]]}}, {"type": "Feature", "properties": {"status": "existing", "bHeight": 9.4, "name": "", "levels": "2", "height_source": "osm_geom", "height_basis": "osm levels 2 · 100% of this footprint"}, "geometry": {"type": "Polygon", "coordinates": [[[55.1482558, 25.1144807], [55.1483507, 25.1144113], [55.1482365, 25.1142833], [55.1482286, 25.1142891], [55.1481416, 25.1143527], [55.1482558, 25.1144807]]]}}, {"type": "Feature", "properties": {"status": "existing", "bHeight": 9.4, "name": "", "levels": "2", "height_source": "osm_geom", "height_basis": "osm levels 2 · 100% of this footprint"}, "geometry": {"type": "Polygon", "coordinates": [[[55.1481609, 25.1145501], [55.1482558, 25.1144807], [55.1481416, 25.1143527], [55.1480467, 25.1144221], [55.1481609, 25.1145501]]]}}, {"type": "Feature", "properties": {"status": "existing", "bHeight": 9.4, "name": "", "levels": "2", "height_source": "osm_geom", "height_basis": "osm levels 2 · 100% of this footprint"}, "geometry": {"type": "Polygon", "coordinates": [[[55.148066, 25.1146195], [55.1481609, 25.1145501], [55.1480467, 25.1144221], [55.1479518, 25.1144915], [55.148066, 25.1146195]]]}}, {"type": "Feature", "properties": {"status": "existing", "bHeight": 9.4, "name": "", "levels": "2", "height_source": "osm_geom", "height_basis": "osm levels 2 · 100% of this footprint"}, "geometry": {"type": "Polygon", "coordinates": [[[55.1479711, 25.1146889], [55.148066, 25.1146195], [55.1479518, 25.1144915], [55.1478569, 25.1145609], [55.1479711, 25.1146889]]]}}, {"type": "Feature", "properties": {"status": "existing", "bHeight": 9.4, "name": "", "levels": "2", "height_source": "osm_geom", "height_basis": "osm levels 2 · 100% of this footprint"}, "geometry": {"type": "Polygon", "coordinates": [[[55.1478762, 25.1147583], [55.1479711, 25.1146889], [55.1478569, 25.1145609], [55.147762, 25.1146303], [55.147869, 25.1147502], [55.1478762, 25.1147583]]]}}, {"type": "Feature", "properties": {"status": "existing", "bHeight": 9.4, "name": "", "levels": "2", "height_source": "osm_geom", "height_basis": "osm levels 2 · 100% of this footprint"}, "geometry": {"type": "Polygon", "coordinates": [[[55.1487762, 25.1140945], [55.1488704, 25.1140257], [55.1488598, 25.1140138], [55.1487561, 25.1138972], [55.1486617, 25.1139661], [55.1487762, 25.1140945]]]}}, {"type": "Feature", "properties": {"status": "existing", "bHeight": 9.4, "name": "", "levels": "2", "height_source": "osm_geom", "height_basis": "osm levels 2 · 100% of this footprint"}, "geometry": {"type": "Polygon", "coordinates": [[[55.1486819, 25.1141635], [55.1487762, 25.1140945], [55.1486617, 25.1139661], [55.1485674, 25.1140351], [55.1486819, 25.1141635]]]}}, {"type": "Feature", "properties": {"status": "existing", "bHeight": 9.4, "name": "", "levels": "2", "height_source": "osm_geom", "height_basis": "osm levels 2 · 100% of this footprint"}, "geometry": {"type": "Polygon", "coordinates": [[[55.1485875, 25.1142325], [55.1486819, 25.1141635], [55.1485674, 25.1140351], [55.148473, 25.1141041], [55.1485875, 25.1142325]]]}}, {"type": "Feature", "properties": {"status": "existing", "bHeight": 9.4, "name": "", "levels": "2", "height_source": "osm_geom", "height_basis": "osm levels 2 · 100% of this footprint"}, "geometry": {"type": "Polygon", "coordinates": [[[55.148493, 25.1143016], [55.1485875, 25.1142325], [55.148473, 25.1141041], [55.1483785, 25.1141731], [55.148493, 25.1143016]]]}}, {"type": "Feature", "properties": {"status": "existing", "bHeight": 9.4, "name": "", "levels": "2", "height_source": "osm_geom", "height_basis": "osm levels 2 · 100% of this footprint"}, "geometry": {"type": "Polygon", "coordinates": [[[55.1489126, 25.1139633], [55.148836, 25.1138803], [55.1489808, 25.11377], [55.1490581, 25.1138532], [55.1489126, 25.1139633]]]}}, {"type": "Feature", "properties": {"status": "existing", "bHeight": 9.4, "name": "", "levels": "2", "height_source": "osm_geom", "height_basis": "osm levels 2 · 100% of this footprint"}, "geometry": {"type": "Polygon", "coordinates": [[[55.148836, 25.1138803], [55.1487584, 25.1137961], [55.1489033, 25.1136865], [55.1489808, 25.11377], [55.148836, 25.1138803]]]}}, {"type": "Feature", "properties": {"status": "existing", "bHeight": 9.4, "name": "", "levels": "2", "height_source": "osm_geom", "height_basis": "osm levels 2 · 100% of this footprint"}, "geometry": {"type": "Polygon", "coordinates": [[[55.1476591, 25.1149048], [55.1475842, 25.1148242], [55.147729, 25.1147139], [55.1478041, 25.1147963], [55.1476591, 25.1149048]]]}}, {"type": "Feature", "properties": {"status": "existing", "bHeight": 9.4, "name": "", "levels": "2", "height_source": "osm_geom", "height_basis": "osm levels 2 · 100% of this footprint"}, "geometry": {"type": "Polygon", "coordinates": [[[55.1475842, 25.1148242], [55.1475044, 25.1147382], [55.1476509, 25.1146284], [55.147729, 25.1147139], [55.1475842, 25.1148242]]]}}, {"type": "Feature", "properties": {"status": "existing", "bHeight": 9.4, "name": "", "levels": "2", "height_source": "osm_geom", "height_basis": "osm levels 2 · 100% of this footprint"}, "geometry": {"type": "Polygon", "coordinates": [[[55.1483644, 25.1140458], [55.1482978, 25.1139683], [55.1484417, 25.1138588], [55.1485131, 25.1139361], [55.1483644, 25.1140458]]]}}, {"type": "Feature", "properties": {"status": "existing", "bHeight": 9.4, "name": "", "levels": "2", "height_source": "osm_geom", "height_basis": "osm levels 2 · 100% of this footprint"}, "geometry": {"type": "Polygon", "coordinates": [[[55.1480296, 25.1136794], [55.1479706, 25.1136079], [55.1481118, 25.1135038], [55.1481734, 25.1135699], [55.1480296, 25.1136794]]]}}, {"type": "Feature", "properties": {"status": "existing", "bHeight": 9.4, "name": "", "levels": "2", "height_source": "osm_geom", "height_basis": "osm levels 2 · 100% of this footprint"}, "geometry": {"type": "Polygon", "coordinates": [[[55.1480966, 25.1137516], [55.1480296, 25.1136794], [55.1481734, 25.1135699], [55.1482405, 25.1136421], [55.1480966, 25.1137516]]]}}, {"type": "Feature", "properties": {"status": "existing", "bHeight": 9.4, "name": "", "levels": "2", "height_source": "osm_geom", "height_basis": "osm levels 2 · 100% of this footprint"}, "geometry": {"type": "Polygon", "coordinates": [[[55.1481637, 25.1138239], [55.1480966, 25.1137516], [55.1482405, 25.1136421], [55.1483076, 25.1137144], [55.1481637, 25.1138239]]]}}, {"type": "Feature", "properties": {"status": "existing", "bHeight": 9.4, "name": "", "levels": "2", "height_source": "osm_geom", "height_basis": "osm levels 2 · 100% of this footprint"}, "geometry": {"type": "Polygon", "coordinates": [[[55.1482308, 25.1138961], [55.1481637, 25.1138239], [55.1483076, 25.1137144], [55.1483746, 25.1137866], [55.1482308, 25.1138961]]]}}, {"type": "Feature", "properties": {"status": "existing", "bHeight": 9.4, "name": "", "levels": "2", "height_source": "osm_geom", "height_basis": "osm levels 2 · 100% of this footprint"}, "geometry": {"type": "Polygon", "coordinates": [[[55.1482978, 25.1139683], [55.1482308, 25.1138961], [55.1483746, 25.1137866], [55.1484417, 25.1138588], [55.1482978, 25.1139683]]]}}, {"type": "Feature", "properties": {"status": "existing", "bHeight": 9.4, "name": "", "levels": "2", "height_source": "osm_geom", "height_basis": "osm levels 2 · 100% of this footprint"}, "geometry": {"type": "Polygon", "coordinates": [[[55.1480628, 25.11428], [55.1479982, 25.1142105], [55.148142, 25.114101], [55.1482055, 25.1141729], [55.1480628, 25.11428]]]}}, {"type": "Feature", "properties": {"status": "existing", "bHeight": 9.4, "name": "", "levels": "2", "height_source": "osm_geom", "height_basis": "osm levels 2 · 100% of this footprint"}, "geometry": {"type": "Polygon", "coordinates": [[[55.1477299, 25.1139216], [55.1476608, 25.113847], [55.1478069, 25.1137374], [55.1478738, 25.1138121], [55.1477299, 25.1139216]]]}}, {"type": "Feature", "properties": {"status": "existing", "bHeight": 9.4, "name": "", "levels": "2", "height_source": "osm_geom", "height_basis": "osm levels 2 · 100% of this footprint"}, "geometry": {"type": "Polygon", "coordinates": [[[55.147797, 25.1139938], [55.1477299, 25.1139216], [55.1478738, 25.1138121], [55.1479408, 25.1138843], [55.147797, 25.1139938]]]}}, {"type": "Feature", "properties": {"status": "existing", "bHeight": 9.4, "name": "", "levels": "2", "height_source": "osm_geom", "height_basis": "osm levels 2 · 100% of this footprint"}, "geometry": {"type": "Polygon", "coordinates": [[[55.147864, 25.114066], [55.147797, 25.1139938], [55.1479408, 25.1138843], [55.1480079, 25.1139565], [55.147864, 25.114066]]]}}, {"type": "Feature", "properties": {"status": "existing", "bHeight": 9.4, "name": "", "levels": "2", "height_source": "osm_geom", "height_basis": "osm levels 2 · 100% of this footprint"}, "geometry": {"type": "Polygon", "coordinates": [[[55.1479311, 25.1141382], [55.147864, 25.114066], [55.1480079, 25.1139565], [55.148075, 25.1140287], [55.1479311, 25.1141382]]]}}, {"type": "Feature", "properties": {"status": "existing", "bHeight": 9.4, "name": "", "levels": "2", "height_source": "osm_geom", "height_basis": "osm levels 2 · 100% of this footprint"}, "geometry": {"type": "Polygon", "coordinates": [[[55.1479982, 25.1142105], [55.1479311, 25.1141382], [55.148075, 25.1140287], [55.148142, 25.114101], [55.1479982, 25.1142105]]]}}, {"type": "Feature", "properties": {"status": "existing", "bHeight": 9.4, "name": "", "levels": "2", "height_source": "osm_geom", "height_basis": "osm levels 2 · 100% of this footprint"}, "geometry": {"type": "Polygon", "coordinates": [[[55.1473671, 25.1135266], [55.1472999, 25.1134543], [55.1474438, 25.113345], [55.1475109, 25.1134171], [55.1473671, 25.1135266]]]}}, {"type": "Feature", "properties": {"status": "existing", "bHeight": 9.4, "name": "", "levels": "2", "height_source": "osm_geom", "height_basis": "osm levels 2 · 100% of this footprint"}, "geometry": {"type": "Polygon", "coordinates": [[[55.1474341, 25.1135989], [55.1473671, 25.1135266], [55.1475109, 25.1134171], [55.147578, 25.1134894], [55.1474341, 25.1135989]]]}}, {"type": "Feature", "properties": {"status": "existing", "bHeight": 9.4, "name": "", "levels": "2", "height_source": "osm_geom", "height_basis": "osm levels 2 · 100% of this footprint"}, "geometry": {"type": "Polygon", "coordinates": [[[55.1475012, 25.1136711], [55.1474341, 25.1135989], [55.147578, 25.1134894], [55.147645, 25.1135616], [55.1475012, 25.1136711]]]}}, {"type": "Feature", "properties": {"status": "existing", "bHeight": 9.4, "name": "", "levels": "2", "height_source": "osm_geom", "height_basis": "osm levels 2 · 100% of this footprint"}, "geometry": {"type": "Polygon", "coordinates": [[[55.1475683, 25.1137433], [55.1475012, 25.1136711], [55.147645, 25.1135616], [55.1477121, 25.1136338], [55.1475683, 25.1137433]]]}}, {"type": "Feature", "properties": {"status": "existing", "bHeight": 9.4, "name": "", "levels": "2", "height_source": "osm_geom", "height_basis": "osm levels 2 · 100% of this footprint"}, "geometry": {"type": "Polygon", "coordinates": [[[55.1476349, 25.113815], [55.1475683, 25.1137433], [55.1477121, 25.1136338], [55.1477784, 25.1137059], [55.1476349, 25.113815]]]}}, {"type": "Feature", "properties": {"status": "existing", "bHeight": 9.4, "name": "", "levels": "2", "height_source": "osm_geom", "height_basis": "osm levels 2 · 100% of this footprint"}, "geometry": {"type": "Polygon", "coordinates": [[[55.1476762, 25.1132913], [55.1476066, 25.1132189], [55.1477528, 25.1131093], [55.14782, 25.1131818], [55.1476762, 25.1132913]]]}}, {"type": "Feature", "properties": {"status": "existing", "bHeight": 9.4, "name": "", "levels": "2", "height_source": "osm_geom", "height_basis": "osm levels 2 · 100% of this footprint"}, "geometry": {"type": "Polygon", "coordinates": [[[55.1477433, 25.1133636], [55.1476762, 25.1132913], [55.14782, 25.1131818], [55.1478871, 25.1132541], [55.1477433, 25.1133636]]]}}, {"type": "Feature", "properties": {"status": "existing", "bHeight": 9.4, "name": "", "levels": "2", "height_source": "osm_geom", "height_basis": "osm levels 2 · 100% of this footprint"}, "geometry": {"type": "Polygon", "coordinates": [[[55.1478103, 25.1134358], [55.1477433, 25.1133636], [55.1478871, 25.1132541], [55.1479542, 25.1133263], [55.1478103, 25.1134358]]]}}, {"type": "Feature", "properties": {"status": "existing", "bHeight": 9.4, "name": "", "levels": "2", "height_source": "osm_geom", "height_basis": "osm levels 2 · 100% of this footprint"}, "geometry": {"type": "Polygon", "coordinates": [[[55.1478774, 25.113508], [55.1478103, 25.1134358], [55.1479542, 25.1133263], [55.1480212, 25.1133985], [55.1478774, 25.113508]]]}}, {"type": "Feature", "properties": {"status": "existing", "bHeight": 9.4, "name": "", "levels": "2", "height_source": "osm_geom", "height_basis": "osm levels 2 · 100% of this footprint"}, "geometry": {"type": "Polygon", "coordinates": [[[55.1479437, 25.1135878], [55.1478774, 25.113508], [55.1480212, 25.1133985], [55.148093, 25.113476], [55.1479437, 25.1135878]]]}}, {"type": "Feature", "properties": {"status": "existing", "bHeight": 9.4, "name": "", "levels": "2", "height_source": "osm_geom", "height_basis": "osm levels 2 · 100% of this footprint"}, "geometry": {"type": "Polygon", "coordinates": [[[55.1475618, 25.1128741], [55.1474947, 25.1128019], [55.1476377, 25.1126997], [55.1477056, 25.1127646], [55.1475618, 25.1128741]]]}}, {"type": "Feature", "properties": {"status": "existing", "bHeight": 9.4, "name": "", "levels": "2", "height_source": "osm_geom", "height_basis": "osm levels 2 · 100% of this footprint"}, "geometry": {"type": "Polygon", "coordinates": [[[55.1476289, 25.1129463], [55.1475618, 25.1128741], [55.1477056, 25.1127646], [55.1477727, 25.1128368], [55.1476289, 25.1129463]]]}}, {"type": "Feature", "properties": {"status": "existing", "bHeight": 9.4, "name": "", "levels": "2", "height_source": "osm_geom", "height_basis": "osm levels 2 · 100% of this footprint"}, "geometry": {"type": "Polygon", "coordinates": [[[55.1476959, 25.1130186], [55.1476289, 25.1129463], [55.1477727, 25.1128368], [55.1478398, 25.112909], [55.1476959, 25.1130186]]]}}, {"type": "Feature", "properties": {"status": "existing", "bHeight": 9.4, "name": "", "levels": "2", "height_source": "osm_geom", "height_basis": "osm levels 2 · 100% of this footprint"}, "geometry": {"type": "Polygon", "coordinates": [[[55.1477631, 25.1130908], [55.1476959, 25.1130186], [55.1478398, 25.112909], [55.1478977, 25.1129803], [55.1477631, 25.1130908]]]}}, {"type": "Feature", "properties": {"status": "existing", "bHeight": 9.4, "name": "", "levels": "2", "height_source": "osm_geom", "height_basis": "osm levels 2 · 100% of this footprint"}, "geometry": {"type": "Polygon", "coordinates": [[[55.1469473, 25.1133515], [55.1468714, 25.11327], [55.1469468, 25.1132111], [55.1470192, 25.1131614], [55.1470911, 25.113242], [55.1469473, 25.1133515]]]}}, {"type": "Feature", "properties": {"status": "existing", "bHeight": 9.4, "name": "", "levels": "2", "height_source": "osm_geom", "height_basis": "osm levels 2 · 100% of this footprint"}, "geometry": {"type": "Polygon", "coordinates": [[[55.1470144, 25.1134237], [55.1469473, 25.1133515], [55.1470911, 25.113242], [55.1471582, 25.1133142], [55.1470144, 25.1134237]]]}}, {"type": "Feature", "properties": {"status": "existing", "bHeight": 9.4, "name": "", "levels": "2", "height_source": "osm_geom", "height_basis": "osm levels 2 · 100% of this footprint"}, "geometry": {"type": "Polygon", "coordinates": [[[55.1470814, 25.113496], [55.1470144, 25.1134237], [55.1471582, 25.1133142], [55.1472253, 25.1133865], [55.1470814, 25.113496]]]}}, {"type": "Feature", "properties": {"status": "existing", "bHeight": 9.4, "name": "", "levels": "2", "height_source": "osm_geom", "height_basis": "osm levels 2 · 100% of this footprint"}, "geometry": {"type": "Polygon", "coordinates": [[[55.1471483, 25.113572], [55.1470814, 25.113496], [55.1472253, 25.1133865], [55.1472921, 25.1134602], [55.1471483, 25.113572]]]}}, {"type": "Feature", "properties": {"status": "existing", "bHeight": 9.4, "name": "", "levels": "2", "height_source": "osm_geom", "height_basis": "osm levels 2 · 100% of this footprint"}, "geometry": {"type": "Polygon", "coordinates": [[[55.1470699, 25.112625], [55.1470107, 25.1125534], [55.1471512, 25.1124482], [55.1472137, 25.1125155], [55.1470699, 25.112625]]]}}, {"type": "Feature", "properties": {"status": "existing", "bHeight": 9.4, "name": "", "levels": "2", "height_source": "osm_geom", "height_basis": "osm levels 2 · 100% of this footprint"}, "geometry": {"type": "Polygon", "coordinates": [[[55.147137, 25.1126972], [55.1470699, 25.112625], [55.1472137, 25.1125155], [55.1472808, 25.1125877], [55.147137, 25.1126972]]]}}, {"type": "Feature", "properties": {"status": "existing", "bHeight": 9.4, "name": "", "levels": "2", "height_source": "osm_geom", "height_basis": "osm levels 2 · 100% of this footprint"}, "geometry": {"type": "Polygon", "coordinates": [[[55.147204, 25.1127694], [55.147137, 25.1126972], [55.1472808, 25.1125877], [55.1473479, 25.1126599], [55.147204, 25.1127694]]]}}, {"type": "Feature", "properties": {"status": "existing", "bHeight": 9.4, "name": "", "levels": "2", "height_source": "osm_geom", "height_basis": "osm levels 2 · 100% of this footprint"}, "geometry": {"type": "Polygon", "coordinates": [[[55.1472711, 25.1128417], [55.147204, 25.1127694], [55.1473479, 25.1126599], [55.1474149, 25.1127322], [55.1472711, 25.1128417]]]}}, {"type": "Feature", "properties": {"status": "existing", "bHeight": 9.4, "name": "", "levels": "2", "height_source": "osm_geom", "height_basis": "osm levels 2 · 100% of this footprint"}, "geometry": {"type": "Polygon", "coordinates": [[[55.1473384, 25.112912], [55.1472711, 25.1128417], [55.1474149, 25.1127322], [55.147482, 25.1128044], [55.1473384, 25.112912]]]}}, {"type": "Feature", "properties": {"status": "existing", "bHeight": 9.4, "name": "", "levels": "2", "height_source": "osm_geom", "height_basis": "osm levels 2 · 100% of this footprint"}, "geometry": {"type": "Polygon", "coordinates": [[[55.1467778, 25.1128534], [55.1467157, 25.1127861], [55.1468539, 25.1126793], [55.1469217, 25.1127439], [55.1467778, 25.1128534]]]}}, {"type": "Feature", "properties": {"status": "existing", "bHeight": 9.4, "name": "", "levels": "2", "height_source": "osm_geom", "height_basis": "osm levels 2 · 100% of this footprint"}, "geometry": {"type": "Polygon", "coordinates": [[[55.1468449, 25.1129256], [55.1467778, 25.1128534], [55.1469217, 25.1127439], [55.1469887, 25.1128161], [55.1468449, 25.1129256]]]}}, {"type": "Feature", "properties": {"status": "existing", "bHeight": 9.4, "name": "", "levels": "2", "height_source": "osm_geom", "height_basis": "osm levels 2 · 100% of this footprint"}, "geometry": {"type": "Polygon", "coordinates": [[[55.146912, 25.1129978], [55.1468449, 25.1129256], [55.1469887, 25.1128161], [55.1470558, 25.1128883], [55.146912, 25.1129978]]]}}, {"type": "Feature", "properties": {"status": "existing", "bHeight": 9.4, "name": "", "levels": "2", "height_source": "osm_geom", "height_basis": "osm levels 2 · 100% of this footprint"}, "geometry": {"type": "Polygon", "coordinates": [[[55.146979, 25.1130701], [55.146912, 25.1129978], [55.1470558, 25.1128883], [55.1471229, 25.1129606], [55.146979, 25.1130701]]]}}, {"type": "Feature", "properties": {"status": "existing", "bHeight": 9.4, "name": "", "levels": "2", "height_source": "osm_geom", "height_basis": "osm levels 2 · 100% of this footprint"}, "geometry": {"type": "Polygon", "coordinates": [[[55.1470455, 25.1131416], [55.146979, 25.1130701], [55.1471229, 25.1129606], [55.1471867, 25.1130326], [55.1470455, 25.1131416]]]}}, {"type": "Feature", "properties": {"status": "existing", "bHeight": 9.4, "name": "", "levels": "2", "height_source": "osm_geom", "height_basis": "osm levels 2 · 100% of this footprint"}, "geometry": {"type": "Polygon", "coordinates": [[[55.146978, 25.1125355], [55.1469114, 25.1124588], [55.1470553, 25.1123493], [55.1471256, 25.1124252], [55.146978, 25.1125355]]]}}, {"type": "Feature", "properties": {"status": "existing", "bHeight": 9.4, "name": "", "levels": "2", "height_source": "osm_geom", "height_basis": "osm levels 2 · 100% of this footprint"}, "geometry": {"type": "Polygon", "coordinates": [[[55.1466432, 25.1121699], [55.1465789, 25.1120979], [55.1467222, 25.1119907], [55.146787, 25.1120604], [55.1466432, 25.1121699]]]}}, {"type": "Feature", "properties": {"status": "existing", "bHeight": 9.4, "name": "", "levels": "2", "height_source": "osm_geom", "height_basis": "osm levels 2 · 100% of this footprint"}, "geometry": {"type": "Polygon", "coordinates": [[[55.1467102, 25.1122421], [55.1466432, 25.1121699], [55.146787, 25.1120604], [55.1468541, 25.1121326], [55.1467102, 25.1122421]]]}}, {"type": "Feature", "properties": {"status": "existing", "bHeight": 9.4, "name": "", "levels": "2", "height_source": "osm_geom", "height_basis": "osm levels 2 · 100% of this footprint"}, "geometry": {"type": "Polygon", "coordinates": [[[55.1467773, 25.1123143], [55.1467102, 25.1122421], [55.1468541, 25.1121326], [55.1469211, 25.1122048], [55.1467773, 25.1123143]]]}}, {"type": "Feature", "properties": {"status": "existing", "bHeight": 9.4, "name": "", "levels": "2", "height_source": "osm_geom", "height_basis": "osm levels 2 · 100% of this footprint"}, "geometry": {"type": "Polygon", "coordinates": [[[55.1468444, 25.1123866], [55.1467773, 25.1123143], [55.1469211, 25.1122048], [55.1469882, 25.1122771], [55.1468444, 25.1123866]]]}}, {"type": "Feature", "properties": {"status": "existing", "bHeight": 9.4, "name": "", "levels": "2", "height_source": "osm_geom", "height_basis": "osm levels 2 · 100% of this footprint"}, "geometry": {"type": "Polygon", "coordinates": [[[55.1469114, 25.1124588], [55.1468444, 25.1123866], [55.1469882, 25.1122771], [55.1470553, 25.1123493], [55.1469114, 25.1124588]]]}}, {"type": "Feature", "properties": {"status": "existing", "bHeight": 9.4, "name": "", "levels": "2", "height_source": "osm_geom", "height_basis": "osm levels 2 · 100% of this footprint"}, "geometry": {"type": "Polygon", "coordinates": [[[55.14635, 25.1123915], [55.1462834, 25.1123197], [55.1464267, 25.1122103], [55.1464939, 25.112282], [55.14635, 25.1123915]]]}}, {"type": "Feature", "properties": {"status": "existing", "bHeight": 9.4, "name": "", "levels": "2", "height_source": "osm_geom", "height_basis": "osm levels 2 · 100% of this footprint"}, "geometry": {"type": "Polygon", "coordinates": [[[55.1464171, 25.1124637], [55.14635, 25.1123915], [55.1464939, 25.112282], [55.1465609, 25.1123542], [55.1464171, 25.1124637]]]}}, {"type": "Feature", "properties": {"status": "existing", "bHeight": 9.4, "name": "", "levels": "2", "height_source": "osm_geom", "height_basis": "osm levels 2 · 100% of this footprint"}, "geometry": {"type": "Polygon", "coordinates": [[[55.1464841, 25.1125359], [55.1464171, 25.1124637], [55.1465609, 25.1123542], [55.146628, 25.1124264], [55.1464841, 25.1125359]]]}}, {"type": "Feature", "properties": {"status": "existing", "bHeight": 9.4, "name": "", "levels": "2", "height_source": "osm_geom", "height_basis": "osm levels 2 · 100% of this footprint"}, "geometry": {"type": "Polygon", "coordinates": [[[55.1465512, 25.1126081], [55.1464841, 25.1125359], [55.146628, 25.1124264], [55.1466951, 25.1124986], [55.1465512, 25.1126081]]]}}, {"type": "Feature", "properties": {"status": "existing", "bHeight": 9.4, "name": "", "levels": "2", "height_source": "osm_geom", "height_basis": "osm levels 2 · 100% of this footprint"}, "geometry": {"type": "Polygon", "coordinates": [[[55.1466183, 25.1126804], [55.1465512, 25.1126081], [55.1466951, 25.1124986], [55.1467621, 25.1125709], [55.1466183, 25.1126804]]]}}, {"type": "Feature", "properties": {"status": "existing", "bHeight": 9.4, "name": "", "levels": "2", "height_source": "osm_geom", "height_basis": "osm levels 2 · 100% of this footprint"}, "geometry": {"type": "Polygon", "coordinates": [[[55.1466855, 25.1127528], [55.1466183, 25.1126804], [55.1467621, 25.1125709], [55.1468292, 25.1126431], [55.1466855, 25.1127528]]]}}, {"type": "Feature", "properties": {"status": "existing", "bHeight": 38.2, "name": "Azure Residences", "levels": "11", "height_source": "osm_geom", "height_basis": "osm levels 11 · 100% of this footprint"}, "geometry": {"type": "Polygon", "coordinates": [[[55.1524333, 25.1072376], [55.1530783, 25.1072363], [55.1530778, 25.1070541], [55.1528323, 25.1070546], [55.152832, 25.1069509], [55.1527655, 25.106951], [55.1527637, 25.1062871], [55.1525899, 25.1062875], [55.1525919, 25.1070578], [55.1524329, 25.1070581], [55.1524331, 25.1071424], [55.1524333, 25.1072376]]]}}, {"type": "Feature", "properties": {"status": "existing", "bHeight": 12.0, "name": "", "levels": ""}, "geometry": {"type": "Polygon", "coordinates": [[[55.1295003, 25.127106], [55.1294623, 25.1269688], [55.129702, 25.1269144], [55.12974, 25.1270515], [55.1295003, 25.127106]]]}}, {"type": "Feature", "properties": {"status": "existing", "bHeight": 12.0, "name": "", "levels": ""}, "geometry": {"type": "Polygon", "coordinates": [[[55.129454, 25.1269448], [55.129416, 25.1268076], [55.1296266, 25.1267598], [55.1296646, 25.126897], [55.129454, 25.1269448]]]}}, {"type": "Feature", "properties": {"status": "existing", "bHeight": 12.0, "name": "", "levels": ""}, "geometry": {"type": "Polygon", "coordinates": [[[55.1294122, 25.1267822], [55.1293741, 25.1266451], [55.1295866, 25.1265967], [55.1296246, 25.1267339], [55.1294122, 25.1267822]]]}}, {"type": "Feature", "properties": {"status": "existing", "bHeight": 12.0, "name": "", "levels": ""}, "geometry": {"type": "Polygon", "coordinates": [[[55.1293677, 25.126609], [55.1293297, 25.1264719], [55.1295591, 25.1264197], [55.1295971, 25.1265569], [55.1293677, 25.126609]]]}}, {"type": "Feature", "properties": {"status": "existing", "bHeight": 12.0, "name": "", "levels": ""}, "geometry": {"type": "Polygon", "coordinates": [[[55.1290844, 25.1252837], [55.1290667, 25.1251514], [55.1293026, 25.1251255], [55.1293203, 25.1252579], [55.1290844, 25.1252837]]]}}, {"type": "Feature", "properties": {"status": "existing", "bHeight": 12.0, "name": "", "levels": ""}, "geometry": {"type": "Polygon", "coordinates": [[[55.1290555, 25.1251182], [55.1290378, 25.1249858], [55.1292758, 25.1249598], [55.1292935, 25.1250921], [55.1290555, 25.1251182]]]}}, {"type": "Feature", "properties": {"status": "existing", "bHeight": 12.0, "name": "", "levels": ""}, "geometry": {"type": "Polygon", "coordinates": [[[55.1290239, 25.1249525], [55.1290062, 25.1248202], [55.1292461, 25.1247939], [55.1292638, 25.1249263], [55.1290239, 25.1249525]]]}}, {"type": "Feature", "properties": {"status": "existing", "bHeight": 12.0, "name": "", "levels": ""}, "geometry": {"type": "Polygon", "coordinates": [[[55.1289981, 25.1247933], [55.1289804, 25.1246609], [55.1292232, 25.1246344], [55.1292409, 25.1247667], [55.1289981, 25.1247933]]]}}, {"type": "Feature", "properties": {"status": "existing", "bHeight": 12.0, "name": "", "levels": ""}, "geometry": {"type": "Polygon", "coordinates": [[[55.1289744, 25.1246302], [55.1289567, 25.1244979], [55.1291772, 25.1244738], [55.1291949, 25.1246061], [55.1289744, 25.1246302]]]}}, {"type": "Feature", "properties": {"status": "existing", "bHeight": 12.0, "name": "", "levels": ""}, "geometry": {"type": "Polygon", "coordinates": [[[55.1289579, 25.1244574], [55.1289402, 25.1243251], [55.1291755, 25.1242995], [55.1291932, 25.1244318], [55.1289579, 25.1244574]]]}}, {"type": "Feature", "properties": {"status": "existing", "bHeight": 12.0, "name": "", "levels": ""}, "geometry": {"type": "Polygon", "coordinates": [[[55.1296038, 25.1251307], [55.1295843, 25.1249936], [55.1297799, 25.1249707], [55.1297994, 25.1251078], [55.1296038, 25.1251307]]]}}, {"type": "Feature", "properties": {"status": "existing", "bHeight": 12.0, "name": "", "levels": ""}, "geometry": {"type": "Polygon", "coordinates": [[[55.1295888, 25.1249643], [55.1295662, 25.1248056], [55.1296491, 25.1247959], [55.1296531, 25.1248237], [55.1297658, 25.1248105], [55.1297844, 25.1249415], [55.1295888, 25.1249643]]]}}, {"type": "Feature", "properties": {"status": "existing", "bHeight": 12.0, "name": "", "levels": ""}, "geometry": {"type": "Polygon", "coordinates": [[[55.1295618, 25.1247914], [55.1295422, 25.1246543], [55.1295398, 25.1246386], [55.1296241, 25.1246278], [55.1296265, 25.1246434], [55.1297378, 25.1246314], [55.1297574, 25.1247685], [55.1295618, 25.1247914]]]}}, {"type": "Feature", "properties": {"status": "existing", "bHeight": 12.0, "name": "", "levels": ""}, "geometry": {"type": "Polygon", "coordinates": [[[55.129531, 25.1246316], [55.1295092, 25.1244789], [55.1295933, 25.1244691], [55.1295959, 25.124488], [55.1297075, 25.1244749], [55.1297266, 25.1246087], [55.129531, 25.1246316]]]}}, {"type": "Feature", "properties": {"status": "existing", "bHeight": 12.0, "name": "", "levels": ""}, "geometry": {"type": "Polygon", "coordinates": [[[55.1289081, 25.1239202], [55.1288924, 25.1237715], [55.1291059, 25.1237655], [55.1291216, 25.1239105], [55.1289081, 25.1239202]]]}}, {"type": "Feature", "properties": {"status": "existing", "bHeight": 12.0, "name": "", "levels": ""}, "geometry": {"type": "Polygon", "coordinates": [[[55.1288867, 25.123757], [55.1288735, 25.1236069], [55.129101, 25.1235906], [55.1291141, 25.1237407], [55.1288867, 25.123757]]]}}, {"type": "Feature", "properties": {"status": "existing", "bHeight": 12.0, "name": "", "levels": ""}, "geometry": {"type": "Polygon", "coordinates": [[[55.1288788, 25.1235762], [55.1288689, 25.1234406], [55.12907, 25.1234287], [55.1290798, 25.1235642], [55.1288788, 25.1235762]]]}}, {"type": "Feature", "properties": {"status": "existing", "bHeight": 12.0, "name": "", "levels": ""}, "geometry": {"type": "Polygon", "coordinates": [[[55.1288752, 25.1234068], [55.1288654, 25.1232712], [55.1290664, 25.1232593], [55.1290763, 25.1233948], [55.1288752, 25.1234068]]]}}, {"type": "Feature", "properties": {"status": "existing", "bHeight": 12.0, "name": "", "levels": ""}, "geometry": {"type": "Polygon", "coordinates": [[[55.1288576, 25.1232384], [55.1288477, 25.1231028], [55.1290488, 25.1230909], [55.1290586, 25.1232264], [55.1288576, 25.1232384]]]}}, {"type": "Feature", "properties": {"status": "existing", "bHeight": 12.0, "name": "", "levels": ""}, "geometry": {"type": "Polygon", "coordinates": [[[55.1288507, 25.1230679], [55.1288409, 25.1229323], [55.129042, 25.1229204], [55.1290518, 25.1230559], [55.1288507, 25.1230679]]]}}, {"type": "Feature", "properties": {"status": "existing", "bHeight": 12.0, "name": "", "levels": ""}, "geometry": {"type": "Polygon", "coordinates": [[[55.1288443, 25.1229121], [55.1288345, 25.1227766], [55.1290355, 25.1227646], [55.1290454, 25.1229001], [55.1288443, 25.1229121]]]}}, {"type": "Feature", "properties": {"status": "existing", "bHeight": 12.0, "name": "", "levels": ""}, "geometry": {"type": "Polygon", "coordinates": [[[55.1293833, 25.1230682], [55.1293799, 25.1229255], [55.1295757, 25.1229216], [55.1295792, 25.1230643], [55.1293833, 25.1230682]]]}}, {"type": "Feature", "properties": {"status": "existing", "bHeight": 12.0, "name": "", "levels": ""}, "geometry": {"type": "Polygon", "coordinates": [[[55.1293754, 25.1229023], [55.129372, 25.1227597], [55.1295678, 25.1227558], [55.1295713, 25.1228985], [55.1293754, 25.1229023]]]}}, {"type": "Feature", "properties": {"status": "existing", "bHeight": 12.0, "name": "", "levels": ""}, "geometry": {"type": "Polygon", "coordinates": [[[55.1293864, 25.1227376], [55.129383, 25.122595], [55.1295789, 25.1225911], [55.1295823, 25.1227338], [55.1293864, 25.1227376]]]}}, {"type": "Feature", "properties": {"status": "existing", "bHeight": 12.0, "name": "", "levels": ""}, "geometry": {"type": "Polygon", "coordinates": [[[55.1293531, 25.122574], [55.1293497, 25.1224313], [55.1295616, 25.1224271], [55.129565, 25.1225698], [55.1293531, 25.122574]]]}}, {"type": "Feature", "properties": {"status": "existing", "bHeight": 12.0, "name": "", "levels": ""}, "geometry": {"type": "Polygon", "coordinates": [[[55.1293637, 25.1224093], [55.1293598, 25.1222459], [55.1295668, 25.1222418], [55.1295707, 25.1224053], [55.1293637, 25.1224093]]]}}, {"type": "Feature", "properties": {"status": "existing", "bHeight": 12.0, "name": "", "levels": ""}, "geometry": {"type": "Polygon", "coordinates": [[[55.1293698, 25.1222335], [55.1293662, 25.1220803], [55.129562, 25.1220765], [55.1295656, 25.1222296], [55.1293698, 25.1222335]]]}}, {"type": "Feature", "properties": {"status": "existing", "bHeight": 12.0, "name": "", "levels": ""}, "geometry": {"type": "Polygon", "coordinates": [[[55.1293587, 25.1220687], [55.1293592, 25.1219242], [55.1295657, 25.1219248], [55.1295653, 25.1220693], [55.1293587, 25.1220687]]]}}, {"type": "Feature", "properties": {"status": "existing", "bHeight": 9.4, "name": "", "levels": "2", "height_source": "osm_geom", "height_basis": "osm levels 2 · 100% of this footprint"}, "geometry": {"type": "Polygon", "coordinates": [[[55.1279959, 25.1227252], [55.1279318, 25.1225778], [55.1280119, 25.1225494], [55.1280386, 25.1226107], [55.12811, 25.1225853], [55.1281473, 25.1226713], [55.1280953, 25.1226898], [55.1281066, 25.1227158], [55.1280563, 25.1227337], [55.128045, 25.1227077], [55.1279959, 25.1227252]]]}}, {"type": "Feature", "properties": {"status": "existing", "bHeight": 9.4, "name": "", "levels": "2", "height_source": "osm_geom", "height_basis": "osm levels 2 · 100% of this footprint"}, "geometry": {"type": "Polygon", "coordinates": [[[55.1281366, 25.1226082], [55.1280753, 25.122467], [55.1281563, 25.1224381], [55.1281693, 25.122468], [55.1282363, 25.1224441], [55.1283087, 25.1226108], [55.1282354, 25.1226369], [55.1282252, 25.1226134], [55.1281834, 25.1226283], [55.1281695, 25.1225965], [55.1281366, 25.1226082]]]}}, {"type": "Feature", "properties": {"status": "existing", "bHeight": 12.0, "name": "", "levels": ""}, "geometry": {"type": "Polygon", "coordinates": [[[55.1275307, 25.1220618], [55.1273907, 25.1219657], [55.1274886, 25.1218486], [55.1275936, 25.1219207], [55.1275359, 25.1219897], [55.1275709, 25.1220137], [55.1275307, 25.1220618]]]}}, {"type": "Feature", "properties": {"status": "existing", "bHeight": 12.0, "name": "", "levels": ""}, "geometry": {"type": "Polygon", "coordinates": [[[55.1276618, 25.121964], [55.1275218, 25.1218679], [55.1276197, 25.1217509], [55.1277247, 25.121823], [55.127667, 25.1218919], [55.127702, 25.121916], [55.1276618, 25.121964]]]}}, {"type": "Feature", "properties": {"status": "existing", "bHeight": 12.0, "name": "", "levels": ""}, "geometry": {"type": "Polygon", "coordinates": [[[55.1278027, 25.121862], [55.1276626, 25.1217659], [55.1277606, 25.1216489], [55.1278656, 25.1217209], [55.1278079, 25.1217899], [55.1278429, 25.1218139], [55.1278027, 25.121862]]]}}, {"type": "Feature", "properties": {"status": "existing", "bHeight": 12.0, "name": "", "levels": ""}, "geometry": {"type": "Polygon", "coordinates": [[[55.1279461, 25.1217646], [55.127806, 25.1216685], [55.127904, 25.1215515], [55.128009, 25.1216235], [55.1279513, 25.1216925], [55.1279863, 25.1217165], [55.1279461, 25.1217646]]]}}, {"type": "Feature", "properties": {"status": "existing", "bHeight": 12.0, "name": "", "levels": ""}, "geometry": {"type": "Polygon", "coordinates": [[[55.128069, 25.1216533], [55.127929, 25.1215572], [55.1280269, 25.1214402], [55.1281319, 25.1215122], [55.1280742, 25.1215812], [55.1281092, 25.1216052], [55.128069, 25.1216533]]]}}, {"type": "Feature", "properties": {"status": "existing", "bHeight": 12.0, "name": "", "levels": ""}, "geometry": {"type": "Polygon", "coordinates": [[[55.1259322, 25.120916], [55.1260098, 25.1206996], [55.1261642, 25.120745], [55.1260865, 25.1209615], [55.1259322, 25.120916]]]}}, {"type": "Feature", "properties": {"status": "existing", "bHeight": 12.0, "name": "", "levels": ""}, "geometry": {"type": "Polygon", "coordinates": [[[55.1257667, 25.1208682], [55.1257919, 25.1207977], [55.1257792, 25.120794], [55.1258319, 25.120647], [55.125988, 25.1206929], [55.1259144, 25.1208979], [55.1258361, 25.1208749], [55.1258316, 25.1208873], [55.1257667, 25.1208682]]]}}, {"type": "Feature", "properties": {"status": "existing", "bHeight": 12.0, "name": "", "levels": ""}, "geometry": {"type": "Polygon", "coordinates": [[[55.1255803, 25.1208222], [55.1256606, 25.1205984], [55.1258184, 25.1206448], [55.1257433, 25.1208545], [55.1256445, 25.1208258], [55.1256394, 25.1208398], [55.1255803, 25.1208222]]]}}, {"type": "Feature", "properties": {"status": "existing", "bHeight": 12.0, "name": "", "levels": ""}, "geometry": {"type": "Polygon", "coordinates": [[[55.1254024, 25.1207797], [55.1254852, 25.120549], [55.1256488, 25.1205972], [55.125566, 25.1208278], [55.1255439, 25.1208213], [55.1255524, 25.1207986], [55.1254742, 25.1207747], [55.1254658, 25.1207973], [55.1254024, 25.1207797]]]}}, {"type": "Feature", "properties": {"status": "existing", "bHeight": 12.0, "name": "", "levels": ""}, "geometry": {"type": "Polygon", "coordinates": [[[55.1241415, 25.1203545], [55.1242324, 25.120132], [55.1243146, 25.1201595], [55.1243048, 25.1201835], [55.1243839, 25.1202099], [55.1243574, 25.1202746], [55.1243306, 25.1202656], [55.1242759, 25.1203995], [55.1241415, 25.1203545]]]}}, {"type": "Feature", "properties": {"status": "existing", "bHeight": 12.0, "name": "", "levels": ""}, "geometry": {"type": "Polygon", "coordinates": [[[55.123972, 25.1202908], [55.124069, 25.1200649], [55.1241538, 25.1200947], [55.1241359, 25.1201365], [55.1241833, 25.1201532], [55.1241042, 25.1203374], [55.123972, 25.1202908]]]}}, {"type": "Feature", "properties": {"status": "existing", "bHeight": 12.0, "name": "", "levels": ""}, "geometry": {"type": "Polygon", "coordinates": [[[55.1238013, 25.1202277], [55.1238805, 25.1200435], [55.1240127, 25.1200901], [55.1239335, 25.1202743], [55.1238013, 25.1202277]]]}}, {"type": "Feature", "properties": {"status": "existing", "bHeight": 12.0, "name": "", "levels": ""}, "geometry": {"type": "Polygon", "coordinates": [[[55.1236312, 25.120168], [55.1237267, 25.1199455], [55.1238328, 25.1199829], [55.123812, 25.1200313], [55.1238382, 25.1200405], [55.1237634, 25.1202146], [55.1236312, 25.120168]]]}}, {"type": "Feature", "properties": {"status": "existing", "bHeight": 12.0, "name": "", "levels": ""}, "geometry": {"type": "Polygon", "coordinates": [[[55.1234581, 25.1200952], [55.1235561, 25.1198953], [55.1237165, 25.1199516], [55.1236808, 25.1200293], [55.1236559, 25.1200214], [55.1236032, 25.1201509], [55.1234581, 25.1200952]]]}}, {"type": "Feature", "properties": {"status": "existing", "bHeight": 12.0, "name": "", "levels": ""}, "geometry": {"type": "Polygon", "coordinates": [[[55.1232885, 25.1200274], [55.1233831, 25.1198361], [55.1235408, 25.1199], [55.1234957, 25.1199912], [55.1234849, 25.1199868], [55.1234424, 25.1200727], [55.12336, 25.1200393], [55.1233529, 25.1200535], [55.1232885, 25.1200274]]]}}, {"type": "Feature", "properties": {"status": "existing", "bHeight": 12.0, "name": "", "levels": ""}, "geometry": {"type": "Polygon", "coordinates": [[[55.1240275, 25.119729], [55.1240972, 25.1195889], [55.1241422, 25.1196073], [55.1241518, 25.1195879], [55.1242424, 25.1196249], [55.124152, 25.1198067], [55.1240524, 25.1197661], [55.1240636, 25.1197437], [55.1240275, 25.119729]]]}}, {"type": "Feature", "properties": {"status": "existing", "bHeight": 12.0, "name": "", "levels": ""}, "geometry": {"type": "Polygon", "coordinates": [[[55.1238555, 25.119699], [55.123852, 25.1196976], [55.1239371, 25.1195268], [55.124067, 25.1195798], [55.1239765, 25.1197616], [55.1239128, 25.1197373], [55.1239182, 25.1197263], [55.1238555, 25.119699]]]}}, {"type": "Feature", "properties": {"status": "existing", "bHeight": 12.0, "name": "", "levels": ""}, "geometry": {"type": "Polygon", "coordinates": [[[55.1237215, 25.1196079], [55.1236965, 25.1195984], [55.1237701, 25.1194395], [55.1239056, 25.1194909], [55.1238199, 25.1196762], [55.1237093, 25.1196342], [55.1237215, 25.1196079]]]}}, {"type": "Feature", "properties": {"status": "existing", "bHeight": 12.0, "name": "", "levels": ""}, "geometry": {"type": "Polygon", "coordinates": [[[55.1235165, 25.1195539], [55.12351, 25.1195512], [55.1235886, 25.1193933], [55.1235951, 25.1193959], [55.1236014, 25.1193987], [55.1236321, 25.1194112], [55.1236404, 25.1193946], [55.1237361, 25.1194337], [55.1236373, 25.1196321], [55.1235668, 25.1196049], [55.1235786, 25.1195811], [55.1235165, 25.1195539]]]}}, {"type": "Feature", "properties": {"status": "existing", "bHeight": 12.0, "name": "", "levels": ""}, "geometry": {"type": "Polygon", "coordinates": [[[55.1228458, 25.119775], [55.122811, 25.1197598], [55.1227829, 25.1197938], [55.1226957, 25.1197573], [55.1227199, 25.1197233], [55.1226796, 25.1197015], [55.1226981, 25.1196694], [55.1226622, 25.1196505], [55.1226246, 25.1196833], [55.1225502, 25.1196198], [55.1226527, 25.1195119], [55.1227306, 25.1195764], [55.1228164, 25.1196189], [55.1228379, 25.1195825], [55.1229202, 25.1196221], [55.1228458, 25.119775]]]}}, {"type": "Feature", "properties": {"status": "existing", "bHeight": 12.0, "name": "", "levels": ""}, "geometry": {"type": "Polygon", "coordinates": [[[55.1224539, 25.1196836], [55.1223497, 25.1196335], [55.1223443, 25.119608], [55.1222317, 25.1195594], [55.1222223, 25.1195716], [55.1221653, 25.119546], [55.1222793, 25.1193396], [55.1225147, 25.1194465], [55.1224932, 25.1194853], [55.1225503, 25.1195112], [55.1224539, 25.1196836]]]}}, {"type": "Feature", "properties": {"status": "existing", "bHeight": 12.0, "name": "", "levels": ""}, "geometry": {"type": "Polygon", "coordinates": [[[55.1220089, 25.1194698], [55.1221233, 25.1192588], [55.1221918, 25.1192892], [55.1221781, 25.1193144], [55.122233, 25.1193388], [55.1221322, 25.1195246], [55.1220089, 25.1194698]]]}}, {"type": "Feature", "properties": {"status": "existing", "bHeight": 12.0, "name": "", "levels": ""}, "geometry": {"type": "Polygon", "coordinates": [[[55.1218538, 25.1193874], [55.1218847, 25.1193319], [55.1218834, 25.1193058], [55.1219455, 25.1191941], [55.1221009, 25.1192658], [55.1219932, 25.1194432], [55.1219259, 25.1194016], [55.1219098, 25.1194149], [55.1218538, 25.1193874]]]}}, {"type": "Feature", "properties": {"status": "existing", "bHeight": 12.0, "name": "", "levels": ""}, "geometry": {"type": "Polygon", "coordinates": [[[55.1206738, 25.1187762], [55.1208086, 25.1185934], [55.1209367, 25.118671], [55.1208282, 25.1188181], [55.1208467, 25.1188292], [55.1208151, 25.118872], [55.1207719, 25.1188458], [55.1207771, 25.1188387], [55.1206738, 25.1187762]]]}}, {"type": "Feature", "properties": {"status": "existing", "bHeight": 12.0, "name": "", "levels": ""}, "geometry": {"type": "Polygon", "coordinates": [[[55.120517, 25.118683], [55.120654, 25.1184975], [55.120793, 25.1185816], [55.1207724, 25.1186095], [55.1207431, 25.1186487], [55.1207294, 25.1186405], [55.1206423, 25.1187589], [55.120517, 25.118683]]]}}, {"type": "Feature", "properties": {"status": "existing", "bHeight": 12.0, "name": "", "levels": ""}, "geometry": {"type": "Polygon", "coordinates": [[[55.1203643, 25.1185945], [55.1205021, 25.1184078], [55.1206411, 25.1184919], [55.1205033, 25.1186786], [55.1203643, 25.1185945]]]}}, {"type": "Feature", "properties": {"status": "existing", "bHeight": 12.0, "name": "", "levels": ""}, "geometry": {"type": "Polygon", "coordinates": [[[55.1202033, 25.1185097], [55.1203184, 25.1183537], [55.1204453, 25.1184303], [55.1203302, 25.1185864], [55.1202033, 25.1185097]]]}}, {"type": "Feature", "properties": {"status": "existing", "bHeight": 12.0, "name": "", "levels": ""}, "geometry": {"type": "Polygon", "coordinates": [[[55.1201695, 25.118444], [55.1201179, 25.1184115], [55.1200814, 25.1183885], [55.1200979, 25.1183671], [55.1200492, 25.1183364], [55.120034, 25.1183561], [55.1199963, 25.1183324], [55.1199352, 25.1182938], [55.1199959, 25.1182149], [55.1199761, 25.1182025], [55.120072, 25.1180779], [55.1201505, 25.1181274], [55.1200784, 25.1182212], [55.1201756, 25.1182825], [55.1202179, 25.1182275], [55.1203097, 25.1182854], [55.1202621, 25.1183472], [55.1202499, 25.1183395], [55.1201695, 25.118444]]]}}, {"type": "Feature", "properties": {"status": "existing", "bHeight": 12.0, "name": "", "levels": ""}, "geometry": {"type": "Polygon", "coordinates": [[[55.1199389, 25.1181592], [55.1198673, 25.1182571], [55.119815, 25.1182328], [55.1197795, 25.1181946], [55.1197902, 25.1181806], [55.1197419, 25.1181496], [55.1197265, 25.1181648], [55.1196789, 25.1181448], [55.119634, 25.1180994], [55.1196916, 25.1180246], [55.1196742, 25.1180112], [55.1197124, 25.1179614], [55.1197379, 25.1179723], [55.1197938, 25.1179013], [55.1198506, 25.1179377], [55.1197748, 25.1180452], [55.119872, 25.1181065], [55.1199096, 25.1180495], [55.1200001, 25.1180983], [55.1199552, 25.1181678], [55.1199389, 25.1181592]]]}}, {"type": "Feature", "properties": {"status": "existing", "bHeight": 12.0, "name": "", "levels": ""}, "geometry": {"type": "Polygon", "coordinates": [[[55.119555, 25.1180572], [55.1194786, 25.1180088], [55.1194903, 25.1179937], [55.1194349, 25.1179586], [55.1194233, 25.1179737], [55.1193253, 25.1179116], [55.1193632, 25.1178677], [55.1193463, 25.117857], [55.1194254, 25.1177617], [55.1194394, 25.1177677], [55.1194851, 25.117707], [55.1195481, 25.1177513], [55.1194824, 25.117837], [55.119583, 25.1179025], [55.1196172, 25.1178588], [55.1196847, 25.1178986], [55.1196306, 25.1179821], [55.1196159, 25.1179736], [55.119555, 25.1180572]]]}}, {"type": "Feature", "properties": {"status": "existing", "bHeight": 12.0, "name": "", "levels": ""}, "geometry": {"type": "Polygon", "coordinates": [[[55.1199134, 25.117731], [55.1200444, 25.1175772], [55.1201635, 25.1176568], [55.1200406, 25.1178179], [55.1199134, 25.117731]]]}}, {"type": "Feature", "properties": {"status": "existing", "bHeight": 12.0, "name": "", "levels": ""}, "geometry": {"type": "Polygon", "coordinates": [[[55.1197861, 25.1176205], [55.1199061, 25.117479], [55.1199433, 25.1175049], [55.1199636, 25.1174809], [55.1200482, 25.1175397], [55.1199079, 25.1177052], [55.1197861, 25.1176205]]]}}, {"type": "Feature", "properties": {"status": "existing", "bHeight": 12.0, "name": "", "levels": ""}, "geometry": {"type": "Polygon", "coordinates": [[[55.1191011, 25.1178057], [55.1192419, 25.1176359], [55.1193793, 25.1177224], [55.1193714, 25.1177324], [55.1193282, 25.117786], [55.1193081, 25.1177708], [55.1192166, 25.1178773], [55.1191011, 25.1178057]]]}}, {"type": "Feature", "properties": {"status": "existing", "bHeight": 12.0, "name": "", "levels": ""}, "geometry": {"type": "Polygon", "coordinates": [[[55.1189578, 25.1177127], [55.1191201, 25.1175232], [55.1192458, 25.1176115], [55.1191816, 25.1176865], [55.1191667, 25.1176761], [55.1190688, 25.1177905], [55.1189578, 25.1177127]]]}}, {"type": "Feature", "properties": {"status": "existing", "bHeight": 12.0, "name": "", "levels": ""}, "geometry": {"type": "Polygon", "coordinates": [[[55.1272249, 25.1170762], [55.1273693, 25.1169439], [55.1274659, 25.1170303], [55.1273215, 25.1171626], [55.1272249, 25.1170762]]]}}, {"type": "Feature", "properties": {"status": "existing", "bHeight": 12.0, "name": "", "levels": ""}, "geometry": {"type": "Polygon", "coordinates": [[[55.12734, 25.1171907], [55.127586, 25.1169653], [55.1276826, 25.1170518], [55.1274366, 25.1172771], [55.12734, 25.1171907]]]}}, {"type": "Feature", "properties": {"status": "existing", "bHeight": 12.0, "name": "", "levels": ""}, "geometry": {"type": "Polygon", "coordinates": [[[55.1275646, 25.1172182], [55.1277091, 25.1170859], [55.1278056, 25.1171723], [55.1276612, 25.1173046], [55.1275646, 25.1172182]]]}}, {"type": "Feature", "properties": {"status": "existing", "bHeight": 12.0, "name": "", "levels": ""}, "geometry": {"type": "Polygon", "coordinates": [[[55.1276323, 25.1174133], [55.1277945, 25.1172625], [55.1278969, 25.1173528], [55.1277346, 25.1175036], [55.1276323, 25.1174133]]]}}, {"type": "Feature", "properties": {"status": "existing", "bHeight": 12.0, "name": "", "levels": ""}, "geometry": {"type": "Polygon", "coordinates": [[[55.1277608, 25.1175307], [55.1279052, 25.1173984], [55.1280018, 25.1174849], [55.1278574, 25.1176172], [55.1277608, 25.1175307]]]}}, {"type": "Feature", "properties": {"status": "existing", "bHeight": 12.0, "name": "", "levels": ""}, "geometry": {"type": "Polygon", "coordinates": [[[55.1279089, 25.1176288], [55.1280367, 25.1175027], [55.1281449, 25.1175926], [55.1280171, 25.1177187], [55.1279089, 25.1176288]]]}}, {"type": "Feature", "properties": {"status": "existing", "bHeight": 12.0, "name": "", "levels": ""}, "geometry": {"type": "Polygon", "coordinates": [[[55.1280538, 25.1177479], [55.1282171, 25.1175746], [55.1283368, 25.1176671], [55.1281736, 25.1178404], [55.1280538, 25.1177479]]]}}, {"type": "Feature", "properties": {"status": "existing", "bHeight": 12.0, "name": "", "levels": ""}, "geometry": {"type": "Polygon", "coordinates": [[[55.1281939, 25.1178455], [55.1283455, 25.1176963], [55.1284523, 25.1177854], [55.1283007, 25.1179345], [55.1281939, 25.1178455]]]}}, {"type": "Feature", "properties": {"status": "existing", "bHeight": 12.0, "name": "", "levels": ""}, "geometry": {"type": "Polygon", "coordinates": [[[55.1283495, 25.1179412], [55.128494, 25.1178089], [55.1285906, 25.1178953], [55.1284461, 25.1180276], [55.1283495, 25.1179412]]]}}, {"type": "Feature", "properties": {"status": "existing", "bHeight": 12.0, "name": "", "levels": ""}, "geometry": {"type": "Polygon", "coordinates": [[[55.1284736, 25.1180655], [55.1286016, 25.117929], [55.128719, 25.1180193], [55.128591, 25.1181558], [55.1284736, 25.1180655]]]}}, {"type": "Feature", "properties": {"status": "existing", "bHeight": 12.0, "name": "", "levels": ""}, "geometry": {"type": "Polygon", "coordinates": [[[55.1286212, 25.1181744], [55.1287712, 25.1179997], [55.128898, 25.118089], [55.1287481, 25.1182637], [55.1286212, 25.1181744]]]}}, {"type": "Feature", "properties": {"status": "existing", "bHeight": 12.0, "name": "", "levels": ""}, "geometry": {"type": "Polygon", "coordinates": [[[55.1287652, 25.1182778], [55.1289006, 25.1181094], [55.1290204, 25.1181884], [55.128885, 25.1183567], [55.1287652, 25.1182778]]]}}, {"type": "Feature", "properties": {"status": "existing", "bHeight": 12.0, "name": "", "levels": ""}, "geometry": {"type": "Polygon", "coordinates": [[[55.1289175, 25.1183805], [55.1290388, 25.1182262], [55.1291714, 25.1183116], [55.1290501, 25.118466], [55.1289175, 25.1183805]]]}}, {"type": "Feature", "properties": {"status": "existing", "bHeight": 12.0, "name": "", "levels": ""}, "geometry": {"type": "Polygon", "coordinates": [[[55.1290612, 25.1184773], [55.1292094, 25.1183001], [55.1293235, 25.1183783], [55.1291753, 25.1185555], [55.1290612, 25.1184773]]]}}, {"type": "Feature", "properties": {"status": "existing", "bHeight": 12.0, "name": "", "levels": ""}, "geometry": {"type": "Polygon", "coordinates": [[[55.1292109, 25.1185748], [55.1293567, 25.1183948], [55.129475, 25.1184733], [55.1293292, 25.1186533], [55.1292109, 25.1185748]]]}}, {"type": "Feature", "properties": {"status": "existing", "bHeight": 12.0, "name": "", "levels": ""}, "geometry": {"type": "Polygon", "coordinates": [[[55.1293623, 25.1186736], [55.1294906, 25.1185], [55.1296261, 25.1185913], [55.1294736, 25.1187552], [55.1293623, 25.1186736]]]}}, {"type": "Feature", "properties": {"status": "existing", "bHeight": 12.0, "name": "", "levels": ""}, "geometry": {"type": "Polygon", "coordinates": [[[55.1256657, 25.1155808], [55.1258468, 25.1154395], [55.1259297, 25.1155266], [55.1257486, 25.1156679], [55.1256657, 25.1155808]]]}}, {"type": "Feature", "properties": {"status": "existing", "bHeight": 12.0, "name": "", "levels": ""}, "geometry": {"type": "Polygon", "coordinates": [[[55.1257729, 25.1157098], [55.1259641, 25.1155605], [55.1260658, 25.1156673], [55.1258746, 25.1158166], [55.1257729, 25.1157098]]]}}, {"type": "Feature", "properties": {"status": "existing", "bHeight": 12.0, "name": "", "levels": ""}, "geometry": {"type": "Polygon", "coordinates": [[[55.1259014, 25.1158369], [55.1260891, 25.1156904], [55.1261872, 25.1157935], [55.1259996, 25.11594], [55.1259014, 25.1158369]]]}}, {"type": "Feature", "properties": {"status": "existing", "bHeight": 12.0, "name": "", "levels": ""}, "geometry": {"type": "Polygon", "coordinates": [[[55.1260245, 25.1159638], [55.1261965, 25.1158296], [55.1262794, 25.1159167], [55.1261075, 25.1160509], [55.1260245, 25.1159638]]]}}, {"type": "Feature", "properties": {"status": "existing", "bHeight": 12.0, "name": "", "levels": ""}, "geometry": {"type": "Polygon", "coordinates": [[[55.1261506, 25.1160851], [55.1263226, 25.1159509], [55.1264055, 25.116038], [55.1262336, 25.1161722], [55.1261506, 25.1160851]]]}}, {"type": "Feature", "properties": {"status": "existing", "bHeight": 12.0, "name": "", "levels": ""}, "geometry": {"type": "Polygon", "coordinates": [[[55.1262868, 25.1162113], [55.1264587, 25.1160771], [55.1265416, 25.1161642], [55.1263697, 25.1162984], [55.1262868, 25.1162113]]]}}, {"type": "Feature", "properties": {"status": "existing", "bHeight": 12.0, "name": "", "levels": ""}, "geometry": {"type": "Polygon", "coordinates": [[[55.1264086, 25.1163223], [55.1265806, 25.1161881], [55.1266635, 25.1162752], [55.1264916, 25.1164094], [55.1264086, 25.1163223]]]}}, {"type": "Feature", "properties": {"status": "existing", "bHeight": 12.0, "name": "", "levels": ""}, "geometry": {"type": "Polygon", "coordinates": [[[55.1265445, 25.1164457], [55.1267165, 25.1163115], [55.1267994, 25.1163986], [55.1266275, 25.1165328], [55.1265445, 25.1164457]]]}}, {"type": "Feature", "properties": {"status": "existing", "bHeight": 12.0, "name": "", "levels": ""}, "geometry": {"type": "Polygon", "coordinates": [[[55.1266713, 25.1165528], [55.1268374, 25.1164141], [55.1269308, 25.1165058], [55.1267647, 25.1166445], [55.1266713, 25.1165528]]]}}, {"type": "Feature", "properties": {"status": "existing", "bHeight": 12.0, "name": "", "levels": ""}, "geometry": {"type": "Polygon", "coordinates": [[[55.1267901, 25.1166906], [55.1269285, 25.116569], [55.1270247, 25.1166587], [55.1268983, 25.1167889], [55.1267901, 25.1166906]]]}}, {"type": "Feature", "properties": {"status": "existing", "bHeight": 12.0, "name": "", "levels": ""}, "geometry": {"type": "Polygon", "coordinates": [[[55.1263746, 25.11557], [55.1262677, 25.1154513], [55.126348, 25.1153921], [55.1263606, 25.115406], [55.1264313, 25.1153538], [55.1265256, 25.1154586], [55.1263746, 25.11557]]]}}, {"type": "Feature", "properties": {"status": "existing", "bHeight": 12.0, "name": "", "levels": ""}, "geometry": {"type": "Polygon", "coordinates": [[[55.1262551, 25.1154317], [55.1261687, 25.115329], [55.1263261, 25.1152205], [55.1264125, 25.1153231], [55.1262551, 25.1154317]]]}}, {"type": "Feature", "properties": {"status": "existing", "bHeight": 12.0, "name": "", "levels": ""}, "geometry": {"type": "Polygon", "coordinates": [[[55.1261185, 25.1153184], [55.1260321, 25.1152158], [55.1261896, 25.1151072], [55.1262759, 25.1152099], [55.1261185, 25.1153184]]]}}, {"type": "Feature", "properties": {"status": "existing", "bHeight": 12.0, "name": "", "levels": ""}, "geometry": {"type": "Polygon", "coordinates": [[[55.1260161, 25.1151915], [55.1259133, 25.1150694], [55.1260768, 25.1149566], [55.1261795, 25.1150788], [55.1260161, 25.1151915]]]}}, {"type": "Feature", "properties": {"status": "existing", "bHeight": 12.0, "name": "", "levels": ""}, "geometry": {"type": "Polygon", "coordinates": [[[55.1258786, 25.11506], [55.1257922, 25.1149574], [55.1259496, 25.1148488], [55.126036, 25.1149515], [55.1258786, 25.11506]]]}}, {"type": "Feature", "properties": {"status": "existing", "bHeight": 12.0, "name": "", "levels": ""}, "geometry": {"type": "Polygon", "coordinates": [[[55.1257702, 25.1149318], [55.1256723, 25.1148155], [55.1258298, 25.1147069], [55.1259276, 25.1148233], [55.1257702, 25.1149318]]]}}, {"type": "Feature", "properties": {"status": "existing", "bHeight": 12.0, "name": "", "levels": ""}, "geometry": {"type": "Polygon", "coordinates": [[[55.1256513, 25.1148048], [55.125565, 25.1147022], [55.1257354, 25.1145846], [55.1258217, 25.1146873], [55.1256513, 25.1148048]]]}}, {"type": "Feature", "properties": {"status": "existing", "bHeight": 12.0, "name": "", "levels": ""}, "geometry": {"type": "Polygon", "coordinates": [[[55.1255312, 25.1146727], [55.1254389, 25.1145632], [55.125609, 25.114446], [55.1257011, 25.1145555], [55.1255312, 25.1146727]]]}}, {"type": "Feature", "properties": {"status": "existing", "bHeight": 12.0, "name": "", "levels": ""}, "geometry": {"type": "Polygon", "coordinates": [[[55.1253582, 25.1145223], [55.1253259, 25.1144201], [55.1252823, 25.1143576], [55.1252404, 25.1143847], [55.1251857, 25.1143155], [55.1253729, 25.114188], [55.1254691, 25.1143197], [55.1254249, 25.1143549], [55.1254396, 25.1143744], [55.1255218, 25.114359], [55.1255458, 25.1144556], [55.1253582, 25.1145223]]]}}, {"type": "Feature", "properties": {"status": "existing", "bHeight": 12.0, "name": "", "levels": ""}, "geometry": {"type": "Polygon", "coordinates": [[[55.1251619, 25.1142262], [55.1250824, 25.1141171], [55.1251474, 25.1140782], [55.1251592, 25.1140945], [55.1252527, 25.1140386], [55.1253204, 25.1141315], [55.1251619, 25.1142262]]]}}, {"type": "Feature", "properties": {"status": "existing", "bHeight": 12.0, "name": "", "levels": ""}, "geometry": {"type": "Polygon", "coordinates": [[[55.1250535, 25.1141], [55.1249669, 25.1139812], [55.1251724, 25.1138584], [55.125259, 25.1139774], [55.1250535, 25.1141]]]}}, {"type": "Feature", "properties": {"status": "existing", "bHeight": 12.0, "name": "", "levels": ""}, "geometry": {"type": "Polygon", "coordinates": [[[55.1248685, 25.1139607], [55.124821, 25.1138954], [55.1248596, 25.1138724], [55.1248021, 25.1137933], [55.1247635, 25.1138163], [55.1247166, 25.1137517], [55.1249046, 25.1136397], [55.1250565, 25.1138487], [55.1248685, 25.1139607]]]}}, {"type": "Feature", "properties": {"status": "existing", "bHeight": 12.0, "name": "", "levels": ""}, "geometry": {"type": "Polygon", "coordinates": [[[55.124665, 25.1136785], [55.1246133, 25.1136074], [55.1246595, 25.1135799], [55.1246026, 25.1135017], [55.1245565, 25.1135292], [55.1245131, 25.1134695], [55.1246897, 25.1133644], [55.1248415, 25.1135734], [55.124665, 25.1136785]]]}}, {"type": "Feature", "properties": {"status": "existing", "bHeight": 12.0, "name": "", "levels": ""}, "geometry": {"type": "Polygon", "coordinates": [[[55.1253579, 25.1152655], [55.1252678, 25.1151568], [55.1254507, 25.1150326], [55.1255407, 25.1151413], [55.1253579, 25.1152655]]]}}, {"type": "Feature", "properties": {"status": "existing", "bHeight": 12.0, "name": "", "levels": ""}, "geometry": {"type": "Polygon", "coordinates": [[[55.1252448, 25.1151263], [55.1251548, 25.1150176], [55.1253376, 25.1148934], [55.1254277, 25.1150022], [55.1252448, 25.1151263]]]}}, {"type": "Feature", "properties": {"status": "existing", "bHeight": 12.0, "name": "", "levels": ""}, "geometry": {"type": "Polygon", "coordinates": [[[55.1251564, 25.1149396], [55.1251121, 25.1148822], [55.1250838, 25.1149001], [55.125051, 25.1148576], [55.1250757, 25.114842], [55.1250294, 25.1147818], [55.1250492, 25.1147693], [55.1250002, 25.1147057], [55.1251188, 25.1146308], [55.1252912, 25.1148545], [55.1251564, 25.1149396]]]}}, {"type": "Feature", "properties": {"status": "existing", "bHeight": 12.0, "name": "", "levels": ""}, "geometry": {"type": "Polygon", "coordinates": [[[55.1249188, 25.1146822], [55.1248592, 25.114614], [55.1248695, 25.1146066], [55.1248271, 25.1145581], [55.1248114, 25.1145694], [55.124739, 25.1144866], [55.1249326, 25.1143479], [55.1249796, 25.1144016], [55.1249298, 25.1144374], [55.1250045, 25.114523], [55.1250219, 25.1145105], [55.1250744, 25.1145706], [55.1249188, 25.1146822]]]}}, {"type": "Feature", "properties": {"status": "existing", "bHeight": 12.0, "name": "", "levels": ""}, "geometry": {"type": "Polygon", "coordinates": [[[55.1246506, 25.1144363], [55.1245632, 25.1143205], [55.1247455, 25.1142077], [55.1248329, 25.1143235], [55.1246506, 25.1144363]]]}}, {"type": "Feature", "properties": {"status": "existing", "bHeight": 12.0, "name": "", "levels": ""}, "geometry": {"type": "Polygon", "coordinates": [[[55.1245469, 25.1142864], [55.1244595, 25.1141706], [55.1246418, 25.1140578], [55.1247292, 25.1141736], [55.1245469, 25.1142864]]]}}, {"type": "Feature", "properties": {"status": "existing", "bHeight": 12.0, "name": "", "levels": ""}, "geometry": {"type": "Polygon", "coordinates": [[[55.1241356, 25.1137736], [55.1240673, 25.1136693], [55.124276, 25.1135475], [55.1243536, 25.113653], [55.1241356, 25.1137736]]]}}, {"type": "Feature", "properties": {"status": "existing", "bHeight": 12.0, "name": "", "levels": ""}, "geometry": {"type": "Polygon", "coordinates": [[[55.1240291, 25.1136504], [55.1239541, 25.1135376], [55.1241305, 25.1134304], [55.1242108, 25.1135406], [55.1240291, 25.1136504]]]}}, {"type": "Feature", "properties": {"status": "existing", "bHeight": 12.0, "name": "", "levels": ""}, "geometry": {"type": "Polygon", "coordinates": [[[55.1244984, 25.1133729], [55.1244172, 25.1132488], [55.1244975, 25.1132056], [55.1245094, 25.1132238], [55.1246787, 25.113133], [55.1247481, 25.1132389], [55.1244984, 25.1133729]]]}}, {"type": "Feature", "properties": {"status": "existing", "bHeight": 12.0, "name": "", "levels": ""}, "geometry": {"type": "Polygon", "coordinates": [[[55.1243929, 25.113233], [55.1243174, 25.1131178], [55.1245194, 25.1130094], [55.1245949, 25.1131245], [55.1243929, 25.113233]]]}}, {"type": "Feature", "properties": {"status": "existing", "bHeight": 12.0, "name": "", "levels": ""}, "geometry": {"type": "Polygon", "coordinates": [[[55.1242963, 25.1131023], [55.1242053, 25.1129633], [55.1244308, 25.1128423], [55.1245219, 25.1129813], [55.1242963, 25.1131023]]]}}, {"type": "Feature", "properties": {"status": "existing", "bHeight": 12.0, "name": "", "levels": ""}, "geometry": {"type": "Polygon", "coordinates": [[[55.1242051, 25.1129226], [55.1241344, 25.1128146], [55.1242071, 25.1127751], [55.1243364, 25.1127062], [55.1244071, 25.1128142], [55.1242051, 25.1129226]]]}}, {"type": "Feature", "properties": {"status": "existing", "bHeight": 12.0, "name": "", "levels": ""}, "geometry": {"type": "Polygon", "coordinates": [[[55.1239504, 25.113455], [55.1237868, 25.1131998], [55.1240009, 25.1130873], [55.1240519, 25.1131668], [55.1239809, 25.1132042], [55.1240459, 25.1133056], [55.124117, 25.1132683], [55.1241645, 25.1133425], [55.1239504, 25.113455]]]}}, {"type": "Feature", "properties": {"status": "existing", "bHeight": 12.0, "name": "", "levels": ""}, "geometry": {"type": "Polygon", "coordinates": [[[55.1237556, 25.1131707], [55.1236083, 25.112941], [55.1238322, 25.1128234], [55.1238709, 25.1128837], [55.1237816, 25.1129307], [55.1238432, 25.1130267], [55.1238983, 25.1129977], [55.1239453, 25.113071], [55.1237556, 25.1131707]]]}}, {"type": "Feature", "properties": {"status": "existing", "bHeight": 12.0, "name": "", "levels": ""}, "geometry": {"type": "Polygon", "coordinates": [[[55.1235745, 25.1128847], [55.12342, 25.1126555], [55.1236337, 25.1125374], [55.1236785, 25.1126038], [55.1235987, 25.1126479], [55.1236623, 25.1127422], [55.1237048, 25.1127187], [55.1237509, 25.1127872], [55.1235745, 25.1128847]]]}}, {"type": "Feature", "properties": {"status": "existing", "bHeight": 12.0, "name": "", "levels": ""}, "geometry": {"type": "Polygon", "coordinates": [[[55.1233791, 25.1125991], [55.1232233, 25.1123559], [55.1234637, 25.1122294], [55.1235111, 25.1123034], [55.1234158, 25.1123535], [55.1234742, 25.1124447], [55.1235696, 25.1123946], [55.1236196, 25.1124726], [55.1233791, 25.1125991]]]}}, {"type": "Feature", "properties": {"status": "existing", "bHeight": 12.0, "name": "", "levels": ""}, "geometry": {"type": "Polygon", "coordinates": [[[55.1231993, 25.1123064], [55.123052, 25.1120768], [55.1232476, 25.111974], [55.1232854, 25.112033], [55.1232417, 25.112056], [55.1233094, 25.1121618], [55.1233532, 25.1121388], [55.1233948, 25.1122037], [55.1231993, 25.1123064]]]}}, {"type": "Feature", "properties": {"status": "existing", "bHeight": 12.0, "name": "", "levels": ""}, "geometry": {"type": "Polygon", "coordinates": [[[55.1229662, 25.1120138], [55.1229009, 25.1119012], [55.1230894, 25.1118116], [55.1231547, 25.1119243], [55.1229662, 25.1120138]]]}}, {"type": "Feature", "properties": {"status": "existing", "bHeight": 12.0, "name": "", "levels": ""}, "geometry": {"type": "Polygon", "coordinates": [[[55.1228957, 25.1118619], [55.1228304, 25.1117492], [55.1229866, 25.1116751], [55.1230519, 25.1117878], [55.1228957, 25.1118619]]]}}, {"type": "Feature", "properties": {"status": "existing", "bHeight": 12.0, "name": "", "levels": ""}, "geometry": {"type": "Polygon", "coordinates": [[[55.1236424, 25.1121829], [55.1235946, 25.1121083], [55.1236393, 25.1120848], [55.1236235, 25.1120602], [55.1236465, 25.1120481], [55.1236135, 25.1119966], [55.1235905, 25.1120087], [55.1235816, 25.1119949], [55.1235369, 25.1120184], [55.1234951, 25.1119533], [55.1236949, 25.1118482], [55.1238422, 25.1120778], [55.1236424, 25.1121829]]]}}, {"type": "Feature", "properties": {"status": "existing", "bHeight": 12.0, "name": "", "levels": ""}, "geometry": {"type": "Polygon", "coordinates": [[[55.1235218, 25.1118513], [55.1234204, 25.1116801], [55.1233984, 25.1116908], [55.123335, 25.1115838], [55.1235211, 25.1114935], [55.1236859, 25.1117717], [55.1235218, 25.1118513]]]}}, {"type": "Feature", "properties": {"status": "existing", "bHeight": 12.0, "name": "", "levels": ""}, "geometry": {"type": "Polygon", "coordinates": [[[55.1233288, 25.1115575], [55.1232595, 25.1114256], [55.1234512, 25.1113431], [55.1235204, 25.111475], [55.1233288, 25.1115575]]]}}, {"type": "Feature", "properties": {"status": "existing", "bHeight": 12.0, "name": "", "levels": ""}, "geometry": {"type": "Polygon", "coordinates": [[[55.1232494, 25.1114007], [55.1231801, 25.1112688], [55.1233735, 25.1111856], [55.1234427, 25.1113175], [55.1232494, 25.1114007]]]}}, {"type": "Feature", "properties": {"status": "existing", "bHeight": 12.0, "name": "", "levels": ""}, "geometry": {"type": "Polygon", "coordinates": [[[55.1231686, 25.1112492], [55.1230993, 25.1111172], [55.1232842, 25.1110376], [55.1233535, 25.1111696], [55.1231686, 25.1112492]]]}}, {"type": "Feature", "properties": {"status": "existing", "bHeight": 12.0, "name": "", "levels": ""}, "geometry": {"type": "Polygon", "coordinates": [[[55.1230499, 25.1111209], [55.1229818, 25.1109911], [55.1232158, 25.1108904], [55.123284, 25.1110202], [55.1230499, 25.1111209]]]}}, {"type": "Feature", "properties": {"status": "existing", "bHeight": 12.0, "name": "", "levels": ""}, "geometry": {"type": "Polygon", "coordinates": [[[55.1230016, 25.1109643], [55.1229324, 25.1108324], [55.1231288, 25.1107479], [55.123198, 25.1108798], [55.1230016, 25.1109643]]]}}, {"type": "Feature", "properties": {"status": "existing", "bHeight": 12.0, "name": "", "levels": ""}, "geometry": {"type": "Polygon", "coordinates": [[[55.1216283, 25.1091503], [55.121579, 25.109021], [55.1218083, 25.1089492], [55.1218577, 25.1090784], [55.1216283, 25.1091503]]]}}, {"type": "Feature", "properties": {"status": "existing", "bHeight": 12.0, "name": "", "levels": ""}, "geometry": {"type": "Polygon", "coordinates": [[[55.1215679, 25.1089839], [55.1215273, 25.1088779], [55.1217065, 25.1088217], [55.121747, 25.1089278], [55.1215679, 25.1089839]]]}}, {"type": "Feature", "properties": {"status": "existing", "bHeight": 12.0, "name": "", "levels": ""}, "geometry": {"type": "Polygon", "coordinates": [[[55.1219069, 25.1082908], [55.1218634, 25.1081737], [55.1220555, 25.1081152], [55.122099, 25.1082323], [55.1219069, 25.1082908]]]}}, {"type": "Feature", "properties": {"status": "existing", "bHeight": 12.0, "name": "", "levels": ""}, "geometry": {"type": "Polygon", "coordinates": [[[55.1218346, 25.1081353], [55.1217911, 25.1080181], [55.1219832, 25.1079596], [55.1220267, 25.1080768], [55.1218346, 25.1081353]]]}}, {"type": "Feature", "properties": {"status": "existing", "bHeight": 12.0, "name": "", "levels": ""}, "geometry": {"type": "Polygon", "coordinates": [[[55.1217814, 25.1079804], [55.1217663, 25.1079383], [55.1217864, 25.107931], [55.121758, 25.1078426], [55.1219354, 25.107806], [55.1219722, 25.1079194], [55.1217814, 25.1079804]]]}}, {"type": "Feature", "properties": {"status": "existing", "bHeight": 12.0, "name": "", "levels": ""}, "geometry": {"type": "Polygon", "coordinates": [[[55.1217336, 25.1078185], [55.1217207, 25.1077768], [55.1217344, 25.107767], [55.1217301, 25.1077209], [55.1218795, 25.1076781], [55.121911, 25.1077733], [55.1217336, 25.1078185]]]}}, {"type": "Feature", "properties": {"status": "existing", "bHeight": 12.0, "name": "", "levels": ""}, "geometry": {"type": "Polygon", "coordinates": [[[55.1216995, 25.1076678], [55.1216586, 25.1075228], [55.1218641, 25.1074849], [55.1218996, 25.1076263], [55.1216995, 25.1076678]]]}}, {"type": "Feature", "properties": {"status": "existing", "bHeight": 12.0, "name": "", "levels": ""}, "geometry": {"type": "Polygon", "coordinates": [[[55.1216613, 25.1075076], [55.1216286, 25.1074195], [55.1217655, 25.1073778], [55.1217982, 25.1074659], [55.1216613, 25.1075076]]]}}, {"type": "Feature", "properties": {"status": "existing", "bHeight": 12.0, "name": "", "levels": ""}, "geometry": {"type": "Polygon", "coordinates": [[[55.121593, 25.1073388], [55.1215546, 25.1072355], [55.1217467, 25.107177], [55.1217851, 25.1072803], [55.121593, 25.1073388]]]}}, {"type": "Feature", "properties": {"status": "existing", "bHeight": 12.0, "name": "", "levels": ""}, "geometry": {"type": "Polygon", "coordinates": [[[55.1215601, 25.1071701], [55.1215166, 25.107053], [55.1217267, 25.106989], [55.1217702, 25.1071061], [55.1215601, 25.1071701]]]}}, {"type": "Feature", "properties": {"status": "existing", "bHeight": 12.0, "name": "", "levels": ""}, "geometry": {"type": "Polygon", "coordinates": [[[55.1211815, 25.1078142], [55.1211441, 25.1076967], [55.1213725, 25.1076371], [55.12141, 25.1077546], [55.1211815, 25.1078142]]]}}, {"type": "Feature", "properties": {"status": "existing", "bHeight": 12.0, "name": "", "levels": ""}, "geometry": {"type": "Polygon", "coordinates": [[[55.1211365, 25.1076666], [55.1210939, 25.1075326], [55.1213301, 25.1074709], [55.1213728, 25.1076049], [55.1211365, 25.1076666]]]}}, {"type": "Feature", "properties": {"status": "existing", "bHeight": 12.0, "name": "", "levels": ""}, "geometry": {"type": "Polygon", "coordinates": [[[55.121092, 25.1074874], [55.1210569, 25.107377], [55.1212753, 25.1073201], [55.1213104, 25.1074304], [55.121092, 25.1074874]]]}}, {"type": "Feature", "properties": {"status": "existing", "bHeight": 12.0, "name": "", "levels": ""}, "geometry": {"type": "Polygon", "coordinates": [[[55.1210469, 25.1073216], [55.1210118, 25.1072112], [55.121229, 25.1071545], [55.1212642, 25.1072648], [55.1210469, 25.1073216]]]}}, {"type": "Feature", "properties": {"status": "existing", "bHeight": 12.0, "name": "", "levels": ""}, "geometry": {"type": "Polygon", "coordinates": [[[55.1210071, 25.1071669], [55.1209689, 25.107047], [55.121202, 25.1069862], [55.1212454, 25.1071226], [55.1211639, 25.1071439], [55.1211586, 25.1071273], [55.1210071, 25.1071669]]]}}, {"type": "Feature", "properties": {"status": "existing", "bHeight": 12.0, "name": "", "levels": ""}, "geometry": {"type": "Polygon", "coordinates": [[[55.1209754, 25.1070074], [55.1209353, 25.1068813], [55.1211626, 25.106822], [55.1212027, 25.1069482], [55.1209754, 25.1070074]]]}}, {"type": "Feature", "properties": {"status": "existing", "bHeight": 12.0, "name": "", "levels": ""}, "geometry": {"type": "Polygon", "coordinates": [[[55.1224595, 25.1110669], [55.1223992, 25.1109522], [55.1225835, 25.1108727], [55.1226438, 25.1109873], [55.1224595, 25.1110669]]]}}, {"type": "Feature", "properties": {"status": "existing", "bHeight": 12.0, "name": "", "levels": ""}, "geometry": {"type": "Polygon", "coordinates": [[[55.1223936, 25.1109265], [55.1223198, 25.1107861], [55.1225484, 25.1106875], [55.1226224, 25.1108279], [55.1223936, 25.1109265]]]}}, {"type": "Feature", "properties": {"status": "existing", "bHeight": 12.0, "name": "", "levels": ""}, "geometry": {"type": "Polygon", "coordinates": [[[55.1223014, 25.110759], [55.1222411, 25.1106443], [55.1224784, 25.110542], [55.1225388, 25.1106567], [55.1223014, 25.110759]]]}}, {"type": "Feature", "properties": {"status": "existing", "bHeight": 12.0, "name": "", "levels": ""}, "geometry": {"type": "Polygon", "coordinates": [[[55.1222432, 25.1106066], [55.1221654, 25.1104588], [55.1223854, 25.1103638], [55.1224631, 25.1105118], [55.1222432, 25.1106066]]]}}, {"type": "Feature", "properties": {"status": "existing", "bHeight": 12.0, "name": "", "levels": ""}, "geometry": {"type": "Polygon", "coordinates": [[[55.143525, 25.1204978], [55.1435258, 25.1203135], [55.1436692, 25.120314], [55.1436685, 25.1204983], [55.143525, 25.1204978]]]}}, {"type": "Feature", "properties": {"status": "existing", "bHeight": 12.0, "name": "", "levels": ""}, "geometry": {"type": "Polygon", "coordinates": [[[55.1399589, 25.1194889], [55.1400125, 25.1192953], [55.1401618, 25.1193292], [55.1401081, 25.1195229], [55.1399589, 25.1194889]]]}}, {"type": "Feature", "properties": {"status": "existing", "bHeight": 12.0, "name": "", "levels": ""}, "geometry": {"type": "Polygon", "coordinates": [[[55.1401264, 25.1195392], [55.1401801, 25.1193455], [55.1403294, 25.1193795], [55.1402757, 25.1195731], [55.1401264, 25.1195392]]]}}, {"type": "Feature", "properties": {"status": "existing", "bHeight": 12.0, "name": "", "levels": ""}, "geometry": {"type": "Polygon", "coordinates": [[[55.1403156, 25.1195773], [55.1403693, 25.1193836], [55.1405186, 25.1194176], [55.1404649, 25.1196112], [55.1403156, 25.1195773]]]}}, {"type": "Feature", "properties": {"status": "existing", "bHeight": 12.0, "name": "", "levels": ""}, "geometry": {"type": "Polygon", "coordinates": [[[55.1404991, 25.1196165], [55.1405528, 25.1194228], [55.140702, 25.1194568], [55.1406484, 25.1196504], [55.1404991, 25.1196165]]]}}, {"type": "Feature", "properties": {"status": "existing", "bHeight": 12.0, "name": "", "levels": ""}, "geometry": {"type": "Polygon", "coordinates": [[[55.1406789, 25.1196499], [55.1407325, 25.1194562], [55.1408818, 25.1194901], [55.1408281, 25.1196838], [55.1406789, 25.1196499]]]}}, {"type": "Feature", "properties": {"status": "existing", "bHeight": 12.0, "name": "", "levels": ""}, "geometry": {"type": "Polygon", "coordinates": [[[55.140861, 25.119685], [55.1409147, 25.1194914], [55.141064, 25.1195253], [55.1410103, 25.119719], [55.140861, 25.119685]]]}}, {"type": "Feature", "properties": {"status": "existing", "bHeight": 12.0, "name": "", "levels": ""}, "geometry": {"type": "Polygon", "coordinates": [[[55.1410465, 25.1197097], [55.1411002, 25.1195161], [55.1412495, 25.11955], [55.1411958, 25.1197437], [55.1410465, 25.1197097]]]}}, {"type": "Feature", "properties": {"status": "existing", "bHeight": 12.0, "name": "", "levels": ""}, "geometry": {"type": "Polygon", "coordinates": [[[55.1412211, 25.1197467], [55.1412761, 25.1195409], [55.1414294, 25.1195773], [55.1413757, 25.1197855], [55.1412211, 25.1197467]]]}}, {"type": "Feature", "properties": {"status": "existing", "bHeight": 12.0, "name": "", "levels": ""}, "geometry": {"type": "Polygon", "coordinates": [[[55.1414009, 25.1197741], [55.1414546, 25.1195804], [55.1416039, 25.1196143], [55.1415502, 25.119808], [55.1414009, 25.1197741]]]}}, {"type": "Feature", "properties": {"status": "existing", "bHeight": 12.0, "name": "", "levels": ""}, "geometry": {"type": "Polygon", "coordinates": [[[55.1415697, 25.1198178], [55.1416247, 25.1196182], [55.1417713, 25.1196521], [55.1417283, 25.1198518], [55.1415697, 25.1198178]]]}}, {"type": "Feature", "properties": {"status": "existing", "bHeight": 12.0, "name": "", "levels": ""}, "geometry": {"type": "Polygon", "coordinates": [[[55.1417685, 25.1198393], [55.1418073, 25.1196455], [55.1419552, 25.1196698], [55.1419164, 25.1198636], [55.1417685, 25.1198393]]]}}, {"type": "Feature", "properties": {"status": "existing", "bHeight": 12.0, "name": "", "levels": ""}, "geometry": {"type": "Polygon", "coordinates": [[[55.1419483, 25.1198559], [55.1419885, 25.1196647], [55.1421364, 25.1196902], [55.1420962, 25.1198814], [55.1419483, 25.1198559]]]}}, {"type": "Feature", "properties": {"status": "existing", "bHeight": 12.0, "name": "", "levels": ""}, "geometry": {"type": "Polygon", "coordinates": [[[55.1312343, 25.1229672], [55.1311886, 25.1228316], [55.1313854, 25.1227773], [55.1314311, 25.1229129], [55.1312343, 25.1229672]]]}}, {"type": "Feature", "properties": {"status": "existing", "bHeight": 12.0, "name": "", "levels": ""}, "geometry": {"type": "Polygon", "coordinates": [[[55.1311778, 25.1227999], [55.1311321, 25.1226643], [55.1313289, 25.12261], [55.1313746, 25.1227456], [55.1311778, 25.1227999]]]}}, {"type": "Feature", "properties": {"status": "existing", "bHeight": 12.0, "name": "", "levels": ""}, "geometry": {"type": "Polygon", "coordinates": [[[55.1306514, 25.1228652], [55.1306109, 25.1227445], [55.1308077, 25.1226903], [55.1308531, 25.1228255], [55.130748, 25.1228545], [55.1307431, 25.1228399], [55.1306514, 25.1228652]]]}}, {"type": "Feature", "properties": {"status": "existing", "bHeight": 12.0, "name": "", "levels": ""}, "geometry": {"type": "Polygon", "coordinates": [[[55.1306852, 25.1230358], [55.1306396, 25.1229002], [55.1308364, 25.1228459], [55.130882, 25.1229815], [55.1306852, 25.1230358]]]}}, {"type": "Feature", "properties": {"status": "existing", "bHeight": 12.0, "name": "", "levels": ""}, "geometry": {"type": "Polygon", "coordinates": [[[55.13091, 25.123729], [55.1308619, 25.1235998], [55.1310435, 25.1235444], [55.1310916, 25.1236736], [55.13091, 25.123729]]]}}, {"type": "Feature", "properties": {"status": "existing", "bHeight": 12.0, "name": "", "levels": ""}, "geometry": {"type": "Polygon", "coordinates": [[[55.1308694, 25.1235527], [55.1308253, 25.1234343], [55.131022, 25.1233743], [55.131075, 25.1235168], [55.1309982, 25.1235402], [55.1309893, 25.1235161], [55.1308694, 25.1235527]]]}}, {"type": "Feature", "properties": {"status": "existing", "bHeight": 12.0, "name": "", "levels": ""}, "geometry": {"type": "Polygon", "coordinates": [[[55.1314239, 25.1234714], [55.1313953, 25.1233948], [55.1314155, 25.1233887], [55.1313959, 25.1233361], [55.131558, 25.1232866], [55.1316061, 25.1234159], [55.1314239, 25.1234714]]]}}, {"type": "Feature", "properties": {"status": "existing", "bHeight": 12.0, "name": "", "levels": ""}, "geometry": {"type": "Polygon", "coordinates": [[[55.1314639, 25.1236388], [55.1314156, 25.123509], [55.1314978, 25.1234839], [55.1315024, 25.1234962], [55.1316018, 25.1234659], [55.1316455, 25.1235834], [55.1314639, 25.1236388]]]}}, {"type": "Feature", "properties": {"status": "existing", "bHeight": 12.0, "name": "", "levels": ""}, "geometry": {"type": "Polygon", "coordinates": [[[55.131538, 25.1237886], [55.1314899, 25.1236594], [55.1316715, 25.123604], [55.1317196, 25.1237332], [55.131538, 25.1237886]]]}}, {"type": "Feature", "properties": {"status": "existing", "bHeight": 12.0, "name": "", "levels": ""}, "geometry": {"type": "Polygon", "coordinates": [[[55.1315927, 25.1239527], [55.1315446, 25.1238235], [55.1317262, 25.123768], [55.1317743, 25.1238972], [55.1315927, 25.1239527]]]}}, {"type": "Feature", "properties": {"status": "existing", "bHeight": 12.0, "name": "", "levels": ""}, "geometry": {"type": "Polygon", "coordinates": [[[55.1316314, 25.1241184], [55.1315777, 25.123974], [55.131786, 25.1239105], [55.1318398, 25.1240548], [55.1316314, 25.1241184]]]}}, {"type": "Feature", "properties": {"status": "existing", "bHeight": 12.0, "name": "", "levels": ""}, "geometry": {"type": "Polygon", "coordinates": [[[55.1316914, 25.1242766], [55.1316433, 25.1241474], [55.1318512, 25.124084], [55.1318993, 25.1242132], [55.1316914, 25.1242766]]]}}, {"type": "Feature", "properties": {"status": "existing", "bHeight": 12.0, "name": "", "levels": ""}, "geometry": {"type": "Polygon", "coordinates": [[[55.1311199, 25.1242298], [55.1310733, 25.1241119], [55.1312948, 25.1240401], [55.1313414, 25.124158], [55.1311199, 25.1242298]]]}}, {"type": "Feature", "properties": {"status": "existing", "bHeight": 12.0, "name": "", "levels": ""}, "geometry": {"type": "Polygon", "coordinates": [[[55.1311777, 25.1243915], [55.1311311, 25.1242736], [55.1313526, 25.1242018], [55.1313992, 25.1243197], [55.1311777, 25.1243915]]]}}, {"type": "Feature", "properties": {"status": "existing", "bHeight": 12.0, "name": "", "levels": ""}, "geometry": {"type": "Polygon", "coordinates": [[[55.1312373, 25.1245519], [55.1311907, 25.124434], [55.1314122, 25.1243622], [55.1314588, 25.1244802], [55.1312373, 25.1245519]]]}}, {"type": "Feature", "properties": {"status": "existing", "bHeight": 12.0, "name": "", "levels": ""}, "geometry": {"type": "Polygon", "coordinates": [[[55.1312986, 25.1247042], [55.131252, 25.1245862], [55.1314735, 25.1245145], [55.1315201, 25.1246324], [55.1312986, 25.1247042]]]}}, {"type": "Feature", "properties": {"status": "existing", "bHeight": 12.0, "name": "", "levels": ""}, "geometry": {"type": "Polygon", "coordinates": [[[55.1313653, 25.1248694], [55.1313187, 25.1247515], [55.1315402, 25.1246797], [55.1315868, 25.1247976], [55.1313653, 25.1248694]]]}}, {"type": "Feature", "properties": {"status": "existing", "bHeight": 12.0, "name": "", "levels": ""}, "geometry": {"type": "Polygon", "coordinates": [[[55.1314264, 25.1250153], [55.1313797, 25.1248974], [55.1316013, 25.1248256], [55.1316479, 25.1249435], [55.1314264, 25.1250153]]]}}, {"type": "Feature", "properties": {"status": "existing", "bHeight": 12.0, "name": "", "levels": ""}, "geometry": {"type": "Polygon", "coordinates": [[[55.1314928, 25.1251841], [55.1314461, 25.1250662], [55.131636, 25.1250047], [55.1316826, 25.1251226], [55.1314928, 25.1251841]]]}}, {"type": "Feature", "properties": {"status": "existing", "bHeight": 12.0, "name": "", "levels": ""}, "geometry": {"type": "Polygon", "coordinates": [[[55.1315595, 25.125323], [55.1315129, 25.1252051], [55.1316965, 25.1251456], [55.1317431, 25.1252635], [55.1315595, 25.125323]]]}}, {"type": "Feature", "properties": {"status": "existing", "bHeight": 12.0, "name": "", "levels": ""}, "geometry": {"type": "Polygon", "coordinates": [[[55.1316292, 25.1254825], [55.1315826, 25.1253646], [55.1317726, 25.125303], [55.1318192, 25.1254209], [55.1316292, 25.1254825]]]}}, {"type": "Feature", "properties": {"status": "existing", "bHeight": 12.0, "name": "", "levels": ""}, "geometry": {"type": "Polygon", "coordinates": [[[55.1317019, 25.1256416], [55.1316553, 25.1255237], [55.131843, 25.1254629], [55.1318896, 25.1255808], [55.1317019, 25.1256416]]]}}, {"type": "Feature", "properties": {"status": "existing", "bHeight": 12.0, "name": "", "levels": ""}, "geometry": {"type": "Polygon", "coordinates": [[[55.1317854, 25.1257875], [55.1317388, 25.1256696], [55.1319603, 25.1255978], [55.132007, 25.1257157], [55.1317854, 25.1257875]]]}}, {"type": "Feature", "properties": {"status": "existing", "bHeight": 12.0, "name": "", "levels": ""}, "geometry": {"type": "Polygon", "coordinates": [[[55.1319302, 25.124788], [55.1318715, 25.1246542], [55.1320555, 25.1245881], [55.1321141, 25.1247219], [55.1319302, 25.124788]]]}}, {"type": "Feature", "properties": {"status": "existing", "bHeight": 12.0, "name": "", "levels": ""}, "geometry": {"type": "Polygon", "coordinates": [[[55.1319832, 25.1249427], [55.1319246, 25.1248089], [55.1321245, 25.1247372], [55.1321831, 25.124871], [55.1319832, 25.1249427]]]}}, {"type": "Feature", "properties": {"status": "existing", "bHeight": 12.0, "name": "", "levels": ""}, "geometry": {"type": "Polygon", "coordinates": [[[55.1321146, 25.1252527], [55.132056, 25.1251189], [55.1322399, 25.1250528], [55.1322985, 25.1251866], [55.1321146, 25.1252527]]]}}, {"type": "Feature", "properties": {"status": "existing", "bHeight": 12.0, "name": "", "levels": ""}, "geometry": {"type": "Polygon", "coordinates": [[[55.13219, 25.1254179], [55.1321314, 25.1252841], [55.1323153, 25.1252181], [55.132374, 25.1253519], [55.13219, 25.1254179]]]}}, {"type": "Feature", "properties": {"status": "existing", "bHeight": 12.0, "name": "", "levels": ""}, "geometry": {"type": "Polygon", "coordinates": [[[55.1326958, 25.1264441], [55.1326276, 25.126315], [55.1328256, 25.1262292], [55.1328938, 25.1263584], [55.1326958, 25.1264441]]]}}, {"type": "Feature", "properties": {"status": "existing", "bHeight": 12.0, "name": "", "levels": ""}, "geometry": {"type": "Polygon", "coordinates": [[[55.1327779, 25.1265992], [55.1327096, 25.12647], [55.1329076, 25.1263843], [55.1329759, 25.1265134], [55.1327779, 25.1265992]]]}}, {"type": "Feature", "properties": {"status": "existing", "bHeight": 12.0, "name": "", "levels": ""}, "geometry": {"type": "Polygon", "coordinates": [[[55.1321071, 25.1264494], [55.1320464, 25.126329], [55.1322695, 25.1262368], [55.1323302, 25.1263572], [55.1321071, 25.1264494]]]}}, {"type": "Feature", "properties": {"status": "existing", "bHeight": 12.0, "name": "", "levels": ""}, "geometry": {"type": "Polygon", "coordinates": [[[55.1321806, 25.1265986], [55.1321198, 25.1264782], [55.1323488, 25.1263835], [55.1324096, 25.1265039], [55.1321806, 25.1265986]]]}}, {"type": "Feature", "properties": {"status": "existing", "bHeight": 12.0, "name": "", "levels": ""}, "geometry": {"type": "Polygon", "coordinates": [[[55.1322635, 25.1267499], [55.1322028, 25.1266294], [55.1324287, 25.1265361], [55.1324894, 25.1266565], [55.1322635, 25.1267499]]]}}, {"type": "Feature", "properties": {"status": "existing", "bHeight": 12.0, "name": "", "levels": ""}, "geometry": {"type": "Polygon", "coordinates": [[[55.1323493, 25.1269052], [55.1322886, 25.1267848], [55.1324762, 25.1267072], [55.132537, 25.1268276], [55.1323493, 25.1269052]]]}}, {"type": "Feature", "properties": {"status": "existing", "bHeight": 12.0, "name": "", "levels": ""}, "geometry": {"type": "Polygon", "coordinates": [[[55.1324541, 25.1270447], [55.1323934, 25.1269243], [55.132581, 25.1268467], [55.1326417, 25.1269671], [55.1324541, 25.1270447]]]}}, {"type": "Feature", "properties": {"status": "existing", "bHeight": 12.0, "name": "", "levels": ""}, "geometry": {"type": "Polygon", "coordinates": [[[55.1325067, 25.1272133], [55.132446, 25.1270929], [55.1326336, 25.1270153], [55.1326944, 25.1271357], [55.1325067, 25.1272133]]]}}, {"type": "Feature", "properties": {"status": "existing", "bHeight": 12.0, "name": "", "levels": ""}, "geometry": {"type": "Polygon", "coordinates": [[[55.1325988, 25.1273555], [55.1325381, 25.1272351], [55.1327257, 25.1271575], [55.1327864, 25.1272779], [55.1325988, 25.1273555]]]}}, {"type": "Feature", "properties": {"status": "existing", "bHeight": 12.0, "name": "", "levels": ""}, "geometry": {"type": "Polygon", "coordinates": [[[55.1326821, 25.1275037], [55.1326213, 25.1273833], [55.1328089, 25.1273057], [55.1328697, 25.1274262], [55.1326821, 25.1275037]]]}}, {"type": "Feature", "properties": {"status": "existing", "bHeight": 12.0, "name": "", "levels": ""}, "geometry": {"type": "Polygon", "coordinates": [[[55.1327673, 25.127645], [55.1327066, 25.1275246], [55.1328942, 25.1274471], [55.1329549, 25.1275675], [55.1327673, 25.127645]]]}}, {"type": "Feature", "properties": {"status": "existing", "bHeight": 12.0, "name": "", "levels": ""}, "geometry": {"type": "Polygon", "coordinates": [[[55.1328492, 25.1277914], [55.1327884, 25.1276709], [55.1329761, 25.1275934], [55.1330368, 25.1277138], [55.1328492, 25.1277914]]]}}, {"type": "Feature", "properties": {"status": "existing", "bHeight": 12.0, "name": "", "levels": ""}, "geometry": {"type": "Polygon", "coordinates": [[[55.1329526, 25.1279333], [55.1328919, 25.1278129], [55.1330795, 25.1277353], [55.1331403, 25.1278557], [55.1329526, 25.1279333]]]}}, {"type": "Feature", "properties": {"status": "existing", "bHeight": 12.0, "name": "", "levels": ""}, "geometry": {"type": "Polygon", "coordinates": [[[55.1330527, 25.1280881], [55.1329868, 25.1279796], [55.1331647, 25.127891], [55.1332307, 25.1279995], [55.1330527, 25.1280881]]]}}, {"type": "Feature", "properties": {"status": "existing", "bHeight": 12.0, "name": "", "levels": ""}, "geometry": {"type": "Polygon", "coordinates": [[[55.1331531, 25.1282304], [55.1330777, 25.1281156], [55.1332884, 25.1280021], [55.1333638, 25.1281169], [55.1331531, 25.1282304]]]}}, {"type": "Feature", "properties": {"status": "existing", "bHeight": 12.0, "name": "", "levels": ""}, "geometry": {"type": "Polygon", "coordinates": [[[55.1332601, 25.1283718], [55.1331798, 25.1282604], [55.1333785, 25.1281463], [55.1334494, 25.1282686], [55.1333964, 25.1282994], [55.1333669, 25.1282703], [55.1333119, 25.1283346], [55.1332601, 25.1283718]]]}}, {"type": "Feature", "properties": {"status": "existing", "bHeight": 12.0, "name": "", "levels": ""}, "geometry": {"type": "Polygon", "coordinates": [[[55.1333544, 25.1285043], [55.1332835, 25.1283977], [55.1334727, 25.1282945], [55.1335517, 25.1284083], [55.1334903, 25.1284402], [55.1334755, 25.1284135], [55.1334004, 25.1284779], [55.1333544, 25.1285043]]]}}, {"type": "Feature", "properties": {"status": "existing", "bHeight": 12.0, "name": "", "levels": ""}, "geometry": {"type": "Polygon", "coordinates": [[[55.1332412, 25.127377], [55.1331672, 25.1272513], [55.1333539, 25.1271612], [55.1334279, 25.1272869], [55.1332412, 25.127377]]]}}, {"type": "Feature", "properties": {"status": "existing", "bHeight": 12.0, "name": "", "levels": ""}, "geometry": {"type": "Polygon", "coordinates": [[[55.1333168, 25.1275251], [55.1332428, 25.1273994], [55.1334294, 25.1273093], [55.1335034, 25.1274351], [55.1333168, 25.1275251]]]}}, {"type": "Feature", "properties": {"status": "existing", "bHeight": 12.0, "name": "", "levels": ""}, "geometry": {"type": "Polygon", "coordinates": [[[55.1334113, 25.1276684], [55.1333372, 25.1275427], [55.1335239, 25.1274526], [55.1335979, 25.1275783], [55.1334113, 25.1276684]]]}}, {"type": "Feature", "properties": {"status": "existing", "bHeight": 12.0, "name": "", "levels": ""}, "geometry": {"type": "Polygon", "coordinates": [[[55.1335004, 25.1278049], [55.1334264, 25.1276792], [55.1336131, 25.1275891], [55.1336871, 25.1277148], [55.1335004, 25.1278049]]]}}, {"type": "Feature", "properties": {"status": "existing", "bHeight": 12.0, "name": "", "levels": ""}, "geometry": {"type": "Polygon", "coordinates": [[[55.1336102, 25.1279483], [55.1335361, 25.1278226], [55.1337228, 25.1277325], [55.1337968, 25.1278582], [55.1336102, 25.1279483]]]}}, {"type": "Feature", "properties": {"status": "existing", "bHeight": 12.0, "name": "", "levels": ""}, "geometry": {"type": "Polygon", "coordinates": [[[55.1336936, 25.1280944], [55.1336196, 25.1279687], [55.1338062, 25.1278786], [55.1338802, 25.1280043], [55.1336936, 25.1280944]]]}}, {"type": "Feature", "properties": {"status": "existing", "bHeight": 12.0, "name": "", "levels": ""}, "geometry": {"type": "Polygon", "coordinates": [[[55.1337907, 25.1282361], [55.1337167, 25.1281104], [55.1339034, 25.1280203], [55.1339774, 25.128146], [55.1337907, 25.1282361]]]}}, {"type": "Feature", "properties": {"status": "existing", "bHeight": 12.0, "name": "", "levels": ""}, "geometry": {"type": "Polygon", "coordinates": [[[55.1339009, 25.1283721], [55.1338269, 25.1282464], [55.1340136, 25.1281563], [55.1340876, 25.128282], [55.1339009, 25.1283721]]]}}, {"type": "Feature", "properties": {"status": "existing", "bHeight": 12.0, "name": "", "levels": ""}, "geometry": {"type": "Polygon", "coordinates": [[[55.133987, 25.1285179], [55.1339129, 25.1283921], [55.1340996, 25.128302], [55.1341736, 25.1284278], [55.133987, 25.1285179]]]}}, {"type": "Feature", "properties": {"status": "existing", "bHeight": 12.0, "name": "", "levels": ""}, "geometry": {"type": "Polygon", "coordinates": [[[55.1341007, 25.1286632], [55.1340273, 25.1285394], [55.1342127, 25.1284493], [55.1342861, 25.1285731], [55.1341007, 25.1286632]]]}}, {"type": "Feature", "properties": {"status": "existing", "bHeight": 12.0, "name": "", "levels": ""}, "geometry": {"type": "Polygon", "coordinates": [[[55.1334757, 25.1286894], [55.1334075, 25.1285791], [55.1335968, 25.1284759], [55.133673, 25.128591], [55.133615, 25.128626], [55.1336016, 25.1285908], [55.1335265, 25.1286539], [55.1334757, 25.1286894]]]}}, {"type": "Feature", "properties": {"status": "existing", "bHeight": 12.0, "name": "", "levels": ""}, "geometry": {"type": "Polygon", "coordinates": [[[55.1335854, 25.1288291], [55.1335145, 25.1287225], [55.1337037, 25.1286193], [55.1337746, 25.1287332], [55.1337183, 25.1287717], [55.1336887, 25.1287377], [55.1336378, 25.1287911], [55.1335854, 25.1288291]]]}}, {"type": "Feature", "properties": {"status": "existing", "bHeight": 12.0, "name": "", "levels": ""}, "geometry": {"type": "Polygon", "coordinates": [[[55.1336679, 25.1289618], [55.133597, 25.1288552], [55.1337862, 25.128752], [55.1338571, 25.1288586], [55.1336679, 25.1289618]]]}}, {"type": "Feature", "properties": {"status": "existing", "bHeight": 12.0, "name": "", "levels": ""}, "geometry": {"type": "Polygon", "coordinates": [[[55.1342853, 25.1298124], [55.1342039, 25.1297126], [55.1344072, 25.1295765], [55.1344887, 25.1296762], [55.1342853, 25.1298124]]]}}, {"type": "Feature", "properties": {"status": "existing", "bHeight": 12.0, "name": "", "levels": ""}, "geometry": {"type": "Polygon", "coordinates": [[[55.1341832, 25.129678], [55.1341042, 25.1295653], [55.1343055, 25.1294403], [55.1343952, 25.1295493], [55.1341832, 25.129678]]]}}, {"type": "Feature", "properties": {"status": "existing", "bHeight": 12.0, "name": "", "levels": ""}, "geometry": {"type": "Polygon", "coordinates": [[[55.1340707, 25.1295345], [55.1339877, 25.1294231], [55.1342105, 25.1292894], [55.1342908, 25.1293839], [55.1340707, 25.1295345]]]}}, {"type": "Feature", "properties": {"status": "existing", "bHeight": 12.0, "name": "", "levels": ""}, "geometry": {"type": "Polygon", "coordinates": [[[55.1339665, 25.1293984], [55.1338956, 25.1292918], [55.1340848, 25.1291886], [55.1341557, 25.1292952], [55.1339665, 25.1293984]]]}}, {"type": "Feature", "properties": {"status": "existing", "bHeight": 12.0, "name": "", "levels": ""}, "geometry": {"type": "Polygon", "coordinates": [[[55.1338648, 25.1292596], [55.1337939, 25.1291531], [55.1339832, 25.1290499], [55.1340541, 25.1291564], [55.1338648, 25.1292596]]]}}, {"type": "Feature", "properties": {"status": "existing", "bHeight": 12.0, "name": "", "levels": ""}, "geometry": {"type": "Polygon", "coordinates": [[[55.1337659, 25.1291175], [55.133695, 25.1290109], [55.1338842, 25.1289077], [55.1339551, 25.1290143], [55.1337659, 25.1291175]]]}}, {"type": "Feature", "properties": {"status": "existing", "bHeight": 12.0, "name": "", "levels": ""}, "geometry": {"type": "Polygon", "coordinates": [[[55.1353986, 25.1311035], [55.1353099, 25.1310066], [55.1354874, 25.1308734], [55.1355761, 25.1309703], [55.1353986, 25.1311035]]]}}, {"type": "Feature", "properties": {"status": "existing", "bHeight": 12.0, "name": "", "levels": ""}, "geometry": {"type": "Polygon", "coordinates": [[[55.1355245, 25.1312182], [55.1354358, 25.1311213], [55.1356133, 25.1309882], [55.135702, 25.1310851], [55.1355245, 25.1312182]]]}}, {"type": "Feature", "properties": {"status": "existing", "bHeight": 12.0, "name": "", "levels": ""}, "geometry": {"type": "Polygon", "coordinates": [[[55.1356344, 25.1313494], [55.1355457, 25.1312525], [55.1357233, 25.1311193], [55.1358119, 25.1312162], [55.1356344, 25.1313494]]]}}, {"type": "Feature", "properties": {"status": "existing", "bHeight": 12.0, "name": "", "levels": ""}, "geometry": {"type": "Polygon", "coordinates": [[[55.135755, 25.1314708], [55.1356663, 25.1313739], [55.1358438, 25.1312408], [55.1359325, 25.1313377], [55.135755, 25.1314708]]]}}, {"type": "Feature", "properties": {"status": "existing", "bHeight": 12.0, "name": "", "levels": ""}, "geometry": {"type": "Polygon", "coordinates": [[[55.1374173, 25.1330174], [55.1375643, 25.1328686], [55.1376703, 25.1329544], [55.1375232, 25.1331032], [55.1374173, 25.1330174]]]}}, {"type": "Feature", "properties": {"status": "existing", "bHeight": 12.0, "name": "", "levels": ""}, "geometry": {"type": "Polygon", "coordinates": [[[55.1375566, 25.1331282], [55.1377036, 25.1329794], [55.1378095, 25.1330652], [55.1376625, 25.133214], [55.1375566, 25.1331282]]]}}, {"type": "Feature", "properties": {"status": "existing", "bHeight": 12.0, "name": "", "levels": ""}, "geometry": {"type": "Polygon", "coordinates": [[[55.1376894, 25.1332374], [55.1378364, 25.1330887], [55.1379423, 25.1331745], [55.1377953, 25.1333232], [55.1376894, 25.1332374]]]}}, {"type": "Feature", "properties": {"status": "existing", "bHeight": 12.0, "name": "", "levels": ""}, "geometry": {"type": "Polygon", "coordinates": [[[55.137829, 25.1333478], [55.137976, 25.1331991], [55.1380947, 25.1332952], [55.1379477, 25.133444], [55.137829, 25.1333478]]]}}, {"type": "Feature", "properties": {"status": "existing", "bHeight": 12.0, "name": "", "levels": ""}, "geometry": {"type": "Polygon", "coordinates": [[[55.1396285, 25.1345692], [55.1397642, 25.1344019], [55.1398574, 25.1344638], [55.1397216, 25.1346312], [55.1396285, 25.1345692]]]}}, {"type": "Feature", "properties": {"status": "existing", "bHeight": 12.0, "name": "", "levels": ""}, "geometry": {"type": "Polygon", "coordinates": [[[55.1400527, 25.1342443], [55.1399302, 25.1341658], [55.140127, 25.1339142], [55.1402495, 25.1339927], [55.1400527, 25.1342443]]]}}, {"type": "Feature", "properties": {"status": "existing", "bHeight": 12.0, "name": "", "levels": ""}, "geometry": {"type": "Polygon", "coordinates": [[[55.1434874, 25.1308844], [55.143352, 25.1308295], [55.1434407, 25.1306505], [55.1435761, 25.1307054], [55.1434874, 25.1308844]]]}}, {"type": "Feature", "properties": {"status": "existing", "bHeight": 12.0, "name": "", "levels": ""}, "geometry": {"type": "Polygon", "coordinates": [[[55.1433254, 25.1308158], [55.1432164, 25.1307771], [55.1432283, 25.1307499], [55.1432056, 25.1307418], [55.1432689, 25.1305958], [55.1434005, 25.1306425], [55.1433254, 25.1308158]]]}}, {"type": "Feature", "properties": {"status": "existing", "bHeight": 12.0, "name": "", "levels": ""}, "geometry": {"type": "Polygon", "coordinates": [[[55.1431453, 25.1307731], [55.1430196, 25.1307221], [55.1431163, 25.1305269], [55.143242, 25.130578], [55.1431453, 25.1307731]]]}}, {"type": "Feature", "properties": {"status": "existing", "bHeight": 12.0, "name": "", "levels": ""}, "geometry": {"type": "Polygon", "coordinates": [[[55.1429704, 25.1307068], [55.1428447, 25.1306558], [55.1429414, 25.1304606], [55.1430671, 25.1305117], [55.1429704, 25.1307068]]]}}, {"type": "Feature", "properties": {"status": "existing", "bHeight": 12.0, "name": "", "levels": ""}, "geometry": {"type": "Polygon", "coordinates": [[[55.1428104, 25.1306364], [55.1426847, 25.1305853], [55.1427814, 25.1303901], [55.1429071, 25.1304412], [55.1428104, 25.1306364]]]}}, {"type": "Feature", "properties": {"status": "existing", "bHeight": 12.0, "name": "", "levels": ""}, "geometry": {"type": "Polygon", "coordinates": [[[55.1426388, 25.1305641], [55.1425131, 25.130513], [55.1426098, 25.1303179], [55.1427355, 25.1303689], [55.1426388, 25.1305641]]]}}, {"type": "Feature", "properties": {"status": "existing", "bHeight": 12.0, "name": "", "levels": ""}, "geometry": {"type": "Polygon", "coordinates": [[[55.142475, 25.1304772], [55.1423494, 25.1304262], [55.1424461, 25.130231], [55.1425717, 25.130282], [55.142475, 25.1304772]]]}}, {"type": "Feature", "properties": {"status": "existing", "bHeight": 12.0, "name": "", "levels": ""}, "geometry": {"type": "Polygon", "coordinates": [[[55.142304, 25.1304171], [55.1421783, 25.1303661], [55.142275, 25.1301709], [55.1424007, 25.1302219], [55.142304, 25.1304171]]]}}, {"type": "Feature", "properties": {"status": "existing", "bHeight": 12.0, "name": "", "levels": ""}, "geometry": {"type": "Polygon", "coordinates": [[[55.1421449, 25.1303382], [55.1420192, 25.1302872], [55.1421159, 25.130092], [55.1422416, 25.130143], [55.1421449, 25.1303382]]]}}, {"type": "Feature", "properties": {"status": "existing", "bHeight": 12.0, "name": "", "levels": ""}, "geometry": {"type": "Polygon", "coordinates": [[[55.1419753, 25.1302683], [55.141899, 25.1302373], [55.1419171, 25.1302006], [55.1418678, 25.1301806], [55.141956, 25.1300027], [55.1420816, 25.1300538], [55.1419753, 25.1302683]]]}}, {"type": "Feature", "properties": {"status": "existing", "bHeight": 12.0, "name": "", "levels": ""}, "geometry": {"type": "Polygon", "coordinates": [[[55.1418199, 25.1301918], [55.1416611, 25.1301272], [55.1417123, 25.1300239], [55.1417329, 25.1300323], [55.1417784, 25.1299405], [55.1419166, 25.1299966], [55.1418199, 25.1301918]]]}}, {"type": "Feature", "properties": {"status": "existing", "bHeight": 12.0, "name": "", "levels": ""}, "geometry": {"type": "Polygon", "coordinates": [[[55.1417165, 25.1307045], [55.1415908, 25.1306535], [55.1416875, 25.1304583], [55.1418132, 25.1305094], [55.1417165, 25.1307045]]]}}, {"type": "Feature", "properties": {"status": "existing", "bHeight": 12.0, "name": "", "levels": ""}, "geometry": {"type": "Polygon", "coordinates": [[[55.1415544, 25.1306352], [55.1414287, 25.1305842], [55.1415254, 25.130389], [55.1416511, 25.13044], [55.1415544, 25.1306352]]]}}, {"type": "Feature", "properties": {"status": "existing", "bHeight": 12.0, "name": "", "levels": ""}, "geometry": {"type": "Polygon", "coordinates": [[[55.1414023, 25.1305511], [55.1412768, 25.1305001], [55.1413735, 25.130305], [55.1415246, 25.1303663], [55.1414864, 25.1304432], [55.1414609, 25.1304329], [55.1414023, 25.1305511]]]}}, {"type": "Feature", "properties": {"status": "existing", "bHeight": 12.0, "name": "", "levels": ""}, "geometry": {"type": "Polygon", "coordinates": [[[55.1412328, 25.1304706], [55.1411071, 25.1304195], [55.1412038, 25.1302244], [55.1413295, 25.1302754], [55.1412328, 25.1304706]]]}}, {"type": "Feature", "properties": {"status": "existing", "bHeight": 12.0, "name": "", "levels": ""}, "geometry": {"type": "Polygon", "coordinates": [[[55.1410742, 25.1303879], [55.1409482, 25.1303368], [55.1410449, 25.1301416], [55.1411953, 25.1302026], [55.1411505, 25.1302931], [55.141126, 25.1302832], [55.1410742, 25.1303879]]]}}, {"type": "Feature", "properties": {"status": "existing", "bHeight": 12.0, "name": "", "levels": ""}, "geometry": {"type": "Polygon", "coordinates": [[[55.1409265, 25.1303175], [55.1407893, 25.1302581], [55.1408983, 25.1300515], [55.1410355, 25.1301108], [55.1409265, 25.1303175]]]}}, {"type": "Feature", "properties": {"status": "existing", "bHeight": 12.0, "name": "", "levels": ""}, "geometry": {"type": "Polygon", "coordinates": [[[55.140763, 25.1302075], [55.1406385, 25.130157], [55.1407352, 25.1299618], [55.1408221, 25.1299971], [55.1407896, 25.1300626], [55.1408272, 25.1300779], [55.140763, 25.1302075]]]}}, {"type": "Feature", "properties": {"status": "existing", "bHeight": 12.0, "name": "", "levels": ""}, "geometry": {"type": "Polygon", "coordinates": [[[55.1405845, 25.1301429], [55.1404646, 25.1300839], [55.1405834, 25.129886], [55.1407033, 25.129945], [55.1405845, 25.1301429]]]}}, {"type": "Feature", "properties": {"status": "existing", "bHeight": 12.0, "name": "", "levels": ""}, "geometry": {"type": "Polygon", "coordinates": [[[55.1391619, 25.1286877], [55.1390478, 25.1286049], [55.1391937, 25.1284399], [55.1393079, 25.1285227], [55.1391619, 25.1286877]]]}}, {"type": "Feature", "properties": {"status": "existing", "bHeight": 12.0, "name": "", "levels": ""}, "geometry": {"type": "Polygon", "coordinates": [[[55.1389996, 25.1286136], [55.1388855, 25.1285308], [55.1390315, 25.1283658], [55.1391456, 25.1284486], [55.1389996, 25.1286136]]]}}, {"type": "Feature", "properties": {"status": "existing", "bHeight": 12.0, "name": "", "levels": ""}, "geometry": {"type": "Polygon", "coordinates": [[[55.1388383, 25.1285033], [55.1387242, 25.1284206], [55.1388702, 25.1282556], [55.1389843, 25.1283384], [55.1388383, 25.1285033]]]}}, {"type": "Feature", "properties": {"status": "existing", "bHeight": 12.0, "name": "", "levels": ""}, "geometry": {"type": "Polygon", "coordinates": [[[55.1386981, 25.1284023], [55.138584, 25.1283196], [55.1387604, 25.1281201], [55.1387869, 25.1281393], [55.138811, 25.128112], [55.1388987, 25.1281757], [55.1386981, 25.1284023]]]}}, {"type": "Feature", "properties": {"status": "existing", "bHeight": 12.0, "name": "", "levels": ""}, "geometry": {"type": "Polygon", "coordinates": [[[55.1385518, 25.1282986], [55.1384273, 25.1282083], [55.1385398, 25.1280813], [55.1385541, 25.1280916], [55.1385876, 25.1280538], [55.1386978, 25.1281336], [55.1385518, 25.1282986]]]}}, {"type": "Feature", "properties": {"status": "existing", "bHeight": 12.0, "name": "", "levels": ""}, "geometry": {"type": "Polygon", "coordinates": [[[55.1384127, 25.1281712], [55.1383382, 25.1281171], [55.1383521, 25.1281015], [55.1383124, 25.1280727], [55.1384445, 25.1279234], [55.1385586, 25.1280062], [55.1384127, 25.1281712]]]}}, {"type": "Feature", "properties": {"status": "existing", "bHeight": 12.0, "name": "", "levels": ""}, "geometry": {"type": "Polygon", "coordinates": [[[55.1382718, 25.1280925], [55.1381421, 25.1279985], [55.13823, 25.1278989], [55.1382462, 25.1279107], [55.1383041, 25.1278452], [55.1384177, 25.1279276], [55.1382718, 25.1280925]]]}}, {"type": "Feature", "properties": {"status": "existing", "bHeight": 12.0, "name": "", "levels": ""}, "geometry": {"type": "Polygon", "coordinates": [[[55.1381221, 25.1279849], [55.138008, 25.1279021], [55.138154, 25.1277372], [55.1382681, 25.1278199], [55.1381221, 25.1279849]]]}}, {"type": "Feature", "properties": {"status": "existing", "bHeight": 12.0, "name": "", "levels": ""}, "geometry": {"type": "Polygon", "coordinates": [[[55.1379662, 25.1284986], [55.1378521, 25.1284159], [55.1380206, 25.1282253], [55.1381348, 25.1283081], [55.1379662, 25.1284986]]]}}, {"type": "Feature", "properties": {"status": "existing", "bHeight": 12.0, "name": "", "levels": ""}, "geometry": {"type": "Polygon", "coordinates": [[[55.1378632, 25.128361], [55.137749, 25.1282783], [55.137895, 25.1281133], [55.1379445, 25.1281492], [55.1379092, 25.1281891], [55.1379738, 25.128236], [55.1378632, 25.128361]]]}}, {"type": "Feature", "properties": {"status": "existing", "bHeight": 12.0, "name": "", "levels": ""}, "geometry": {"type": "Polygon", "coordinates": [[[55.1376828, 25.1282821], [55.1375687, 25.1281993], [55.1377288, 25.1280184], [55.1377923, 25.1280644], [55.1377656, 25.1280946], [55.1378162, 25.1281313], [55.1376828, 25.1282821]]]}}, {"type": "Feature", "properties": {"status": "existing", "bHeight": 12.0, "name": "", "levels": ""}, "geometry": {"type": "Polygon", "coordinates": [[[55.137534, 25.1281791], [55.1374198, 25.1280963], [55.1375658, 25.1279314], [55.1376799, 25.1280141], [55.137534, 25.1281791]]]}}, {"type": "Feature", "properties": {"status": "existing", "bHeight": 12.0, "name": "", "levels": ""}, "geometry": {"type": "Polygon", "coordinates": [[[55.1370796, 25.1278129], [55.1369663, 25.1277307], [55.1371122, 25.1275658], [55.1372504, 25.127666], [55.1371845, 25.1277405], [55.1371596, 25.1277225], [55.1370796, 25.1278129]]]}}, {"type": "Feature", "properties": {"status": "existing", "bHeight": 12.0, "name": "", "levels": ""}, "geometry": {"type": "Polygon", "coordinates": [[[55.1369486, 25.1277011], [55.1368383, 25.1276119], [55.1369949, 25.1274433], [55.1371156, 25.1275442], [55.137062, 25.1276047], [55.1370477, 25.1275943], [55.1369486, 25.1277011]]]}}, {"type": "Feature", "properties": {"status": "existing", "bHeight": 12.0, "name": "", "levels": ""}, "geometry": {"type": "Polygon", "coordinates": [[[55.1368055, 25.1276285], [55.1366801, 25.1275299], [55.1368354, 25.127368], [55.1369608, 25.1274665], [55.1368055, 25.1276285]]]}}, {"type": "Feature", "properties": {"status": "existing", "bHeight": 12.0, "name": "", "levels": ""}, "geometry": {"type": "Polygon", "coordinates": [[[55.1366797, 25.1274742], [55.1365656, 25.1273915], [55.1367115, 25.1272265], [55.1368256, 25.1273093], [55.1366797, 25.1274742]]]}}, {"type": "Feature", "properties": {"status": "existing", "bHeight": 12.0, "name": "", "levels": ""}, "geometry": {"type": "Polygon", "coordinates": [[[55.1365537, 25.1273587], [55.1364396, 25.127276], [55.1365855, 25.127111], [55.1366996, 25.1271938], [55.1365537, 25.1273587]]]}}, {"type": "Feature", "properties": {"status": "existing", "bHeight": 12.0, "name": "", "levels": ""}, "geometry": {"type": "Polygon", "coordinates": [[[55.1364203, 25.1272428], [55.1363062, 25.1271467], [55.1364655, 25.1269891], [55.1365742, 25.1270839], [55.1364203, 25.1272428]]]}}, {"type": "Feature", "properties": {"status": "existing", "bHeight": 12.0, "name": "", "levels": ""}, "geometry": {"type": "Polygon", "coordinates": [[[55.1359161, 25.1267939], [55.1358185, 25.1266875], [55.1360002, 25.1265508], [55.1360978, 25.1266572], [55.1359161, 25.1267939]]]}}, {"type": "Feature", "properties": {"status": "existing", "bHeight": 12.0, "name": "", "levels": ""}, "geometry": {"type": "Polygon", "coordinates": [[[55.1357962, 25.1266658], [55.1356986, 25.1265595], [55.1358803, 25.1264228], [55.1359779, 25.1265291], [55.1357962, 25.1266658]]]}}, {"type": "Feature", "properties": {"status": "existing", "bHeight": 12.0, "name": "", "levels": ""}, "geometry": {"type": "Polygon", "coordinates": [[[55.1356658, 25.126546], [55.1355682, 25.1264396], [55.1357499, 25.1263029], [55.1358475, 25.1264093], [55.1356658, 25.126546]]]}}, {"type": "Feature", "properties": {"status": "existing", "bHeight": 12.0, "name": "", "levels": ""}, "geometry": {"type": "Polygon", "coordinates": [[[55.135545, 25.1264154], [55.1354474, 25.1263091], [55.1356291, 25.1261723], [55.1357267, 25.1262787], [55.135545, 25.1264154]]]}}, {"type": "Feature", "properties": {"status": "existing", "bHeight": 12.0, "name": "", "levels": ""}, "geometry": {"type": "Polygon", "coordinates": [[[55.1354093, 25.1262944], [55.1353117, 25.126188], [55.1354934, 25.1260513], [55.135591, 25.1261577], [55.1354093, 25.1262944]]]}}, {"type": "Feature", "properties": {"status": "existing", "bHeight": 12.0, "name": "", "levels": ""}, "geometry": {"type": "Polygon", "coordinates": [[[55.1352941, 25.1261764], [55.1351965, 25.1260701], [55.1353782, 25.1259333], [55.1354758, 25.1260397], [55.1352941, 25.1261764]]]}}, {"type": "Feature", "properties": {"status": "existing", "bHeight": 12.0, "name": "", "levels": ""}, "geometry": {"type": "Polygon", "coordinates": [[[55.135826, 25.1259794], [55.1357257, 25.125873], [55.1358962, 25.1257413], [55.1359965, 25.1258476], [55.135826, 25.1259794]]]}}, {"type": "Feature", "properties": {"status": "existing", "bHeight": 12.0, "name": "", "levels": ""}, "geometry": {"type": "Polygon", "coordinates": [[[55.1357059, 25.1258534], [55.1356056, 25.125747], [55.135776, 25.1256153], [55.1358763, 25.1257217], [55.1357059, 25.1258534]]]}}, {"type": "Feature", "properties": {"status": "existing", "bHeight": 12.0, "name": "", "levels": ""}, "geometry": {"type": "Polygon", "coordinates": [[[55.1348079, 25.1256459], [55.1349898, 25.1255195], [55.1350816, 25.1256278], [55.1348997, 25.1257542], [55.1348079, 25.1256459]]]}}, {"type": "Feature", "properties": {"status": "existing", "bHeight": 12.0, "name": "", "levels": ""}, "geometry": {"type": "Polygon", "coordinates": [[[55.1346921, 25.1255173], [55.134874, 25.1253909], [55.1349658, 25.1254991], [55.1347839, 25.1256255], [55.1346921, 25.1255173]]]}}, {"type": "Feature", "properties": {"status": "existing", "bHeight": 12.0, "name": "", "levels": ""}, "geometry": {"type": "Polygon", "coordinates": [[[55.1345757, 25.125382], [55.1347746, 25.1252438], [55.1348664, 25.1253521], [55.1346675, 25.1254903], [55.1345757, 25.125382]]]}}, {"type": "Feature", "properties": {"status": "existing", "bHeight": 12.0, "name": "", "levels": ""}, "geometry": {"type": "Polygon", "coordinates": [[[55.1344572, 25.1252587], [55.1346604, 25.1251175], [55.1347522, 25.1252258], [55.134549, 25.125367], [55.1344572, 25.1252587]]]}}, {"type": "Feature", "properties": {"status": "existing", "bHeight": 12.0, "name": "", "levels": ""}, "geometry": {"type": "Polygon", "coordinates": [[[55.1349857, 25.125072], [55.1351676, 25.1249456], [55.1352594, 25.1250539], [55.1350774, 25.1251803], [55.1349857, 25.125072]]]}}, {"type": "Feature", "properties": {"status": "existing", "bHeight": 12.0, "name": "", "levels": ""}, "geometry": {"type": "Polygon", "coordinates": [[[55.1348622, 25.1249408], [55.1350441, 25.1248144], [55.1351359, 25.1249226], [55.134954, 25.125049], [55.1348622, 25.1249408]]]}}, {"type": "Feature", "properties": {"status": "existing", "bHeight": 12.0, "name": "", "levels": ""}, "geometry": {"type": "Polygon", "coordinates": [[[55.1341868, 25.1249258], [55.1341055, 25.1248119], [55.1342968, 25.1247], [55.1343781, 25.1248139], [55.1341868, 25.1249258]]]}}, {"type": "Feature", "properties": {"status": "existing", "bHeight": 12.0, "name": "", "levels": ""}, "geometry": {"type": "Polygon", "coordinates": [[[55.1340753, 25.1247846], [55.1339941, 25.1246707], [55.1341988, 25.1245509], [55.1342801, 25.1246648], [55.1340753, 25.1247846]]]}}, {"type": "Feature", "properties": {"status": "existing", "bHeight": 12.0, "name": "", "levels": ""}, "geometry": {"type": "Polygon", "coordinates": [[[55.133747, 25.1234391], [55.1336649, 25.1233224], [55.133845, 25.1232187], [55.1339271, 25.1233354], [55.133747, 25.1234391]]]}}, {"type": "Feature", "properties": {"status": "existing", "bHeight": 12.0, "name": "", "levels": ""}, "geometry": {"type": "Polygon", "coordinates": [[[55.1336463, 25.1232989], [55.1335642, 25.1231822], [55.1337443, 25.1230785], [55.1338264, 25.1231952], [55.1336463, 25.1232989]]]}}, {"type": "Feature", "properties": {"status": "existing", "bHeight": 12.0, "name": "", "levels": ""}, "geometry": {"type": "Polygon", "coordinates": [[[55.1335243, 25.1231616], [55.1334423, 25.1230448], [55.1336223, 25.1229411], [55.1337044, 25.1230578], [55.1335243, 25.1231616]]]}}, {"type": "Feature", "properties": {"status": "existing", "bHeight": 12.0, "name": "", "levels": ""}, "geometry": {"type": "Polygon", "coordinates": [[[55.1334626, 25.1230081], [55.1333806, 25.1228914], [55.1335606, 25.1227876], [55.1336427, 25.1229044], [55.1334626, 25.1230081]]]}}, {"type": "Feature", "properties": {"status": "existing", "bHeight": 12.0, "name": "", "levels": ""}, "geometry": {"type": "Polygon", "coordinates": [[[55.1331325, 25.1234943], [55.1330505, 25.1233775], [55.1332306, 25.1232738], [55.1333126, 25.1233905], [55.1331325, 25.1234943]]]}}, {"type": "Feature", "properties": {"status": "existing", "bHeight": 12.0, "name": "", "levels": ""}, "geometry": {"type": "Polygon", "coordinates": [[[55.1330499, 25.1233493], [55.1329679, 25.1232326], [55.1331479, 25.1231289], [55.13323, 25.1232456], [55.1330499, 25.1233493]]]}}, {"type": "Feature", "properties": {"status": "existing", "bHeight": 12.0, "name": "", "levels": ""}, "geometry": {"type": "Polygon", "coordinates": [[[55.1329436, 25.1232053], [55.1328616, 25.1230886], [55.1330662, 25.1229707], [55.1331483, 25.1230875], [55.1329436, 25.1232053]]]}}, {"type": "Feature", "properties": {"status": "existing", "bHeight": 12.0, "name": "", "levels": ""}, "geometry": {"type": "Polygon", "coordinates": [[[55.1328573, 25.1230574], [55.1327752, 25.1229407], [55.1329741, 25.1228262], [55.1330561, 25.1229429], [55.1328573, 25.1230574]]]}}, {"type": "Feature", "properties": {"status": "existing", "bHeight": 12.0, "name": "", "levels": ""}, "geometry": {"type": "Polygon", "coordinates": [[[55.1325463, 25.1225774], [55.1324812, 25.12246], [55.1326731, 25.1223727], [55.1327382, 25.1224902], [55.1325463, 25.1225774]]]}}, {"type": "Feature", "properties": {"status": "existing", "bHeight": 12.0, "name": "", "levels": ""}, "geometry": {"type": "Polygon", "coordinates": [[[55.1324604, 25.1224289], [55.1323953, 25.1223114], [55.1325872, 25.1222242], [55.1326523, 25.1223416], [55.1324604, 25.1224289]]]}}, {"type": "Feature", "properties": {"status": "existing", "bHeight": 12.0, "name": "", "levels": ""}, "geometry": {"type": "Polygon", "coordinates": [[[55.1323699, 25.1222771], [55.1323047, 25.1221597], [55.1324966, 25.1220724], [55.1325618, 25.1221899], [55.1323699, 25.1222771]]]}}, {"type": "Feature", "properties": {"status": "existing", "bHeight": 12.0, "name": "", "levels": ""}, "geometry": {"type": "Polygon", "coordinates": [[[55.1322908, 25.1221247], [55.1322257, 25.1220072], [55.1324176, 25.12192], [55.1324827, 25.1220374], [55.1322908, 25.1221247]]]}}, {"type": "Feature", "properties": {"status": "existing", "bHeight": 12.0, "name": "", "levels": ""}, "geometry": {"type": "Polygon", "coordinates": [[[55.1330495, 25.1223905], [55.1329843, 25.1222731], [55.1331762, 25.1221858], [55.1332414, 25.1223033], [55.1330495, 25.1223905]]]}}, {"type": "Feature", "properties": {"status": "existing", "bHeight": 12.0, "name": "", "levels": ""}, "geometry": {"type": "Polygon", "coordinates": [[[55.1329692, 25.1222448], [55.132893, 25.1221073], [55.1329755, 25.1220697], [55.1329866, 25.1220898], [55.133096, 25.1220401], [55.1331611, 25.1221576], [55.1329692, 25.1222448]]]}}, {"type": "Feature", "properties": {"status": "existing", "bHeight": 12.0, "name": "", "levels": ""}, "geometry": {"type": "Polygon", "coordinates": [[[55.1328914, 25.1220729], [55.1328263, 25.1219554], [55.1330182, 25.1218682], [55.1330833, 25.1219856], [55.1328914, 25.1220729]]]}}, {"type": "Feature", "properties": {"status": "existing", "bHeight": 12.0, "name": "", "levels": ""}, "geometry": {"type": "Polygon", "coordinates": [[[55.1327993, 25.1219432], [55.1327341, 25.1218258], [55.132926, 25.1217385], [55.1329911, 25.121856], [55.1327993, 25.1219432]]]}}, {"type": "Feature", "properties": {"status": "existing", "bHeight": 12.0, "name": "", "levels": ""}, "geometry": {"type": "Polygon", "coordinates": [[[55.134764, 25.1212677], [55.1347007, 25.1212024], [55.1347284, 25.1211805], [55.1346955, 25.1211466], [55.1348211, 25.1210468], [55.1349171, 25.1211458], [55.134764, 25.1212677]]]}}, {"type": "Feature", "properties": {"status": "existing", "bHeight": 12.0, "name": "", "levels": ""}, "geometry": {"type": "Polygon", "coordinates": [[[55.1346367, 25.1211456], [55.1345406, 25.1210466], [55.1346938, 25.1209247], [55.1347899, 25.1210238], [55.1346367, 25.1211456]]]}}, {"type": "Feature", "properties": {"status": "existing", "bHeight": 12.0, "name": "", "levels": ""}, "geometry": {"type": "Polygon", "coordinates": [[[55.1345308, 25.1210089], [55.1344614, 25.1209374], [55.1344829, 25.1209204], [55.1344562, 25.1208929], [55.1345879, 25.120788], [55.134684, 25.1208871], [55.1345308, 25.1210089]]]}}, {"type": "Feature", "properties": {"status": "existing", "bHeight": 12.0, "name": "", "levels": ""}, "geometry": {"type": "Polygon", "coordinates": [[[55.134404, 25.1208967], [55.1343079, 25.1207977], [55.1344611, 25.1206758], [55.1345572, 25.1207749], [55.134404, 25.1208967]]]}}, {"type": "Feature", "properties": {"status": "existing", "bHeight": 12.0, "name": "", "levels": ""}, "geometry": {"type": "Polygon", "coordinates": [[[55.1345812, 25.1218245], [55.1344851, 25.1217255], [55.1346383, 25.1216037], [55.1347344, 25.1217027], [55.1345812, 25.1218245]]]}}, {"type": "Feature", "properties": {"status": "existing", "bHeight": 12.0, "name": "", "levels": ""}, "geometry": {"type": "Polygon", "coordinates": [[[55.1347011, 25.1219435], [55.134605, 25.1218445], [55.1347582, 25.1217226], [55.1348543, 25.1218216], [55.1347011, 25.1219435]]]}}, {"type": "Feature", "properties": {"status": "existing", "bHeight": 12.0, "name": "", "levels": ""}, "geometry": {"type": "Polygon", "coordinates": [[[55.134833, 25.1220661], [55.1347369, 25.121967], [55.1348901, 25.1218452], [55.1349862, 25.1219442], [55.134833, 25.1220661]]]}}, {"type": "Feature", "properties": {"status": "existing", "bHeight": 12.0, "name": "", "levels": ""}, "geometry": {"type": "Polygon", "coordinates": [[[55.1349501, 25.1221953], [55.134854, 25.1220962], [55.1350072, 25.1219744], [55.1351032, 25.1220734], [55.1349501, 25.1221953]]]}}, {"type": "Feature", "properties": {"status": "existing", "bHeight": 12.0, "name": "", "levels": ""}, "geometry": {"type": "Polygon", "coordinates": [[[55.135086, 25.1223104], [55.13499, 25.1222114], [55.1351431, 25.1220895], [55.1352392, 25.1221886], [55.135086, 25.1223104]]]}}, {"type": "Feature", "properties": {"status": "existing", "bHeight": 12.0, "name": "", "levels": ""}, "geometry": {"type": "Polygon", "coordinates": [[[55.1352065, 25.1224225], [55.1351104, 25.1223235], [55.1352636, 25.1222016], [55.1353597, 25.1223006], [55.1352065, 25.1224225]]]}}, {"type": "Feature", "properties": {"status": "existing", "bHeight": 12.0, "name": "", "levels": ""}, "geometry": {"type": "Polygon", "coordinates": [[[55.1353263, 25.1225716], [55.1352302, 25.1224725], [55.1353834, 25.1223507], [55.1354795, 25.1224497], [55.1353263, 25.1225716]]]}}, {"type": "Feature", "properties": {"status": "existing", "bHeight": 12.0, "name": "", "levels": ""}, "geometry": {"type": "Polygon", "coordinates": [[[55.1354502, 25.1226835], [55.1353541, 25.1225845], [55.1355073, 25.1224626], [55.1356034, 25.1225616], [55.1354502, 25.1226835]]]}}, {"type": "Feature", "properties": {"status": "existing", "bHeight": 12.6, "name": "Villa Grande on Palm Jumeirah", "levels": "3", "height_source": "osm_geom", "height_basis": "osm levels 3 · 100% of this footprint"}, "geometry": {"type": "Polygon", "coordinates": [[[55.1355918, 25.1227907], [55.1354957, 25.1226917], [55.1356489, 25.1225698], [55.135745, 25.1226688], [55.1355918, 25.1227907]]]}}, {"type": "Feature", "properties": {"status": "existing", "bHeight": 12.0, "name": "", "levels": ""}, "geometry": {"type": "Polygon", "coordinates": [[[55.1357238, 25.1229078], [55.1356277, 25.1228088], [55.1357809, 25.1226869], [55.135877, 25.1227859], [55.1357238, 25.1229078]]]}}, {"type": "Feature", "properties": {"status": "existing", "bHeight": 12.0, "name": "", "levels": ""}, "geometry": {"type": "Polygon", "coordinates": [[[55.1358584, 25.1230221], [55.1357623, 25.1229231], [55.1359155, 25.1228013], [55.1360116, 25.1229003], [55.1358584, 25.1230221]]]}}, {"type": "Feature", "properties": {"status": "existing", "bHeight": 12.0, "name": "", "levels": ""}, "geometry": {"type": "Polygon", "coordinates": [[[55.1359852, 25.1231505], [55.1358838, 25.1230551], [55.1360502, 25.1229101], [55.1361516, 25.1230056], [55.1359852, 25.1231505]]]}}, {"type": "Feature", "properties": {"status": "existing", "bHeight": 12.0, "name": "", "levels": ""}, "geometry": {"type": "Polygon", "coordinates": [[[55.1361206, 25.123255], [55.1360243, 25.123166], [55.1361764, 25.1230311], [55.1362727, 25.1231201], [55.1361206, 25.123255]]]}}, {"type": "Feature", "properties": {"status": "existing", "bHeight": 12.0, "name": "", "levels": ""}, "geometry": {"type": "Polygon", "coordinates": [[[55.1362613, 25.1233548], [55.1361628, 25.1232711], [55.1363276, 25.1231122], [55.1364446, 25.1232117], [55.136386, 25.1232681], [55.1363676, 25.1232524], [55.1362613, 25.1233548]]]}}, {"type": "Feature", "properties": {"status": "existing", "bHeight": 12.0, "name": "", "levels": ""}, "geometry": {"type": "Polygon", "coordinates": [[[55.1364187, 25.1234901], [55.1362976, 25.1233963], [55.1364412, 25.1232443], [55.1365623, 25.1233381], [55.1364187, 25.1234901]]]}}, {"type": "Feature", "properties": {"status": "existing", "bHeight": 12.0, "name": "", "levels": ""}, "geometry": {"type": "Polygon", "coordinates": [[[55.1351655, 25.1216906], [55.135062, 25.1215822], [55.1352255, 25.1214543], [55.1353289, 25.1215626], [55.1351655, 25.1216906]]]}}, {"type": "Feature", "properties": {"status": "existing", "bHeight": 12.0, "name": "", "levels": ""}, "geometry": {"type": "Polygon", "coordinates": [[[55.1352927, 25.1218045], [55.1351892, 25.1216962], [55.1353526, 25.1215682], [55.1354561, 25.1216766], [55.1352927, 25.1218045]]]}}, {"type": "Feature", "properties": {"status": "existing", "bHeight": 12.0, "name": "", "levels": ""}, "geometry": {"type": "Polygon", "coordinates": [[[55.1354073, 25.1219398], [55.1353038, 25.1218315], [55.1354673, 25.1217035], [55.1355708, 25.1218119], [55.1354073, 25.1219398]]]}}, {"type": "Feature", "properties": {"status": "existing", "bHeight": 12.0, "name": "", "levels": ""}, "geometry": {"type": "Polygon", "coordinates": [[[55.1355358, 25.1220589], [55.1354323, 25.1219506], [55.1355958, 25.1218226], [55.1356992, 25.121931], [55.1355358, 25.1220589]]]}}, {"type": "Feature", "properties": {"status": "existing", "bHeight": 12.0, "name": "", "levels": ""}, "geometry": {"type": "Polygon", "coordinates": [[[55.1356782, 25.1221553], [55.1356109, 25.1220848], [55.1356306, 25.1220694], [55.1355944, 25.1220316], [55.1357382, 25.121919], [55.1358417, 25.1220274], [55.1356782, 25.1221553]]]}}, {"type": "Feature", "properties": {"status": "existing", "bHeight": 12.0, "name": "", "levels": ""}, "geometry": {"type": "Polygon", "coordinates": [[[55.1358051, 25.1222906], [55.1357017, 25.1221822], [55.1358651, 25.1220543], [55.1359686, 25.1221626], [55.1358051, 25.1222906]]]}}, {"type": "Feature", "properties": {"status": "existing", "bHeight": 12.0, "name": "", "levels": ""}, "geometry": {"type": "Polygon", "coordinates": [[[55.1367968, 25.1231089], [55.1367227, 25.1230477], [55.1367365, 25.123034], [55.1367077, 25.1230103], [55.1368311, 25.1228877], [55.136934, 25.1229725], [55.1367968, 25.1231089]]]}}, {"type": "Feature", "properties": {"status": "existing", "bHeight": 12.0, "name": "", "levels": ""}, "geometry": {"type": "Polygon", "coordinates": [[[55.1369245, 25.1232276], [55.1368511, 25.1231671], [55.1368704, 25.123148], [55.1368276, 25.1231127], [55.1369632, 25.1229779], [55.1370794, 25.1230737], [55.1369245, 25.1232276]]]}}, {"type": "Feature", "properties": {"status": "existing", "bHeight": 12.0, "name": "", "levels": ""}, "geometry": {"type": "Polygon", "coordinates": [[[55.1370573, 25.1233557], [55.1369411, 25.1232599], [55.137096, 25.1231059], [55.1372122, 25.1232017], [55.1370573, 25.1233557]]]}}, {"type": "Feature", "properties": {"status": "existing", "bHeight": 12.0, "name": "", "levels": ""}, "geometry": {"type": "Polygon", "coordinates": [[[55.1371892, 25.1234602], [55.1370731, 25.1233644], [55.1372279, 25.1232104], [55.1373441, 25.1233062], [55.1371892, 25.1234602]]]}}, {"type": "Feature", "properties": {"status": "existing", "bHeight": 12.0, "name": "", "levels": ""}, "geometry": {"type": "Polygon", "coordinates": [[[55.1373321, 25.1235696], [55.137216, 25.1234738], [55.1373708, 25.1233199], [55.137487, 25.1234157], [55.1373321, 25.1235696]]]}}, {"type": "Feature", "properties": {"status": "existing", "bHeight": 12.0, "name": "", "levels": ""}, "geometry": {"type": "Polygon", "coordinates": [[[55.1374764, 25.1236729], [55.1373602, 25.1235771], [55.1375151, 25.1234232], [55.1376312, 25.123519], [55.1374764, 25.1236729]]]}}, {"type": "Feature", "properties": {"status": "existing", "bHeight": 12.0, "name": "", "levels": ""}, "geometry": {"type": "Polygon", "coordinates": [[[55.1376143, 25.1237819], [55.1374981, 25.1236861], [55.137653, 25.1235322], [55.1377691, 25.123628], [55.1376143, 25.1237819]]]}}, {"type": "Feature", "properties": {"status": "existing", "bHeight": 12.0, "name": "", "levels": ""}, "geometry": {"type": "Polygon", "coordinates": [[[55.1377594, 25.1238879], [55.1376432, 25.1237921], [55.137798, 25.1236382], [55.1379142, 25.123734], [55.1377594, 25.1238879]]]}}, {"type": "Feature", "properties": {"status": "existing", "bHeight": 12.0, "name": "", "levels": ""}, "geometry": {"type": "Polygon", "coordinates": [[[55.1379157, 25.1239769], [55.1377995, 25.1238811], [55.1379544, 25.1237272], [55.1380706, 25.123823], [55.1379157, 25.1239769]]]}}, {"type": "Feature", "properties": {"status": "existing", "bHeight": 12.0, "name": "", "levels": ""}, "geometry": {"type": "Polygon", "coordinates": [[[55.13678, 25.1237809], [55.1366739, 25.1237018], [55.1368365, 25.1235229], [55.1368875, 25.123561], [55.1368654, 25.1235853], [55.1369204, 25.1236263], [55.13678, 25.1237809]]]}}, {"type": "Feature", "properties": {"status": "existing", "bHeight": 12.0, "name": "", "levels": ""}, "geometry": {"type": "Polygon", "coordinates": [[[55.1369193, 25.1238909], [55.1368133, 25.1238119], [55.1369868, 25.1236208], [55.1370495, 25.1236676], [55.1370164, 25.123704], [55.1370598, 25.1237364], [55.1369193, 25.1238909]]]}}, {"type": "Feature", "properties": {"status": "existing", "bHeight": 12.0, "name": "", "levels": ""}, "geometry": {"type": "Polygon", "coordinates": [[[55.1370837, 25.1239797], [55.1369776, 25.1239007], [55.1371537, 25.123707], [55.1372084, 25.1237478], [55.1371728, 25.1237869], [55.1372241, 25.1238252], [55.1370837, 25.1239797]]]}}, {"type": "Feature", "properties": {"status": "existing", "bHeight": 12.0, "name": "", "levels": ""}, "geometry": {"type": "Polygon", "coordinates": [[[55.1372081, 25.124109], [55.137102, 25.1240299], [55.1372425, 25.1238754], [55.1373485, 25.1239545], [55.1372081, 25.124109]]]}}, {"type": "Feature", "properties": {"status": "existing", "bHeight": 12.0, "name": "", "levels": ""}, "geometry": {"type": "Polygon", "coordinates": [[[55.1373448, 25.1242098], [55.1372388, 25.1241307], [55.137402, 25.1239512], [55.137508, 25.1240303], [55.1373448, 25.1242098]]]}}, {"type": "Feature", "properties": {"status": "existing", "bHeight": 12.0, "name": "", "levels": ""}, "geometry": {"type": "Polygon", "coordinates": [[[55.1374885, 25.1243165], [55.1373824, 25.1242375], [55.1375434, 25.1240605], [55.1376493, 25.1241395], [55.1374885, 25.1243165]]]}}, {"type": "Feature", "properties": {"status": "existing", "bHeight": 12.0, "name": "", "levels": ""}, "geometry": {"type": "Polygon", "coordinates": [[[55.1376386, 25.1244174], [55.1375326, 25.1243383], [55.137693, 25.1241618], [55.1377991, 25.1242408], [55.1376386, 25.1244174]]]}}, {"type": "Feature", "properties": {"status": "existing", "bHeight": 12.0, "name": "", "levels": ""}, "geometry": {"type": "Polygon", "coordinates": [[[55.1377885, 25.1245136], [55.1376825, 25.1244346], [55.1378229, 25.1242801], [55.137929, 25.1243591], [55.1377885, 25.1245136]]]}}, {"type": "Feature", "properties": {"status": "existing", "bHeight": 12.0, "name": "", "levels": ""}, "geometry": {"type": "Polygon", "coordinates": [[[55.1379271, 25.1246197], [55.137821, 25.1245406], [55.1379615, 25.1243861], [55.1380675, 25.1244652], [55.1379271, 25.1246197]]]}}, {"type": "Feature", "properties": {"status": "existing", "bHeight": 12.0, "name": "", "levels": ""}, "geometry": {"type": "Polygon", "coordinates": [[[55.1380788, 25.1247218], [55.1379727, 25.1246428], [55.1381132, 25.1244883], [55.1382192, 25.1245673], [55.1380788, 25.1247218]]]}}, {"type": "Feature", "properties": {"status": "existing", "bHeight": 12.0, "name": "", "levels": ""}, "geometry": {"type": "Polygon", "coordinates": [[[55.1382182, 25.1248181], [55.1381122, 25.124739], [55.1382527, 25.1245845], [55.1383587, 25.1246635], [55.1382182, 25.1248181]]]}}, {"type": "Feature", "properties": {"status": "existing", "bHeight": 12.0, "name": "", "levels": ""}, "geometry": {"type": "Polygon", "coordinates": [[[55.1383756, 25.1249122], [55.1382695, 25.1248332], [55.13841, 25.1246787], [55.138516, 25.1247577], [55.1383756, 25.1249122]]]}}, {"type": "Feature", "properties": {"status": "existing", "bHeight": 12.0, "name": "", "levels": ""}, "geometry": {"type": "Polygon", "coordinates": [[[55.1385276, 25.1250114], [55.1384215, 25.1249323], [55.138562, 25.1247778], [55.138668, 25.1248569], [55.1385276, 25.1250114]]]}}, {"type": "Feature", "properties": {"status": "existing", "bHeight": 12.0, "name": "", "levels": ""}, "geometry": {"type": "Polygon", "coordinates": [[[55.1386818, 25.1250937], [55.1385757, 25.1250147], [55.1387162, 25.1248602], [55.1388222, 25.1249392], [55.1386818, 25.1250937]]]}}, {"type": "Feature", "properties": {"status": "existing", "bHeight": 12.0, "name": "", "levels": ""}, "geometry": {"type": "Polygon", "coordinates": [[[55.1388298, 25.1252096], [55.1387209, 25.1251344], [55.1388683, 25.1249594], [55.1389772, 25.1250346], [55.1388298, 25.1252096]]]}}, {"type": "Feature", "properties": {"status": "existing", "bHeight": 12.0, "name": "", "levels": ""}, "geometry": {"type": "Polygon", "coordinates": [[[55.1389968, 25.1253026], [55.1388763, 25.125225], [55.1390102, 25.1250545], [55.1391307, 25.1251321], [55.1389968, 25.1253026]]]}}, {"type": "Feature", "properties": {"status": "existing", "bHeight": 12.0, "name": "", "levels": ""}, "geometry": {"type": "Polygon", "coordinates": [[[55.1382052, 25.1241809], [55.1381223, 25.1241187], [55.1381435, 25.1240956], [55.1381175, 25.1240761], [55.1382347, 25.1239482], [55.1383435, 25.1240299], [55.1382052, 25.1241809]]]}}, {"type": "Feature", "properties": {"status": "existing", "bHeight": 12.0, "name": "", "levels": ""}, "geometry": {"type": "Polygon", "coordinates": [[[55.1383525, 25.1242808], [55.1382406, 25.1241967], [55.1383884, 25.1240352], [55.1385005, 25.1241194], [55.1383525, 25.1242808]]]}}, {"type": "Feature", "properties": {"status": "existing", "bHeight": 12.0, "name": "", "levels": ""}, "geometry": {"type": "Polygon", "coordinates": [[[55.1384879, 25.1244016], [55.1383791, 25.1243199], [55.138531, 25.1241541], [55.1386398, 25.1242358], [55.1384879, 25.1244016]]]}}, {"type": "Feature", "properties": {"status": "existing", "bHeight": 12.0, "name": "", "levels": ""}, "geometry": {"type": "Polygon", "coordinates": [[[55.1386555, 25.1244809], [55.1385468, 25.1243992], [55.1386639, 25.1242713], [55.1387727, 25.124353], [55.1386555, 25.1244809]]]}}, {"type": "Feature", "properties": {"status": "existing", "bHeight": 12.0, "name": "", "levels": ""}, "geometry": {"type": "Polygon", "coordinates": [[[55.1387909, 25.1245815], [55.1387457, 25.1245475], [55.1387566, 25.1245355], [55.1386931, 25.1244878], [55.1388103, 25.1243599], [55.1389191, 25.1244416], [55.1387909, 25.1245815]]]}}, {"type": "Feature", "properties": {"status": "existing", "bHeight": 12.0, "name": "", "levels": ""}, "geometry": {"type": "Polygon", "coordinates": [[[55.1389505, 25.1246717], [55.1388693, 25.1246107], [55.1388877, 25.1245906], [55.1388534, 25.1245648], [55.1389706, 25.124437], [55.1390861, 25.1245238], [55.1389505, 25.1246717]]]}}, {"type": "Feature", "properties": {"status": "existing", "bHeight": 12.0, "name": "", "levels": ""}, "geometry": {"type": "Polygon", "coordinates": [[[55.1428013, 25.1266339], [55.1426816, 25.1265855], [55.142775, 25.1263962], [55.1428947, 25.1264446], [55.1428013, 25.1266339]]]}}, {"type": "Feature", "properties": {"status": "existing", "bHeight": 12.0, "name": "", "levels": ""}, "geometry": {"type": "Polygon", "coordinates": [[[55.1429664, 25.1266901], [55.1428468, 25.1266417], [55.1429402, 25.1264524], [55.1430598, 25.1265008], [55.1429664, 25.1266901]]]}}, {"type": "Feature", "properties": {"status": "existing", "bHeight": 12.0, "name": "", "levels": ""}, "geometry": {"type": "Polygon", "coordinates": [[[55.1427305, 25.1271365], [55.1428288, 25.1269245], [55.142901, 25.1269519], [55.1428912, 25.1269732], [55.1429619, 25.127], [55.1428735, 25.1271908], [55.1427305, 25.1271365]]]}}, {"type": "Feature", "properties": {"status": "existing", "bHeight": 12.0, "name": "", "levels": ""}, "geometry": {"type": "Polygon", "coordinates": [[[55.1429056, 25.1271983], [55.1430036, 25.1269868], [55.1430714, 25.1270126], [55.1430618, 25.1270333], [55.1431369, 25.1270618], [55.1430539, 25.1272563], [55.1429056, 25.1271983]]]}}, {"type": "Feature", "properties": {"status": "existing", "bHeight": 12.0, "name": "", "levels": ""}, "geometry": {"type": "Polygon", "coordinates": [[[55.1430704, 25.1272685], [55.1431716, 25.1270497], [55.1432421, 25.1270764], [55.1432304, 25.1271017], [55.1433029, 25.1271292], [55.1432133, 25.1273227], [55.1430704, 25.1272685]]]}}, {"type": "Feature", "properties": {"status": "existing", "bHeight": 12.0, "name": "", "levels": ""}, "geometry": {"type": "Polygon", "coordinates": [[[55.1432479, 25.1273283], [55.1433438, 25.127121], [55.1434087, 25.1271456], [55.1434011, 25.1271621], [55.1434792, 25.1271917], [55.1433909, 25.1273826], [55.1432479, 25.1273283]]]}}, {"type": "Feature", "properties": {"status": "existing", "bHeight": 12.0, "name": "", "levels": ""}, "geometry": {"type": "Polygon", "coordinates": [[[55.1434163, 25.127375], [55.1435145, 25.1271629], [55.1435886, 25.1271911], [55.1435788, 25.1272123], [55.1436476, 25.1272384], [55.1435593, 25.1274292], [55.1434163, 25.127375]]]}}, {"type": "Feature", "properties": {"status": "existing", "bHeight": 12.0, "name": "", "levels": ""}, "geometry": {"type": "Polygon", "coordinates": [[[55.1435865, 25.1274445], [55.1436862, 25.127229], [55.1437557, 25.1272554], [55.1437443, 25.1272801], [55.1438178, 25.1273079], [55.1437294, 25.1274987], [55.1435865, 25.1274445]]]}}, {"type": "Feature", "properties": {"status": "existing", "bHeight": 12.0, "name": "", "levels": ""}, "geometry": {"type": "Polygon", "coordinates": [[[55.1437576, 25.1275064], [55.1438588, 25.1272877], [55.1439245, 25.1273126], [55.1439113, 25.1273412], [55.1439886, 25.1273705], [55.1439006, 25.1275607], [55.1437576, 25.1275064]]]}}, {"type": "Feature", "properties": {"status": "existing", "bHeight": 12.0, "name": "", "levels": ""}, "geometry": {"type": "Polygon", "coordinates": [[[55.1439347, 25.1275681], [55.1440316, 25.1273589], [55.1440958, 25.1273833], [55.1440873, 25.1274016], [55.1441661, 25.1274315], [55.1440777, 25.1276223], [55.1439347, 25.1275681]]]}}, {"type": "Feature", "properties": {"status": "existing", "bHeight": 12.0, "name": "", "levels": ""}, "geometry": {"type": "Polygon", "coordinates": [[[55.146167, 25.1276666], [55.1462189, 25.1275104], [55.1464674, 25.127578], [55.1464155, 25.1277342], [55.146167, 25.1276666]]]}}, {"type": "Feature", "properties": {"status": "existing", "bHeight": 12.0, "name": "", "levels": ""}, "geometry": {"type": "Polygon", "coordinates": [[[55.1349287, 25.1189928], [55.134851, 25.1189276], [55.1348682, 25.1189109], [55.1348338, 25.118882], [55.134981, 25.1187384], [55.135093, 25.1188325], [55.1349287, 25.1189928]]]}}, {"type": "Feature", "properties": {"status": "existing", "bHeight": 12.0, "name": "", "levels": ""}, "geometry": {"type": "Polygon", "coordinates": [[[55.1350624, 25.1191113], [55.1349504, 25.1190172], [55.1350976, 25.1188736], [55.1352096, 25.1189677], [55.1350624, 25.1191113]]]}}, {"type": "Feature", "properties": {"status": "existing", "bHeight": 12.0, "name": "", "levels": ""}, "geometry": {"type": "Polygon", "coordinates": [[[55.1350852, 25.1197423], [55.1349733, 25.1196583], [55.1351211, 25.1194969], [55.1352452, 25.1195901], [55.1351979, 25.1196417], [55.1351857, 25.1196325], [55.1350852, 25.1197423]]]}}, {"type": "Feature", "properties": {"status": "existing", "bHeight": 12.0, "name": "", "levels": ""}, "geometry": {"type": "Polygon", "coordinates": [[[55.1352254, 25.1198488], [55.1351135, 25.1197648], [55.1352613, 25.1196034], [55.1353886, 25.119699], [55.1353372, 25.119755], [55.1353218, 25.1197435], [55.1352254, 25.1198488]]]}}, {"type": "Feature", "properties": {"status": "existing", "bHeight": 12.0, "name": "", "levels": ""}, "geometry": {"type": "Polygon", "coordinates": [[[55.1353758, 25.1199611], [55.1352639, 25.1198771], [55.1353944, 25.1197108], [55.1355237, 25.1197997], [55.1353758, 25.1199611]]]}}, {"type": "Feature", "properties": {"status": "existing", "bHeight": 12.0, "name": "", "levels": ""}, "geometry": {"type": "Polygon", "coordinates": [[[55.1355159, 25.1200526], [55.1354042, 25.1199688], [55.135552, 25.1198074], [55.1356812, 25.1199044], [55.1356312, 25.119959], [55.1356137, 25.1199459], [55.1355159, 25.1200526]]]}}, {"type": "Feature", "properties": {"status": "existing", "bHeight": 12.0, "name": "", "levels": ""}, "geometry": {"type": "Polygon", "coordinates": [[[55.1356875, 25.1201683], [55.1355535, 25.1200812], [55.1357441, 25.1198408], [55.135803, 25.1198791], [55.1357676, 25.1199237], [55.1358427, 25.1199725], [55.1356875, 25.1201683]]]}}, {"type": "Feature", "properties": {"status": "existing", "bHeight": 12.0, "name": "", "levels": ""}, "geometry": {"type": "Polygon", "coordinates": [[[55.1358152, 25.1202591], [55.1357006, 25.1201848], [55.1358525, 25.1200015], [55.1359737, 25.1200783], [55.1358152, 25.1202591]]]}}, {"type": "Feature", "properties": {"status": "existing", "bHeight": 12.0, "name": "", "levels": ""}, "geometry": {"type": "Polygon", "coordinates": [[[55.1359738, 25.1203423], [55.1358554, 25.1202615], [55.1359995, 25.1200884], [55.1361179, 25.1201692], [55.1359738, 25.1203423]]]}}, {"type": "Feature", "properties": {"status": "existing", "bHeight": 12.0, "name": "", "levels": ""}, "geometry": {"type": "Polygon", "coordinates": [[[55.1361265, 25.1204503], [55.1360058, 25.1203676], [55.1361558, 25.1201881], [55.1362765, 25.1202708], [55.1361265, 25.1204503]]]}}, {"type": "Feature", "properties": {"status": "existing", "bHeight": 12.0, "name": "", "levels": ""}, "geometry": {"type": "Polygon", "coordinates": [[[55.1362672, 25.1205472], [55.1361475, 25.1204684], [55.1362964, 25.1202831], [55.1364161, 25.1203619], [55.1362672, 25.1205472]]]}}, {"type": "Feature", "properties": {"status": "existing", "bHeight": 12.0, "name": "", "levels": ""}, "geometry": {"type": "Polygon", "coordinates": [[[55.1364364, 25.1206399], [55.1363142, 25.1205641], [55.1364551, 25.120378], [55.1365773, 25.1204538], [55.1364364, 25.1206399]]]}}, {"type": "Feature", "properties": {"status": "existing", "bHeight": 12.0, "name": "", "levels": ""}, "geometry": {"type": "Polygon", "coordinates": [[[55.1365864, 25.1207273], [55.1364659, 25.1206541], [55.1366142, 25.1204537], [55.1367347, 25.1205269], [55.1365864, 25.1207273]]]}}, {"type": "Feature", "properties": {"status": "existing", "bHeight": 12.0, "name": "", "levels": ""}, "geometry": {"type": "Polygon", "coordinates": [[[55.136748, 25.1208192], [55.1366226, 25.1207409], [55.1367654, 25.1205535], [55.1368908, 25.1206318], [55.136748, 25.1208192]]]}}, {"type": "Feature", "properties": {"status": "existing", "bHeight": 12.0, "name": "", "levels": ""}, "geometry": {"type": "Polygon", "coordinates": [[[55.1355458, 25.1194587], [55.1354187, 25.1193606], [55.1354927, 25.1192781], [55.1355096, 25.1192899], [55.1355659, 25.119224], [55.1356788, 25.1193028], [55.1355458, 25.1194587]]]}}, {"type": "Feature", "properties": {"status": "existing", "bHeight": 12.0, "name": "", "levels": ""}, "geometry": {"type": "Polygon", "coordinates": [[[55.1356964, 25.1195594], [55.1355638, 25.1194666], [55.1356932, 25.1193149], [55.1358258, 25.1194076], [55.1356964, 25.1195594]]]}}, {"type": "Feature", "properties": {"status": "existing", "bHeight": 12.0, "name": "", "levels": ""}, "geometry": {"type": "Polygon", "coordinates": [[[55.135851, 25.1196444], [55.1357592, 25.1195803], [55.1357759, 25.1195607], [55.1357438, 25.1195383], [55.1358543, 25.1194087], [55.1359782, 25.1194953], [55.135851, 25.1196444]]]}}, {"type": "Feature", "properties": {"status": "existing", "bHeight": 12.0, "name": "", "levels": ""}, "geometry": {"type": "Polygon", "coordinates": [[[55.1360036, 25.1197449], [55.1358735, 25.1196539], [55.1359331, 25.1195841], [55.1359509, 25.1195966], [55.1360132, 25.1195236], [55.1361254, 25.1196021], [55.1360036, 25.1197449]]]}}, {"type": "Feature", "properties": {"status": "existing", "bHeight": 12.0, "name": "", "levels": ""}, "geometry": {"type": "Polygon", "coordinates": [[[55.1361519, 25.1198386], [55.1360221, 25.1197479], [55.1361439, 25.119605], [55.1362737, 25.1196958], [55.1361519, 25.1198386]]]}}, {"type": "Feature", "properties": {"status": "existing", "bHeight": 12.0, "name": "", "levels": ""}, "geometry": {"type": "Polygon", "coordinates": [[[55.1362884, 25.1199497], [55.1361586, 25.1198589], [55.1362697, 25.1197288], [55.1363995, 25.1198195], [55.1362884, 25.1199497]]]}}, {"type": "Feature", "properties": {"status": "existing", "bHeight": 12.0, "name": "", "levels": ""}, "geometry": {"type": "Polygon", "coordinates": [[[55.1364295, 25.1200563], [55.1362998, 25.1199655], [55.1364445, 25.1197959], [55.1365743, 25.1198867], [55.1364295, 25.1200563]]]}}, {"type": "Feature", "properties": {"status": "existing", "bHeight": 12.0, "name": "", "levels": ""}, "geometry": {"type": "Polygon", "coordinates": [[[55.1365882, 25.1201437], [55.1364585, 25.1200529], [55.1365896, 25.1198993], [55.1367194, 25.1199901], [55.1365882, 25.1201437]]]}}, {"type": "Feature", "properties": {"status": "existing", "bHeight": 12.0, "name": "", "levels": ""}, "geometry": {"type": "Polygon", "coordinates": [[[55.1367579, 25.1202274], [55.1366281, 25.1201367], [55.13675, 25.1199938], [55.136865, 25.1200749], [55.1367579, 25.1202274]]]}}, {"type": "Feature", "properties": {"status": "existing", "bHeight": 12.0, "name": "", "levels": ""}, "geometry": {"type": "Polygon", "coordinates": [[[55.1368927, 25.1203323], [55.1367629, 25.1202415], [55.1368981, 25.1200831], [55.1370198, 25.1201605], [55.1368927, 25.1203323]]]}}, {"type": "Feature", "properties": {"status": "existing", "bHeight": 12.0, "name": "", "levels": ""}, "geometry": {"type": "Polygon", "coordinates": [[[55.137853, 25.1208406], [55.137739, 25.1207745], [55.1378435, 25.1206266], [55.1379575, 25.1206927], [55.137853, 25.1208406]]]}}, {"type": "Feature", "properties": {"status": "existing", "bHeight": 12.0, "name": "", "levels": ""}, "geometry": {"type": "Polygon", "coordinates": [[[55.1379993, 25.1209433], [55.1378621, 25.1208638], [55.1379819, 25.1206944], [55.1381191, 25.1207739], [55.1379993, 25.1209433]]]}}, {"type": "Feature", "properties": {"status": "existing", "bHeight": 12.0, "name": "", "levels": ""}, "geometry": {"type": "Polygon", "coordinates": [[[55.1381677, 25.1210265], [55.1380305, 25.1209471], [55.1381506, 25.1207772], [55.1382878, 25.1208566], [55.1381677, 25.1210265]]]}}, {"type": "Feature", "properties": {"status": "existing", "bHeight": 12.0, "name": "", "levels": ""}, "geometry": {"type": "Polygon", "coordinates": [[[55.138332, 25.1210969], [55.1381948, 25.1210174], [55.1382993, 25.1208696], [55.1384285, 25.1209368], [55.138332, 25.1210969]]]}}, {"type": "Feature", "properties": {"status": "existing", "bHeight": 12.0, "name": "", "levels": ""}, "geometry": {"type": "Polygon", "coordinates": [[[55.1384799, 25.1211902], [55.1383426, 25.1211108], [55.1384471, 25.1209629], [55.1385843, 25.1210423], [55.1384799, 25.1211902]]]}}, {"type": "Feature", "properties": {"status": "existing", "bHeight": 12.0, "name": "", "levels": ""}, "geometry": {"type": "Polygon", "coordinates": [[[55.138647, 25.1212624], [55.1385098, 25.121183], [55.1386143, 25.1210351], [55.1387515, 25.1211145], [55.138647, 25.1212624]]]}}, {"type": "Feature", "properties": {"status": "existing", "bHeight": 12.0, "name": "", "levels": ""}, "geometry": {"type": "Polygon", "coordinates": [[[55.1388208, 25.1213349], [55.138688, 25.1212655], [55.1387883, 25.1211081], [55.1389211, 25.1211775], [55.1388208, 25.1213349]]]}}, {"type": "Feature", "properties": {"status": "existing", "bHeight": 12.0, "name": "", "levels": ""}, "geometry": {"type": "Polygon", "coordinates": [[[55.1389705, 25.1214248], [55.1388468, 25.1213609], [55.1389557, 25.1211881], [55.1390794, 25.1212519], [55.1389705, 25.1214248]]]}}, {"type": "Feature", "properties": {"status": "existing", "bHeight": 12.0, "name": "", "levels": ""}, "geometry": {"type": "Polygon", "coordinates": [[[55.1391399, 25.1214966], [55.1390152, 25.1214319], [55.1391238, 25.1212605], [55.1392485, 25.1213253], [55.1391399, 25.1214966]]]}}, {"type": "Feature", "properties": {"status": "existing", "bHeight": 12.0, "name": "", "levels": ""}, "geometry": {"type": "Polygon", "coordinates": [[[55.1393238, 25.1215591], [55.139184, 25.12149], [55.1392812, 25.1213287], [55.139421, 25.1213978], [55.1393238, 25.1215591]]]}}, {"type": "Feature", "properties": {"status": "existing", "bHeight": 12.0, "name": "", "levels": ""}, "geometry": {"type": "Polygon", "coordinates": [[[55.1394728, 25.1216468], [55.1393407, 25.1215843], [55.139439, 25.1214142], [55.1395711, 25.1214767], [55.1394728, 25.1216468]]]}}, {"type": "Feature", "properties": {"status": "existing", "bHeight": 12.0, "name": "", "levels": ""}, "geometry": {"type": "Polygon", "coordinates": [[[55.1396445, 25.121703], [55.1395098, 25.1216439], [55.1395918, 25.1214907], [55.1397265, 25.1215498], [55.1396445, 25.121703]]]}}, {"type": "Feature", "properties": {"status": "existing", "bHeight": 12.0, "name": "", "levels": ""}, "geometry": {"type": "Polygon", "coordinates": [[[55.1374423, 25.1212165], [55.1375756, 25.1210119], [55.1377057, 25.1210815], [55.1375724, 25.1212861], [55.1374423, 25.1212165]]]}}, {"type": "Feature", "properties": {"status": "existing", "bHeight": 12.0, "name": "", "levels": ""}, "geometry": {"type": "Polygon", "coordinates": [[[55.1376045, 25.1213041], [55.1377347, 25.1211045], [55.1378649, 25.121174], [55.1377347, 25.1213737], [55.1376045, 25.1213041]]]}}, {"type": "Feature", "properties": {"status": "existing", "bHeight": 12.0, "name": "", "levels": ""}, "geometry": {"type": "Polygon", "coordinates": [[[55.1377586, 25.1213859], [55.1378905, 25.1211836], [55.1379527, 25.1212169], [55.1379897, 25.1211601], [55.1380761, 25.1212062], [55.1379919, 25.1213354], [55.1379733, 25.1213254], [55.1378886, 25.1214554], [55.1377586, 25.1213859]]]}}, {"type": "Feature", "properties": {"status": "existing", "bHeight": 12.0, "name": "srk", "levels": ""}, "geometry": {"type": "Polygon", "coordinates": [[[55.1379178, 25.1214757], [55.1380465, 25.1212783], [55.1381767, 25.1213479], [55.138048, 25.1215453], [55.1379178, 25.1214757]]]}}, {"type": "Feature", "properties": {"status": "existing", "bHeight": 12.0, "name": "", "levels": ""}, "geometry": {"type": "Polygon", "coordinates": [[[55.1380929, 25.1215419], [55.1382131, 25.1213575], [55.1383433, 25.1214271], [55.1382231, 25.1216115], [55.1380929, 25.1215419]]]}}, {"type": "Feature", "properties": {"status": "existing", "bHeight": 12.0, "name": "", "levels": ""}, "geometry": {"type": "Polygon", "coordinates": [[[55.138248, 25.1216154], [55.138367, 25.1214327], [55.1384972, 25.1215023], [55.1383782, 25.121685], [55.138248, 25.1216154]]]}}, {"type": "Feature", "properties": {"status": "existing", "bHeight": 12.0, "name": "", "levels": ""}, "geometry": {"type": "Polygon", "coordinates": [[[55.1384125, 25.1216932], [55.1385166, 25.1215336], [55.1386468, 25.1216031], [55.1385427, 25.1217628], [55.1384125, 25.1216932]]]}}, {"type": "Feature", "properties": {"status": "existing", "bHeight": 12.0, "name": "", "levels": ""}, "geometry": {"type": "Polygon", "coordinates": [[[55.1385616, 25.1217888], [55.138697, 25.1215812], [55.1388272, 25.1216508], [55.1386918, 25.1218583], [55.1385616, 25.1217888]]]}}, {"type": "Feature", "properties": {"status": "existing", "bHeight": 12.0, "name": "", "levels": ""}, "geometry": {"type": "Polygon", "coordinates": [[[55.1387303, 25.121869], [55.1388302, 25.1216986], [55.1389845, 25.1217727], [55.1389544, 25.121824], [55.1389322, 25.1218133], [55.1388624, 25.1219324], [55.1387303, 25.121869]]]}}, {"type": "Feature", "properties": {"status": "existing", "bHeight": 12.0, "name": "", "levels": ""}, "geometry": {"type": "Polygon", "coordinates": [[[55.1388945, 25.1219471], [55.1389851, 25.1217886], [55.139122, 25.1218509], [55.1390247, 25.1220166], [55.1388945, 25.1219471]]]}}, {"type": "Feature", "properties": {"status": "existing", "bHeight": 12.0, "name": "", "levels": ""}, "geometry": {"type": "Polygon", "coordinates": [[[55.1390594, 25.1220195], [55.1391514, 25.1218634], [55.1392816, 25.1219209], [55.1391896, 25.1220891], [55.1390594, 25.1220195]]]}}, {"type": "Feature", "properties": {"status": "existing", "bHeight": 12.0, "name": "", "levels": ""}, "geometry": {"type": "Polygon", "coordinates": [[[55.1392325, 25.1220867], [55.1393353, 25.1219029], [55.1394891, 25.1219664], [55.1394488, 25.1220338], [55.1394278, 25.1220252], [55.1393573, 25.122143], [55.1392325, 25.1220867]]]}}, {"type": "Feature", "properties": {"status": "existing", "bHeight": 12.0, "name": "", "levels": ""}, "geometry": {"type": "Polygon", "coordinates": [[[55.1393925, 25.1221684], [55.1394846, 25.1220063], [55.1396268, 25.122071], [55.1395509, 25.1222356], [55.1393925, 25.1221684]]]}}, {"type": "Feature", "properties": {"status": "existing", "bHeight": 12.0, "name": "", "levels": ""}, "geometry": {"type": "Polygon", "coordinates": [[[55.1396142, 25.1222615], [55.1396987, 25.122095], [55.1398412, 25.1221542], [55.1397568, 25.1223208], [55.1396142, 25.1222615]]]}}, {"type": "Feature", "properties": {"status": "existing", "bHeight": 12.0, "name": "", "levels": ""}, "geometry": {"type": "Polygon", "coordinates": [[[55.1397795, 25.1223277], [55.1398847, 25.1221203], [55.1399507, 25.1221477], [55.1399299, 25.1221887], [55.1400065, 25.1222205], [55.139922, 25.122387], [55.1397795, 25.1223277]]]}}, {"type": "Feature", "properties": {"status": "existing", "bHeight": 12.0, "name": "", "levels": ""}, "geometry": {"type": "Polygon", "coordinates": [[[55.1399495, 25.1223947], [55.140034, 25.1222282], [55.1401766, 25.1222875], [55.1400921, 25.122454], [55.1399495, 25.1223947]]]}}, {"type": "Feature", "properties": {"status": "existing", "bHeight": 12.0, "name": "", "levels": ""}, "geometry": {"type": "Polygon", "coordinates": [[[55.1401142, 25.1224519], [55.1401987, 25.1222854], [55.1403412, 25.1223446], [55.1402567, 25.1225112], [55.1401142, 25.1224519]]]}}, {"type": "Feature", "properties": {"status": "existing", "bHeight": 12.0, "name": "", "levels": ""}, "geometry": {"type": "Polygon", "coordinates": [[[55.140282, 25.122522], [55.1403665, 25.1223555], [55.1405091, 25.1224148], [55.1404246, 25.1225813], [55.140282, 25.122522]]]}}, {"type": "Feature", "properties": {"status": "existing", "bHeight": 12.0, "name": "", "levels": ""}, "geometry": {"type": "Polygon", "coordinates": [[[55.1404474, 25.1225936], [55.1405318, 25.1224271], [55.1406744, 25.1224863], [55.1405899, 25.1226529], [55.1404474, 25.1225936]]]}}, {"type": "Feature", "properties": {"status": "existing", "bHeight": 12.0, "name": "", "levels": ""}, "geometry": {"type": "Polygon", "coordinates": [[[55.1406171, 25.1226676], [55.1407016, 25.1225011], [55.1408441, 25.1225604], [55.1407597, 25.1227269], [55.1406171, 25.1226676]]]}}, {"type": "Feature", "properties": {"status": "existing", "bHeight": 12.0, "name": "", "levels": ""}, "geometry": {"type": "Polygon", "coordinates": [[[55.1408026, 25.122714], [55.1408871, 25.1225474], [55.1410297, 25.1226067], [55.1409452, 25.1227732], [55.1408026, 25.122714]]]}}, {"type": "Feature", "properties": {"status": "existing", "bHeight": 12.0, "name": "", "levels": ""}, "geometry": {"type": "Polygon", "coordinates": [[[55.1409605, 25.1227832], [55.141045, 25.1226167], [55.1411876, 25.122676], [55.1411031, 25.1228425], [55.1409605, 25.1227832]]]}}, {"type": "Feature", "properties": {"status": "existing", "bHeight": 12.0, "name": "", "levels": ""}, "geometry": {"type": "Polygon", "coordinates": [[[55.1415324, 25.122975], [55.1416192, 25.1227676], [55.1417737, 25.1228207], [55.1416869, 25.123028], [55.1415324, 25.122975]]]}}, {"type": "Feature", "properties": {"status": "existing", "bHeight": 12.0, "name": "", "levels": ""}, "geometry": {"type": "Polygon", "coordinates": [[[55.1417066, 25.1230227], [55.1417963, 25.1228246], [55.1419416, 25.122873], [55.1418517, 25.1230686], [55.1417066, 25.1230227]]]}}, {"type": "Feature", "properties": {"status": "existing", "bHeight": 12.0, "name": "", "levels": ""}, "geometry": {"type": "Polygon", "coordinates": [[[55.1418883, 25.1230881], [55.1419675, 25.1228974], [55.1421128, 25.1229432], [55.1420296, 25.1231317], [55.1418883, 25.1230881]]]}}, {"type": "Feature", "properties": {"status": "existing", "bHeight": 12.0, "name": "", "levels": ""}, "geometry": {"type": "Polygon", "coordinates": [[[55.1420532, 25.1231502], [55.1421298, 25.1229455], [55.1422805, 25.1229918], [55.1422038, 25.1231965], [55.1420532, 25.1231502]]]}}, {"type": "Feature", "properties": {"status": "existing", "bHeight": 12.0, "name": "", "levels": ""}, "geometry": {"type": "Polygon", "coordinates": [[[55.1408715, 25.1221962], [55.1407329, 25.1221407], [55.1408232, 25.1219559], [55.1409619, 25.1220115], [55.1408715, 25.1221962]]]}}, {"type": "Feature", "properties": {"status": "existing", "bHeight": 12.0, "name": "", "levels": ""}, "geometry": {"type": "Polygon", "coordinates": [[[55.1410408, 25.1222619], [55.1409044, 25.1222112], [55.1409934, 25.1220145], [55.1411299, 25.1220651], [55.1410408, 25.1222619]]]}}, {"type": "Feature", "properties": {"status": "existing", "bHeight": 12.0, "name": "", "levels": ""}, "geometry": {"type": "Polygon", "coordinates": [[[55.1411949, 25.1223407], [55.1410718, 25.1222956], [55.1411529, 25.1221143], [55.141276, 25.1221595], [55.1411949, 25.1223407]]]}}, {"type": "Feature", "properties": {"status": "existing", "bHeight": 12.0, "name": "", "levels": ""}, "geometry": {"type": "Polygon", "coordinates": [[[55.1413715, 25.1224027], [55.1412191, 25.1223519], [55.1412892, 25.1221796], [55.1414416, 25.1222304], [55.1413715, 25.1224027]]]}}, {"type": "Feature", "properties": {"status": "existing", "bHeight": 12.0, "name": "", "levels": ""}, "geometry": {"type": "Polygon", "coordinates": [[[55.1415503, 25.1224555], [55.141402, 25.1224012], [55.1414824, 25.122221], [55.1416307, 25.1222752], [55.1415503, 25.1224555]]]}}, {"type": "Feature", "properties": {"status": "existing", "bHeight": 12.0, "name": "", "levels": ""}, "geometry": {"type": "Polygon", "coordinates": [[[55.141728, 25.1225007], [55.1415891, 25.122449], [55.1416682, 25.1222747], [55.1418071, 25.1223265], [55.141728, 25.1225007]]]}}, {"type": "Feature", "properties": {"status": "existing", "bHeight": 12.0, "name": "", "levels": ""}, "geometry": {"type": "Polygon", "coordinates": [[[55.1419023, 25.1225523], [55.1417672, 25.1225028], [55.1418449, 25.1223288], [55.14198, 25.1223782], [55.1419023, 25.1225523]]]}}, {"type": "Feature", "properties": {"status": "existing", "bHeight": 12.0, "name": "", "levels": ""}, "geometry": {"type": "Polygon", "coordinates": [[[55.1420598, 25.1226246], [55.1419353, 25.1225837], [55.1420144, 25.1223856], [55.142139, 25.1224264], [55.1420598, 25.1226246]]]}}, {"type": "Feature", "properties": {"status": "existing", "bHeight": 12.0, "name": "", "levels": ""}, "geometry": {"type": "Polygon", "coordinates": [[[55.1422471, 25.1226739], [55.1421135, 25.1226306], [55.1421873, 25.1224442], [55.1423209, 25.1224875], [55.1422471, 25.1226739]]]}}, {"type": "Feature", "properties": {"status": "existing", "bHeight": 12.0, "name": "", "levels": ""}, "geometry": {"type": "Polygon", "coordinates": [[[55.1424261, 25.1227293], [55.1422866, 25.1226857], [55.1423607, 25.1224918], [55.1425001, 25.1225355], [55.1424261, 25.1227293]]]}}, {"type": "Feature", "properties": {"status": "existing", "bHeight": 12.0, "name": "", "levels": ""}, "geometry": {"type": "Polygon", "coordinates": [[[55.1425882, 25.122784], [55.142456, 25.1227406], [55.1425296, 25.1225567], [55.1426618, 25.1226001], [55.1425882, 25.122784]]]}}, {"type": "Feature", "properties": {"status": "existing", "bHeight": 12.0, "name": "", "levels": ""}, "geometry": {"type": "Polygon", "coordinates": [[[55.1427658, 25.1228308], [55.1426326, 25.1227861], [55.1427102, 25.1225969], [55.1428433, 25.1226416], [55.1427658, 25.1228308]]]}}, {"type": "Feature", "properties": {"status": "existing", "bHeight": 12.0, "name": "", "levels": ""}, "geometry": {"type": "Polygon", "coordinates": [[[55.1429497, 25.1228667], [55.1428083, 25.1228242], [55.1428695, 25.1226571], [55.1430109, 25.1226995], [55.1429497, 25.1228667]]]}}, {"type": "Feature", "properties": {"status": "existing", "bHeight": 12.0, "name": "", "levels": ""}, "geometry": {"type": "Polygon", "coordinates": [[[55.1431145, 25.1229427], [55.1429697, 25.1228963], [55.14304, 25.1227165], [55.1431848, 25.1227629], [55.1431145, 25.1229427]]]}}, {"type": "Feature", "properties": {"status": "existing", "bHeight": 12.0, "name": "", "levels": ""}, "geometry": {"type": "Polygon", "coordinates": [[[55.1432948, 25.1229869], [55.1431498, 25.1229472], [55.143214, 25.1227553], [55.143359, 25.1227951], [55.1432948, 25.1229869]]]}}, {"type": "Feature", "properties": {"status": "existing", "bHeight": 12.0, "name": "", "levels": ""}, "geometry": {"type": "Polygon", "coordinates": [[[55.14349, 25.123015], [55.1433341, 25.1229731], [55.1433959, 25.1227851], [55.1435518, 25.122827], [55.14349, 25.123015]]]}}, {"type": "Feature", "properties": {"status": "existing", "bHeight": 12.0, "name": "", "levels": ""}, "geometry": {"type": "Polygon", "coordinates": [[[55.1438654, 25.1236273], [55.1438814, 25.1235643], [55.1438866, 25.1235438], [55.1439112, 25.1234467], [55.1440155, 25.1234684], [55.1439976, 25.1235389], [55.1440277, 25.1235451], [55.1439998, 25.1236552], [55.1438654, 25.1236273]]]}}, {"type": "Feature", "properties": {"status": "existing", "bHeight": 12.0, "name": "", "levels": ""}, "geometry": {"type": "Polygon", "coordinates": [[[55.1440365, 25.1236643], [55.144097, 25.1234792], [55.1442436, 25.1235184], [55.1441831, 25.1237036], [55.1440365, 25.1236643]]]}}, {"type": "Feature", "properties": {"status": "existing", "bHeight": 12.0, "name": "", "levels": ""}, "geometry": {"type": "Polygon", "coordinates": [[[55.1450003, 25.123859], [55.1450477, 25.1236582], [55.1451934, 25.1236864], [55.145146, 25.1238872], [55.1450003, 25.123859]]]}}, {"type": "Feature", "properties": {"status": "existing", "bHeight": 12.0, "name": "", "levels": ""}, "geometry": {"type": "Polygon", "coordinates": [[[55.1451763, 25.1238955], [55.1452237, 25.1236946], [55.1453694, 25.1237228], [55.145322, 25.1239237], [55.1451763, 25.1238955]]]}}, {"type": "Feature", "properties": {"status": "existing", "bHeight": 12.0, "name": "", "levels": ""}, "geometry": {"type": "Polygon", "coordinates": [[[55.1503773, 25.1042343], [55.1502145, 25.1046061], [55.1498022, 25.1044651], [55.1499482, 25.1044065], [55.1499516, 25.1043862], [55.1499692, 25.1043675], [55.149992, 25.1043656], [55.1500149, 25.1043797], [55.1501553, 25.1043234], [55.1501593, 25.104299], [55.1501793, 25.1042811], [55.1502063, 25.1042816], [55.1502263, 25.1042949], [55.1503773, 25.1042343]]]}}, {"type": "Feature", "properties": {"status": "existing", "bHeight": 12.0, "name": "", "levels": ""}, "geometry": {"type": "Polygon", "coordinates": [[[55.1507797, 25.1044329], [55.1506766, 25.1046777], [55.1505151, 25.1046219], [55.1505394, 25.1045644], [55.1504789, 25.1045435], [55.1505577, 25.1043563], [55.1507797, 25.1044329]]]}}, {"type": "Feature", "properties": {"status": "existing", "bHeight": 12.0, "name": "", "levels": ""}, "geometry": {"type": "Polygon", "coordinates": [[[55.1508502, 25.1043026], [55.1506142, 25.1042108], [55.1506602, 25.104114], [55.1508453, 25.1040726], [55.1508638, 25.1040425], [55.150944, 25.1040045], [55.1509366, 25.1040726], [55.1509193, 25.1041073], [55.1509169, 25.104162], [55.1508502, 25.1043026]]]}}, {"type": "Feature", "properties": {"status": "existing", "bHeight": 12.0, "name": "", "levels": ""}, "geometry": {"type": "Polygon", "coordinates": [[[55.1515812, 25.1038666], [55.1515183, 25.1038102], [55.1515664, 25.1037662], [55.1516293, 25.1038226], [55.1515812, 25.1038666]]]}}, {"type": "Feature", "properties": {"status": "existing", "bHeight": 12.0, "name": "", "levels": ""}, "geometry": {"type": "Polygon", "coordinates": [[[55.1506333, 25.1049373], [55.1506438, 25.1048996], [55.1504887, 25.1048642], [55.1504782, 25.1049019], [55.1506333, 25.1049373]]]}}, {"type": "Feature", "properties": {"status": "existing", "bHeight": 12.0, "name": "", "levels": ""}, "geometry": {"type": "Polygon", "coordinates": [[[55.1517251, 25.1051745], [55.1517247, 25.1049667], [55.1508765, 25.1049682], [55.1508769, 25.1051761], [55.1517251, 25.1051745]]]}}, {"type": "Feature", "properties": {"status": "existing", "bHeight": 12.0, "name": "", "levels": ""}, "geometry": {"type": "Polygon", "coordinates": [[[55.151178, 25.105773], [55.1512114, 25.1054077], [55.1510523, 25.1053958], [55.1510189, 25.1057611], [55.151178, 25.105773]]]}}, {"type": "Feature", "properties": {"status": "existing", "bHeight": 12.0, "name": "", "levels": ""}, "geometry": {"type": "Polygon", "coordinates": [[[55.1515629, 25.1057994], [55.1515964, 25.1054341], [55.1514373, 25.1054222], [55.1514039, 25.1057875], [55.1515629, 25.1057994]]]}}, {"type": "Feature", "properties": {"status": "existing", "bHeight": 12.0, "name": "", "levels": ""}, "geometry": {"type": "Polygon", "coordinates": [[[55.1522156, 25.1057643], [55.1522282, 25.1056186], [55.1523076, 25.1056243], [55.152295, 25.10577], [55.1522156, 25.1057643]]]}}, {"type": "Feature", "properties": {"status": "existing", "bHeight": 12.0, "name": "", "levels": ""}, "geometry": {"type": "Polygon", "coordinates": [[[55.1522406, 25.105566], [55.1522453, 25.1055049], [55.1522549, 25.1053786], [55.1523588, 25.1053851], [55.1523445, 25.1055725], [55.1522406, 25.105566]]]}}, {"type": "Feature", "properties": {"status": "existing", "bHeight": 12.0, "name": "", "levels": ""}, "geometry": {"type": "Polygon", "coordinates": [[[55.1524869, 25.1053562], [55.1524952, 25.1052931], [55.1525999, 25.1053044], [55.1525916, 25.1053676], [55.1524869, 25.1053562]]]}}, {"type": "Feature", "properties": {"status": "existing", "bHeight": 12.0, "name": "", "levels": ""}, "geometry": {"type": "Polygon", "coordinates": [[[55.1524113, 25.1049477], [55.1524187, 25.1048944], [55.15258, 25.1049128], [55.1525726, 25.1049661], [55.1524113, 25.1049477]]]}}, {"type": "Feature", "properties": {"status": "existing", "bHeight": 12.0, "name": "", "levels": ""}, "geometry": {"type": "Polygon", "coordinates": [[[55.1521534, 25.106398], [55.152401, 25.1060579], [55.1523119, 25.1059686], [55.1522108, 25.1058672], [55.1521927, 25.105849], [55.1519655, 25.1058335], [55.1517768, 25.1059742], [55.1521534, 25.106398]]]}}, {"type": "Feature", "properties": {"status": "existing", "bHeight": 12.0, "name": "", "levels": ""}, "geometry": {"type": "Polygon", "coordinates": [[[55.1517658, 25.1060449], [55.1514384, 25.1062739], [55.1515073, 25.1063547], [55.1515599, 25.1063179], [55.1517341, 25.1065221], [55.151857, 25.106436], [55.151917, 25.1065064], [55.1520337, 25.1064248], [55.1517835, 25.1061314], [55.1518186, 25.1061068], [55.1517658, 25.1060449]]]}}, {"type": "Feature", "properties": {"status": "existing", "bHeight": 73.8, "name": "فايڤ نخلة الجميرة دبي", "levels": "17"}, "geometry": {"type": "Polygon", "coordinates": [[[55.148172, 25.1043343], [55.1482775, 25.104255], [55.148339, 25.1043224], [55.1483229, 25.1043334], [55.148396, 25.1044202], [55.1481715, 25.1045969], [55.1481833, 25.1046127], [55.1481217, 25.104657], [55.1481024, 25.1046355], [55.1480366, 25.1046801], [55.1480459, 25.1046904], [55.1480265, 25.104705], [55.1480446, 25.1047274], [55.1480567, 25.1047505], [55.1479474, 25.1047031], [55.1479987, 25.1046118], [55.1478972, 25.1045584], [55.1475792, 25.1042009], [55.1474521, 25.1042938], [55.1480424, 25.1049697], [55.1480513, 25.1049631], [55.1480765, 25.1049443], [55.1480994, 25.1049273], [55.1481266, 25.1049622], [55.1486374, 25.1045764], [55.1485618, 25.104495], [55.1487185, 25.1043756], [55.1488599, 25.1042679], [55.1489356, 25.1043493], [55.1494452, 25.1039659], [55.1494726, 25.1039452], [55.149495, 25.1039282], [55.1488748, 25.1032285], [55.1487452, 25.1033233], [55.1490519, 25.1036719], [55.1491057, 25.1037665], [55.1492137, 25.1037252], [55.1492352, 25.103748], [55.1492435, 25.1038194], [55.1492077, 25.1038482], [55.1491721, 25.1038142], [55.1491108, 25.1038609], [55.1491222, 25.1038752], [55.1491051, 25.1038895], [55.1491215, 25.1039077], [55.1490551, 25.1039539], [55.14904, 25.1039353], [55.1488017, 25.104116], [55.148702, 25.1039938], [55.1488479, 25.1038883], [55.1487152, 25.1037453], [55.1487175, 25.1037419], [55.148682, 25.1037061], [55.1486649, 25.1037158], [55.1486612, 25.1037055], [55.148638, 25.1037016], [55.1485863, 25.1037406], [55.1486001, 25.1037569], [55.1485313, 25.1038048], [55.1485442, 25.1038201], [55.1485145, 25.1038408], [55.1484977, 25.1038209], [55.1484446, 25.1038578], [55.1484562, 25.1038715], [55.1484314, 25.1038888], [55.1484473, 25.1039076], [55.1484519, 25.1039044], [55.1484706, 25.1039265], [55.1484491, 25.1039414], [55.1484912, 25.1039911], [55.1484996, 25.1039853], [55.1485527, 25.104048], [55.1484729, 25.1041081], [55.1483919, 25.1041692], [55.148284, 25.1040492], [55.1481982, 25.1040486], [55.1480096, 25.1041914], [55.1480276, 25.1042115], [55.1480113, 25.1042234], [55.1480731, 25.1042925], [55.1480829, 25.1042854], [55.1481215, 25.1043286], [55.1480955, 25.1043477], [55.1481536, 25.1044127], [55.1482089, 25.1043734], [55.148172, 25.1043343]]]}}, {"type": "Feature", "properties": {"status": "existing", "bHeight": 12.0, "name": "", "levels": ""}, "geometry": {"type": "Polygon", "coordinates": [[[55.1478016, 25.1042701], [55.1476551, 25.1041085], [55.1477351, 25.104049], [55.1478816, 25.1042106], [55.1478016, 25.1042701]]]}}, {"type": "Feature", "properties": {"status": "existing", "bHeight": 12.0, "name": "", "levels": ""}, "geometry": {"type": "Polygon", "coordinates": [[[55.147923, 25.1041798], [55.1477763, 25.1040158], [55.1478564, 25.1039571], [55.1480031, 25.1041211], [55.147923, 25.1041798]]]}}, {"type": "Feature", "properties": {"status": "existing", "bHeight": 12.0, "name": "", "levels": ""}, "geometry": {"type": "Polygon", "coordinates": [[[55.1480364, 25.1040911], [55.1478921, 25.103923], [55.1479713, 25.1038673], [55.1481156, 25.1040354], [55.1480364, 25.1040911]]]}}, {"type": "Feature", "properties": {"status": "existing", "bHeight": 12.0, "name": "", "levels": ""}, "geometry": {"type": "Polygon", "coordinates": [[[55.1484659, 25.1037669], [55.1483164, 25.1035989], [55.1484008, 25.1035373], [55.1485503, 25.1037052], [55.1484659, 25.1037669]]]}}, {"type": "Feature", "properties": {"status": "existing", "bHeight": 12.0, "name": "", "levels": ""}, "geometry": {"type": "Polygon", "coordinates": [[[55.1485811, 25.1036747], [55.148432, 25.1035063], [55.1485136, 25.103447], [55.1486627, 25.1036153], [55.1485811, 25.1036747]]]}}, {"type": "Feature", "properties": {"status": "existing", "bHeight": 12.0, "name": "", "levels": ""}, "geometry": {"type": "Polygon", "coordinates": [[[55.1486907, 25.1035778], [55.1485543, 25.1034179], [55.1486346, 25.1033617], [55.148771, 25.1035216], [55.1486907, 25.1035778]]]}}, {"type": "Feature", "properties": {"status": "existing", "bHeight": 31.8, "name": "", "levels": "9", "height_source": "osm_geom", "height_basis": "osm levels 9 · 100% of this footprint"}, "geometry": {"type": "Polygon", "coordinates": [[[55.1443047, 25.1070428], [55.1440595, 25.106768], [55.1442743, 25.1066108], [55.1445195, 25.1068857], [55.1443047, 25.1070428]]]}}, {"type": "Feature", "properties": {"status": "existing", "bHeight": 31.8, "name": "", "levels": "9", "height_source": "osm_geom", "height_basis": "osm levels 9 · 100% of this footprint"}, "geometry": {"type": "Polygon", "coordinates": [[[55.1439315, 25.1073022], [55.1436983, 25.1070558], [55.1439658, 25.1068483], [55.144199, 25.1070947], [55.1439315, 25.1073022]]]}}, {"type": "Feature", "properties": {"status": "existing", "bHeight": 12.0, "name": "Tumbi Hotel Dubai The Palm, Tapestry Collection by Hilton", "levels": ""}, "geometry": {"type": "Polygon", "coordinates": [[[55.1439367, 25.1083699], [55.1442967, 25.1081226], [55.1438924, 25.1076907], [55.1435539, 25.1079477], [55.1439367, 25.1083699]]]}}, {"type": "Feature", "properties": {"status": "existing", "bHeight": 31.8, "name": "", "levels": "9", "height_source": "osm_geom", "height_basis": "osm levels 9 · 100% of this footprint"}, "geometry": {"type": "Polygon", "coordinates": [[[55.1444452, 25.1080155], [55.145065, 25.1075183], [55.1447053, 25.1070937], [55.1440409, 25.1075836], [55.1444452, 25.1080155]]]}}, {"type": "Feature", "properties": {"status": "existing", "bHeight": 12.0, "name": "Il Faro", "levels": ""}, "geometry": {"type": "Polygon", "coordinates": [[[55.1530035, 25.1075903], [55.1530296, 25.1076031], [55.15305, 25.1076227], [55.1530627, 25.107647], [55.1530663, 25.1076737], [55.1530605, 25.1077001], [55.1530459, 25.1077235], [55.1530239, 25.1077417], [55.1529967, 25.1077526], [55.1529647, 25.1077552], [55.1529336, 25.1077478], [55.152907, 25.1077314], [55.1528882, 25.1077077], [55.1528793, 25.1076797], [55.1528813, 25.1076506], [55.1528941, 25.1076239], [55.1529161, 25.1076027], [55.1529448, 25.1075894], [55.1529742, 25.1075856], [55.1530035, 25.1075903]]]}}, {"type": "Feature", "properties": {"status": "existing", "bHeight": 12.0, "name": "", "levels": ""}, "geometry": {"type": "Polygon", "coordinates": [[[55.1354488, 25.0998818], [55.1354454, 25.0998895], [55.1354057, 25.0998749], [55.1354485, 25.0997796], [55.1354739, 25.099789], [55.1354843, 25.0997659], [55.1355141, 25.0997769], [55.1355179, 25.0997683], [55.1355646, 25.0997855], [55.1355509, 25.0998161], [55.1356249, 25.0998433], [55.1356118, 25.0998725], [55.1355979, 25.0999029], [55.1355907, 25.0999189], [55.1355076, 25.0998883], [55.1355017, 25.0999013], [55.1354488, 25.0998818]]]}}, {"type": "Feature", "properties": {"status": "existing", "bHeight": 12.0, "name": "", "levels": ""}, "geometry": {"type": "Polygon", "coordinates": [[[55.1361849, 25.0999673], [55.1361968, 25.0999409], [55.1361822, 25.0999355], [55.1362074, 25.0998781], [55.1358481, 25.099751], [55.1358298, 25.0997912], [55.1358169, 25.0997864], [55.1357948, 25.0998357], [55.1358138, 25.0998427], [55.1361849, 25.0999673]]]}}, {"type": "Feature", "properties": {"status": "existing", "bHeight": 12.0, "name": "", "levels": ""}, "geometry": {"type": "Polygon", "coordinates": [[[55.1344039, 25.09913], [55.1343726, 25.0990292], [55.1345238, 25.0989906], [55.1345148, 25.0989615], [55.1345296, 25.0989577], [55.134514, 25.0989077], [55.1344271, 25.0989298], [55.1344097, 25.0988739], [55.1345203, 25.0988457], [55.1345335, 25.0988882], [55.1346326, 25.0988629], [55.1346496, 25.0989176], [55.1346831, 25.098909], [55.1347046, 25.0989783], [55.1346951, 25.098981], [55.1347091, 25.0990214], [55.1347242, 25.0990758], [55.1346031, 25.0991067], [55.1346069, 25.099119], [55.1345203, 25.0991411], [55.1345085, 25.0991033], [55.1344039, 25.09913]]]}}, {"type": "Feature", "properties": {"status": "existing", "bHeight": 12.0, "name": "", "levels": ""}, "geometry": {"type": "Polygon", "coordinates": [[[55.1341107, 25.0994527], [55.1341238, 25.0994039], [55.1341074, 25.0994003], [55.1340905, 25.0994633], [55.1340335, 25.0994508], [55.1340555, 25.0993688], [55.1341289, 25.099385], [55.1341452, 25.0993244], [55.1341097, 25.0993166], [55.1341239, 25.0992637], [55.1340455, 25.0992464], [55.1340722, 25.0991468], [55.1341517, 25.0991643], [55.1341609, 25.09913], [55.1342616, 25.0991521], [55.1342497, 25.0991963], [55.134364, 25.0992214], [55.1343169, 25.0993972], [55.1342539, 25.0993833], [55.134243, 25.0994249], [55.134227, 25.0994793], [55.1341107, 25.0994527]]]}}, {"type": "Feature", "properties": {"status": "existing", "bHeight": 12.0, "name": "", "levels": ""}, "geometry": {"type": "Polygon", "coordinates": [[[55.1345396, 25.0995598], [55.1345217, 25.0996208], [55.134531, 25.099623], [55.1344713, 25.0998268], [55.1343433, 25.0997961], [55.1343282, 25.0998478], [55.1342396, 25.0998265], [55.1342502, 25.0997903], [55.1341897, 25.0997757], [55.1342057, 25.0997212], [55.134237, 25.0997287], [55.1342616, 25.0996451], [55.1343915, 25.0996763], [55.1344017, 25.0996416], [55.1343735, 25.0996348], [55.1343808, 25.09961], [55.1342698, 25.0995833], [55.1342848, 25.0995324], [55.1343841, 25.0995563], [55.1343934, 25.0995246], [55.1345396, 25.0995598]]]}}, {"type": "Feature", "properties": {"status": "existing", "bHeight": 12.0, "name": "", "levels": ""}, "geometry": {"type": "Polygon", "coordinates": [[[55.1340649, 25.0999375], [55.1341653, 25.1000013], [55.1341475, 25.1000227], [55.1341017, 25.100083], [55.1341221, 25.1000957], [55.1340069, 25.1002444], [55.133914, 25.1001853], [55.1338935, 25.1002118], [55.133828, 25.1001701], [55.1338418, 25.1001523], [55.1337319, 25.1000824], [55.1338723, 25.0999016], [55.1339359, 25.0999421], [55.1338664, 25.1000317], [55.1338734, 25.1000362], [55.1339078, 25.0999919], [55.1339616, 25.1000261], [55.1339766, 25.1000068], [55.1339997, 25.1000216], [55.1340649, 25.0999375]]]}}, {"type": "Feature", "properties": {"status": "existing", "bHeight": 12.0, "name": "", "levels": ""}, "geometry": {"type": "Polygon", "coordinates": [[[55.1335703, 25.1001743], [55.1334871, 25.100259], [55.1333373, 25.1001383], [55.1333769, 25.1000981], [55.1332897, 25.1000278], [55.1334044, 25.0999111], [55.1334691, 25.0999632], [55.1334308, 25.1000022], [55.1334739, 25.1000369], [55.1335005, 25.1000098], [55.1335404, 25.1000419], [55.1336012, 25.0999801], [55.1336807, 25.1000442], [55.1336244, 25.1001016], [55.1336627, 25.1001325], [55.1335989, 25.1001974], [55.1335703, 25.1001743]]]}}, {"type": "Feature", "properties": {"status": "existing", "bHeight": 12.0, "name": "", "levels": ""}, "geometry": {"type": "Polygon", "coordinates": [[[55.133022, 25.1002247], [55.132924, 25.100134], [55.1329145, 25.1001426], [55.1328513, 25.100085], [55.1328689, 25.1000691], [55.1328254, 25.1000295], [55.1329138, 25.0999498], [55.1329699, 25.1000009], [55.132996, 25.0999773], [55.1330419, 25.1000191], [55.1330126, 25.1000454], [55.1330449, 25.1000749], [55.1331048, 25.1000209], [55.1331845, 25.1000934], [55.1331215, 25.1001502], [55.1331141, 25.1001435], [55.1330856, 25.1001718], [55.133022, 25.1002247]]]}}, {"type": "Feature", "properties": {"status": "existing", "bHeight": 12.0, "name": "", "levels": ""}, "geometry": {"type": "Polygon", "coordinates": [[[55.1330788, 25.0999818], [55.133005, 25.0999104], [55.1330512, 25.0998713], [55.1331249, 25.0999427], [55.1330788, 25.0999818]]]}}, {"type": "Feature", "properties": {"status": "existing", "bHeight": 12.0, "name": "", "levels": ""}, "geometry": {"type": "Polygon", "coordinates": [[[55.1325487, 25.0999443], [55.1325896, 25.0998263], [55.1326605, 25.0998464], [55.1326666, 25.0998287], [55.1327032, 25.099839], [55.1326951, 25.0998622], [55.1327652, 25.0998821], [55.1327262, 25.0999947], [55.1325487, 25.0999443]]]}}, {"type": "Feature", "properties": {"status": "existing", "bHeight": 12.0, "name": "", "levels": ""}, "geometry": {"type": "Polygon", "coordinates": [[[55.1323112, 25.0998651], [55.1323651, 25.0997514], [55.1324334, 25.099778], [55.1324415, 25.0997609], [55.1324766, 25.0997746], [55.132466, 25.0997969], [55.1325335, 25.0998231], [55.1324821, 25.0999316], [55.1323112, 25.0998651]]]}}, {"type": "Feature", "properties": {"status": "existing", "bHeight": 12.0, "name": "", "levels": ""}, "geometry": {"type": "Polygon", "coordinates": [[[55.1321058, 25.0997079], [55.1321467, 25.0995898], [55.1322176, 25.09961], [55.1322237, 25.0995923], [55.1322602, 25.0996026], [55.1322522, 25.0996258], [55.1323223, 25.0996457], [55.1322833, 25.0997583], [55.1321058, 25.0997079]]]}}, {"type": "Feature", "properties": {"status": "existing", "bHeight": 12.0, "name": "", "levels": ""}, "geometry": {"type": "Polygon", "coordinates": [[[55.1320611, 25.0997194], [55.1320656, 25.0998328], [55.1319366, 25.099837], [55.1319353, 25.0998056], [55.1318685, 25.0998078], [55.1318631, 25.0996708], [55.1319521, 25.0996679], [55.1319535, 25.0997036], [55.1320382, 25.0997009], [55.1320389, 25.0997202], [55.1320611, 25.0997194]]]}}, {"type": "Feature", "properties": {"status": "existing", "bHeight": 12.0, "name": "", "levels": ""}, "geometry": {"type": "Polygon", "coordinates": [[[55.1332498, 25.0997287], [55.1333122, 25.0996504], [55.1333679, 25.0996868], [55.1333055, 25.0997651], [55.1332498, 25.0997287]]]}}, {"type": "Feature", "properties": {"status": "existing", "bHeight": 12.0, "name": "", "levels": ""}, "geometry": {"type": "Polygon", "coordinates": [[[55.1333646, 25.0997282], [55.1333906, 25.099698], [55.1334766, 25.0997586], [55.1334506, 25.0997888], [55.1333646, 25.0997282]]]}}, {"type": "Feature", "properties": {"status": "existing", "bHeight": 12.0, "name": "", "levels": ""}, "geometry": {"type": "Polygon", "coordinates": [[[55.1332624, 25.0996117], [55.1332317, 25.0996514], [55.1331203, 25.0995809], [55.133151, 25.0995411], [55.1332624, 25.0996117]]]}}, {"type": "Feature", "properties": {"status": "existing", "bHeight": 12.0, "name": "", "levels": ""}, "geometry": {"type": "Polygon", "coordinates": [[[55.1338715, 25.0993444], [55.1338202, 25.099411], [55.1337629, 25.0993748], [55.1338142, 25.0993082], [55.1338715, 25.0993444]]]}}, {"type": "Feature", "properties": {"status": "existing", "bHeight": 12.0, "name": "", "levels": ""}, "geometry": {"type": "Polygon", "coordinates": [[[55.1337848, 25.0992889], [55.1337335, 25.0993555], [55.1336762, 25.0993193], [55.1337275, 25.0992528], [55.1337848, 25.0992889]]]}}, {"type": "Feature", "properties": {"status": "existing", "bHeight": 12.0, "name": "", "levels": ""}, "geometry": {"type": "Polygon", "coordinates": [[[55.1337022, 25.0992375], [55.1336509, 25.0993041], [55.1335936, 25.0992679], [55.1336449, 25.0992013], [55.1337022, 25.0992375]]]}}, {"type": "Feature", "properties": {"status": "existing", "bHeight": 12.0, "name": "", "levels": ""}, "geometry": {"type": "Polygon", "coordinates": [[[55.1336196, 25.0991884], [55.1335683, 25.099255], [55.133511, 25.0992188], [55.1335623, 25.0991522], [55.1336196, 25.0991884]]]}}, {"type": "Feature", "properties": {"status": "existing", "bHeight": 12.0, "name": "", "levels": ""}, "geometry": {"type": "Polygon", "coordinates": [[[55.1331259, 25.0995472], [55.1330601, 25.0996356], [55.1330896, 25.0996536], [55.1329945, 25.0997818], [55.1329488, 25.099754], [55.1329389, 25.0997673], [55.1328075, 25.0996876], [55.1328583, 25.0996187], [55.1327113, 25.0995297], [55.1327032, 25.0995407], [55.1325065, 25.0994286], [55.1325459, 25.0993713], [55.1326035, 25.0994094], [55.1326292, 25.0993761], [55.1325419, 25.0993231], [55.1325686, 25.099288], [55.1325882, 25.0993004], [55.1326157, 25.0992682], [55.1326317, 25.099278], [55.1326573, 25.0992437], [55.1326918, 25.0992648], [55.1328041, 25.0991148], [55.1327743, 25.0990965], [55.1327916, 25.0990735], [55.1327621, 25.0990553], [55.13275, 25.0990713], [55.1327014, 25.0990412], [55.1326639, 25.099018], [55.1327249, 25.0989373], [55.1327638, 25.0989614], [55.132807, 25.0989882], [55.132793, 25.0990067], [55.1328332, 25.0990317], [55.1328616, 25.0989942], [55.1328902, 25.0990119], [55.1329697, 25.0989072], [55.1329178, 25.0988749], [55.1329057, 25.0988908], [55.1328446, 25.0988528], [55.1328541, 25.0988402], [55.1328723, 25.0988171], [55.132837, 25.0987943], [55.1328232, 25.0988118], [55.1327414, 25.098759], [55.1327593, 25.0987363], [55.1326729, 25.0986805], [55.1327783, 25.0985465], [55.1328033, 25.0985626], [55.1328168, 25.0985455], [55.1328344, 25.0985568], [55.1330977, 25.0987262], [55.133114, 25.0987054], [55.1331915, 25.0987551], [55.1331993, 25.098745], [55.1332749, 25.0987931], [55.1332646, 25.0988065], [55.1332883, 25.0988214], [55.133262, 25.0988556], [55.1333506, 25.0989113], [55.1332277, 25.0990715], [55.1331877, 25.0990464], [55.1331212, 25.0991333], [55.1331071, 25.0991244], [55.1330063, 25.0992573], [55.1329727, 25.0992365], [55.1329515, 25.0992646], [55.1330237, 25.0993093], [55.1329318, 25.0994313], [55.1329446, 25.0994392], [55.1329712, 25.0994034], [55.1330816, 25.099471], [55.1330564, 25.0995048], [55.1331259, 25.0995472]]]}}, {"type": "Feature", "properties": {"status": "existing", "bHeight": 12.0, "name": "", "levels": ""}, "geometry": {"type": "Polygon", "coordinates": [[[55.1328177, 25.0984376], [55.1329086, 25.0983141], [55.1329264, 25.0983248], [55.1329602, 25.0983451], [55.1328693, 25.0984687], [55.1328177, 25.0984376]]]}}, {"type": "Feature", "properties": {"status": "existing", "bHeight": 12.0, "name": "", "levels": ""}, "geometry": {"type": "Polygon", "coordinates": [[[55.1330414, 25.0986005], [55.1329244, 25.098531], [55.1329677, 25.0984713], [55.1330847, 25.0985409], [55.1330414, 25.0986005]]]}}, {"type": "Feature", "properties": {"status": "existing", "bHeight": 12.0, "name": "", "levels": ""}, "geometry": {"type": "Polygon", "coordinates": [[[55.1339065, 25.0990729], [55.1338608, 25.0991357], [55.1336641, 25.0990181], [55.1337238, 25.0989361], [55.1337946, 25.0989785], [55.1337807, 25.0989977], [55.1339065, 25.0990729]]]}}, {"type": "Feature", "properties": {"status": "existing", "bHeight": 12.0, "name": "", "levels": ""}, "geometry": {"type": "Polygon", "coordinates": [[[55.1339851, 25.098958], [55.1338077, 25.0988405], [55.1338714, 25.0987617], [55.1339396, 25.0988069], [55.1339594, 25.0987824], [55.1340382, 25.0988346], [55.1339849, 25.0989005], [55.1340153, 25.0989206], [55.1339851, 25.098958]]]}}, {"type": "Feature", "properties": {"status": "existing", "bHeight": 12.0, "name": "", "levels": ""}, "geometry": {"type": "Polygon", "coordinates": [[[55.1340075, 25.0988034], [55.1340517, 25.0987482], [55.1340352, 25.0987373], [55.1340598, 25.0987065], [55.1340069, 25.0986718], [55.1339929, 25.0986893], [55.1339512, 25.0986619], [55.1339079, 25.098716], [55.1339792, 25.0987628], [55.1339677, 25.0987772], [55.1340075, 25.0988034]]]}}, {"type": "Feature", "properties": {"status": "existing", "bHeight": 12.0, "name": "", "levels": ""}, "geometry": {"type": "Polygon", "coordinates": [[[55.1338055, 25.0988651], [55.1336836, 25.0987847], [55.1336302, 25.0988511], [55.133676, 25.0988814], [55.1336611, 25.0988998], [55.1336911, 25.0989191], [55.1337091, 25.0988967], [55.1337554, 25.0989272], [55.1338055, 25.0988651]]]}}, {"type": "Feature", "properties": {"status": "existing", "bHeight": 12.0, "name": "", "levels": ""}, "geometry": {"type": "Polygon", "coordinates": [[[55.1337356, 25.0986857], [55.1337883, 25.0986231], [55.1337951, 25.0986278], [55.133822, 25.0985959], [55.1339226, 25.0986653], [55.1338538, 25.0987469], [55.1337924, 25.0987045], [55.1337815, 25.0987174], [55.1337356, 25.0986857]]]}}, {"type": "Feature", "properties": {"status": "existing", "bHeight": 12.0, "name": "", "levels": ""}, "geometry": {"type": "Polygon", "coordinates": [[[55.1334535, 25.0987618], [55.1335289, 25.0986643], [55.1335135, 25.0986545], [55.1334516, 25.0986153], [55.1333498, 25.098747], [55.1334062, 25.0987826], [55.1334325, 25.0987485], [55.1334535, 25.0987618]]]}}, {"type": "Feature", "properties": {"status": "existing", "bHeight": 12.0, "name": "", "levels": ""}, "geometry": {"type": "Polygon", "coordinates": [[[55.1335637, 25.0990901], [55.1336045, 25.0990406], [55.1335548, 25.099007], [55.1335139, 25.0990565], [55.1335637, 25.0990901]]]}}, {"type": "Feature", "properties": {"status": "existing", "bHeight": 12.0, "name": "", "levels": ""}, "geometry": {"type": "Polygon", "coordinates": [[[55.1333512, 25.0989333], [55.1333763, 25.0989015], [55.1334459, 25.0989465], [55.1334208, 25.0989783], [55.1333512, 25.0989333]]]}}, {"type": "Feature", "properties": {"status": "existing", "bHeight": 12.0, "name": "", "levels": ""}, "geometry": {"type": "Polygon", "coordinates": [[[55.1336308, 25.098819], [55.1337171, 25.0987068], [55.1336987, 25.0986952], [55.1337472, 25.0986321], [55.1336843, 25.0985925], [55.1336668, 25.0986152], [55.133628, 25.0985908], [55.1335911, 25.0986387], [55.1336285, 25.0986623], [55.133612, 25.0986837], [55.1335954, 25.0986732], [55.1335758, 25.0986986], [55.133555, 25.0986855], [55.1335106, 25.0987432], [55.1336308, 25.098819]]]}}, {"type": "Feature", "properties": {"status": "existing", "bHeight": 12.0, "name": "", "levels": ""}, "geometry": {"type": "Polygon", "coordinates": [[[55.1334086, 25.0988545], [55.1334401, 25.0988127], [55.1334256, 25.0988037], [55.1334546, 25.0987653], [55.1335197, 25.0988056], [55.1335329, 25.098788], [55.1335559, 25.0988023], [55.1335649, 25.0987903], [55.1336022, 25.0988135], [55.1335941, 25.0988242], [55.1336187, 25.0988395], [55.133555, 25.0989239], [55.1335355, 25.0989118], [55.1335265, 25.0989238], [55.133486, 25.0988987], [55.1334964, 25.0988848], [55.1334782, 25.0988735], [55.1334658, 25.0988899], [55.1334086, 25.0988545]]]}}, {"type": "Feature", "properties": {"status": "existing", "bHeight": 12.0, "name": "", "levels": ""}, "geometry": {"type": "Polygon", "coordinates": [[[55.1331035, 25.0984222], [55.1330682, 25.0984711], [55.1329925, 25.0984264], [55.1330278, 25.0983774], [55.1331035, 25.0984222]]]}}, {"type": "Feature", "properties": {"status": "existing", "bHeight": 12.0, "name": "", "levels": ""}, "geometry": {"type": "Polygon", "coordinates": [[[55.1299578, 25.0981327], [55.1299411, 25.0983315], [55.1297027, 25.0983151], [55.1297143, 25.0981764], [55.1298577, 25.0981863], [55.1298627, 25.0981262], [55.1299578, 25.0981327]]]}}, {"type": "Feature", "properties": {"status": "existing", "bHeight": 12.0, "name": "", "levels": ""}, "geometry": {"type": "Polygon", "coordinates": [[[55.1302247, 25.0981525], [55.1302068, 25.0983512], [55.1299684, 25.0983336], [55.1299809, 25.098195], [55.1301242, 25.0982055], [55.1301296, 25.0981455], [55.1302247, 25.0981525]]]}}, {"type": "Feature", "properties": {"status": "existing", "bHeight": 12.0, "name": "", "levels": ""}, "geometry": {"type": "Polygon", "coordinates": [[[55.1304947, 25.0981739], [55.1304742, 25.0983723], [55.1302361, 25.0983522], [55.1302504, 25.0982137], [55.1303935, 25.0982258], [55.1303997, 25.0981658], [55.1304947, 25.0981739]]]}}, {"type": "Feature", "properties": {"status": "existing", "bHeight": 12.0, "name": "", "levels": ""}, "geometry": {"type": "Polygon", "coordinates": [[[55.1307832, 25.098224], [55.1307397, 25.0984194], [55.1305053, 25.0983766], [55.1305357, 25.0982402], [55.1306766, 25.098266], [55.1306898, 25.0982069], [55.1307832, 25.098224]]]}}, {"type": "Feature", "properties": {"status": "existing", "bHeight": 12.0, "name": "", "levels": ""}, "geometry": {"type": "Polygon", "coordinates": [[[55.1310186, 25.0982877], [55.130964, 25.0984808], [55.1311957, 25.0985345], [55.1312338, 25.0983998], [55.1310945, 25.0983675], [55.131111, 25.0983091], [55.1310186, 25.0982877]]]}}, {"type": "Feature", "properties": {"status": "existing", "bHeight": 12.0, "name": "", "levels": ""}, "geometry": {"type": "Polygon", "coordinates": [[[55.1313026, 25.0983561], [55.1312257, 25.0985429], [55.1314499, 25.0986185], [55.1315035, 25.0984882], [55.1313687, 25.0984427], [55.1313919, 25.0983863], [55.1313026, 25.0983561]]]}}, {"type": "Feature", "properties": {"status": "existing", "bHeight": 12.0, "name": "", "levels": ""}, "geometry": {"type": "Polygon", "coordinates": [[[55.131556, 25.0984431], [55.1314767, 25.0986291], [55.1316999, 25.098707], [55.1317552, 25.0985773], [55.131621, 25.0985304], [55.131645, 25.0984742], [55.131556, 25.0984431]]]}}, {"type": "Feature", "properties": {"status": "existing", "bHeight": 12.0, "name": "", "levels": ""}, "geometry": {"type": "Polygon", "coordinates": [[[55.1318058, 25.0985303], [55.1317255, 25.0987159], [55.1319481, 25.0987949], [55.1320042, 25.0986654], [55.1318703, 25.0986179], [55.1318946, 25.0985618], [55.1318058, 25.0985303]]]}}, {"type": "Feature", "properties": {"status": "existing", "bHeight": 12.0, "name": "", "levels": ""}, "geometry": {"type": "Polygon", "coordinates": [[[55.127616, 25.1319215], [55.1273733, 25.1319783], [55.1273661, 25.1319532], [55.127347, 25.1319576], [55.1273277, 25.1318899], [55.1273539, 25.1318838], [55.1273342, 25.131815], [55.1273094, 25.1318208], [55.1272909, 25.1317563], [55.127512, 25.1317045], [55.1275335, 25.1317797], [55.1274895, 25.13179], [55.1275152, 25.1318801], [55.1275985, 25.1318606], [55.127616, 25.1319215]]]}}, {"type": "Feature", "properties": {"status": "existing", "bHeight": 12.0, "name": "", "levels": ""}, "geometry": {"type": "Polygon", "coordinates": [[[55.1276653, 25.131911], [55.1279079, 25.1318542], [55.1279007, 25.131829], [55.1279199, 25.1318245], [55.1279005, 25.1317568], [55.1278743, 25.1317629], [55.1278547, 25.1316941], [55.1278795, 25.1316883], [55.1278611, 25.1316238], [55.12764, 25.1316755], [55.1276614, 25.1317507], [55.1277054, 25.1317404], [55.1277312, 25.1318305], [55.1276479, 25.13185], [55.1276653, 25.131911]]]}}, {"type": "Feature", "properties": {"status": "existing", "bHeight": 12.0, "name": "", "levels": ""}, "geometry": {"type": "Polygon", "coordinates": [[[55.1276285, 25.1319639], [55.1273878, 25.132016], [55.127397, 25.1320507], [55.1273711, 25.1320563], [55.1273905, 25.1321295], [55.1274181, 25.1321235], [55.1274287, 25.1321634], [55.1274527, 25.1321582], [55.1274596, 25.1321846], [55.1275785, 25.1322398], [55.127666, 25.1322198], [55.1276813, 25.1322165], [55.1276942, 25.1322139], [55.1276805, 25.1321576], [55.1276403, 25.1321656], [55.1276304, 25.1321248], [55.1275897, 25.1321119], [55.1275733, 25.1320495], [55.1276469, 25.1320336], [55.1276285, 25.1319639]]]}}, {"type": "Feature", "properties": {"status": "existing", "bHeight": 12.0, "name": "", "levels": ""}, "geometry": {"type": "Polygon", "coordinates": [[[55.127676, 25.1319523], [55.1279166, 25.1319002], [55.1279258, 25.1319349], [55.1279516, 25.1319293], [55.127971, 25.1320026], [55.1279433, 25.1320085], [55.1279538, 25.1320484], [55.1279299, 25.1320536], [55.1279368, 25.13208], [55.1278584, 25.1321779], [55.1277703, 25.1321959], [55.127755, 25.1321992], [55.1277423, 25.1322022], [55.1277263, 25.1321463], [55.1277662, 25.132137], [55.1277547, 25.1320965], [55.1277845, 25.1320684], [55.127768, 25.1320061], [55.1276944, 25.132022], [55.127676, 25.1319523]]]}}, {"type": "Feature", "properties": {"status": "existing", "bHeight": 12.0, "name": "", "levels": ""}, "geometry": {"type": "Polygon", "coordinates": [[[55.1270787, 25.1300434], [55.1270155, 25.1295983], [55.1268419, 25.1296185], [55.1269051, 25.1300636], [55.1270787, 25.1300434]]]}}, {"type": "Feature", "properties": {"status": "existing", "bHeight": 12.0, "name": "مسجد عبدالرحمن صديق", "levels": ""}, "geometry": {"type": "Polygon", "coordinates": [[[55.1248261, 25.1248787], [55.1247682, 25.125192], [55.1248912, 25.1252106], [55.1248799, 25.1252718], [55.1249201, 25.1252779], [55.1249127, 25.1253181], [55.12495, 25.1253237], [55.1249451, 25.1253502], [55.1250128, 25.1253604], [55.1250268, 25.1252847], [55.1249772, 25.1252772], [55.1249953, 25.1251797], [55.1250429, 25.1251869], [55.1250788, 25.1249927], [55.125112, 25.1249977], [55.1251501, 25.1247917], [55.125065, 25.1247788], [55.1250509, 25.1248554], [55.1249843, 25.1248453], [55.1249924, 25.1248014], [55.1249448, 25.1247941], [55.1249263, 25.1248939], [55.1248261, 25.1248787]]]}}, {"type": "Feature", "properties": {"status": "existing", "bHeight": 12.0, "name": "", "levels": ""}, "geometry": {"type": "Polygon", "coordinates": [[[55.1247293, 25.1240573], [55.1250171, 25.123845], [55.1251064, 25.1239443], [55.1248185, 25.1241565], [55.1247293, 25.1240573]]]}}, {"type": "Feature", "properties": {"status": "existing", "bHeight": 12.0, "name": "", "levels": ""}, "geometry": {"type": "Polygon", "coordinates": [[[55.1246979, 25.1239942], [55.1248071, 25.1239159], [55.1247716, 25.1238752], [55.1246623, 25.1239535], [55.1246979, 25.1239942]]]}}, {"type": "Feature", "properties": {"status": "existing", "bHeight": 12.0, "name": "", "levels": ""}, "geometry": {"type": "Polygon", "coordinates": [[[55.1256616, 25.1247715], [55.1256921, 25.1247087], [55.1258108, 25.124756], [55.1257803, 25.1248187], [55.1256616, 25.1247715]]]}}, {"type": "Feature", "properties": {"status": "existing", "bHeight": 12.0, "name": "", "levels": ""}, "geometry": {"type": "Polygon", "coordinates": [[[55.125335, 25.1254678], [55.125476, 25.1251667], [55.1256716, 25.1252417], [55.1255306, 25.1255429], [55.125335, 25.1254678]]]}}, {"type": "Feature", "properties": {"status": "existing", "bHeight": 12.0, "name": "", "levels": ""}, "geometry": {"type": "Polygon", "coordinates": [[[55.1248439, 25.1274241], [55.1249456, 25.1271023], [55.124785, 25.1270607], [55.1247269, 25.1272447], [55.1246796, 25.1272325], [55.1246626, 25.1272864], [55.1247155, 25.1273001], [55.1246889, 25.127384], [55.1248439, 25.1274241]]]}}, {"type": "Feature", "properties": {"status": "existing", "bHeight": 12.0, "name": "", "levels": ""}, "geometry": {"type": "Polygon", "coordinates": [[[55.1251139, 25.1267623], [55.1250451, 25.126839], [55.1249754, 25.1270598], [55.1247607, 25.1270043], [55.1247968, 25.1268899], [55.1248388, 25.1269008], [55.1248589, 25.1268372], [55.1248096, 25.1268245], [55.1248644, 25.1266506], [55.1249425, 25.1266708], [55.1249184, 25.1267473], [55.1249597, 25.126758], [55.1250187, 25.1266922], [55.1251139, 25.1267623]]]}}, {"type": "Feature", "properties": {"status": "existing", "bHeight": 12.0, "name": "", "levels": ""}, "geometry": {"type": "Polygon", "coordinates": [[[55.1246363, 25.1282316], [55.1245706, 25.1285615], [55.1243998, 25.1285336], [55.1244113, 25.1284761], [55.1243941, 25.1284733], [55.124407, 25.1284085], [55.1244363, 25.1284133], [55.124453, 25.1283293], [55.1244271, 25.1283251], [55.1244388, 25.1282661], [55.1244589, 25.1282694], [55.1244718, 25.1282048], [55.1246363, 25.1282316]]]}}, {"type": "Feature", "properties": {"status": "existing", "bHeight": 12.0, "name": "", "levels": ""}, "geometry": {"type": "Polygon", "coordinates": [[[55.1530818, 25.1017601], [55.153268, 25.101624], [55.1533331, 25.1016971], [55.1531469, 25.1018331], [55.1530818, 25.1017601]]]}}, {"type": "Feature", "properties": {"status": "existing", "bHeight": 12.0, "name": "", "levels": ""}, "geometry": {"type": "Polygon", "coordinates": [[[55.1536032, 25.10139], [55.1535099, 25.1014684], [55.1535526, 25.1015101], [55.1536459, 25.1014318], [55.1536032, 25.10139]]]}}, {"type": "Feature", "properties": {"status": "existing", "bHeight": 12.0, "name": "", "levels": ""}, "geometry": {"type": "Polygon", "coordinates": [[[55.1550905, 25.1024775], [55.1548748, 25.1024229], [55.1548543, 25.1024891], [55.154819, 25.1024802], [55.1547988, 25.1025458], [55.1548306, 25.1025539], [55.1548044, 25.1026386], [55.1547374, 25.1026216], [55.15471, 25.1027103], [55.154786, 25.1027295], [55.1547921, 25.1027098], [55.1548645, 25.1027281], [55.1548774, 25.1026864], [55.155005, 25.1027187], [55.1550349, 25.1026218], [55.1550847, 25.1026343], [55.1551083, 25.1025577], [55.1550688, 25.1025477], [55.1550905, 25.1024775]]]}}, {"type": "Feature", "properties": {"status": "existing", "bHeight": 12.0, "name": "", "levels": ""}, "geometry": {"type": "Polygon", "coordinates": [[[55.1563414, 25.1015551], [55.1562134, 25.1014527], [55.1557011, 25.1018546], [55.1557159, 25.1018716], [55.1555975, 25.1019218], [55.1555817, 25.1018931], [55.1553615, 25.1019929], [55.1553762, 25.1020268], [55.1552594, 25.1020757], [55.1552663, 25.1020927], [55.155206, 25.1021169], [55.1552159, 25.1021384], [55.1550894, 25.1021948], [55.1551013, 25.1022243], [55.1549836, 25.1022718], [55.1550192, 25.1023541], [55.1550765, 25.1023336], [55.1550933, 25.1023756], [55.1552271, 25.1023294], [55.155254, 25.1023902], [55.1552288, 25.1024007], [55.1552703, 25.102484], [55.1552949, 25.1024737], [55.1553029, 25.1024893], [55.1552683, 25.1025117], [55.1552337, 25.1025484], [55.1552041, 25.1025943], [55.1551848, 25.1026633], [55.1551987, 25.1027313], [55.1552187, 25.1027831], [55.1552447, 25.1028107], [55.1552429, 25.102826], [55.155279, 25.1028727], [55.155299, 25.1028601], [55.1553099, 25.1028732], [55.1553663, 25.1028446], [55.1554097, 25.1028943], [55.1555468, 25.1028227], [55.1554491, 25.1026887], [55.1554905, 25.102659], [55.155457, 25.1026173], [55.1554318, 25.1026231], [55.1554017, 25.1025556], [55.1554854, 25.1025152], [55.1554436, 25.1024365], [55.1554264, 25.1024454], [55.1554128, 25.1024209], [55.1554912, 25.1023851], [55.155461, 25.1023374], [55.1554275, 25.1023501], [55.1554123, 25.1023205], [55.1554523, 25.1023042], [55.1553875, 25.1021811], [55.1553305, 25.1022024], [55.1553062, 25.1021516], [55.1554551, 25.1021016], [55.1554753, 25.1021455], [55.155749, 25.1020148], [55.1557278, 25.1019856], [55.1557738, 25.101938], [55.1558058, 25.1019717], [55.1559179, 25.1018797], [55.1559431, 25.1018979], [55.1560223, 25.1018368], [55.1560421, 25.1018576], [55.1560274, 25.1018731], [55.1561158, 25.1019685], [55.156265, 25.1018626], [55.1560806, 25.1016656], [55.1561337, 25.1016179], [55.1561635, 25.1016467], [55.1562568, 25.1015753], [55.1562923, 25.1016075], [55.1563414, 25.1015551]]]}}, {"type": "Feature", "properties": {"status": "existing", "bHeight": 12.0, "name": "", "levels": ""}, "geometry": {"type": "Polygon", "coordinates": [[[55.1553763, 25.103034], [55.1553642, 25.1031092], [55.1553761, 25.1031539], [55.1553998, 25.1031987], [55.1554562, 25.1032426], [55.1555135, 25.1032676], [55.1555944, 25.1032682], [55.1556311, 25.1033122], [55.1557652, 25.1032302], [55.1557498, 25.1032108], [55.155822, 25.1031549], [55.1558308, 25.1031666], [55.1558832, 25.1031339], [55.1558741, 25.1031211], [55.1560113, 25.1030413], [55.1560331, 25.1029343], [55.1560216, 25.1029324], [55.1560617, 25.1027274], [55.1559923, 25.1027205], [55.1559998, 25.1026969], [55.1559322, 25.1026895], [55.1559276, 25.1027135], [55.1558719, 25.1027084], [55.1558311, 25.1029063], [55.1558798, 25.1029124], [55.155868, 25.1029841], [55.1557903, 25.103029], [55.1557565, 25.1030058], [55.1557227, 25.1030282], [55.1556777, 25.1029668], [55.155613, 25.1030056], [55.1555925, 25.1029776], [55.1555488, 25.1029619], [55.1553763, 25.103034]]]}}, {"type": "Feature", "properties": {"status": "existing", "bHeight": 12.0, "name": "", "levels": ""}, "geometry": {"type": "Polygon", "coordinates": [[[55.1560947, 25.1028919], [55.1561345, 25.1028645], [55.1561612, 25.1028962], [55.1561214, 25.1029237], [55.1560947, 25.1028919]]]}}, {"type": "Feature", "properties": {"status": "existing", "bHeight": 12.0, "name": "", "levels": ""}, "geometry": {"type": "Polygon", "coordinates": [[[55.1560697, 25.1027627], [55.1561786, 25.1028851], [55.1565988, 25.1025787], [55.1565881, 25.1025667], [55.1566204, 25.1025432], [55.1566131, 25.102535], [55.1568429, 25.1023673], [55.1568082, 25.1023283], [55.1567972, 25.1023362], [55.1567569, 25.1022909], [55.1566928, 25.1023376], [55.1567023, 25.1023484], [55.156596, 25.102426], [55.1565808, 25.1024089], [55.1565321, 25.1024445], [55.156547, 25.1024613], [55.1565182, 25.1024823], [55.1564813, 25.1024408], [55.1564334, 25.1024758], [55.1564725, 25.1025198], [55.1564095, 25.1025657], [55.1563901, 25.1025439], [55.1563648, 25.1025623], [55.156341, 25.1025356], [55.1562901, 25.1025728], [55.1563101, 25.1025952], [55.1561647, 25.1027013], [55.1561404, 25.102674], [55.15609, 25.1027107], [55.15611, 25.1027332], [55.1560697, 25.1027627]]]}}, {"type": "Feature", "properties": {"status": "existing", "bHeight": 12.0, "name": "", "levels": ""}, "geometry": {"type": "Polygon", "coordinates": [[[55.1566029, 25.1018502], [55.1566427, 25.1018172], [55.1566758, 25.1018498], [55.1566359, 25.1018829], [55.1566029, 25.1018502]]]}}, {"type": "Feature", "properties": {"status": "existing", "bHeight": 12.0, "name": "", "levels": ""}, "geometry": {"type": "Polygon", "coordinates": [[[55.1572933, 25.1014254], [55.1573714, 25.1013699], [55.1573959, 25.1013981], [55.1573178, 25.1014536], [55.1572933, 25.1014254]]]}}, {"type": "Feature", "properties": {"status": "existing", "bHeight": 12.0, "name": "", "levels": ""}, "geometry": {"type": "Polygon", "coordinates": [[[55.1575639, 25.1012555], [55.157531, 25.1012215], [55.1575674, 25.1011925], [55.1576003, 25.1012266], [55.1575639, 25.1012555]]]}}, {"type": "Feature", "properties": {"status": "existing", "bHeight": 12.0, "name": "", "levels": ""}, "geometry": {"type": "Polygon", "coordinates": [[[55.1566442, 25.1018131], [55.1566155, 25.1017824], [55.1565029, 25.1016621], [55.1563906, 25.101542], [55.1563272, 25.1014742], [55.1567947, 25.1010972], [55.1568591, 25.1011636], [55.1569803, 25.1012886], [55.1570984, 25.1014103], [55.1571211, 25.1014337], [55.1566442, 25.1018131]]]}}, {"type": "Feature", "properties": {"status": "existing", "bHeight": 12.0, "name": "", "levels": ""}, "geometry": {"type": "Polygon", "coordinates": [[[55.1316078, 25.0988246], [55.1316071, 25.0989702], [55.1315517, 25.0989669], [55.1315492, 25.0990023], [55.1314834, 25.0989984], [55.1314818, 25.0990206], [55.1313884, 25.0990151], [55.1314029, 25.0988125], [55.1315125, 25.0988189], [55.1315134, 25.0988061], [55.1316078, 25.0988246]]]}}, {"type": "Feature", "properties": {"status": "existing", "bHeight": 12.0, "name": "", "levels": ""}, "geometry": {"type": "Polygon", "coordinates": [[[55.1318553, 25.0989453], [55.131844, 25.0991032], [55.1317886, 25.0991], [55.1317861, 25.0991353], [55.1317203, 25.0991315], [55.1317187, 25.0991536], [55.1316253, 25.0991482], [55.1316398, 25.0989455], [55.1317494, 25.098952], [55.1317503, 25.0989392], [55.1318553, 25.0989453]]]}}, {"type": "Feature", "properties": {"status": "existing", "bHeight": 12.0, "name": "", "levels": ""}, "geometry": {"type": "Polygon", "coordinates": [[[55.1313521, 25.0987536], [55.1313408, 25.0989115], [55.1312855, 25.0989083], [55.1312829, 25.0989436], [55.1312171, 25.0989398], [55.1312155, 25.0989619], [55.1311221, 25.0989565], [55.1311367, 25.0987538], [55.1312462, 25.0987603], [55.1312472, 25.0987475], [55.1313521, 25.0987536]]]}}, {"type": "Feature", "properties": {"status": "existing", "bHeight": 12.0, "name": "", "levels": ""}, "geometry": {"type": "Polygon", "coordinates": [[[55.1310744, 25.0987865], [55.1310257, 25.0989384], [55.1309724, 25.0989244], [55.1309615, 25.0989584], [55.1308982, 25.0989418], [55.1308913, 25.0989631], [55.1308014, 25.0989395], [55.130864, 25.0987445], [55.1309695, 25.0987722], [55.1309734, 25.0987599], [55.1310744, 25.0987865]]]}}, {"type": "Feature", "properties": {"status": "existing", "bHeight": 12.0, "name": "", "levels": ""}, "geometry": {"type": "Polygon", "coordinates": [[[55.1304325, 25.0986989], [55.1303838, 25.0988509], [55.1304371, 25.0988649], [55.1304261, 25.0988989], [55.1304895, 25.0989156], [55.1304826, 25.0989369], [55.1305725, 25.0989606], [55.1306351, 25.0987656], [55.1305296, 25.0987378], [55.1305336, 25.0987255], [55.1304325, 25.0986989]]]}}, {"type": "Feature", "properties": {"status": "existing", "bHeight": 12.0, "name": "", "levels": ""}, "geometry": {"type": "Polygon", "coordinates": [[[55.1302779, 25.0985177], [55.1302, 25.0986594], [55.1302497, 25.0986818], [55.1302323, 25.0987135], [55.1302913, 25.0987401], [55.1302804, 25.09876], [55.1303642, 25.0987977], [55.1304641, 25.098616], [55.1303658, 25.0985717], [55.1303721, 25.0985602], [55.1302779, 25.0985177]]]}}, {"type": "Feature", "properties": {"status": "existing", "bHeight": 12.0, "name": "", "levels": ""}, "geometry": {"type": "Polygon", "coordinates": [[[55.1299992, 25.0984714], [55.1299213, 25.098613], [55.129971, 25.0986354], [55.1299535, 25.0986671], [55.1300126, 25.0986937], [55.1300016, 25.0987136], [55.1300854, 25.0987514], [55.1301853, 25.0985696], [55.130087, 25.0985253], [55.1300933, 25.0985138], [55.1299992, 25.0984714]]]}}, {"type": "Feature", "properties": {"status": "existing", "bHeight": 12.0, "name": "", "levels": ""}, "geometry": {"type": "Polygon", "coordinates": [[[55.1297109, 25.0984817], [55.1296331, 25.0986234], [55.1296827, 25.0986457], [55.1296653, 25.0986775], [55.1297243, 25.0987041], [55.1297134, 25.098724], [55.1297972, 25.0987617], [55.1298971, 25.0985799], [55.1297988, 25.0985356], [55.1298051, 25.0985242], [55.1297109, 25.0984817]]]}}, {"type": "Feature", "properties": {"status": "existing", "bHeight": 12.0, "name": "", "levels": ""}, "geometry": {"type": "Polygon", "coordinates": [[[55.1310625, 25.0985841], [55.1310251, 25.098702], [55.1309109, 25.0986723], [55.1309054, 25.0986896], [55.1306753, 25.0986296], [55.1306821, 25.0986083], [55.1305835, 25.0985826], [55.13062, 25.0984674], [55.1307295, 25.0984959], [55.1307365, 25.0984739], [55.1309537, 25.0985305], [55.1309463, 25.0985538], [55.1310625, 25.0985841]]]}}, {"type": "Feature", "properties": {"status": "existing", "bHeight": 12.0, "name": "", "levels": ""}, "geometry": {"type": "Polygon", "coordinates": [[[55.1301397, 25.0991438], [55.1300507, 25.0993524], [55.1299671, 25.0993232], [55.1299813, 25.0992899], [55.1299109, 25.0992653], [55.1299209, 25.0992417], [55.1298513, 25.0992173], [55.129916, 25.0990655], [55.1301397, 25.0991438]]]}}, {"type": "Feature", "properties": {"status": "existing", "bHeight": 12.0, "name": "", "levels": ""}, "geometry": {"type": "Polygon", "coordinates": [[[55.1298033, 25.099072], [55.1297143, 25.0992806], [55.1296307, 25.0992514], [55.1296449, 25.0992181], [55.1295745, 25.0991935], [55.1295845, 25.0991699], [55.1295149, 25.0991455], [55.1295796, 25.0989937], [55.1298033, 25.099072]]]}}, {"type": "Feature", "properties": {"status": "existing", "bHeight": 12.0, "name": "", "levels": ""}, "geometry": {"type": "Polygon", "coordinates": [[[55.1304564, 25.0992047], [55.1303674, 25.0994134], [55.1302838, 25.0993841], [55.130298, 25.0993508], [55.1302276, 25.0993262], [55.1302376, 25.0993026], [55.130168, 25.0992783], [55.1302327, 25.0991265], [55.1304564, 25.0992047]]]}}, {"type": "Feature", "properties": {"status": "existing", "bHeight": 12.0, "name": "", "levels": ""}, "geometry": {"type": "Polygon", "coordinates": [[[55.1308019, 25.0992807], [55.1307814, 25.0995036], [55.1308707, 25.0995104], [55.130874, 25.0994748], [55.1309492, 25.0994805], [55.1309515, 25.0994553], [55.1310259, 25.0994609], [55.1310409, 25.0992987], [55.1308019, 25.0992807]]]}}, {"type": "Feature", "properties": {"status": "existing", "bHeight": 12.0, "name": "", "levels": ""}, "geometry": {"type": "Polygon", "coordinates": [[[55.131102, 25.0993574], [55.1310815, 25.0995803], [55.1311707, 25.099587], [55.131174, 25.0995514], [55.1312492, 25.0995571], [55.1312515, 25.099532], [55.131326, 25.0995376], [55.1313409, 25.0993754], [55.131102, 25.0993574]]]}}, {"type": "Feature", "properties": {"status": "existing", "bHeight": 12.0, "name": "", "levels": ""}, "geometry": {"type": "Polygon", "coordinates": [[[55.1314287, 25.0994285], [55.1314082, 25.0996515], [55.1314975, 25.0996582], [55.1315008, 25.0996226], [55.131576, 25.0996283], [55.1315783, 25.0996031], [55.1316527, 25.0996087], [55.1316677, 25.0994466], [55.1314287, 25.0994285]]]}}, {"type": "Feature", "properties": {"status": "existing", "bHeight": 12.0, "name": "", "levels": ""}, "geometry": {"type": "Polygon", "coordinates": [[[55.129608, 25.0979304], [55.1296227, 25.0978324], [55.1296835, 25.0978399], [55.1296688, 25.0979379], [55.129608, 25.0979304]]]}}, {"type": "Feature", "properties": {"status": "existing", "bHeight": 12.0, "name": "", "levels": ""}, "geometry": {"type": "Polygon", "coordinates": [[[55.1269811, 25.0977684], [55.1269688, 25.0979732], [55.1269016, 25.0979699], [55.1269008, 25.0979837], [55.1268232, 25.0979798], [55.1268238, 25.0979685], [55.126793, 25.097967], [55.1268062, 25.0977485], [55.1268946, 25.0977529], [55.126894, 25.0977641], [55.1269811, 25.0977684]]]}}, {"type": "Feature", "properties": {"status": "existing", "bHeight": 12.0, "name": "", "levels": ""}, "geometry": {"type": "Polygon", "coordinates": [[[55.1267647, 25.0977714], [55.1267524, 25.0979762], [55.1266852, 25.0979729], [55.1266844, 25.0979866], [55.1266067, 25.0979828], [55.1266074, 25.0979715], [55.1265766, 25.09797], [55.1265897, 25.0977515], [55.1266782, 25.0977559], [55.1266775, 25.0977671], [55.1267647, 25.0977714]]]}}, {"type": "Feature", "properties": {"status": "existing", "bHeight": 12.0, "name": "", "levels": ""}, "geometry": {"type": "Polygon", "coordinates": [[[55.1265551, 25.0977601], [55.1265428, 25.0979649], [55.1264756, 25.0979616], [55.1264748, 25.0979754], [55.1263972, 25.0979716], [55.1263978, 25.0979602], [55.126367, 25.0979587], [55.1263802, 25.0977403], [55.1264686, 25.0977446], [55.1264679, 25.0977558], [55.1265551, 25.0977601]]]}}, {"type": "Feature", "properties": {"status": "existing", "bHeight": 12.0, "name": "", "levels": ""}, "geometry": {"type": "Polygon", "coordinates": [[[55.1263349, 25.0977471], [55.1263274, 25.0979521], [55.1262602, 25.0979501], [55.1262597, 25.0979638], [55.126182, 25.0979615], [55.1261824, 25.0979502], [55.1261516, 25.0979493], [55.1261595, 25.0977306], [55.126248, 25.0977333], [55.1262476, 25.0977445], [55.1263349, 25.0977471]]]}}, {"type": "Feature", "properties": {"status": "existing", "bHeight": 9.4, "name": "", "levels": "2", "height_source": "osm_geom", "height_basis": "osm levels 2 · 100% of this footprint"}, "geometry": {"type": "Polygon", "coordinates": [[[55.1260985, 25.0977675], [55.1261036, 25.0979726], [55.1260363, 25.0979739], [55.1260367, 25.0979877], [55.125959, 25.0979893], [55.1259587, 25.0979779], [55.1259279, 25.0979786], [55.1259224, 25.0977599], [55.1260109, 25.0977581], [55.1260112, 25.0977693], [55.1260985, 25.0977675]]]}}, {"type": "Feature", "properties": {"status": "existing", "bHeight": 9.4, "name": "", "levels": "2", "height_source": "osm_geom", "height_basis": "osm levels 2 · 100% of this footprint"}, "geometry": {"type": "Polygon", "coordinates": [[[55.1258705, 25.0977735], [55.1258807, 25.0979784], [55.1258135, 25.0979812], [55.1258142, 25.097995], [55.1257366, 25.0979981], [55.125736, 25.0979868], [55.1257052, 25.0979881], [55.1256942, 25.0977695], [55.1257827, 25.0977659], [55.1257833, 25.0977771], [55.1258705, 25.0977735]]]}}, {"type": "Feature", "properties": {"status": "existing", "bHeight": 9.4, "name": "", "levels": "2", "height_source": "osm_geom", "height_basis": "osm levels 2 · 100% of this footprint"}, "geometry": {"type": "Polygon", "coordinates": [[[55.1256629, 25.0977542], [55.1256705, 25.0979592], [55.1256032, 25.0979612], [55.1256037, 25.097975], [55.125526, 25.0979774], [55.1255256, 25.097966], [55.1254948, 25.097967], [55.1254867, 25.0977483], [55.1255753, 25.0977456], [55.1255757, 25.0977568], [55.1256629, 25.0977542]]]}}, {"type": "Feature", "properties": {"status": "existing", "bHeight": 9.4, "name": "", "levels": "2", "height_source": "osm_geom", "height_basis": "osm levels 2 · 100% of this footprint"}, "geometry": {"type": "Polygon", "coordinates": [[[55.1254522, 25.0977368], [55.1254597, 25.0979418], [55.1253925, 25.0979438], [55.125393, 25.0979576], [55.1253153, 25.09796], [55.1253149, 25.0979486], [55.125284, 25.0979496], [55.125276, 25.0977309], [55.1253645, 25.0977282], [55.1253649, 25.0977394], [55.1254522, 25.0977368]]]}}, {"type": "Feature", "properties": {"status": "existing", "bHeight": 12.0, "name": "", "levels": ""}, "geometry": {"type": "Polygon", "coordinates": [[[55.1252371, 25.097743], [55.1252446, 25.0979481], [55.1251774, 25.0979501], [55.1251779, 25.0979639], [55.1251002, 25.0979662], [55.1250998, 25.0979549], [55.1250689, 25.0979558], [55.1250609, 25.0977372], [55.1251494, 25.0977345], [55.1251498, 25.0977457], [55.1252371, 25.097743]]]}}, {"type": "Feature", "properties": {"status": "existing", "bHeight": 12.0, "name": "", "levels": ""}, "geometry": {"type": "Polygon", "coordinates": [[[55.1250329, 25.0977693], [55.1250404, 25.0979743], [55.1249731, 25.0979763], [55.1249736, 25.0979901], [55.1248959, 25.0979924], [55.1248955, 25.0979811], [55.1248647, 25.097982], [55.1248567, 25.0977634], [55.1249452, 25.0977607], [55.1249456, 25.0977719], [55.1250329, 25.0977693]]]}}, {"type": "Feature", "properties": {"status": "existing", "bHeight": 12.0, "name": "", "levels": ""}, "geometry": {"type": "Polygon", "coordinates": [[[55.1263524, 25.0990968], [55.1263448, 25.0988918], [55.1262776, 25.0988938], [55.1262771, 25.09888], [55.1261994, 25.0988824], [55.1261998, 25.0988937], [55.126169, 25.0988946], [55.126177, 25.0991133], [55.1262655, 25.0991106], [55.1262651, 25.0990994], [55.1263524, 25.0990968]]]}}, {"type": "Feature", "properties": {"status": "existing", "bHeight": 12.0, "name": "", "levels": ""}, "geometry": {"type": "Polygon", "coordinates": [[[55.1265703, 25.0991025], [55.1265628, 25.0988975], [55.1264955, 25.0988995], [55.126495, 25.0988858], [55.1264173, 25.0988881], [55.1264177, 25.0988994], [55.1263869, 25.0989004], [55.1263949, 25.099119], [55.1264835, 25.0991163], [55.1264831, 25.0991052], [55.1265703, 25.0991025]]]}}, {"type": "Feature", "properties": {"status": "existing", "bHeight": 12.0, "name": "", "levels": ""}, "geometry": {"type": "Polygon", "coordinates": [[[55.1261339, 25.0990789], [55.1261264, 25.0988739], [55.1260591, 25.0988759], [55.1260586, 25.0988622], [55.1259809, 25.0988645], [55.1259813, 25.0988758], [55.1259505, 25.0988768], [55.1259585, 25.0990954], [55.1260471, 25.0990927], [55.1260467, 25.0990816], [55.1261339, 25.0990789]]]}}, {"type": "Feature", "properties": {"status": "existing", "bHeight": 12.0, "name": "", "levels": ""}, "geometry": {"type": "Polygon", "coordinates": [[[55.1257306, 25.0990861], [55.1257413, 25.0988812], [55.1258086, 25.0988841], [55.1258093, 25.0988703], [55.1258869, 25.0988737], [55.1258863, 25.098885], [55.1259171, 25.0988863], [55.1259056, 25.0991049], [55.1258172, 25.099101], [55.1258178, 25.0990899], [55.1257306, 25.0990861]]]}}, {"type": "Feature", "properties": {"status": "existing", "bHeight": 12.0, "name": "", "levels": ""}, "geometry": {"type": "Polygon", "coordinates": [[[55.1255369, 25.0990981], [55.1255477, 25.0988932], [55.1256149, 25.0988961], [55.1256156, 25.0988823], [55.1256932, 25.0988857], [55.1256927, 25.098897], [55.1257235, 25.0988984], [55.125712, 25.0991169], [55.1256235, 25.0991131], [55.1256241, 25.0991019], [55.1255369, 25.0990981]]]}}, {"type": "Feature", "properties": {"status": "existing", "bHeight": 12.0, "name": "", "levels": ""}, "geometry": {"type": "Polygon", "coordinates": [[[55.1253059, 25.099126], [55.1253167, 25.0989211], [55.1253839, 25.098924], [55.1253847, 25.0989103], [55.1254623, 25.0989136], [55.1254617, 25.0989249], [55.1254925, 25.0989263], [55.125481, 25.0991448], [55.1253926, 25.099141], [55.1253931, 25.0991298], [55.1253059, 25.099126]]]}}, {"type": "Feature", "properties": {"status": "existing", "bHeight": 12.0, "name": "", "levels": ""}, "geometry": {"type": "Polygon", "coordinates": [[[55.1250942, 25.099129], [55.125105, 25.0989241], [55.1251723, 25.098927], [55.125173, 25.0989132], [55.1252506, 25.0989166], [55.12525, 25.0989279], [55.1252808, 25.0989292], [55.1252693, 25.0991477], [55.1251809, 25.0991439], [55.1251815, 25.0991327], [55.1250942, 25.099129]]]}}, {"type": "Feature", "properties": {"status": "existing", "bHeight": 12.0, "name": "Kadyrov’s villa", "levels": ""}, "geometry": {"type": "Polygon", "coordinates": [[[55.1266188, 25.0991307], [55.1266435, 25.0988645], [55.126772, 25.0988743], [55.126784, 25.098745], [55.1269159, 25.098755], [55.1269047, 25.098876], [55.1269254, 25.0988775], [55.1269189, 25.0989479], [55.1269343, 25.098949], [55.1269277, 25.0990204], [55.1269105, 25.0990191], [55.1269046, 25.0990825], [55.1267934, 25.099074], [55.1268017, 25.0989836], [55.1267408, 25.0989789], [55.126726, 25.0991389], [55.1266188, 25.0991307]]]}}, {"type": "Feature", "properties": {"status": "existing", "bHeight": 12.0, "name": "", "levels": ""}, "geometry": {"type": "Polygon", "coordinates": [[[55.1250432, 25.0991752], [55.1250618, 25.0989092], [55.1248852, 25.098899], [55.124894, 25.0987733], [55.1247664, 25.098766], [55.1247581, 25.0988842], [55.1247847, 25.0988857], [55.1247794, 25.0989621], [55.1247613, 25.0989611], [55.1247567, 25.0990279], [55.1247738, 25.0990289], [55.1247689, 25.0990999], [55.1248899, 25.0991069], [55.1248967, 25.0990094], [55.1249392, 25.0990118], [55.1249283, 25.0991687], [55.1250432, 25.0991752]]]}}, {"type": "Feature", "properties": {"status": "existing", "bHeight": 12.0, "name": "", "levels": ""}, "geometry": {"type": "Polygon", "coordinates": [[[55.1270536, 25.09795], [55.1270599, 25.0979561], [55.1270635, 25.0979638], [55.1270641, 25.0979721], [55.1270616, 25.0979801], [55.1270562, 25.0979869], [55.1270487, 25.0979917], [55.1270398, 25.0979939], [55.1270312, 25.0979934], [55.1270231, 25.0979905], [55.1270165, 25.0979854], [55.127012, 25.0979787], [55.1270101, 25.0979711], [55.1270109, 25.0979633], [55.1270145, 25.0979561], [55.1270203, 25.0979503], [55.1270278, 25.0979465], [55.1270363, 25.097945], [55.1270455, 25.0979461], [55.1270536, 25.09795]]]}}, {"type": "Feature", "properties": {"status": "existing", "bHeight": 12.0, "name": "", "levels": ""}, "geometry": {"type": "Polygon", "coordinates": [[[55.1249116, 25.0980103], [55.1249179, 25.0980164], [55.1249215, 25.0980241], [55.1249221, 25.0980324], [55.1249196, 25.0980404], [55.1249142, 25.0980472], [55.1249067, 25.098052], [55.1248978, 25.0980542], [55.1248892, 25.0980537], [55.1248812, 25.0980508], [55.1248746, 25.0980457], [55.1248701, 25.098039], [55.1248681, 25.0980314], [55.124869, 25.0980235], [55.1248725, 25.0980164], [55.1248783, 25.0980106], [55.1248859, 25.0980067], [55.1248944, 25.0980053], [55.1249035, 25.0980064], [55.1249116, 25.0980103]]]}}, {"type": "Feature", "properties": {"status": "existing", "bHeight": 12.0, "name": "", "levels": ""}, "geometry": {"type": "Polygon", "coordinates": [[[55.126176, 25.1238879], [55.126222, 25.1240078], [55.1262678, 25.1239934], [55.1262833, 25.1240338], [55.1263203, 25.1240222], [55.1263301, 25.1240478], [55.126392, 25.1240283], [55.1263719, 25.123976], [55.1263865, 25.1239714], [55.1263616, 25.1239063], [55.1263577, 25.1238965], [55.1263354, 25.1239035], [55.1263277, 25.1238834], [55.1262584, 25.1239052], [55.1262437, 25.1238667], [55.126176, 25.1238879]]]}}, {"type": "Feature", "properties": {"status": "existing", "bHeight": 12.0, "name": "", "levels": ""}, "geometry": {"type": "Polygon", "coordinates": [[[55.1263577, 25.1238965], [55.1263102, 25.1237751], [55.1263879, 25.1237502], [55.1264064, 25.1237976], [55.1264658, 25.1237786], [55.1264728, 25.1237966], [55.1264979, 25.1237885], [55.1265019, 25.1237989], [55.1265293, 25.1238688], [55.126475, 25.1238863], [55.126485, 25.1239119], [55.1264346, 25.1239281], [55.1264253, 25.1239044], [55.1263885, 25.1239162], [55.1263821, 25.1238998], [55.1263616, 25.1239063], [55.1263577, 25.1238965]]]}}, {"type": "Feature", "properties": {"status": "existing", "bHeight": 12.0, "name": "", "levels": ""}, "geometry": {"type": "Polygon", "coordinates": [[[55.1264557, 25.1236793], [55.1264979, 25.1237885], [55.1265019, 25.1237989], [55.1265475, 25.1237848], [55.126563, 25.1238251], [55.1265999, 25.1238135], [55.1266098, 25.1238391], [55.1266717, 25.1238197], [55.1266516, 25.1237673], [55.1266662, 25.1237628], [55.1266413, 25.1236977], [55.1266374, 25.1236878], [55.1266151, 25.1236948], [55.1266074, 25.1236747], [55.1265381, 25.1236965], [55.1265233, 25.123658], [55.1264557, 25.1236793]]]}}, {"type": "Feature", "properties": {"status": "existing", "bHeight": 12.0, "name": "", "levels": ""}, "geometry": {"type": "Polygon", "coordinates": [[[55.1266374, 25.1236878], [55.1265899, 25.1235664], [55.1266675, 25.1235415], [55.1266861, 25.123589], [55.1267455, 25.1235699], [55.1267525, 25.1235879], [55.1267776, 25.1235798], [55.126809, 25.1236602], [55.1267546, 25.1236776], [55.1267647, 25.1237033], [55.1267143, 25.1237195], [55.126705, 25.1236957], [55.1266682, 25.1237075], [55.1266618, 25.1236911], [55.1266413, 25.1236977], [55.1266374, 25.1236878]]]}}, {"type": "Feature", "properties": {"status": "existing", "bHeight": 12.0, "name": "", "levels": ""}, "geometry": {"type": "Polygon", "coordinates": [[[55.126473, 25.1241339], [55.1264798, 25.1241355], [55.1264858, 25.124139], [55.1264901, 25.124144], [55.1264924, 25.1241501], [55.1264924, 25.1241564], [55.1264901, 25.1241625], [55.1264857, 25.1241675], [55.1264798, 25.124171], [55.126473, 25.1241725], [55.126466, 25.124172], [55.1264595, 25.1241694], [55.1264544, 25.1241651], [55.126451, 25.1241595], [55.1264499, 25.1241532], [55.126451, 25.124147], [55.1264543, 25.1241414], [55.1264595, 25.124137], [55.126466, 25.1241344], [55.126473, 25.1241339]]]}}, {"type": "Feature", "properties": {"status": "existing", "bHeight": 12.0, "name": "", "levels": ""}, "geometry": {"type": "Polygon", "coordinates": [[[55.1268843, 25.1234281], [55.1269224, 25.123304], [55.1270017, 25.123324], [55.1269868, 25.1233725], [55.1270475, 25.1233877], [55.1270419, 25.1234061], [55.1270675, 25.1234126], [55.1270616, 25.1234317], [55.1270424, 25.1234947], [55.1269868, 25.1234807], [55.1269787, 25.1235069], [55.1269272, 25.123494], [55.1269346, 25.1234697], [55.126897, 25.1234602], [55.1269021, 25.1234435], [55.1268812, 25.1234382], [55.1268843, 25.1234281]]]}}, {"type": "Feature", "properties": {"status": "existing", "bHeight": 12.0, "name": "", "levels": ""}, "geometry": {"type": "Polygon", "coordinates": [[[55.1271001, 25.1233093], [55.1270675, 25.1234126], [55.1270616, 25.1234317], [55.1271085, 25.1234434], [55.1270956, 25.1234845], [55.1271333, 25.1234942], [55.1271251, 25.1235202], [55.1271882, 25.1235364], [55.1272048, 25.1234831], [55.1272196, 25.1234869], [55.1272405, 25.1234207], [55.1272436, 25.1234106], [55.1272208, 25.1234047], [55.1272272, 25.1233843], [55.1271567, 25.1233662], [55.1271689, 25.123327], [55.1271001, 25.1233093]]]}}, {"type": "Feature", "properties": {"status": "existing", "bHeight": 12.0, "name": "", "levels": ""}, "geometry": {"type": "Polygon", "coordinates": [[[55.1273279, 25.1237825], [55.1272686, 25.1237719], [55.1271902, 25.1237579], [55.1271996, 25.1237147], [55.1271535, 25.1237065], [55.1271611, 25.1236717], [55.1271319, 25.1236665], [55.1271445, 25.1236082], [55.1272046, 25.123619], [55.1272076, 25.1236054], [55.1272822, 25.1236187], [55.1272936, 25.1236208], [55.127289, 25.1236419], [55.1273119, 25.1236459], [55.1272977, 25.1237112], [55.1273417, 25.123719], [55.1273279, 25.1237825]]]}}, {"type": "Feature", "properties": {"status": "existing", "bHeight": 12.0, "name": "", "levels": ""}, "geometry": {"type": "Polygon", "coordinates": [[[55.1273116, 25.1239346], [55.1273275, 25.1238614], [55.1272728, 25.1238516], [55.127285, 25.1237958], [55.1272642, 25.1237921], [55.1272686, 25.1237719], [55.1271902, 25.1237579], [55.127176, 25.1237554], [55.1271656, 25.1238032], [55.1271363, 25.123798], [55.1271259, 25.1238458], [55.1271535, 25.1238508], [55.1271459, 25.1238853], [55.1271648, 25.1238886], [55.1271607, 25.1239077], [55.127241, 25.123922], [55.1273116, 25.1239346]]]}}, {"type": "Feature", "properties": {"status": "existing", "bHeight": 12.0, "name": "", "levels": ""}, "geometry": {"type": "Polygon", "coordinates": [[[55.1272844, 25.1240854], [55.1273001, 25.1240122], [55.1272456, 25.1240026], [55.1272576, 25.1239467], [55.1272369, 25.123943], [55.127241, 25.123922], [55.1271607, 25.1239077], [55.1271486, 25.1239064], [55.1271384, 25.1239541], [55.1271089, 25.1239489], [55.1270987, 25.1239968], [55.1271261, 25.1240016], [55.1271187, 25.1240362], [55.1271375, 25.1240395], [55.1271334, 25.1240588], [55.1272071, 25.1240718], [55.1272844, 25.1240854]]]}}, {"type": "Feature", "properties": {"status": "existing", "bHeight": 12.0, "name": "", "levels": ""}, "geometry": {"type": "Polygon", "coordinates": [[[55.1272418, 25.1242345], [55.1271826, 25.1242236], [55.1271254, 25.1242137], [55.1271039, 25.1242097], [55.1271138, 25.1241666], [55.1270675, 25.1241583], [55.1270751, 25.1241236], [55.1270458, 25.1241183], [55.1270586, 25.1240601], [55.1271186, 25.1240709], [55.1271216, 25.1240572], [55.1271334, 25.1240588], [55.1272071, 25.1240718], [55.1272029, 25.1240937], [55.1272259, 25.1240978], [55.1272116, 25.124163], [55.1272558, 25.1241709], [55.1272418, 25.1242345]]]}}, {"type": "Feature", "properties": {"status": "existing", "bHeight": 12.0, "name": "", "levels": ""}, "geometry": {"type": "Polygon", "coordinates": [[[55.125868, 25.1243856], [55.125929, 25.124416], [55.1259929, 25.1244438], [55.1260149, 25.1244041], [55.126057, 25.1244235], [55.1260747, 25.124392], [55.1261014, 25.1244043], [55.1261312, 25.1243514], [55.1260766, 25.1243263], [55.1260836, 25.1243138], [55.1260159, 25.1242825], [55.1260055, 25.1242778], [55.1259948, 25.1242969], [55.1259739, 25.1242872], [55.1259406, 25.1243464], [55.1259005, 25.1243279], [55.125868, 25.1243856]]]}}, {"type": "Feature", "properties": {"status": "existing", "bHeight": 12.0, "name": "", "levels": ""}, "geometry": {"type": "Polygon", "coordinates": [[[55.1257171, 25.1246669], [55.125842, 25.1247245], [55.125864, 25.1246854], [55.1259061, 25.1247048], [55.1259238, 25.1246733], [55.1259505, 25.1246856], [55.1259803, 25.1246327], [55.1259258, 25.1246075], [55.1259327, 25.1245951], [55.1259227, 25.1245905], [55.1258547, 25.1245591], [55.1258439, 25.1245781], [55.125823, 25.1245685], [55.1257897, 25.1246277], [55.1257496, 25.1246092], [55.1257171, 25.1246669]]]}}, {"type": "Feature", "properties": {"status": "existing", "bHeight": 12.0, "name": "", "levels": ""}, "geometry": {"type": "Polygon", "coordinates": [[[55.1258547, 25.1245591], [55.1257853, 25.1245261], [55.125821, 25.1244589], [55.1258711, 25.1244808], [55.1258984, 25.1244294], [55.1259174, 25.1244377], [55.125929, 25.124416], [55.1259929, 25.1244438], [55.1260138, 25.1244529], [55.1259888, 25.1245], [55.1260159, 25.1245118], [55.1259927, 25.1245554], [55.1259676, 25.1245445], [55.1259507, 25.1245763], [55.1259333, 25.1245688], [55.1259227, 25.1245905], [55.1258547, 25.1245591]]]}}, {"type": "Feature", "properties": {"status": "existing", "bHeight": 12.0, "name": "", "levels": ""}, "geometry": {"type": "Polygon", "coordinates": [[[55.1441478, 25.1100047], [55.1448684, 25.1094615], [55.1448185, 25.1094073], [55.1440979, 25.1099504], [55.1441478, 25.1100047]]]}}, {"type": "Feature", "properties": {"status": "existing", "bHeight": 12.0, "name": "", "levels": ""}, "geometry": {"type": "Polygon", "coordinates": [[[55.1246225, 25.1251445], [55.1250879, 25.1254905], [55.1248143, 25.1261984], [55.1247428, 25.1262518], [55.1242805, 25.1265967], [55.1242363, 25.1265469], [55.1241974, 25.12657], [55.1237039, 25.1260272], [55.1237749, 25.1259689], [55.1236328, 25.125816], [55.1240324, 25.1254966], [55.1240499, 25.125516], [55.1243342, 25.1252926], [55.1243007, 25.1252465], [55.1245179, 25.1250874], [55.124585, 25.1251688], [55.1246225, 25.1251445]]]}}, {"type": "Feature", "properties": {"status": "existing", "bHeight": 12.0, "name": "", "levels": ""}, "geometry": {"type": "Polygon", "coordinates": [[[55.1244296, 25.1244503], [55.1240928, 25.1240808], [55.1240016, 25.1240553], [55.1229113, 25.1242387], [55.1228948, 25.1243046], [55.1228818, 25.1243565], [55.1225309, 25.1246174], [55.1226521, 25.124751], [55.1226162, 25.1247777], [55.1229418, 25.1251362], [55.1229792, 25.1251084], [55.1230626, 25.1252001], [55.123033, 25.1252222], [55.1231721, 25.1253749], [55.1237388, 25.1249517], [55.1237136, 25.1249241], [55.123778, 25.124876], [55.1238112, 25.1249125], [55.1244296, 25.1244503]]]}}, {"type": "Feature", "properties": {"status": "existing", "bHeight": 12.0, "name": "Waldorf Astoria Dubai Palm Jumeirah", "levels": ""}, "geometry": {"type": "Polygon", "coordinates": [[[55.1507707, 25.1337705], [55.1507712, 25.1338322], [55.15077, 25.1338681], [55.1508002, 25.1338681], [55.1508014, 25.1339055], [55.1508021, 25.1339445], [55.1508004, 25.1339778], [55.150798, 25.1340195], [55.1507914, 25.1340727], [55.1507813, 25.1341092], [55.1507675, 25.1341409], [55.1507417, 25.1341998], [55.1507128, 25.1341837], [55.1506624, 25.1342206], [55.1506279, 25.1342598], [55.1505959, 25.1343175], [55.1505904, 25.1343595], [55.150614, 25.1343813], [55.1505401, 25.1344377], [55.1504724, 25.1344858], [55.1504128, 25.1345197], [55.1503193, 25.1345614], [55.1503058, 25.1345272], [55.150184, 25.1345592], [55.1501901, 25.1345838], [55.1501244, 25.1345835], [55.1500665, 25.1345946], [55.1500067, 25.1346135], [55.1499511, 25.1346401], [55.149925, 25.1346089], [55.1498006, 25.1347004], [55.1498601, 25.1347646], [55.1497908, 25.1348108], [55.1497687, 25.1348313], [55.1497613, 25.1348382], [55.1497416, 25.1348596], [55.1497118, 25.1349017], [55.1496975, 25.1349292], [55.1496909, 25.1349418], [55.1496766, 25.1349881], [55.1496663, 25.1350381], [55.1496621, 25.1350932], [55.1496674, 25.1351473], [55.1496757, 25.135192], [55.1497017, 25.1352496], [55.1497316, 25.1352908], [55.1496903, 25.1353237], [55.1497173, 25.1353532], [55.14975, 25.1353785], [55.1497827, 25.1354041], [55.1498069, 25.1354227], [55.1498325, 25.1354402], [55.1498572, 25.1354109], [55.1498995, 25.1354332], [55.1499442, 25.1354487], [55.1499873, 25.1354547], [55.1500272, 25.1354566], [55.1500758, 25.1354564], [55.1501282, 25.1354545], [55.1501999, 25.1354447], [55.1502422, 25.13543], [55.1502961, 25.1354051], [55.1503336, 25.1353777], [55.1503701, 25.1353452], [55.1504005, 25.1353089], [55.1504194, 25.1352792], [55.1504305, 25.1352389], [55.1504532, 25.1352419], [55.1504633, 25.1351927], [55.1504673, 25.1351483], [55.1504677, 25.1350785], [55.1504489, 25.1350784], [55.1504504, 25.1350497], [55.1504451, 25.13502], [55.150434, 25.1349889], [55.1504135, 25.1349505], [55.150383, 25.1349111], [55.1503483, 25.1348734], [55.1502992, 25.1348368], [55.1502338, 25.1348019], [55.1502012, 25.1347846], [55.1502003, 25.1347298], [55.1502422, 25.134729], [55.1502925, 25.1347233], [55.1503511, 25.134712], [55.1504051, 25.1346937], [55.1504659, 25.1347681], [55.1504203, 25.134795], [55.1505169, 25.1349229], [55.1506253, 25.1348566], [55.1506085, 25.1348364], [55.1506403, 25.1348169], [55.1506732, 25.1347919], [55.1507004, 25.1347694], [55.1507365, 25.1347391], [55.1507714, 25.1347074], [55.1508029, 25.1346763], [55.1508269, 25.134654], [55.1507883, 25.134618], [55.1508336, 25.1345772], [55.1508949, 25.1346325], [55.1509276, 25.1346028], [55.150954, 25.1345746], [55.1509791, 25.1345457], [55.151003, 25.1345129], [55.1510249, 25.1344819], [55.1510482, 25.1344464], [55.1510669, 25.134416], [55.1510848, 25.1343802], [55.1510959, 25.1343558], [55.1510182, 25.1343182], [55.1510538, 25.134256], [55.151125, 25.1342822], [55.1511385, 25.1342574], [55.1511482, 25.1342356], [55.1511598, 25.1342084], [55.15117, 25.1341811], [55.1511802, 25.1341541], [55.1511898, 25.1341258], [55.1511963, 25.1341022], [55.1512011, 25.1340713], [55.1512044, 25.1340213], [55.1512365, 25.1340253], [55.1512411, 25.1340012], [55.151245, 25.1339735], [55.1512464, 25.1339449], [55.1512466, 25.1339036], [55.1511056, 25.1338843], [55.1511032, 25.1338964], [55.1509677, 25.133885], [55.1509723, 25.1337703], [55.1507707, 25.1337705]]]}}, {"type": "Feature", "properties": {"status": "existing", "bHeight": 12.0, "name": "", "levels": ""}, "geometry": {"type": "Polygon", "coordinates": [[[55.1337203, 25.1069676], [55.1337008, 25.1070432], [55.1336654, 25.1072244], [55.13356, 25.1072017], [55.1334957, 25.1071904], [55.1334375, 25.1071784], [55.1334585, 25.1070965], [55.1335351, 25.1071097], [55.1335452, 25.1070369], [55.13348, 25.1070164], [55.1335044, 25.1069283], [55.1337203, 25.1069676]]]}}, {"type": "Feature", "properties": {"status": "existing", "bHeight": 12.0, "name": "", "levels": ""}, "geometry": {"type": "Polygon", "coordinates": [[[55.1335876, 25.1066971], [55.1336117, 25.1066039], [55.1337939, 25.1066469], [55.1337825, 25.1066901], [55.1338267, 25.1066997], [55.1338057, 25.1067794], [55.1337695, 25.1067716], [55.1337596, 25.1068093], [55.1337038, 25.106796], [55.1336929, 25.1068244], [55.1337523, 25.1068534], [55.133711, 25.106918], [55.1336493, 25.1068817], [55.1336328, 25.1069045], [55.133551, 25.1068569], [55.1336051, 25.1067898], [55.1336511, 25.1068137], [55.133658, 25.1067876], [55.133613, 25.1067733], [55.1336299, 25.1067105], [55.1335876, 25.1066971]]]}}, {"type": "Feature", "properties": {"status": "existing", "bHeight": 12.0, "name": "", "levels": ""}, "geometry": {"type": "Polygon", "coordinates": [[[55.1336705, 25.1064806], [55.1338174, 25.1065134], [55.1338007, 25.106575], [55.1336537, 25.1065423], [55.1336705, 25.1064806]]]}}, {"type": "Feature", "properties": {"status": "existing", "bHeight": 12.0, "name": "", "levels": ""}, "geometry": {"type": "Polygon", "coordinates": [[[55.1332213, 25.1064816], [55.1333389, 25.1065147], [55.1333205, 25.1065657], [55.133338, 25.1065701], [55.1333077, 25.1066551], [55.133337, 25.1066627], [55.1333278, 25.1066916], [55.1333035, 25.1066853], [55.1332751, 25.1067746], [55.1331332, 25.1067377], [55.1331571, 25.1066624], [55.1331217, 25.1066532], [55.1331373, 25.1066039], [55.1331651, 25.1066111], [55.1332213, 25.1064816]]]}}, {"type": "Feature", "properties": {"status": "existing", "bHeight": 12.0, "name": "", "levels": ""}, "geometry": {"type": "Polygon", "coordinates": [[[55.1331941, 25.1064102], [55.1334067, 25.1064643], [55.1334249, 25.1063924], [55.1333419, 25.10637], [55.1333685, 25.1062868], [55.1333978, 25.1062945], [55.1334105, 25.106252], [55.1334735, 25.1062687], [55.1334912, 25.1062001], [55.1332828, 25.1061513], [55.1332452, 25.1062558], [55.1332615, 25.10626], [55.1332331, 25.1063401], [55.1332129, 25.1063348], [55.1331941, 25.1064102]]]}}, {"type": "Feature", "properties": {"status": "existing", "bHeight": 12.0, "name": "", "levels": ""}, "geometry": {"type": "Polygon", "coordinates": [[[55.1332709, 25.1060373], [55.133521, 25.1061004], [55.1334933, 25.1061904], [55.1333679, 25.1061588], [55.1333776, 25.1061274], [55.1332529, 25.106096], [55.1332709, 25.1060373]]]}}, {"type": "Feature", "properties": {"status": "existing", "bHeight": 12.0, "name": "", "levels": ""}, "geometry": {"type": "Polygon", "coordinates": [[[55.1333091, 25.1068912], [55.1332538, 25.1068778], [55.1332244, 25.1069702], [55.1330964, 25.1069499], [55.1330977, 25.1069311], [55.1330158, 25.1069132], [55.1330425, 25.1068217], [55.1330595, 25.1067643], [55.1333275, 25.1068291], [55.1333091, 25.1068912]]]}}, {"type": "Feature", "properties": {"status": "existing", "bHeight": 12.0, "name": "", "levels": ""}, "geometry": {"type": "Polygon", "coordinates": [[[55.1331623, 25.1071488], [55.1330772, 25.1071288], [55.133085, 25.1071016], [55.1329698, 25.1070746], [55.1329866, 25.1070161], [55.1329717, 25.1070126], [55.1329896, 25.1069501], [55.1332048, 25.1070007], [55.1331623, 25.1071488]]]}}, {"type": "Feature", "properties": {"status": "existing", "bHeight": 12.0, "name": "", "levels": ""}, "geometry": {"type": "Polygon", "coordinates": [[[55.1332347, 25.1072233], [55.1331485, 25.1072062], [55.133118, 25.1073098], [55.1330342, 25.1072896], [55.1330423, 25.1072623], [55.1329282, 25.1072346], [55.1329455, 25.1071759], [55.1329307, 25.1071723], [55.1329477, 25.1071149], [55.1332386, 25.1071853], [55.1332347, 25.1072233]]]}}, {"type": "Feature", "properties": {"status": "existing", "bHeight": 12.0, "name": "", "levels": ""}, "geometry": {"type": "Polygon", "coordinates": [[[55.1330936, 25.1074767], [55.1330082, 25.1074569], [55.1330159, 25.1074298], [55.132883, 25.1074043], [55.1329201, 25.1072769], [55.133136, 25.107327], [55.1330936, 25.1074767]]]}}, {"type": "Feature", "properties": {"status": "existing", "bHeight": 12.0, "name": "", "levels": ""}, "geometry": {"type": "Polygon", "coordinates": [[[55.1334258, 25.1072629], [55.1336389, 25.1072987], [55.1336242, 25.107371], [55.1335916, 25.1073655], [55.1335767, 25.107438], [55.1335854, 25.1074394], [55.1335668, 25.1075306], [55.1334915, 25.107518], [55.1333638, 25.1074965], [55.1333745, 25.107444], [55.1334707, 25.1074601], [55.1334844, 25.1073932], [55.1334546, 25.1073882], [55.1334633, 25.1073461], [55.1334106, 25.1073372], [55.1334258, 25.1072629]]]}}, {"type": "Feature", "properties": {"status": "existing", "bHeight": 12.0, "name": "", "levels": ""}, "geometry": {"type": "Polygon", "coordinates": [[[55.1333485, 25.1075929], [55.1335609, 25.1076348], [55.1335396, 25.1077232], [55.1335055, 25.1077165], [55.1334921, 25.1077722], [55.1335162, 25.1077768], [55.1334941, 25.1078686], [55.1334815, 25.1078662], [55.1332878, 25.107837], [55.1332997, 25.1077874], [55.1333046, 25.107767], [55.1333659, 25.107779], [55.1333881, 25.1076864], [55.1333356, 25.1076761], [55.1333288, 25.1076747], [55.1333485, 25.1075929]]]}}, {"type": "Feature", "properties": {"status": "existing", "bHeight": 12.0, "name": "", "levels": ""}, "geometry": {"type": "Polygon", "coordinates": [[[55.1331253, 25.1075489], [55.1329119, 25.1075123], [55.1328968, 25.1075846], [55.1328568, 25.1077576], [55.1329558, 25.1077714], [55.1329555, 25.107789], [55.1329935, 25.107794], [55.1330003, 25.1077822], [55.1330543, 25.1077915], [55.1330648, 25.1077415], [55.1330206, 25.107734], [55.1330517, 25.1075854], [55.1331126, 25.1075994], [55.1331253, 25.1075489]]]}}, {"type": "Feature", "properties": {"status": "existing", "bHeight": 12.0, "name": "", "levels": ""}, "geometry": {"type": "Polygon", "coordinates": [[[55.1330889, 25.1078447], [55.1330677, 25.1079789], [55.1329972, 25.1079698], [55.1329771, 25.1080975], [55.1328302, 25.1080784], [55.1328483, 25.107964], [55.1327795, 25.107955], [55.1328023, 25.1078109], [55.1328861, 25.1078218], [55.1328906, 25.1077934], [55.1329302, 25.1077986], [55.1329313, 25.1077914], [55.1330269, 25.1078038], [55.1330254, 25.1078136], [55.1330597, 25.107818], [55.1330561, 25.1078405], [55.1330889, 25.1078447]]]}}, {"type": "Feature", "properties": {"status": "existing", "bHeight": 12.0, "name": "", "levels": ""}, "geometry": {"type": "Polygon", "coordinates": [[[55.1333534, 25.107918], [55.1333789, 25.1079468], [55.133412, 25.1079525], [55.1334565, 25.108009], [55.1334845, 25.1080009], [55.1335295, 25.1080054], [55.1335472, 25.1080331], [55.1335378, 25.1080654], [55.1334412, 25.1081342], [55.133484, 25.1081979], [55.1334958, 25.1082206], [55.1334487, 25.1082554], [55.1334051, 25.1082477], [55.1332949, 25.1081265], [55.1332878, 25.1080865], [55.1333089, 25.1080378], [55.1332571, 25.1079778], [55.1332709, 25.1079483], [55.1333078, 25.107922], [55.1333534, 25.107918]]]}}, {"type": "Feature", "properties": {"status": "existing", "bHeight": 12.0, "name": "", "levels": ""}, "geometry": {"type": "Polygon", "coordinates": [[[55.1349637, 25.1164377], [55.1346703, 25.1160054], [55.1348875, 25.1158846], [55.1351808, 25.1163169], [55.1349637, 25.1164377]]]}}, {"type": "Feature", "properties": {"status": "existing", "bHeight": 12.0, "name": "", "levels": ""}, "geometry": {"type": "Polygon", "coordinates": [[[55.134521, 25.116139], [55.1345939, 25.1163038], [55.1341834, 25.116445], [55.1341499, 25.1164158], [55.134146, 25.1163602], [55.1341638, 25.1163107], [55.1342167, 25.1162396], [55.134301, 25.1161753], [55.1344038, 25.1161398], [55.134521, 25.116139]]]}}, {"type": "Feature", "properties": {"status": "existing", "bHeight": 12.0, "name": "", "levels": ""}, "geometry": {"type": "Polygon", "coordinates": [[[55.1348239, 25.1165171], [55.1348817, 25.1164964], [55.1349003, 25.1165391], [55.1348425, 25.1165598], [55.1348239, 25.1165171]]]}}, {"type": "Feature", "properties": {"status": "existing", "bHeight": 12.0, "name": "", "levels": ""}, "geometry": {"type": "Polygon", "coordinates": [[[55.1343879, 25.1167243], [55.134319, 25.1167484], [55.1342956, 25.1166936], [55.1343645, 25.1166695], [55.1343879, 25.1167243]]]}}, {"type": "Feature", "properties": {"status": "existing", "bHeight": 12.0, "name": "", "levels": ""}, "geometry": {"type": "Polygon", "coordinates": [[[55.1350042, 25.1159192], [55.1350943, 25.1160568], [55.1351423, 25.116031], [55.1350523, 25.1158934], [55.1350042, 25.1159192]]]}}, {"type": "Feature", "properties": {"status": "existing", "bHeight": 12.0, "name": "", "levels": ""}, "geometry": {"type": "Polygon", "coordinates": [[[55.135005, 25.1158731], [55.1349378, 25.1157734], [55.135016, 25.1157301], [55.1350833, 25.1158299], [55.135005, 25.1158731]]]}}, {"type": "Feature", "properties": {"status": "existing", "bHeight": 12.0, "name": "", "levels": ""}, "geometry": {"type": "Polygon", "coordinates": [[[55.1359255, 25.1158312], [55.1359915, 25.1157786], [55.1360182, 25.115806], [55.1359522, 25.1158586], [55.1359255, 25.1158312]]]}}, {"type": "Feature", "properties": {"status": "existing", "bHeight": 12.0, "name": "", "levels": ""}, "geometry": {"type": "Polygon", "coordinates": [[[55.1340353, 25.1162727], [55.133917, 25.1159741], [55.1339938, 25.1159492], [55.134087, 25.1161847], [55.1340582, 25.116194], [55.1340832, 25.1162571], [55.1340353, 25.1162727]]]}}, {"type": "Feature", "properties": {"status": "existing", "bHeight": 12.0, "name": "", "levels": ""}, "geometry": {"type": "Polygon", "coordinates": [[[55.1341331, 25.1159404], [55.1342109, 25.1159185], [55.1342345, 25.1159871], [55.1341567, 25.116009], [55.1341331, 25.1159404]]]}}, {"type": "Feature", "properties": {"status": "existing", "bHeight": 12.0, "name": "", "levels": ""}, "geometry": {"type": "Polygon", "coordinates": [[[55.1340791, 25.1158347], [55.1341719, 25.115805], [55.1342026, 25.1158837], [55.1341098, 25.1159133], [55.1340791, 25.1158347]]]}}, {"type": "Feature", "properties": {"status": "existing", "bHeight": 12.0, "name": "", "levels": ""}, "geometry": {"type": "Polygon", "coordinates": [[[55.1338894, 25.1169757], [55.1339039, 25.1170052], [55.133864, 25.1170213], [55.1339051, 25.1171048], [55.1339336, 25.1170933], [55.1339587, 25.1171444], [55.1340383, 25.1171124], [55.1340274, 25.1170903], [55.1340643, 25.1170755], [55.1340388, 25.1170236], [55.134083, 25.1170058], [55.1340524, 25.1169436], [55.1340032, 25.1169634], [55.1339544, 25.1168641], [55.1340182, 25.1168385], [55.1339894, 25.1167799], [55.1338306, 25.1168438], [55.1338514, 25.1168863], [55.1338125, 25.1169019], [55.1338298, 25.1169373], [55.1338032, 25.116948], [55.1338288, 25.1170001], [55.1338894, 25.1169757]]]}}, {"type": "Feature", "properties": {"status": "existing", "bHeight": 12.0, "name": "", "levels": ""}, "geometry": {"type": "Polygon", "coordinates": [[[55.1339054, 25.1167027], [55.1339944, 25.1166691], [55.1340204, 25.1167257], [55.1339314, 25.1167592], [55.1339054, 25.1167027]]]}}, {"type": "Feature", "properties": {"status": "existing", "bHeight": 12.0, "name": "", "levels": ""}, "geometry": {"type": "Polygon", "coordinates": [[[55.1334739, 25.1172404], [55.1335133, 25.1173025], [55.1334925, 25.1173133], [55.1335291, 25.1173711], [55.1335445, 25.1173631], [55.1335625, 25.1173915], [55.133642, 25.1173502], [55.1336638, 25.1173845], [55.1337312, 25.1173495], [55.1337003, 25.1173008], [55.1337854, 25.1172566], [55.1338056, 25.1172885], [55.1338872, 25.1172462], [55.1337822, 25.1170804], [55.1334739, 25.1172404]]]}}, {"type": "Feature", "properties": {"status": "existing", "bHeight": 12.0, "name": "", "levels": ""}, "geometry": {"type": "Polygon", "coordinates": [[[55.1332403, 25.1170895], [55.1334107, 25.1173569], [55.1332899, 25.1174199], [55.1332455, 25.1173501], [55.1332157, 25.1173657], [55.1331926, 25.1173293], [55.133217, 25.1173166], [55.1331905, 25.117275], [55.1331519, 25.1172952], [55.13313, 25.1172608], [55.1331662, 25.1172419], [55.1331477, 25.1172129], [55.1331023, 25.1172366], [55.1330665, 25.1171803], [55.1332403, 25.1170895]]]}}, {"type": "Feature", "properties": {"status": "existing", "bHeight": 12.0, "name": "", "levels": ""}, "geometry": {"type": "Polygon", "coordinates": [[[55.1338905, 25.1166975], [55.1338531, 25.1167066], [55.1338206, 25.1166976], [55.1337493, 25.1166723], [55.1337307, 25.116693], [55.1336949, 25.1167044], [55.1336626, 25.1166933], [55.1336423, 25.1166653], [55.1336865, 25.1165599], [55.1336036, 25.1165314], [55.1335981, 25.1165013], [55.1336142, 25.1164613], [55.1336515, 25.1164471], [55.1338307, 25.1164907], [55.1338606, 25.1165098], [55.1338698, 25.1165371], [55.1339453, 25.1165752], [55.1339446, 25.1165991], [55.1339241, 25.1166351], [55.1338905, 25.1166975]]]}}, {"type": "Feature", "properties": {"status": "existing", "bHeight": 12.0, "name": "", "levels": ""}, "geometry": {"type": "Polygon", "coordinates": [[[55.1337944, 25.1163619], [55.1337363, 25.1162172], [55.1335192, 25.1162885], [55.1335453, 25.1163535], [55.1335638, 25.1163475], [55.1335865, 25.116404], [55.1336944, 25.1163686], [55.1337036, 25.1163917], [55.1337944, 25.1163619]]]}}, {"type": "Feature", "properties": {"status": "existing", "bHeight": 12.0, "name": "", "levels": ""}, "geometry": {"type": "Polygon", "coordinates": [[[55.1336869, 25.1160599], [55.1334547, 25.1161427], [55.1334791, 25.1162015], [55.1334981, 25.116195], [55.1335206, 25.1162492], [55.1336341, 25.1162105], [55.1336428, 25.1162314], [55.1337424, 25.116191], [55.1336869, 25.1160599]]]}}, {"type": "Feature", "properties": {"status": "existing", "bHeight": 12.0, "name": "", "levels": ""}, "geometry": {"type": "Polygon", "coordinates": [[[55.1337268, 25.1159868], [55.1334998, 25.1160568], [55.1334807, 25.1160126], [55.1334396, 25.1160259], [55.1334122, 25.1159594], [55.1334569, 25.115937], [55.1334449, 25.1159033], [55.1334752, 25.1158923], [55.1334747, 25.1158355], [55.1334114, 25.1158347], [55.1334162, 25.1157342], [55.1335195, 25.1157418], [55.1335887, 25.1157439], [55.1335729, 25.1158467], [55.1335201, 25.1158499], [55.1335221, 25.1158636], [55.1335744, 25.1158614], [55.1335834, 25.1159007], [55.1336505, 25.1158907], [55.1337112, 25.115887], [55.1337268, 25.1159868]]]}}, {"type": "Feature", "properties": {"status": "existing", "bHeight": 12.0, "name": "", "levels": ""}, "geometry": {"type": "Polygon", "coordinates": [[[55.1331007, 25.1117203], [55.133127, 25.1117012], [55.1331807, 25.111736], [55.133214, 25.111725], [55.1332627, 25.1117218], [55.1332993, 25.1117424], [55.1333108, 25.1117685], [55.1333058, 25.1117934], [55.1333159, 25.1118164], [55.1333173, 25.1118467], [55.1333132, 25.111871], [55.1333179, 25.1119002], [55.1333139, 25.1119208], [55.1333005, 25.1119377], [55.1332537, 25.1119847], [55.1332231, 25.1119812], [55.1331118, 25.1118987], [55.1330785, 25.1118565], [55.1330757, 25.111802], [55.1330152, 25.1117418], [55.1330696, 25.111695], [55.1331007, 25.1117203]]]}}, {"type": "Feature", "properties": {"status": "existing", "bHeight": 12.0, "name": "", "levels": ""}, "geometry": {"type": "Polygon", "coordinates": [[[55.1330641, 25.1113402], [55.1330825, 25.1113422], [55.1331643, 25.1114123], [55.1331893, 25.1113901], [55.1332165, 25.1113717], [55.1332464, 25.1113729], [55.1332763, 25.1113958], [55.1332851, 25.1114341], [55.1332232, 25.1115155], [55.1332782, 25.1115783], [55.1332865, 25.1116085], [55.1332468, 25.1116472], [55.1331988, 25.1116541], [55.1330875, 25.1115509], [55.1330584, 25.1115158], [55.1330574, 25.1114664], [55.1329921, 25.1113989], [55.1330292, 25.111357], [55.1330641, 25.1113402]]]}}, {"type": "Feature", "properties": {"status": "existing", "bHeight": 12.0, "name": "", "levels": ""}, "geometry": {"type": "Polygon", "coordinates": [[[55.132736, 25.1094954], [55.1326553, 25.1093949], [55.1326117, 25.1094313], [55.1325718, 25.1094298], [55.1325433, 25.1094043], [55.1325439, 25.1093587], [55.1326151, 25.1092973], [55.1325726, 25.1092387], [55.1325712, 25.1092077], [55.1326204, 25.1091684], [55.1326594, 25.1091732], [55.1327021, 25.1092263], [55.1327261, 25.1092143], [55.1327645, 25.1091913], [55.1328002, 25.1092045], [55.1328138, 25.1092367], [55.1327915, 25.1092729], [55.1327992, 25.1093039], [55.1327916, 25.1093488], [55.1328426, 25.1094051], [55.132736, 25.1094954]]]}}, {"type": "Feature", "properties": {"status": "existing", "bHeight": 12.0, "name": "", "levels": ""}, "geometry": {"type": "Polygon", "coordinates": [[[55.1332964, 25.1154863], [55.133427, 25.1154475], [55.1334419, 25.1154885], [55.133478, 25.1154778], [55.1335254, 25.1156085], [55.1335526, 25.1156835], [55.1333858, 25.115733], [55.1333405, 25.115608], [55.1332964, 25.1154863]]]}}, {"type": "Feature", "properties": {"status": "existing", "bHeight": 12.0, "name": "", "levels": ""}, "geometry": {"type": "Polygon", "coordinates": [[[55.1332186, 25.115141], [55.133347, 25.1151004], [55.1333997, 25.1152371], [55.133431, 25.1152272], [55.1334489, 25.1152735], [55.1334187, 25.1152831], [55.1334385, 25.1153343], [55.1334193, 25.1153404], [55.133427, 25.1153604], [55.1332993, 25.1154008], [55.1332879, 25.1153711], [55.1332731, 25.1153757], [55.1332576, 25.1153354], [55.1332334, 25.115343], [55.1332106, 25.1152837], [55.1332399, 25.1152744], [55.1332232, 25.115231], [55.133239, 25.115226], [55.1332273, 25.1151954], [55.1332382, 25.1151919], [55.1332186, 25.115141]]]}}, {"type": "Feature", "properties": {"status": "existing", "bHeight": 12.0, "name": "", "levels": ""}, "geometry": {"type": "Polygon", "coordinates": [[[55.13283, 25.1134695], [55.1329481, 25.1134464], [55.1329563, 25.1135084], [55.132961, 25.113548], [55.1329702, 25.1135465], [55.1329748, 25.1135698], [55.1329875, 25.1135677], [55.1329928, 25.1135947], [55.1330117, 25.1135916], [55.1330205, 25.1136359], [55.1329916, 25.1136406], [55.132996, 25.1136629], [55.1329872, 25.1136643], [55.1329937, 25.1136969], [55.1329847, 25.1136983], [55.132989, 25.1137198], [55.1328558, 25.1137415], [55.1328499, 25.1137118], [55.1328338, 25.1137144], [55.1328255, 25.1136727], [55.1327992, 25.113677], [55.1327869, 25.1136151], [55.1328164, 25.1136103], [55.1328074, 25.1135646], [55.132823, 25.1135621], [55.1328167, 25.1135299], [55.1328338, 25.1135282], [55.13283, 25.1134695]]]}}, {"type": "Feature", "properties": {"status": "existing", "bHeight": 12.0, "name": "", "levels": ""}, "geometry": {"type": "Polygon", "coordinates": [[[55.1341099, 25.1157149], [55.1339004, 25.115789], [55.1338698, 25.1157181], [55.1338874, 25.1157119], [55.1338558, 25.1156385], [55.133932, 25.1156116], [55.1339389, 25.1156276], [55.1340545, 25.1155867], [55.1341099, 25.1157149]]]}}, {"type": "Feature", "properties": {"status": "existing", "bHeight": 12.0, "name": "", "levels": ""}, "geometry": {"type": "Polygon", "coordinates": [[[55.1340656, 25.1155569], [55.1338426, 25.1156356], [55.1338069, 25.1155527], [55.1338455, 25.1155391], [55.1338153, 25.115469], [55.133889, 25.115443], [55.1339013, 25.1154716], [55.1340121, 25.1154325], [55.1340656, 25.1155569]]]}}, {"type": "Feature", "properties": {"status": "existing", "bHeight": 12.0, "name": "", "levels": ""}, "geometry": {"type": "Polygon", "coordinates": [[[55.133647, 25.1141746], [55.1334091, 25.1142138], [55.1333925, 25.1141502], [55.1334288, 25.1141446], [55.1334132, 25.1140904], [55.1336094, 25.1140473], [55.1336304, 25.1141162], [55.1336395, 25.114114], [55.133647, 25.1141746]]]}}, {"type": "Feature", "properties": {"status": "existing", "bHeight": 12.0, "name": "", "levels": ""}, "geometry": {"type": "Polygon", "coordinates": [[[55.1336278, 25.1140194], [55.1333754, 25.1140537], [55.1333714, 25.1139315], [55.1335877, 25.1138883], [55.1336057, 25.1139563], [55.1336278, 25.1140194]]]}}, {"type": "Feature", "properties": {"status": "existing", "bHeight": 12.0, "name": "", "levels": ""}, "geometry": {"type": "Polygon", "coordinates": [[[55.1326324, 25.1129283], [55.1328921, 25.1128994], [55.1329032, 25.112972], [55.1328632, 25.1129769], [55.1328395, 25.1130524], [55.1327965, 25.1130607], [55.132669, 25.1130719], [55.1326638, 25.1130332], [55.132649, 25.1130296], [55.1326324, 25.1129283]]]}}, {"type": "Feature", "properties": {"status": "existing", "bHeight": 12.0, "name": "", "levels": ""}, "geometry": {"type": "Polygon", "coordinates": [[[55.1326132, 25.1127734], [55.1328689, 25.1127432], [55.132874, 25.1128865], [55.1326458, 25.1129036], [55.1326378, 25.1128419], [55.1326216, 25.1128431], [55.1326132, 25.1127734]]]}}, {"type": "Feature", "properties": {"status": "existing", "bHeight": 12.0, "name": "", "levels": ""}, "geometry": {"type": "Polygon", "coordinates": [[[55.1325945, 25.1126002], [55.1328501, 25.1125712], [55.1328652, 25.1126523], [55.1328279, 25.1126573], [55.1328405, 25.1127362], [55.1327492, 25.1127447], [55.1327457, 25.1127268], [55.1326203, 25.1127399], [55.1326191, 25.1126722], [55.1326016, 25.1126734], [55.1325945, 25.1126002]]]}}, {"type": "Feature", "properties": {"status": "existing", "bHeight": 12.0, "name": "", "levels": ""}, "geometry": {"type": "Polygon", "coordinates": [[[55.1325694, 25.1124396], [55.1328211, 25.1124198], [55.1328348, 25.1125618], [55.1327173, 25.112571], [55.132716, 25.1125575], [55.1325935, 25.1125672], [55.1325869, 25.1124985], [55.1325752, 25.1124995], [55.1325694, 25.1124396]]]}}, {"type": "Feature", "properties": {"status": "existing", "bHeight": 12.0, "name": "", "levels": ""}, "geometry": {"type": "Polygon", "coordinates": [[[55.1325471, 25.1105272], [55.1327847, 25.1105247], [55.1327884, 25.1104106], [55.1327189, 25.1104096], [55.1327178, 25.1103629], [55.1327168, 25.1103304], [55.1327957, 25.1103314], [55.1327969, 25.1102357], [55.1325531, 25.1102463], [55.132554, 25.1102872], [55.132554, 25.1103751], [55.1325761, 25.110375], [55.1325723, 25.1104346], [55.132547, 25.1104359], [55.1325471, 25.1105272]]]}}, {"type": "Feature", "properties": {"status": "existing", "bHeight": 12.0, "name": "", "levels": ""}, "geometry": {"type": "Polygon", "coordinates": [[[55.1336419, 25.1151728], [55.1337476, 25.1151403], [55.1338463, 25.115114], [55.1339319, 25.115384], [55.1338029, 25.1154236], [55.1337952, 25.1154031], [55.1337137, 25.1154282], [55.1336839, 25.1153488], [55.1337731, 25.1153214], [55.1337413, 25.1152368], [55.1336737, 25.1152576], [55.1336419, 25.1151728]]]}}, {"type": "Feature", "properties": {"status": "existing", "bHeight": 12.0, "name": "", "levels": ""}, "geometry": {"type": "Polygon", "coordinates": [[[55.1332156, 25.113395], [55.1334342, 25.1133664], [55.1334808, 25.1136586], [55.1332392, 25.1136902], [55.1332212, 25.1135776], [55.1333036, 25.1135668], [55.133289, 25.1134754], [55.1332296, 25.1134831], [55.1332156, 25.113395]]]}}, {"type": "Feature", "properties": {"status": "existing", "bHeight": 12.0, "name": "", "levels": ""}, "geometry": {"type": "Polygon", "coordinates": [[[55.133071, 25.1123821], [55.1333152, 25.1123688], [55.1333245, 25.1124706], [55.1332918, 25.1124752], [55.1332958, 25.1125298], [55.1333313, 25.1125289], [55.1333326, 25.1126074], [55.133303, 25.1126067], [55.1333117, 25.1126754], [55.1331744, 25.1126912], [55.1331693, 25.1126547], [55.1331013, 25.1126619], [55.1331003, 25.1125837], [55.1331462, 25.1125742], [55.1331371, 25.1124954], [55.1330753, 25.1125035], [55.133071, 25.1123821]]]}}, {"type": "Feature", "properties": {"status": "existing", "bHeight": 12.0, "name": "", "levels": ""}, "geometry": {"type": "Polygon", "coordinates": [[[55.1332785, 25.1147233], [55.1330657, 25.1147755], [55.1330453, 25.1146845], [55.1330142, 25.1145881], [55.1330034, 25.1144522], [55.1332043, 25.1144026], [55.1332442, 25.1145207], [55.1331654, 25.1145422], [55.1331869, 25.114631], [55.1332491, 25.1146167], [55.1332785, 25.1147233]]]}}, {"type": "Feature", "properties": {"status": "existing", "bHeight": 12.0, "name": "", "levels": ""}, "geometry": {"type": "Polygon", "coordinates": [[[55.1331908, 25.1143955], [55.1329823, 25.1144404], [55.1329707, 25.1143963], [55.1329589, 25.1143511], [55.1329345, 25.1142584], [55.1329187, 25.1141983], [55.1329042, 25.114143], [55.1330532, 25.1141108], [55.1331501, 25.11409], [55.1331801, 25.114204], [55.1330787, 25.1142259], [55.1331036, 25.1143209], [55.1331676, 25.1143071], [55.1331908, 25.1143955]]]}}, {"type": "Feature", "properties": {"status": "existing", "bHeight": 12.0, "name": "", "levels": ""}, "geometry": {"type": "Polygon", "coordinates": [[[55.1333649, 25.1150411], [55.1331599, 25.1150908], [55.1331383, 25.1150174], [55.1330964, 25.1148759], [55.1330776, 25.1148123], [55.1332251, 25.1147766], [55.1333114, 25.1147556], [55.1333354, 25.114837], [55.1332499, 25.1148577], [55.1332814, 25.1149644], [55.1333382, 25.1149506], [55.1333649, 25.1150411]]]}}, {"type": "Feature", "properties": {"status": "existing", "bHeight": 12.0, "name": "", "levels": ""}, "geometry": {"type": "Polygon", "coordinates": [[[55.1328072, 25.1120306], [55.1325711, 25.11204], [55.1325732, 25.111942], [55.1326051, 25.1119372], [55.1326051, 25.1118959], [55.1325636, 25.1118923], [55.1325599, 25.1118031], [55.132587, 25.1118027], [55.1325867, 25.1117158], [55.1326494, 25.1117113], [55.1327087, 25.1117077], [55.1327301, 25.1117444], [55.1328186, 25.1117398], [55.1328165, 25.1118227], [55.1327313, 25.1118216], [55.1327381, 25.1119217], [55.1328021, 25.1119179], [55.1328072, 25.1120306]]]}}, {"type": "Feature", "properties": {"status": "existing", "bHeight": 12.0, "name": "", "levels": ""}, "geometry": {"type": "Polygon", "coordinates": [[[55.1327605, 25.1113195], [55.1325416, 25.1113215], [55.1325405, 25.1112221], [55.1325679, 25.1112219], [55.1325673, 25.1111692], [55.1325337, 25.1111695], [55.1325326, 25.1110732], [55.1325443, 25.1110731], [55.1325436, 25.1110114], [55.1327849, 25.1110092], [55.1327861, 25.1111164], [55.1326901, 25.1111173], [55.1326911, 25.1112064], [55.1327592, 25.1112058], [55.1327605, 25.1113195]]]}}, {"type": "Feature", "properties": {"status": "existing", "bHeight": 12.0, "name": "", "levels": ""}, "geometry": {"type": "Polygon", "coordinates": [[[55.1329826, 25.1106523], [55.1330828, 25.1106552], [55.1332315, 25.1106535], [55.1332208, 25.1108714], [55.1332152, 25.1109572], [55.1330383, 25.1109572], [55.1330471, 25.1108588], [55.1330452, 25.1107647], [55.1329811, 25.1107657], [55.1329826, 25.1106523]]]}}, {"type": "Feature", "properties": {"status": "existing", "bHeight": 12.0, "name": "", "levels": ""}, "geometry": {"type": "Polygon", "coordinates": [[[55.1330077, 25.1099979], [55.1331116, 25.1100003], [55.1332424, 25.1100094], [55.1332396, 25.1102015], [55.1332111, 25.1102009], [55.1332097, 25.110249], [55.1331943, 25.1102487], [55.1331934, 25.1102817], [55.1330564, 25.1102786], [55.133057, 25.1102583], [55.1329791, 25.1102565], [55.1329813, 25.1101801], [55.1330666, 25.1101821], [55.1330693, 25.1100879], [55.1330052, 25.1100864], [55.1330077, 25.1099979]]]}}, {"type": "Feature", "properties": {"status": "existing", "bHeight": 12.0, "name": "", "levels": ""}, "geometry": {"type": "Polygon", "coordinates": [[[55.1336252, 25.1151064], [55.1337263, 25.1150775], [55.1337236, 25.1150981], [55.1338363, 25.1150738], [55.1338794, 25.1150623], [55.1338845, 25.1150204], [55.1338844, 25.1149849], [55.1338293, 25.1149612], [55.1338032, 25.1148753], [55.1337624, 25.1148844], [55.1337377, 25.114807], [55.1336045, 25.1148351], [55.133652, 25.1150047], [55.1335999, 25.1150193], [55.1336252, 25.1151064]]]}}, {"type": "Feature", "properties": {"status": "existing", "bHeight": 12.0, "name": "", "levels": ""}, "geometry": {"type": "Polygon", "coordinates": [[[55.1329838, 25.111276], [55.1331671, 25.1112754], [55.1331952, 25.1112997], [55.1332623, 25.1112972], [55.1332745, 25.1112453], [55.1332235, 25.1111953], [55.1332173, 25.1110015], [55.1330355, 25.1110046], [55.1330354, 25.111189], [55.1329823, 25.1111911], [55.1329838, 25.111276]]]}}, {"type": "Feature", "properties": {"status": "existing", "bHeight": 12.0, "name": "", "levels": ""}, "geometry": {"type": "Polygon", "coordinates": [[[55.1335494, 25.1144963], [55.1335609, 25.1145429], [55.1334745, 25.1145603], [55.1335085, 25.1146982], [55.1335524, 25.1146893], [55.1335737, 25.1147758], [55.1337486, 25.1147404], [55.1337227, 25.1146353], [55.1337393, 25.1146319], [55.1337152, 25.1145338], [55.1336946, 25.1145379], [55.133678, 25.1144703], [55.1335494, 25.1144963]]]}}, {"type": "Feature", "properties": {"status": "existing", "bHeight": 12.0, "name": "", "levels": ""}, "geometry": {"type": "Polygon", "coordinates": [[[55.1331034, 25.1103141], [55.1330069, 25.1103161], [55.1330003, 25.110539], [55.1330523, 25.1105406], [55.1330455, 25.1106212], [55.1332501, 25.1106192], [55.1332502, 25.1104848], [55.1333159, 25.1104824], [55.1333132, 25.1104059], [55.1332437, 25.1104084], [55.1332479, 25.1103105], [55.1331034, 25.1103141]]]}}, {"type": "Feature", "properties": {"status": "existing", "bHeight": 12.0, "name": "", "levels": ""}, "geometry": {"type": "Polygon", "coordinates": [[[55.133421, 25.1144174], [55.1335211, 25.1144027], [55.1335377, 25.1144613], [55.1334321, 25.1144857], [55.133421, 25.1144174]]]}}, {"type": "Feature", "properties": {"status": "existing", "bHeight": 12.0, "name": "", "levels": ""}, "geometry": {"type": "Polygon", "coordinates": [[[55.1334488, 25.1142229], [55.133515, 25.1142124], [55.13352, 25.1142533], [55.1336288, 25.1142333], [55.1336551, 25.1143378], [55.1335648, 25.1143661], [55.1335593, 25.1143515], [55.1334714, 25.1143727], [55.1334488, 25.1142229]]]}}, {"type": "Feature", "properties": {"status": "existing", "bHeight": 12.0, "name": "", "levels": ""}, "geometry": {"type": "Polygon", "coordinates": [[[55.1327779, 25.1123862], [55.1327077, 25.1123908], [55.1327068, 25.1123802], [55.1326729, 25.1123824], [55.1326716, 25.1123656], [55.1325837, 25.1123713], [55.1325759, 25.1122729], [55.1326782, 25.1122663], [55.1326765, 25.112246], [55.1328054, 25.112239], [55.1328081, 25.1123049], [55.1327922, 25.112306], [55.1327984, 25.1123849], [55.1327779, 25.1123862]]]}}, {"type": "Feature", "properties": {"status": "existing", "bHeight": 12.0, "name": "", "levels": ""}, "geometry": {"type": "Polygon", "coordinates": [[[55.1328073, 25.1122329], [55.1327063, 25.1122362], [55.1327055, 25.1122256], [55.1325568, 25.1122362], [55.1325637, 25.1120965], [55.1328013, 25.1120821], [55.1328073, 25.1122329]]]}}, {"type": "Feature", "properties": {"status": "existing", "bHeight": 12.0, "name": "", "levels": ""}, "geometry": {"type": "Polygon", "coordinates": [[[55.1333131, 25.1137619], [55.1335396, 25.1137164], [55.1335494, 25.1137502], [55.1335668, 25.1137429], [55.1335837, 25.1138516], [55.1333468, 25.1138955], [55.1333131, 25.1137619]]]}}, {"type": "Feature", "properties": {"status": "existing", "bHeight": 12.0, "name": "", "levels": ""}, "geometry": {"type": "Polygon", "coordinates": [[[55.133083, 25.1120308], [55.133308, 25.1120075], [55.1333133, 25.1120548], [55.1333493, 25.1120499], [55.1333578, 25.1121534], [55.1330422, 25.112176], [55.1330285, 25.1120929], [55.13309, 25.1120865], [55.133083, 25.1120308]]]}}, {"type": "Feature", "properties": {"status": "existing", "bHeight": 12.0, "name": "", "levels": ""}, "geometry": {"type": "Polygon", "coordinates": [[[55.1331942, 25.1130711], [55.1333443, 25.1130491], [55.1333593, 25.1131336], [55.1333767, 25.1131311], [55.1333833, 25.1131677], [55.1333592, 25.1131712], [55.133387, 25.1133272], [55.1332369, 25.1133492], [55.1332114, 25.1132061], [55.1331841, 25.1132101], [55.1331759, 25.1131637], [55.1332098, 25.1131587], [55.1331942, 25.1130711]]]}}, {"type": "Feature", "properties": {"status": "existing", "bHeight": 12.0, "name": "", "levels": ""}, "geometry": {"type": "Polygon", "coordinates": [[[55.1331567, 25.1127434], [55.1333038, 25.1127301], [55.1333145, 25.1128267], [55.1333766, 25.112821], [55.1333837, 25.1128856], [55.1333188, 25.1128915], [55.1333235, 25.112934], [55.1333829, 25.1129286], [55.133389, 25.1129828], [55.1332808, 25.1129926], [55.1332844, 25.1130254], [55.1332172, 25.1130315], [55.133211, 25.1129751], [55.1331704, 25.1129788], [55.1331589, 25.1128756], [55.1331983, 25.112872], [55.1331918, 25.1128131], [55.1331647, 25.1128155], [55.1331567, 25.1127434]]]}}, {"type": "Feature", "properties": {"status": "existing", "bHeight": 12.0, "name": "", "levels": ""}, "geometry": {"type": "Polygon", "coordinates": [[[55.1330495, 25.1123545], [55.1333802, 25.1123447], [55.1333678, 25.1122403], [55.1333223, 25.1122404], [55.1333181, 25.1121771], [55.1332361, 25.1121802], [55.1330934, 25.112189], [55.1330997, 25.112262], [55.1330389, 25.1122632], [55.1330495, 25.1123545]]]}}, {"type": "Feature", "properties": {"status": "existing", "bHeight": 12.0, "name": "", "levels": ""}, "geometry": {"type": "Polygon", "coordinates": [[[55.1332842, 25.1098258], [55.13328, 25.1098995], [55.1332968, 25.1099003], [55.1332939, 25.1099512], [55.1330498, 25.1099399], [55.1330535, 25.1098748], [55.1330745, 25.1098758], [55.133079, 25.1097968], [55.1331919, 25.109802], [55.1331908, 25.1098215], [55.1332842, 25.1098258]]]}}, {"type": "Feature", "properties": {"status": "existing", "bHeight": 12.0, "name": "", "levels": ""}, "geometry": {"type": "Polygon", "coordinates": [[[55.1332766, 25.1096484], [55.1332724, 25.1097221], [55.1332892, 25.1097229], [55.1332863, 25.1097738], [55.1330422, 25.1097625], [55.1330459, 25.1096974], [55.1330669, 25.1096984], [55.1330713, 25.1096194], [55.1331843, 25.1096247], [55.1331832, 25.1096441], [55.1332766, 25.1096484]]]}}, {"type": "Feature", "properties": {"status": "existing", "bHeight": 12.0, "name": "", "levels": ""}, "geometry": {"type": "Polygon", "coordinates": [[[55.133314, 25.1094927], [55.1333098, 25.1095664], [55.1333266, 25.1095672], [55.1333237, 25.1096181], [55.1330796, 25.1096068], [55.1330833, 25.1095417], [55.1331043, 25.1095427], [55.1331088, 25.1094637], [55.1332217, 25.1094689], [55.1332206, 25.1094884], [55.133314, 25.1094927]]]}}, {"type": "Feature", "properties": {"status": "existing", "bHeight": 12.0, "name": "", "levels": ""}, "geometry": {"type": "Polygon", "coordinates": [[[55.1333227, 25.109315], [55.1333176, 25.1093904], [55.1333343, 25.1093913], [55.1333295, 25.1094635], [55.1330283, 25.1094468], [55.1330345, 25.1093553], [55.133109, 25.1093594], [55.1331141, 25.1092828], [55.1331873, 25.1092857], [55.1331926, 25.1093112], [55.1333227, 25.109315]]]}}, {"type": "Feature", "properties": {"status": "existing", "bHeight": 12.0, "name": "", "levels": ""}, "geometry": {"type": "Polygon", "coordinates": [[[55.1332905, 25.1089675], [55.1332792, 25.1090644], [55.1333635, 25.1090728], [55.1333447, 25.1092496], [55.1331917, 25.1092295], [55.133188, 25.1092623], [55.1331351, 25.1092562], [55.1331421, 25.109202], [55.133111, 25.1091995], [55.1331233, 25.1090727], [55.1331663, 25.1090759], [55.1331713, 25.1090334], [55.1331343, 25.1090298], [55.1331433, 25.1089533], [55.1332905, 25.1089675]]]}}, {"type": "Feature", "properties": {"status": "existing", "bHeight": 12.0, "name": "", "levels": ""}, "geometry": {"type": "Polygon", "coordinates": [[[55.1331408, 25.1086177], [55.1333828, 25.108644], [55.1333713, 25.1087307], [55.1333398, 25.1087273], [55.1333321, 25.1087848], [55.1333572, 25.1087875], [55.1333412, 25.1089081], [55.1331067, 25.1088826], [55.1331171, 25.1088041], [55.1331926, 25.1088123], [55.1332087, 25.1086916], [55.1331321, 25.1086833], [55.1331408, 25.1086177]]]}}, {"type": "Feature", "properties": {"status": "existing", "bHeight": 12.0, "name": "", "levels": ""}, "geometry": {"type": "Polygon", "coordinates": [[[55.1333898, 25.1083216], [55.1333736, 25.1084204], [55.1334306, 25.1084281], [55.133403, 25.1085961], [55.1332935, 25.1085814], [55.1332886, 25.1086113], [55.133211, 25.1086009], [55.1332198, 25.1085469], [55.1331763, 25.1085411], [55.1332031, 25.1083775], [55.1331644, 25.1083723], [55.1331774, 25.1082931], [55.1333898, 25.1083216]]]}}, {"type": "Feature", "properties": {"status": "existing", "bHeight": 12.0, "name": "", "levels": ""}, "geometry": {"type": "Polygon", "coordinates": [[[55.1328045, 25.1138313], [55.1328777, 25.1138201], [55.1328717, 25.1137878], [55.1329679, 25.1137731], [55.1329772, 25.1138231], [55.1330305, 25.113815], [55.1330712, 25.1140346], [55.1329315, 25.1140559], [55.1329171, 25.1139783], [55.1328393, 25.1139901], [55.1328278, 25.113928], [55.1328823, 25.1139197], [55.1328758, 25.1138851], [55.1328161, 25.1138942], [55.1328045, 25.1138313]]]}}, {"type": "Feature", "properties": {"status": "existing", "bHeight": 12.0, "name": "", "levels": ""}, "geometry": {"type": "Polygon", "coordinates": [[[55.1329919, 25.1133921], [55.132813, 25.1134211], [55.1328103, 25.1134114], [55.1327284, 25.1134218], [55.1327347, 25.1132476], [55.1328045, 25.1132461], [55.1328033, 25.1132158], [55.1327159, 25.1132099], [55.1327562, 25.1130844], [55.13294, 25.1131143], [55.1329236, 25.1132277], [55.1328993, 25.1132264], [55.1328996, 25.1132515], [55.1329225, 25.1132526], [55.1329274, 25.1132911], [55.1329742, 25.1132841], [55.1329919, 25.1133921]]]}}, {"type": "Feature", "properties": {"status": "existing", "bHeight": 12.0, "name": "", "levels": ""}, "geometry": {"type": "Polygon", "coordinates": [[[55.1325087, 25.111559], [55.1327256, 25.1115502], [55.1327432, 25.1116989], [55.1326457, 25.1117023], [55.1326475, 25.111674], [55.1325259, 25.1116789], [55.1325228, 25.1116164], [55.1325116, 25.1116169], [55.1325087, 25.111559]]]}}, {"type": "Feature", "properties": {"status": "existing", "bHeight": 12.0, "name": "", "levels": ""}, "geometry": {"type": "Polygon", "coordinates": [[[55.1324934, 25.1113878], [55.1327172, 25.1113756], [55.1327173, 25.1115265], [55.1326328, 25.1115299], [55.1326319, 25.1115107], [55.1325104, 25.1115155], [55.1325073, 25.111453], [55.1324962, 25.1114535], [55.1324934, 25.1113878]]]}}, {"type": "Feature", "properties": {"status": "existing", "bHeight": 12.0, "name": "", "levels": ""}, "geometry": {"type": "Polygon", "coordinates": [[[55.1324791, 25.1109735], [55.1324816, 25.1108248], [55.132749, 25.1108193], [55.1327456, 25.1108901], [55.1327346, 25.1108897], [55.1326953, 25.1108882], [55.1326926, 25.1109457], [55.1326675, 25.1109448], [55.1326658, 25.1109808], [55.1324791, 25.1109735]]]}}, {"type": "Feature", "properties": {"status": "existing", "bHeight": 12.0, "name": "", "levels": ""}, "geometry": {"type": "Polygon", "coordinates": [[[55.1324873, 25.1107864], [55.132487, 25.1106683], [55.1327026, 25.1106679], [55.132703, 25.1108092], [55.1326295, 25.1108093], [55.1326295, 25.1107861], [55.1324873, 25.1107864]]]}}, {"type": "Feature", "properties": {"status": "existing", "bHeight": 12.0, "name": "", "levels": ""}, "geometry": {"type": "Polygon", "coordinates": [[[55.1326512, 25.110544], [55.1327816, 25.1105453], [55.1327807, 25.1106134], [55.1326503, 25.1106121], [55.1326512, 25.110544]]]}}, {"type": "Feature", "properties": {"status": "existing", "bHeight": 12.0, "name": "", "levels": ""}, "geometry": {"type": "Polygon", "coordinates": [[[55.1327166, 25.1102052], [55.1326427, 25.1102027], [55.1326438, 25.1101758], [55.1325175, 25.1101714], [55.1325203, 25.1101047], [55.1325039, 25.1101041], [55.1325064, 25.1100462], [55.1327229, 25.1100537], [55.1327166, 25.1102052]]]}}, {"type": "Feature", "properties": {"status": "existing", "bHeight": 12.0, "name": "", "levels": ""}, "geometry": {"type": "Polygon", "coordinates": [[[55.132725, 25.1100338], [55.1326512, 25.1100312], [55.1326523, 25.1100044], [55.132526, 25.11], [55.1325288, 25.1099332], [55.1325124, 25.1099327], [55.1325148, 25.1098748], [55.1327314, 25.1098823], [55.132725, 25.1100338]]]}}, {"type": "Feature", "properties": {"status": "existing", "bHeight": 12.0, "name": "", "levels": ""}, "geometry": {"type": "Polygon", "coordinates": [[[55.1327374, 25.1098674], [55.1326636, 25.1098649], [55.1326647, 25.109838], [55.1325384, 25.1098337], [55.1325412, 25.1097669], [55.1325248, 25.1097663], [55.1325272, 25.1097084], [55.1327438, 25.1097159], [55.1327374, 25.1098674]]]}}, {"type": "Feature", "properties": {"status": "existing", "bHeight": 12.0, "name": "", "levels": ""}, "geometry": {"type": "Polygon", "coordinates": [[[55.1327593, 25.1096894], [55.132558, 25.1096826], [55.1325612, 25.1096043], [55.1325332, 25.1096034], [55.1325358, 25.1095395], [55.1327652, 25.1095473], [55.1327593, 25.1096894]]]}}, {"type": "Feature", "properties": {"status": "existing", "bHeight": 12.0, "name": "", "levels": ""}, "geometry": {"type": "Polygon", "coordinates": [[[55.1325995, 25.1089911], [55.1328376, 25.1089993], [55.132835, 25.1091387], [55.1327131, 25.1091353], [55.1327145, 25.109109], [55.1326745, 25.1091062], [55.1326707, 25.1091235], [55.1325845, 25.1091187], [55.1325995, 25.1089911]]]}}, {"type": "Feature", "properties": {"status": "existing", "bHeight": 12.0, "name": "", "levels": ""}, "geometry": {"type": "Polygon", "coordinates": [[[55.1326167, 25.1088278], [55.1327596, 25.1088408], [55.1328304, 25.1088435], [55.1328132, 25.108996], [55.1327369, 25.108989], [55.132737, 25.1089772], [55.1326877, 25.1089768], [55.1326824, 25.1089577], [55.1326084, 25.108948], [55.1326167, 25.1088278]]]}}, {"type": "Feature", "properties": {"status": "existing", "bHeight": 12.0, "name": "", "levels": ""}, "geometry": {"type": "Polygon", "coordinates": [[[55.1326501, 25.1086337], [55.1328825, 25.108652], [55.1328735, 25.1088213], [55.1327877, 25.1088108], [55.1327919, 25.1087735], [55.1327707, 25.1087695], [55.1327694, 25.1087855], [55.1327205, 25.1087823], [55.1327183, 25.1087989], [55.1326293, 25.1087859], [55.1326501, 25.1086337]]]}}, {"type": "Feature", "properties": {"status": "existing", "bHeight": 12.0, "name": "", "levels": ""}, "geometry": {"type": "Polygon", "coordinates": [[[55.1326834, 25.1084948], [55.1329025, 25.1085153], [55.1328784, 25.108642], [55.1328076, 25.1086354], [55.1328117, 25.1086026], [55.1327888, 25.1085963], [55.1327858, 25.1086141], [55.1327362, 25.1086073], [55.1327318, 25.1086333], [55.1326521, 25.108618], [55.1326834, 25.1084948]]]}}, {"type": "Feature", "properties": {"status": "existing", "bHeight": 12.0, "name": "", "levels": ""}, "geometry": {"type": "Polygon", "coordinates": [[[55.132677, 25.1084515], [55.1326935, 25.1083176], [55.1329418, 25.1083454], [55.1329328, 25.1084055], [55.1328976, 25.1084012], [55.1328926, 25.1084344], [55.1328662, 25.1084311], [55.1328597, 25.108474], [55.132677, 25.1084515]]]}}, {"type": "Feature", "properties": {"status": "existing", "bHeight": 12.0, "name": "", "levels": ""}, "geometry": {"type": "Polygon", "coordinates": [[[55.1327015, 25.1082926], [55.1327247, 25.108126], [55.1330275, 25.1081626], [55.1330157, 25.108245], [55.1329739, 25.108248], [55.1329565, 25.1083164], [55.1327015, 25.1082926]]]}}, {"type": "Feature", "properties": {"status": "existing", "bHeight": 12.0, "name": "", "levels": ""}, "geometry": {"type": "Polygon", "coordinates": [[[55.1477251, 25.1144731], [55.1477668, 25.1144405], [55.1477964, 25.1144716], [55.1477546, 25.1145041], [55.1477251, 25.1144731]]]}}, {"type": "Feature", "properties": {"status": "existing", "bHeight": 12.0, "name": "", "levels": ""}, "geometry": {"type": "Polygon", "coordinates": [[[55.1465382, 25.1120514], [55.1465832, 25.1120209], [55.1466127, 25.1120564], [55.1465677, 25.112087], [55.1465382, 25.1120514]]]}}, {"type": "Feature", "properties": {"status": "existing", "bHeight": 12.0, "name": "", "levels": ""}, "geometry": {"type": "Polygon", "coordinates": [[[55.1463705, 25.1121783], [55.1464155, 25.1121477], [55.1464449, 25.1121832], [55.1464, 25.1122138], [55.1463705, 25.1121783]]]}}, {"type": "Feature", "properties": {"status": "existing", "bHeight": 12.0, "name": "", "levels": ""}, "geometry": {"type": "Polygon", "coordinates": [[[55.1449959, 25.111964], [55.145038, 25.1119281], [55.1450589, 25.1119482], [55.1450168, 25.1119841], [55.1449959, 25.111964]]]}}, {"type": "Feature", "properties": {"status": "existing", "bHeight": 12.0, "name": "", "levels": ""}, "geometry": {"type": "Polygon", "coordinates": [[[55.1419886, 25.1146274], [55.1422556, 25.1144658], [55.1430491, 25.1155405], [55.1430635, 25.115592], [55.1430722, 25.115639], [55.1430659, 25.115678], [55.1428089, 25.115644], [55.1427797, 25.1156044], [55.1427417, 25.1156274], [55.1424898, 25.1152861], [55.1424226, 25.1151951], [55.1423532, 25.1152372], [55.1422623, 25.1151141], [55.1423215, 25.1150783], [55.1422473, 25.1149778], [55.1419886, 25.1146274]]]}}, {"type": "Feature", "properties": {"status": "existing", "bHeight": 12.0, "name": "", "levels": ""}, "geometry": {"type": "Polygon", "coordinates": [[[55.1410444, 25.1144753], [55.1411105, 25.1145493], [55.1411628, 25.114511], [55.1410967, 25.114437], [55.1410444, 25.1144753]]]}}, {"type": "Feature", "properties": {"status": "existing", "bHeight": 12.0, "name": "", "levels": ""}, "geometry": {"type": "Polygon", "coordinates": [[[55.1410218, 25.1144573], [55.1408791, 25.1143057], [55.1409395, 25.1142591], [55.1410823, 25.1144106], [55.1410218, 25.1144573]]]}}, {"type": "Feature", "properties": {"status": "existing", "bHeight": 12.0, "name": "", "levels": ""}, "geometry": {"type": "Polygon", "coordinates": [[[55.1438957, 25.1120729], [55.143983, 25.1120064], [55.1440213, 25.1120475], [55.1440552, 25.1120839], [55.1440329, 25.1121009], [55.144143, 25.1122193], [55.1441055, 25.1122463], [55.144001, 25.1121341], [55.1439726, 25.1121557], [55.1439235, 25.1121029], [55.1438957, 25.1120729]]]}}, {"type": "Feature", "properties": {"status": "existing", "bHeight": 12.0, "name": "", "levels": ""}, "geometry": {"type": "Polygon", "coordinates": [[[55.1438231, 25.1124188], [55.143659, 25.1125277], [55.1436565, 25.1126776], [55.1438839, 25.1126997], [55.1439695, 25.1126468], [55.143996, 25.1124359], [55.1438231, 25.1124188]]]}}, {"type": "Feature", "properties": {"status": "existing", "bHeight": 12.0, "name": "", "levels": ""}, "geometry": {"type": "Polygon", "coordinates": [[[55.1430664, 25.1126937], [55.1431535, 25.1126276], [55.1431982, 25.1126759], [55.1432246, 25.1127046], [55.1432022, 25.1127215], [55.1433138, 25.1128423], [55.1432767, 25.1128689], [55.1431715, 25.1127552], [55.1431431, 25.1127767], [55.1430989, 25.1127288], [55.1430664, 25.1126937]]]}}, {"type": "Feature", "properties": {"status": "existing", "bHeight": 12.0, "name": "", "levels": ""}, "geometry": {"type": "Polygon", "coordinates": [[[55.1421842, 25.1133351], [55.1422727, 25.1132683], [55.1423267, 25.113327], [55.1423443, 25.1133461], [55.1423218, 25.1133631], [55.1424331, 25.1134841], [55.1423947, 25.1135116], [55.1422905, 25.1133984], [55.1422621, 25.1134198], [55.1422248, 25.1133792], [55.1421842, 25.1133351]]]}}, {"type": "Feature", "properties": {"status": "existing", "bHeight": 12.0, "name": "", "levels": ""}, "geometry": {"type": "Polygon", "coordinates": [[[55.1426167, 25.1131357], [55.1426195, 25.1130986], [55.142787, 25.1131086], [55.1429188, 25.1130053], [55.142938, 25.1128437], [55.1429886, 25.1128486], [55.1429757, 25.1129526], [55.1430045, 25.1129555], [55.1429926, 25.1130517], [55.1427976, 25.1131855], [55.1427485, 25.1131842], [55.1427501, 25.1131395], [55.1426167, 25.1131357]]]}}, {"type": "Feature", "properties": {"status": "existing", "bHeight": 12.0, "name": "", "levels": ""}, "geometry": {"type": "Polygon", "coordinates": [[[55.1413728, 25.1139716], [55.1414601, 25.113905], [55.1415064, 25.1139548], [55.1415323, 25.1139826], [55.14151, 25.1139996], [55.1416239, 25.1141197], [55.1415878, 25.1141455], [55.1414781, 25.1140327], [55.1414497, 25.1140544], [55.141405, 25.1140063], [55.1413728, 25.1139716]]]}}, {"type": "Feature", "properties": {"status": "existing", "bHeight": 12.0, "name": "", "levels": ""}, "geometry": {"type": "Polygon", "coordinates": [[[55.1421259, 25.1137138], [55.1419643, 25.1138058], [55.1419606, 25.1139611], [55.1421995, 25.1139793], [55.1422779, 25.1139277], [55.1423061, 25.1137316], [55.1421259, 25.1137138]]]}}, {"type": "Feature", "properties": {"status": "existing", "bHeight": 12.0, "name": "", "levels": ""}, "geometry": {"type": "Polygon", "coordinates": [[[55.146604, 25.110026], [55.1466913, 25.1099595], [55.1467365, 25.110008], [55.1467635, 25.110037], [55.1467412, 25.110054], [55.1468532, 25.1101752], [55.1468176, 25.1102007], [55.1467093, 25.1100872], [55.1466809, 25.1101088], [55.1466352, 25.1100596], [55.146604, 25.110026]]]}}, {"type": "Feature", "properties": {"status": "existing", "bHeight": 12.0, "name": "", "levels": ""}, "geometry": {"type": "Polygon", "coordinates": [[[55.1471945, 25.1100105], [55.1474349, 25.1100231], [55.1475209, 25.1099647], [55.1475379, 25.1097699], [55.1473522, 25.1097516], [55.1471983, 25.1098484], [55.1471945, 25.1100105]]]}}, {"type": "Feature", "properties": {"status": "existing", "bHeight": 12.0, "name": "", "levels": ""}, "geometry": {"type": "Polygon", "coordinates": [[[55.1474318, 25.1094013], [55.1475191, 25.1093348], [55.147562, 25.1093808], [55.1475913, 25.1094123], [55.147569, 25.1094293], [55.1476835, 25.1095458], [55.1476438, 25.1095742], [55.1475371, 25.1094625], [55.1475087, 25.1094841], [55.1474654, 25.1094374], [55.1474318, 25.1094013]]]}}, {"type": "Feature", "properties": {"status": "existing", "bHeight": 12.0, "name": "", "levels": ""}, "geometry": {"type": "Polygon", "coordinates": [[[55.1478387, 25.1091763], [55.1478399, 25.1091419], [55.1480228, 25.1091472], [55.1481657, 25.1090534], [55.1481822, 25.1088898], [55.1482183, 25.1088928], [55.1482079, 25.1089954], [55.1482373, 25.1089979], [55.1482278, 25.1090923], [55.1480201, 25.1092266], [55.1479708, 25.1092251], [55.1479724, 25.1091802], [55.1478387, 25.1091763]]]}}, {"type": "Feature", "properties": {"status": "existing", "bHeight": 12.0, "name": "", "levels": ""}, "geometry": {"type": "Polygon", "coordinates": [[[55.1483019, 25.1087426], [55.1483892, 25.1086761], [55.1484266, 25.1087162], [55.1484614, 25.1087536], [55.1484391, 25.1087706], [55.1485493, 25.1088896], [55.14851, 25.1089177], [55.1484072, 25.1088038], [55.1483788, 25.1088254], [55.1483286, 25.1087711], [55.1483019, 25.1087426]]]}}, {"type": "Feature", "properties": {"status": "existing", "bHeight": 12.0, "name": "", "levels": ""}, "geometry": {"type": "Polygon", "coordinates": [[[55.1488916, 25.1087248], [55.1491329, 25.1087442], [55.14921, 25.1086859], [55.1492402, 25.1084905], [55.1490519, 25.1084719], [55.1488953, 25.1085676], [55.1488916, 25.1087248]]]}}, {"type": "Feature", "properties": {"status": "existing", "bHeight": 12.0, "name": "", "levels": ""}, "geometry": {"type": "Polygon", "coordinates": [[[55.1491294, 25.1081189], [55.1492167, 25.1080524], [55.1492591, 25.108098], [55.1492889, 25.1081299], [55.1492666, 25.1081469], [55.1493806, 25.1082629], [55.1493393, 25.1082925], [55.1492347, 25.1081801], [55.1492063, 25.1082017], [55.149163, 25.1081551], [55.1491294, 25.1081189]]]}}, {"type": "Feature", "properties": {"status": "existing", "bHeight": 12.0, "name": "", "levels": ""}, "geometry": {"type": "Polygon", "coordinates": [[[55.1495329, 25.1079029], [55.1495335, 25.1078625], [55.1497335, 25.107865], [55.149846, 25.107786], [55.1498666, 25.1076157], [55.1499112, 25.1076126], [55.1498997, 25.1077148], [55.1499289, 25.1077175], [55.1499183, 25.1078129], [55.149717, 25.1079493], [55.1496667, 25.1079486], [55.1496674, 25.1079045], [55.1495329, 25.1079029]]]}}, {"type": "Feature", "properties": {"status": "existing", "bHeight": 12.0, "name": "", "levels": ""}, "geometry": {"type": "Polygon", "coordinates": [[[55.1505803, 25.1074449], [55.1508373, 25.1074677], [55.1509169, 25.1074093], [55.1509454, 25.1072217], [55.1507586, 25.1072033], [55.1505839, 25.1072896], [55.1505803, 25.1074449]]]}}, {"type": "Feature", "properties": {"status": "existing", "bHeight": 12.0, "name": "", "levels": ""}, "geometry": {"type": "Polygon", "coordinates": [[[55.1500004, 25.1074704], [55.1500877, 25.1074039], [55.150126, 25.1074451], [55.1501599, 25.1074814], [55.1501376, 25.1074984], [55.1502456, 25.1076152], [55.1502069, 25.107643], [55.1501057, 25.1075316], [55.1500773, 25.1075532], [55.1500281, 25.1075003], [55.1500004, 25.1074704]]]}}, {"type": "Feature", "properties": {"status": "existing", "bHeight": 12.0, "name": "", "levels": ""}, "geometry": {"type": "Polygon", "coordinates": [[[55.1508185, 25.106841], [55.1509058, 25.1067745], [55.1509542, 25.1068264], [55.150978, 25.106852], [55.1509557, 25.106869], [55.1510696, 25.1069881], [55.1510338, 25.1070137], [55.1509238, 25.1069022], [55.1508954, 25.1069238], [55.1508539, 25.1068791], [55.1508185, 25.106841]]]}}, {"type": "Feature", "properties": {"status": "existing", "bHeight": 12.0, "name": "", "levels": ""}, "geometry": {"type": "Polygon", "coordinates": [[[55.1348754, 25.1173252], [55.1351061, 25.1171543], [55.1350772, 25.1171223], [55.1351756, 25.1170494], [55.1352129, 25.1170906], [55.1351896, 25.1171079], [55.1354056, 25.1173469], [55.135336, 25.1173984], [55.1352896, 25.1173471], [55.1352657, 25.1173647], [55.135355, 25.1174635], [55.1351649, 25.1176043], [55.135074, 25.1175037], [55.1349838, 25.1175705], [55.1349153, 25.1174948], [55.1349823, 25.1174451], [55.1349522, 25.1174118], [55.1349243, 25.1174324], [55.1348955, 25.1174006], [55.1349243, 25.1173793], [55.1348754, 25.1173252]]]}}, {"type": "Feature", "properties": {"status": "existing", "bHeight": 38.2, "name": "New Golden Mile 3", "levels": "11", "height_source": "osm_geom", "height_basis": "osm levels 11 · 100% of this footprint"}, "geometry": {"type": "Polygon", "coordinates": [[[55.1394355, 25.112585], [55.1397622, 25.112341], [55.1398558, 25.1124439], [55.1399228, 25.1123939], [55.1400129, 25.1124929], [55.1399498, 25.11254], [55.14002, 25.1126171], [55.1396919, 25.1128621], [55.1396007, 25.112762], [55.139569, 25.1127857], [55.1394989, 25.1127087], [55.1395283, 25.1126868], [55.1394355, 25.112585]]]}}, {"type": "Feature", "properties": {"status": "existing", "bHeight": 12.0, "name": "", "levels": ""}, "geometry": {"type": "Polygon", "coordinates": [[[55.1522643, 25.1047975], [55.1523206, 25.1048356], [55.1523595, 25.1047885], [55.1523032, 25.1047504], [55.1522643, 25.1047975]]]}}, {"type": "Feature", "properties": {"status": "existing", "bHeight": 51.0, "name": "Nh Collection The Palm", "levels": "15"}, "geometry": {"type": "Polygon", "coordinates": [[[55.1393508, 25.1118103], [55.1391947, 25.1119226], [55.1390811, 25.1118041], [55.1387941, 25.1115047], [55.1387631, 25.1115468], [55.1387206, 25.11159], [55.1386074, 25.1116746], [55.1385077, 25.1117299], [55.1384628, 25.1117547], [55.1387465, 25.1122263], [55.1385862, 25.1123259], [55.1382412, 25.1118152], [55.1379881, 25.1118722], [55.1378578, 25.1116529], [55.1380456, 25.1116117], [55.1382742, 25.1115686], [55.138378, 25.1115232], [55.1384759, 25.1114612], [55.1385901, 25.1113586], [55.1386605, 25.1112822], [55.1388431, 25.1110299], [55.139073, 25.1111505], [55.1389191, 25.1113519], [55.1392362, 25.1116886], [55.1393508, 25.1118103]]]}}, {"type": "Feature", "properties": {"status": "existing", "bHeight": 12.0, "name": "", "levels": ""}, "geometry": {"type": "Polygon", "coordinates": [[[55.1360708, 25.1170665], [55.1360039, 25.1170091], [55.1360639, 25.1169518], [55.1361308, 25.1170092], [55.1360708, 25.1170665]]]}}, {"type": "Feature", "properties": {"status": "existing", "bHeight": 12.0, "name": "", "levels": ""}, "geometry": {"type": "Polygon", "coordinates": [[[55.1359936, 25.1169915], [55.1358518, 25.116872], [55.1358866, 25.1168393], [55.1360292, 25.1169558], [55.1359936, 25.1169915]]]}}, {"type": "Feature", "properties": {"status": "existing", "bHeight": 12.0, "name": "", "levels": ""}, "geometry": {"type": "Polygon", "coordinates": [[[55.1358429, 25.116843], [55.1357922, 25.1167977], [55.1358374, 25.1167563], [55.1358881, 25.1168016], [55.1358429, 25.116843]]]}}, {"type": "Feature", "properties": {"status": "existing", "bHeight": 12.0, "name": "", "levels": ""}, "geometry": {"type": "Polygon", "coordinates": [[[55.1351163, 25.1160689], [55.1351671, 25.1160449], [55.135194, 25.1160915], [55.1351432, 25.1161155], [55.1351163, 25.1160689]]]}}, {"type": "Feature", "properties": {"status": "existing", "bHeight": 61.0, "name": "Marina Residence 6", "levels": "15"}, "geometry": {"type": "Polygon", "coordinates": [[[55.1393533, 25.1160155], [55.1393675, 25.1160272], [55.139315, 25.1160698], [55.1394967, 25.1162451], [55.1396745, 25.1164166], [55.1397658, 25.1164939], [55.1398386, 25.1165807], [55.1398571, 25.1165688], [55.13988, 25.116597], [55.139914, 25.1165768], [55.139928, 25.1165951], [55.1399745, 25.1165666], [55.1399675, 25.1165575], [55.1400161, 25.1165269], [55.1400254, 25.1165387], [55.1400732, 25.1165085], [55.1400586, 25.1164874], [55.1400914, 25.1164656], [55.1400702, 25.1164363], [55.1400907, 25.1164226], [55.1400278, 25.1163414], [55.1400044, 25.1162277], [55.1399648, 25.1161499], [55.1398919, 25.1160216], [55.1397609, 25.1157908], [55.1396985, 25.1158205], [55.1396914, 25.1158044], [55.1396175, 25.1158398], [55.1396408, 25.1158781], [55.1395973, 25.1158997], [55.1396147, 25.1159264], [55.1396006, 25.1159345], [55.1395594, 25.1158797], [55.139518, 25.1159048], [55.1394772, 25.1159297], [55.1395196, 25.1159837], [55.1395063, 25.1159929], [55.1394847, 25.1159688], [55.1394473, 25.1159982], [55.1394157, 25.1159651], [55.1393533, 25.1160155]]]}}, {"type": "Feature", "properties": {"status": "existing", "bHeight": 61.0, "name": "Marina Residence 5", "levels": "15"}, "geometry": {"type": "Polygon", "coordinates": [[[55.1384114, 25.1161902], [55.138417, 25.1162068], [55.1383479, 25.1162191], [55.1384074, 25.1164623], [55.1384631, 25.1166897], [55.1384968, 25.1168274], [55.1384764, 25.1169336], [55.1384938, 25.1169325], [55.138498, 25.1169704], [55.1385421, 25.1169686], [55.138544, 25.1169926], [55.1386049, 25.1169894], [55.138604, 25.1169774], [55.1386682, 25.1169732], [55.1386696, 25.1169889], [55.1387328, 25.1169847], [55.1387323, 25.1169576], [55.1387762, 25.1169536], [55.1387743, 25.1169156], [55.1388019, 25.1169132], [55.1387929, 25.1168056], [55.1388509, 25.1166815], [55.1388616, 25.1165883], [55.1388708, 25.1164516], [55.1388886, 25.1161853], [55.1388182, 25.116182], [55.1388212, 25.1161649], [55.1387376, 25.1161611], [55.138736, 25.1162049], [55.1386865, 25.1162033], [55.1386864, 25.1162344], [55.1386697, 25.1162348], [55.1386652, 25.1161686], [55.1386154, 25.1161711], [55.1385664, 25.1161736], [55.1385724, 25.1162397], [55.1385557, 25.1162415], [55.1385507, 25.1162108], [55.138502, 25.1162187], [55.1384935, 25.1161756], [55.1384114, 25.1161902]]]}}, {"type": "Feature", "properties": {"status": "existing", "bHeight": 61.0, "name": "Marina Residence 4", "levels": "15"}, "geometry": {"type": "Polygon", "coordinates": [[[55.1374787, 25.1159098], [55.1374742, 25.1159267], [55.1374078, 25.1159053], [55.1371253, 25.1165881], [55.1371475, 25.116598], [55.1371297, 25.1166324], [55.1371686, 25.1166513], [55.1371567, 25.1166728], [55.1372109, 25.1166982], [55.1372168, 25.1166875], [55.1372745, 25.1167135], [55.1372668, 25.1167277], [55.1373235, 25.1167533], [55.1373383, 25.1167297], [55.1373783, 25.1167467], [55.1373982, 25.1167131], [55.1374233, 25.1167238], [55.13749, 25.1166443], [55.1375806, 25.116534], [55.1376412, 25.1164603], [55.1377285, 25.1163439], [55.1378917, 25.1161262], [55.1378331, 25.1160909], [55.1378453, 25.1160775], [55.1377756, 25.1160356], [55.1377495, 25.1160725], [55.1377079, 25.1160483], [55.1376902, 25.1160749], [55.1376756, 25.1160676], [55.137697, 25.11602], [55.1376627, 25.1159924], [55.1376213, 25.1159672], [55.1375892, 25.1160268], [55.1375739, 25.1160206], [55.1375869, 25.1159919], [55.1375405, 25.1159762], [55.1375575, 25.1159352], [55.1374787, 25.1159098]]]}}, {"type": "Feature", "properties": {"status": "existing", "bHeight": 61.0, "name": "Marina Residence 3", "levels": "15"}, "geometry": {"type": "Polygon", "coordinates": [[[55.1363862, 25.1144764], [55.1363715, 25.1144801], [55.1363486, 25.1144198], [55.1360985, 25.1145035], [55.1359544, 25.1145518], [55.1358551, 25.114585], [55.1357032, 25.1146359], [55.1355765, 25.1146651], [55.1355817, 25.114687], [55.1355409, 25.1146958], [55.1355488, 25.1147352], [55.1355227, 25.1147401], [55.1355345, 25.1147943], [55.1355475, 25.1147919], [55.1355609, 25.1148489], [55.1355439, 25.1148523], [55.135557, 25.1149084], [55.1355866, 25.1149043], [55.1355969, 25.1149431], [55.1356382, 25.1149363], [55.1356446, 25.1149607], [55.1357611, 25.114938], [55.1364589, 25.1149002], [55.136453, 25.1148367], [55.1364721, 25.114837], [55.1364649, 25.1147615], [55.1364168, 25.114766], [55.1364118, 25.1147214], [55.1363778, 25.1147255], [55.1363751, 25.1147106], [55.1364469, 25.1146976], [55.1364374, 25.1146532], [55.136428, 25.1146096], [55.1363565, 25.1146239], [55.1363523, 25.1146093], [55.1363853, 25.1146006], [55.1363699, 25.1145579], [55.1364066, 25.1145451], [55.1363862, 25.1144764]]]}}, {"type": "Feature", "properties": {"status": "existing", "bHeight": 61.0, "name": "Marina Residence 2", "levels": "15"}, "geometry": {"type": "Polygon", "coordinates": [[[55.1364541, 25.1135119], [55.1364349, 25.113512], [55.1364419, 25.1134485], [55.1361766, 25.1134302], [55.1360452, 25.1134212], [55.1359237, 25.1134128], [55.1357558, 25.1134013], [55.1356271, 25.11338], [55.1356218, 25.1134018], [55.1355806, 25.1133945], [55.1355697, 25.1134332], [55.1355438, 25.1134279], [55.1355295, 25.1134816], [55.1355424, 25.1134843], [55.1355283, 25.1135412], [55.1355113, 25.1135379], [55.1354974, 25.1135938], [55.1355262, 25.1136012], [55.1355177, 25.1136404], [55.1355584, 25.1136498], [55.135553, 25.1136745], [55.1356693, 25.1136978], [55.135831, 25.1137547], [55.1360726, 25.1138396], [55.136321, 25.1139269], [55.1363448, 25.1138668], [55.1363621, 25.1138744], [55.1363903, 25.1138031], [55.1363445, 25.113789], [55.1363605, 25.1137466], [55.1363277, 25.1137375], [55.1363321, 25.1137228], [55.1364034, 25.1137381], [55.1364152, 25.1136943], [55.1364267, 25.113651], [55.1363551, 25.1136371], [55.136358, 25.1136221], [55.136392, 25.1136267], [55.1363977, 25.1135821], [55.1364457, 25.1135873], [55.1364541, 25.1135119]]]}}, {"type": "Feature", "properties": {"status": "existing", "bHeight": 61.0, "name": "Marina Residence 1", "levels": "15"}, "geometry": {"type": "Polygon", "coordinates": [[[55.1370673, 25.1127752], [55.1370505, 25.1127671], [55.1370898, 25.1127141], [55.1368495, 25.1125747], [55.1367453, 25.1125142], [55.1366295, 25.112447], [55.1365104, 25.112378], [55.1364083, 25.112304], [55.1363922, 25.112321], [55.1363597, 25.1122968], [55.1363299, 25.1123262], [55.1363098, 25.1123104], [55.1362691, 25.1123516], [55.1362791, 25.1123595], [55.1362369, 25.1124035], [55.1362237, 25.1123933], [55.1361821, 25.1124366], [55.1362036, 25.1124555], [55.1361756, 25.1124863], [55.1362065, 25.1125121], [55.1361888, 25.1125314], [55.136279, 25.1126019], [55.1363754, 25.1127041], [55.1365385, 25.1128771], [55.1367329, 25.1130834], [55.1367854, 25.1130407], [55.1367966, 25.1130548], [55.1368588, 25.1130041], [55.1368258, 25.1129721], [55.1368621, 25.1129416], [55.136838, 25.1129196], [55.1368496, 25.1129085], [55.1369043, 25.1129526], [55.1369376, 25.112919], [55.1369704, 25.1128859], [55.1369147, 25.1128428], [55.1369251, 25.112831], [55.1369525, 25.1128496], [55.1369809, 25.1128128], [55.1370206, 25.1128379], [55.1370673, 25.1127752]]]}}, {"type": "Feature", "properties": {"status": "existing", "bHeight": 12.0, "name": "", "levels": ""}, "geometry": {"type": "Polygon", "coordinates": [[[55.1380182, 25.1162032], [55.1382328, 25.116238], [55.1382436, 25.1161832], [55.1381895, 25.1161744], [55.1381959, 25.1161416], [55.1382542, 25.116151], [55.1382683, 25.1160773], [55.1382492, 25.1160404], [55.1382199, 25.1160162], [55.1381703, 25.115999], [55.1381156, 25.1160082], [55.1380812, 25.1160243], [55.1380443, 25.1160623], [55.1380334, 25.1161177], [55.1380885, 25.1161267], [55.1380853, 25.1161427], [55.1380319, 25.1161341], [55.1380182, 25.1162032]]]}}, {"type": "Feature", "properties": {"status": "existing", "bHeight": 12.0, "name": "", "levels": ""}, "geometry": {"type": "Polygon", "coordinates": [[[55.1399296, 25.1157264], [55.1400697, 25.1155751], [55.1400225, 25.1155394], [55.1399872, 25.1155775], [55.139959, 25.1155562], [55.139997, 25.1155151], [55.1399334, 25.1154674], [55.1398886, 25.115464], [55.1398508, 25.115475], [55.1398096, 25.1155053], [55.1397912, 25.1155529], [55.1397895, 25.1155879], [55.1398076, 25.1156358], [55.1398552, 25.115672], [55.1398912, 25.1156331], [55.139905, 25.1156436], [55.1398701, 25.1156813], [55.1399296, 25.1157264]]]}}, {"type": "Feature", "properties": {"status": "existing", "bHeight": 12.0, "name": "", "levels": ""}, "geometry": {"type": "Polygon", "coordinates": [[[55.1389501, 25.1159821], [55.1390103, 25.11613], [55.1392039, 25.1160653], [55.1391436, 25.1159174], [55.1389501, 25.1159821]]]}}, {"type": "Feature", "properties": {"status": "existing", "bHeight": 12.0, "name": "", "levels": ""}, "geometry": {"type": "Polygon", "coordinates": [[[55.1348786, 25.1155827], [55.1349412, 25.1155343], [55.1349106, 25.1154999], [55.134948, 25.1154725], [55.1349203, 25.1154415], [55.1350119, 25.1153745], [55.1349982, 25.1153592], [55.1352486, 25.1151759], [55.1352761, 25.1152066], [55.135397, 25.1151181], [55.1354287, 25.1151537], [55.1354836, 25.1151135], [55.1355129, 25.1151319], [55.1356077, 25.1150672], [55.1357351, 25.1152059], [55.1355315, 25.1153532], [55.1354873, 25.1153475], [55.1354463, 25.1153496], [55.1353822, 25.1153592], [55.1353205, 25.1153743], [55.1352769, 25.1153929], [55.1353126, 25.1154333], [55.1352901, 25.1154498], [55.135305, 25.1154664], [55.1352218, 25.1155269], [55.1352325, 25.1155391], [55.135133, 25.1156112], [55.1351461, 25.1156259], [55.1350759, 25.1156773], [55.1350658, 25.115666], [55.1349979, 25.1157179], [55.1348786, 25.1155827]]]}}, {"type": "Feature", "properties": {"status": "existing", "bHeight": 12.0, "name": "", "levels": ""}, "geometry": {"type": "Polygon", "coordinates": [[[55.1355315, 25.1153532], [55.1355484, 25.1153724], [55.1356111, 25.1154435], [55.1356468, 25.1154839], [55.1358504, 25.1153367], [55.1358208, 25.1153031], [55.1357351, 25.1152059], [55.1355315, 25.1153532]]]}}, {"type": "Feature", "properties": {"status": "existing", "bHeight": 12.0, "name": "", "levels": ""}, "geometry": {"type": "Polygon", "coordinates": [[[55.1362933, 25.1171835], [55.1363651, 25.1171311], [55.1363957, 25.1171654], [55.1364332, 25.117138], [55.1364608, 25.117169], [55.1365524, 25.117102], [55.1365661, 25.1171173], [55.1368166, 25.1169341], [55.1367892, 25.1169034], [55.1369101, 25.1168149], [55.1368783, 25.1167793], [55.1369333, 25.1167392], [55.1369195, 25.1167094], [55.1369805, 25.1166385], [55.136874, 25.1165028], [55.1366845, 25.1166465], [55.1366813, 25.1166868], [55.1366704, 25.1167227], [55.1366466, 25.1167774], [55.1366174, 25.1168288], [55.1365882, 25.1168636], [55.1365521, 25.1168234], [55.1365295, 25.1168399], [55.1365146, 25.1168232], [55.1364319, 25.1168842], [55.136421, 25.1168722], [55.1363222, 25.1169451], [55.1363091, 25.1169304], [55.1362389, 25.1169818], [55.136249, 25.1169931], [55.136173, 25.1170487], [55.1362933, 25.1171835]]]}}, {"type": "Feature", "properties": {"status": "existing", "bHeight": 12.0, "name": "", "levels": ""}, "geometry": {"type": "Polygon", "coordinates": [[[55.1366845, 25.1166465], [55.1366365, 25.116594], [55.1366285, 25.1165845], [55.1365675, 25.116517], [55.1367696, 25.1163673], [55.1368365, 25.1164452], [55.136874, 25.1165028], [55.1366845, 25.1166465]]]}}, {"type": "Feature", "properties": {"status": "existing", "bHeight": 12.0, "name": "", "levels": ""}, "geometry": {"type": "Polygon", "coordinates": [[[55.136264, 25.1140717], [55.1362638, 25.1142691], [55.1363253, 25.1142692], [55.1363254, 25.1142194], [55.1363621, 25.1142194], [55.1363621, 25.114273], [55.1364447, 25.1142726], [55.1364815, 25.1142492], [55.1365027, 25.1142189], [55.1365128, 25.1141716], [55.1364932, 25.1141244], [55.1364697, 25.1140966], [55.1364218, 25.1140704], [55.1363597, 25.1140703], [55.1363596, 25.114121], [55.1363416, 25.114121], [55.1363417, 25.1140718], [55.136264, 25.1140717]]]}}, {"type": "Feature", "properties": {"status": "existing", "bHeight": 12.0, "name": "", "levels": ""}, "geometry": {"type": "Polygon", "coordinates": [[[55.1373273, 25.1125311], [55.1371395, 25.1126313], [55.1371707, 25.1126793], [55.1372181, 25.112654], [55.1372368, 25.1126827], [55.1371858, 25.1127099], [55.1372282, 25.1127742], [55.1372692, 25.1127909], [55.1373088, 25.112792], [55.1373589, 25.1127758], [55.1373938, 25.1127365], [55.1374082, 25.112704], [55.1374089, 25.1126534], [55.1373773, 25.1126049], [55.1373291, 25.1126307], [55.1373199, 25.1126166], [55.1373667, 25.1125916], [55.1373273, 25.1125311]]]}}, {"type": "Feature", "properties": {"status": "existing", "bHeight": 12.0, "name": "", "levels": ""}, "geometry": {"type": "Polygon", "coordinates": [[[55.1365466, 25.1133773], [55.1366841, 25.1134579], [55.1367956, 25.1133021], [55.1366581, 25.1132214], [55.1365466, 25.1133773]]]}}, {"type": "Feature", "properties": {"status": "existing", "bHeight": 12.0, "name": "", "levels": ""}, "geometry": {"type": "Polygon", "coordinates": [[[55.136914, 25.1134069], [55.1369815, 25.1133157], [55.1370326, 25.1133467], [55.1369651, 25.1134379], [55.136914, 25.1134069]]]}}, {"type": "Feature", "properties": {"status": "existing", "bHeight": 12.0, "name": "", "levels": ""}, "geometry": {"type": "Polygon", "coordinates": [[[55.1390475, 25.1156971], [55.1391706, 25.115647], [55.1391985, 25.115703], [55.1390753, 25.1157531], [55.1390475, 25.1156971]]]}}, {"type": "Feature", "properties": {"status": "existing", "bHeight": 12.0, "name": "", "levels": ""}, "geometry": {"type": "Polygon", "coordinates": [[[55.1392532, 25.1166506], [55.1391828, 25.1164508], [55.1391492, 25.1164598], [55.1391372, 25.1164418], [55.1391126, 25.1164253], [55.1390568, 25.1164365], [55.1389585, 25.1164511], [55.1388708, 25.1164516], [55.1388616, 25.1165883], [55.1388509, 25.1166815], [55.1388989, 25.116688], [55.1389138, 25.1167351], [55.1390848, 25.1166988], [55.1392532, 25.1166506]]]}}, {"type": "Feature", "properties": {"status": "existing", "bHeight": 12.0, "name": "", "levels": ""}, "geometry": {"type": "Polygon", "coordinates": [[[55.1393305, 25.1166286], [55.1392462, 25.1164333], [55.1392786, 25.1164212], [55.1392754, 25.1164003], [55.139283, 25.1163734], [55.1393341, 25.1163503], [55.1394206, 25.1163056], [55.1394967, 25.1162451], [55.1396745, 25.1164166], [55.1396317, 25.1164556], [55.1396529, 25.1165007], [55.1394996, 25.1165718], [55.1393305, 25.1166286]]]}}, {"type": "Feature", "properties": {"status": "existing", "bHeight": 12.0, "name": "", "levels": ""}, "geometry": {"type": "Polygon", "coordinates": [[[55.1379423, 25.116696], [55.1379974, 25.1164923], [55.1379635, 25.1164841], [55.1379635, 25.116463], [55.1379521, 25.1164373], [55.1378981, 25.1164205], [55.1378058, 25.1163866], [55.1377285, 25.1163439], [55.1376412, 25.1164603], [55.1375806, 25.116534], [55.1376185, 25.1165605], [55.1376041, 25.1166078], [55.137764, 25.1166578], [55.1379423, 25.116696]]]}}, {"type": "Feature", "properties": {"status": "existing", "bHeight": 12.0, "name": "", "levels": ""}, "geometry": {"type": "Polygon", "coordinates": [[[55.1380209, 25.1167138], [55.1380615, 25.1165073], [55.1380961, 25.1165122], [55.1381055, 25.1164929], [55.1381274, 25.1164736], [55.1381843, 25.116478], [55.1382839, 25.1164807], [55.1384074, 25.1164623], [55.1384631, 25.1166897], [55.1383985, 25.1167017], [55.1383937, 25.1167568], [55.1382073, 25.1167389], [55.1380209, 25.1167138]]]}}, {"type": "Feature", "properties": {"status": "existing", "bHeight": 12.0, "name": "", "levels": ""}, "geometry": {"type": "Polygon", "coordinates": [[[55.1403604, 25.1159931], [55.1402057, 25.1158455], [55.1401361, 25.1159027], [55.1401156, 25.1158927], [55.1400852, 25.1158896], [55.1400433, 25.1159248], [55.1399666, 25.1159824], [55.1398919, 25.1160216], [55.1399648, 25.1161499], [55.1400044, 25.1162277], [55.1400473, 25.1162141], [55.1400864, 25.1162479], [55.1403604, 25.1159931]]]}}, {"type": "Feature", "properties": {"status": "existing", "bHeight": 12.0, "name": "", "levels": ""}, "geometry": {"type": "Polygon", "coordinates": [[[55.1357305, 25.1142075], [55.1359617, 25.114195], [55.1359645, 25.1142267], [55.1359874, 25.1142304], [55.1360133, 25.1142452], [55.1360218, 25.1142964], [55.1360421, 25.1143847], [55.1360985, 25.1145035], [55.1359544, 25.1145518], [55.1358551, 25.114585], [55.135826, 25.1145369], [55.1357655, 25.1145472], [55.1357346, 25.1143774], [55.1357305, 25.1142075]]]}}, {"type": "Feature", "properties": {"status": "existing", "bHeight": 12.0, "name": "", "levels": ""}, "geometry": {"type": "Polygon", "coordinates": [[[55.135737, 25.1141461], [55.1359686, 25.1141416], [55.1359685, 25.1141099], [55.1359911, 25.1141045], [55.1360155, 25.1140879], [55.1360195, 25.1140363], [55.1360319, 25.1139468], [55.1360726, 25.1138396], [55.135831, 25.1137547], [55.1358084, 25.1138102], [55.1357475, 25.1138059], [55.1357274, 25.1139773], [55.135737, 25.1141461]]]}}, {"type": "Feature", "properties": {"status": "existing", "bHeight": 12.0, "name": "", "levels": ""}, "geometry": {"type": "Polygon", "coordinates": [[[55.1360223, 25.1130567], [55.1362295, 25.1131503], [55.1362145, 25.113179], [55.1362323, 25.1131926], [55.1362465, 25.1132171], [55.1362258, 25.1132653], [55.1361947, 25.113351], [55.1361766, 25.1134302], [55.1360452, 25.1134212], [55.1359237, 25.1134128], [55.135927, 25.1133679], [55.1358779, 25.1133473], [55.1359352, 25.1131966], [55.1360223, 25.1130567]]]}}, {"type": "Feature", "properties": {"status": "existing", "bHeight": 12.0, "name": "", "levels": ""}, "geometry": {"type": "Polygon", "coordinates": [[[55.1360833, 25.1130113], [55.13629, 25.113106], [55.1363064, 25.113078], [55.1363291, 25.1130828], [55.1363593, 25.1130785], [55.1363896, 25.1130347], [55.136447, 25.112961], [55.1365385, 25.1128771], [55.1363754, 25.1127041], [55.1363288, 25.1127374], [55.1362801, 25.112718], [55.1361638, 25.1128606], [55.1360833, 25.1130113]]]}}, {"type": "Feature", "properties": {"status": "existing", "bHeight": 12.0, "name": "", "levels": ""}, "geometry": {"type": "Polygon", "coordinates": [[[55.1369657, 25.112181], [55.1370916, 25.1123496], [55.1370149, 25.1123988], [55.1370214, 25.1124191], [55.1370181, 25.1124467], [55.1369712, 25.1124761], [55.1368926, 25.1125316], [55.1368495, 25.1125747], [55.1367453, 25.1125142], [55.1366295, 25.112447], [55.13666, 25.1124104], [55.1366319, 25.1123685], [55.1369657, 25.112181]]]}}, {"type": "Feature", "properties": {"status": "existing", "bHeight": 12.0, "name": "", "levels": ""}, "geometry": {"type": "Polygon", "coordinates": [[[55.1412946, 25.1141261], [55.1412369, 25.1141202], [55.141215, 25.1142947], [55.1411653, 25.1143297], [55.1412151, 25.1143877], [55.1412983, 25.1143291], [55.1413103, 25.1142329], [55.1412816, 25.1142299], [55.1412946, 25.1141261]]]}}, {"type": "Feature", "properties": {"status": "existing", "bHeight": 12.0, "name": "", "levels": ""}, "geometry": {"type": "Polygon", "coordinates": [[[55.1443051, 25.1118481], [55.1443058, 25.1118108], [55.144497, 25.1118136], [55.1445094, 25.1118026], [55.1445579, 25.1118479], [55.1444895, 25.111895], [55.1444393, 25.1118943], [55.1444401, 25.1118501], [55.1443051, 25.1118481]]]}}, {"type": "Feature", "properties": {"status": "existing", "bHeight": 12.0, "name": "", "levels": ""}, "geometry": {"type": "Polygon", "coordinates": [[[55.1465219, 25.1101733], [55.1464835, 25.1101701], [55.1464665, 25.1103387], [55.1463971, 25.110388], [55.14644, 25.1104375], [55.1465316, 25.1103724], [55.1465411, 25.110278], [55.1465116, 25.1102755], [55.1465219, 25.1101733]]]}}, {"type": "Feature", "properties": {"status": "existing", "bHeight": 12.0, "name": "", "levels": ""}, "geometry": {"type": "Polygon", "coordinates": [[[55.1512423, 25.1066312], [55.1512433, 25.1065922], [55.1514212, 25.1065959], [55.1514612, 25.1065652], [55.1515083, 25.1066156], [55.1514249, 25.1066795], [55.1513753, 25.1066785], [55.1513764, 25.106634], [55.1512423, 25.1066312]]]}}, {"type": "Feature", "properties": {"status": "existing", "bHeight": 70.0, "name": "Dukes The Palm Dubai Hotel", "levels": "17"}, "geometry": {"type": "Polygon", "coordinates": [[[55.1374508, 25.1118982], [55.1374129, 25.1119291], [55.1373484, 25.1120636], [55.1377189, 25.1124395], [55.1378477, 25.1123941], [55.1379006, 25.1123524], [55.1377897, 25.1122372], [55.1379152, 25.112138], [55.1380286, 25.1122556], [55.1380768, 25.1122175], [55.1381359, 25.1121268], [55.1381067, 25.112096], [55.1377762, 25.1117476], [55.1376366, 25.1117606], [55.1375979, 25.1117921], [55.13771, 25.1119049], [55.1375704, 25.1120185], [55.1374508, 25.1118982]]]}}, {"type": "Feature", "properties": {"status": "existing", "bHeight": 70.0, "name": "Andaz Dubai The Palm", "levels": "17"}, "geometry": {"type": "Polygon", "coordinates": [[[55.1407763, 25.115527], [55.1407369, 25.1155564], [55.1405803, 25.1155937], [55.1402258, 25.1152054], [55.1402947, 25.115097], [55.1403483, 25.1150559], [55.1404573, 25.1151726], [55.1405845, 25.1150752], [55.1404732, 25.114956], [55.1405221, 25.1149186], [55.1405962, 25.1149072], [55.1409559, 25.1152864], [55.1409546, 25.1153815], [55.1409144, 25.1154114], [55.1408081, 25.1152941], [55.140663, 25.1154018], [55.1407763, 25.115527]]]}}, {"type": "Feature", "properties": {"status": "existing", "bHeight": 12.0, "name": "", "levels": ""}, "geometry": {"type": "Polygon", "coordinates": [[[55.1423539, 25.1164324], [55.1423444, 25.116489], [55.1423998, 25.1164966], [55.1424093, 25.11644], [55.1423539, 25.1164324]]]}}, {"type": "Feature", "properties": {"status": "existing", "bHeight": 12.0, "name": "", "levels": ""}, "geometry": {"type": "Polygon", "coordinates": [[[55.1499684, 25.1361135], [55.1499423, 25.1360424], [55.1498787, 25.1359663], [55.1497797, 25.1359189], [55.1496564, 25.1358986], [55.1495536, 25.1359308], [55.1494677, 25.1359849], [55.1494154, 25.1360543], [55.1493799, 25.1361151], [55.1493799, 25.1361676], [55.1495219, 25.1361879], [55.1495275, 25.1362386], [55.1495536, 25.1362691], [55.1496041, 25.1363063], [55.1496583, 25.1363215], [55.1496676, 25.1363621], [55.1497274, 25.1363536], [55.1497722, 25.1363316], [55.1498246, 25.1362911], [55.1498582, 25.1362403], [55.1498713, 25.136176], [55.1498657, 25.1361371], [55.1499684, 25.1361135]]]}}, {"type": "Feature", "properties": {"status": "existing", "bHeight": 12.0, "name": "", "levels": ""}, "geometry": {"type": "Polygon", "coordinates": [[[55.1492061, 25.1361187], [55.1492765, 25.1361758], [55.1492266, 25.1362262], [55.1491563, 25.1361691], [55.1492061, 25.1361187]]]}}, {"type": "Feature", "properties": {"status": "existing", "bHeight": 12.0, "name": "", "levels": ""}, "geometry": {"type": "Polygon", "coordinates": [[[55.1448581, 25.1312667], [55.1449821, 25.1313034], [55.145001, 25.1312512], [55.1451528, 25.1312962], [55.1451061, 25.1314256], [55.1451634, 25.1314426], [55.1451893, 25.1313711], [55.1453167, 25.1314089], [55.1451477, 25.1318764], [55.145116, 25.131867], [55.1451001, 25.1319109], [55.1450101, 25.1318842], [55.145028, 25.1318349], [55.1450067, 25.1318286], [55.1450379, 25.1317423], [55.1450001, 25.1317312], [55.1449856, 25.1317713], [55.1449196, 25.1317517], [55.1449046, 25.1317933], [55.1448135, 25.1317663], [55.1448197, 25.131749], [55.1446983, 25.1317131], [55.1447222, 25.131647], [55.1448476, 25.1316841], [55.1448662, 25.1316327], [55.1450144, 25.1316766], [55.1450625, 25.1316908], [55.145084, 25.1316314], [55.1450287, 25.1316151], [55.1450545, 25.1315438], [55.1451186, 25.1315629], [55.1451536, 25.131466], [55.145122, 25.1314567], [55.1451151, 25.1314758], [55.14504, 25.1314535], [55.1450486, 25.1314296], [55.1450139, 25.1314194], [55.1450053, 25.1314433], [55.1449364, 25.1314228], [55.1449538, 25.1313746], [55.1448321, 25.1313386], [55.1448581, 25.1312667]]]}}, {"type": "Feature", "properties": {"status": "existing", "bHeight": 44.2, "name": "", "levels": "13"}, "geometry": {"type": "Polygon", "coordinates": [[[55.1440912, 25.1389438], [55.1440799, 25.1390017], [55.1445317, 25.1392935], [55.1445848, 25.1392776], [55.1446419, 25.1387736], [55.1445736, 25.1387381], [55.1440912, 25.1389438]]]}}, {"type": "Feature", "properties": {"status": "existing", "bHeight": 44.2, "name": "", "levels": "13"}, "geometry": {"type": "Polygon", "coordinates": [[[55.1435014, 25.1393592], [55.1435991, 25.1395578], [55.1440998, 25.139356], [55.1440021, 25.1391574], [55.1435014, 25.1393592]]]}}, {"type": "Feature", "properties": {"status": "existing", "bHeight": 31.8, "name": "C Central Resort The Palm", "levels": "9", "height_source": "osm_geom", "height_basis": "osm levels 9 · 100% of this footprint"}, "geometry": {"type": "Polygon", "coordinates": [[[55.1418155, 25.1394074], [55.1417368, 25.1394266], [55.1417156, 25.1393553], [55.141674, 25.1393654], [55.1416793, 25.1393831], [55.1416023, 25.1394019], [55.1415972, 25.1393848], [55.1415434, 25.1393979], [55.1415626, 25.1394622], [55.1414934, 25.1394791], [55.1414901, 25.1394679], [55.1414589, 25.1394755], [55.1413754, 25.1391956], [55.1414164, 25.1391855], [55.1414117, 25.1391697], [55.1414869, 25.1391513], [55.1415057, 25.1392144], [55.141528, 25.1392089], [55.1415344, 25.1392303], [55.1415609, 25.1392239], [55.1415545, 25.1392024], [55.1416073, 25.1391895], [55.1416137, 25.1392109], [55.141647, 25.1392027], [55.1416423, 25.1391871], [55.1416634, 25.1391819], [55.1416446, 25.1391188], [55.1417183, 25.1391008], [55.1417224, 25.1391147], [55.1417652, 25.1391043], [55.1417859, 25.1391736], [55.1417727, 25.1391768], [55.1418004, 25.1392696], [55.1418142, 25.1392662], [55.1418519, 25.1393925], [55.1418139, 25.1394018], [55.1418155, 25.1394074]]]}}, {"type": "Feature", "properties": {"status": "existing", "bHeight": 12.0, "name": "Sarai Apartments", "levels": ""}, "geometry": {"type": "Polygon", "coordinates": [[[55.1372355, 25.1407349], [55.1371756, 25.1407347], [55.1371756, 25.1407905], [55.1370995, 25.1407905], [55.1370995, 25.1408254], [55.1370604, 25.1408254], [55.1370602, 25.1409096], [55.1369472, 25.1409095], [55.1369473, 25.1408252], [55.136906, 25.1408252], [55.1369061, 25.1407903], [55.13683, 25.1407902], [55.1368379, 25.1408927], [55.1363388, 25.1409182], [55.1363333, 25.140829], [55.1361348, 25.1408391], [55.1361189, 25.1405835], [55.1364406, 25.140567], [55.1364382, 25.1405291], [55.136377, 25.1405322], [55.1363379, 25.1399048], [55.1362412, 25.1399097], [55.1362393, 25.139744], [55.1367664, 25.1397085], [55.1368188, 25.1405483], [55.1368269, 25.1405486], [55.1368322, 25.1404327], [55.1369239, 25.1404362], [55.1369256, 25.1403995], [55.1369767, 25.1404014], [55.136975, 25.1404382], [55.1370607, 25.1404414], [55.1370626, 25.1404007], [55.1371189, 25.1404029], [55.137117, 25.1404435], [55.1372046, 25.1404469], [55.1372002, 25.140542], [55.1372995, 25.140546], [55.1373523, 25.1399061], [55.1372754, 25.1399009], [55.13729, 25.139723], [55.1378013, 25.1397576], [55.1377344, 25.1405695], [55.137872, 25.1405788], [55.1378627, 25.1406912], [55.1378889, 25.1406929], [55.1378787, 25.1408159], [55.1378573, 25.1408145], [55.1378553, 25.1408382], [55.1377201, 25.1408291], [55.1377116, 25.1409314], [55.1372081, 25.1408974], [55.137215, 25.1408134], [55.137229, 25.1408143], [55.1372355, 25.1407349]]]}}, {"type": "Feature", "properties": {"status": "existing", "bHeight": 19.0, "name": "", "levels": "5", "height_source": "osm_geom", "height_basis": "osm levels 5 · 100% of this footprint"}, "geometry": {"type": "Polygon", "coordinates": [[[55.1107815, 25.1076897], [55.1109919, 25.1071513], [55.1110034, 25.1071382], [55.1110183, 25.1071284], [55.1110356, 25.1071226], [55.1110539, 25.1071211], [55.1110721, 25.1071241], [55.1110887, 25.1071313], [55.1111025, 25.1071423], [55.1112559, 25.1073227], [55.1112602, 25.1073333], [55.1112628, 25.1073441], [55.1112628, 25.1073443], [55.1112636, 25.1073555], [55.1112629, 25.1073648], [55.1112612, 25.1073737], [55.1112556, 25.1073882], [55.1111532, 25.1075866], [55.1110497, 25.107787], [55.1111833, 25.1080413], [55.1113786, 25.1084129], [55.111387, 25.1084424], [55.1113866, 25.1084684], [55.1113743, 25.1085041], [55.1113548, 25.1085361], [55.1107848, 25.1090641], [55.1107712, 25.1090813], [55.1107603, 25.1091], [55.1107524, 25.1091199], [55.1106705, 25.109327], [55.1106653, 25.1093396], [55.1106564, 25.1093502], [55.1106444, 25.109358], [55.1106303, 25.1093622], [55.1106154, 25.1093631], [55.1104935, 25.1093416], [55.1104709, 25.1093393], [55.1104518, 25.1093324], [55.1104379, 25.1093171], [55.1104323, 25.1092978], [55.1104345, 25.1092772], [55.1104967, 25.1090453], [55.1109307, 25.1085452], [55.1109589, 25.1085156], [55.110977, 25.1084779], [55.1109783, 25.1084445], [55.110969, 25.1084148], [55.1107838, 25.1078178], [55.1107724, 25.1077866], [55.1107682, 25.107754], [55.1107712, 25.1077213], [55.1107815, 25.1076897]]]}}, {"type": "Feature", "properties": {"status": "existing", "bHeight": 19.0, "name": "", "levels": "5", "height_source": "osm_geom", "height_basis": "osm levels 5 · 100% of this footprint"}, "geometry": {"type": "Polygon", "coordinates": [[[55.1108046, 25.1069606], [55.1109052, 25.1070897], [55.1109108, 25.1071016], [55.1109142, 25.1071142], [55.1109154, 25.1071271], [55.1109142, 25.10714], [55.1109106, 25.1071526], [55.1109057, 25.1071647], [55.1106732, 25.107717], [55.1106663, 25.1077418], [55.1106645, 25.1077672], [55.1106677, 25.1077926], [55.1106758, 25.107817], [55.1108565, 25.1084283], [55.1108621, 25.1084488], [55.110861, 25.1084699], [55.1108533, 25.1084898], [55.1108396, 25.1085069], [55.1102498, 25.1091926], [55.1101741, 25.1092758], [55.1101554, 25.1092898], [55.1101375, 25.1092988], [55.1101094, 25.1093014], [55.1100776, 25.1092935], [55.1099642, 25.109235], [55.109939, 25.1092219], [55.1099265, 25.1092078], [55.10992, 25.1092026], [55.1099125, 25.1091762], [55.1099149, 25.10915], [55.1099279, 25.1091264], [55.1101246, 25.108894], [55.1105813, 25.1083544], [55.1105932, 25.1083399], [55.1106006, 25.1083232], [55.110603, 25.1083054], [55.1106004, 25.1082875], [55.1105951, 25.1082703], [55.1104653, 25.1078599], [55.1104572, 25.1078344], [55.1104512, 25.1078078], [55.1104485, 25.1077943], [55.1104475, 25.1077763], [55.1104493, 25.107755], [55.1104536, 25.1077345], [55.1107354, 25.1069918], [55.1107412, 25.1069798], [55.1107504, 25.1069697], [55.1107623, 25.1069622], [55.1107761, 25.1069581], [55.1107906, 25.1069575], [55.1108046, 25.1069606]]]}}, {"type": "Feature", "properties": {"status": "existing", "bHeight": 15.8, "name": "W Dubai - The Palm", "levels": "4", "height_source": "osm_geom", "height_basis": "osm levels 4 · 100% of this footprint"}, "geometry": {"type": "Polygon", "coordinates": [[[55.1120267, 25.107553], [55.1119904, 25.107604], [55.111986, 25.1076102], [55.1119823, 25.1076168], [55.11198, 25.1076238], [55.1119785, 25.1076311], [55.1119763, 25.1076418], [55.1119742, 25.1076522], [55.1119676, 25.1076842], [55.1119663, 25.1076904], [55.1119643, 25.1076964], [55.1119615, 25.1077022], [55.1119578, 25.1077075], [55.1118551, 25.1078399], [55.1118455, 25.1078497], [55.1118321, 25.1078545], [55.1118177, 25.1078534], [55.1118053, 25.1078467], [55.1117966, 25.1078373], [55.1113418, 25.1071755], [55.1113248, 25.1071537], [55.1113091, 25.1071311], [55.111295, 25.1071077], [55.1112823, 25.1070836], [55.1112529, 25.1070251], [55.1112412, 25.1070027], [55.1112285, 25.1069808], [55.1112148, 25.1069594], [55.1112002, 25.1069385], [55.1109784, 25.1066136], [55.1109451, 25.1065751], [55.1109553, 25.1065449], [55.1109455, 25.1065285], [55.1109469, 25.1065063], [55.1109515, 25.1064784], [55.1109611, 25.1064515], [55.1111083, 25.106084], [55.111067, 25.1060704], [55.1111595, 25.1058442], [55.1111807, 25.1057922], [55.1111939, 25.1057989], [55.1112079, 25.1057753], [55.1112184, 25.105776], [55.1112276, 25.1057683], [55.1112398, 25.1057556], [55.1112517, 25.1057432], [55.1112619, 25.1057296], [55.1112704, 25.1057151], [55.1112788, 25.1056905], [55.1113143, 25.1055869], [55.1113222, 25.1055742], [55.1113343, 25.1055635], [55.1113473, 25.1055561], [55.1113628, 25.105552], [55.111379, 25.1055516], [55.1115404, 25.1055514], [55.1115406, 25.1055151], [55.111738, 25.1055157], [55.1117378, 25.105552], [55.1117735, 25.1055513], [55.1118786, 25.1055493], [55.111905, 25.1055534], [55.1119237, 25.1055672], [55.1119401, 25.1055902], [55.111992, 25.1056873], [55.1120026, 25.1057046], [55.1120187, 25.1057179], [55.1120387, 25.1057258], [55.1120604, 25.1057274], [55.1124156, 25.1057627], [55.1124525, 25.105832], [55.1125905, 25.106091], [55.1125918, 25.1061049], [55.1125869, 25.106118], [55.1125765, 25.1061283], [55.1125624, 25.1061339], [55.1125469, 25.1061342], [55.1125102, 25.1061355], [55.1124565, 25.1061374], [55.1123951, 25.1061395], [55.1123953, 25.1061647], [55.1123092, 25.1061666], [55.1123085, 25.1061428], [55.1121928, 25.1061454], [55.1121916, 25.1061009], [55.1115336, 25.1062649], [55.1115237, 25.1062689], [55.1115155, 25.1062754], [55.1115096, 25.1062836], [55.111506, 25.1062929], [55.1114509, 25.1064322], [55.1114485, 25.1064411], [55.1114483, 25.1064502], [55.1114503, 25.1064592], [55.1114545, 25.1064676], [55.1117548, 25.1070293], [55.1118237, 25.1071477], [55.111835, 25.1071423], [55.1118435, 25.1071571], [55.1118923, 25.1072427], [55.1119203, 25.1072917], [55.1119465, 25.1073375], [55.1119285, 25.1073456], [55.1120252, 25.1075201], [55.1120285, 25.1075258], [55.1120307, 25.1075326], [55.1120311, 25.1075396], [55.1120298, 25.1075466], [55.1120267, 25.107553]]]}}, {"type": "Feature", "properties": {"status": "existing", "bHeight": 6.2, "name": "", "levels": "1", "height_source": "osm_geom", "height_basis": "osm levels 1 · 100% of this footprint"}, "geometry": {"type": "Polygon", "coordinates": [[[55.1131135, 25.104606], [55.1132489, 25.104436], [55.1128546, 25.1041785], [55.1127192, 25.1043485], [55.1131135, 25.104606]]]}}, {"type": "Feature", "properties": {"status": "existing", "bHeight": 6.2, "name": "", "levels": "1", "height_source": "osm_geom", "height_basis": "osm levels 1 · 100% of this footprint"}, "geometry": {"type": "Polygon", "coordinates": [[[55.1123571, 25.1038992], [55.112725, 25.1041222], [55.1131542, 25.1035417], [55.1127863, 25.1033187], [55.1123571, 25.1038992]]]}}, {"type": "Feature", "properties": {"status": "existing", "bHeight": 51.0, "name": "Hilton Dubai Palm Jumeirah", "levels": "15"}, "geometry": {"type": "Polygon", "coordinates": [[[55.1459584, 25.105647], [55.1464667, 25.1062322], [55.1478635, 25.1051915], [55.147347, 25.1046542], [55.1470713, 25.1048409], [55.1473528, 25.105141], [55.1465254, 25.1057558], [55.1462694, 25.1054402], [55.1459584, 25.105647]]]}}, {"type": "Feature", "properties": {"status": "existing", "bHeight": 51.0, "name": "Marriott Resort Palm Jumeirah, Dubai", "levels": "15"}, "geometry": {"type": "Polygon", "coordinates": [[[55.1444929, 25.1066927], [55.1450286, 25.1072768], [55.146302, 25.1063247], [55.1457618, 25.1057907], [55.1454733, 25.1060137], [55.1457696, 25.1063126], [55.1450437, 25.1068357], [55.1447739, 25.1065051], [55.1444929, 25.1066927]]]}}, {"type": "Feature", "properties": {"status": "existing", "bHeight": 6.2, "name": "", "levels": "1", "height_source": "osm_geom", "height_basis": "osm levels 1 · 100% of this footprint"}, "geometry": {"type": "Polygon", "coordinates": [[[55.1282641, 25.1136702], [55.1284645, 25.1135661], [55.1283736, 25.1134226], [55.1281732, 25.1135267], [55.1282641, 25.1136702]]]}}, {"type": "Feature", "properties": {"status": "existing", "bHeight": 6.2, "name": "", "levels": "1", "height_source": "osm_geom", "height_basis": "osm levels 1 · 100% of this footprint"}, "geometry": {"type": "Polygon", "coordinates": [[[55.1284462, 25.113967], [55.1286689, 25.1138491], [55.1285966, 25.1137373], [55.1283543, 25.1138656], [55.1283878, 25.1139175], [55.1284076, 25.1139071], [55.1284462, 25.113967]]]}}, {"type": "Feature", "properties": {"status": "existing", "bHeight": 6.2, "name": "", "levels": "1", "height_source": "osm_geom", "height_basis": "osm levels 1 · 100% of this footprint"}, "geometry": {"type": "Polygon", "coordinates": [[[55.1283619, 25.1138413], [55.1285664, 25.1137326], [55.128478, 25.1135965], [55.128296, 25.1136933], [55.1283466, 25.1137714], [55.1283243, 25.1137832], [55.1283619, 25.1138413]]]}}, {"type": "Feature", "properties": {"status": "existing", "bHeight": 6.2, "name": "", "levels": "1", "height_source": "osm_geom", "height_basis": "osm levels 1 · 100% of this footprint"}, "geometry": {"type": "Polygon", "coordinates": [[[55.1285448, 25.1141259], [55.1287333, 25.1140283], [55.1286653, 25.1139204], [55.1284767, 25.114018], [55.1285448, 25.1141259]]]}}, {"type": "Feature", "properties": {"status": "existing", "bHeight": 6.2, "name": "", "levels": "1", "height_source": "osm_geom", "height_basis": "osm levels 1 · 100% of this footprint"}, "geometry": {"type": "Polygon", "coordinates": [[[55.128838, 25.1144946], [55.1289338, 25.11444], [55.128797, 25.1142433], [55.1287012, 25.1142979], [55.128838, 25.1144946]]]}}, {"type": "Feature", "properties": {"status": "existing", "bHeight": 6.2, "name": "", "levels": "1", "height_source": "osm_geom", "height_basis": "osm levels 1 · 100% of this footprint"}, "geometry": {"type": "Polygon", "coordinates": [[[55.1295787, 25.116329], [55.1296474, 25.1162841], [55.1296564, 25.1162953], [55.1297822, 25.1162131], [55.129677, 25.1160811], [55.1294824, 25.1162083], [55.1295787, 25.116329]]]}}, {"type": "Feature", "properties": {"status": "existing", "bHeight": 6.2, "name": "", "levels": "1", "height_source": "osm_geom", "height_basis": "osm levels 1 · 100% of this footprint"}, "geometry": {"type": "Polygon", "coordinates": [[[55.1300043, 25.1160855], [55.1302099, 25.1159347], [55.1301264, 25.1158397], [55.1301052, 25.1158128], [55.1299172, 25.1159346], [55.1299384, 25.1159615], [55.1299872, 25.1160161], [55.1299581, 25.1160374], [55.1300043, 25.1160855]]]}}, {"type": "Feature", "properties": {"status": "existing", "bHeight": 6.2, "name": "", "levels": "1", "height_source": "osm_geom", "height_basis": "osm levels 1 · 100% of this footprint"}, "geometry": {"type": "Polygon", "coordinates": [[[55.1301268, 25.1162067], [55.1303023, 25.1160822], [55.1302084, 25.1159739], [55.1300329, 25.1160985], [55.1301268, 25.1162067]]]}}, {"type": "Feature", "properties": {"status": "existing", "bHeight": 6.2, "name": "", "levels": "1", "height_source": "osm_geom", "height_basis": "osm levels 1 · 100% of this footprint"}, "geometry": {"type": "Polygon", "coordinates": [[[55.1302408, 25.1163549], [55.1304272, 25.1162112], [55.1303415, 25.1161147], [55.1301497, 25.1162449], [55.1302408, 25.1163549]]]}}, {"type": "Feature", "properties": {"status": "existing", "bHeight": 6.2, "name": "", "levels": "1", "height_source": "osm_geom", "height_basis": "osm levels 1 · 100% of this footprint"}, "geometry": {"type": "Polygon", "coordinates": [[[55.1303663, 25.1164698], [55.1305263, 25.116352], [55.1304369, 25.1162526], [55.130277, 25.1163704], [55.1303663, 25.1164698]]]}}, {"type": "Feature", "properties": {"status": "existing", "bHeight": 6.2, "name": "", "levels": "1", "height_source": "osm_geom", "height_basis": "osm levels 1 · 100% of this footprint"}, "geometry": {"type": "Polygon", "coordinates": [[[55.1298326, 25.1165925], [55.1300132, 25.1164755], [55.1299621, 25.1164109], [55.1299252, 25.1164347], [55.1298878, 25.1163874], [55.1297172, 25.1164979], [55.1297707, 25.1165656], [55.1297976, 25.1165482], [55.1298326, 25.1165925]]]}}, {"type": "Feature", "properties": {"status": "existing", "bHeight": 6.2, "name": "", "levels": "1", "height_source": "osm_geom", "height_basis": "osm levels 1 · 100% of this footprint"}, "geometry": {"type": "Polygon", "coordinates": [[[55.1293558, 25.1156165], [55.1293028, 25.11555], [55.1292537, 25.1155822], [55.1291527, 25.1154557], [55.1291933, 25.1154292], [55.1291446, 25.1153681], [55.1289276, 25.1155101], [55.1289896, 25.1155877], [55.1290777, 25.1155301], [55.1291567, 25.115629], [55.1290566, 25.1156945], [55.1291184, 25.1157719], [55.1293558, 25.1156165]]]}}, {"type": "Feature", "properties": {"status": "existing", "bHeight": 6.2, "name": "", "levels": "1", "height_source": "osm_geom", "height_basis": "osm levels 1 · 100% of this footprint"}, "geometry": {"type": "Polygon", "coordinates": [[[55.1308505, 25.1170384], [55.1310375, 25.1168934], [55.1309262, 25.1167758], [55.130776, 25.1168922], [55.1307566, 25.1169073], [55.1308163, 25.1169703], [55.1307989, 25.1169838], [55.1308505, 25.1170384]]]}}, {"type": "Feature", "properties": {"status": "existing", "bHeight": 6.2, "name": "", "levels": "1", "height_source": "osm_geom", "height_basis": "osm levels 1 · 100% of this footprint"}, "geometry": {"type": "Polygon", "coordinates": [[[55.1304039, 25.1172522], [55.1304493, 25.1172989], [55.1306301, 25.1171547], [55.1305399, 25.117062], [55.1303732, 25.1171949], [55.1304179, 25.117241], [55.1304039, 25.1172522]]]}}, {"type": "Feature", "properties": {"status": "existing", "bHeight": 6.2, "name": "", "levels": "1", "height_source": "osm_geom", "height_basis": "osm levels 1 · 100% of this footprint"}, "geometry": {"type": "Polygon", "coordinates": [[[55.1305627, 25.1174289], [55.1307559, 25.1172699], [55.1306603, 25.1171747], [55.1304773, 25.1173254], [55.130507, 25.117355], [55.1304969, 25.1173633], [55.1305627, 25.1174289]]]}}, {"type": "Feature", "properties": {"status": "existing", "bHeight": 6.2, "name": "", "levels": "1", "height_source": "osm_geom", "height_basis": "osm levels 1 · 100% of this footprint"}, "geometry": {"type": "Polygon", "coordinates": [[[55.1315141, 25.1176946], [55.1316522, 25.1175616], [55.1315881, 25.117507], [55.1316292, 25.1174675], [55.1315736, 25.1174201], [55.1313789, 25.1176076], [55.1314102, 25.1176342], [55.1314441, 25.1176015], [55.1314805, 25.1176326], [55.1314621, 25.1176503], [55.1315141, 25.1176946]]]}}, {"type": "Feature", "properties": {"status": "existing", "bHeight": 6.2, "name": "", "levels": "1", "height_source": "osm_geom", "height_basis": "osm levels 1 · 100% of this footprint"}, "geometry": {"type": "Polygon", "coordinates": [[[55.1316324, 25.1178545], [55.1317587, 25.1177387], [55.1316964, 25.1176829], [55.1317063, 25.1176739], [55.13169, 25.1176593], [55.1317292, 25.1176234], [55.1316903, 25.1175886], [55.1315234, 25.1177417], [55.1315529, 25.1177681], [55.131592, 25.1177322], [55.1316325, 25.1177684], [55.1315849, 25.117812], [55.1316324, 25.1178545]]]}}, {"type": "Feature", "properties": {"status": "existing", "bHeight": 6.2, "name": "", "levels": "1", "height_source": "osm_geom", "height_basis": "osm levels 1 · 100% of this footprint"}, "geometry": {"type": "Polygon", "coordinates": [[[55.1317948, 25.1179584], [55.13195, 25.1178245], [55.1318384, 25.1177185], [55.1316635, 25.1178696], [55.1316989, 25.1179032], [55.1317389, 25.1178687], [55.1317749, 25.1179029], [55.1317547, 25.1179203], [55.1317948, 25.1179584]]]}}, {"type": "Feature", "properties": {"status": "existing", "bHeight": 6.2, "name": "", "levels": "1", "height_source": "osm_geom", "height_basis": "osm levels 1 · 100% of this footprint"}, "geometry": {"type": "Polygon", "coordinates": [[[55.1312131, 25.1179711], [55.1313123, 25.1178813], [55.1312037, 25.1177829], [55.1311044, 25.1178728], [55.1312131, 25.1179711]]]}}, {"type": "Feature", "properties": {"status": "existing", "bHeight": 6.2, "name": "", "levels": "1", "height_source": "osm_geom", "height_basis": "osm levels 1 · 100% of this footprint"}, "geometry": {"type": "Polygon", "coordinates": [[[55.1313539, 25.1181193], [55.1314666, 25.1180173], [55.1313371, 25.1179001], [55.1312244, 25.1180021], [55.1313539, 25.1181193]]]}}, {"type": "Feature", "properties": {"status": "existing", "bHeight": 6.2, "name": "", "levels": "1", "height_source": "osm_geom", "height_basis": "osm levels 1 · 100% of this footprint"}, "geometry": {"type": "Polygon", "coordinates": [[[55.115789, 25.1278319], [55.1155704, 25.1277202], [55.1154957, 25.1278402], [55.1157143, 25.1279519], [55.115789, 25.1278319]]]}}, {"type": "Feature", "properties": {"status": "existing", "bHeight": 6.2, "name": "", "levels": "1", "height_source": "osm_geom", "height_basis": "osm levels 1 · 100% of this footprint"}, "geometry": {"type": "Polygon", "coordinates": [[[55.1132932, 25.1264538], [55.1130572, 25.1261066], [55.1128477, 25.1262233], [55.1130837, 25.1265706], [55.1132932, 25.1264538]]]}}, {"type": "Feature", "properties": {"status": "existing", "bHeight": 41.4, "name": "Aloft Palm Jumeirah", "levels": "12", "height_source": "osm_geom", "height_basis": "osm levels 12 · 100% of this footprint"}, "geometry": {"type": "Polygon", "coordinates": [[[55.1541867, 25.1255876], [55.1541949, 25.1253908], [55.1539653, 25.125383], [55.1539711, 25.1252437], [55.1544007, 25.1252584], [55.1543867, 25.1255944], [55.1541867, 25.1255876]]]}}, {"type": "Feature", "properties": {"status": "existing", "bHeight": 232.0, "name": "The Palm Tower", "levels": "53"}, "geometry": {"type": "Polygon", "coordinates": [[[55.1396039, 25.1140081], [55.1401875, 25.1135678], [55.140339, 25.1137324], [55.1397554, 25.1141728], [55.1396039, 25.1140081]]]}}, {"type": "Feature", "properties": {"status": "existing", "bHeight": 12.0, "name": "", "levels": ""}, "geometry": {"type": "Polygon", "coordinates": [[[55.1419193, 25.1389355], [55.1420038, 25.1393422], [55.1429774, 25.1390581], [55.1428282, 25.138673], [55.1425449, 25.1387564], [55.1426022, 25.1388569], [55.1422299, 25.1389545], [55.1422033, 25.1388515], [55.1419193, 25.1389355]]]}}, {"type": "Feature", "properties": {"status": "existing", "bHeight": 31.8, "name": "Royal Bay by Azizi", "levels": "9", "height_source": "osm_geom", "height_basis": "osm levels 9 · 100% of this footprint"}, "geometry": {"type": "Polygon", "coordinates": [[[55.1533782, 25.125311], [55.1533774, 25.1252814], [55.1533656, 25.1252593], [55.1533404, 25.125241], [55.1533034, 25.1252289], [55.1532698, 25.1252266], [55.1532052, 25.1252494], [55.1531842, 25.1252578], [55.1531648, 25.1252555], [55.1531405, 25.1252502], [55.1531111, 25.1252479], [55.1530834, 25.1252517], [55.1530607, 25.1252585], [55.1530439, 25.1252601], [55.1530195, 25.1252486], [55.1529868, 25.125235], [55.1529649, 25.1252304], [55.152938, 25.1252365], [55.1529162, 25.1252502], [55.1528977, 25.1252707], [55.1528893, 25.1252912], [55.1528843, 25.1253171], [55.1528742, 25.1253521], [55.152865, 25.1253825], [55.1528633, 25.1254099], [55.1528675, 25.1254373], [55.1528818, 25.1254623], [55.1529036, 25.1254852], [55.1529262, 25.1254929], [55.1529616, 25.1255103], [55.152991, 25.1255118], [55.1530115, 25.1255061], [55.1530304, 25.1254958], [55.1530573, 25.1254966], [55.1530859, 25.1254966], [55.1531102, 25.1254966], [55.1531321, 25.1254943], [55.1531581, 25.1254928], [55.1531707, 25.1255034], [55.1531858, 25.1255201], [55.1532085, 25.1255346], [55.1532287, 25.1255407], [55.1532539, 25.125546], [55.1533043, 25.1255498], [55.1533337, 25.1255437], [55.1533488, 25.1255316], [55.1533631, 25.1255118], [55.1533723, 25.1254897], [55.1533748, 25.1254464], [55.1533782, 25.125311]]]}}, {"type": "Feature", "properties": {"status": "existing", "bHeight": 31.8, "name": "Royal Central Hotel - The Palm", "levels": "9", "height_source": "osm_geom", "height_basis": "osm levels 9 · 100% of this footprint"}, "geometry": {"type": "Polygon", "coordinates": [[[55.1529032, 25.1260837], [55.1532727, 25.1261024], [55.1532736, 25.1260887], [55.1533233, 25.1260913], [55.1533308, 25.1259724], [55.1532999, 25.1259708], [55.1533076, 25.1258528], [55.1533396, 25.1258545], [55.1533496, 25.1257045], [55.153125, 25.1256926], [55.1530661, 25.1256887], [55.1529252, 25.1256841], [55.1529236, 25.1257314], [55.1529043, 25.1257299], [55.1528993, 25.1258085], [55.1529298, 25.12581], [55.1529603, 25.1258115], [55.1529503, 25.1259817], [55.1528951, 25.125979], [55.1528912, 25.1260352], [55.1529035, 25.126042], [55.1529032, 25.1260837]]]}}, {"type": "Feature", "properties": {"status": "existing", "bHeight": 35.0, "name": "Muraba Residences", "levels": "10", "height_source": "osm_geom", "height_basis": "osm levels 10 · 100% of this footprint"}, "geometry": {"type": "Polygon", "coordinates": [[[55.1542436, 25.1257675], [55.1542464, 25.125708], [55.1539575, 25.1256969], [55.1539549, 25.1257518], [55.1539117, 25.1257501], [55.1539068, 25.1258103], [55.154034, 25.1258114], [55.1540313, 25.1258599], [55.1541818, 25.1258657], [55.1541777, 25.1259514], [55.1540222, 25.1259454], [55.1540197, 25.1259989], [55.1538922, 25.1259939], [55.1538893, 25.1260562], [55.1539329, 25.1260579], [55.1539301, 25.1261165], [55.1542042, 25.1261272], [55.1542074, 25.1260582], [55.1543248, 25.1260628], [55.1543272, 25.1260111], [55.1544446, 25.1260157], [55.1544527, 25.1258452], [55.1543378, 25.1258407], [55.1543411, 25.1257713], [55.1542436, 25.1257675]]]}}, {"type": "Feature", "properties": {"status": "existing", "bHeight": 31.8, "name": "Serenia Residences West", "levels": "9", "height_source": "osm_geom", "height_basis": "osm levels 9 · 100% of this footprint"}, "geometry": {"type": "Polygon", "coordinates": [[[55.1519506, 25.1324741], [55.1519804, 25.1324158], [55.1519677, 25.1324025], [55.1520092, 25.1323267], [55.1519535, 25.1322684], [55.1519822, 25.1322048], [55.1517554, 25.1321047], [55.1517353, 25.1320959], [55.1517268, 25.1321122], [55.1513276, 25.1319735], [55.1513047, 25.132026], [55.1513327, 25.1320354], [55.1513138, 25.1320727], [55.1513468, 25.1320891], [55.1513202, 25.1321354], [55.1512872, 25.1321219], [55.1512584, 25.1321787], [55.1519506, 25.1324741]]]}}, {"type": "Feature", "properties": {"status": "existing", "bHeight": 31.8, "name": "Serenia Residences East", "levels": "9", "height_source": "osm_geom", "height_basis": "osm levels 9 · 100% of this footprint"}, "geometry": {"type": "Polygon", "coordinates": [[[55.1521738, 25.1317046], [55.1521355, 25.1317817], [55.1521142, 25.131775], [55.1520653, 25.1318472], [55.1519822, 25.1318366], [55.1519535, 25.1318858], [55.1518473, 25.1318392], [55.1517534, 25.1317981], [55.151764, 25.1317779], [55.1517161, 25.1317586], [55.1517066, 25.1317701], [55.1513436, 25.131589], [55.1513904, 25.1315148], [55.1514426, 25.1315475], [55.1514628, 25.1315051], [55.151417, 25.1314762], [55.1514607, 25.1313953], [55.1521738, 25.1317046]]]}}, {"type": "Feature", "properties": {"status": "existing", "bHeight": 31.8, "name": "Serenia Residences North", "levels": "9", "height_source": "osm_geom", "height_basis": "osm levels 9 · 100% of this footprint"}, "geometry": {"type": "Polygon", "coordinates": [[[55.1524048, 25.1326943], [55.152473, 25.1327338], [55.1525081, 25.1326953], [55.15254, 25.1326692], [55.1525624, 25.1326403], [55.1525786, 25.1326042], [55.1526177, 25.132517], [55.1526666, 25.132397], [55.1526795, 25.1323657], [55.1526379, 25.1323474], [55.1526294, 25.1323599], [55.1525858, 25.1323397], [55.1526816, 25.1321807], [55.152754, 25.1320621], [55.1527625, 25.132012], [55.1527039, 25.1319908], [55.1526975, 25.1319995], [55.152606, 25.1319658], [55.1526124, 25.1319436], [55.1525528, 25.1319282], [55.1525049, 25.1319725], [55.1524655, 25.1320323], [55.1524378, 25.1321026], [55.1523708, 25.1322529], [55.1523026, 25.1324081], [55.1523229, 25.1324187], [55.1523293, 25.1324071], [55.1523782, 25.1324303], [55.1523878, 25.1324177], [55.1524421, 25.1324418], [55.1524208, 25.1324784], [55.1523665, 25.1324572], [55.1522696, 25.1326451], [55.1523005, 25.1326586], [55.1523186, 25.1326384], [55.1524144, 25.1326712], [55.1524048, 25.1326943]]]}}, {"type": "Feature", "properties": {"status": "existing", "bHeight": 12.0, "name": "", "levels": ""}, "geometry": {"type": "Polygon", "coordinates": [[[55.1241128, 25.1270483], [55.1234283, 25.1262856], [55.1233682, 25.1262187], [55.1229197, 25.1265509], [55.1227996, 25.1264052], [55.123366, 25.1260031], [55.1234626, 25.1260944], [55.1235399, 25.1260633], [55.1236126, 25.1261453], [55.1242995, 25.12692], [55.1241128, 25.1270483]]]}}, {"type": "Feature", "properties": {"status": "existing", "bHeight": 12.0, "name": "", "levels": ""}, "geometry": {"type": "Polygon", "coordinates": [[[55.1218257, 25.1245681], [55.1219581, 25.1244482], [55.1220799, 25.1244529], [55.1228299, 25.1253124], [55.1229774, 25.1254814], [55.1224004, 25.1259725], [55.1222474, 25.1258033], [55.1226601, 25.1254815], [55.1226258, 25.125444], [55.1218257, 25.1245681]]]}}, {"type": "Feature", "properties": {"status": "existing", "bHeight": 193.0, "name": "Atlantis The Royal", "levels": "43"}, "geometry": {"type": "Polygon", "coordinates": [[[55.1259462, 25.1375893], [55.1260403, 25.1375121], [55.1261211, 25.1374458], [55.126139, 25.1374311], [55.1261803, 25.1374702], [55.1262133, 25.1375014], [55.1263272, 25.1376086], [55.1264476, 25.1377115], [55.1264734, 25.1377307], [55.1265121, 25.1377596], [55.1265673, 25.1378007], [55.1266803, 25.137873], [55.126821, 25.1379427], [55.1269607, 25.1380036], [55.1269911, 25.1380147], [55.1271181, 25.1380547], [55.1272116, 25.1380772], [55.1273064, 25.1380926], [55.1275287, 25.1381183], [55.1279838, 25.1381568], [55.1281285, 25.1381698], [55.1282792, 25.1381878], [55.1284287, 25.1382098], [55.1285532, 25.1382375], [55.1286669, 25.1382707], [55.1287754, 25.1383105], [55.1288764, 25.1383554], [55.1290041, 25.1384208], [55.129123, 25.1384958], [55.1292111, 25.1385553], [55.1293325, 25.1386436], [55.1294419, 25.138742], [55.1295237, 25.1388364], [55.1295951, 25.1389408], [55.1294011, 25.1390635], [55.1293851, 25.1390736], [55.1293177, 25.1389879], [55.1292352, 25.1389], [55.12912, 25.1387973], [55.1289956, 25.1387066], [55.1288723, 25.1386293], [55.1287673, 25.1385704], [55.1286317, 25.1385145], [55.1284784, 25.1384683], [55.1283614, 25.1384428], [55.1282408, 25.1384203], [55.128079, 25.1383965], [55.1279138, 25.1383789], [55.1274652, 25.1383367], [55.1273349, 25.1383253], [55.1272447, 25.1383155], [55.1271705, 25.1383049], [55.1271111, 25.1382947], [55.1270467, 25.1382799], [55.1269696, 25.1382594], [55.1269002, 25.1382368], [55.1267973, 25.1381959], [55.1266665, 25.1381344], [55.126551, 25.1380701], [55.1264211, 25.1379867], [55.1262972, 25.1378926], [55.1261991, 25.1378181], [55.1260941, 25.1377271], [55.1259462, 25.1375893]]]}}, {"type": "Feature", "properties": {"status": "existing", "bHeight": 140.6, "name": "Sky Bridge", "levels": "", "height_source": "osm_geom", "height_basis": "osm levels 43 (stated height implausible for the floor count) · 86% of this footprint"}, "geometry": {"type": "Polygon", "coordinates": [[[55.1269027, 25.1382078], [55.1268841, 25.1382495], [55.1269585, 25.1382757], [55.1270383, 25.1382995], [55.1271341, 25.1383194], [55.1272418, 25.1383341], [55.1273557, 25.1383479], [55.1274768, 25.1383592], [55.1277666, 25.1383828], [55.1279126, 25.1383947], [55.1280438, 25.1384092], [55.1281568, 25.1384236], [55.1282481, 25.1384393], [55.1283618, 25.1384616], [55.1284818, 25.1384856], [55.1284938, 25.1384501], [55.1285532, 25.1382651], [55.1285679, 25.138224], [55.1284389, 25.1381923], [55.1282813, 25.138169], [55.1279871, 25.1381373], [55.1275294, 25.1380993], [55.1273111, 25.138075], [55.1272154, 25.1380591], [55.1271237, 25.1380364], [55.126993, 25.1379952], [55.1269736, 25.1380392], [55.1269027, 25.1382078]]]}}, {"type": "Feature", "properties": {"status": "existing", "bHeight": 161.0, "name": "", "levels": "", "height_source": "osm_geom", "height_basis": "osm height · 30% of this footprint"}, "geometry": {"type": "Polygon", "coordinates": [[[55.1285532, 25.1382375], [55.1285613, 25.1382149], [55.1287256, 25.1382675], [55.1288886, 25.1383383], [55.1289066, 25.1383134], [55.1291537, 25.1384547], [55.1291367, 25.1384796], [55.1292275, 25.1385417], [55.1293558, 25.1386322], [55.1294629, 25.1387304], [55.129546, 25.1388291], [55.1296179, 25.1389353], [55.1296727, 25.1390221], [55.129421, 25.1391562], [55.1293669, 25.1390829], [55.1293036, 25.1390035], [55.1292199, 25.1389173], [55.1291019, 25.1388114], [55.1289647, 25.1387149], [55.1287531, 25.1385884], [55.1286234, 25.1385331], [55.1284705, 25.138489], [55.1284784, 25.1384683], [55.1284828, 25.1384545], [55.1285532, 25.1382375]]]}}, {"type": "Feature", "properties": {"status": "existing", "bHeight": 92.0, "name": "Sky Bridge", "levels": "", "height_source": "osm_geom", "height_basis": "osm height · 57% of this footprint"}, "geometry": {"type": "Polygon", "coordinates": [[[55.1282382, 25.1383938], [55.1282288, 25.1384477], [55.1280675, 25.1384261], [55.1278564, 25.1384022], [55.1278489, 25.138461], [55.1278222, 25.1386713], [55.1275265, 25.1386405], [55.1275516, 25.1384305], [55.127558, 25.1383769], [55.1274097, 25.1383649], [55.1272846, 25.1383539], [55.1271718, 25.1383391], [55.1271819, 25.1382837], [55.1272144, 25.138103], [55.1272409, 25.1379573], [55.1274117, 25.137984], [55.1275082, 25.1379945], [55.1275257, 25.1379962], [55.1276292, 25.1380061], [55.1279789, 25.1380387], [55.1279961, 25.1380401], [55.1281679, 25.1380594], [55.1282929, 25.1380732], [55.1282677, 25.1382147], [55.1282382, 25.1383938]]]}}, {"type": "Feature", "properties": {"status": "existing", "bHeight": 21.0, "name": "", "levels": ""}, "geometry": {"type": "Polygon", "coordinates": [[[55.1279961, 25.1380401], [55.1280142, 25.1379081], [55.1279963, 25.1379064], [55.1275412, 25.1378637], [55.1275243, 25.1378621], [55.1275082, 25.1379945], [55.1275257, 25.1379962], [55.1276292, 25.1380061], [55.1279789, 25.1380387], [55.1279961, 25.1380401]]]}}, {"type": "Feature", "properties": {"status": "existing", "bHeight": 21.0, "name": "", "levels": ""}, "geometry": {"type": "Polygon", "coordinates": [[[55.1278489, 25.138461], [55.1279397, 25.1384712], [55.1279073, 25.1387349], [55.1279041, 25.1387593], [55.1278724, 25.1387559], [55.1274519, 25.1387094], [55.1274208, 25.1387063], [55.1274237, 25.1386818], [55.1274544, 25.1384206], [55.1275516, 25.1384305], [55.1275265, 25.1386405], [55.1278222, 25.1386713], [55.1278489, 25.138461]]]}}, {"type": "Feature", "properties": {"status": "existing", "bHeight": 41.4, "name": "Adagio Premium The Palm", "levels": "12", "height_source": "osm_geom", "height_basis": "osm levels 12 · 100% of this footprint"}, "geometry": {"type": "Polygon", "coordinates": [[[55.1431061, 25.1083533], [55.1433012, 25.1086427], [55.1431034, 25.1087918], [55.1428434, 25.1086317], [55.1428709, 25.1085698], [55.1430223, 25.1086268], [55.1430449, 25.1086111], [55.1429358, 25.1084593], [55.1431061, 25.1083533]]]}}, {"type": "Feature", "properties": {"status": "existing", "bHeight": 12.0, "name": "", "levels": ""}, "geometry": {"type": "Polygon", "coordinates": [[[55.1116066, 25.1212932], [55.1118006, 25.1212909], [55.1118008, 25.1213049], [55.1118395, 25.1213045], [55.1118385, 25.1212375], [55.1118308, 25.1212376], [55.1118301, 25.1211908], [55.111816, 25.121191], [55.1118157, 25.1211683], [55.1116343, 25.1211704], [55.1116344, 25.1211829], [55.1115974, 25.1211833], [55.1115981, 25.1212357], [55.1116058, 25.1212356], [55.1116066, 25.1212932]]]}}, {"type": "Feature", "properties": {"status": "existing", "bHeight": 12.0, "name": "", "levels": ""}, "geometry": {"type": "Polygon", "coordinates": [[[55.1115555, 25.1211109], [55.1117575, 25.1211102], [55.1117573, 25.1210669], [55.1117872, 25.1210668], [55.111787, 25.1210232], [55.1117926, 25.1210231], [55.1117923, 25.120957], [55.1117568, 25.1209571], [55.1117569, 25.1209928], [55.1115672, 25.1209935], [55.1115675, 25.121059], [55.1115553, 25.121059], [55.1115555, 25.1211109]]]}}, {"type": "Feature", "properties": {"status": "existing", "bHeight": 12.0, "name": "", "levels": ""}, "geometry": {"type": "Polygon", "coordinates": [[[55.1114943, 25.1208291], [55.1115103, 25.1208735], [55.1115234, 25.1208697], [55.1115466, 25.1209341], [55.1117209, 25.1208826], [55.1117186, 25.1208762], [55.1117303, 25.1208727], [55.1117347, 25.1208848], [55.1117639, 25.1208762], [55.1117257, 25.1207703], [55.1117107, 25.1207747], [55.1117076, 25.120766], [55.1114943, 25.1208291]]]}}, {"type": "Feature", "properties": {"status": "existing", "bHeight": 12.0, "name": "", "levels": ""}, "geometry": {"type": "Polygon", "coordinates": [[[55.1114753, 25.1207799], [55.1114545, 25.1207293], [55.1114696, 25.1207242], [55.111444, 25.1206619], [55.1116281, 25.1205999], [55.1116197, 25.1205794], [55.1116481, 25.1205698], [55.1116726, 25.1206295], [55.1116668, 25.1206314], [55.1116786, 25.1206602], [55.1116514, 25.1206693], [55.1116699, 25.1207144], [55.1114753, 25.1207799]]]}}, {"type": "Feature", "properties": {"status": "existing", "bHeight": 12.0, "name": "", "levels": ""}, "geometry": {"type": "Polygon", "coordinates": [[[55.111311, 25.1204431], [55.1113197, 25.1204983], [55.111333, 25.1204965], [55.1113428, 25.1205584], [55.1115348, 25.1205337], [55.1115362, 25.1205427], [55.1115725, 25.120538], [55.1115545, 25.1204234], [55.1115265, 25.120427], [55.1115247, 25.1204156], [55.111311, 25.1204431]]]}}, {"type": "Feature", "properties": {"status": "existing", "bHeight": 12.0, "name": "", "levels": ""}, "geometry": {"type": "Polygon", "coordinates": [[[55.1112105, 25.1203018], [55.1114194, 25.1202719], [55.1114139, 25.1202407], [55.1114452, 25.1202362], [55.1114639, 25.1203439], [55.1114328, 25.1203483], [55.1114396, 25.1203871], [55.1112338, 25.1204164], [55.1112249, 25.1203656], [55.1112366, 25.120364], [55.1112329, 25.1203431], [55.1112181, 25.1203452], [55.1112105, 25.1203018]]]}}, {"type": "Feature", "properties": {"status": "existing", "bHeight": 12.0, "name": "", "levels": ""}, "geometry": {"type": "Polygon", "coordinates": [[[55.111309, 25.1196701], [55.1112952, 25.1195674], [55.1112534, 25.1195719], [55.1112517, 25.119558], [55.1110537, 25.1195797], [55.1110604, 25.1196299], [55.111074, 25.1196284], [55.1110828, 25.1196948], [55.111309, 25.1196701]]]}}, {"type": "Feature", "properties": {"status": "existing", "bHeight": 12.0, "name": "", "levels": ""}, "geometry": {"type": "Polygon", "coordinates": [[[55.1112653, 25.1195016], [55.1112806, 25.1195007], [55.1112778, 25.1194647], [55.1112995, 25.1194633], [55.1112911, 25.1193517], [55.11125, 25.1193542], [55.1112534, 25.1194003], [55.1110655, 25.119412], [55.1110708, 25.1194814], [55.1110628, 25.1194819], [55.1110661, 25.1195255], [55.1112662, 25.119513], [55.1112653, 25.1195016]]]}}, {"type": "Feature", "properties": {"status": "existing", "bHeight": 12.0, "name": "", "levels": ""}, "geometry": {"type": "Polygon", "coordinates": [[[55.1109974, 25.1192242], [55.1110181, 25.1192764], [55.1110308, 25.1192723], [55.1110559, 25.1193358], [55.1112405, 25.1192759], [55.111244, 25.1192849], [55.1112765, 25.1192743], [55.1112339, 25.1191668], [55.1112167, 25.1191724], [55.1112098, 25.1191552], [55.1109974, 25.1192242]]]}}, {"type": "Feature", "properties": {"status": "existing", "bHeight": 12.0, "name": "", "levels": ""}, "geometry": {"type": "Polygon", "coordinates": [[[55.1300377, 25.1157581], [55.1298974, 25.1155731], [55.1296876, 25.1157035], [55.1298608, 25.115932], [55.1299348, 25.115886], [55.1299019, 25.1158426], [55.1300377, 25.1157581]]]}}, {"type": "Feature", "properties": {"status": "existing", "bHeight": 12.0, "name": "", "levels": ""}, "geometry": {"type": "Polygon", "coordinates": [[[55.1313949, 25.1172872], [55.1312965, 25.1171806], [55.1311267, 25.1173092], [55.1312251, 25.1174158], [55.1313949, 25.1172872]]]}}, {"type": "Feature", "properties": {"status": "existing", "bHeight": 12.0, "name": "", "levels": ""}, "geometry": {"type": "Polygon", "coordinates": [[[55.1319514, 25.1181132], [55.1321368, 25.1179396], [55.1319961, 25.1178248], [55.1318356, 25.1179755], [55.1319011, 25.1180343], [55.1318803, 25.1180537], [55.1319514, 25.1181132]]]}}, {"type": "Feature", "properties": {"status": "existing", "bHeight": 12.0, "name": "", "levels": ""}, "geometry": {"type": "Polygon", "coordinates": [[[55.1316308, 25.1145601], [55.1315742, 25.1144312], [55.1317654, 25.1143624], [55.131822, 25.1144912], [55.1316308, 25.1145601]]]}}, {"type": "Feature", "properties": {"status": "existing", "bHeight": 12.0, "name": "", "levels": ""}, "geometry": {"type": "Polygon", "coordinates": [[[55.1317065, 25.114703], [55.1316499, 25.1145741], [55.1318411, 25.1145053], [55.1318977, 25.1146341], [55.1317065, 25.114703]]]}}, {"type": "Feature", "properties": {"status": "existing", "bHeight": 12.0, "name": "", "levels": ""}, "geometry": {"type": "Polygon", "coordinates": [[[55.1317853, 25.1148644], [55.1317229, 25.1147378], [55.1319108, 25.1146619], [55.1319732, 25.1147885], [55.1317853, 25.1148644]]]}}, {"type": "Feature", "properties": {"status": "existing", "bHeight": 12.0, "name": "", "levels": ""}, "geometry": {"type": "Polygon", "coordinates": [[[55.1318694, 25.1150228], [55.1318026, 25.114898], [55.1319877, 25.1148167], [55.1320546, 25.1149415], [55.1318694, 25.1150228]]]}}, {"type": "Feature", "properties": {"status": "existing", "bHeight": 12.0, "name": "", "levels": ""}, "geometry": {"type": "Polygon", "coordinates": [[[55.1319382, 25.1151764], [55.1318713, 25.1150517], [55.1320565, 25.1149704], [55.1321233, 25.1150951], [55.1319382, 25.1151764]]]}}, {"type": "Feature", "properties": {"status": "existing", "bHeight": 12.0, "name": "", "levels": ""}, "geometry": {"type": "Polygon", "coordinates": [[[55.1320103, 25.1153322], [55.1319435, 25.1152074], [55.1321286, 25.1151261], [55.1321955, 25.1152508], [55.1320103, 25.1153322]]]}}, {"type": "Feature", "properties": {"status": "existing", "bHeight": 12.0, "name": "", "levels": ""}, "geometry": {"type": "Polygon", "coordinates": [[[55.1320915, 25.1154713], [55.1320246, 25.1153465], [55.1322098, 25.1152652], [55.1322766, 25.11539], [55.1320915, 25.1154713]]]}}, {"type": "Feature", "properties": {"status": "existing", "bHeight": 12.0, "name": "", "levels": ""}, "geometry": {"type": "Polygon", "coordinates": [[[55.1321762, 25.1156296], [55.1321093, 25.1155049], [55.1322945, 25.1154236], [55.1323613, 25.1155483], [55.1321762, 25.1156296]]]}}, {"type": "Feature", "properties": {"status": "existing", "bHeight": 12.0, "name": "", "levels": ""}, "geometry": {"type": "Polygon", "coordinates": [[[55.1322506, 25.1157827], [55.1321837, 25.1156579], [55.1323689, 25.1155766], [55.1324357, 25.1157014], [55.1322506, 25.1157827]]]}}, {"type": "Feature", "properties": {"status": "existing", "bHeight": 12.0, "name": "", "levels": ""}, "geometry": {"type": "Polygon", "coordinates": [[[55.1323385, 25.1159193], [55.1322698, 25.1157954], [55.1324536, 25.1157117], [55.1325224, 25.1158356], [55.1323385, 25.1159193]]]}}, {"type": "Feature", "properties": {"status": "existing", "bHeight": 12.0, "name": "", "levels": ""}, "geometry": {"type": "Polygon", "coordinates": [[[55.1324115, 25.116084], [55.1323427, 25.1159601], [55.1325266, 25.1158765], [55.1325953, 25.1160004], [55.1324115, 25.116084]]]}}, {"type": "Feature", "properties": {"status": "existing", "bHeight": 12.0, "name": "", "levels": ""}, "geometry": {"type": "Polygon", "coordinates": [[[55.1325133, 25.1162232], [55.1324445, 25.1160993], [55.1326283, 25.1160157], [55.1326971, 25.1161396], [55.1325133, 25.1162232]]]}}, {"type": "Feature", "properties": {"status": "existing", "bHeight": 12.0, "name": "", "levels": ""}, "geometry": {"type": "Polygon", "coordinates": [[[55.1325938, 25.1163762], [55.1325238, 25.1162528], [55.1327068, 25.1161677], [55.1327768, 25.116291], [55.1325938, 25.1163762]]]}}, {"type": "Feature", "properties": {"status": "existing", "bHeight": 12.0, "name": "", "levels": ""}, "geometry": {"type": "Polygon", "coordinates": [[[55.1326762, 25.116533], [55.1326544, 25.1164954], [55.1326308, 25.1165066], [55.1325848, 25.1164273], [55.13279, 25.1163297], [55.1328525, 25.1164381], [55.1326762, 25.116533]]]}}, {"type": "Feature", "properties": {"status": "existing", "bHeight": 12.0, "name": "", "levels": ""}, "geometry": {"type": "Polygon", "coordinates": [[[55.1327558, 25.1166783], [55.1326818, 25.1165569], [55.1328618, 25.1164668], [55.1329359, 25.1165882], [55.1327558, 25.1166783]]]}}, {"type": "Feature", "properties": {"status": "existing", "bHeight": 12.0, "name": "", "levels": ""}, "geometry": {"type": "Polygon", "coordinates": [[[55.1328554, 25.1168356], [55.1327761, 25.1166827], [55.1329522, 25.1165981], [55.1330422, 25.116734], [55.1328554, 25.1168356]]]}}, {"type": "Feature", "properties": {"status": "existing", "bHeight": 12.0, "name": "", "levels": ""}, "geometry": {"type": "Polygon", "coordinates": [[[55.1315791, 25.1156686], [55.1315122, 25.1155438], [55.1317354, 25.1154458], [55.1318022, 25.1155706], [55.1315791, 25.1156686]]]}}, {"type": "Feature", "properties": {"status": "existing", "bHeight": 12.0, "name": "", "levels": ""}, "geometry": {"type": "Polygon", "coordinates": [[[55.1316602, 25.1158274], [55.1315933, 25.1157026], [55.1317785, 25.1156213], [55.1318453, 25.1157461], [55.1316602, 25.1158274]]]}}, {"type": "Feature", "properties": {"status": "existing", "bHeight": 12.0, "name": "", "levels": ""}, "geometry": {"type": "Polygon", "coordinates": [[[55.131753, 25.1159789], [55.1316861, 25.1158541], [55.1318713, 25.1157728], [55.1319381, 25.1158976], [55.131753, 25.1159789]]]}}, {"type": "Feature", "properties": {"status": "existing", "bHeight": 12.0, "name": "", "levels": ""}, "geometry": {"type": "Polygon", "coordinates": [[[55.1318316, 25.1161306], [55.1317626, 25.1160067], [55.1319464, 25.1159228], [55.1320153, 25.1160467], [55.1318316, 25.1161306]]]}}, {"type": "Feature", "properties": {"status": "existing", "bHeight": 12.0, "name": "", "levels": ""}, "geometry": {"type": "Polygon", "coordinates": [[[55.1319278, 25.1162743], [55.131857, 25.1161513], [55.1320395, 25.1160652], [55.1321102, 25.1161883], [55.1319278, 25.1162743]]]}}, {"type": "Feature", "properties": {"status": "existing", "bHeight": 12.0, "name": "", "levels": ""}, "geometry": {"type": "Polygon", "coordinates": [[[55.1320022, 25.1164316], [55.1319314, 25.1163086], [55.132114, 25.1162226], [55.1321847, 25.1163456], [55.1320022, 25.1164316]]]}}, {"type": "Feature", "properties": {"status": "existing", "bHeight": 12.0, "name": "", "levels": ""}, "geometry": {"type": "Polygon", "coordinates": [[[55.1320885, 25.1165732], [55.1320124, 25.1164528], [55.132191, 25.1163602], [55.1322671, 25.1164806], [55.1320885, 25.1165732]]]}}, {"type": "Feature", "properties": {"status": "existing", "bHeight": 12.0, "name": "", "levels": ""}, "geometry": {"type": "Polygon", "coordinates": [[[55.1321669, 25.1167157], [55.1320961, 25.1165927], [55.1323014, 25.1164959], [55.1323721, 25.1166189], [55.1321669, 25.1167157]]]}}, {"type": "Feature", "properties": {"status": "existing", "bHeight": 12.0, "name": "", "levels": ""}, "geometry": {"type": "Polygon", "coordinates": [[[55.1322548, 25.1168635], [55.132184, 25.1167405], [55.1323966, 25.1166402], [55.1324674, 25.1167633], [55.1322548, 25.1168635]]]}}, {"type": "Feature", "properties": {"status": "existing", "bHeight": 12.0, "name": "", "levels": ""}, "geometry": {"type": "Polygon", "coordinates": [[[55.132344, 25.1170146], [55.1322665, 25.1169001], [55.1324893, 25.116787], [55.1325694, 25.116916], [55.132344, 25.1170146]]]}}, {"type": "Feature", "properties": {"status": "existing", "bHeight": 12.0, "name": "", "levels": ""}, "geometry": {"type": "Polygon", "coordinates": [[[55.1324455, 25.1171577], [55.1323709, 25.1170365], [55.1325506, 25.1169458], [55.1326252, 25.117067], [55.1324455, 25.1171577]]]}}, {"type": "Feature", "properties": {"status": "existing", "bHeight": 12.0, "name": "", "levels": ""}, "geometry": {"type": "Polygon", "coordinates": [[[55.1325387, 25.1173066], [55.132464, 25.1171854], [55.1326438, 25.1170947], [55.1327184, 25.1172159], [55.1325387, 25.1173066]]]}}, {"type": "Feature", "properties": {"status": "existing", "bHeight": 12.0, "name": "", "levels": ""}, "geometry": {"type": "Polygon", "coordinates": [[[55.1309017, 25.1126678], [55.1308557, 25.1125371], [55.1310548, 25.1124796], [55.1311008, 25.1126103], [55.1309017, 25.1126678]]]}}, {"type": "Feature", "properties": {"status": "existing", "bHeight": 12.0, "name": "", "levels": ""}, "geometry": {"type": "Polygon", "coordinates": [[[55.1308506, 25.112487], [55.1308046, 25.1123563], [55.1310037, 25.1122988], [55.1310497, 25.1124295], [55.1308506, 25.112487]]]}}, {"type": "Feature", "properties": {"status": "existing", "bHeight": 12.0, "name": "", "levels": ""}, "geometry": {"type": "Polygon", "coordinates": [[[55.1307866, 25.1123372], [55.130745, 25.1122053], [55.1309459, 25.1121532], [55.1309876, 25.1122851], [55.1307866, 25.1123372]]]}}, {"type": "Feature", "properties": {"status": "existing", "bHeight": 12.0, "name": "", "levels": ""}, "geometry": {"type": "Polygon", "coordinates": [[[55.1307368, 25.1121866], [55.1306894, 25.1120369], [55.1309, 25.1119824], [55.1309472, 25.1121321], [55.1307368, 25.1121866]]]}}, {"type": "Feature", "properties": {"status": "existing", "bHeight": 12.0, "name": "", "levels": ""}, "geometry": {"type": "Polygon", "coordinates": [[[55.1306917, 25.1120268], [55.1306427, 25.1118717], [55.1308436, 25.1118197], [55.1308926, 25.1119748], [55.1306917, 25.1120268]]]}}, {"type": "Feature", "properties": {"status": "existing", "bHeight": 12.0, "name": "", "levels": ""}, "geometry": {"type": "Polygon", "coordinates": [[[55.1306317, 25.111855], [55.1305867, 25.1117127], [55.1308193, 25.1116524], [55.1308643, 25.1117947], [55.1306317, 25.111855]]]}}, {"type": "Feature", "properties": {"status": "existing", "bHeight": 12.0, "name": "", "levels": ""}, "geometry": {"type": "Polygon", "coordinates": [[[55.1305723, 25.111695], [55.1305448, 25.1115971], [55.1306021, 25.1115839], [55.1305922, 25.1115488], [55.1307482, 25.1115129], [55.1307856, 25.1116458], [55.1305723, 25.111695]]]}}, {"type": "Feature", "properties": {"status": "existing", "bHeight": 12.0, "name": "", "levels": ""}, "geometry": {"type": "Polygon", "coordinates": [[[55.1305471, 25.1115289], [55.1305097, 25.111396], [55.1307122, 25.1113493], [55.1307496, 25.1114822], [55.1305471, 25.1115289]]]}}, {"type": "Feature", "properties": {"status": "existing", "bHeight": 12.0, "name": "", "levels": ""}, "geometry": {"type": "Polygon", "coordinates": [[[55.1305001, 25.1113698], [55.1304627, 25.1112368], [55.1306652, 25.1111901], [55.1307026, 25.1113231], [55.1305001, 25.1113698]]]}}, {"type": "Feature", "properties": {"status": "existing", "bHeight": 12.0, "name": "", "levels": ""}, "geometry": {"type": "Polygon", "coordinates": [[[55.1304604, 25.1112114], [55.130423, 25.1110784], [55.1306256, 25.1110317], [55.1306629, 25.1111646], [55.1304604, 25.1112114]]]}}, {"type": "Feature", "properties": {"status": "existing", "bHeight": 12.0, "name": "", "levels": ""}, "geometry": {"type": "Polygon", "coordinates": [[[55.1304254, 25.1110539], [55.1303828, 25.1109027], [55.1304505, 25.1108871], [55.1304573, 25.1109115], [55.130591, 25.1108806], [55.1306268, 25.1110074], [55.1304254, 25.1110539]]]}}, {"type": "Feature", "properties": {"status": "existing", "bHeight": 12.0, "name": "", "levels": ""}, "geometry": {"type": "Polygon", "coordinates": [[[55.1305218, 25.1132436], [55.1304705, 25.1131145], [55.1306671, 25.1130504], [55.1307184, 25.1131794], [55.1305218, 25.1132436]]]}}, {"type": "Feature", "properties": {"status": "existing", "bHeight": 12.0, "name": "", "levels": ""}, "geometry": {"type": "Polygon", "coordinates": [[[55.1304603, 25.1130954], [55.1304842, 25.1130883], [55.1304577, 25.1130157], [55.1304339, 25.1130228], [55.1304143, 25.1129647], [55.1306134, 25.1129072], [55.1306594, 25.1130379], [55.1304603, 25.1130954]]]}}, {"type": "Feature", "properties": {"status": "existing", "bHeight": 12.0, "name": "", "levels": ""}, "geometry": {"type": "Polygon", "coordinates": [[[55.1304083, 25.1129187], [55.130384, 25.1128497], [55.130375, 25.1128523], [55.1303533, 25.1127906], [55.1305524, 25.1127331], [55.1305984, 25.1128638], [55.1304083, 25.1129187]]]}}, {"type": "Feature", "properties": {"status": "existing", "bHeight": 12.0, "name": "", "levels": ""}, "geometry": {"type": "Polygon", "coordinates": [[[55.1303592, 25.1127603], [55.1303344, 25.1126899], [55.1303248, 25.1126927], [55.1303036, 25.1126324], [55.1305027, 25.1125749], [55.1305487, 25.1127056], [55.1303592, 25.1127603]]]}}, {"type": "Feature", "properties": {"status": "existing", "bHeight": 12.0, "name": "", "levels": ""}, "geometry": {"type": "Polygon", "coordinates": [[[55.1303092, 25.1125936], [55.1302863, 25.1125306], [55.1302716, 25.1125347], [55.1302504, 25.1124664], [55.1304503, 25.1124112], [55.1304944, 25.1125425], [55.1303092, 25.1125936]]]}}, {"type": "Feature", "properties": {"status": "existing", "bHeight": 12.0, "name": "", "levels": ""}, "geometry": {"type": "Polygon", "coordinates": [[[55.1302689, 25.1124298], [55.1302229, 25.1122991], [55.130422, 25.1122416], [55.130468, 25.1123723], [55.1302689, 25.1124298]]]}}, {"type": "Feature", "properties": {"status": "existing", "bHeight": 12.0, "name": "", "levels": ""}, "geometry": {"type": "Polygon", "coordinates": [[[55.1301891, 25.112273], [55.1301509, 25.1121402], [55.130353, 25.1120924], [55.1303913, 25.1122251], [55.1301891, 25.112273]]]}}, {"type": "Feature", "properties": {"status": "existing", "bHeight": 12.0, "name": "", "levels": ""}, "geometry": {"type": "Polygon", "coordinates": [[[55.1301309, 25.1121122], [55.1300936, 25.1119792], [55.1302962, 25.1119326], [55.1303335, 25.1120656], [55.1301309, 25.1121122]]]}}, {"type": "Feature", "properties": {"status": "existing", "bHeight": 12.0, "name": "", "levels": ""}, "geometry": {"type": "Polygon", "coordinates": [[[55.1303845, 25.110888], [55.1303641, 25.1107545], [55.1305525, 25.1107107], [55.1305877, 25.1108441], [55.1303845, 25.110888]]]}}, {"type": "Feature", "properties": {"status": "existing", "bHeight": 12.0, "name": "", "levels": ""}, "geometry": {"type": "Polygon", "coordinates": [[[55.1303361, 25.110721], [55.1303005, 25.1105752], [55.1303829, 25.1105588], [55.1303855, 25.1105696], [55.1305008, 25.1105465], [55.1305337, 25.1106815], [55.1303361, 25.110721]]]}}, {"type": "Feature", "properties": {"status": "existing", "bHeight": 12.0, "name": "", "levels": ""}, "geometry": {"type": "Polygon", "coordinates": [[[55.1302456, 25.110566], [55.1302291, 25.1104892], [55.1302857, 25.1104793], [55.130268, 25.1103968], [55.1303629, 25.1103801], [55.1303682, 25.1104048], [55.1304828, 25.1103846], [55.1305117, 25.1105192], [55.1302456, 25.110566]]]}}, {"type": "Feature", "properties": {"status": "existing", "bHeight": 12.0, "name": "", "levels": ""}, "geometry": {"type": "Polygon", "coordinates": [[[55.1302683, 25.1103458], [55.1302396, 25.1102111], [55.1304448, 25.1101753], [55.1304735, 25.11031], [55.1302683, 25.1103458]]]}}, {"type": "Feature", "properties": {"status": "existing", "bHeight": 12.0, "name": "", "levels": ""}, "geometry": {"type": "Polygon", "coordinates": [[[55.1302319, 25.1101821], [55.1302004, 25.1100337], [55.1304118, 25.1099968], [55.1304435, 25.1101451], [55.1302319, 25.1101821]]]}}, {"type": "Feature", "properties": {"status": "existing", "bHeight": 12.0, "name": "", "levels": ""}, "geometry": {"type": "Polygon", "coordinates": [[[55.1301942, 25.1100176], [55.1301607, 25.1098605], [55.1303725, 25.1098237], [55.130406, 25.1099805], [55.1301942, 25.1100176]]]}}, {"type": "Feature", "properties": {"status": "existing", "bHeight": 12.0, "name": "", "levels": ""}, "geometry": {"type": "Polygon", "coordinates": [[[55.1301428, 25.1098459], [55.1301287, 25.1097645], [55.1301614, 25.1097598], [55.130152, 25.1097057], [55.1303497, 25.1096777], [55.1303731, 25.1098132], [55.1301428, 25.1098459]]]}}, {"type": "Feature", "properties": {"status": "existing", "bHeight": 12.0, "name": "", "levels": ""}, "geometry": {"type": "Polygon", "coordinates": [[[55.1301123, 25.1096818], [55.1301009, 25.1096106], [55.130134, 25.1096062], [55.1301237, 25.1095417], [55.1303218, 25.1095158], [55.1303435, 25.1096515], [55.1301123, 25.1096818]]]}}, {"type": "Feature", "properties": {"status": "existing", "bHeight": 12.0, "name": "", "levels": ""}, "geometry": {"type": "Polygon", "coordinates": [[[55.1301024, 25.1095063], [55.1300837, 25.1093701], [55.1302911, 25.1093469], [55.1303098, 25.109483], [55.1301024, 25.1095063]]]}}, {"type": "Feature", "properties": {"status": "existing", "bHeight": 12.0, "name": "", "levels": ""}, "geometry": {"type": "Polygon", "coordinates": [[[55.1300737, 25.1093475], [55.130055, 25.1092113], [55.1302624, 25.1091881], [55.1302811, 25.1093242], [55.1300737, 25.1093475]]]}}, {"type": "Feature", "properties": {"status": "existing", "bHeight": 12.0, "name": "", "levels": ""}, "geometry": {"type": "Polygon", "coordinates": [[[55.1300448, 25.10919], [55.1300261, 25.1090538], [55.1302335, 25.1090305], [55.1302522, 25.1091666], [55.1300448, 25.10919]]]}}, {"type": "Feature", "properties": {"status": "existing", "bHeight": 12.0, "name": "", "levels": ""}, "geometry": {"type": "Polygon", "coordinates": [[[55.1300371, 25.1090119], [55.1300184, 25.1088757], [55.1302258, 25.1088525], [55.1302445, 25.1089886], [55.1300371, 25.1090119]]]}}, {"type": "Feature", "properties": {"status": "existing", "bHeight": 12.0, "name": "", "levels": ""}, "geometry": {"type": "Polygon", "coordinates": [[[55.1300035, 25.1088536], [55.1299848, 25.1087174], [55.1301921, 25.1086941], [55.1302108, 25.1088302], [55.1300035, 25.1088536]]]}}, {"type": "Feature", "properties": {"status": "existing", "bHeight": 12.0, "name": "", "levels": ""}, "geometry": {"type": "Polygon", "coordinates": [[[55.1299815, 25.1086814], [55.1299697, 25.1085362], [55.1301776, 25.1085183], [55.1301948, 25.1086683], [55.1299815, 25.1086814]]]}}, {"type": "Feature", "properties": {"status": "existing", "bHeight": 12.0, "name": "", "levels": ""}, "geometry": {"type": "Polygon", "coordinates": [[[55.1299735, 25.1085143], [55.129959, 25.1083777], [55.1301669, 25.1083598], [55.1301814, 25.1084963], [55.1299735, 25.1085143]]]}}, {"type": "Feature", "properties": {"status": "existing", "bHeight": 12.0, "name": "", "levels": ""}, "geometry": {"type": "Polygon", "coordinates": [[[55.1299704, 25.1083542], [55.129956, 25.1082176], [55.1301639, 25.1081997], [55.1301784, 25.1083362], [55.1299704, 25.1083542]]]}}, {"type": "Feature", "properties": {"status": "existing", "bHeight": 12.0, "name": "", "levels": ""}, "geometry": {"type": "Polygon", "coordinates": [[[55.1299159, 25.1081877], [55.1299072, 25.1081061], [55.1299399, 25.1081032], [55.1299341, 25.1080482], [55.1301317, 25.1080312], [55.1301461, 25.1081678], [55.1299159, 25.1081877]]]}}, {"type": "Feature", "properties": {"status": "existing", "bHeight": 12.0, "name": "", "levels": ""}, "geometry": {"type": "Polygon", "coordinates": [[[55.1298881, 25.1079702], [55.1298788, 25.107818], [55.1301284, 25.1078057], [55.1301377, 25.1079579], [55.1298881, 25.1079702]]]}}, {"type": "Feature", "properties": {"status": "existing", "bHeight": 12.0, "name": "", "levels": ""}, "geometry": {"type": "Polygon", "coordinates": [[[55.1299202, 25.1078033], [55.1299119, 25.1076662], [55.1301205, 25.107656], [55.1301288, 25.1077929], [55.1299202, 25.1078033]]]}}, {"type": "Feature", "properties": {"status": "existing", "bHeight": 12.0, "name": "", "levels": ""}, "geometry": {"type": "Polygon", "coordinates": [[[55.1298907, 25.1076433], [55.129881, 25.1074843], [55.1300896, 25.1074741], [55.1300993, 25.1076329], [55.1298907, 25.1076433]]]}}, {"type": "Feature", "properties": {"status": "existing", "bHeight": 12.0, "name": "", "levels": ""}, "geometry": {"type": "Polygon", "coordinates": [[[55.129878, 25.107463], [55.1298697, 25.1073259], [55.1300782, 25.1073157], [55.1300866, 25.1074526], [55.129878, 25.107463]]]}}, {"type": "Feature", "properties": {"status": "existing", "bHeight": 12.0, "name": "", "levels": ""}, "geometry": {"type": "Polygon", "coordinates": [[[55.1298813, 25.1073061], [55.1298724, 25.1071578], [55.130081, 25.1071476], [55.1300899, 25.1072957], [55.1298813, 25.1073061]]]}}, {"type": "Feature", "properties": {"status": "existing", "bHeight": 12.0, "name": "", "levels": ""}, "geometry": {"type": "Polygon", "coordinates": [[[55.1298655, 25.1071381], [55.1298592, 25.1069903], [55.1300679, 25.106983], [55.1300743, 25.1071307], [55.1298655, 25.1071381]]]}}, {"type": "Feature", "properties": {"status": "existing", "bHeight": 12.0, "name": "", "levels": ""}, "geometry": {"type": "Polygon", "coordinates": [[[55.1298657, 25.1069737], [55.1298567, 25.1068187], [55.1300653, 25.1068089], [55.1300743, 25.1069638], [55.1298657, 25.1069737]]]}}, {"type": "Feature", "properties": {"status": "existing", "bHeight": 12.0, "name": "", "levels": ""}, "geometry": {"type": "Polygon", "coordinates": [[[55.1298611, 25.1067908], [55.1298531, 25.1066538], [55.1300617, 25.1066439], [55.1300697, 25.1067809], [55.1298611, 25.1067908]]]}}, {"type": "Feature", "properties": {"status": "existing", "bHeight": 12.0, "name": "", "levels": ""}, "geometry": {"type": "Polygon", "coordinates": [[[55.1298488, 25.1066377], [55.1298468, 25.1064957], [55.1300556, 25.1064917], [55.1300589, 25.1066288], [55.1298488, 25.1066377]]]}}, {"type": "Feature", "properties": {"status": "existing", "bHeight": 12.0, "name": "", "levels": ""}, "geometry": {"type": "Polygon", "coordinates": [[[55.1298546, 25.1064602], [55.1298525, 25.106323], [55.1300613, 25.1063205], [55.1300634, 25.1064577], [55.1298546, 25.1064602]]]}}, {"type": "Feature", "properties": {"status": "existing", "bHeight": 12.0, "name": "", "levels": ""}, "geometry": {"type": "Polygon", "coordinates": [[[55.1298619, 25.1062929], [55.1298642, 25.1061557], [55.1300731, 25.1061587], [55.1300708, 25.1062958], [55.1298619, 25.1062929]]]}}, {"type": "Feature", "properties": {"status": "existing", "bHeight": 12.0, "name": "", "levels": ""}, "geometry": {"type": "Polygon", "coordinates": [[[55.1298485, 25.1061233], [55.1298508, 25.1059861], [55.1300597, 25.1059891], [55.1300574, 25.1061262], [55.1298485, 25.1061233]]]}}, {"type": "Feature", "properties": {"status": "existing", "bHeight": 12.0, "name": "", "levels": ""}, "geometry": {"type": "Polygon", "coordinates": [[[55.1298468, 25.1059516], [55.1298491, 25.1058144], [55.130058, 25.1058174], [55.1300557, 25.1059545], [55.1298468, 25.1059516]]]}}, {"type": "Feature", "properties": {"status": "existing", "bHeight": 12.0, "name": "", "levels": ""}, "geometry": {"type": "Polygon", "coordinates": [[[55.1298516, 25.1057887], [55.1298539, 25.1056515], [55.1300627, 25.1056545], [55.1300605, 25.1057916], [55.1298516, 25.1057887]]]}}, {"type": "Feature", "properties": {"status": "existing", "bHeight": 12.0, "name": "", "levels": ""}, "geometry": {"type": "Polygon", "coordinates": [[[55.1298669, 25.1056197], [55.1298692, 25.1054824], [55.1300781, 25.1054854], [55.1300758, 25.1056225], [55.1298669, 25.1056197]]]}}, {"type": "Feature", "properties": {"status": "existing", "bHeight": 12.0, "name": "", "levels": ""}, "geometry": {"type": "Polygon", "coordinates": [[[55.1298664, 25.1054596], [55.129871, 25.1053224], [55.1300798, 25.1053283], [55.1300752, 25.1054654], [55.1298664, 25.1054596]]]}}, {"type": "Feature", "properties": {"status": "existing", "bHeight": 12.0, "name": "", "levels": ""}, "geometry": {"type": "Polygon", "coordinates": [[[55.1293177, 25.1054864], [55.12932, 25.1053491], [55.1295289, 25.1053521], [55.1295266, 25.1054892], [55.1293177, 25.1054864]]]}}, {"type": "Feature", "properties": {"status": "existing", "bHeight": 12.0, "name": "", "levels": ""}, "geometry": {"type": "Polygon", "coordinates": [[[55.129315, 25.1056518], [55.1293173, 25.1055145], [55.1295262, 25.1055175], [55.1295239, 25.1056546], [55.129315, 25.1056518]]]}}, {"type": "Feature", "properties": {"status": "existing", "bHeight": 12.0, "name": "", "levels": ""}, "geometry": {"type": "Polygon", "coordinates": [[[55.1293171, 25.1058148], [55.1293194, 25.1056775], [55.1295283, 25.1056805], [55.129526, 25.1058176], [55.1293171, 25.1058148]]]}}, {"type": "Feature", "properties": {"status": "existing", "bHeight": 12.0, "name": "", "levels": ""}, "geometry": {"type": "Polygon", "coordinates": [[[55.129317, 25.1059777], [55.1293193, 25.1058404], [55.1295282, 25.1058434], [55.1295259, 25.1059805], [55.129317, 25.1059777]]]}}, {"type": "Feature", "properties": {"status": "existing", "bHeight": 12.0, "name": "", "levels": ""}, "geometry": {"type": "Polygon", "coordinates": [[[55.1293094, 25.1061535], [55.1293117, 25.1060162], [55.1295206, 25.1060192], [55.1295183, 25.1061563], [55.1293094, 25.1061535]]]}}, {"type": "Feature", "properties": {"status": "existing", "bHeight": 12.0, "name": "", "levels": ""}, "geometry": {"type": "Polygon", "coordinates": [[[55.1293039, 25.1063194], [55.1293062, 25.1061821], [55.1295151, 25.1061851], [55.1295128, 25.1063222], [55.1293039, 25.1063194]]]}}, {"type": "Feature", "properties": {"status": "existing", "bHeight": 12.0, "name": "", "levels": ""}, "geometry": {"type": "Polygon", "coordinates": [[[55.1293097, 25.1064978], [55.1293071, 25.1063498], [55.1295505, 25.1063464], [55.1295498, 25.1064174], [55.1295152, 25.1064179], [55.1295186, 25.1064947], [55.1293097, 25.1064978]]]}}, {"type": "Feature", "properties": {"status": "existing", "bHeight": 12.0, "name": "", "levels": ""}, "geometry": {"type": "Polygon", "coordinates": [[[55.1293241, 25.1066608], [55.1293039, 25.1066611], [55.1293015, 25.1065238], [55.1295509, 25.1065203], [55.1295514, 25.1065843], [55.1295095, 25.1065848], [55.1295113, 25.106658], [55.1293241, 25.1066608]]]}}, {"type": "Feature", "properties": {"status": "existing", "bHeight": 12.0, "name": "", "levels": ""}, "geometry": {"type": "Polygon", "coordinates": [[[55.1293005, 25.1068904], [55.129298, 25.1067531], [55.1295069, 25.1067502], [55.1295093, 25.1068873], [55.1293005, 25.1068904]]]}}, {"type": "Feature", "properties": {"status": "existing", "bHeight": 12.0, "name": "", "levels": ""}, "geometry": {"type": "Polygon", "coordinates": [[[55.1293239, 25.1070506], [55.1293054, 25.1069218], [55.1295304, 25.1069104], [55.1295328, 25.1070475], [55.1293239, 25.1070506]]]}}, {"type": "Feature", "properties": {"status": "existing", "bHeight": 12.0, "name": "", "levels": ""}, "geometry": {"type": "Polygon", "coordinates": [[[55.1295283, 25.1093073], [55.1295087, 25.1091712], [55.1297359, 25.1091446], [55.1297555, 25.1092806], [55.1295283, 25.1093073]]]}}, {"type": "Feature", "properties": {"status": "existing", "bHeight": 12.0, "name": "", "levels": ""}, "geometry": {"type": "Polygon", "coordinates": [[[55.1295443, 25.1094773], [55.1295247, 25.1093411], [55.1297319, 25.1093168], [55.1297515, 25.1094528], [55.1295443, 25.1094773]]]}}, {"type": "Feature", "properties": {"status": "existing", "bHeight": 12.0, "name": "", "levels": ""}, "geometry": {"type": "Polygon", "coordinates": [[[55.1295567, 25.1096544], [55.1295372, 25.1095182], [55.1297444, 25.1094939], [55.1297639, 25.1096299], [55.1295567, 25.1096544]]]}}, {"type": "Feature", "properties": {"status": "existing", "bHeight": 12.0, "name": "", "levels": ""}, "geometry": {"type": "Polygon", "coordinates": [[[55.1295934, 25.1098126], [55.1295684, 25.1096772], [55.1297745, 25.1096461], [55.1297995, 25.1097813], [55.1295934, 25.1098126]]]}}, {"type": "Feature", "properties": {"status": "existing", "bHeight": 12.0, "name": "", "levels": ""}, "geometry": {"type": "Polygon", "coordinates": [[[55.1296268, 25.1099731], [55.1296018, 25.1098377], [55.1298079, 25.1098066], [55.1298329, 25.1099418], [55.1296268, 25.1099731]]]}}, {"type": "Feature", "properties": {"status": "existing", "bHeight": 12.0, "name": "", "levels": ""}, "geometry": {"type": "Polygon", "coordinates": [[[55.1296585, 25.1101446], [55.1296335, 25.1100092], [55.1298396, 25.1099781], [55.1298646, 25.1101133], [55.1296585, 25.1101446]]]}}, {"type": "Feature", "properties": {"status": "existing", "bHeight": 12.0, "name": "", "levels": ""}, "geometry": {"type": "Polygon", "coordinates": [[[55.1297258, 25.1104214], [55.1296941, 25.1102871], [55.1299289, 25.1102418], [55.1299606, 25.1103759], [55.1297258, 25.1104214]]]}}, {"type": "Feature", "properties": {"status": "existing", "bHeight": 12.0, "name": "", "levels": ""}, "geometry": {"type": "Polygon", "coordinates": [[[55.1297916, 25.110764], [55.1297598, 25.1106297], [55.1297903, 25.1106238], [55.1299947, 25.1105844], [55.1300263, 25.1107185], [55.1297916, 25.110764]]]}}, {"type": "Feature", "properties": {"status": "existing", "bHeight": 12.0, "name": "", "levels": ""}, "geometry": {"type": "Polygon", "coordinates": [[[55.129753, 25.1105863], [55.1297213, 25.1104519], [55.1299599, 25.1104059], [55.1299916, 25.11054], [55.129753, 25.1105863]]]}}, {"type": "Feature", "properties": {"status": "existing", "bHeight": 12.0, "name": "", "levels": ""}, "geometry": {"type": "Polygon", "coordinates": [[[55.1298449, 25.1109287], [55.1298265, 25.1109323], [55.1297947, 25.110798], [55.1300175, 25.110755], [55.1300491, 25.1108891], [55.1298449, 25.1109287]]]}}, {"type": "Feature", "properties": {"status": "existing", "bHeight": 12.0, "name": "", "levels": ""}, "geometry": {"type": "Polygon", "coordinates": [[[55.1298432, 25.1102185], [55.1298302, 25.1101496], [55.1299629, 25.1101291], [55.1299759, 25.110198], [55.1298432, 25.1102185]]]}}, {"type": "Feature", "properties": {"status": "existing", "bHeight": 12.0, "name": "", "levels": ""}, "geometry": {"type": "Polygon", "coordinates": [[[55.1310829, 25.1131869], [55.1310347, 25.1130567], [55.1312328, 25.1129968], [55.1312809, 25.1131268], [55.1310829, 25.1131869]]]}}, {"type": "Feature", "properties": {"status": "existing", "bHeight": 12.0, "name": "", "levels": ""}, "geometry": {"type": "Polygon", "coordinates": [[[55.1311383, 25.1133402], [55.1310901, 25.11321], [55.1312882, 25.11315], [55.1313363, 25.11328], [55.1311383, 25.1133402]]]}}, {"type": "Feature", "properties": {"status": "existing", "bHeight": 12.0, "name": "", "levels": ""}, "geometry": {"type": "Polygon", "coordinates": [[[55.1312053, 25.1135065], [55.1311571, 25.1133763], [55.1313552, 25.1133163], [55.1314033, 25.1134463], [55.1312053, 25.1135065]]]}}, {"type": "Feature", "properties": {"status": "existing", "bHeight": 12.0, "name": "", "levels": ""}, "geometry": {"type": "Polygon", "coordinates": [[[55.1312506, 25.1136592], [55.1312024, 25.113529], [55.1314005, 25.1134691], [55.1314487, 25.1135991], [55.1312506, 25.1136592]]]}}, {"type": "Feature", "properties": {"status": "existing", "bHeight": 12.0, "name": "", "levels": ""}, "geometry": {"type": "Polygon", "coordinates": [[[55.131312, 25.1138274], [55.1312629, 25.1136975], [55.1314607, 25.1136364], [55.1315096, 25.1137661], [55.131312, 25.1138274]]]}}, {"type": "Feature", "properties": {"status": "existing", "bHeight": 12.0, "name": "", "levels": ""}, "geometry": {"type": "Polygon", "coordinates": [[[55.1313811, 25.1139808], [55.131332, 25.1138509], [55.1315298, 25.1137898], [55.1315788, 25.1139196], [55.1313811, 25.1139808]]]}}, {"type": "Feature", "properties": {"status": "existing", "bHeight": 12.0, "name": "", "levels": ""}, "geometry": {"type": "Polygon", "coordinates": [[[55.1314768, 25.1140666], [55.1314512, 25.114003], [55.13154, 25.1139738], [55.1315656, 25.1140373], [55.1314768, 25.1140666]]]}}, {"type": "Feature", "properties": {"status": "existing", "bHeight": 12.0, "name": "", "levels": ""}, "geometry": {"type": "Polygon", "coordinates": [[[55.1307197, 25.1137603], [55.1306707, 25.1136303], [55.1308684, 25.1135693], [55.1309174, 25.113699], [55.1307197, 25.1137603]]]}}, {"type": "Feature", "properties": {"status": "existing", "bHeight": 12.0, "name": "", "levels": ""}, "geometry": {"type": "Polygon", "coordinates": [[[55.1307868, 25.1139099], [55.1307317, 25.1137819], [55.1309265, 25.1137134], [55.1309814, 25.1138412], [55.1307868, 25.1139099]]]}}, {"type": "Feature", "properties": {"status": "existing", "bHeight": 12.0, "name": "", "levels": ""}, "geometry": {"type": "Polygon", "coordinates": [[[55.1308361, 25.1140732], [55.1307794, 25.1139459], [55.1309733, 25.1138753], [55.1310298, 25.1140025], [55.1308361, 25.1140732]]]}}, {"type": "Feature", "properties": {"status": "existing", "bHeight": 12.0, "name": "", "levels": ""}, "geometry": {"type": "Polygon", "coordinates": [[[55.130914, 25.1142249], [55.1308574, 25.1140976], [55.1310512, 25.114027], [55.1311078, 25.1141542], [55.130914, 25.1142249]]]}}, {"type": "Feature", "properties": {"status": "existing", "bHeight": 12.0, "name": "", "levels": ""}, "geometry": {"type": "Polygon", "coordinates": [[[55.1310473, 25.1145474], [55.1309907, 25.1144201], [55.1312145, 25.1143385], [55.1312711, 25.1144657], [55.1310473, 25.1145474]]]}}, {"type": "Feature", "properties": {"status": "existing", "bHeight": 12.0, "name": "", "levels": ""}, "geometry": {"type": "Polygon", "coordinates": [[[55.1309745, 25.1143948], [55.1309178, 25.1142675], [55.1311117, 25.1141969], [55.1311682, 25.1143241], [55.1309745, 25.1143948]]]}}, {"type": "Feature", "properties": {"status": "existing", "bHeight": 12.0, "name": "", "levels": ""}, "geometry": {"type": "Polygon", "coordinates": [[[55.1312283, 25.1148509], [55.1311958, 25.1147753], [55.1312122, 25.1147696], [55.1311855, 25.1147073], [55.1311691, 25.1147131], [55.1311207, 25.1146001], [55.1313418, 25.1145223], [55.1313689, 25.1145855], [55.131301, 25.1146093], [55.1313521, 25.1147285], [55.1314086, 25.1147086], [55.1314135, 25.1147199], [55.1314381, 25.1147771], [55.1312283, 25.1148509]]]}}, {"type": "Feature", "properties": {"status": "existing", "bHeight": 12.0, "name": "", "levels": ""}, "geometry": {"type": "Polygon", "coordinates": [[[55.1312631, 25.1150201], [55.1312016, 25.1148945], [55.1313927, 25.114818], [55.1314541, 25.1149434], [55.1312631, 25.1150201]]]}}, {"type": "Feature", "properties": {"status": "existing", "bHeight": 12.0, "name": "", "levels": ""}, "geometry": {"type": "Polygon", "coordinates": [[[55.1313351, 25.1151864], [55.131274, 25.1150607], [55.1314652, 25.1149846], [55.1315263, 25.11511], [55.1313351, 25.1151864]]]}}, {"type": "Feature", "properties": {"status": "existing", "bHeight": 81.6, "name": "One at Palm by Omniyat", "levels": "24"}, "geometry": {"type": "Polygon", "coordinates": [[[55.1501172, 25.1030609], [55.1494727, 25.1035443], [55.149362, 25.1036273], [55.1495771, 25.1038618], [55.1503324, 25.1032955], [55.1501172, 25.1030609]]]}}, {"type": "Feature", "properties": {"status": "existing", "bHeight": 12.0, "name": "Palm Beach Towers", "levels": ""}, "geometry": {"type": "Polygon", "coordinates": [[[55.1543301, 25.1018989], [55.1541792, 25.1017431], [55.1537572, 25.1012455], [55.1559358, 25.0995145], [55.1562488, 25.0999103], [55.1561167, 25.100433], [55.1555599, 25.1008561], [55.1556105, 25.1009043], [55.1543301, 25.1018989]]]}}, {"type": "Feature", "properties": {"status": "existing", "bHeight": 12.0, "name": "", "levels": ""}, "geometry": {"type": "Polygon", "coordinates": [[[55.11962, 25.1213369], [55.1197087, 25.1210761], [55.1200628, 25.1211785], [55.1199874, 25.1214418], [55.11962, 25.1213369]]]}}, {"type": "Feature", "properties": {"status": "existing", "bHeight": 12.0, "name": "", "levels": ""}, "geometry": {"type": "Polygon", "coordinates": [[[55.1193426, 25.1209736], [55.1196671, 25.1210635], [55.119579, 25.1212849], [55.1195039, 25.1212614], [55.1194791, 25.1213094], [55.1193802, 25.1212785], [55.1193881, 25.1212576], [55.1192697, 25.1212192], [55.1193426, 25.1209736]]]}}, {"type": "Feature", "properties": {"status": "existing", "bHeight": 12.0, "name": "", "levels": ""}, "geometry": {"type": "Polygon", "coordinates": [[[55.1188823, 25.12113], [55.1189617, 25.1209177], [55.1192903, 25.1210214], [55.1192189, 25.1212312], [55.1188823, 25.12113]]]}}, {"type": "Feature", "properties": {"status": "existing", "bHeight": 12.0, "name": "", "levels": ""}, "geometry": {"type": "Polygon", "coordinates": [[[55.1193627, 25.1216699], [55.1194112, 25.1215207], [55.1197519, 25.1216135], [55.1196899, 25.1218294], [55.1195951, 25.1218021], [55.1196125, 25.1217451], [55.119587, 25.1217366], [55.1195937, 25.1217111], [55.1195548, 25.1216989], [55.1195401, 25.1217256], [55.1193627, 25.1216699]]]}}, {"type": "Feature", "properties": {"status": "existing", "bHeight": 12.0, "name": "", "levels": ""}, "geometry": {"type": "Polygon", "coordinates": [[[55.1197605, 25.1218314], [55.1197828, 25.1217548], [55.1197399, 25.1217451], [55.1197862, 25.1216203], [55.1198633, 25.1216394], [55.1198901, 25.1215581], [55.1199894, 25.1215909], [55.1199599, 25.1216637], [55.1201228, 25.1217046], [55.1200636, 25.1218683], [55.1198861, 25.1218228], [55.11987, 25.1218592], [55.1197605, 25.1218314]]]}}, {"type": "Feature", "properties": {"status": "existing", "bHeight": 12.0, "name": "", "levels": ""}, "geometry": {"type": "Polygon", "coordinates": [[[55.1201274, 25.1219561], [55.1201867, 25.1217852], [55.1203997, 25.1218374], [55.1204105, 25.1218094], [55.1205502, 25.1218452], [55.1204909, 25.1220441], [55.1201274, 25.1219561]]]}}, {"type": "Feature", "properties": {"status": "existing", "bHeight": 12.0, "name": "", "levels": ""}, "geometry": {"type": "Polygon", "coordinates": [[[55.1205246, 25.1220025], [55.1205705, 25.1218328], [55.1207739, 25.1218653], [55.1207833, 25.1218179], [55.1208732, 25.1218325], [55.1208571, 25.121892], [55.1209165, 25.1219001], [55.1208747, 25.1221269], [55.1208195, 25.1221154], [55.1208235, 25.1220936], [55.120731, 25.1220753], [55.1207203, 25.1220984], [55.1205741, 25.1220668], [55.1205246, 25.1220025]]]}}, {"type": "Feature", "properties": {"status": "existing", "bHeight": 12.0, "name": "", "levels": ""}, "geometry": {"type": "Polygon", "coordinates": [[[55.1208929, 25.12214], [55.1209415, 25.1219399], [55.1212821, 25.1219975], [55.1212594, 25.1221203], [55.1212983, 25.12213], [55.1212791, 25.1222122], [55.1211695, 25.1221919], [55.1211347, 25.1221652], [55.1210958, 25.122164], [55.1210743, 25.1221713], [55.1210488, 25.1221676], [55.1210301, 25.1221616], [55.121022, 25.122147], [55.1209509, 25.12213], [55.1209429, 25.1221458], [55.1208929, 25.12214]]]}}, {"type": "Feature", "properties": {"status": "existing", "bHeight": 12.0, "name": "", "levels": ""}, "geometry": {"type": "Polygon", "coordinates": [[[55.1208125, 25.1216328], [55.1208903, 25.12137], [55.1209636, 25.1213883], [55.1209602, 25.121424], [55.1210086, 25.1214353], [55.1210045, 25.1214746], [55.121052, 25.1214792], [55.1210559, 25.121448], [55.1211071, 25.1214607], [55.1211188, 25.1214222], [55.1212448, 25.1214536], [55.1211804, 25.1217208], [55.1208125, 25.1216328]]]}}, {"type": "Feature", "properties": {"status": "existing", "bHeight": 12.0, "name": "", "levels": ""}, "geometry": {"type": "Polygon", "coordinates": [[[55.1212075, 25.1217364], [55.1212601, 25.1214573], [55.1214056, 25.1214743], [55.1213962, 25.1215204], [55.1214512, 25.1215253], [55.1214471, 25.1215666], [55.1214954, 25.121569], [55.1214981, 25.1215411], [55.1215518, 25.1215459], [55.1215611, 25.1215156], [55.121645, 25.1215343], [55.121571, 25.1217951], [55.1212075, 25.1217364]]]}}, {"type": "Feature", "properties": {"status": "existing", "bHeight": 12.0, "name": "", "levels": ""}, "geometry": {"type": "Polygon", "coordinates": [[[55.1216281, 25.1217934], [55.1216391, 25.1216942], [55.1216872, 25.1216953], [55.1217006, 25.1216212], [55.1220025, 25.1216679], [55.1219674, 25.1218619], [55.1218629, 25.1218544], [55.1218602, 25.1218762], [55.1217985, 25.1218738], [55.1217999, 25.1218386], [55.1217274, 25.1218301], [55.1217341, 25.1217936], [55.1216859, 25.1217791], [55.121682, 25.1218008], [55.1216281, 25.1217934]]]}}, {"type": "Feature", "properties": {"status": "existing", "bHeight": 12.0, "name": "", "levels": ""}, "geometry": {"type": "Polygon", "coordinates": [[[55.1213081, 25.1221689], [55.1213634, 25.1219311], [55.1216437, 25.1219802], [55.121583, 25.1222313], [55.1213425, 25.1221858], [55.1213439, 25.1221725], [55.1213081, 25.1221689]]]}}, {"type": "Feature", "properties": {"status": "existing", "bHeight": 12.0, "name": "", "levels": ""}, "geometry": {"type": "Polygon", "coordinates": [[[55.1220728, 25.1221633], [55.1217743, 25.1221157], [55.1217319, 25.1222857], [55.1220449, 25.1223428], [55.1220728, 25.1221633]]]}}, {"type": "Feature", "properties": {"status": "existing", "bHeight": 12.0, "name": "", "levels": ""}, "geometry": {"type": "Polygon", "coordinates": [[[55.1228139, 25.1220283], [55.1228431, 25.121786], [55.1232071, 25.1218078], [55.1231728, 25.122038], [55.1231007, 25.1220304], [55.1231007, 25.1220001], [55.1230659, 25.1220001], [55.1230685, 25.1220462], [55.1229827, 25.1220462], [55.1229773, 25.1220231], [55.1228139, 25.1220283]]]}}, {"type": "Feature", "properties": {"status": "existing", "bHeight": 12.0, "name": "", "levels": ""}, "geometry": {"type": "Polygon", "coordinates": [[[55.1222265, 25.1223748], [55.1222906, 25.1221312], [55.1223792, 25.1221373], [55.1223832, 25.1221858], [55.1224986, 25.1221907], [55.1225039, 25.1221518], [55.1226291, 25.1221531], [55.1225948, 25.1223809], [55.1225509, 25.1223753], [55.1225388, 25.1224165], [55.1224275, 25.1223983], [55.1224127, 25.1224129], [55.1223886, 25.1224214], [55.1223645, 25.1224178], [55.1223403, 25.1224032], [55.1223336, 25.122385], [55.1222265, 25.1223748]]]}}, {"type": "Feature", "properties": {"status": "existing", "bHeight": 12.0, "name": "", "levels": ""}, "geometry": {"type": "Polygon", "coordinates": [[[55.1227074, 25.1224333], [55.1226823, 25.1224299], [55.1226917, 25.1223583], [55.1226595, 25.1223546], [55.1227005, 25.1221935], [55.1227976, 25.1222065], [55.1227976, 25.1222599], [55.1229143, 25.1222733], [55.1229224, 25.1222174], [55.1230417, 25.1222335], [55.123018, 25.1224649], [55.1229505, 25.122459], [55.1229532, 25.1224348], [55.1228727, 25.1224287], [55.1228727, 25.1224615], [55.122811, 25.1224542], [55.122807, 25.1224712], [55.1227051, 25.1224639], [55.1227074, 25.1224333]]]}}, {"type": "Feature", "properties": {"status": "existing", "bHeight": 12.0, "name": "", "levels": ""}, "geometry": {"type": "Polygon", "coordinates": [[[55.123236, 25.1220822], [55.1232774, 25.1217767], [55.1236588, 25.1218168], [55.1236178, 25.1221235], [55.123236, 25.1220822]]]}}, {"type": "Feature", "properties": {"status": "existing", "bHeight": 12.0, "name": "", "levels": ""}, "geometry": {"type": "Polygon", "coordinates": [[[55.1236531, 25.1221177], [55.123669, 25.121953], [55.1239054, 25.1219624], [55.1239067, 25.1219054], [55.1240317, 25.1219105], [55.1240134, 25.1221322], [55.1236531, 25.1221177]]]}}, {"type": "Feature", "properties": {"status": "existing", "bHeight": 12.0, "name": "", "levels": ""}, "geometry": {"type": "Polygon", "coordinates": [[[55.1234614, 25.1225219], [55.1234693, 25.1223977], [55.123451, 25.1223967], [55.1234565, 25.1223112], [55.1238273, 25.1223306], [55.1238156, 25.1225139], [55.1237062, 25.1225082], [55.1237077, 25.1224852], [55.1236111, 25.1224802], [55.1236094, 25.1225069], [55.1235426, 25.1225034], [55.1235412, 25.122526], [55.1234614, 25.1225219]]]}}, {"type": "Feature", "properties": {"status": "existing", "bHeight": 12.0, "name": "", "levels": ""}, "geometry": {"type": "Polygon", "coordinates": [[[55.1230583, 25.1224525], [55.1231023, 25.1222758], [55.1234206, 25.1223462], [55.1233568, 25.1225315], [55.123322, 25.1225198], [55.1233274, 25.1224943], [55.1232415, 25.1224736], [55.1232362, 25.1225355], [55.1231678, 25.1225295], [55.1231731, 25.1224639], [55.1230583, 25.1224525]]]}}, {"type": "Feature", "properties": {"status": "existing", "bHeight": 12.0, "name": "", "levels": ""}, "geometry": {"type": "Polygon", "coordinates": [[[55.1238551, 25.1224706], [55.1238871, 25.1222719], [55.1242657, 25.1222998], [55.1242382, 25.1226065], [55.1238947, 25.1225829], [55.1238947, 25.1225598], [55.1238719, 25.1225598], [55.1238772, 25.1224736], [55.1238551, 25.1224706]]]}}, {"type": "Feature", "properties": {"status": "existing", "bHeight": 12.0, "name": "", "levels": ""}, "geometry": {"type": "Polygon", "coordinates": [[[55.1240671, 25.1221373], [55.1240748, 25.1218488], [55.1244536, 25.1218659], [55.1244339, 25.1221519], [55.1240671, 25.1221373]]]}}, {"type": "Feature", "properties": {"status": "existing", "bHeight": 12.0, "name": "", "levels": ""}, "geometry": {"type": "Polygon", "coordinates": [[[55.1243993, 25.1226079], [55.1242568, 25.1226048], [55.124281, 25.1223204], [55.1246686, 25.1223287], [55.1246394, 25.1226502], [55.1243989, 25.1226375], [55.1243993, 25.1226079]]]}}, {"type": "Feature", "properties": {"status": "existing", "bHeight": 12.0, "name": "", "levels": ""}, "geometry": {"type": "Polygon", "coordinates": [[[55.124923, 25.1226587], [55.1248777, 25.1226157], [55.1248991, 25.1225805], [55.1248817, 25.1225817], [55.124875, 25.1225513], [55.1248576, 25.122555], [55.1248482, 25.1225392], [55.1247463, 25.1225343], [55.1247476, 25.1225793], [55.1246645, 25.1225756], [55.1246758, 25.1224137], [55.1247972, 25.1224178], [55.1248039, 25.1223983], [55.1248468, 25.1223874], [55.1248817, 25.1223971], [55.1249059, 25.1223753], [55.1249662, 25.1224202], [55.1250367, 25.1223806], [55.1250614, 25.1224165], [55.1250695, 25.1224833], [55.1250654, 25.1225355], [55.125044, 25.1225938], [55.1249913, 25.1226658], [55.124923, 25.1226587]]]}}, {"type": "Feature", "properties": {"status": "existing", "bHeight": 12.0, "name": "", "levels": ""}, "geometry": {"type": "Polygon", "coordinates": [[[55.1250992, 25.1226257], [55.1251163, 25.122445], [55.1252854, 25.1224445], [55.1252881, 25.1224008], [55.1254449, 25.1224011], [55.1254438, 25.1226231], [55.1250992, 25.1226257]]]}}, {"type": "Feature", "properties": {"status": "existing", "bHeight": 12.0, "name": "", "levels": ""}, "geometry": {"type": "Polygon", "coordinates": [[[55.1244536, 25.1222012], [55.12446, 25.1219416], [55.1248449, 25.1219402], [55.1248371, 25.122156], [55.124639, 25.1221652], [55.1244536, 25.1222012]]]}}, {"type": "Feature", "properties": {"status": "existing", "bHeight": 12.0, "name": "", "levels": ""}, "geometry": {"type": "Polygon", "coordinates": [[[55.1248757, 25.1221771], [55.1248754, 25.121943], [55.124938, 25.1219442], [55.124938, 25.1219576], [55.1251701, 25.1219624], [55.1251714, 25.1219321], [55.1252576, 25.1219318], [55.1252519, 25.1221239], [55.1252043, 25.1221779], [55.1251258, 25.1221822], [55.1250762, 25.1221992], [55.1250292, 25.1221956], [55.124993, 25.1221786], [55.1248757, 25.1221771]]]}}, {"type": "Feature", "properties": {"status": "existing", "bHeight": 12.0, "name": "", "levels": ""}, "geometry": {"type": "Polygon", "coordinates": [[[55.125295, 25.1221507], [55.1252974, 25.1219736], [55.1256243, 25.1219732], [55.125626, 25.1221336], [55.1255965, 25.1221348], [55.1255934, 25.1221696], [55.1254503, 25.1221713], [55.1254503, 25.1222077], [55.1253712, 25.1222089], [55.1253726, 25.1221494], [55.125295, 25.1221507]]]}}, {"type": "Feature", "properties": {"status": "existing", "bHeight": 12.0, "name": "", "levels": ""}, "geometry": {"type": "Polygon", "coordinates": [[[55.1256806, 25.1221857], [55.1256857, 25.1220316], [55.1258178, 25.1220365], [55.1259519, 25.1219648], [55.1260693, 25.1219659], [55.1260843, 25.1221976], [55.1260404, 25.1221992], [55.1260391, 25.1221543], [55.1259439, 25.1221531], [55.1259439, 25.1221348], [55.1259238, 25.1221361], [55.1258674, 25.1221737], [55.1258473, 25.1221446], [55.1258205, 25.1221518], [55.1258031, 25.1221178], [55.1257601, 25.1221191], [55.1257575, 25.1221858], [55.1256806, 25.1221857]]]}}, {"type": "Feature", "properties": {"status": "existing", "bHeight": 12.0, "name": "", "levels": ""}, "geometry": {"type": "Polygon", "coordinates": [[[55.1264869, 25.1222053], [55.1264836, 25.1219292], [55.1260791, 25.1219399], [55.1261044, 25.1221803], [55.1261812, 25.1221786], [55.1261839, 25.1222186], [55.1264869, 25.1222053]]]}}, {"type": "Feature", "properties": {"status": "existing", "bHeight": 12.0, "name": "", "levels": ""}, "geometry": {"type": "Polygon", "coordinates": [[[55.1268719, 25.1221876], [55.1268699, 25.1219066], [55.1264922, 25.1219137], [55.1264988, 25.1222027], [55.1268719, 25.1221876]]]}}, {"type": "Feature", "properties": {"status": "existing", "bHeight": 12.0, "name": "", "levels": ""}, "geometry": {"type": "Polygon", "coordinates": [[[55.1207505, 25.1215012], [55.1200601, 25.1213313], [55.1200421, 25.1214219], [55.1201262, 25.1214415], [55.1201275, 25.1214609], [55.1202053, 25.1214755], [55.1202066, 25.1214986], [55.120326, 25.1215241], [55.1203434, 25.1214622], [55.1204239, 25.1214852], [55.1204091, 25.1215411], [55.1205298, 25.1215799], [55.1205379, 25.1215617], [55.1206116, 25.1215811], [55.120617, 25.1215593], [55.120729, 25.1215895], [55.1207505, 25.1215012]]]}}, {"type": "Feature", "properties": {"status": "existing", "bHeight": 12.0, "name": "", "levels": ""}, "geometry": {"type": "Polygon", "coordinates": [[[55.1271748, 25.1245138], [55.1272081, 25.1243567], [55.1271342, 25.1243445], [55.127132, 25.1243558], [55.1270069, 25.1243352], [55.1269765, 25.1244901], [55.1271748, 25.1245138]]]}}, {"type": "Feature", "properties": {"status": "existing", "bHeight": 12.0, "name": "", "levels": ""}, "geometry": {"type": "Polygon", "coordinates": [[[55.1270787, 25.1249415], [55.1270993, 25.1247921], [55.1269111, 25.1247709], [55.1268891, 25.1249306], [55.1269475, 25.1249372], [55.1269465, 25.1249448], [55.1270291, 25.1249541], [55.1270316, 25.1249362], [55.1270787, 25.1249415]]]}}, {"type": "Feature", "properties": {"status": "existing", "bHeight": 12.0, "name": "", "levels": ""}, "geometry": {"type": "Polygon", "coordinates": [[[55.1270084, 25.1256058], [55.1270124, 25.1255205], [55.1269342, 25.1255174], [55.1269438, 25.1253132], [55.1270299, 25.1253166], [55.127034, 25.1252314], [55.1268166, 25.125223], [55.1268127, 25.1253057], [55.1268456, 25.125307], [55.1268391, 25.1254448], [55.1267514, 25.1254414], [55.1267441, 25.1255955], [55.1270084, 25.1256058]]]}}, {"type": "Feature", "properties": {"status": "existing", "bHeight": 12.0, "name": "", "levels": ""}, "geometry": {"type": "Polygon", "coordinates": [[[55.1269954, 25.1258337], [55.1270056, 25.1256777], [55.1267943, 25.12567], [55.1267868, 25.125824], [55.1269954, 25.1258337]]]}}, {"type": "Feature", "properties": {"status": "existing", "bHeight": 12.0, "name": "", "levels": ""}, "geometry": {"type": "Polygon", "coordinates": [[[55.1269637, 25.1260935], [55.1269566, 25.1262734], [55.1267103, 25.1262654], [55.1267174, 25.1260855], [55.1269637, 25.1260935]]]}}, {"type": "Feature", "properties": {"status": "existing", "bHeight": 12.0, "name": "", "levels": ""}, "geometry": {"type": "Polygon", "coordinates": [[[55.1269355, 25.126306], [55.1269318, 25.1264921], [55.1267018, 25.1264883], [55.1267055, 25.1263022], [55.1269355, 25.126306]]]}}, {"type": "Feature", "properties": {"status": "existing", "bHeight": 12.0, "name": "", "levels": ""}, "geometry": {"type": "Polygon", "coordinates": [[[55.1275837, 25.1301557], [55.1275971, 25.1303598], [55.1276015, 25.1304145], [55.1275076, 25.1304218], [55.1274861, 25.1304036], [55.127462, 25.1304291], [55.1273716, 25.1303754], [55.1273449, 25.1301661], [55.1275837, 25.1301557]]]}}, {"type": "Feature", "properties": {"status": "existing", "bHeight": 12.0, "name": "", "levels": ""}, "geometry": {"type": "Polygon", "coordinates": [[[55.1276579, 25.1305589], [55.1277224, 25.1308955], [55.127517, 25.1309278], [55.1274525, 25.1305912], [55.1276579, 25.1305589]]]}}, {"type": "Feature", "properties": {"status": "existing", "bHeight": 12.0, "name": "", "levels": ""}, "geometry": {"type": "Polygon", "coordinates": [[[55.127346, 25.1248693], [55.1276995, 25.1249158], [55.1276427, 25.1252697], [55.1272892, 25.1252232], [55.127346, 25.1248693]]]}}, {"type": "Feature", "properties": {"status": "existing", "bHeight": 12.0, "name": "", "levels": ""}, "geometry": {"type": "Polygon", "coordinates": [[[55.1274796, 25.1259972], [55.1272287, 25.1259795], [55.1272125, 25.1261664], [55.1272701, 25.1261704], [55.1272723, 25.126145], [55.1273692, 25.1261518], [55.127367, 25.1261773], [55.1274634, 25.1261842], [55.1274796, 25.1259972]]]}}, {"type": "Feature", "properties": {"status": "existing", "bHeight": 12.0, "name": "", "levels": ""}, "geometry": {"type": "Polygon", "coordinates": [[[55.1271879, 25.126357], [55.1271984, 25.1261893], [55.12746, 25.1262029], [55.1274494, 25.1263705], [55.1273507, 25.1263654], [55.1273528, 25.1263332], [55.1272668, 25.1263288], [55.1272647, 25.126361], [55.1271879, 25.126357]]]}}, {"type": "Feature", "properties": {"status": "existing", "bHeight": 12.0, "name": "", "levels": ""}, "geometry": {"type": "Polygon", "coordinates": [[[55.1271712, 25.126716], [55.1271832, 25.126411], [55.1274043, 25.1264181], [55.1273924, 25.1267231], [55.1271712, 25.126716]]]}}, {"type": "Feature", "properties": {"status": "existing", "bHeight": 12.0, "name": "", "levels": ""}, "geometry": {"type": "Polygon", "coordinates": [[[55.1271617, 25.1271079], [55.1271735, 25.1267855], [55.1274027, 25.1267855], [55.1273971, 25.126959], [55.1273332, 25.1269587], [55.1273283, 25.1271088], [55.1271617, 25.1271079]]]}}, {"type": "Feature", "properties": {"status": "existing", "bHeight": 12.0, "name": "", "levels": ""}, "geometry": {"type": "Polygon", "coordinates": [[[55.1271451, 25.1274699], [55.1271541, 25.1271597], [55.1273827, 25.1271651], [55.1273737, 25.1274753], [55.1271451, 25.1274699]]]}}, {"type": "Feature", "properties": {"status": "existing", "bHeight": 12.0, "name": "", "levels": ""}, "geometry": {"type": "Polygon", "coordinates": [[[55.1271603, 25.1276773], [55.1272015, 25.1274979], [55.127365, 25.127502], [55.1273641, 25.1276787], [55.1271603, 25.1276773]]]}}, {"type": "Feature", "properties": {"status": "existing", "bHeight": 12.0, "name": "", "levels": ""}, "geometry": {"type": "Polygon", "coordinates": [[[55.1271546, 25.1278608], [55.1271543, 25.1277094], [55.1273613, 25.127711], [55.1273611, 25.1278683], [55.1271546, 25.1278608]]]}}, {"type": "Feature", "properties": {"status": "existing", "bHeight": 12.0, "name": "", "levels": ""}, "geometry": {"type": "Polygon", "coordinates": [[[55.1271691, 25.1280482], [55.1271969, 25.1278811], [55.1273652, 25.127879], [55.1273742, 25.1280448], [55.1271691, 25.1280482]]]}}, {"type": "Feature", "properties": {"status": "existing", "bHeight": 12.0, "name": "", "levels": ""}, "geometry": {"type": "Polygon", "coordinates": [[[55.1271717, 25.1282428], [55.1271673, 25.1280757], [55.1273827, 25.128071], [55.1273872, 25.1282381], [55.1271717, 25.1282428]]]}}, {"type": "Feature", "properties": {"status": "existing", "bHeight": 6.2, "name": "", "levels": "1", "height_source": "osm_geom", "height_basis": "osm levels 1 · 100% of this footprint"}, "geometry": {"type": "Polygon", "coordinates": [[[55.1297058, 25.1164355], [55.1297261, 25.1164603], [55.1298861, 25.1163529], [55.1297984, 25.1162456], [55.1296382, 25.116353], [55.1297058, 25.1164355]]]}}, {"type": "Feature", "properties": {"status": "existing", "bHeight": 6.2, "name": "", "levels": "1", "height_source": "osm_geom", "height_basis": "osm levels 1 · 100% of this footprint"}, "geometry": {"type": "Polygon", "coordinates": [[[55.1288968, 25.1154423], [55.1289423, 25.1154124], [55.1289628, 25.1154381], [55.1291144, 25.1153387], [55.1289009, 25.1150718], [55.1287038, 25.1152011], [55.1288968, 25.1154423]]]}}, {"type": "Feature", "properties": {"status": "existing", "bHeight": 6.2, "name": "", "levels": "1", "height_source": "osm_geom", "height_basis": "osm levels 1 · 100% of this footprint"}, "geometry": {"type": "Polygon", "coordinates": [[[55.128629, 25.1151125], [55.1287087, 25.1150622], [55.12873, 25.1150899], [55.128861, 25.1150073], [55.128702, 25.1148004], [55.1285338, 25.1149064], [55.128618, 25.115016], [55.1285755, 25.1150428], [55.128629, 25.1151125]]]}}, {"type": "Feature", "properties": {"status": "existing", "bHeight": 6.2, "name": "", "levels": "1", "height_source": "osm_geom", "height_basis": "osm levels 1 · 100% of this footprint"}, "geometry": {"type": "Polygon", "coordinates": [[[55.128157, 25.1135128], [55.1283998, 25.1133866], [55.128328, 25.1132732], [55.1280851, 25.1133994], [55.128157, 25.1135128]]]}}, {"type": "Feature", "properties": {"status": "existing", "bHeight": 6.2, "name": "", "levels": "1", "height_source": "osm_geom", "height_basis": "osm levels 1 · 100% of this footprint"}, "geometry": {"type": "Polygon", "coordinates": [[[55.1280655, 25.113371], [55.1282806, 25.1132592], [55.1282049, 25.1131397], [55.1279898, 25.1132515], [55.1280655, 25.113371]]]}}, {"type": "Feature", "properties": {"status": "existing", "bHeight": 6.2, "name": "", "levels": "1", "height_source": "osm_geom", "height_basis": "osm levels 1 · 100% of this footprint"}, "geometry": {"type": "Polygon", "coordinates": [[[55.128124, 25.1131567], [55.1282125, 25.1131178], [55.128044, 25.112815], [55.1278026, 25.1129352], [55.1278429, 25.1130168], [55.1278885, 25.113001], [55.1279461, 25.1131042], [55.1279314, 25.1131576], [55.1280373, 25.1131928], [55.1280923, 25.1131625], [55.128124, 25.1131567]]]}}, {"type": "Feature", "properties": {"status": "existing", "bHeight": 6.2, "name": "", "levels": "1", "height_source": "osm_geom", "height_basis": "osm levels 1 · 100% of this footprint"}, "geometry": {"type": "Polygon", "coordinates": [[[55.1272722, 25.1129257], [55.1274656, 25.1128252], [55.1273846, 25.1126973], [55.1271911, 25.1127978], [55.1272722, 25.1129257]]]}}, {"type": "Feature", "properties": {"status": "existing", "bHeight": 6.2, "name": "", "levels": "1", "height_source": "osm_geom", "height_basis": "osm levels 1 · 100% of this footprint"}, "geometry": {"type": "Polygon", "coordinates": [[[55.1271792, 25.1127583], [55.1273676, 25.1126604], [55.1272937, 25.1125438], [55.1271053, 25.1126416], [55.1271792, 25.1127583]]]}}, {"type": "Feature", "properties": {"status": "existing", "bHeight": 6.2, "name": "", "levels": "1", "height_source": "osm_geom", "height_basis": "osm levels 1 · 100% of this footprint"}, "geometry": {"type": "Polygon", "coordinates": [[[55.1271022, 25.1125969], [55.1273279, 25.1124909], [55.1272577, 25.1123683], [55.127032, 25.1124743], [55.1271022, 25.1125969]]]}}, {"type": "Feature", "properties": {"status": "existing", "bHeight": 12.0, "name": "", "levels": ""}, "geometry": {"type": "Polygon", "coordinates": [[[55.1275272, 25.1119427], [55.1274586, 25.1118094], [55.1272835, 25.1118867], [55.127364, 25.1120203], [55.1275272, 25.1119427]]]}}, {"type": "Feature", "properties": {"status": "existing", "bHeight": 12.0, "name": "", "levels": ""}, "geometry": {"type": "Polygon", "coordinates": [[[55.1276993, 25.1122047], [55.1275775, 25.1119813], [55.1273518, 25.1120822], [55.1274737, 25.1123056], [55.1276993, 25.1122047]]]}}, {"type": "Feature", "properties": {"status": "existing", "bHeight": 12.0, "name": "", "levels": ""}, "geometry": {"type": "Polygon", "coordinates": [[[55.1271682, 25.1121899], [55.1270986, 25.1120649], [55.126838, 25.112184], [55.1269077, 25.1123089], [55.1271682, 25.1121899]]]}}, {"type": "Feature", "properties": {"status": "existing", "bHeight": 12.0, "name": "", "levels": ""}, "geometry": {"type": "Polygon", "coordinates": [[[55.127078, 25.1120309], [55.1270228, 25.111911], [55.1268222, 25.1119948], [55.1268719, 25.1121272], [55.127078, 25.1120309]]]}}, {"type": "Feature", "properties": {"status": "existing", "bHeight": 12.0, "name": "", "levels": ""}, "geometry": {"type": "Polygon", "coordinates": [[[55.1269933, 25.1118864], [55.1269381, 25.1117665], [55.1267478, 25.1118482], [55.1267975, 25.1119806], [55.1269933, 25.1118864]]]}}, {"type": "Feature", "properties": {"status": "existing", "bHeight": 12.0, "name": "", "levels": ""}, "geometry": {"type": "Polygon", "coordinates": [[[55.1269345, 25.1117308], [55.1268699, 25.1116012], [55.1266248, 25.1117023], [55.1266919, 25.111842], [55.1269345, 25.1117308]]]}}, {"type": "Feature", "properties": {"status": "existing", "bHeight": 12.0, "name": "", "levels": ""}, "geometry": {"type": "Polygon", "coordinates": [[[55.1268711, 25.1115827], [55.1268106, 25.1114567], [55.1265655, 25.1115688], [55.1266325, 25.1116743], [55.1268711, 25.1115827]]]}}, {"type": "Feature", "properties": {"status": "existing", "bHeight": 12.0, "name": "", "levels": ""}, "geometry": {"type": "Polygon", "coordinates": [[[55.1274095, 25.111589], [55.1273486, 25.1114605], [55.1271093, 25.1115535], [55.1271702, 25.111682], [55.1274095, 25.111589]]]}}, {"type": "Feature", "properties": {"status": "existing", "bHeight": 12.0, "name": "", "levels": ""}, "geometry": {"type": "Polygon", "coordinates": [[[55.1273862, 25.1114144], [55.1273173, 25.1112734], [55.1270423, 25.1113834], [55.1271111, 25.1115245], [55.1273862, 25.1114144]]]}}, {"type": "Feature", "properties": {"status": "existing", "bHeight": 12.0, "name": "", "levels": ""}, "geometry": {"type": "Polygon", "coordinates": [[[55.127219, 25.1112869], [55.1270914, 25.1110358], [55.1268986, 25.1111091], [55.1269202, 25.1111637], [55.1269524, 25.11116], [55.12701, 25.1112863], [55.1269805, 25.1113021], [55.1270127, 25.1113702], [55.127219, 25.1112869]]]}}, {"type": "Feature", "properties": {"status": "existing", "bHeight": 12.0, "name": "", "levels": ""}, "geometry": {"type": "Polygon", "coordinates": [[[55.1271635, 25.1109717], [55.1271245, 25.1108445], [55.1268296, 25.1109445], [55.1268833, 25.1110707], [55.1271635, 25.1109717]]]}}, {"type": "Feature", "properties": {"status": "existing", "bHeight": 12.0, "name": "", "levels": ""}, "geometry": {"type": "Polygon", "coordinates": [[[55.1266936, 25.111239], [55.1266385, 25.1111191], [55.1264263, 25.1112091], [55.126476, 25.1113415], [55.1266936, 25.111239]]]}}, {"type": "Feature", "properties": {"status": "existing", "bHeight": 12.0, "name": "", "levels": ""}, "geometry": {"type": "Polygon", "coordinates": [[[55.1266032, 25.1111148], [55.126548, 25.1109949], [55.1263635, 25.1110705], [55.1264131, 25.1112028], [55.1266032, 25.1111148]]]}}, {"type": "Feature", "properties": {"status": "existing", "bHeight": 12.0, "name": "", "levels": ""}, "geometry": {"type": "Polygon", "coordinates": [[[55.1265563, 25.1109553], [55.1264903, 25.1108148], [55.1262837, 25.1108912], [55.126336, 25.1110297], [55.1265563, 25.1109553]]]}}, {"type": "Feature", "properties": {"status": "existing", "bHeight": 12.0, "name": "", "levels": ""}, "geometry": {"type": "Polygon", "coordinates": [[[55.1265258, 25.1107807], [55.1264653, 25.1106353], [55.1262202, 25.1107266], [55.1262818, 25.1108639], [55.1265258, 25.1107807]]]}}, {"type": "Feature", "properties": {"status": "existing", "bHeight": 12.0, "name": "", "levels": ""}, "geometry": {"type": "Polygon", "coordinates": [[[55.1269929, 25.1106767], [55.1269377, 25.1105423], [55.126719, 25.1106124], [55.1266993, 25.110636], [55.1267477, 25.1107587], [55.1269929, 25.1106767]]]}}, {"type": "Feature", "properties": {"status": "existing", "bHeight": 12.0, "name": "", "levels": ""}, "geometry": {"type": "Polygon", "coordinates": [[[55.1268317, 25.1103702], [55.1267819, 25.1102588], [55.1265824, 25.1103161], [55.126632, 25.1104424], [55.1268317, 25.1103702]]]}}, {"type": "Feature", "properties": {"status": "existing", "bHeight": 12.0, "name": "", "levels": ""}, "geometry": {"type": "Polygon", "coordinates": [[[55.1267603, 25.1102173], [55.1267131, 25.110101], [55.126519, 25.1101584], [55.1265353, 25.1102092], [55.1265541, 25.1102104], [55.1265727, 25.1102665], [55.1267603, 25.1102173]]]}}, {"type": "Feature", "properties": {"status": "existing", "bHeight": 12.0, "name": "", "levels": ""}, "geometry": {"type": "Polygon", "coordinates": [[[55.1267317, 25.1099637], [55.1266721, 25.1099797], [55.1266268, 25.1098474], [55.1264407, 25.109912], [55.1265159, 25.1101319], [55.12677, 25.1100501], [55.1267317, 25.1099637]]]}}, {"type": "Feature", "properties": {"status": "existing", "bHeight": 12.0, "name": "", "levels": ""}, "geometry": {"type": "Polygon", "coordinates": [[[55.1262412, 25.1100115], [55.1261781, 25.1098964], [55.1260592, 25.1098837], [55.125957, 25.1099452], [55.1260109, 25.1099602], [55.1259774, 25.1099967], [55.1260029, 25.1100137], [55.126019, 25.1100477], [55.1260257, 25.1100805], [55.1260108, 25.1101129], [55.1260753, 25.1100975], [55.1261115, 25.1101072], [55.1261611, 25.1100999], [55.1262067, 25.1100695], [55.1262412, 25.1100115]]]}}, {"type": "Feature", "properties": {"status": "existing", "bHeight": 12.0, "name": "", "levels": ""}, "geometry": {"type": "Polygon", "coordinates": [[[55.1266129, 25.10982], [55.1265712, 25.1096953], [55.126385, 25.1097587], [55.1264253, 25.1098704], [55.1266129, 25.10982]]]}}, {"type": "Feature", "properties": {"status": "existing", "bHeight": 12.0, "name": "", "levels": ""}, "geometry": {"type": "Polygon", "coordinates": [[[55.1265625, 25.1096603], [55.1265168, 25.1095428], [55.1263239, 25.1096013], [55.1263777, 25.1097204], [55.1265625, 25.1096603]]]}}, {"type": "Feature", "properties": {"status": "existing", "bHeight": 12.0, "name": "", "levels": ""}, "geometry": {"type": "Polygon", "coordinates": [[[55.1265201, 25.1094998], [55.126477, 25.1093665], [55.126268, 25.1094337], [55.1263218, 25.1095648], [55.1265201, 25.1094998]]]}}, {"type": "Feature", "properties": {"status": "existing", "bHeight": 12.0, "name": "", "levels": ""}, "geometry": {"type": "Polygon", "coordinates": [[[55.1265048, 25.1093235], [55.1264537, 25.1091987], [55.1262273, 25.109278], [55.1262663, 25.1094055], [55.1265048, 25.1093235]]]}}, {"type": "Feature", "properties": {"status": "existing", "bHeight": 12.0, "name": "", "levels": ""}, "geometry": {"type": "Polygon", "coordinates": [[[55.1264204, 25.1091832], [55.1263866, 25.109067], [55.126171, 25.1091194], [55.1262032, 25.1092385], [55.1264204, 25.1091832]]]}}, {"type": "Feature", "properties": {"status": "existing", "bHeight": 12.0, "name": "", "levels": ""}, "geometry": {"type": "Polygon", "coordinates": [[[55.1264071, 25.1090125], [55.1263667, 25.1088926], [55.1261497, 25.1089463], [55.1261953, 25.1090811], [55.1264071, 25.1090125]]]}}, {"type": "Feature", "properties": {"status": "existing", "bHeight": 12.0, "name": "", "levels": ""}, "geometry": {"type": "Polygon", "coordinates": [[[55.1262992, 25.1088531], [55.1262711, 25.1087689], [55.126209, 25.1087827], [55.1261929, 25.1087232], [55.126255, 25.1087094], [55.1262333, 25.1086276], [55.1260391, 25.1086727], [55.1261035, 25.1089059], [55.1262992, 25.1088531]]]}}, {"type": "Feature", "properties": {"status": "existing", "bHeight": 12.0, "name": "", "levels": ""}, "geometry": {"type": "Polygon", "coordinates": [[[55.1260472, 25.1095527], [55.1259999, 25.109424], [55.1257715, 25.1094928], [55.1258188, 25.1096216], [55.1260472, 25.1095527]]]}}, {"type": "Feature", "properties": {"status": "existing", "bHeight": 12.0, "name": "", "levels": ""}, "geometry": {"type": "Polygon", "coordinates": [[[55.1260066, 25.1093892], [55.1259571, 25.1092441], [55.1257442, 25.1093036], [55.1257937, 25.1094487], [55.1260066, 25.1093892]]]}}, {"type": "Feature", "properties": {"status": "existing", "bHeight": 12.0, "name": "", "levels": ""}, "geometry": {"type": "Polygon", "coordinates": [[[55.1259074, 25.1092377], [55.125885, 25.1091756], [55.1259805, 25.1091474], [55.125957, 25.1090822], [55.1256635, 25.109169], [55.1257094, 25.1092963], [55.1259074, 25.1092377]]]}}, {"type": "Feature", "properties": {"status": "existing", "bHeight": 12.0, "name": "", "levels": ""}, "geometry": {"type": "Polygon", "coordinates": [[[55.1258643, 25.1087322], [55.1257807, 25.108451], [55.1255015, 25.1085191], [55.1255852, 25.1088003], [55.1258643, 25.1087322]]]}}, {"type": "Feature", "properties": {"status": "existing", "bHeight": 12.0, "name": "", "levels": ""}, "geometry": {"type": "Polygon", "coordinates": [[[55.1257772, 25.1084098], [55.1256992, 25.1081187], [55.1254139, 25.1081833], [55.1254918, 25.1084796], [55.1257772, 25.1084098]]]}}, {"type": "Feature", "properties": {"status": "existing", "bHeight": 12.0, "name": "", "levels": ""}, "geometry": {"type": "Polygon", "coordinates": [[[55.1259482, 25.1073033], [55.1257031, 25.1073546], [55.1257186, 25.1074234], [55.1257856, 25.107421], [55.1257353, 25.1074651], [55.1257668, 25.1075922], [55.1258701, 25.1075776], [55.1258795, 25.1076007], [55.1259358, 25.1075971], [55.1259358, 25.1075764], [55.1260123, 25.1075631], [55.1259482, 25.1073033]]]}}, {"type": "Feature", "properties": {"status": "existing", "bHeight": 12.0, "name": "", "levels": ""}, "geometry": {"type": "Polygon", "coordinates": [[[55.1259435, 25.1072497], [55.125891, 25.106938], [55.1256378, 25.1069904], [55.1256806, 25.107251], [55.1257113, 25.1072467], [55.1257209, 25.1073031], [55.1259435, 25.1072497]]]}}, {"type": "Feature", "properties": {"status": "existing", "bHeight": 12.0, "name": "", "levels": ""}, "geometry": {"type": "Polygon", "coordinates": [[[55.1258528, 25.1069258], [55.1258285, 25.1067035], [55.1257774, 25.1067081], [55.1257693, 25.1066344], [55.1255834, 25.1066932], [55.1256233, 25.1069203], [55.1256539, 25.1069134], [55.1256635, 25.1069681], [55.1258528, 25.1069258]]]}}, {"type": "Feature", "properties": {"status": "existing", "bHeight": 12.0, "name": "", "levels": ""}, "geometry": {"type": "Polygon", "coordinates": [[[55.1254087, 25.1070921], [55.1253734, 25.1069026], [55.1254309, 25.1068938], [55.1254111, 25.1067873], [55.1251976, 25.1068199], [55.1252308, 25.106998], [55.1251373, 25.1070123], [55.1251593, 25.1071302], [55.1254087, 25.1070921]]]}}, {"type": "Feature", "properties": {"status": "existing", "bHeight": 44.2, "name": "Radisson Beach Resort Palm Jumeirah", "levels": "13"}, "geometry": {"type": "Polygon", "coordinates": [[[55.1425882, 25.1077427], [55.1430711, 25.1082601], [55.1426618, 25.1085733], [55.1421708, 25.1080487], [55.1425882, 25.1077427]]]}}, {"type": "Feature", "properties": {"status": "existing", "bHeight": 12.0, "name": "", "levels": ""}, "geometry": {"type": "Polygon", "coordinates": [[[55.122491, 25.1345147], [55.122408, 25.134458], [55.122418, 25.1344461], [55.1224003, 25.134434], [55.1224317, 25.1343963], [55.1224494, 25.1344084], [55.1224619, 25.1343933], [55.1225449, 25.13445], [55.1225318, 25.1344656], [55.1225499, 25.134478], [55.1225158, 25.134519], [55.1224976, 25.1345066], [55.122491, 25.1345147]]]}}, {"type": "Feature", "properties": {"status": "existing", "bHeight": 12.0, "name": "", "levels": ""}, "geometry": {"type": "Polygon", "coordinates": [[[55.1193531, 25.1338167], [55.1192917, 25.1337466], [55.1193715, 25.1336893], [55.119433, 25.1337594], [55.1193531, 25.1338167]]]}}, {"type": "Feature", "properties": {"status": "existing", "bHeight": 12.0, "name": "", "levels": ""}, "geometry": {"type": "Polygon", "coordinates": [[[55.1203587, 25.1330695], [55.1203665, 25.1330111], [55.1204596, 25.1330213], [55.1204518, 25.1330797], [55.1203587, 25.1330695]]]}}, {"type": "Feature", "properties": {"status": "existing", "bHeight": 12.0, "name": "", "levels": ""}, "geometry": {"type": "Polygon", "coordinates": [[[55.1182924, 25.1306781], [55.1182788, 25.1306095], [55.1184286, 25.1305891], [55.1184421, 25.1306594], [55.1182924, 25.1306781]]]}}, {"type": "Feature", "properties": {"status": "existing", "bHeight": 12.0, "name": "", "levels": ""}, "geometry": {"type": "Polygon", "coordinates": [[[55.1183664, 25.1307925], [55.1183501, 25.1306781], [55.1185179, 25.1306561], [55.118536, 25.1307745], [55.1183664, 25.1307925]]]}}, {"type": "Feature", "properties": {"status": "existing", "bHeight": 12.0, "name": "", "levels": ""}, "geometry": {"type": "Polygon", "coordinates": [[[55.1185258, 25.1308376], [55.1185209, 25.1307838], [55.1184317, 25.1307912], [55.1184375, 25.130843], [55.1185258, 25.1308376]]]}}, {"type": "Feature", "properties": {"status": "existing", "bHeight": 12.0, "name": "", "levels": ""}, "geometry": {"type": "Polygon", "coordinates": [[[55.1167868, 25.1289799], [55.116702, 25.128874], [55.1168066, 25.128806], [55.1168898, 25.1289099], [55.1167868, 25.1289799]]]}}, {"type": "Feature", "properties": {"status": "existing", "bHeight": 12.0, "name": "", "levels": ""}, "geometry": {"type": "Polygon", "coordinates": [[[55.1167771, 25.129011], [55.1167015, 25.1289201], [55.1166527, 25.1289561], [55.1167272, 25.129044], [55.1167771, 25.129011]]]}}, {"type": "Feature", "properties": {"status": "existing", "bHeight": 12.0, "name": "Poseidon Tower", "levels": ""}, "geometry": {"type": "Polygon", "coordinates": [[[55.1226352, 25.1351814], [55.1224981, 25.1349854], [55.1225934, 25.1349308], [55.1224941, 25.1347887], [55.1226886, 25.1346773], [55.122925, 25.1350154], [55.1226352, 25.1351814]]]}}, {"type": "Feature", "properties": {"status": "existing", "bHeight": 12.0, "name": "Trident Tower", "levels": ""}, "geometry": {"type": "Polygon", "coordinates": [[[55.1243912, 25.135595], [55.124467, 25.1356179], [55.1244417, 25.1356866], [55.1246057, 25.1357362], [55.1247049, 25.1354674], [55.124465, 25.1353949], [55.1243912, 25.135595]]]}}, {"type": "Feature", "properties": {"status": "existing", "bHeight": 12.0, "name": "أكوافنتشر أتلانتس", "levels": ""}, "geometry": {"type": "Polygon", "coordinates": [[[55.1186554, 25.1331505], [55.1186554, 25.1330795], [55.1186662, 25.1329941], [55.1186885, 25.1329167], [55.1187368, 25.1328196], [55.1187978, 25.1327395], [55.1188461, 25.1326945], [55.1189125, 25.1326314], [55.1189393, 25.1326229], [55.1189454, 25.1326381], [55.1189386, 25.1327467], [55.1189266, 25.1328078], [55.1189078, 25.1328712], [55.1188622, 25.1329641], [55.1188166, 25.1330363], [55.1187522, 25.1331061], [55.118691, 25.1331486], [55.1186671, 25.1331566], [55.1186554, 25.1331505]]]}}, {"type": "Feature", "properties": {"status": "existing", "bHeight": 12.0, "name": "مول نخلة جميرا", "levels": ""}, "geometry": {"type": "Polygon", "coordinates": [[[55.1373844, 25.1150623], [55.1374008, 25.1150201], [55.1374276, 25.1149864], [55.1375232, 25.1149029], [55.1378014, 25.114705], [55.1378678, 25.1146759], [55.1379128, 25.1146698], [55.1379309, 25.1146765], [55.1379369, 25.1147001], [55.137894, 25.1147645], [55.137546, 25.115031], [55.1374896, 25.1150669], [55.1374226, 25.1150893], [55.1374065, 25.1150905], [55.1373884, 25.1150833], [55.1373844, 25.1150623]]]}}, {"type": "Feature", "properties": {"status": "existing", "bHeight": 12.0, "name": "", "levels": ""}, "geometry": {"type": "Polygon", "coordinates": [[[55.1160465, 25.1153003], [55.1160968, 25.1153446], [55.1161887, 25.1152591], [55.1161384, 25.1152148], [55.1160465, 25.1153003]]]}}, {"type": "Feature", "properties": {"status": "existing", "bHeight": 12.0, "name": "", "levels": ""}, "geometry": {"type": "Polygon", "coordinates": [[[55.1201764, 25.1178448], [55.1201181, 25.1178096], [55.1200643, 25.117883], [55.120124, 25.1179206], [55.1201764, 25.1178448]]]}}, {"type": "Feature", "properties": {"status": "existing", "bHeight": 12.0, "name": "", "levels": ""}, "geometry": {"type": "Polygon", "coordinates": [[[55.1201295, 25.1177981], [55.1201872, 25.1178345], [55.120235, 25.1177649], [55.1201767, 25.1177309], [55.1201295, 25.1177981]]]}}, {"type": "Feature", "properties": {"status": "existing", "bHeight": 12.0, "name": "", "levels": ""}, "geometry": {"type": "Polygon", "coordinates": [[[55.1272481, 25.1210402], [55.1273213, 25.1210536], [55.1273401, 25.1209692], [55.1272669, 25.1209558], [55.1272481, 25.1210402]]]}}, {"type": "Feature", "properties": {"status": "existing", "bHeight": 12.0, "name": "", "levels": ""}, "geometry": {"type": "Polygon", "coordinates": [[[55.126404, 25.1203153], [55.1262602, 25.1202764], [55.1262106, 25.1204268], [55.1262395, 25.1204346], [55.1262286, 25.1204678], [55.1262729, 25.1204798], [55.1262655, 25.1205022], [55.1263361, 25.1205213], [55.126404, 25.1203153]]]}}, {"type": "Feature", "properties": {"status": "existing", "bHeight": 12.0, "name": "", "levels": ""}, "geometry": {"type": "Polygon", "coordinates": [[[55.1254115, 25.1202491], [55.1254816, 25.1200543], [55.1253397, 25.1200125], [55.1252856, 25.1201628], [55.125315, 25.1201714], [55.1253039, 25.1202023], [55.1253412, 25.1202133], [55.1253363, 25.1202269], [55.1254115, 25.1202491]]]}}, {"type": "Feature", "properties": {"status": "existing", "bHeight": 12.0, "name": "", "levels": ""}, "geometry": {"type": "Polygon", "coordinates": [[[55.1232657, 25.1198041], [55.1233349, 25.119832], [55.1233731, 25.1197543], [55.1233039, 25.1197264], [55.1232657, 25.1198041]]]}}, {"type": "Feature", "properties": {"status": "existing", "bHeight": 12.0, "name": "", "levels": ""}, "geometry": {"type": "Polygon", "coordinates": [[[55.1232134, 25.1199073], [55.1232828, 25.1199364], [55.1233284, 25.1198471], [55.123259, 25.119818], [55.1232134, 25.1199073]]]}}, {"type": "Feature", "properties": {"status": "existing", "bHeight": 12.0, "name": "", "levels": ""}, "geometry": {"type": "Polygon", "coordinates": [[[55.123094, 25.1193797], [55.1231745, 25.1192097], [55.1230484, 25.1191608], [55.1230225, 25.1192154], [55.1230123, 25.1192115], [55.1229695, 25.1193019], [55.1229984, 25.1193131], [55.1229866, 25.119338], [55.123094, 25.1193797]]]}}, {"type": "Feature", "properties": {"status": "existing", "bHeight": 12.0, "name": "", "levels": ""}, "geometry": {"type": "Polygon", "coordinates": [[[55.1533398, 25.1035471], [55.1533819, 25.1035802], [55.1534202, 25.1035404], [55.1533782, 25.1035073], [55.1533398, 25.1035471]]]}}, {"type": "Feature", "properties": {"status": "existing", "bHeight": 12.0, "name": "", "levels": ""}, "geometry": {"type": "Polygon", "coordinates": [[[55.1534135, 25.1034577], [55.1534708, 25.1035149], [55.1536007, 25.1034083], [55.1535434, 25.1033511], [55.1534135, 25.1034577]]]}}, {"type": "Feature", "properties": {"status": "existing", "bHeight": 12.0, "name": "", "levels": ""}, "geometry": {"type": "Polygon", "coordinates": [[[55.1567575, 25.1017907], [55.1568668, 25.1017016], [55.1568332, 25.1016678], [55.1567238, 25.1017568], [55.1567575, 25.1017907]]]}}, {"type": "Feature", "properties": {"status": "existing", "bHeight": 12.0, "name": "", "levels": ""}, "geometry": {"type": "Polygon", "coordinates": [[[55.1568609, 25.1016585], [55.1568941, 25.1016912], [55.1571367, 25.1014897], [55.1571036, 25.101457], [55.1568609, 25.1016585]]]}}, {"type": "Feature", "properties": {"status": "existing", "bHeight": 12.0, "name": "", "levels": ""}, "geometry": {"type": "Polygon", "coordinates": [[[55.1574916, 25.101177], [55.1575217, 25.1011523], [55.1574957, 25.1011264], [55.1574657, 25.1011511], [55.1574916, 25.101177]]]}}, {"type": "Feature", "properties": {"status": "existing", "bHeight": 12.0, "name": "", "levels": ""}, "geometry": {"type": "Polygon", "coordinates": [[[55.1557841, 25.1021208], [55.156026, 25.101934], [55.155995, 25.101901], [55.1557531, 25.1020879], [55.1557841, 25.1021208]]]}}, {"type": "Feature", "properties": {"status": "existing", "bHeight": 12.0, "name": "", "levels": ""}, "geometry": {"type": "Polygon", "coordinates": [[[55.1558358, 25.1022183], [55.1560753, 25.1020315], [55.1560442, 25.1019988], [55.1558047, 25.1021856], [55.1558358, 25.1022183]]]}}, {"type": "Feature", "properties": {"status": "existing", "bHeight": 12.0, "name": "", "levels": ""}, "geometry": {"type": "Polygon", "coordinates": [[[55.1526759, 25.1022785], [55.1527345, 25.1023616], [55.1528392, 25.102301], [55.1527807, 25.102218], [55.1526759, 25.1022785]]]}}, {"type": "Feature", "properties": {"status": "existing", "bHeight": 12.0, "name": "", "levels": ""}, "geometry": {"type": "Polygon", "coordinates": [[[55.1528255, 25.1021645], [55.1528836, 25.1022372], [55.1529323, 25.1022053], [55.1528741, 25.1021326], [55.1528255, 25.1021645]]]}}, {"type": "Feature", "properties": {"status": "existing", "bHeight": 12.0, "name": "", "levels": ""}, "geometry": {"type": "Polygon", "coordinates": [[[55.1529051, 25.1005493], [55.1529443, 25.100587], [55.1529721, 25.1005633], [55.1529329, 25.1005256], [55.1529051, 25.1005493]]]}}, {"type": "Feature", "properties": {"status": "existing", "bHeight": 12.0, "name": "", "levels": ""}, "geometry": {"type": "Polygon", "coordinates": [[[55.1546674, 25.1023615], [55.154777, 25.1024458], [55.1548007, 25.1024206], [55.154691, 25.1023363], [55.1546674, 25.1023615]]]}}, {"type": "Feature", "properties": {"status": "existing", "bHeight": 12.0, "name": "", "levels": ""}, "geometry": {"type": "Polygon", "coordinates": [[[55.1545173, 25.1024597], [55.15456, 25.1025078], [55.1545883, 25.1024873], [55.1545456, 25.1024391], [55.1545173, 25.1024597]]]}}, {"type": "Feature", "properties": {"status": "existing", "bHeight": 12.0, "name": "", "levels": ""}, "geometry": {"type": "Polygon", "coordinates": [[[55.1546223, 25.1024074], [55.154664, 25.1024479], [55.1547048, 25.1024135], [55.1546631, 25.102373], [55.1546223, 25.1024074]]]}}, {"type": "Feature", "properties": {"status": "existing", "bHeight": 12.0, "name": "", "levels": ""}, "geometry": {"type": "Polygon", "coordinates": [[[55.1543824, 25.1026216], [55.1544039, 25.1026329], [55.1544238, 25.102602], [55.1544024, 25.1025906], [55.1543824, 25.1026216]]]}}, {"type": "Feature", "properties": {"status": "existing", "bHeight": 12.0, "name": "", "levels": ""}, "geometry": {"type": "Polygon", "coordinates": [[[55.1541529, 25.1027508], [55.1541941, 25.1027894], [55.1542306, 25.1027575], [55.1541893, 25.1027189], [55.1541529, 25.1027508]]]}}, {"type": "Feature", "properties": {"status": "existing", "bHeight": 12.0, "name": "", "levels": ""}, "geometry": {"type": "Polygon", "coordinates": [[[55.1539657, 25.1029094], [55.1540002, 25.1029442], [55.1541219, 25.1028451], [55.1540873, 25.1028103], [55.1539657, 25.1029094]]]}}, {"type": "Feature", "properties": {"status": "existing", "bHeight": 12.0, "name": "", "levels": ""}, "geometry": {"type": "Polygon", "coordinates": [[[55.1538915, 25.1030728], [55.1540115, 25.1029759], [55.1539649, 25.1029286], [55.1538449, 25.1030254], [55.1538915, 25.1030728]]]}}, {"type": "Feature", "properties": {"status": "existing", "bHeight": 12.0, "name": "", "levels": ""}, "geometry": {"type": "Polygon", "coordinates": [[[55.153748, 25.1031376], [55.1537894, 25.1031791], [55.1538308, 25.1031452], [55.1537894, 25.1031037], [55.153748, 25.1031376]]]}}, {"type": "Feature", "properties": {"status": "existing", "bHeight": 12.0, "name": "", "levels": ""}, "geometry": {"type": "Polygon", "coordinates": [[[55.1535721, 25.1032974], [55.1536112, 25.1033308], [55.1536489, 25.1032947], [55.1536098, 25.1032612], [55.1535721, 25.1032974]]]}}, {"type": "Feature", "properties": {"status": "existing", "bHeight": 12.0, "name": "", "levels": ""}, "geometry": {"type": "Polygon", "coordinates": [[[55.1557083, 25.102451], [55.1557486, 25.1024255], [55.1556976, 25.1023557], [55.1556621, 25.1023842], [55.1557083, 25.102451]]]}}, {"type": "Feature", "properties": {"status": "existing", "bHeight": 12.0, "name": "", "levels": ""}, "geometry": {"type": "Polygon", "coordinates": [[[55.156842, 25.1018393], [55.1571878, 25.1015633], [55.1571533, 25.1015279], [55.1568075, 25.1018039], [55.156842, 25.1018393]]]}}, {"type": "Feature", "properties": {"status": "existing", "bHeight": 12.0, "name": "", "levels": ""}, "geometry": {"type": "Polygon", "coordinates": [[[55.1564498, 25.1023875], [55.1564913, 25.1023615], [55.1563492, 25.1021755], [55.1563077, 25.1022015], [55.1564498, 25.1023875]]]}}, {"type": "Feature", "properties": {"status": "existing", "bHeight": 12.0, "name": "", "levels": ""}, "geometry": {"type": "Polygon", "coordinates": [[[55.1562153, 25.1022773], [55.1563565, 25.1024541], [55.1563959, 25.1024283], [55.1562548, 25.1022515], [55.1562153, 25.1022773]]]}}, {"type": "Feature", "properties": {"status": "existing", "bHeight": 12.0, "name": "", "levels": ""}, "geometry": {"type": "Polygon", "coordinates": [[[55.1544948, 25.1029221], [55.154565, 25.1029397], [55.1548742, 25.103017], [55.1549357, 25.1028154], [55.1545563, 25.1027205], [55.1544948, 25.1029221]]]}}, {"type": "Feature", "properties": {"status": "existing", "bHeight": 12.0, "name": "", "levels": ""}, "geometry": {"type": "Polygon", "coordinates": [[[55.1269792, 25.1220401], [55.1268994, 25.1220437], [55.1269048, 25.1221409], [55.1269846, 25.1221373], [55.1269792, 25.1220401]]]}}, {"type": "Feature", "properties": {"status": "existing", "bHeight": 12.0, "name": "", "levels": ""}, "geometry": {"type": "Polygon", "coordinates": [[[55.1227319, 25.1217439], [55.1228298, 25.1217511], [55.122833, 25.121716], [55.1227351, 25.1217087], [55.1227319, 25.1217439]]]}}, {"type": "Feature", "properties": {"status": "existing", "bHeight": 12.0, "name": "", "levels": ""}, "geometry": {"type": "Polygon", "coordinates": [[[55.1221646, 25.1216637], [55.12228, 25.1216783], [55.1222848, 25.1216467], [55.1221695, 25.1216321], [55.1221646, 25.1216637]]]}}, {"type": "Feature", "properties": {"status": "existing", "bHeight": 12.0, "name": "", "levels": ""}, "geometry": {"type": "Polygon", "coordinates": [[[55.1188105, 25.1210918], [55.1189044, 25.120848], [55.1187554, 25.1208045], [55.1186763, 25.1210494], [55.1188105, 25.1210918]]]}}, {"type": "Feature", "properties": {"status": "existing", "bHeight": 12.0, "name": "", "levels": ""}, "geometry": {"type": "Polygon", "coordinates": [[[55.1221767, 25.1222745], [55.1220928, 25.1222621], [55.1220753, 25.1223593], [55.1221593, 25.1223716], [55.1221767, 25.1222745]]]}}, {"type": "Feature", "properties": {"status": "existing", "bHeight": 12.0, "name": "", "levels": ""}, "geometry": {"type": "Polygon", "coordinates": [[[55.1221874, 25.1222478], [55.1222089, 25.1221373], [55.1221259, 25.1221241], [55.1221045, 25.1222346], [55.1221874, 25.1222478]]]}}, {"type": "Feature", "properties": {"status": "existing", "bHeight": 12.0, "name": "", "levels": ""}, "geometry": {"type": "Polygon", "coordinates": [[[55.1209711, 25.1142973], [55.121047, 25.1142368], [55.1209926, 25.1141809], [55.1209167, 25.1142414], [55.1209711, 25.1142973]]]}}, {"type": "Feature", "properties": {"status": "existing", "bHeight": 12.0, "name": "", "levels": ""}, "geometry": {"type": "Polygon", "coordinates": [[[55.1208007, 25.1143349], [55.1208564, 25.1143871], [55.1209575, 25.1142987], [55.1209019, 25.1142465], [55.1208007, 25.1143349]]]}}, {"type": "Feature", "properties": {"status": "existing", "bHeight": 12.0, "name": "", "levels": ""}, "geometry": {"type": "Polygon", "coordinates": [[[55.1177806, 25.1099821], [55.1177484, 25.1099202], [55.1176624, 25.1099568], [55.1176945, 25.1100188], [55.1177806, 25.1099821]]]}}, {"type": "Feature", "properties": {"status": "existing", "bHeight": 12.0, "name": "", "levels": ""}, "geometry": {"type": "Polygon", "coordinates": [[[55.1177953, 25.1099724], [55.11797, 25.109888], [55.1179378, 25.1098334], [55.1177631, 25.1099177], [55.1177953, 25.1099724]]]}}, {"type": "Feature", "properties": {"status": "existing", "bHeight": 12.0, "name": "", "levels": ""}, "geometry": {"type": "Polygon", "coordinates": [[[55.1248374, 25.1179309], [55.1249075, 25.1178275], [55.1248371, 25.1177883], [55.1247669, 25.1178917], [55.1248374, 25.1179309]]]}}, {"type": "Feature", "properties": {"status": "existing", "bHeight": 12.0, "name": "", "levels": ""}, "geometry": {"type": "Polygon", "coordinates": [[[55.1283431, 25.1172766], [55.1282683, 25.1173461], [55.1283257, 25.1173968], [55.1284005, 25.1173272], [55.1283431, 25.1172766]]]}}, {"type": "Feature", "properties": {"status": "existing", "bHeight": 12.0, "name": "", "levels": ""}, "geometry": {"type": "Polygon", "coordinates": [[[55.1283512, 25.1172644], [55.1284044, 25.1173114], [55.1284732, 25.1172474], [55.12842, 25.1172005], [55.1283512, 25.1172644]]]}}, {"type": "Feature", "properties": {"status": "existing", "bHeight": 12.0, "name": "", "levels": ""}, "geometry": {"type": "Polygon", "coordinates": [[[55.1269054, 25.1161036], [55.127061, 25.1159663], [55.1269628, 25.115875], [55.1269048, 25.1159261], [55.1268866, 25.1159091], [55.1267889, 25.1159952], [55.1269054, 25.1161036]]]}}, {"type": "Feature", "properties": {"status": "existing", "bHeight": 12.0, "name": "", "levels": ""}, "geometry": {"type": "Polygon", "coordinates": [[[55.1242192, 25.1127035], [55.1240658, 25.1124859], [55.1238933, 25.1125857], [55.1240467, 25.1128032], [55.1242192, 25.1127035]]]}}, {"type": "Feature", "properties": {"status": "existing", "bHeight": 12.0, "name": "", "levels": ""}, "geometry": {"type": "Polygon", "coordinates": [[[55.1238866, 25.1124837], [55.1240556, 25.112386], [55.1239891, 25.1122917], [55.1238851, 25.1123518], [55.1238719, 25.1123331], [55.123807, 25.1123707], [55.1238866, 25.1124837]]]}}, {"type": "Feature", "properties": {"status": "existing", "bHeight": 12.0, "name": "", "levels": ""}, "geometry": {"type": "Polygon", "coordinates": [[[55.1227568, 25.1111693], [55.1228175, 25.1112838], [55.122624, 25.1113756], [55.1225613, 25.1112504], [55.1227568, 25.1111693]]]}}, {"type": "Feature", "properties": {"status": "existing", "bHeight": 12.0, "name": "", "levels": ""}, "geometry": {"type": "Polygon", "coordinates": [[[55.122565, 25.1099396], [55.1224595, 25.109979], [55.1224905, 25.1100471], [55.122596, 25.1100077], [55.122565, 25.1099396]]]}}, {"type": "Feature", "properties": {"status": "existing", "bHeight": 12.0, "name": "", "levels": ""}, "geometry": {"type": "Polygon", "coordinates": [[[55.1225784, 25.1099384], [55.1226086, 25.1100048], [55.1226937, 25.109973], [55.1226635, 25.1099066], [55.1225784, 25.1099384]]]}}, {"type": "Feature", "properties": {"status": "existing", "bHeight": 12.0, "name": "", "levels": ""}, "geometry": {"type": "Polygon", "coordinates": [[[55.1211803, 25.1054658], [55.1211936, 25.105586], [55.1212186, 25.1055838], [55.1212327, 25.1057104], [55.1214264, 25.1056928], [55.1214187, 25.1056238], [55.121366, 25.1056286], [55.1213594, 25.105569], [55.1214121, 25.1055642], [55.1213989, 25.1054459], [55.1211803, 25.1054658]]]}}, {"type": "Feature", "properties": {"status": "existing", "bHeight": 12.0, "name": "", "levels": ""}, "geometry": {"type": "Polygon", "coordinates": [[[55.1208289, 25.105501], [55.1208383, 25.105569], [55.1209707, 25.105554], [55.1209613, 25.105486], [55.1208289, 25.105501]]]}}, {"type": "Feature", "properties": {"status": "existing", "bHeight": 12.0, "name": "", "levels": ""}, "geometry": {"type": "Polygon", "coordinates": [[[55.1208879, 25.1054354], [55.1208597, 25.105229], [55.1206597, 25.1052514], [55.1206713, 25.1053361], [55.1207348, 25.105329], [55.1207437, 25.1053942], [55.1206802, 25.1054013], [55.1206879, 25.1054578], [55.1208879, 25.1054354]]]}}, {"type": "Feature", "properties": {"status": "existing", "bHeight": 12.0, "name": "", "levels": ""}, "geometry": {"type": "Polygon", "coordinates": [[[55.121132, 25.1052011], [55.1211628, 25.1054172], [55.1213961, 25.1053899], [55.1213652, 25.1051738], [55.121132, 25.1052011]]]}}, {"type": "Feature", "properties": {"status": "existing", "bHeight": 12.0, "name": "", "levels": ""}, "geometry": {"type": "Polygon", "coordinates": [[[55.1207592, 25.1051901], [55.1208088, 25.1049825], [55.1206251, 25.1049413], [55.1205567, 25.1051939], [55.1207592, 25.1051901]]]}}, {"type": "Feature", "properties": {"status": "existing", "bHeight": 12.0, "name": "", "levels": ""}, "geometry": {"type": "Polygon", "coordinates": [[[55.1211293, 25.104923], [55.1211416, 25.104761], [55.1207111, 25.1048229], [55.1207806, 25.1049618], [55.1211293, 25.104923]]]}}, {"type": "Feature", "properties": {"status": "existing", "bHeight": 12.0, "name": "", "levels": ""}, "geometry": {"type": "Polygon", "coordinates": [[[55.1212299, 25.1051331], [55.1214187, 25.105091], [55.1212578, 25.1048396], [55.1211333, 25.104963], [55.1212299, 25.1051331]]]}}, {"type": "Feature", "properties": {"status": "existing", "bHeight": 12.0, "name": "", "levels": ""}, "geometry": {"type": "Polygon", "coordinates": [[[55.1264146, 25.1106221], [55.1263355, 25.110395], [55.1261423, 25.1104502], [55.1262214, 25.1106773], [55.1264146, 25.1106221]]]}}, {"type": "Feature", "properties": {"status": "existing", "bHeight": 12.0, "name": "", "levels": ""}, "geometry": {"type": "Polygon", "coordinates": [[[55.1259868, 25.1098716], [55.126192, 25.1098097], [55.126166, 25.109739], [55.1259608, 25.1098009], [55.1259868, 25.1098716]]]}}, {"type": "Feature", "properties": {"status": "existing", "bHeight": 12.0, "name": "", "levels": ""}, "geometry": {"type": "Polygon", "coordinates": [[[55.1258969, 25.1090519], [55.1258379, 25.1088114], [55.1256143, 25.1088565], [55.1256355, 25.1089431], [55.1257205, 25.108926], [55.1257336, 25.1089796], [55.1256487, 25.1089967], [55.1256733, 25.1090969], [55.1258969, 25.1090519]]]}}, {"type": "Feature", "properties": {"status": "existing", "bHeight": 12.0, "name": "", "levels": ""}, "geometry": {"type": "Polygon", "coordinates": [[[55.1256166, 25.1080913], [55.1254651, 25.1074708], [55.125247, 25.1075144], [55.1253162, 25.107744], [55.1253712, 25.1078424], [55.1253637, 25.1079924], [55.1253533, 25.1080262], [55.1253519, 25.1080612], [55.1253574, 25.1080895], [55.1253688, 25.1081164], [55.1253985, 25.108135], [55.1256166, 25.1080913]]]}}, {"type": "Feature", "properties": {"status": "existing", "bHeight": 12.0, "name": "", "levels": ""}, "geometry": {"type": "Polygon", "coordinates": [[[55.1252474, 25.106128], [55.1252255, 25.1058313], [55.1250516, 25.1058419], [55.1250567, 25.1059099], [55.12499, 25.1059139], [55.1250039, 25.1061021], [55.1250823, 25.1060974], [55.1250853, 25.1061379], [55.1252474, 25.106128]]]}}, {"type": "Feature", "properties": {"status": "existing", "bHeight": 12.0, "name": "", "levels": ""}, "geometry": {"type": "Polygon", "coordinates": [[[55.1251736, 25.1058006], [55.1251499, 25.1054804], [55.1249623, 25.1054917], [55.124986, 25.1058119], [55.1251736, 25.1058006]]]}}, {"type": "Feature", "properties": {"status": "existing", "bHeight": 12.0, "name": "", "levels": ""}, "geometry": {"type": "Polygon", "coordinates": [[[55.1251177, 25.1042696], [55.125116, 25.1039974], [55.1248428, 25.1039988], [55.124816, 25.1041093], [55.1248857, 25.1041069], [55.1248884, 25.1041518], [55.124867, 25.1041797], [55.1248714, 25.1042759], [55.1251177, 25.1042696]]]}}, {"type": "Feature", "properties": {"status": "existing", "bHeight": 12.0, "name": "", "levels": ""}, "geometry": {"type": "Polygon", "coordinates": [[[55.1255147, 25.1043504], [55.1255128, 25.1040461], [55.1255128, 25.1040459], [55.1254024, 25.1040465], [55.1254021, 25.103997], [55.1252651, 25.1039977], [55.1252668, 25.10426], [55.1253657, 25.1042595], [55.1253662, 25.1043512], [55.1255147, 25.1043504]]]}}, {"type": "Feature", "properties": {"status": "existing", "bHeight": 12.0, "name": "", "levels": ""}, "geometry": {"type": "Polygon", "coordinates": [[[55.1253565, 25.1049387], [55.1255134, 25.1049387], [55.1255134, 25.1048744], [55.1253565, 25.1048744], [55.1253565, 25.1049387]]]}}, {"type": "Feature", "properties": {"status": "existing", "bHeight": 12.0, "name": "", "levels": ""}, "geometry": {"type": "Polygon", "coordinates": [[[55.1253337, 25.1045016], [55.1253578, 25.1048683], [55.1255501, 25.1048579], [55.1255458, 25.1047922], [55.1255724, 25.1047907], [55.1255653, 25.1046838], [55.1255386, 25.1046853], [55.1255259, 25.1044912], [55.1253337, 25.1045016]]]}}, {"type": "Feature", "properties": {"status": "existing", "bHeight": 12.0, "name": "", "levels": ""}, "geometry": {"type": "Polygon", "coordinates": [[[55.1256341, 25.1052958], [55.1256153, 25.104963], [55.125399, 25.104973], [55.1254178, 25.1053058], [55.1256341, 25.1052958]]]}}, {"type": "Feature", "properties": {"status": "existing", "bHeight": 12.0, "name": "", "levels": ""}, "geometry": {"type": "Polygon", "coordinates": [[[55.1327164, 25.1172413], [55.1327496, 25.1172961], [55.1328475, 25.1172475], [55.1328143, 25.1171928], [55.1327164, 25.1172413]]]}}, {"type": "Feature", "properties": {"status": "existing", "bHeight": 12.0, "name": "", "levels": ""}, "geometry": {"type": "Polygon", "coordinates": [[[55.1313772, 25.1141], [55.1313517, 25.1140366], [55.1314405, 25.1140074], [55.131466, 25.1140706], [55.1313772, 25.1141]]]}}, {"type": "Feature", "properties": {"status": "existing", "bHeight": 12.0, "name": "", "levels": ""}, "geometry": {"type": "Polygon", "coordinates": [[[55.129723, 25.1102389], [55.12971, 25.11017], [55.1298164, 25.1101536], [55.1298294, 25.1102225], [55.129723, 25.1102389]]]}}, {"type": "Feature", "properties": {"status": "existing", "bHeight": 12.0, "name": "", "levels": ""}, "geometry": {"type": "Polygon", "coordinates": [[[55.1298451, 25.1051695], [55.1302068, 25.1051797], [55.1302162, 25.1049077], [55.1298545, 25.1048975], [55.1298451, 25.1051695]]]}}, {"type": "Feature", "properties": {"status": "existing", "bHeight": 12.0, "name": "", "levels": ""}, "geometry": {"type": "Polygon", "coordinates": [[[55.1294361, 25.1047687], [55.1295944, 25.1048027], [55.1295876, 25.1048367], [55.1296721, 25.1048477], [55.1296735, 25.1048234], [55.129821, 25.1048258], [55.129825, 25.1048525], [55.1300557, 25.1048695], [55.1300584, 25.1047748], [55.1300946, 25.1047748], [55.1301174, 25.1047736], [55.1301254, 25.1046934], [55.1301643, 25.1046959], [55.1301737, 25.10447], [55.1299632, 25.1042514], [55.1299766, 25.1042392], [55.1299296, 25.1041943], [55.1298639, 25.1042514], [55.1297083, 25.1042623], [55.1296587, 25.1041907], [55.1296319, 25.1042052], [55.129656, 25.1042368], [55.1296091, 25.1042757], [55.129585, 25.1042429], [55.1295608, 25.1042647], [55.1295769, 25.1042817], [55.1294723, 25.1043643], [55.1293905, 25.104453], [55.1294616, 25.1045088], [55.1293959, 25.1045076], [55.1293905, 25.1047116], [55.1294442, 25.1047129], [55.1294361, 25.1047687]]]}}, {"type": "Feature", "properties": {"status": "existing", "bHeight": 12.0, "name": "", "levels": ""}, "geometry": {"type": "Polygon", "coordinates": [[[55.1315296, 25.1181727], [55.1315801, 25.1182179], [55.1316821, 25.1181244], [55.1316315, 25.1180792], [55.1315296, 25.1181727]]]}}, {"type": "Feature", "properties": {"status": "existing", "bHeight": 6.2, "name": "", "levels": "1", "height_source": "osm_geom", "height_basis": "osm levels 1 · 100% of this footprint"}, "geometry": {"type": "Polygon", "coordinates": [[[55.1308597, 25.1176913], [55.1309858, 25.1175771], [55.1308772, 25.1174787], [55.1307524, 25.1175917], [55.1307772, 25.1176141], [55.1307577, 25.1176318], [55.130804, 25.1176736], [55.1308221, 25.1176572], [55.1308597, 25.1176913]]]}}, {"type": "Feature", "properties": {"status": "existing", "bHeight": 6.2, "name": "", "levels": "1", "height_source": "osm_geom", "height_basis": "osm levels 1 · 100% of this footprint"}, "geometry": {"type": "Polygon", "coordinates": [[[55.1310274, 25.1178005], [55.1311266, 25.1177107], [55.131018, 25.1176123], [55.1309187, 25.1177022], [55.1310274, 25.1178005]]]}}, {"type": "Feature", "properties": {"status": "existing", "bHeight": 12.0, "name": "", "levels": ""}, "geometry": {"type": "Polygon", "coordinates": [[[55.131255, 25.1174514], [55.1313573, 25.1175531], [55.1315714, 25.1173766], [55.1314691, 25.1172749], [55.131255, 25.1174514]]]}}, {"type": "Feature", "properties": {"status": "existing", "bHeight": 12.0, "name": "", "levels": ""}, "geometry": {"type": "Polygon", "coordinates": [[[55.1311621, 25.1169936], [55.1310709, 25.1168977], [55.1308702, 25.1170541], [55.1309614, 25.1171501], [55.1311621, 25.1169936]]]}}, {"type": "Feature", "properties": {"status": "existing", "bHeight": 12.0, "name": "", "levels": ""}, "geometry": {"type": "Polygon", "coordinates": [[[55.1296413, 25.1156761], [55.1299109, 25.1154964], [55.1297932, 25.1153517], [55.1295236, 25.1155314], [55.1296413, 25.1156761]]]}}, {"type": "Feature", "properties": {"status": "existing", "bHeight": 12.0, "name": "", "levels": ""}, "geometry": {"type": "Polygon", "coordinates": [[[55.1293744, 25.1160635], [55.1294723, 25.1161722], [55.1296614, 25.1160325], [55.1295635, 25.1159238], [55.1293744, 25.1160635]]]}}, {"type": "Feature", "properties": {"status": "existing", "bHeight": 12.0, "name": "", "levels": ""}, "geometry": {"type": "Polygon", "coordinates": [[[55.129133, 25.1157988], [55.1293382, 25.1160441], [55.1295788, 25.115879], [55.1293737, 25.1156337], [55.129133, 25.1157988]]]}}, {"type": "Feature", "properties": {"status": "existing", "bHeight": 12.0, "name": "", "levels": ""}, "geometry": {"type": "Polygon", "coordinates": [[[55.1286703, 25.1147787], [55.1285121, 25.114548], [55.1283347, 25.1146478], [55.1284929, 25.1148785], [55.1286703, 25.1147787]]]}}, {"type": "Feature", "properties": {"status": "existing", "bHeight": 12.0, "name": "", "levels": ""}, "geometry": {"type": "Polygon", "coordinates": [[[55.1291424, 25.1149487], [55.1293025, 25.1148575], [55.1292081, 25.1147217], [55.129048, 25.114813], [55.1291424, 25.1149487]]]}}, {"type": "Feature", "properties": {"status": "existing", "bHeight": 12.0, "name": "", "levels": ""}, "geometry": {"type": "Polygon", "coordinates": [[[55.1287629, 25.1141206], [55.1287223, 25.1140564], [55.1285443, 25.1141485], [55.1285848, 25.1142127], [55.1287629, 25.1141206]]]}}, {"type": "Feature", "properties": {"status": "existing", "bHeight": 12.0, "name": "", "levels": ""}, "geometry": {"type": "Polygon", "coordinates": [[[55.128099, 25.1143149], [55.1283684, 25.1141749], [55.1282693, 25.1140186], [55.128, 25.1141585], [55.128099, 25.1143149]]]}}, {"type": "Feature", "properties": {"status": "existing", "bHeight": 12.0, "name": "", "levels": ""}, "geometry": {"type": "Polygon", "coordinates": [[[55.1274674, 25.1117757], [55.1274067, 25.1116451], [55.1271709, 25.111735], [55.1272316, 25.1118656], [55.1274674, 25.1117757]]]}}, {"type": "Feature", "properties": {"status": "existing", "bHeight": 12.0, "name": "", "levels": ""}, "geometry": {"type": "Polygon", "coordinates": [[[55.1265661, 25.1113434], [55.1265407, 25.111449], [55.1266345, 25.1115049], [55.1266788, 25.111477], [55.1267391, 25.1114673], [55.1267633, 25.1113458], [55.1266748, 25.1112936], [55.1266238, 25.1113252], [55.1265661, 25.1113434]]]}}, {"type": "Feature", "properties": {"status": "existing", "bHeight": 12.0, "name": "", "levels": ""}, "geometry": {"type": "Polygon", "coordinates": [[[55.1303454, 25.1216054], [55.1303588, 25.1216734], [55.1304997, 25.1216507], [55.1304862, 25.1215827], [55.1303454, 25.1216054]]]}}, {"type": "Feature", "properties": {"status": "existing", "bHeight": 12.0, "name": "", "levels": ""}, "geometry": {"type": "Polygon", "coordinates": [[[55.1299627, 25.1212341], [55.1299014, 25.1210929], [55.1299824, 25.121064], [55.1299997, 25.1211039], [55.1301005, 25.1210679], [55.1301686, 25.1212247], [55.1300615, 25.1212628], [55.1300513, 25.1212393], [55.1300095, 25.1212542], [55.1299956, 25.1212224], [55.1299627, 25.1212341]]]}}, {"type": "Feature", "properties": {"status": "existing", "bHeight": 12.0, "name": "", "levels": ""}, "geometry": {"type": "Polygon", "coordinates": [[[55.1298229, 25.1213467], [55.1297588, 25.1211993], [55.1298389, 25.1211708], [55.1298656, 25.1212322], [55.1299371, 25.1212068], [55.1299744, 25.1212928], [55.1299223, 25.1213113], [55.1299336, 25.1213373], [55.1298833, 25.1213552], [55.129872, 25.1213292], [55.1298229, 25.1213467]]]}}, {"type": "Feature", "properties": {"status": "existing", "bHeight": 12.0, "name": "", "levels": ""}, "geometry": {"type": "Polygon", "coordinates": [[[55.1296826, 25.1214437], [55.1296213, 25.1213025], [55.1297023, 25.1212736], [55.1297196, 25.1213134], [55.1297866, 25.1212896], [55.1298547, 25.1214463], [55.1297814, 25.1214724], [55.1297712, 25.1214489], [55.1297294, 25.1214638], [55.1297155, 25.1214319], [55.1296826, 25.1214437]]]}}, {"type": "Feature", "properties": {"status": "existing", "bHeight": 12.0, "name": "", "levels": ""}, "geometry": {"type": "Polygon", "coordinates": [[[55.1295493, 25.1215555], [55.1294853, 25.1214082], [55.1295653, 25.1213797], [55.129592, 25.121441], [55.1296635, 25.1214156], [55.1297008, 25.1215016], [55.1296487, 25.1215202], [55.12966, 25.1215461], [55.1296097, 25.121564], [55.1295984, 25.121538], [55.1295493, 25.1215555]]]}}, {"type": "Feature", "properties": {"status": "existing", "bHeight": 12.0, "name": "", "levels": ""}, "geometry": {"type": "Polygon", "coordinates": [[[55.1292938, 25.1218807], [55.1293902, 25.1218817], [55.129391, 25.1218174], [55.1292947, 25.1218163], [55.1292938, 25.1218807]]]}}, {"type": "Feature", "properties": {"status": "existing", "bHeight": 12.0, "name": "", "levels": ""}, "geometry": {"type": "Polygon", "coordinates": [[[55.1293436, 25.1256925], [55.1293293, 25.1256201], [55.1292314, 25.1256359], [55.1292457, 25.1257083], [55.1293436, 25.1256925]]]}}, {"type": "Feature", "properties": {"status": "existing", "bHeight": 12.0, "name": "", "levels": ""}, "geometry": {"type": "Polygon", "coordinates": [[[55.1293623, 25.125684], [55.1294643, 25.1256695], [55.1294522, 25.1256004], [55.1293503, 25.125615], [55.1293623, 25.125684]]]}}, {"type": "Feature", "properties": {"status": "existing", "bHeight": 12.0, "name": "", "levels": ""}, "geometry": {"type": "Polygon", "coordinates": [[[55.1301482, 25.1266068], [55.1301069, 25.1264306], [55.129899, 25.1264705], [55.1299227, 25.1265715], [55.1298651, 25.1265826], [55.1298827, 25.1266578], [55.1301482, 25.1266068]]]}}, {"type": "Feature", "properties": {"status": "existing", "bHeight": 12.0, "name": "", "levels": ""}, "geometry": {"type": "Polygon", "coordinates": [[[55.1307301, 25.1290319], [55.1308152, 25.1290026], [55.1308197, 25.1290135], [55.13085, 25.1290031], [55.1308454, 25.1289922], [55.1309156, 25.1289681], [55.1308647, 25.1288466], [55.130679, 25.1289105], [55.1306952, 25.1289491], [55.1307105, 25.1289438], [55.1307252, 25.1289789], [55.13071, 25.1289841], [55.1307301, 25.1290319]]]}}, {"type": "Feature", "properties": {"status": "existing", "bHeight": 12.0, "name": "", "levels": ""}, "geometry": {"type": "Polygon", "coordinates": [[[55.1307926, 25.1291881], [55.1308777, 25.1291588], [55.1308823, 25.1291697], [55.1309125, 25.1291593], [55.1309079, 25.1291484], [55.1309782, 25.1291243], [55.1309272, 25.1290029], [55.1307416, 25.1290667], [55.1307577, 25.1291053], [55.130773, 25.1291001], [55.1307877, 25.1291351], [55.1307725, 25.1291403], [55.1307926, 25.1291881]]]}}, {"type": "Feature", "properties": {"status": "existing", "bHeight": 12.0, "name": "", "levels": ""}, "geometry": {"type": "Polygon", "coordinates": [[[55.1308604, 25.1293448], [55.1310576, 25.1292769], [55.1310067, 25.1291555], [55.1308093, 25.1292234], [55.1308255, 25.129262], [55.1308408, 25.1292567], [55.1308554, 25.1292918], [55.1308403, 25.129297], [55.1308604, 25.1293448]]]}}, {"type": "Feature", "properties": {"status": "existing", "bHeight": 12.0, "name": "", "levels": ""}, "geometry": {"type": "Polygon", "coordinates": [[[55.1309985, 25.1295245], [55.1310267, 25.1295822], [55.1311145, 25.129547], [55.1310863, 25.1294893], [55.1309985, 25.1295245]]]}}, {"type": "Feature", "properties": {"status": "existing", "bHeight": 12.0, "name": "", "levels": ""}, "geometry": {"type": "Polygon", "coordinates": [[[55.1308892, 25.1295634], [55.1309138, 25.1296223], [55.1310077, 25.1295901], [55.1309831, 25.1295312], [55.1308892, 25.1295634]]]}}, {"type": "Feature", "properties": {"status": "existing", "bHeight": 12.0, "name": "", "levels": ""}, "geometry": {"type": "Polygon", "coordinates": [[[55.1304098, 25.1294653], [55.1303778, 25.1293942], [55.1303488, 25.1294049], [55.1303296, 25.1293622], [55.1303579, 25.1293518], [55.1303317, 25.1292937], [55.1303402, 25.1292906], [55.1303576, 25.1292841], [55.1303218, 25.1292045], [55.1304318, 25.1291639], [55.1304668, 25.1292416], [55.1304746, 25.1292387], [55.1305039, 25.1293037], [55.1305282, 25.1292947], [55.1305444, 25.1293305], [55.1305242, 25.1293379], [55.1305571, 25.1294109], [55.1304098, 25.1294653]]]}}, {"type": "Feature", "properties": {"status": "existing", "bHeight": 12.0, "name": "", "levels": ""}, "geometry": {"type": "Polygon", "coordinates": [[[55.1326092, 25.1332592], [55.1326548, 25.1333151], [55.1327648, 25.1332414], [55.1327192, 25.1331856], [55.1326092, 25.1332592]]]}}, {"type": "Feature", "properties": {"status": "existing", "bHeight": 12.0, "name": "", "levels": ""}, "geometry": {"type": "Polygon", "coordinates": [[[55.1330517, 25.1336016], [55.1330031, 25.1335432], [55.1329015, 25.1336125], [55.1329502, 25.1336709], [55.1330517, 25.1336016]]]}}, {"type": "Feature", "properties": {"status": "existing", "bHeight": 12.0, "name": "", "levels": ""}, "geometry": {"type": "Polygon", "coordinates": [[[55.1332395, 25.1338104], [55.1330751, 25.1336131], [55.1328708, 25.1337526], [55.1328521, 25.1337301], [55.132754, 25.1337971], [55.1328396, 25.1338998], [55.1329013, 25.1338577], [55.1329987, 25.1339748], [55.1332395, 25.1338104]]]}}, {"type": "Feature", "properties": {"status": "existing", "bHeight": 12.0, "name": "", "levels": ""}, "geometry": {"type": "Polygon", "coordinates": [[[55.1335412, 25.1341905], [55.1332945, 25.1338942], [55.1330618, 25.134053], [55.1332474, 25.1342758], [55.1331761, 25.1343246], [55.1332372, 25.134398], [55.1335412, 25.1341905]]]}}, {"type": "Feature", "properties": {"status": "existing", "bHeight": 12.0, "name": "", "levels": ""}, "geometry": {"type": "Polygon", "coordinates": [[[55.1336418, 25.1335118], [55.1335264, 25.1333705], [55.1333119, 25.1335142], [55.1334273, 25.1336554], [55.1336418, 25.1335118]]]}}, {"type": "Feature", "properties": {"status": "existing", "bHeight": 12.0, "name": "", "levels": ""}, "geometry": {"type": "Polygon", "coordinates": [[[55.133725, 25.1335385], [55.1334668, 25.1337114], [55.1336043, 25.1338796], [55.1338624, 25.1337067], [55.133725, 25.1335385]]]}}, {"type": "Feature", "properties": {"status": "existing", "bHeight": 12.0, "name": "", "levels": ""}, "geometry": {"type": "Polygon", "coordinates": [[[55.1337968, 25.1340605], [55.1339613, 25.1339503], [55.1338392, 25.133801], [55.1336566, 25.1339234], [55.1337049, 25.1339825], [55.1337231, 25.1339703], [55.1337968, 25.1340605]]]}}, {"type": "Feature", "properties": {"status": "existing", "bHeight": 12.0, "name": "", "levels": ""}, "geometry": {"type": "Polygon", "coordinates": [[[55.134193, 25.134391], [55.1342684, 25.1343375], [55.1342045, 25.1342636], [55.134241, 25.1342378], [55.1341681, 25.1341535], [55.1340562, 25.1342328], [55.134193, 25.134391]]]}}, {"type": "Feature", "properties": {"status": "existing", "bHeight": 12.0, "name": "", "levels": ""}, "geometry": {"type": "Polygon", "coordinates": [[[55.1339824, 25.1340885], [55.1340789, 25.134197], [55.1342078, 25.134103], [55.1341113, 25.1339946], [55.1339824, 25.1340885]]]}}, {"type": "Feature", "properties": {"status": "existing", "bHeight": 12.0, "name": "", "levels": ""}, "geometry": {"type": "Polygon", "coordinates": [[[55.1333562, 25.1344819], [55.133468, 25.1346077], [55.133564, 25.1345377], [55.1334521, 25.1344119], [55.1333562, 25.1344819]]]}}, {"type": "Feature", "properties": {"status": "existing", "bHeight": 12.0, "name": "", "levels": ""}, "geometry": {"type": "Polygon", "coordinates": [[[55.1335251, 25.1344187], [55.1336309, 25.1345376], [55.1336987, 25.1344881], [55.1337366, 25.1345307], [55.1336892, 25.1345653], [55.133795, 25.1346843], [55.1339214, 25.1345921], [55.1338413, 25.1345021], [55.1340938, 25.1343181], [55.1339733, 25.1341825], [55.133817, 25.1342964], [55.1337682, 25.1342415], [55.1335251, 25.1344187]]]}}, {"type": "Feature", "properties": {"status": "existing", "bHeight": 9.4, "name": "", "levels": "2", "height_source": "osm_geom", "height_basis": "osm levels 2 · 100% of this footprint"}, "geometry": {"type": "Polygon", "coordinates": [[[55.1285465, 25.122302], [55.1284853, 25.1221608], [55.1285662, 25.122132], [55.1285792, 25.1221618], [55.1286807, 25.1221257], [55.1287532, 25.1222924], [55.1286453, 25.1223308], [55.1286351, 25.1223073], [55.1285933, 25.1223221], [55.1285795, 25.1222903], [55.1285465, 25.122302]]]}}, {"type": "Feature", "properties": {"status": "existing", "bHeight": 9.4, "name": "", "levels": "2", "height_source": "osm_geom", "height_basis": "osm levels 2 · 100% of this footprint"}, "geometry": {"type": "Polygon", "coordinates": [[[55.1284114, 25.122414], [55.1283473, 25.1222666], [55.1284274, 25.1222382], [55.1284541, 25.1222995], [55.1285255, 25.1222741], [55.1285628, 25.1223601], [55.1285108, 25.1223786], [55.1285221, 25.1224046], [55.1284718, 25.1224225], [55.1284605, 25.1223965], [55.1284114, 25.122414]]]}}, {"type": "Feature", "properties": {"status": "existing", "bHeight": 9.4, "name": "", "levels": "2", "height_source": "osm_geom", "height_basis": "osm levels 2 · 100% of this footprint"}, "geometry": {"type": "Polygon", "coordinates": [[[55.1282786, 25.1225154], [55.1282146, 25.122368], [55.1282946, 25.1223395], [55.1283213, 25.1224009], [55.1283853, 25.1223782], [55.1284226, 25.1224642], [55.1283854, 25.1224774], [55.1283967, 25.1225034], [55.1283365, 25.1225248], [55.1283252, 25.1224988], [55.1282786, 25.1225154]]]}}, {"type": "Feature", "properties": {"status": "existing", "bHeight": 12.0, "name": "", "levels": ""}, "geometry": {"type": "Polygon", "coordinates": [[[55.1279146, 25.1230133], [55.1278207, 25.1229921], [55.1278024, 25.1230585], [55.1278963, 25.1230798], [55.1279146, 25.1230133]]]}}, {"type": "Feature", "properties": {"status": "existing", "bHeight": 12.0, "name": "", "levels": ""}, "geometry": {"type": "Polygon", "coordinates": [[[55.1279616, 25.1230322], [55.1279441, 25.1230929], [55.1280175, 25.1231101], [55.1280349, 25.1230494], [55.1279616, 25.1230322]]]}}, {"type": "Feature", "properties": {"status": "existing", "bHeight": 12.0, "name": "", "levels": ""}, "geometry": {"type": "Polygon", "coordinates": [[[55.1272354, 25.12565], [55.1273708, 25.1256646], [55.1273761, 25.1256239], [55.1272407, 25.1256093], [55.1272354, 25.12565]]]}}, {"type": "Feature", "properties": {"status": "existing", "bHeight": 12.0, "name": "", "levels": ""}, "geometry": {"type": "Polygon", "coordinates": [[[55.1273668, 25.1257824], [55.127517, 25.1257994], [55.1275232, 25.1257544], [55.127373, 25.1257374], [55.1273668, 25.1257824]]]}}, {"type": "Feature", "properties": {"status": "existing", "bHeight": 12.0, "name": "", "levels": ""}, "geometry": {"type": "Polygon", "coordinates": [[[55.1272193, 25.1257666], [55.127352, 25.1257775], [55.1273564, 25.1257341], [55.1272236, 25.1257231], [55.1272193, 25.1257666]]]}}, {"type": "Feature", "properties": {"status": "existing", "bHeight": 12.0, "name": "", "levels": ""}, "geometry": {"type": "Polygon", "coordinates": [[[55.1272595, 25.1255978], [55.1274982, 25.1256185], [55.1275328, 25.125291], [55.127294, 25.1252703], [55.1272595, 25.1255978]]]}}, {"type": "Feature", "properties": {"status": "existing", "bHeight": 12.0, "name": "", "levels": ""}, "geometry": {"type": "Polygon", "coordinates": [[[55.1267633, 25.127634], [55.1266614, 25.1276328], [55.1266603, 25.1277032], [55.1267623, 25.1277044], [55.1267633, 25.127634]]]}}, {"type": "Feature", "properties": {"status": "existing", "bHeight": 12.0, "name": "", "levels": ""}, "geometry": {"type": "Polygon", "coordinates": [[[55.1268049, 25.1276328], [55.1268049, 25.127702], [55.1269108, 25.127702], [55.1269108, 25.1276328], [55.1268049, 25.1276328]]]}}, {"type": "Feature", "properties": {"status": "existing", "bHeight": 12.0, "name": "", "levels": ""}, "geometry": {"type": "Polygon", "coordinates": [[[55.1268947, 25.1280517], [55.1267232, 25.1280541], [55.1267272, 25.1282873], [55.1268987, 25.1282848], [55.1268947, 25.1280517]]]}}, {"type": "Feature", "properties": {"status": "existing", "bHeight": 12.0, "name": "", "levels": ""}, "geometry": {"type": "Polygon", "coordinates": [[[55.1272005, 25.1282678], [55.1272219, 25.1288713], [55.1274362, 25.128865], [55.1274147, 25.1282616], [55.1272005, 25.1282678]]]}}, {"type": "Feature", "properties": {"status": "existing", "bHeight": 12.0, "name": "", "levels": ""}, "geometry": {"type": "Polygon", "coordinates": [[[55.1267123, 25.1283795], [55.1267217, 25.1286017], [55.1268077, 25.1285988], [55.1268057, 25.1285525], [55.1268419, 25.1285513], [55.1268438, 25.1285975], [55.1269118, 25.1285951], [55.1269024, 25.1283729], [55.1268439, 25.128375], [55.1267929, 25.1283767], [55.1267123, 25.1283795]]]}}, {"type": "Feature", "properties": {"status": "existing", "bHeight": 12.0, "name": "", "levels": ""}, "geometry": {"type": "Polygon", "coordinates": [[[55.1274338, 25.1289405], [55.1272203, 25.1289513], [55.1272246, 25.1290217], [55.1272625, 25.1290198], [55.1272711, 25.1291582], [55.1273081, 25.1291564], [55.127309, 25.12917], [55.1274095, 25.1291649], [55.1274108, 25.1291866], [55.1274489, 25.1291847], [55.1274338, 25.1289405]]]}}, {"type": "Feature", "properties": {"status": "existing", "bHeight": 12.0, "name": "", "levels": ""}, "geometry": {"type": "Polygon", "coordinates": [[[55.1270194, 25.1295051], [55.1270166, 25.1294589], [55.1269496, 25.1294623], [55.1269374, 25.1292644], [55.1270044, 25.129261], [55.1270005, 25.129198], [55.1267703, 25.1292096], [55.1267864, 25.1294719], [55.1268267, 25.1294698], [55.1268294, 25.1295147], [55.1270194, 25.1295051]]]}}, {"type": "Feature", "properties": {"status": "existing", "bHeight": 12.0, "name": "", "levels": ""}, "geometry": {"type": "Polygon", "coordinates": [[[55.1269497, 25.1302706], [55.1271451, 25.1302456], [55.1271143, 25.1300483], [55.1269189, 25.1300733], [55.1269497, 25.1302706]]]}}, {"type": "Feature", "properties": {"status": "existing", "bHeight": 12.0, "name": "", "levels": ""}, "geometry": {"type": "Polygon", "coordinates": [[[55.1312083, 25.1203121], [55.1311442, 25.1201648], [55.1312243, 25.1201363], [55.131251, 25.1201976], [55.1313224, 25.1201722], [55.1313597, 25.1202582], [55.1313077, 25.1202768], [55.131319, 25.1203028], [55.1312687, 25.1203206], [55.1312574, 25.1202947], [55.1312083, 25.1203121]]]}}, {"type": "Feature", "properties": {"status": "existing", "bHeight": 12.0, "name": "", "levels": ""}, "geometry": {"type": "Polygon", "coordinates": [[[55.1310643, 25.1203999], [55.131003, 25.1202587], [55.131084, 25.1202299], [55.1311013, 25.1202697], [55.1311692, 25.1202455], [55.1312373, 25.1204022], [55.1311631, 25.1204287], [55.1311529, 25.1204051], [55.1311111, 25.12042], [55.1310972, 25.1203882], [55.1310643, 25.1203999]]]}}, {"type": "Feature", "properties": {"status": "existing", "bHeight": 12.0, "name": "", "levels": ""}, "geometry": {"type": "Polygon", "coordinates": [[[55.1322256, 25.1256221], [55.1322545, 25.1256842], [55.1324611, 25.1256053], [55.1324321, 25.1255432], [55.1322256, 25.1256221]]]}}, {"type": "Feature", "properties": {"status": "existing", "bHeight": 6.2, "name": "", "levels": "1", "height_source": "osm_geom", "height_basis": "osm levels 1 · 100% of this footprint"}, "geometry": {"type": "Polygon", "coordinates": [[[55.1353866, 25.1308759], [55.1353375, 25.1308228], [55.1352302, 25.1309041], [55.1352793, 25.1309572], [55.1353866, 25.1308759]]]}}, {"type": "Feature", "properties": {"status": "existing", "bHeight": 6.2, "name": "", "levels": "1", "height_source": "osm_geom", "height_basis": "osm levels 1 · 100% of this footprint"}, "geometry": {"type": "Polygon", "coordinates": [[[55.1354027, 25.1308674], [55.1355194, 25.1307824], [55.1354668, 25.1307233], [55.1353502, 25.1308083], [55.1354027, 25.1308674]]]}}, {"type": "Feature", "properties": {"status": "existing", "bHeight": 12.0, "name": "", "levels": ""}, "geometry": {"type": "Polygon", "coordinates": [[[55.1392986, 25.1336125], [55.1392128, 25.133717], [55.1392686, 25.1337546], [55.1393544, 25.1336501], [55.1392986, 25.1336125]]]}}, {"type": "Feature", "properties": {"status": "existing", "bHeight": 12.0, "name": "", "levels": ""}, "geometry": {"type": "Polygon", "coordinates": [[[55.1338001, 25.1234401], [55.1338343, 25.1234978], [55.1339241, 25.1234541], [55.1338899, 25.1233964], [55.1338001, 25.1234401]]]}}, {"type": "Feature", "properties": {"status": "existing", "bHeight": 12.0, "name": "", "levels": ""}, "geometry": {"type": "Polygon", "coordinates": [[[55.1337048, 25.1234996], [55.1337395, 25.1235554], [55.1338253, 25.1235117], [55.1337907, 25.1234559], [55.1337048, 25.1234996]]]}}, {"type": "Feature", "properties": {"status": "existing", "bHeight": 12.0, "name": "", "levels": ""}, "geometry": {"type": "Polygon", "coordinates": [[[55.1363428, 25.1269456], [55.1362731, 25.1270099], [55.136328, 25.1270587], [55.1363977, 25.1269944], [55.1363428, 25.1269456]]]}}, {"type": "Feature", "properties": {"status": "existing", "bHeight": 12.0, "name": "", "levels": ""}, "geometry": {"type": "Polygon", "coordinates": [[[55.1363575, 25.1269298], [55.136409, 25.1269755], [55.1364768, 25.126913], [55.1364253, 25.1268673], [55.1363575, 25.1269298]]]}}, {"type": "Feature", "properties": {"status": "existing", "bHeight": 12.0, "name": "", "levels": ""}, "geometry": {"type": "Polygon", "coordinates": [[[55.1367321, 25.1268178], [55.136687, 25.1268636], [55.1366075, 25.1267994], [55.1367436, 25.1266612], [55.1369525, 25.1268298], [55.1368773, 25.1269061], [55.1368167, 25.1269677], [55.1367574, 25.1269198], [55.1367735, 25.1269035], [55.1367449, 25.1268805], [55.1367736, 25.1268513], [55.1367321, 25.1268178]]]}}, {"type": "Feature", "properties": {"status": "existing", "bHeight": 12.0, "name": "", "levels": ""}, "geometry": {"type": "Polygon", "coordinates": [[[55.1369899, 25.1270509], [55.136953, 25.1270879], [55.1368717, 25.1270215], [55.1370091, 25.1268836], [55.137242, 25.1270738], [55.137107, 25.1272094], [55.1370255, 25.1271428], [55.1369964, 25.1271191], [55.1370309, 25.1270844], [55.1369899, 25.1270509]]]}}, {"type": "Feature", "properties": {"status": "existing", "bHeight": 12.0, "name": "", "levels": ""}, "geometry": {"type": "Polygon", "coordinates": [[[55.1403715, 25.1292197], [55.1402553, 25.129157], [55.14014, 25.1293318], [55.1402561, 25.1293946], [55.1403715, 25.1292197]]]}}, {"type": "Feature", "properties": {"status": "existing", "bHeight": 12.0, "name": "", "levels": ""}, "geometry": {"type": "Polygon", "coordinates": [[[55.1405284, 25.1292975], [55.1404079, 25.1292341], [55.140302, 25.1293992], [55.1404224, 25.1294626], [55.1405284, 25.1292975]]]}}, {"type": "Feature", "properties": {"status": "existing", "bHeight": 12.0, "name": "", "levels": ""}, "geometry": {"type": "Polygon", "coordinates": [[[55.1406786, 25.129397], [55.1405645, 25.1293353], [55.1404532, 25.1295041], [55.1405673, 25.1295658], [55.1406786, 25.129397]]]}}, {"type": "Feature", "properties": {"status": "existing", "bHeight": 12.0, "name": "", "levels": ""}, "geometry": {"type": "Polygon", "coordinates": [[[55.1408409, 25.1294735], [55.1407142, 25.1294102], [55.140615, 25.1295729], [55.1407416, 25.1296362], [55.1408409, 25.1294735]]]}}, {"type": "Feature", "properties": {"status": "existing", "bHeight": 12.0, "name": "", "levels": ""}, "geometry": {"type": "Polygon", "coordinates": [[[55.1409978, 25.1295658], [55.14088, 25.1295033], [55.140766, 25.1296793], [55.1408838, 25.1297418], [55.1409978, 25.1295658]]]}}, {"type": "Feature", "properties": {"status": "existing", "bHeight": 12.0, "name": "", "levels": ""}, "geometry": {"type": "Polygon", "coordinates": [[[55.1411211, 25.1297916], [55.1411807, 25.1298243], [55.1412352, 25.129743], [55.1411757, 25.1297103], [55.1411211, 25.1297916]]]}}, {"type": "Feature", "properties": {"status": "existing", "bHeight": 12.0, "name": "", "levels": ""}, "geometry": {"type": "Polygon", "coordinates": [[[55.1411144, 25.129805], [55.1410649, 25.1298803], [55.1411284, 25.1299146], [55.141178, 25.1298393], [55.1411144, 25.129805]]]}}, {"type": "Feature", "properties": {"status": "existing", "bHeight": 12.0, "name": "", "levels": ""}, "geometry": {"type": "Polygon", "coordinates": [[[55.1446804, 25.131353], [55.1447341, 25.1313688], [55.1447571, 25.1313046], [55.1447035, 25.1312888], [55.1446804, 25.131353]]]}}, {"type": "Feature", "properties": {"status": "existing", "bHeight": 12.0, "name": "", "levels": ""}, "geometry": {"type": "Polygon", "coordinates": [[[55.1444806, 25.1312085], [55.1444798, 25.1312369], [55.1444871, 25.1312646], [55.144502, 25.1312896], [55.1445236, 25.1313102], [55.1445504, 25.1313251], [55.1445818, 25.1313334], [55.1446147, 25.1313338], [55.1446464, 25.1313261], [55.1446746, 25.1313109], [55.1446972, 25.1312894], [55.1447126, 25.1312632], [55.1447199, 25.1312309], [55.1447161, 25.1311981], [55.1447017, 25.1311679], [55.144678, 25.1311429], [55.1446472, 25.1311254], [55.1446119, 25.1311171], [55.1445756, 25.1311187], [55.1445414, 25.1311301], [55.1445126, 25.1311502], [55.1444917, 25.1311771], [55.1444806, 25.1312085]]]}}, {"type": "Feature", "properties": {"status": "existing", "bHeight": 12.0, "name": "", "levels": ""}, "geometry": {"type": "Polygon", "coordinates": [[[55.1442955, 25.1315825], [55.1443425, 25.1314684], [55.144274, 25.1314453], [55.144227, 25.1315594], [55.1442955, 25.1315825]]]}}, {"type": "Feature", "properties": {"status": "existing", "bHeight": 12.0, "name": "", "levels": ""}, "geometry": {"type": "Polygon", "coordinates": [[[55.1340911, 25.1187586], [55.1341372, 25.1187985], [55.1342003, 25.1187388], [55.1341542, 25.1186988], [55.1340911, 25.1187586]]]}}, {"type": "Feature", "properties": {"status": "existing", "bHeight": 12.0, "name": "", "levels": ""}, "geometry": {"type": "Polygon", "coordinates": [[[55.1367518, 25.1235482], [55.1368342, 25.1234649], [55.1367774, 25.1234188], [55.136695, 25.1235021], [55.1367518, 25.1235482]]]}}, {"type": "Feature", "properties": {"status": "existing", "bHeight": 12.0, "name": "", "levels": ""}, "geometry": {"type": "Polygon", "coordinates": [[[55.1366405, 25.1236624], [55.1367385, 25.1235666], [55.1366823, 25.1235194], [55.1365843, 25.1236152], [55.1366405, 25.1236624]]]}}, {"type": "Feature", "properties": {"status": "existing", "bHeight": 12.0, "name": "", "levels": ""}, "geometry": {"type": "Polygon", "coordinates": [[[55.1409361, 25.1257557], [55.1408932, 25.1258261], [55.1409523, 25.1258556], [55.1409952, 25.1257852], [55.1409361, 25.1257557]]]}}, {"type": "Feature", "properties": {"status": "existing", "bHeight": 12.0, "name": "", "levels": ""}, "geometry": {"type": "Polygon", "coordinates": [[[55.1409414, 25.1257374], [55.1410071, 25.1257703], [55.1410567, 25.1256889], [55.1409911, 25.1256561], [55.1409414, 25.1257374]]]}}, {"type": "Feature", "properties": {"status": "existing", "bHeight": 12.0, "name": "", "levels": ""}, "geometry": {"type": "Polygon", "coordinates": [[[55.142194, 25.1267574], [55.1421766, 25.1266785], [55.1420925, 25.1266937], [55.14211, 25.1267726], [55.142194, 25.1267574]]]}}, {"type": "Feature", "properties": {"status": "existing", "bHeight": 12.0, "name": "", "levels": ""}, "geometry": {"type": "Polygon", "coordinates": [[[55.1462549, 25.1281513], [55.146334, 25.1281684], [55.1463729, 25.1280215], [55.1462938, 25.1280044], [55.1462549, 25.1281513]]]}}, {"type": "Feature", "properties": {"status": "existing", "bHeight": 12.0, "name": "", "levels": ""}, "geometry": {"type": "Polygon", "coordinates": [[[55.1349311, 25.1179794], [55.1349855, 25.1180102], [55.1350365, 25.1179362], [55.134982, 25.1179054], [55.1349311, 25.1179794]]]}}, {"type": "Feature", "properties": {"status": "existing", "bHeight": 12.0, "name": "", "levels": ""}, "geometry": {"type": "Polygon", "coordinates": [[[55.1376598, 25.1206741], [55.1375914, 25.1207725], [55.1376508, 25.1208063], [55.1377192, 25.120708], [55.1376598, 25.1206741]]]}}, {"type": "Feature", "properties": {"status": "existing", "bHeight": 12.0, "name": "", "levels": ""}, "geometry": {"type": "Polygon", "coordinates": [[[55.1376638, 25.1206583], [55.1377265, 25.1206931], [55.1377815, 25.1206117], [55.1377188, 25.120577], [55.1376638, 25.1206583]]]}}, {"type": "Feature", "properties": {"status": "existing", "bHeight": 12.0, "name": "", "levels": ""}, "geometry": {"type": "Polygon", "coordinates": [[[55.1423724, 25.1230698], [55.1422965, 25.1230475], [55.142263, 25.123141], [55.1423389, 25.1231633], [55.1423724, 25.1230698]]]}}, {"type": "Feature", "properties": {"status": "existing", "bHeight": 12.0, "name": "", "levels": ""}, "geometry": {"type": "Polygon", "coordinates": [[[55.1423818, 25.1230552], [55.142414, 25.1229666], [55.1423302, 25.1229416], [55.142298, 25.1230303], [55.1423818, 25.1230552]]]}}, {"type": "Feature", "properties": {"status": "existing", "bHeight": 12.0, "name": "", "levels": ""}, "geometry": {"type": "Polygon", "coordinates": [[[55.1431125, 25.1234382], [55.1432285, 25.1234651], [55.1432562, 25.1233964], [55.1432173, 25.1233891], [55.1432604, 25.1233027], [55.1432213, 25.123292], [55.1432253, 25.1232726], [55.1431683, 25.1232585], [55.1431154, 25.1233709], [55.1431234, 25.1233952], [55.1431125, 25.1234382]]]}}, {"type": "Feature", "properties": {"status": "existing", "bHeight": 12.0, "name": "", "levels": ""}, "geometry": {"type": "Polygon", "coordinates": [[[55.144684, 25.1231125], [55.1448195, 25.1231342], [55.1447766, 25.1233188], [55.1446723, 25.1232983], [55.1446824, 25.1232565], [55.1446442, 25.123249], [55.144684, 25.1231125]]]}}, {"type": "Feature", "properties": {"status": "existing", "bHeight": 12.0, "name": "", "levels": ""}, "geometry": {"type": "Polygon", "coordinates": [[[55.1466438, 25.1235021], [55.1465611, 25.1234965], [55.1465503, 25.1236277], [55.1466331, 25.1236332], [55.1466438, 25.1235021]]]}}, {"type": "Feature", "properties": {"status": "existing", "bHeight": 12.0, "name": "", "levels": ""}, "geometry": {"type": "Polygon", "coordinates": [[[55.1360155, 25.1181229], [55.1359874, 25.1180379], [55.1361054, 25.1179941], [55.1360973, 25.1179589], [55.1361046, 25.117928], [55.1361314, 25.1179001], [55.1361689, 25.1178831], [55.1362078, 25.1178916], [55.1362186, 25.1179074], [55.1362261, 25.1179334], [55.1362642, 25.1179414], [55.1362945, 25.1179516], [55.1363191, 25.1179717], [55.136358, 25.1179778], [55.1363688, 25.1179936], [55.1363736, 25.1180124], [55.1363688, 25.1180422], [55.1363508, 25.1180755], [55.1361864, 25.1181247], [55.1361421, 25.1181126], [55.1361274, 25.1180907], [55.1360155, 25.1181229]]]}}, {"type": "Feature", "properties": {"status": "existing", "bHeight": 12.0, "name": "", "levels": ""}, "geometry": {"type": "Polygon", "coordinates": [[[55.1368227, 25.1184373], [55.1369536, 25.1185008], [55.1370484, 25.1183404], [55.1369176, 25.1182769], [55.1368227, 25.1184373]]]}}, {"type": "Feature", "properties": {"status": "existing", "bHeight": 12.0, "name": "", "levels": ""}, "geometry": {"type": "Polygon", "coordinates": [[[55.137814, 25.1187641], [55.1377356, 25.1187402], [55.1376913, 25.1188592], [55.1377697, 25.1188831], [55.137814, 25.1187641]]]}}, {"type": "Feature", "properties": {"status": "existing", "bHeight": 12.0, "name": "", "levels": ""}, "geometry": {"type": "Polygon", "coordinates": [[[55.1393174, 25.119795], [55.1393656, 25.1198739], [55.1393858, 25.1198885], [55.1394059, 25.1198921], [55.13943, 25.1198824], [55.1394555, 25.1198678], [55.1394743, 25.1198545], [55.1394756, 25.1198411], [55.1394756, 25.1198156], [55.1394555, 25.1197853], [55.1395038, 25.1197622], [55.1395453, 25.1197415], [55.1395561, 25.119727], [55.1395521, 25.1197051], [55.1395386, 25.1196699], [55.1395212, 25.1196529], [55.1395024, 25.1196359], [55.1394783, 25.1196383], [55.1394247, 25.1196614], [55.1394193, 25.1196468], [55.1394045, 25.1196395], [55.1393871, 25.1196383], [55.1393643, 25.1196468], [55.1391953, 25.119761], [55.1391846, 25.119778], [55.1391833, 25.1198023], [55.13919, 25.1198144], [55.1392074, 25.1198278], [55.1392315, 25.1198278], [55.1392543, 25.1198205], [55.1393174, 25.119795]]]}}, {"type": "Feature", "properties": {"status": "existing", "bHeight": 12.0, "name": "", "levels": ""}, "geometry": {"type": "Polygon", "coordinates": [[[55.1398954, 25.119268], [55.1398578, 25.1194028], [55.1399514, 25.1194241], [55.139989, 25.1192894], [55.1398954, 25.119268]]]}}, {"type": "Feature", "properties": {"status": "existing", "bHeight": 12.0, "name": "", "levels": ""}, "geometry": {"type": "Polygon", "coordinates": [[[55.1407389, 25.1198897], [55.1406622, 25.1198726], [55.140626, 25.1200062], [55.1407027, 25.1200233], [55.1407389, 25.1198897]]]}}, {"type": "Feature", "properties": {"status": "existing", "bHeight": 12.0, "name": "", "levels": ""}, "geometry": {"type": "Polygon", "coordinates": [[[55.1407698, 25.1199443], [55.1407135, 25.1201726], [55.1408606, 25.1202024], [55.1409169, 25.1199741], [55.1407698, 25.1199443]]]}}, {"type": "Feature", "properties": {"status": "existing", "bHeight": 12.0, "name": "", "levels": ""}, "geometry": {"type": "Polygon", "coordinates": [[[55.1409468, 25.1199917], [55.1408905, 25.1202042], [55.1410478, 25.1202384], [55.1411041, 25.1200259], [55.1409468, 25.1199917]]]}}, {"type": "Feature", "properties": {"status": "existing", "bHeight": 12.0, "name": "", "levels": ""}, "geometry": {"type": "Polygon", "coordinates": [[[55.1411292, 25.120022], [55.1410742, 25.1202321], [55.1412266, 25.1202648], [55.1412816, 25.1200547], [55.1411292, 25.120022]]]}}, {"type": "Feature", "properties": {"status": "existing", "bHeight": 12.0, "name": "", "levels": ""}, "geometry": {"type": "Polygon", "coordinates": [[[55.1413022, 25.1200597], [55.1412646, 25.1202637], [55.1414212, 25.1202873], [55.1414588, 25.1200833], [55.1413022, 25.1200597]]]}}, {"type": "Feature", "properties": {"status": "existing", "bHeight": 12.0, "name": "", "levels": ""}, "geometry": {"type": "Polygon", "coordinates": [[[55.1440139, 25.1205273], [55.1438832, 25.1205274], [55.1438891, 25.1202867], [55.144007, 25.1202904], [55.1440139, 25.1205273]]]}}, {"type": "Feature", "properties": {"status": "existing", "bHeight": 12.0, "name": "", "levels": ""}, "geometry": {"type": "Polygon", "coordinates": [[[55.1442265, 25.1205225], [55.1440649, 25.1205226], [55.1440699, 25.1203209], [55.1442208, 25.1203256], [55.1442265, 25.1205225]]]}}, {"type": "Feature", "properties": {"status": "existing", "bHeight": 12.0, "name": "", "levels": ""}, "geometry": {"type": "Polygon", "coordinates": [[[55.1448937, 25.1198848], [55.1448253, 25.1198855], [55.1448266, 25.1200008], [55.144895, 25.1200002], [55.1448937, 25.1198848]]]}}, {"type": "Feature", "properties": {"status": "existing", "bHeight": 12.0, "name": "", "levels": ""}, "geometry": {"type": "Polygon", "coordinates": [[[55.1471913, 25.093939], [55.1472168, 25.093942], [55.1472218, 25.0939078], [55.1471963, 25.0939047], [55.1471913, 25.093939]]]}}, {"type": "Feature", "properties": {"status": "existing", "bHeight": 12.0, "name": "", "levels": ""}, "geometry": {"type": "Polygon", "coordinates": [[[55.1215278, 25.1244415], [55.1215303, 25.1245523], [55.1214264, 25.1245542], [55.1214239, 25.1244434], [55.1215278, 25.1244415]]]}}, {"type": "Feature", "properties": {"status": "existing", "bHeight": 12.0, "name": "", "levels": ""}, "geometry": {"type": "Polygon", "coordinates": [[[55.1096154, 25.1095626], [55.109602, 25.1096286], [55.1095093, 25.1096132], [55.1095227, 25.1095472], [55.1096154, 25.1095626]]]}}, {"type": "Feature", "properties": {"status": "existing", "bHeight": 12.0, "name": "", "levels": ""}, "geometry": {"type": "Polygon", "coordinates": [[[55.1140136, 25.1260515], [55.1138277, 25.1257658], [55.1140326, 25.1256634], [55.1142184, 25.1259512], [55.1140136, 25.1260515]]]}}, {"type": "Feature", "properties": {"status": "existing", "bHeight": 12.0, "name": "", "levels": ""}, "geometry": {"type": "Polygon", "coordinates": [[[55.1148517, 25.1279182], [55.114789, 25.1278434], [55.1150931, 25.1276618], [55.1151543, 25.1277356], [55.1148517, 25.1279182]]]}}, {"type": "Feature", "properties": {"status": "existing", "bHeight": 12.0, "name": "", "levels": ""}, "geometry": {"type": "Polygon", "coordinates": [[[55.1147595, 25.1278046], [55.1146962, 25.1277259], [55.1150003, 25.1275423], [55.1150636, 25.1276244], [55.1147595, 25.1278046]]]}}, {"type": "Feature", "properties": {"status": "existing", "bHeight": 12.0, "name": "", "levels": ""}, "geometry": {"type": "Polygon", "coordinates": [[[55.114492, 25.1283126], [55.1144343, 25.1282353], [55.1152481, 25.1277388], [55.1153114, 25.1278219], [55.114492, 25.1283126]]]}}, {"type": "Feature", "properties": {"status": "existing", "bHeight": 12.0, "name": "", "levels": ""}, "geometry": {"type": "Polygon", "coordinates": [[[55.1151719, 25.1275526], [55.1150533, 25.1273947], [55.1150978, 25.1273641], [55.1152207, 25.127522], [55.1151719, 25.1275526]]]}}, {"type": "Feature", "properties": {"status": "existing", "bHeight": 12.0, "name": "", "levels": ""}, "geometry": {"type": "Polygon", "coordinates": [[[55.1156724, 25.1274268], [55.1151403, 25.1267906], [55.1152873, 25.1266857], [55.115445, 25.1268595], [55.1156145, 25.1267498], [55.1160093, 25.1272063], [55.1156724, 25.1274268]]]}}, {"type": "Feature", "properties": {"status": "existing", "bHeight": 12.0, "name": "", "levels": ""}, "geometry": {"type": "Polygon", "coordinates": [[[55.1130471, 25.1270003], [55.112969, 25.1268726], [55.1136151, 25.1265421], [55.1136961, 25.1266772], [55.1130471, 25.1270003]]]}}, {"type": "Feature", "properties": {"status": "existing", "bHeight": 12.0, "name": "", "levels": ""}, "geometry": {"type": "Polygon", "coordinates": [[[55.1145038, 25.1291814], [55.1144244, 25.1290781], [55.1145331, 25.1290058], [55.1146143, 25.129114], [55.1145038, 25.1291814]]]}}, {"type": "Feature", "properties": {"status": "existing", "bHeight": 12.0, "name": "", "levels": ""}, "geometry": {"type": "Polygon", "coordinates": [[[55.1143291, 25.1286315], [55.1142567, 25.1285272], [55.1146739, 25.1282996], [55.1147453, 25.1284053], [55.1143291, 25.1286315]]]}}, {"type": "Feature", "properties": {"status": "existing", "bHeight": 12.0, "name": "", "levels": ""}, "geometry": {"type": "Polygon", "coordinates": [[[55.1177395, 25.1327506], [55.1172973, 25.1322589], [55.1173331, 25.1322313], [55.1177796, 25.1327237], [55.1177395, 25.1327506]]]}}, {"type": "Feature", "properties": {"status": "existing", "bHeight": 12.0, "name": "", "levels": ""}, "geometry": {"type": "Polygon", "coordinates": [[[55.1177017, 25.1325622], [55.1173762, 25.13221], [55.117418, 25.1321741], [55.1177437, 25.1325335], [55.1177017, 25.1325622]]]}}, {"type": "Feature", "properties": {"status": "existing", "bHeight": 12.0, "name": "", "levels": ""}, "geometry": {"type": "Polygon", "coordinates": [[[55.1182619, 25.1329802], [55.1183132, 25.1330024], [55.1184111, 25.1328147], [55.1183625, 25.1327939], [55.1182619, 25.1329802]]]}}, {"type": "Feature", "properties": {"status": "existing", "bHeight": 12.0, "name": "", "levels": ""}, "geometry": {"type": "Polygon", "coordinates": [[[55.1182432, 25.1329054], [55.1181953, 25.1328872], [55.1182546, 25.1327602], [55.1183073, 25.1327761], [55.1182432, 25.1329054]]]}}, {"type": "Feature", "properties": {"status": "existing", "bHeight": 12.0, "name": "", "levels": ""}, "geometry": {"type": "Polygon", "coordinates": [[[55.1181912, 25.1328855], [55.118144, 25.1328653], [55.1182011, 25.1327455], [55.118247, 25.1327593], [55.1181912, 25.1328855]]]}}, {"type": "Feature", "properties": {"status": "existing", "bHeight": 12.0, "name": "", "levels": ""}, "geometry": {"type": "Polygon", "coordinates": [[[55.1181042, 25.1328097], [55.1180565, 25.1327948], [55.1180888, 25.1327102], [55.1181365, 25.1327251], [55.1181042, 25.1328097]]]}}, {"type": "Feature", "properties": {"status": "existing", "bHeight": 12.0, "name": "", "levels": ""}, "geometry": {"type": "Polygon", "coordinates": [[[55.1184768, 25.1327439], [55.1181682, 25.1326878], [55.1181791, 25.1326386], [55.1184888, 25.1326877], [55.1184768, 25.1327439]]]}}, {"type": "Feature", "properties": {"status": "existing", "bHeight": 12.0, "name": "", "levels": ""}, "geometry": {"type": "Polygon", "coordinates": [[[55.118489, 25.1326863], [55.118496, 25.1326414], [55.1181938, 25.1325914], [55.1181853, 25.1326388], [55.118489, 25.1326863]]]}}, {"type": "Feature", "properties": {"status": "existing", "bHeight": 12.0, "name": "", "levels": ""}, "geometry": {"type": "Polygon", "coordinates": [[[55.1186334, 25.1323716], [55.1185787, 25.1323118], [55.1186591, 25.1322483], [55.1186094, 25.1321944], [55.1186725, 25.1321471], [55.1188133, 25.1323147], [55.1187357, 25.1323659], [55.1186958, 25.1323235], [55.1186334, 25.1323716]]]}}, {"type": "Feature", "properties": {"status": "existing", "bHeight": 12.0, "name": "", "levels": ""}, "geometry": {"type": "Polygon", "coordinates": [[[55.1187889, 25.1324603], [55.1187291, 25.1323748], [55.1187975, 25.1323297], [55.1188611, 25.132419], [55.1187889, 25.1324603]]]}}, {"type": "Feature", "properties": {"status": "existing", "bHeight": 12.0, "name": "", "levels": ""}, "geometry": {"type": "Polygon", "coordinates": [[[55.1187846, 25.1325602], [55.1187384, 25.1324888], [55.118869, 25.1324161], [55.1189193, 25.1324926], [55.1187846, 25.1325602]]]}}, {"type": "Feature", "properties": {"status": "existing", "bHeight": 12.0, "name": "", "levels": ""}, "geometry": {"type": "Polygon", "coordinates": [[[55.118494, 25.1334497], [55.1185496, 25.133473], [55.1186011, 25.1333789], [55.118545, 25.1333544], [55.118494, 25.1334497]]]}}, {"type": "Feature", "properties": {"status": "existing", "bHeight": 12.0, "name": "", "levels": ""}, "geometry": {"type": "Polygon", "coordinates": [[[55.1197873, 25.1344296], [55.1199002, 25.1345159], [55.1198372, 25.1345834], [55.1197244, 25.1344971], [55.1197736, 25.1344443], [55.1197873, 25.1344296]]]}}, {"type": "Feature", "properties": {"status": "existing", "bHeight": 12.0, "name": "", "levels": ""}, "geometry": {"type": "Polygon", "coordinates": [[[55.1208326, 25.1353631], [55.1204656, 25.1350861], [55.1204882, 25.1350615], [55.1203105, 25.1349274], [55.1203906, 25.1348404], [55.12057, 25.1349758], [55.1206312, 25.1349094], [55.1209148, 25.1351236], [55.1209965, 25.1351852], [55.1208326, 25.1353631]]]}}, {"type": "Feature", "properties": {"status": "existing", "bHeight": 12.0, "name": "", "levels": ""}, "geometry": {"type": "Polygon", "coordinates": [[[55.1224176, 25.1362257], [55.1223744, 25.1362869], [55.1223507, 25.1362723], [55.1224085, 25.1361968], [55.1224404, 25.1361552], [55.1220466, 25.1358795], [55.1220112, 25.1359224], [55.1219678, 25.1358931], [55.1220427, 25.1358011], [55.1219495, 25.1357359], [55.1220056, 25.1356735], [55.1218725, 25.1355839], [55.1217778, 25.1356872], [55.121744, 25.1356664], [55.1217169, 25.1356497], [55.1217354, 25.1356236], [55.121578, 25.1355083], [55.1216025, 25.1354783], [55.1212919, 25.1352376], [55.1210907, 25.1354709], [55.1214757, 25.1357479], [55.1214625, 25.1357632], [55.121588, 25.135852], [55.1216207, 25.1358751], [55.1216036, 25.1358949], [55.1216595, 25.1359344], [55.1217073, 25.1358792], [55.1217412, 25.1359032], [55.1217968, 25.1358384], [55.1218525, 25.1358798], [55.1217678, 25.1359784], [55.1217904, 25.135993], [55.1217694, 25.1360176], [55.1218269, 25.1360595], [55.1218565, 25.1360247], [55.1219034, 25.136062], [55.1218804, 25.1360855], [55.1222924, 25.1363551], [55.1223292, 25.136307], [55.1223401, 25.1363135], [55.1223063, 25.1363601], [55.122847, 25.1367095], [55.1228913, 25.1366508], [55.1229203, 25.1366687], [55.1228761, 25.1367274], [55.1233611, 25.1370164], [55.1233525, 25.1370323], [55.1235968, 25.13717], [55.1236075, 25.1371558], [55.1241672, 25.1374827], [55.1242317, 25.1373923], [55.1241446, 25.1373414], [55.1242052, 25.1372539], [55.1237261, 25.1369732], [55.1237041, 25.1370001], [55.1234787, 25.1368658], [55.1235004, 25.1368357], [55.1233025, 25.1367263], [55.1232736, 25.1367664], [55.1229778, 25.1365796], [55.1229425, 25.1366254], [55.122922, 25.1366125], [55.1229574, 25.1365666], [55.1224176, 25.1362257]]]}}, {"type": "Feature", "properties": {"status": "existing", "bHeight": 12.0, "name": "", "levels": ""}, "geometry": {"type": "Polygon", "coordinates": [[[55.1529099, 25.1316751], [55.1529328, 25.131723], [55.1530052, 25.1316933], [55.1529808, 25.1316445], [55.1529099, 25.1316751]]]}}, {"type": "Feature", "properties": {"status": "existing", "bHeight": 6.2, "name": "", "levels": "1", "height_source": "osm_geom", "height_basis": "osm levels 1 · 100% of this footprint"}, "geometry": {"type": "Polygon", "coordinates": [[[55.1431527, 25.1070234], [55.1434656, 25.1067881], [55.1433647, 25.1066781], [55.1430518, 25.1069135], [55.1431527, 25.1070234]]]}}, {"type": "Feature", "properties": {"status": "existing", "bHeight": 6.2, "name": "", "levels": "1", "height_source": "osm_geom", "height_basis": "osm levels 1 · 100% of this footprint"}, "geometry": {"type": "Polygon", "coordinates": [[[55.1441679, 25.1062555], [55.1444504, 25.1060452], [55.1443506, 25.1059353], [55.1440681, 25.1061456], [55.1441679, 25.1062555]]]}}, {"type": "Feature", "properties": {"status": "existing", "bHeight": 6.2, "name": "", "levels": "1", "height_source": "osm_geom", "height_basis": "osm levels 1 · 100% of this footprint"}, "geometry": {"type": "Polygon", "coordinates": [[[55.1454655, 25.1052865], [55.1457477, 25.1050811], [55.1456383, 25.1049578], [55.145356, 25.1051632], [55.1454655, 25.1052865]]]}}, {"type": "Feature", "properties": {"status": "existing", "bHeight": 6.2, "name": "", "levels": "1", "height_source": "osm_geom", "height_basis": "osm levels 1 · 100% of this footprint"}, "geometry": {"type": "Polygon", "coordinates": [[[55.147267, 25.1038961], [55.1469473, 25.1041306], [55.1468555, 25.1040281], [55.1471751, 25.1037935], [55.147267, 25.1038961]]]}}, {"type": "Feature", "properties": {"status": "existing", "bHeight": 6.2, "name": "", "levels": "1", "height_source": "osm_geom", "height_basis": "osm levels 1 · 100% of this footprint"}, "geometry": {"type": "Polygon", "coordinates": [[[55.1413045, 25.1084143], [55.1415844, 25.1082063], [55.1414766, 25.1080874], [55.1411968, 25.1082955], [55.1413045, 25.1084143]]]}}, {"type": "Feature", "properties": {"status": "existing", "bHeight": 6.2, "name": "", "levels": "1", "height_source": "osm_geom", "height_basis": "osm levels 1 · 100% of this footprint"}, "geometry": {"type": "Polygon", "coordinates": [[[55.1426567, 25.1073926], [55.1423395, 25.1076309], [55.1422372, 25.1075192], [55.1425544, 25.107281], [55.1426567, 25.1073926]]]}}, {"type": "Feature", "properties": {"status": "existing", "bHeight": 6.2, "name": "", "levels": "1", "height_source": "osm_geom", "height_basis": "osm levels 1 · 100% of this footprint"}, "geometry": {"type": "Polygon", "coordinates": [[[55.1485194, 25.1029704], [55.1488022, 25.1027671], [55.1486969, 25.1026471], [55.1484142, 25.1028505], [55.1485194, 25.1029704]]]}}, {"type": "Feature", "properties": {"status": "existing", "bHeight": 12.0, "name": "احسان و مریم", "levels": ""}, "geometry": {"type": "Polygon", "coordinates": [[[55.1192941, 25.1216905], [55.1186553, 25.1214822], [55.1187455, 25.1212338], [55.1193932, 25.1214389], [55.1192941, 25.1216905]]]}}, {"type": "Feature", "properties": {"status": "existing", "bHeight": 12.0, "name": "Splashers Lagoon", "levels": ""}, "geometry": {"type": "Polygon", "coordinates": [[[55.1237976, 25.1345242], [55.1237052, 25.1344449], [55.1237509, 25.1344013], [55.1238433, 25.1344806], [55.1237976, 25.1345242]]]}}, {"type": "Feature", "properties": {"status": "existing", "bHeight": 12.0, "name": "Splashers Cove", "levels": ""}, "geometry": {"type": "Polygon", "coordinates": [[[55.1227495, 25.1339205], [55.1227507, 25.1339023], [55.1227537, 25.1338598], [55.1228386, 25.1338647], [55.1228343, 25.1339254], [55.1227495, 25.1339205]]]}}, {"type": "Feature", "properties": {"status": "existing", "bHeight": 12.0, "name": "Snappers", "levels": ""}, "geometry": {"type": "Polygon", "coordinates": [[[55.1241306, 25.1348068], [55.1243049, 25.1348687], [55.1243629, 25.1347349], [55.1242555, 25.1346967], [55.1242607, 25.1346847], [55.1241939, 25.134661], [55.1241306, 25.1348068]]]}}, {"type": "Feature", "properties": {"status": "existing", "bHeight": 12.0, "name": "", "levels": ""}, "geometry": {"type": "Polygon", "coordinates": [[[55.1233494, 25.135059], [55.1233144, 25.1350561], [55.1233123, 25.1350775], [55.1232332, 25.1350716], [55.1232282, 25.1350738], [55.123223, 25.135073], [55.1232191, 25.1350698], [55.1232175, 25.1350644], [55.1232197, 25.1350592], [55.1232252, 25.1350067], [55.1232217, 25.1350064], [55.1232234, 25.1349897], [55.1232409, 25.1349912], [55.1232405, 25.134995], [55.1232786, 25.1349983], [55.1232814, 25.134972], [55.1232785, 25.1349666], [55.1232801, 25.1349608], [55.1232872, 25.1349571], [55.1232949, 25.1349596], [55.1233453, 25.1349651], [55.1233487, 25.1349615], [55.1233539, 25.1349604], [55.1233588, 25.1349624], [55.1233613, 25.1349666], [55.1233606, 25.1349714], [55.1233569, 25.1349748], [55.1233494, 25.135059]]]}}, {"type": "Feature", "properties": {"status": "existing", "bHeight": 12.0, "name": "", "levels": ""}, "geometry": {"type": "Polygon", "coordinates": [[[55.1230745, 25.1349967], [55.1230774, 25.1349666], [55.1231145, 25.1349695], [55.1231265, 25.1348433], [55.1231071, 25.1348418], [55.1231147, 25.1347617], [55.123063, 25.1347577], [55.1230612, 25.1347767], [55.1230406, 25.1347751], [55.1230396, 25.1347862], [55.1230169, 25.1347845], [55.123007, 25.1348888], [55.1229688, 25.1348859], [55.1229612, 25.134967], [55.1230078, 25.1349706], [55.1230058, 25.1349914], [55.1230745, 25.1349967]]]}}, {"type": "Feature", "properties": {"status": "existing", "bHeight": 12.0, "name": "", "levels": ""}, "geometry": {"type": "Polygon", "coordinates": [[[55.1197966, 25.1245538], [55.1197868, 25.1248609], [55.1200448, 25.1248676], [55.1200533, 25.1246469], [55.1200585, 25.1245608], [55.1197966, 25.1245538]]]}}, {"type": "Feature", "properties": {"status": "existing", "bHeight": 7.0, "name": "", "levels": "2"}, "geometry": {"type": "Polygon", "coordinates": [[[55.1200533, 25.1246469], [55.1207359, 25.1246712], [55.1207694, 25.1244163], [55.1202128, 25.1243958], [55.1202099, 25.1244426], [55.1200661, 25.1244355], [55.1200585, 25.1245608], [55.1200533, 25.1246469]]]}}, {"type": "Feature", "properties": {"status": "existing", "bHeight": 7.0, "name": "", "levels": "2"}, "geometry": {"type": "Polygon", "coordinates": [[[55.1208408, 25.1246825], [55.1210897, 25.1247389], [55.1213199, 25.1248542], [55.1215207, 25.1250115], [55.1217488, 25.1248144], [55.1214932, 25.1246328], [55.1211919, 25.1244952], [55.1208743, 25.1244276], [55.1208408, 25.1246825]]]}}, {"type": "Feature", "properties": {"status": "existing", "bHeight": 10.0, "name": "", "levels": ""}, "geometry": {"type": "Polygon", "coordinates": [[[55.1207694, 25.1244163], [55.1208743, 25.1244276], [55.1208408, 25.1246825], [55.120827, 25.1247871], [55.1207222, 25.1247759], [55.1207359, 25.1246712], [55.1207694, 25.1244163]]]}}, {"type": "Feature", "properties": {"status": "existing", "bHeight": 10.0, "name": "", "levels": ""}, "geometry": {"type": "Polygon", "coordinates": [[[55.1217488, 25.1248144], [55.1218217, 25.1248836], [55.1216166, 25.1250608], [55.1215953, 25.1250792], [55.1215324, 25.1251335], [55.1214595, 25.1250644], [55.1215207, 25.1250115], [55.1215437, 25.1249917], [55.1217488, 25.1248144]]]}}, {"type": "Feature", "properties": {"status": "existing", "bHeight": 7.0, "name": "", "levels": "2"}, "geometry": {"type": "Polygon", "coordinates": [[[55.1215953, 25.1250792], [55.1217125, 25.125253], [55.1217992, 25.1254837], [55.1218207, 25.1257419], [55.1221064, 25.1257597], [55.1220914, 25.1254221], [55.122002, 25.1251431], [55.1218217, 25.1248836], [55.1215953, 25.1250792]]]}}, {"type": "Feature", "properties": {"status": "existing", "bHeight": 10.0, "name": "", "levels": ""}, "geometry": {"type": "Polygon", "coordinates": [[[55.1221064, 25.1257597], [55.122099, 25.1258576], [55.1220224, 25.1258528], [55.1218023, 25.1258391], [55.121697, 25.1258326], [55.1217044, 25.1257347], [55.1218207, 25.1257419], [55.1221064, 25.1257597]]]}}, {"type": "Feature", "properties": {"status": "existing", "bHeight": 7.0, "name": "", "levels": "2"}, "geometry": {"type": "Polygon", "coordinates": [[[55.1220224, 25.1258528], [55.1219649, 25.1260698], [55.1218715, 25.1262364], [55.1219078, 25.1262769], [55.1216965, 25.1264477], [55.1216759, 25.1264266], [55.1215441, 25.1265392], [55.1214407, 25.1264401], [55.1216407, 25.1262558], [55.1217514, 25.1260492], [55.1218023, 25.1258391], [55.1220224, 25.1258528]]]}}, {"type": "Feature", "properties": {"status": "existing", "bHeight": 4.0, "name": "", "levels": "1"}, "geometry": {"type": "Polygon", "coordinates": [[[55.1212218, 25.126805], [55.1211083, 25.126805], [55.1211435, 25.1266433], [55.1212205, 25.1265098], [55.121295, 25.1264305], [55.1213792, 25.1265112], [55.1213144, 25.1265701], [55.1212505, 25.1266834], [55.1212218, 25.126805]]]}}, {"type": "Feature", "properties": {"status": "existing", "bHeight": 10.0, "name": "", "levels": "3"}, "geometry": {"type": "Polygon", "coordinates": [[[55.121295, 25.1264305], [55.1212621, 25.126399], [55.1213338, 25.1263376], [55.1214407, 25.1264401], [55.1215441, 25.1265392], [55.1216759, 25.1264266], [55.1216965, 25.1264477], [55.121767, 25.1265196], [55.1217006, 25.1265739], [55.1216384, 25.1266221], [55.1214979, 25.1267311], [55.1214243, 25.1267881], [55.1214006, 25.1268069], [55.1213196, 25.1267291], [55.1214713, 25.1265994], [55.1213792, 25.1265112], [55.121295, 25.1264305]]]}}, {"type": "Feature", "properties": {"status": "existing", "bHeight": 10.0, "name": "", "levels": "1"}, "geometry": {"type": "Polygon", "coordinates": [[[55.1214243, 25.1267881], [55.1215387, 25.1269092], [55.1215116, 25.1269302], [55.1215545, 25.1269756], [55.1218885, 25.1267169], [55.1218498, 25.126676], [55.1218193, 25.1266996], [55.1217006, 25.1265739], [55.1216384, 25.1266221], [55.1217559, 25.1267465], [55.1216153, 25.1268554], [55.1214979, 25.1267311], [55.1214243, 25.1267881]]]}}, {"type": "Feature", "properties": {"status": "existing", "bHeight": 12.0, "name": "", "levels": ""}, "geometry": {"type": "Polygon", "coordinates": [[[55.124289, 25.127571], [55.1241687, 25.1275502], [55.1241882, 25.1274578], [55.1243085, 25.1274786], [55.124289, 25.127571]]]}}, {"type": "Feature", "properties": {"status": "existing", "bHeight": 12.0, "name": "", "levels": ""}, "geometry": {"type": "Polygon", "coordinates": [[[55.1238367, 25.1290631], [55.1235028, 25.1290084], [55.1235487, 25.1287784], [55.1237891, 25.1288164], [55.1238832, 25.1288296], [55.1238367, 25.1290631]]]}}, {"type": "Feature", "properties": {"status": "existing", "bHeight": 7.0, "name": "", "levels": "2"}, "geometry": {"type": "Polygon", "coordinates": [[[55.1237891, 25.1288164], [55.1239035, 25.1282067], [55.1241859, 25.1282296], [55.1240933, 25.1287269], [55.1240421, 25.1287198], [55.1240202, 25.1288487], [55.1238832, 25.1288296], [55.1237891, 25.1288164]]]}}, {"type": "Feature", "properties": {"status": "existing", "bHeight": 10.0, "name": "", "levels": ""}, "geometry": {"type": "Polygon", "coordinates": [[[55.1241859, 25.1282296], [55.1241953, 25.1281344], [55.1239129, 25.1281115], [55.123797, 25.1281021], [55.1237876, 25.1281973], [55.1239035, 25.1282067], [55.1241859, 25.1282296]]]}}, {"type": "Feature", "properties": {"status": "existing", "bHeight": 7.0, "name": "", "levels": "2"}, "geometry": {"type": "Polygon", "coordinates": [[[55.1239129, 25.1281115], [55.1239033, 25.1278793], [55.1238262, 25.1276516], [55.1236976, 25.1274413], [55.1239576, 25.1272799], [55.1241012, 25.1275438], [55.1241877, 25.127839], [55.1241953, 25.1281344], [55.1239129, 25.1281115]]]}}, {"type": "Feature", "properties": {"status": "existing", "bHeight": 10.0, "name": "", "levels": ""}, "geometry": {"type": "Polygon", "coordinates": [[[55.1239576, 25.1272799], [55.1238979, 25.127201], [55.1236641, 25.1273462], [55.1236397, 25.1273613], [55.1235681, 25.1274058], [55.1236277, 25.1274846], [55.1236976, 25.1274413], [55.1237237, 25.127425], [55.1239576, 25.1272799]]]}}, {"type": "Feature", "properties": {"status": "existing", "bHeight": 7.0, "name": "", "levels": "2"}, "geometry": {"type": "Polygon", "coordinates": [[[55.1236397, 25.1273613], [55.1234761, 25.1272215], [55.1232446, 25.1270972], [55.12297, 25.1270249], [55.1230097, 25.1267681], [55.1233714, 25.1268511], [55.1236545, 25.1269878], [55.1238979, 25.127201], [55.1236397, 25.1273613]]]}}, {"type": "Feature", "properties": {"status": "existing", "bHeight": 10.0, "name": "", "levels": ""}, "geometry": {"type": "Polygon", "coordinates": [[[55.1230097, 25.1267681], [55.1229023, 25.1267545], [55.1228917, 25.1268234], [55.1228611, 25.1270212], [55.1228465, 25.1271158], [55.1229538, 25.1271294], [55.12297, 25.1270249], [55.1230097, 25.1267681]]]}}, {"type": "Feature", "properties": {"status": "existing", "bHeight": 7.0, "name": "", "levels": "2"}, "geometry": {"type": "Polygon", "coordinates": [[[55.1228917, 25.1268234], [55.1226454, 25.1268296], [55.122446, 25.1268779], [55.1224098, 25.1268374], [55.1221816, 25.1269894], [55.1222001, 25.127012], [55.1220512, 25.1271055], [55.1221371, 25.1272176], [55.1223775, 25.1270784], [55.1226235, 25.1270229], [55.1228611, 25.1270212], [55.1228917, 25.1268234]]]}}, {"type": "Feature", "properties": {"status": "existing", "bHeight": 4.0, "name": "", "levels": "1"}, "geometry": {"type": "Polygon", "coordinates": [[[55.1216975, 25.1273363], [55.1215849, 25.1273181], [55.1214797, 25.12728], [55.1214266, 25.1273584], [55.1214688, 25.127387], [55.1215697, 25.1274193], [55.1216741, 25.1274368], [55.1218562, 25.127439], [55.1220163, 25.1273983], [55.1221173, 25.1273486], [55.1220475, 25.1272574], [55.1219705, 25.1273027], [55.1218349, 25.127336], [55.1216975, 25.1273363]]]}}, {"type": "Feature", "properties": {"status": "existing", "bHeight": 10.0, "name": "", "levels": "3"}, "geometry": {"type": "Polygon", "coordinates": [[[55.1221173, 25.1273486], [55.1221447, 25.1273843], [55.1222258, 25.1273335], [55.1221371, 25.1272176], [55.1220512, 25.1271055], [55.1222001, 25.127012], [55.1221816, 25.1269894], [55.1221184, 25.1269121], [55.1220435, 25.1269595], [55.1219814, 25.1270033], [55.1218365, 25.1271072], [55.1217572, 25.127163], [55.1217323, 25.1271775], [55.1217997, 25.1272653], [55.1219712, 25.1271577], [55.1220475, 25.1272574], [55.1221173, 25.1273486]]]}}, {"type": "Feature", "properties": {"status": "existing", "bHeight": 10.0, "name": "", "levels": "1"}, "geometry": {"type": "Polygon", "coordinates": [[[55.1217572, 25.127163], [55.1216498, 25.1270379], [55.1216214, 25.1270579], [55.1215836, 25.1270138], [55.1219308, 25.1267693], [55.1219623, 25.1268061], [55.1219308, 25.1268282], [55.1220435, 25.1269595], [55.1219814, 25.1270033], [55.121871, 25.1268747], [55.1217251, 25.1269774], [55.1218365, 25.1271072], [55.1217572, 25.127163]]]}}, {"type": "Feature", "properties": {"status": "existing", "bHeight": 35.0, "name": "", "levels": "10", "height_source": "osm_geom", "height_basis": "osm levels 10 · 100% of this footprint"}, "geometry": {"type": "Polygon", "coordinates": [[[55.1427573, 25.107693], [55.1430657, 25.1080136], [55.1432996, 25.1078291], [55.1429912, 25.1075085], [55.1427573, 25.107693]]]}}, {"type": "Feature", "properties": {"status": "existing", "bHeight": 12.0, "name": "", "levels": ""}, "geometry": {"type": "Polygon", "coordinates": [[[55.1413706, 25.1090932], [55.1413903, 25.1091252], [55.141448, 25.1090961], [55.1414283, 25.109064], [55.1413706, 25.1090932]]]}}, {"type": "Feature", "properties": {"status": "existing", "bHeight": 12.0, "name": "", "levels": ""}, "geometry": {"type": "Polygon", "coordinates": [[[55.1134323, 25.1273697], [55.1135902, 25.1272642], [55.1135233, 25.1271821], [55.1133654, 25.1272875], [55.1134323, 25.1273697]]]}}, {"type": "Feature", "properties": {"status": "existing", "bHeight": 22.2, "name": "The Crescent Resort The Palm", "levels": "6", "height_source": "osm_geom", "height_basis": "osm levels 6 · 100% of this footprint"}, "geometry": {"type": "Polygon", "coordinates": [[[55.1530543, 25.124785], [55.1537221, 25.124645], [55.1537348, 25.1246591], [55.1537426, 25.1247088], [55.1538003, 25.1249548], [55.1539974, 25.1249275], [55.1539821, 25.1248499], [55.1540809, 25.1248317], [55.1541153, 25.1249716], [55.1542584, 25.1249462], [55.1542205, 25.1248165], [55.1541191, 25.1248348], [55.1541066, 25.1246053], [55.1543492, 25.1245758], [55.1543195, 25.1242874], [55.1543662, 25.1242836], [55.1543648, 25.1241849], [55.1543629, 25.1241305], [55.15455, 25.124131], [55.154544, 25.1239038], [55.1543548, 25.1239021], [55.1543478, 25.1237055], [55.1543237, 25.1237017], [55.1543209, 25.1236542], [55.1543648, 25.1236478], [55.1543634, 25.1235684], [55.1543181, 25.1235697], [55.1543492, 25.1233851], [55.1540349, 25.1233338], [55.1539811, 25.1236555], [55.1539967, 25.1237773], [55.1538622, 25.1237799], [55.1538622, 25.1236542], [55.1537702, 25.1236568], [55.1537631, 25.1235248], [55.1538155, 25.1235299], [55.1538367, 25.1233415], [55.15379, 25.1233351], [55.1538084, 25.1232633], [55.1538948, 25.1232752], [55.1539211, 25.1231057], [55.1537966, 25.1230961], [55.1537787, 25.1232261], [55.1537235, 25.1232223], [55.1537037, 25.1233133], [55.1530984, 25.1232349], [55.1530873, 25.1232749], [55.1530071, 25.1232582], [55.1529817, 25.1234338], [55.1530567, 25.1234415], [55.1536923, 25.1235145], [55.1536881, 25.1237094], [55.1536414, 25.1237158], [55.1536442, 25.1238273], [55.1536598, 25.1238311], [55.1536584, 25.1239132], [55.1536258, 25.1239157], [55.1536315, 25.1241054], [55.1536598, 25.1241054], [55.1536654, 25.1242003], [55.1536414, 25.1242016], [55.153647, 25.1243105], [55.1537688, 25.1243028], [55.1537674, 25.1243259], [55.1538438, 25.1243233], [55.153841, 25.1244105], [55.1529955, 25.1245754], [55.1530543, 25.124785]]]}}, {"type": "Feature", "properties": {"status": "existing", "bHeight": 31.8, "name": "Azizi Mina", "levels": "9", "height_source": "osm_geom", "height_basis": "osm levels 9 · 100% of this footprint"}, "geometry": {"type": "Polygon", "coordinates": [[[55.1536105, 25.1272923], [55.152989, 25.1271949], [55.1529494, 25.127184], [55.1529133, 25.1271667], [55.1528914, 25.1271514], [55.1528723, 25.1271315], [55.1528708, 25.1271212], [55.1529041, 25.1270501], [55.152931, 25.1270225], [55.1529522, 25.127011], [55.1531797, 25.1270208], [55.1532343, 25.1269989], [55.1532555, 25.1269792], [55.1532835, 25.1269618], [55.1533211, 25.1269576], [55.1533508, 25.126966], [55.1533665, 25.1269771], [55.1533829, 25.1269915], [55.1533995, 25.1270189], [55.1534013, 25.1270273], [55.1534647, 25.1269777], [55.1534929, 25.1269549], [55.1535185, 25.1269354], [55.1535525, 25.1269155], [55.1535971, 25.1269104], [55.1536329, 25.1269122], [55.1536488, 25.126913], [55.1539892, 25.1269649], [55.1541549, 25.1269886], [55.1542419, 25.1270193], [55.1542724, 25.1270475], [55.1542773, 25.1270642], [55.1542603, 25.1270905], [55.1542391, 25.1271328], [55.1542249, 25.1271546], [55.1542079, 25.1271712], [55.1541895, 25.1271789], [55.1538632, 25.1271507], [55.153809, 25.1271683], [55.1537634, 25.1272], [55.1537008, 25.1272493], [55.1536659, 25.1272736], [55.1536382, 25.1272876], [55.1536105, 25.1272923]]]}}, {"type": "Feature", "properties": {"status": "existing", "bHeight": 12.0, "name": "", "levels": ""}, "geometry": {"type": "Polygon", "coordinates": [[[55.1255731, 25.0985697], [55.1256867, 25.0985693], [55.1256875, 25.0987795], [55.1255739, 25.0987799], [55.1255731, 25.0985697]]]}}, {"type": "Feature", "properties": {"status": "existing", "bHeight": 12.0, "name": "", "levels": ""}, "geometry": {"type": "Polygon", "coordinates": [[[55.1257509, 25.0985646], [55.1258645, 25.0985643], [55.1258654, 25.0987745], [55.1257518, 25.0987748], [55.1257509, 25.0985646]]]}}, {"type": "Feature", "properties": {"status": "existing", "bHeight": 12.0, "name": "", "levels": ""}, "geometry": {"type": "Polygon", "coordinates": [[[55.1259756, 25.0985669], [55.1260892, 25.0985665], [55.12609, 25.0987767], [55.1259764, 25.0987771], [55.1259756, 25.0985669]]]}}, {"type": "Feature", "properties": {"status": "existing", "bHeight": 12.0, "name": "", "levels": ""}, "geometry": {"type": "Polygon", "coordinates": [[[55.1261535, 25.0985729], [55.1262664, 25.0985618], [55.1262915, 25.0987707], [55.1261786, 25.0987818], [55.1261535, 25.0985729]]]}}, {"type": "Feature", "properties": {"status": "existing", "bHeight": 12.0, "name": "", "levels": ""}, "geometry": {"type": "Polygon", "coordinates": [[[55.1253997, 25.0985949], [55.1255133, 25.0985974], [55.1255077, 25.0988075], [55.1253941, 25.098805], [55.1253997, 25.0985949]]]}}, {"type": "Feature", "properties": {"status": "existing", "bHeight": 12.0, "name": "", "levels": ""}, "geometry": {"type": "Polygon", "coordinates": [[[55.1252265, 25.098596], [55.1253386, 25.0986124], [55.1253015, 25.0988199], [55.1251894, 25.0988035], [55.1252265, 25.098596]]]}}, {"type": "Feature", "properties": {"status": "existing", "bHeight": 12.0, "name": "", "levels": ""}, "geometry": {"type": "Polygon", "coordinates": [[[55.1263179, 25.0986003], [55.1264297, 25.0985818], [55.1264716, 25.0987885], [55.1263598, 25.0988071], [55.1263179, 25.0986003]]]}}, {"type": "Feature", "properties": {"status": "existing", "bHeight": 12.0, "name": "", "levels": ""}, "geometry": {"type": "Polygon", "coordinates": [[[55.1258433, 25.0980856], [55.1259568, 25.0980896], [55.1259477, 25.0982996], [55.1258342, 25.0982956], [55.1258433, 25.0980856]]]}}, {"type": "Feature", "properties": {"status": "existing", "bHeight": 12.0, "name": "", "levels": ""}, "geometry": {"type": "Polygon", "coordinates": [[[55.126023, 25.0980856], [55.1261365, 25.0980896], [55.1261275, 25.0982996], [55.126014, 25.0982956], [55.126023, 25.0980856]]]}}, {"type": "Feature", "properties": {"status": "existing", "bHeight": 12.0, "name": "", "levels": ""}, "geometry": {"type": "Polygon", "coordinates": [[[55.1262198, 25.0980558], [55.126332, 25.0980721], [55.1262951, 25.0982796], [55.126183, 25.0982633], [55.1262198, 25.0980558]]]}}, {"type": "Feature", "properties": {"status": "existing", "bHeight": 12.0, "name": "", "levels": ""}, "geometry": {"type": "Polygon", "coordinates": [[[55.1267258, 25.098545], [55.1266841, 25.0986407], [55.1264682, 25.0985635], [55.1265099, 25.0984678], [55.1267258, 25.098545]]]}}, {"type": "Feature", "properties": {"status": "existing", "bHeight": 12.0, "name": "", "levels": ""}, "geometry": {"type": "Polygon", "coordinates": [[[55.126678, 25.0982635], [55.1267209, 25.0983587], [55.1265059, 25.0984381], [55.126463, 25.0983429], [55.126678, 25.0982635]]]}}, {"type": "Feature", "properties": {"status": "existing", "bHeight": 12.0, "name": "", "levels": ""}, "geometry": {"type": "Polygon", "coordinates": [[[55.1264369, 25.0980759], [55.1265426, 25.0981136], [55.1264575, 25.0983092], [55.1263518, 25.0982715], [55.1264369, 25.0980759]]]}}, {"type": "Feature", "properties": {"status": "existing", "bHeight": 12.0, "name": "", "levels": ""}, "geometry": {"type": "Polygon", "coordinates": [[[55.125432, 25.0980784], [55.1255455, 25.0980785], [55.1255453, 25.0982887], [55.1254317, 25.0982886], [55.125432, 25.0980784]]]}}, {"type": "Feature", "properties": {"status": "existing", "bHeight": 12.0, "name": "", "levels": ""}, "geometry": {"type": "Polygon", "coordinates": [[[55.1256167, 25.0980942], [55.1257303, 25.0980943], [55.1257301, 25.0983045], [55.1256165, 25.0983044], [55.1256167, 25.0980942]]]}}, {"type": "Feature", "properties": {"status": "existing", "bHeight": 12.0, "name": "", "levels": ""}, "geometry": {"type": "Polygon", "coordinates": [[[55.1252597, 25.0980558], [55.1253733, 25.0980559], [55.1253731, 25.0982661], [55.1252595, 25.098266], [55.1252597, 25.0980558]]]}}, {"type": "Feature", "properties": {"status": "existing", "bHeight": 12.0, "name": "", "levels": ""}, "geometry": {"type": "Polygon", "coordinates": [[[55.125114, 25.0983788], [55.1251064, 25.0984814], [55.1248748, 25.0984675], [55.1248824, 25.0983649], [55.125114, 25.0983788]]]}}, {"type": "Feature", "properties": {"status": "existing", "bHeight": 12.0, "name": "", "levels": ""}, "geometry": {"type": "Polygon", "coordinates": [[[55.1251215, 25.0985093], [55.1251928, 25.0985893], [55.1250121, 25.0987213], [55.1249408, 25.0986412], [55.1251215, 25.0985093]]]}}, {"type": "Feature", "properties": {"status": "existing", "bHeight": 12.0, "name": "", "levels": ""}, "geometry": {"type": "Polygon", "coordinates": [[[55.1252204, 25.0982785], [55.1251381, 25.0983494], [55.1249781, 25.0981971], [55.1250604, 25.0981262], [55.1252204, 25.0982785]]]}}, {"type": "Feature", "properties": {"status": "existing", "bHeight": 12.0, "name": "", "levels": ""}, "geometry": {"type": "Polygon", "coordinates": [[[55.1216893, 25.0996306], [55.1217838, 25.0996049], [55.1217909, 25.0996265], [55.1218979, 25.0995976], [55.1219026, 25.099612], [55.1220144, 25.0995819], [55.122021, 25.0996019], [55.1221394, 25.0995701], [55.1221449, 25.0995869], [55.1223248, 25.0995386], [55.1222673, 25.0993628], [55.1222375, 25.0993708], [55.122218, 25.0993113], [55.1221203, 25.0993375], [55.1221124, 25.0993135], [55.1219939, 25.0993454], [55.1219882, 25.0993278], [55.1218697, 25.0993598], [55.1218618, 25.0993357], [55.121745, 25.0993673], [55.1217382, 25.0993466], [55.1216071, 25.0993821], [55.1216893, 25.0996306]]]}}, {"type": "Feature", "properties": {"status": "existing", "bHeight": 12.0, "name": "", "levels": ""}, "geometry": {"type": "Polygon", "coordinates": [[[55.1103822, 25.1170632], [55.1102606, 25.1170765], [55.1102657, 25.1171147], [55.1103873, 25.1171014], [55.1103822, 25.1170632]]]}}, {"type": "Feature", "properties": {"status": "existing", "bHeight": 12.0, "name": "", "levels": ""}, "geometry": {"type": "Polygon", "coordinates": [[[55.1109012, 25.1179967], [55.1108567, 25.1179982], [55.1108551, 25.117959], [55.1108785, 25.1179582], [55.1108995, 25.1179574], [55.1109012, 25.1179967]]]}}, {"type": "Feature", "properties": {"status": "existing", "bHeight": 12.0, "name": "", "levels": ""}, "geometry": {"type": "Polygon", "coordinates": [[[55.1095205, 25.1185655], [55.1095645, 25.1185604], [55.109552, 25.1184754], [55.10954, 25.1184633], [55.1095061, 25.1184673], [55.1095205, 25.1185655]]]}}, {"type": "Feature", "properties": {"status": "existing", "bHeight": 12.0, "name": "", "levels": ""}, "geometry": {"type": "Polygon", "coordinates": [[[55.1103729, 25.1178895], [55.1102842, 25.117804], [55.1103148, 25.117778], [55.1104035, 25.1178634], [55.1103729, 25.1178895]]]}}, {"type": "Feature", "properties": {"status": "existing", "bHeight": 25.4, "name": "", "levels": "7", "height_source": "osm_geom", "height_basis": "osm levels 7 · 100% of this footprint"}, "geometry": {"type": "Polygon", "coordinates": [[[55.1095087, 25.1175253], [55.1094129, 25.1175364], [55.1093895, 25.1175391], [55.1093946, 25.1175773], [55.1093997, 25.117616], [55.1094254, 25.1176128], [55.1095229, 25.1176006], [55.1095986, 25.1180953], [55.109624, 25.1180924], [55.1096228, 25.118085], [55.1097002, 25.1180714], [55.1097209, 25.1180076], [55.1097885, 25.1180255], [55.1097714, 25.1180781], [55.1099971, 25.1181381], [55.1100141, 25.1180856], [55.1100506, 25.1180953], [55.1100475, 25.118105], [55.1100788, 25.1181133], [55.1100732, 25.1181305], [55.1101159, 25.1181419], [55.1100915, 25.1182171], [55.1100723, 25.118212], [55.1100652, 25.1182338], [55.1100014, 25.1182168], [55.1099554, 25.1183587], [55.1101375, 25.1184071], [55.1101829, 25.118267], [55.1101081, 25.1182471], [55.1101401, 25.1181483], [55.110159, 25.1181533], [55.1101645, 25.1181363], [55.1101874, 25.1181424], [55.1101912, 25.1181306], [55.1102479, 25.1181456], [55.1102284, 25.1182057], [55.1102587, 25.1182138], [55.1103492, 25.1182378], [55.1103239, 25.1183159], [55.1104261, 25.118343], [55.1104496, 25.1182705], [55.1107, 25.118337], [55.1107736, 25.1183566], [55.1108288, 25.1181862], [55.1103255, 25.1180524], [55.1103296, 25.1180398], [55.1102681, 25.1180234], [55.1102735, 25.1180069], [55.1101075, 25.1179628], [55.1101034, 25.1179754], [55.1100098, 25.1179505], [55.1100067, 25.11796], [55.1098166, 25.1179094], [55.1097929, 25.1179825], [55.1097161, 25.1179676], [55.1097153, 25.1179311], [55.1096963, 25.1179334], [55.1096881, 25.1178766], [55.109797, 25.1178637], [55.1097627, 25.1176258], [55.1098039, 25.1176209], [55.1097986, 25.1175841], [55.1097535, 25.1175894], [55.1096908, 25.1171546], [55.1095921, 25.1171663], [55.1095798, 25.117092], [55.109652, 25.1170498], [55.1096987, 25.1171152], [55.1099383, 25.116975], [55.1099051, 25.1169286], [55.1099431, 25.1169063], [55.1099611, 25.1169316], [55.1101018, 25.1168492], [55.1100498, 25.1167763], [55.1100635, 25.1167683], [55.1100743, 25.1167835], [55.1101319, 25.1167498], [55.110193, 25.1168354], [55.1104621, 25.1166773], [55.1105145, 25.1166448], [55.110566, 25.1166112], [55.1106677, 25.1165369], [55.1105791, 25.1164589], [55.1104702, 25.1165234], [55.1104562, 25.1165042], [55.1104271, 25.1165226], [55.1104156, 25.1165062], [55.1103417, 25.1165488], [55.110327, 25.116528], [55.1099745, 25.1167326], [55.1099877, 25.1167556], [55.1099156, 25.1167978], [55.1098714, 25.1167357], [55.1099386, 25.1166943], [55.1098681, 25.1165948], [55.1097058, 25.116689], [55.1097792, 25.1167925], [55.1098434, 25.1167529], [55.1098853, 25.1168114], [55.1098036, 25.1168592], [55.1097806, 25.116827], [55.1095765, 25.1169464], [55.1096111, 25.1169882], [55.1095604, 25.1170241], [55.109548, 25.1170189], [55.1095466, 25.1170045], [55.1094536, 25.1170122], [55.109452, 25.1169964], [55.1094337, 25.1169965], [55.1095087, 25.1175253]]]}}, {"type": "Feature", "properties": {"status": "existing", "bHeight": 12.0, "name": "", "levels": ""}, "geometry": {"type": "Polygon", "coordinates": [[[55.1091027, 25.1169238], [55.1091353, 25.11692], [55.1091297, 25.1168794], [55.109097, 25.1168831], [55.1091027, 25.1169238]]]}}, {"type": "Feature", "properties": {"status": "existing", "bHeight": 12.0, "name": "", "levels": ""}, "geometry": {"type": "Polygon", "coordinates": [[[55.1216225, 25.1354698], [55.1216374, 25.1354507], [55.1217456, 25.1355202], [55.1217645, 25.1354961], [55.1216248, 25.1354064], [55.121591, 25.1354496], [55.1216225, 25.1354698]]]}}, {"type": "Feature", "properties": {"status": "existing", "bHeight": 12.0, "name": "", "levels": ""}, "geometry": {"type": "Polygon", "coordinates": [[[55.1240402, 25.1371324], [55.1242282, 25.1372377], [55.1242826, 25.1371582], [55.1240945, 25.1370529], [55.1240402, 25.1371324]]]}}, {"type": "Feature", "properties": {"status": "existing", "bHeight": 12.0, "name": "", "levels": ""}, "geometry": {"type": "Polygon", "coordinates": [[[55.1196619, 25.1344652], [55.119548, 25.1343782], [55.1196276, 25.1342928], [55.1197953, 25.134421], [55.1197873, 25.1344296], [55.1197736, 25.1344443], [55.1197198, 25.1344031], [55.1196619, 25.1344652]]]}}, {"type": "Feature", "properties": {"status": "existing", "bHeight": 12.0, "name": "", "levels": ""}, "geometry": {"type": "Polygon", "coordinates": [[[55.1107505, 25.117911], [55.1106997, 25.117914], [55.1106653, 25.117916], [55.1106631, 25.1178848], [55.1107483, 25.1178799], [55.1107505, 25.117911]]]}}, {"type": "Feature", "properties": {"status": "existing", "bHeight": 12.0, "name": "", "levels": ""}, "geometry": {"type": "Polygon", "coordinates": [[[55.1108424, 25.1179111], [55.1108078, 25.1179129], [55.1108053, 25.1178759], [55.1108399, 25.1178741], [55.1108424, 25.1179111]]]}}, {"type": "Feature", "properties": {"status": "existing", "bHeight": 12.0, "name": "", "levels": ""}, "geometry": {"type": "Polygon", "coordinates": [[[55.1104099, 25.1175175], [55.1104402, 25.1175161], [55.1104376, 25.1174695], [55.1104073, 25.1174709], [55.1104099, 25.1175175]]]}}, {"type": "Feature", "properties": {"status": "existing", "bHeight": 12.0, "name": "", "levels": ""}, "geometry": {"type": "Polygon", "coordinates": [[[55.1103449, 25.1175405], [55.110405, 25.1175359], [55.1103992, 25.1174737], [55.1103392, 25.1174783], [55.1103449, 25.1175405]]]}}, {"type": "Feature", "properties": {"status": "existing", "bHeight": 12.0, "name": "", "levels": ""}, "geometry": {"type": "Polygon", "coordinates": [[[55.1246856, 25.1359999], [55.1247094, 25.1359611], [55.1246435, 25.135928], [55.1246196, 25.1359668], [55.1246856, 25.1359999]]]}}, {"type": "Feature", "properties": {"status": "existing", "bHeight": 12.0, "name": "", "levels": ""}, "geometry": {"type": "Polygon", "coordinates": [[[55.1244786, 25.136149], [55.124565, 25.1361931], [55.1246856, 25.1359999], [55.1246196, 25.1359668], [55.1244615, 25.1358858], [55.1244152, 25.1359601], [55.1244357, 25.1359986], [55.1244512, 25.1360389], [55.1244601, 25.1360735], [55.1244653, 25.1361088], [55.1244894, 25.1361239], [55.1244786, 25.136149]]]}}, {"type": "Feature", "properties": {"status": "existing", "bHeight": 12.0, "name": "", "levels": ""}, "geometry": {"type": "Polygon", "coordinates": [[[55.1239031, 25.1344525], [55.1239501, 25.134401], [55.1239127, 25.1343731], [55.1238657, 25.1344246], [55.1239031, 25.1344525]]]}}, {"type": "Feature", "properties": {"status": "existing", "bHeight": 12.0, "name": "", "levels": ""}, "geometry": {"type": "Polygon", "coordinates": [[[55.1232945, 25.134387], [55.1233884, 25.1343954], [55.1233955, 25.1343309], [55.1233015, 25.1343224], [55.1232945, 25.134387]]]}}, {"type": "Feature", "properties": {"status": "existing", "bHeight": 12.0, "name": "", "levels": ""}, "geometry": {"type": "Polygon", "coordinates": [[[55.1111408, 25.118999], [55.1111285, 25.1189694], [55.1111607, 25.1189585], [55.1112036, 25.1190621], [55.1111715, 25.119073], [55.1111835, 25.1191021], [55.1109816, 25.1191708], [55.1109636, 25.1191276], [55.1109811, 25.1191217], [55.1109563, 25.1190618], [55.1111408, 25.118999]]]}}, {"type": "Feature", "properties": {"status": "existing", "bHeight": 12.0, "name": "", "levels": ""}, "geometry": {"type": "Polygon", "coordinates": [[[55.1107271, 25.1187448], [55.110736, 25.1188003], [55.1109419, 25.1187733], [55.1109348, 25.1187287], [55.1109679, 25.1187243], [55.1109493, 25.118608], [55.1109162, 25.1186123], [55.1109197, 25.1186344], [55.1107138, 25.1186613], [55.1107237, 25.1187232], [55.1107334, 25.1187219], [55.1107369, 25.1187435], [55.1107271, 25.1187448]]]}}, {"type": "Feature", "properties": {"status": "existing", "bHeight": 12.0, "name": "", "levels": ""}, "geometry": {"type": "Polygon", "coordinates": [[[55.124726, 25.1375648], [55.1248175, 25.1375906], [55.1248262, 25.137565], [55.1247348, 25.1375393], [55.124726, 25.1375648]]]}}, {"type": "Feature", "properties": {"status": "existing", "bHeight": 12.0, "name": "", "levels": ""}, "geometry": {"type": "Polygon", "coordinates": [[[55.1245539, 25.1373405], [55.1246999, 25.1373193], [55.1246329, 25.1369413], [55.1244868, 25.1369625], [55.1245539, 25.1373405]]]}}, {"type": "Feature", "properties": {"status": "existing", "bHeight": 12.0, "name": "", "levels": ""}, "geometry": {"type": "Polygon", "coordinates": [[[55.1105119, 25.1221868], [55.1105017, 25.1221895], [55.1105214, 25.1222496], [55.1105564, 25.1222402], [55.1105535, 25.1222312], [55.1106062, 25.122217], [55.1106092, 25.122226], [55.1106618, 25.1222119], [55.1106589, 25.1222029], [55.1107324, 25.1221832], [55.1107258, 25.1221629], [55.1107724, 25.1221504], [55.1107458, 25.122069], [55.1104953, 25.1221362], [55.1105119, 25.1221868]]]}}, {"type": "Feature", "properties": {"status": "existing", "bHeight": 12.0, "name": "", "levels": ""}, "geometry": {"type": "Polygon", "coordinates": [[[55.1101436, 25.1209176], [55.1103052, 25.1208745], [55.1103166, 25.1209093], [55.1103309, 25.1209054], [55.1103472, 25.1209553], [55.1101537, 25.1210069], [55.1101333, 25.120944], [55.1101507, 25.1209393], [55.1101436, 25.1209176]]]}}, {"type": "Feature", "properties": {"status": "existing", "bHeight": 12.0, "name": "", "levels": ""}, "geometry": {"type": "Polygon", "coordinates": [[[55.1101691, 25.1211173], [55.1101541, 25.1211221], [55.110129, 25.121057], [55.1101605, 25.121047], [55.1101711, 25.1210746], [55.1102288, 25.1210564], [55.110223, 25.1210415], [55.1102686, 25.1210271], [55.1102726, 25.1210373], [55.1103219, 25.1210217], [55.1103399, 25.1210683], [55.1103308, 25.1210712], [55.1103456, 25.1211096], [55.1101857, 25.1211602], [55.1101691, 25.1211173]]]}}, {"type": "Feature", "properties": {"status": "existing", "bHeight": 12.0, "name": "", "levels": ""}, "geometry": {"type": "Polygon", "coordinates": [[[55.1102632, 25.1211712], [55.1104257, 25.1211158], [55.1104453, 25.1211629], [55.1104557, 25.1211594], [55.1104699, 25.1211935], [55.110424, 25.1212092], [55.1104296, 25.1212227], [55.1103787, 25.1212401], [55.1103752, 25.1212315], [55.1103232, 25.1212492], [55.1103266, 25.1212574], [55.110291, 25.1212695], [55.110268, 25.1212143], [55.1102795, 25.1212104], [55.1102632, 25.1211712]]]}}, {"type": "Feature", "properties": {"status": "existing", "bHeight": 12.0, "name": "", "levels": ""}, "geometry": {"type": "Polygon", "coordinates": [[[55.1105352, 25.1212648], [55.110552, 25.1213067], [55.1105225, 25.1213164], [55.1105304, 25.1213361], [55.1105599, 25.1213265], [55.110578, 25.1213716], [55.1105485, 25.1213813], [55.1105529, 25.1213923], [55.1103888, 25.1214461], [55.1103802, 25.1214244], [55.1103438, 25.1214363], [55.1102957, 25.121316], [55.110328, 25.1213054], [55.1103377, 25.1213296], [55.1105352, 25.1212648]]]}}, {"type": "Feature", "properties": {"status": "existing", "bHeight": 12.0, "name": "", "levels": ""}, "geometry": {"type": "Polygon", "coordinates": [[[55.110571, 25.1218871], [55.1106439, 25.1218679], [55.1106369, 25.1218462], [55.1106791, 25.1218351], [55.1106548, 25.1217594], [55.1104212, 25.1218208], [55.110436, 25.1218671], [55.1104152, 25.1218726], [55.1104356, 25.1219362], [55.1104679, 25.1219277], [55.1104639, 25.1219152], [55.1105256, 25.121899], [55.1105283, 25.1219073], [55.1105736, 25.1218954], [55.110571, 25.1218871]]]}}, {"type": "Feature", "properties": {"status": "existing", "bHeight": 12.0, "name": "", "levels": ""}, "geometry": {"type": "Polygon", "coordinates": [[[55.1103906, 25.1217363], [55.1103762, 25.1217402], [55.1103563, 25.121679], [55.110394, 25.1216689], [55.1104008, 25.1216897], [55.1104598, 25.1216739], [55.1104569, 25.121665], [55.1105069, 25.1216517], [55.1105098, 25.1216606], [55.1105611, 25.121647], [55.1105567, 25.1216333], [55.110622, 25.1216159], [55.1106486, 25.121698], [55.1105783, 25.1217167], [55.1105884, 25.1217478], [55.1104098, 25.1217953], [55.1103906, 25.1217363]]]}}, {"type": "Feature", "properties": {"status": "existing", "bHeight": 12.0, "name": "", "levels": ""}, "geometry": {"type": "Polygon", "coordinates": [[[55.1105411, 25.1219463], [55.1105441, 25.1219546], [55.1106121, 25.1219346], [55.1106091, 25.1219262], [55.1106873, 25.1219032], [55.1107037, 25.1219488], [55.1106912, 25.1219525], [55.1106968, 25.1219682], [55.1107093, 25.1219646], [55.1107278, 25.122016], [55.1105119, 25.1220796], [55.1104894, 25.122017], [55.1104768, 25.1220207], [55.110451, 25.1219491], [55.1104857, 25.1219389], [55.1104934, 25.1219603], [55.1105411, 25.1219463]]]}}, {"type": "Feature", "properties": {"status": "existing", "bHeight": 12.0, "name": "", "levels": ""}, "geometry": {"type": "Polygon", "coordinates": [[[55.1107795, 25.1066499], [55.1107294, 25.1066306], [55.1107664, 25.1065515], [55.1107722, 25.1065393], [55.1108223, 25.1065586], [55.1107795, 25.1066499]]]}}, {"type": "Feature", "properties": {"status": "existing", "bHeight": 12.0, "name": "", "levels": ""}, "geometry": {"type": "Polygon", "coordinates": [[[55.1093133, 25.1182751], [55.1093438, 25.1182734], [55.1093412, 25.1182349], [55.1093108, 25.1182366], [55.1093133, 25.1182751]]]}}, {"type": "Feature", "properties": {"status": "existing", "bHeight": 12.0, "name": "", "levels": ""}, "geometry": {"type": "Polygon", "coordinates": [[[55.1094836, 25.1167995], [55.1093401, 25.1168104], [55.1093366, 25.1167726], [55.1094801, 25.1167617], [55.1094836, 25.1167995]]]}}, {"type": "Feature", "properties": {"status": "existing", "bHeight": 12.0, "name": "", "levels": ""}, "geometry": {"type": "Polygon", "coordinates": [[[55.1201632, 25.132227], [55.1201999, 25.1321944], [55.1201022, 25.1321041], [55.1200654, 25.1321368], [55.1201632, 25.132227]]]}}, {"type": "Feature", "properties": {"status": "existing", "bHeight": 12.0, "name": "", "levels": ""}, "geometry": {"type": "Polygon", "coordinates": [[[55.1245564, 25.1349119], [55.1245834, 25.1348533], [55.1245321, 25.134834], [55.1245051, 25.1348926], [55.1245564, 25.1349119]]]}}, {"type": "Feature", "properties": {"status": "existing", "bHeight": 12.0, "name": "", "levels": ""}, "geometry": {"type": "Polygon", "coordinates": [[[55.1244871, 25.1348852], [55.1245138, 25.1348274], [55.1244599, 25.134807], [55.1244332, 25.1348647], [55.1244871, 25.1348852]]]}}, {"type": "Feature", "properties": {"status": "existing", "bHeight": 12.0, "name": "", "levels": ""}, "geometry": {"type": "Polygon", "coordinates": [[[55.1223434, 25.1340834], [55.1223825, 25.1340439], [55.1223429, 25.1340119], [55.1223039, 25.1340514], [55.1223434, 25.1340834]]]}}, {"type": "Feature", "properties": {"status": "existing", "bHeight": 12.0, "name": "", "levels": ""}, "geometry": {"type": "Polygon", "coordinates": [[[55.1225536, 25.1340874], [55.1225615, 25.1340326], [55.1225063, 25.1340261], [55.1224983, 25.1340809], [55.1225536, 25.1340874]]]}}, {"type": "Feature", "properties": {"status": "existing", "bHeight": 12.0, "name": "", "levels": ""}, "geometry": {"type": "Polygon", "coordinates": [[[55.1226531, 25.1341884], [55.1225885, 25.1341873], [55.1225897, 25.1341265], [55.1226543, 25.1341276], [55.1226531, 25.1341884]]]}}, {"type": "Feature", "properties": {"status": "existing", "bHeight": 12.0, "name": "", "levels": ""}, "geometry": {"type": "Polygon", "coordinates": [[[55.1209643, 25.1340319], [55.121007, 25.1339292], [55.1209572, 25.1339123], [55.1209766, 25.1338657], [55.1209108, 25.1338433], [55.1208703, 25.1339409], [55.1209194, 25.1339576], [55.1208979, 25.1340093], [55.1209643, 25.1340319]]]}}, {"type": "Feature", "properties": {"status": "existing", "bHeight": 12.0, "name": "", "levels": ""}, "geometry": {"type": "Polygon", "coordinates": [[[55.1201305, 25.1338228], [55.120163, 25.1338218], [55.120161, 25.1337653], [55.1201286, 25.1337663], [55.1201305, 25.1338228]]]}}, {"type": "Feature", "properties": {"status": "existing", "bHeight": 12.0, "name": "", "levels": ""}, "geometry": {"type": "Polygon", "coordinates": [[[55.1199338, 25.1334665], [55.1199566, 25.1334232], [55.1198635, 25.1333831], [55.1198408, 25.1334264], [55.1199338, 25.1334665]]]}}, {"type": "Feature", "properties": {"status": "existing", "bHeight": 12.0, "name": "", "levels": ""}, "geometry": {"type": "Polygon", "coordinates": [[[55.1105292, 25.1072619], [55.1105393, 25.1072337], [55.1105692, 25.1072423], [55.1105593, 25.1072706], [55.1105292, 25.1072619]]]}}, {"type": "Feature", "properties": {"status": "existing", "bHeight": 12.0, "name": "", "levels": ""}, "geometry": {"type": "Polygon", "coordinates": [[[55.1104619, 25.1072288], [55.1104875, 25.1072357], [55.1105023, 25.1071903], [55.1104767, 25.1071834], [55.1104619, 25.1072288]]]}}, {"type": "Feature", "properties": {"status": "existing", "bHeight": 12.0, "name": "", "levels": ""}, "geometry": {"type": "Polygon", "coordinates": [[[55.1105528, 25.1070037], [55.1105602, 25.106985], [55.1105895, 25.1069944], [55.110579, 25.1070212], [55.110563, 25.1070623], [55.1105336, 25.1070529], [55.1105458, 25.1070218], [55.1105497, 25.1070116], [55.1105528, 25.1070037]]]}}, {"type": "Feature", "properties": {"status": "existing", "bHeight": 12.0, "name": "", "levels": ""}, "geometry": {"type": "Polygon", "coordinates": [[[55.1111076, 25.1070626], [55.1110611, 25.1070075], [55.1111073, 25.1069755], [55.1111538, 25.1070306], [55.1111076, 25.1070626]]]}}, {"type": "Feature", "properties": {"status": "existing", "bHeight": 12.0, "name": "", "levels": ""}, "geometry": {"type": "Polygon", "coordinates": [[[55.1100822, 25.1082126], [55.1100896, 25.1081902], [55.1101378, 25.1082033], [55.1101304, 25.1082257], [55.1100822, 25.1082126]]]}}, {"type": "Feature", "properties": {"status": "existing", "bHeight": 12.0, "name": "", "levels": ""}, "geometry": {"type": "Polygon", "coordinates": [[[55.1101304, 25.1082257], [55.1101487, 25.1082306], [55.1101409, 25.1082543], [55.1100744, 25.1082363], [55.1100822, 25.1082126], [55.1101304, 25.1082257]]]}}, {"type": "Feature", "properties": {"status": "existing", "bHeight": 12.0, "name": "", "levels": ""}, "geometry": {"type": "Polygon", "coordinates": [[[55.1097816, 25.1093347], [55.1097349, 25.1093227], [55.1097662, 25.1092228], [55.1098324, 25.1092398], [55.1098251, 25.1092631], [55.1098421, 25.1092675], [55.1098253, 25.1093212], [55.1097888, 25.1093118], [55.1097816, 25.1093347]]]}}, {"type": "Feature", "properties": {"status": "existing", "bHeight": 12.0, "name": "", "levels": ""}, "geometry": {"type": "Polygon", "coordinates": [[[55.1108089, 25.1062371], [55.110792, 25.106229], [55.1108012, 25.1062133], [55.1108181, 25.1062213], [55.1108089, 25.1062371]]]}}, {"type": "Feature", "properties": {"status": "existing", "bHeight": 12.0, "name": "", "levels": ""}, "geometry": {"type": "Polygon", "coordinates": [[[55.1104215, 25.1076184], [55.110392, 25.1076094], [55.1104022, 25.1075824], [55.1104316, 25.1075915], [55.1104215, 25.1076184]]]}}, {"type": "Feature", "properties": {"status": "existing", "bHeight": 12.0, "name": "", "levels": ""}, "geometry": {"type": "Polygon", "coordinates": [[[55.1104182, 25.1075406], [55.1104282, 25.1075139], [55.1104588, 25.1075233], [55.1104488, 25.10755], [55.1104182, 25.1075406]]]}}, {"type": "Feature", "properties": {"status": "existing", "bHeight": 12.0, "name": "", "levels": ""}, "geometry": {"type": "Polygon", "coordinates": [[[55.11097, 25.1092243], [55.1109659, 25.1092228], [55.1109617, 25.1092213], [55.1109492, 25.1092501], [55.1109976, 25.1092673], [55.1110101, 25.1092385], [55.11097, 25.1092243]]]}}, {"type": "Feature", "properties": {"status": "existing", "bHeight": 12.0, "name": "", "levels": ""}, "geometry": {"type": "Polygon", "coordinates": [[[55.1118068, 25.1079539], [55.1117856, 25.107972], [55.1118129, 25.1079981], [55.111834, 25.1079799], [55.1118068, 25.1079539]]]}}, {"type": "Feature", "properties": {"status": "existing", "bHeight": 12.0, "name": "", "levels": ""}, "geometry": {"type": "Polygon", "coordinates": [[[55.1109451, 25.1065751], [55.1109219, 25.1065687], [55.1109322, 25.1065384], [55.1109553, 25.1065449], [55.1109451, 25.1065751]]]}}, {"type": "Feature", "properties": {"status": "existing", "bHeight": 12.0, "name": "", "levels": ""}, "geometry": {"type": "Polygon", "coordinates": [[[55.1120137, 25.107047], [55.1119683, 25.1069743], [55.1121115, 25.106901], [55.1121569, 25.1069736], [55.1120137, 25.107047]]]}}, {"type": "Feature", "properties": {"status": "existing", "bHeight": 12.0, "name": "", "levels": ""}, "geometry": {"type": "Polygon", "coordinates": [[[55.112094, 25.1070232], [55.1121148, 25.1070582], [55.1121505, 25.1070408], [55.1121297, 25.1070058], [55.112094, 25.1070232]]]}}, {"type": "Feature", "properties": {"status": "existing", "bHeight": 12.0, "name": "", "levels": ""}, "geometry": {"type": "Polygon", "coordinates": [[[55.1119404, 25.1071589], [55.1119852, 25.107137], [55.112013, 25.1071839], [55.1119683, 25.1072057], [55.1119404, 25.1071589]]]}}, {"type": "Feature", "properties": {"status": "existing", "bHeight": 12.0, "name": "", "levels": ""}, "geometry": {"type": "Polygon", "coordinates": [[[55.1119777, 25.1071246], [55.1119329, 25.1071465], [55.1119081, 25.1071048], [55.1119529, 25.1070829], [55.1119777, 25.1071246]]]}}, {"type": "Feature", "properties": {"status": "existing", "bHeight": 12.0, "name": "", "levels": ""}, "geometry": {"type": "Polygon", "coordinates": [[[55.1119457, 25.1070707], [55.111926, 25.1070376], [55.1118811, 25.1070595], [55.1119008, 25.1070926], [55.1119457, 25.1070707]]]}}, {"type": "Feature", "properties": {"status": "existing", "bHeight": 12.0, "name": "", "levels": ""}, "geometry": {"type": "Polygon", "coordinates": [[[55.1204858, 25.1341631], [55.1204771, 25.1339113], [55.1204757, 25.1338695], [55.1205995, 25.133866], [55.1206096, 25.1341592], [55.1204858, 25.1341631]]]}}, {"type": "Feature", "properties": {"status": "existing", "bHeight": 12.0, "name": "", "levels": ""}, "geometry": {"type": "Polygon", "coordinates": [[[55.1201945, 25.1341721], [55.1201844, 25.1338803], [55.1202691, 25.1338779], [55.1202704, 25.1339174], [55.1202791, 25.1341689], [55.1201945, 25.1341721]]]}}, {"type": "Feature", "properties": {"status": "existing", "bHeight": 12.0, "name": "", "levels": ""}, "geometry": {"type": "Polygon", "coordinates": [[[55.1111667, 25.109124], [55.1111416, 25.1091023], [55.1111477, 25.1090966], [55.1111513, 25.1090931], [55.1111552, 25.1090894], [55.1111789, 25.109067], [55.1112039, 25.1090887], [55.1111667, 25.109124]]]}}, {"type": "Feature", "properties": {"status": "existing", "bHeight": 12.0, "name": "", "levels": ""}, "geometry": {"type": "Polygon", "coordinates": [[[55.1113853, 25.1087549], [55.1112939, 25.1086768], [55.1113297, 25.1086424], [55.1114211, 25.1087205], [55.1113853, 25.1087549]]]}}, {"type": "Feature", "properties": {"status": "existing", "bHeight": 12.0, "name": "", "levels": ""}, "geometry": {"type": "Polygon", "coordinates": [[[55.1096445, 25.1181719], [55.1096986, 25.1181633], [55.1096939, 25.118139], [55.1096398, 25.1181477], [55.1096445, 25.1181719]]]}}, {"type": "Feature", "properties": {"status": "existing", "bHeight": 12.0, "name": "", "levels": ""}, "geometry": {"type": "Polygon", "coordinates": [[[55.1115151, 25.1089596], [55.1114806, 25.1089296], [55.1115029, 25.1089085], [55.1115374, 25.1089385], [55.1115151, 25.1089596]]]}}, {"type": "Feature", "properties": {"status": "existing", "bHeight": 12.0, "name": "", "levels": ""}, "geometry": {"type": "Polygon", "coordinates": [[[55.1110012, 25.1090417], [55.1109374, 25.1089838], [55.1109637, 25.10896], [55.1109758, 25.108971], [55.1110275, 25.1090179], [55.1110012, 25.1090417]]]}}, {"type": "Feature", "properties": {"status": "existing", "bHeight": 12.0, "name": "", "levels": ""}, "geometry": {"type": "Polygon", "coordinates": [[[55.1113499, 25.1095956], [55.1113008, 25.1095827], [55.1113335, 25.1094811], [55.1113826, 25.109494], [55.1113499, 25.1095956]]]}}, {"type": "Feature", "properties": {"status": "existing", "bHeight": 12.0, "name": "", "levels": ""}, "geometry": {"type": "Polygon", "coordinates": [[[55.111758, 25.108121], [55.1117613, 25.1080933], [55.1117174, 25.1080889], [55.111714, 25.1081166], [55.111758, 25.108121]]]}}, {"type": "Feature", "properties": {"status": "existing", "bHeight": 12.0, "name": "", "levels": ""}, "geometry": {"type": "Polygon", "coordinates": [[[55.1111037, 25.1093284], [55.1111209, 25.1092762], [55.1111245, 25.1092654], [55.1110967, 25.1092579], [55.1110759, 25.1093208], [55.1111037, 25.1093284]]]}}, {"type": "Feature", "properties": {"status": "existing", "bHeight": 12.0, "name": "", "levels": ""}, "geometry": {"type": "Polygon", "coordinates": [[[55.1110751, 25.1094426], [55.1110722, 25.1094417], [55.1110308, 25.1094289], [55.1110515, 25.1093743], [55.1110661, 25.1093788], [55.1110958, 25.109388], [55.1110751, 25.1094426]]]}}, {"type": "Feature", "properties": {"status": "existing", "bHeight": 12.0, "name": "", "levels": ""}, "geometry": {"type": "Polygon", "coordinates": [[[55.111301, 25.1092432], [55.1112987, 25.1092088], [55.1112387, 25.1092122], [55.1112411, 25.1092466], [55.111301, 25.1092432]]]}}, {"type": "Feature", "properties": {"status": "existing", "bHeight": 12.0, "name": "", "levels": ""}, "geometry": {"type": "Polygon", "coordinates": [[[55.1113365, 25.1090286], [55.11132, 25.1090606], [55.111264, 25.1090369], [55.1112805, 25.1090049], [55.1113365, 25.1090286]]]}}, {"type": "Feature", "properties": {"status": "existing", "bHeight": 12.0, "name": "", "levels": ""}, "geometry": {"type": "Polygon", "coordinates": [[[55.1111426, 25.108876], [55.1111401, 25.1088738], [55.1111043, 25.1088412], [55.1110907, 25.1088288], [55.1111178, 25.1088045], [55.1111696, 25.1088517], [55.1111426, 25.108876]]]}}, {"type": "Feature", "properties": {"status": "existing", "bHeight": 12.0, "name": "", "levels": ""}, "geometry": {"type": "Polygon", "coordinates": [[[55.1113921, 25.1083691], [55.1114988, 25.1083221], [55.1114759, 25.1082795], [55.1113692, 25.1083266], [55.1113921, 25.1083691]]]}}, {"type": "Feature", "properties": {"status": "existing", "bHeight": 12.0, "name": "", "levels": ""}, "geometry": {"type": "Polygon", "coordinates": [[[55.1119359, 25.1068062], [55.1119773, 25.1067855], [55.1119194, 25.1066906], [55.1118779, 25.1067113], [55.1119359, 25.1068062]]]}}, {"type": "Feature", "properties": {"status": "existing", "bHeight": 12.0, "name": "", "levels": ""}, "geometry": {"type": "Polygon", "coordinates": [[[55.1118799, 25.1066617], [55.1119137, 25.1066435], [55.1118405, 25.1065319], [55.1118067, 25.1065501], [55.1118799, 25.1066617]]]}}, {"type": "Feature", "properties": {"status": "existing", "bHeight": 12.0, "name": "", "levels": ""}, "geometry": {"type": "Polygon", "coordinates": [[[55.1126267, 25.106587], [55.1126575, 25.1065868], [55.1126573, 25.1065623], [55.1126269, 25.1065625], [55.1126267, 25.106587]]]}}, {"type": "Feature", "properties": {"status": "existing", "bHeight": 12.0, "name": "", "levels": ""}, "geometry": {"type": "Polygon", "coordinates": [[[55.112581, 25.1065866], [55.1126267, 25.106587], [55.1126269, 25.1065625], [55.1126271, 25.1065471], [55.1125998, 25.1065468], [55.1125999, 25.1065374], [55.1125815, 25.1065372], [55.112581, 25.1065866]]]}}, {"type": "Feature", "properties": {"status": "existing", "bHeight": 12.0, "name": "", "levels": ""}, "geometry": {"type": "Polygon", "coordinates": [[[55.111709, 25.1064918], [55.111686, 25.1064657], [55.1117137, 25.1064458], [55.1117367, 25.1064719], [55.111709, 25.1064918]]]}}, {"type": "Feature", "properties": {"status": "existing", "bHeight": 12.0, "name": "", "levels": ""}, "geometry": {"type": "Polygon", "coordinates": [[[55.1126137, 25.106414], [55.1126484, 25.1063594], [55.1125185, 25.1062917], [55.1124838, 25.1063464], [55.1126137, 25.106414]]]}}, {"type": "Feature", "properties": {"status": "existing", "bHeight": 12.0, "name": "", "levels": ""}, "geometry": {"type": "Polygon", "coordinates": [[[55.11244, 25.1062893], [55.1123881, 25.1062407], [55.1124184, 25.106209], [55.1124137, 25.1061684], [55.1124554, 25.1061694], [55.1124565, 25.1061374], [55.1125102, 25.1061355], [55.1125075, 25.1062272], [55.1124837, 25.1062266], [55.11244, 25.1062893]]]}}, {"type": "Feature", "properties": {"status": "existing", "bHeight": 12.0, "name": "", "levels": ""}, "geometry": {"type": "Polygon", "coordinates": [[[55.1124525, 25.105832], [55.1124588, 25.1058282], [55.1124648, 25.1058241], [55.1124704, 25.1058195], [55.1124756, 25.1058146], [55.1125488, 25.1057142], [55.1125655, 25.1057242], [55.1125939, 25.1056852], [55.1125087, 25.1056343], [55.1124156, 25.1057627], [55.1124525, 25.105832]]]}}, {"type": "Feature", "properties": {"status": "existing", "bHeight": 12.0, "name": "", "levels": ""}, "geometry": {"type": "Polygon", "coordinates": [[[55.1125886, 25.1058869], [55.1125214, 25.1058529], [55.1126176, 25.1056969], [55.1126848, 25.1057309], [55.1125886, 25.1058869]]]}}, {"type": "Feature", "properties": {"status": "existing", "bHeight": 12.0, "name": "", "levels": ""}, "geometry": {"type": "Polygon", "coordinates": [[[55.1212781, 25.1239789], [55.1213327, 25.1239768], [55.1213365, 25.1240585], [55.1213963, 25.1240562], [55.1213761, 25.1240398], [55.1214274, 25.1239878], [55.1214861, 25.1240352], [55.1215201, 25.1240006], [55.1215178, 25.1239513], [55.1216499, 25.1239461], [55.1216598, 25.1241557], [55.1215252, 25.1241609], [55.1214866, 25.1241308], [55.1214579, 25.124161], [55.121428, 25.1241378], [55.1213849, 25.1241832], [55.1213319, 25.1241419], [55.1213335, 25.1241764], [55.1212874, 25.1241781], [55.1212781, 25.1239789]]]}}, {"type": "Feature", "properties": {"status": "existing", "bHeight": 12.0, "name": "", "levels": ""}, "geometry": {"type": "Polygon", "coordinates": [[[55.1111744, 25.1077905], [55.1111551, 25.1077835], [55.1111482, 25.1077992], [55.1111255, 25.107791], [55.1111322, 25.1077757], [55.1111108, 25.107768], [55.1111334, 25.1077168], [55.1111967, 25.1077397], [55.1111744, 25.1077905]]]}}, {"type": "Feature", "properties": {"status": "existing", "bHeight": 12.0, "name": "", "levels": ""}, "geometry": {"type": "Polygon", "coordinates": [[[55.1119224, 25.1068596], [55.1119067, 25.106836], [55.1119375, 25.1068191], [55.1119532, 25.1068428], [55.1119224, 25.1068596]]]}}, {"type": "Feature", "properties": {"status": "existing", "bHeight": 12.0, "name": "", "levels": ""}, "geometry": {"type": "Polygon", "coordinates": [[[55.1256905, 25.1368034], [55.1261886, 25.1367132], [55.1262201, 25.1368338], [55.1262343, 25.1368761], [55.1262556, 25.1369396], [55.1262937, 25.1370321], [55.1263418, 25.1371207], [55.1263959, 25.1371935], [55.1264508, 25.1372542], [55.1261803, 25.1374702], [55.126139, 25.1374311], [55.1261211, 25.1374458], [55.1260403, 25.1375121], [55.1259954, 25.1374659], [55.1259284, 25.1373702], [55.1258633, 25.1372688], [55.1258087, 25.1371658], [55.1257645, 25.1370573], [55.1257251, 25.1369304], [55.1256905, 25.1368034]]]}}, {"type": "Feature", "properties": {"status": "existing", "bHeight": 12.0, "name": "", "levels": ""}, "geometry": {"type": "Polygon", "coordinates": [[[55.1289393, 25.1377587], [55.1290462, 25.1378189], [55.1291252, 25.137704], [55.1290182, 25.1376438], [55.1289393, 25.1377587]]]}}, {"type": "Feature", "properties": {"status": "existing", "bHeight": 12.0, "name": "", "levels": ""}, "geometry": {"type": "Polygon", "coordinates": [[[55.1290286, 25.1376179], [55.1291431, 25.1376799], [55.1292279, 25.1375518], [55.1292024, 25.137538], [55.12927, 25.1374358], [55.1292119, 25.1374043], [55.1291489, 25.1374996], [55.1291179, 25.1374829], [55.1290286, 25.1376179]]]}}, {"type": "Feature", "properties": {"status": "existing", "bHeight": 12.0, "name": "", "levels": ""}, "geometry": {"type": "Polygon", "coordinates": [[[55.1099361, 25.1087934], [55.1099588, 25.1087385], [55.109919, 25.1087251], [55.1098964, 25.1087799], [55.1099361, 25.1087934]]]}}, {"type": "Feature", "properties": {"status": "existing", "bHeight": 12.0, "name": "", "levels": ""}, "geometry": {"type": "Polygon", "coordinates": [[[55.1100762, 25.1083744], [55.1100361, 25.1083627], [55.110026, 25.1083908], [55.1100666, 25.1084025], [55.1100762, 25.1083744]]]}}, {"type": "Feature", "properties": {"status": "existing", "bHeight": 12.0, "name": "", "levels": ""}, "geometry": {"type": "Polygon", "coordinates": [[[55.1101814, 25.1079501], [55.1101707, 25.1079776], [55.1102082, 25.1079896], [55.1102189, 25.107962], [55.1101814, 25.1079501]]]}}, {"type": "Feature", "properties": {"status": "existing", "bHeight": 12.0, "name": "", "levels": ""}, "geometry": {"type": "Polygon", "coordinates": [[[55.1121121, 25.1054902], [55.1120871, 25.1054778], [55.1121031, 25.1054513], [55.1121494, 25.1054743], [55.1121334, 25.1055007], [55.1121121, 25.1054902]]]}}, {"type": "Feature", "properties": {"status": "existing", "bHeight": 12.0, "name": "", "levels": ""}, "geometry": {"type": "Polygon", "coordinates": [[[55.1111537, 25.1079327], [55.1111375, 25.1079019], [55.1111968, 25.1078762], [55.1112131, 25.1079069], [55.1111537, 25.1079327]]]}}, {"type": "Feature", "properties": {"status": "existing", "bHeight": 12.0, "name": "", "levels": ""}, "geometry": {"type": "Polygon", "coordinates": [[[55.1113442, 25.1081715], [55.1113309, 25.1081457], [55.1112841, 25.1081655], [55.1112975, 25.1081913], [55.1113442, 25.1081715]]]}}, {"type": "Feature", "properties": {"status": "existing", "bHeight": 12.0, "name": "", "levels": ""}, "geometry": {"type": "Polygon", "coordinates": [[[55.1094091, 25.1188436], [55.1094074, 25.118829], [55.1094239, 25.1188275], [55.1094256, 25.118842], [55.1094091, 25.1188436]]]}}, {"type": "Feature", "properties": {"status": "existing", "bHeight": 12.0, "name": "", "levels": ""}, "geometry": {"type": "Polygon", "coordinates": [[[55.1095031, 25.1188443], [55.1094997, 25.1188148], [55.1094642, 25.1188181], [55.1094676, 25.1188476], [55.1095031, 25.1188443]]]}}, {"type": "Feature", "properties": {"status": "existing", "bHeight": 12.0, "name": "", "levels": ""}, "geometry": {"type": "Polygon", "coordinates": [[[55.1095227, 25.1189838], [55.109518, 25.1189583], [55.1094859, 25.1189632], [55.1094906, 25.1189887], [55.1095227, 25.1189838]]]}}, {"type": "Feature", "properties": {"status": "existing", "bHeight": 12.0, "name": "", "levels": ""}, "geometry": {"type": "Polygon", "coordinates": [[[55.1094253, 25.1188169], [55.1094149, 25.1187644], [55.1095228, 25.1187469], [55.1095332, 25.1187994], [55.1094253, 25.1188169]]]}}, {"type": "Feature", "properties": {"status": "existing", "bHeight": 12.0, "name": "", "levels": ""}, "geometry": {"type": "Polygon", "coordinates": [[[55.1103665, 25.1215036], [55.1105868, 25.1214302], [55.1106031, 25.1214702], [55.1105838, 25.1214767], [55.1105897, 25.121491], [55.1106089, 25.1214846], [55.1106299, 25.1215362], [55.1104321, 25.1216022], [55.1104381, 25.1216171], [55.1104001, 25.1216298], [55.1103797, 25.1215797], [55.1103953, 25.1215745], [55.1103665, 25.1215036]]]}}, {"type": "Feature", "properties": {"status": "existing", "bHeight": 12.0, "name": "", "levels": ""}, "geometry": {"type": "Polygon", "coordinates": [[[55.1098436, 25.1200259], [55.1098191, 25.1199619], [55.1098071, 25.1199657], [55.1097865, 25.1199121], [55.1100202, 25.1198386], [55.1100408, 25.1198922], [55.1100214, 25.1198983], [55.1100267, 25.119912], [55.1100431, 25.1199069], [55.1100624, 25.1199571], [55.1098436, 25.1200259]]]}}, {"type": "Feature", "properties": {"status": "existing", "bHeight": 12.0, "name": "", "levels": ""}, "geometry": {"type": "Polygon", "coordinates": [[[55.1100678, 25.120767], [55.1100978, 25.1207587], [55.1101074, 25.120787], [55.1102567, 25.1207454], [55.1102702, 25.120785], [55.1102615, 25.1207874], [55.1102763, 25.1208308], [55.1101057, 25.1208784], [55.1100678, 25.120767]]]}}, {"type": "Feature", "properties": {"status": "existing", "bHeight": 12.0, "name": "", "levels": ""}, "geometry": {"type": "Polygon", "coordinates": [[[55.1100069, 25.1198053], [55.1099963, 25.1197509], [55.1099793, 25.1197536], [55.109971, 25.1197102], [55.1097848, 25.1197397], [55.1097937, 25.119786], [55.1097767, 25.1197887], [55.1097866, 25.1198402], [55.1100069, 25.1198053]]]}}, {"type": "Feature", "properties": {"status": "existing", "bHeight": 12.0, "name": "", "levels": ""}, "geometry": {"type": "Polygon", "coordinates": [[[55.1100115, 25.1207407], [55.1099995, 25.1206796], [55.1100189, 25.1206764], [55.1100118, 25.1206406], [55.1101873, 25.1206123], [55.1101947, 25.1206497], [55.1102153, 25.1206464], [55.110227, 25.1207059], [55.1101574, 25.1207172], [55.1101592, 25.1207262], [55.1101043, 25.1207351], [55.1101025, 25.120726], [55.1100115, 25.1207407]]]}}, {"type": "Feature", "properties": {"status": "existing", "bHeight": 12.0, "name": "", "levels": ""}, "geometry": {"type": "Polygon", "coordinates": [[[55.1099385, 25.1203268], [55.1099364, 25.1202752], [55.1099042, 25.1202763], [55.1099015, 25.1202067], [55.1099368, 25.1202056], [55.1099373, 25.1202202], [55.1101009, 25.1202158], [55.1101044, 25.1203223], [55.1099385, 25.1203268]]]}}, {"type": "Feature", "properties": {"status": "existing", "bHeight": 41.4, "name": "", "levels": "12", "height_source": "osm_geom", "height_basis": "osm levels 12 · 100% of this footprint"}, "geometry": {"type": "Polygon", "coordinates": [[[55.1112917, 25.1210301], [55.1112566, 25.1210562], [55.1112784, 25.1210803], [55.1112244, 25.1211204], [55.1112077, 25.1211019], [55.1111428, 25.1211501], [55.1111026, 25.1211057], [55.111003, 25.1211797], [55.1108961, 25.1210615], [55.1109139, 25.1210483], [55.1108493, 25.120977], [55.1108714, 25.1209606], [55.1108456, 25.1209321], [55.1107789, 25.1209816], [55.1106853, 25.1208782], [55.1106973, 25.1208694], [55.1106722, 25.1208416], [55.1106797, 25.1208361], [55.1106254, 25.1207761], [55.1106609, 25.1207499], [55.1106226, 25.1207076], [55.1106737, 25.1206697], [55.1106632, 25.1206581], [55.1106892, 25.1206387], [55.1106796, 25.1206281], [55.1107128, 25.1206035], [55.1107463, 25.1206406], [55.1108023, 25.1205991], [55.1108171, 25.1206154], [55.1108762, 25.1205715], [55.1109052, 25.1206036], [55.1109133, 25.1205976], [55.1109851, 25.1206768], [55.1110098, 25.1206585], [55.1112066, 25.120873], [55.1111966, 25.1208804], [55.1112443, 25.120933], [55.1112201, 25.120951], [55.1112917, 25.1210301]]]}}, {"type": "Feature", "properties": {"status": "existing", "bHeight": 12.0, "name": "", "levels": ""}, "geometry": {"type": "Polygon", "coordinates": [[[55.10992, 25.1201649], [55.1099016, 25.1201168], [55.1099124, 25.1201134], [55.1098904, 25.120056], [55.1101108, 25.1199868], [55.1101246, 25.1200227], [55.110105, 25.1200289], [55.1101111, 25.1200448], [55.1101307, 25.1200387], [55.1101512, 25.1200924], [55.10992, 25.1201649]]]}}, {"type": "Feature", "properties": {"status": "existing", "bHeight": 41.4, "name": "", "levels": "12", "height_source": "osm_geom", "height_basis": "osm levels 12 · 100% of this footprint"}, "geometry": {"type": "Polygon", "coordinates": [[[55.1104833, 25.1190921], [55.1104908, 25.1191033], [55.110562, 25.119064], [55.1105824, 25.1190945], [55.1106101, 25.1190792], [55.110727, 25.1192531], [55.1107055, 25.119265], [55.1107349, 25.1193088], [55.1106779, 25.1193403], [55.1106988, 25.1193714], [55.1106333, 25.1194075], [55.1106136, 25.1193781], [55.1105555, 25.1194101], [55.1105461, 25.1193962], [55.1104911, 25.1194265], [55.1104816, 25.1194124], [55.110432, 25.1194397], [55.1104113, 25.119409], [55.1103818, 25.1194252], [55.1102801, 25.1192739], [55.1102917, 25.1192674], [55.110274, 25.1192411], [55.1103555, 25.1191962], [55.1103438, 25.1191788], [55.1103595, 25.1191701], [55.1103067, 25.1190916], [55.1103192, 25.1190847], [55.1103018, 25.1190588], [55.1102881, 25.1190663], [55.1102038, 25.1189409], [55.1102178, 25.1189332], [55.1101959, 25.1189005], [55.110261, 25.1188646], [55.1102702, 25.1188782], [55.1104165, 25.1187975], [55.1104674, 25.1188731], [55.1104537, 25.1188807], [55.110476, 25.118914], [55.1104978, 25.118902], [55.1105455, 25.118973], [55.1105224, 25.1189857], [55.1105499, 25.1190265], [55.1105092, 25.1190489], [55.1105234, 25.11907], [55.1104833, 25.1190921]]]}}, {"type": "Feature", "properties": {"status": "existing", "bHeight": 12.0, "name": "", "levels": ""}, "geometry": {"type": "Polygon", "coordinates": [[[55.1098031, 25.1197045], [55.1097958, 25.1196577], [55.1097788, 25.1196599], [55.1097685, 25.1195948], [55.1097976, 25.119591], [55.1098017, 25.1196175], [55.1098568, 25.1196104], [55.1098544, 25.1195954], [55.1099094, 25.1195884], [55.109911, 25.1195986], [55.1099685, 25.1195912], [55.1099748, 25.1196314], [55.109964, 25.1196328], [55.1099718, 25.1196829], [55.1098031, 25.1197045]]]}}, {"type": "Feature", "properties": {"status": "existing", "bHeight": 12.0, "name": "", "levels": ""}, "geometry": {"type": "Polygon", "coordinates": [[[55.1100109, 25.1205442], [55.1100297, 25.1205423], [55.1100358, 25.120594], [55.1102095, 25.120577], [55.1101982, 25.1204827], [55.1101461, 25.1204878], [55.1101445, 25.1204745], [55.1100875, 25.12048], [55.1100891, 25.1204934], [55.1100058, 25.1205015], [55.1100109, 25.1205442]]]}}, {"type": "Feature", "properties": {"status": "existing", "bHeight": 12.0, "name": "", "levels": ""}, "geometry": {"type": "Polygon", "coordinates": [[[55.1099298, 25.120396], [55.1099461, 25.1203954], [55.1099445, 25.1203553], [55.1101131, 25.1203496], [55.1101148, 25.1203909], [55.1101536, 25.1203896], [55.1101553, 25.1204305], [55.1100847, 25.1204329], [55.1100853, 25.1204471], [55.1100324, 25.1204489], [55.110032, 25.1204406], [55.1099317, 25.120444], [55.1099298, 25.120396]]]}}, {"type": "Feature", "properties": {"status": "existing", "bHeight": 12.0, "name": "", "levels": ""}, "geometry": {"type": "Polygon", "coordinates": [[[55.1096252, 25.1188556], [55.1096273, 25.1188795], [55.109665, 25.1188768], [55.1096629, 25.1188529], [55.1096252, 25.1188556]]]}}, {"type": "Feature", "properties": {"status": "existing", "bHeight": 12.0, "name": "", "levels": ""}, "geometry": {"type": "Polygon", "coordinates": [[[55.1220548, 25.1239921], [55.1218134, 25.1240066], [55.1218095, 25.1239536], [55.1216948, 25.1239605], [55.1217091, 25.1241554], [55.1220652, 25.124134], [55.1220548, 25.1239921]]]}}, {"type": "Feature", "properties": {"status": "existing", "bHeight": 12.0, "name": "", "levels": ""}, "geometry": {"type": "Polygon", "coordinates": [[[55.1094413, 25.1190006], [55.1094422, 25.1190154], [55.1094625, 25.1190143], [55.1094616, 25.1189995], [55.1094413, 25.1190006]]]}}, {"type": "Feature", "properties": {"status": "existing", "bHeight": 35.0, "name": "", "levels": "10", "height_source": "osm_geom", "height_basis": "osm levels 10 · 100% of this footprint"}, "geometry": {"type": "Polygon", "coordinates": [[[55.1435644, 25.1084981], [55.1434036, 25.1083113], [55.1436471, 25.1081393], [55.143808, 25.108326], [55.1435644, 25.1084981]]]}}, {"type": "Feature", "properties": {"status": "existing", "bHeight": 12.0, "name": "", "levels": ""}, "geometry": {"type": "Polygon", "coordinates": [[[55.1262343, 25.1368761], [55.1263061, 25.1368613], [55.1263466, 25.1369491], [55.1264006, 25.1370358], [55.1264671, 25.1371242], [55.1265774, 25.1372572], [55.1267243, 25.1373737], [55.1267588, 25.1374048], [55.1264734, 25.1377307], [55.1264476, 25.1377115], [55.1263272, 25.1376086], [55.1262133, 25.1375014], [55.1261803, 25.1374702], [55.1264508, 25.1372542], [55.1263959, 25.1371935], [55.1263418, 25.1371207], [55.1262937, 25.1370321], [55.1262556, 25.1369396], [55.1262343, 25.1368761]]]}}, {"type": "Feature", "properties": {"status": "existing", "bHeight": 12.0, "name": "", "levels": ""}, "geometry": {"type": "Polygon", "coordinates": [[[55.1266803, 25.137873], [55.126784, 25.137725], [55.1270344, 25.1378414], [55.1269607, 25.1380036], [55.126821, 25.1379427], [55.1266803, 25.137873]]]}}, {"type": "Feature", "properties": {"status": "existing", "bHeight": 12.0, "name": "", "levels": ""}, "geometry": {"type": "Polygon", "coordinates": [[[55.1268553, 25.1371025], [55.1270481, 25.1372481], [55.1271053, 25.137186], [55.1269126, 25.1370404], [55.1268553, 25.1371025]]]}}, {"type": "Feature", "properties": {"status": "existing", "bHeight": 12.0, "name": "", "levels": ""}, "geometry": {"type": "Polygon", "coordinates": [[[55.1271214, 25.1372812], [55.1272613, 25.137333], [55.127295, 25.1372582], [55.1271552, 25.1372065], [55.1271214, 25.1372812]]]}}, {"type": "Feature", "properties": {"status": "existing", "bHeight": 12.0, "name": "", "levels": ""}, "geometry": {"type": "Polygon", "coordinates": [[[55.125737, 25.1363748], [55.1259112, 25.136405], [55.1259263, 25.1363341], [55.125752, 25.1363038], [55.125737, 25.1363748]]]}}, {"type": "Feature", "properties": {"status": "existing", "bHeight": 12.0, "name": "", "levels": ""}, "geometry": {"type": "Polygon", "coordinates": [[[55.1258257, 25.1362957], [55.1262636, 25.136375], [55.1263024, 25.1361996], [55.1258645, 25.1361203], [55.1258257, 25.1362957]]]}}, {"type": "Feature", "properties": {"status": "existing", "bHeight": 12.0, "name": "", "levels": ""}, "geometry": {"type": "Polygon", "coordinates": [[[55.1254607, 25.1359435], [55.1256192, 25.1360167], [55.1256629, 25.1359394], [55.1255043, 25.1358661], [55.1254607, 25.1359435]]]}}, {"type": "Feature", "properties": {"status": "existing", "bHeight": 12.0, "name": "", "levels": ""}, "geometry": {"type": "Polygon", "coordinates": [[[55.1276235, 25.1370578], [55.1280711, 25.1370814], [55.1280978, 25.1366681], [55.1276501, 25.1366444], [55.1276235, 25.1370578]]]}}, {"type": "Feature", "properties": {"status": "existing", "bHeight": 12.0, "name": "", "levels": ""}, "geometry": {"type": "Polygon", "coordinates": [[[55.1282071, 25.1371674], [55.1283122, 25.137227], [55.1283518, 25.1371698], [55.1282467, 25.1371102], [55.1282071, 25.1371674]]]}}, {"type": "Feature", "properties": {"status": "existing", "bHeight": 12.0, "name": "", "levels": ""}, "geometry": {"type": "Polygon", "coordinates": [[[55.1282701, 25.1370846], [55.1283752, 25.1371441], [55.1284148, 25.1370869], [55.1283097, 25.1370273], [55.1282701, 25.1370846]]]}}, {"type": "Feature", "properties": {"status": "existing", "bHeight": 12.0, "name": "", "levels": ""}, "geometry": {"type": "Polygon", "coordinates": [[[55.1283186, 25.1370156], [55.1284236, 25.1370752], [55.1284632, 25.137018], [55.1283582, 25.1369584], [55.1283186, 25.1370156]]]}}, {"type": "Feature", "properties": {"status": "existing", "bHeight": 12.0, "name": "", "levels": ""}, "geometry": {"type": "Polygon", "coordinates": [[[55.1286205, 25.1370211], [55.1286802, 25.1369228], [55.1286148, 25.1368903], [55.1285551, 25.1369886], [55.1286205, 25.1370211]]]}}, {"type": "Feature", "properties": {"status": "existing", "bHeight": 12.0, "name": "", "levels": ""}, "geometry": {"type": "Polygon", "coordinates": [[[55.1287087, 25.1370634], [55.1287684, 25.1369651], [55.1287031, 25.1369326], [55.1286434, 25.1370309], [55.1287087, 25.1370634]]]}}, {"type": "Feature", "properties": {"status": "existing", "bHeight": 12.0, "name": "", "levels": ""}, "geometry": {"type": "Polygon", "coordinates": [[[55.1288811, 25.137211], [55.1289365, 25.1372407], [55.128959, 25.1372063], [55.1289036, 25.1371766], [55.1288811, 25.137211]]]}}, {"type": "Feature", "properties": {"status": "existing", "bHeight": 12.0, "name": "", "levels": ""}, "geometry": {"type": "Polygon", "coordinates": [[[55.1289646, 25.137262], [55.12902, 25.1372917], [55.1290426, 25.1372573], [55.1289872, 25.1372276], [55.1289646, 25.137262]]]}}, {"type": "Feature", "properties": {"status": "existing", "bHeight": 12.0, "name": "", "levels": ""}, "geometry": {"type": "Polygon", "coordinates": [[[55.1290598, 25.1373106], [55.1291152, 25.1373403], [55.1291377, 25.1373059], [55.1290824, 25.1372762], [55.1290598, 25.1373106]]]}}, {"type": "Feature", "properties": {"status": "existing", "bHeight": 12.0, "name": "", "levels": ""}, "geometry": {"type": "Polygon", "coordinates": [[[55.1283969, 25.1375897], [55.1285162, 25.1376538], [55.1285569, 25.1375919], [55.1284376, 25.1375277], [55.1283969, 25.1375897]]]}}, {"type": "Feature", "properties": {"status": "existing", "bHeight": 12.0, "name": "", "levels": ""}, "geometry": {"type": "Polygon", "coordinates": [[[55.1291763, 25.1381407], [55.1292956, 25.1382049], [55.1293363, 25.1381429], [55.129217, 25.1380787], [55.1291763, 25.1381407]]]}}, {"type": "Feature", "properties": {"status": "existing", "bHeight": 12.0, "name": "", "levels": ""}, "geometry": {"type": "Polygon", "coordinates": [[[55.1292168, 25.1377003], [55.1293219, 25.1377599], [55.1293615, 25.1377027], [55.1292564, 25.1376431], [55.1292168, 25.1377003]]]}}, {"type": "Feature", "properties": {"status": "existing", "bHeight": 12.0, "name": "", "levels": ""}, "geometry": {"type": "Polygon", "coordinates": [[[55.1292722, 25.137622], [55.1293773, 25.1376816], [55.1294169, 25.1376244], [55.1293118, 25.1375648], [55.1292722, 25.137622]]]}}, {"type": "Feature", "properties": {"status": "existing", "bHeight": 12.0, "name": "", "levels": ""}, "geometry": {"type": "Polygon", "coordinates": [[[55.1296478, 25.1378461], [55.1297529, 25.1379056], [55.1297925, 25.1378484], [55.1296874, 25.1377888], [55.1296478, 25.1378461]]]}}, {"type": "Feature", "properties": {"status": "existing", "bHeight": 12.0, "name": "", "levels": ""}, "geometry": {"type": "Polygon", "coordinates": [[[55.1295976, 25.1379134], [55.1297027, 25.137973], [55.1297423, 25.1379158], [55.1296372, 25.1378562], [55.1295976, 25.1379134]]]}}, {"type": "Feature", "properties": {"status": "existing", "bHeight": 12.0, "name": "", "levels": ""}, "geometry": {"type": "Polygon", "coordinates": [[[55.1294904, 25.138196], [55.1295262, 25.1381476], [55.1294895, 25.1381253], [55.1294536, 25.1381737], [55.1294904, 25.138196]]]}}, {"type": "Feature", "properties": {"status": "existing", "bHeight": 12.0, "name": "", "levels": ""}, "geometry": {"type": "Polygon", "coordinates": [[[55.1290334, 25.1379343], [55.1290693, 25.1378859], [55.1290326, 25.1378636], [55.1289967, 25.137912], [55.1290334, 25.1379343]]]}}, {"type": "Feature", "properties": {"status": "existing", "bHeight": 12.0, "name": "", "levels": ""}, "geometry": {"type": "Polygon", "coordinates": [[[55.1287967, 25.1378073], [55.1288521, 25.137837], [55.1288747, 25.1378026], [55.1288193, 25.1377729], [55.1287967, 25.1378073]]]}}, {"type": "Feature", "properties": {"status": "existing", "bHeight": 12.0, "name": "", "levels": ""}, "geometry": {"type": "Polygon", "coordinates": [[[55.1299088, 25.1395215], [55.1300263, 25.1391245], [55.1301719, 25.1391598], [55.1300543, 25.1395568], [55.1299088, 25.1395215]]]}}, {"type": "Feature", "properties": {"status": "existing", "bHeight": 12.0, "name": "", "levels": ""}, "geometry": {"type": "Polygon", "coordinates": [[[55.1410941, 25.1391413], [55.1411904, 25.1391302], [55.1412232, 25.1392935], [55.1411597, 25.1394178], [55.1413687, 25.1402862], [55.1414692, 25.1403586], [55.1415081, 25.1405627], [55.1414261, 25.140572], [55.1410838, 25.140366], [55.1410531, 25.1402342], [55.1411023, 25.1401823], [55.1409711, 25.1396108], [55.1409014, 25.1395774], [55.1408727, 25.1394605], [55.1410941, 25.1391413]]]}}, {"type": "Feature", "properties": {"status": "existing", "bHeight": 44.2, "name": "", "levels": "13"}, "geometry": {"type": "Polygon", "coordinates": [[[55.1448245, 25.1387869], [55.1449385, 25.1390133], [55.1454074, 25.1388197], [55.1452935, 25.1385934], [55.1448245, 25.1387869]]]}}, {"type": "Feature", "properties": {"status": "existing", "bHeight": 12.0, "name": "", "levels": ""}, "geometry": {"type": "Polygon", "coordinates": [[[55.1528772, 25.1225052], [55.1530297, 25.1225691], [55.1530811, 25.1224687], [55.1529286, 25.1224048], [55.1528772, 25.1225052]]]}}, {"type": "Feature", "properties": {"status": "existing", "bHeight": 12.0, "name": "", "levels": ""}, "geometry": {"type": "Polygon", "coordinates": [[[55.1542447, 25.1216277], [55.1542161, 25.121361], [55.1543333, 25.1213507], [55.154362, 25.1216174], [55.1542447, 25.1216277]]]}}, {"type": "Feature", "properties": {"status": "existing", "bHeight": 12.0, "name": "", "levels": ""}, "geometry": {"type": "Polygon", "coordinates": [[[55.1541825, 25.1217943], [55.154455, 25.1217722], [55.1544473, 25.121695], [55.1541749, 25.1217171], [55.1541825, 25.1217943]]]}}, {"type": "Feature", "properties": {"status": "existing", "bHeight": 12.0, "name": "", "levels": ""}, "geometry": {"type": "Polygon", "coordinates": [[[55.1541652, 25.1215348], [55.1541347, 25.1212913], [55.1541939, 25.1212852], [55.1542244, 25.1215287], [55.1541652, 25.1215348]]]}}, {"type": "Feature", "properties": {"status": "existing", "bHeight": 12.0, "name": "", "levels": ""}, "geometry": {"type": "Polygon", "coordinates": [[[55.1538618, 25.1205816], [55.1539461, 25.1206654], [55.154036, 25.1205911], [55.1539517, 25.1205074], [55.1538618, 25.1205816]]]}}, {"type": "Feature", "properties": {"status": "existing", "bHeight": 12.0, "name": "", "levels": ""}, "geometry": {"type": "Polygon", "coordinates": [[[55.1538376, 25.1203769], [55.1539563, 25.1204975], [55.1542701, 25.1202443], [55.1541565, 25.1201289], [55.1540844, 25.1201871], [55.1541111, 25.1202142], [55.1539442, 25.1203489], [55.1539124, 25.1203166], [55.1538376, 25.1203769]]]}}, {"type": "Feature", "properties": {"status": "existing", "bHeight": 12.0, "name": "", "levels": ""}, "geometry": {"type": "Polygon", "coordinates": [[[55.1116831, 25.1244241], [55.1116342, 25.1239191], [55.1119111, 25.1238971], [55.1119598, 25.1244022], [55.1116831, 25.1244241]]]}}, {"type": "Feature", "properties": {"status": "existing", "bHeight": 12.0, "name": "", "levels": ""}, "geometry": {"type": "Polygon", "coordinates": [[[55.1119556, 25.1250458], [55.11191, 25.1246143], [55.1121832, 25.1245907], [55.1122288, 25.1250221], [55.1119556, 25.1250458]]]}}, {"type": "Feature", "properties": {"status": "existing", "bHeight": 12.0, "name": "", "levels": ""}, "geometry": {"type": "Polygon", "coordinates": [[[55.1127274, 25.1248096], [55.1126818, 25.1243782], [55.112955, 25.1243545], [55.1130006, 25.124786], [55.1127274, 25.1248096]]]}}, {"type": "Feature", "properties": {"status": "existing", "bHeight": 12.0, "name": "", "levels": ""}, "geometry": {"type": "Polygon", "coordinates": [[[55.1120684, 25.1238033], [55.1125057, 25.1236269], [55.1126174, 25.1238538], [55.1121802, 25.1240303], [55.1120684, 25.1238033]]]}}, {"type": "Feature", "properties": {"status": "existing", "bHeight": 12.0, "name": "", "levels": ""}, "geometry": {"type": "Polygon", "coordinates": [[[55.1131258, 25.1246311], [55.1133521, 25.1246167], [55.1133407, 25.1244708], [55.1131144, 25.1244853], [55.1131258, 25.1246311]]]}}, {"type": "Feature", "properties": {"status": "existing", "bHeight": 12.0, "name": "", "levels": ""}, "geometry": {"type": "Polygon", "coordinates": [[[55.1127626, 25.125295], [55.113129, 25.1251502], [55.1130385, 25.1249623], [55.1126721, 25.1251071], [55.1127626, 25.125295]]]}}]}