duid,district,lon,lat,height_m,storeys,current_name,display_name,display_role,official_building_name,structural_identifier,project_name,plot_id,address,grade,name_source,agreeing_sources,confidence,match_distance_m,inside_footprint,tenant_names,amenity_names,developer,method,changed
DXB-SOBHAH-b1ba5d3010,sobhaheartland,55.322779,25.171062,12.0,4,ENOC,ENOC,BUILDING_NAME,ENOC,,,,,MATCHED,osm_en,osm_en,0.9,0.0,True,,EPPCO,,carried on the footprint by build_anchors,False
DXB-SOBHAH-59f012fbf1,sobhaheartland,55.323084,25.170659,12.0,4,,,,,,,,,UNKNOWN,,,0.0,,,Al Ain Way Restaurant and Cafeteria,,,,False
DXB-SOBHAH-127adddd0b,sobhaheartland,55.322776,25.170762,12.0,4,,,,,,,,,UNKNOWN,,,0.0,,,,,,,False
DXB-SOBHAH-ab9975564c,sobhaheartland,55.322309,25.171448,12.0,4,Emirates NBD,Emirates NBD,BUILDING_NAME,Emirates NBD,,,,,MATCHED,osm,osm,0.9,0.0,True,,,,carried on the footprint by build_anchors,False
DXB-SOBHAH-7ba03d2cfc,sobhaheartland,55.317713,25.174735,12.0,4,,Khazna Data Center Site,BUILDING_NAME,Khazna Data Center Site,,,,,INFERRED,overture_place,overture_place,0.682,0.0,True,,,,Overture place 'storage_facility' inside/next to the footprint,True
DXB-SOBHAH-e001eee98f,sobhaheartland,55.31772,25.175194,12.0,4,,,,,,,,,UNKNOWN,,,0.0,,,,,,,False
DXB-SOBHAH-f397e5c094,sobhaheartland,55.318157,25.175543,12.0,4,,,,,,,,,UNKNOWN,,,0.0,,,,,,,False
DXB-SOBHAH-b29e855eb3,sobhaheartland,55.277193,25.1662,12.0,4,,,,,,,,,UNKNOWN,,,0.0,,,,,,,False
DXB-SOBHAH-f818765d69,sobhaheartland,55.277391,25.16635,12.0,4,,,,,,,,,UNKNOWN,,,0.0,,,,,,,False
DXB-SOBHAH-fa02b8ee40,sobhaheartland,55.277634,25.166378,12.0,4,,,,,,,,,UNKNOWN,,,0.0,,,,,,,False
DXB-SOBHAH-9d7844d73c,sobhaheartland,55.276602,25.166265,12.0,4,,,,,,,,,UNKNOWN,,,0.0,,,,,,,False
DXB-SOBHAH-50f85336c9,sobhaheartland,55.276779,25.166811,12.0,4,,,,,,,,,UNKNOWN,,,0.0,,,,,,,False
DXB-SOBHAH-8b57a1dab0,sobhaheartland,55.276948,25.16689,12.0,4,,,,,,,,,UNKNOWN,,,0.0,,,,,,,False
DXB-SOBHAH-d96004433b,sobhaheartland,55.277138,25.167053,12.0,4,,,,,,,,,UNKNOWN,,,0.0,,,,,,,False
DXB-SOBHAH-82c884c163,sobhaheartland,55.277394,25.167229,12.0,4,,,,,,,,,UNKNOWN,,,0.0,,,,,,,False
DXB-SOBHAH-68a5ed8d93,sobhaheartland,55.277526,25.167362,12.0,4,,,,,,,,,UNKNOWN,,,0.0,,,,,,,False
DXB-SOBHAH-0a779fbdd7,sobhaheartland,55.277691,25.167488,12.0,4,,,,,,,,,UNKNOWN,,,0.0,,,,,,,False
DXB-SOBHAH-f0d876c74f,sobhaheartland,55.277411,25.167341,12.0,4,,,,,,,,,UNKNOWN,,,0.0,,,,,,,False
DXB-SOBHAH-064d655397,sobhaheartland,55.277112,25.167138,12.0,4,,,,,,,,,UNKNOWN,,,0.0,,,,,,,False
DXB-SOBHAH-b3a86efa01,sobhaheartland,55.276933,25.166994,12.0,4,,,,,,,,,UNKNOWN,,,0.0,,,,,,,False
DXB-SOBHAH-d5372e42be,sobhaheartland,55.273085,25.16591,12.0,4,,,,,,,,,UNKNOWN,,,0.0,,,,,,,False
DXB-SOBHAH-859c401fac,sobhaheartland,55.272832,25.166376,12.0,4,,,,,,,,,UNKNOWN,,,0.0,,,,,,,False
DXB-SOBHAH-efcaa94bdc,sobhaheartland,55.27285,25.165702,12.0,4,,,,,,,,,UNKNOWN,,,0.0,,,,,,,False
DXB-SOBHAH-794158d069,sobhaheartland,55.273389,25.165568,12.0,4,,,,,,,,,UNKNOWN,,,0.0,,,,,,,False
DXB-SOBHAH-977839b3e8,sobhaheartland,55.274113,25.172046,12.0,4,,,,,,,,,UNKNOWN,,,0.0,,,,,,,False
DXB-SOBHAH-a9dda2247d,sobhaheartland,55.275817,25.173031,12.0,4,,,,,,,,,UNKNOWN,,,0.0,,,,,,,False
DXB-SOBHAH-5e6e652da1,sobhaheartland,55.275431,25.173347,12.0,4,,,,,,,,,UNKNOWN,,,0.0,,,,,,,False
DXB-SOBHAH-390da2587c,sobhaheartland,55.276979,25.173755,12.0,4,,,,,,,,,UNKNOWN,,,0.0,,,,,,,False
DXB-SOBHAH-eaf03c545e,sobhaheartland,55.276757,25.174243,12.0,4,,,,,,,,,UNKNOWN,,,0.0,,,,,,,False
DXB-SOBHAH-71e7f8ab07,sobhaheartland,55.275178,25.173756,12.0,4,,,,,,,,,UNKNOWN,,,0.0,,,,,,,False
DXB-SOBHAH-e5dc906aaf,sobhaheartland,55.276478,25.174648,12.0,4,,,,,,,,,UNKNOWN,,,0.0,,,,,,,False
DXB-SOBHAH-b6cff7c070,sobhaheartland,55.276292,25.172774,12.0,4,,,,,,,,,UNKNOWN,,,0.0,,,,,,,False
DXB-SOBHAH-183f2c8ee0,sobhaheartland,55.276514,25.172956,12.0,4,,,,,,,,,UNKNOWN,,,0.0,,,,,,,False
DXB-SOBHAH-751283f0ed,sobhaheartland,55.310924,25.17561,12.0,4,Sobha Hartland Sales Centre,Sobha Hartland Sales Centre,BUILDING_NAME,Sobha Hartland Sales Centre,,,,,MATCHED,osm,osm,0.9,0.0,True,,,,carried on the footprint by build_anchors,False
DXB-SOBHAH-6e8c580511,sobhaheartland,55.311194,25.175351,12.0,4,,,,,,,,,UNKNOWN,,,0.0,,,,,,,False
DXB-SOBHAH-370ed767a5,sobhaheartland,55.274472,25.165588,12.0,4,,,,,,,,,UNKNOWN,,,0.0,,,,,,,False
DXB-SOBHAH-83e87a8387,sobhaheartland,55.272371,25.165443,12.0,4,,,,,,,,,UNKNOWN,,,0.0,,,,,,,False
DXB-SOBHAH-dde8923e8a,sobhaheartland,55.271845,25.166507,12.0,4,,,,,,,,,UNKNOWN,,,0.0,,,,,,,False
DXB-SOBHAH-ff35a7971d,sobhaheartland,55.272539,25.165237,12.0,4,,,,,,,,,UNKNOWN,,,0.0,,,,,,,False
DXB-SOBHAH-05906ae74a,sobhaheartland,55.273046,25.165363,12.0,4,,,,,,,,,UNKNOWN,,,0.0,,,,,,,False
DXB-SOBHAH-f409b35a1f,sobhaheartland,55.273586,25.164485,12.0,4,,,,,,,,,UNKNOWN,,,0.0,,,,,,,False
DXB-SOBHAH-1194ae3ab1,sobhaheartland,55.274847,25.165325,12.0,4,,,,,,,,,UNKNOWN,,,0.0,,,,,,,False
DXB-SOBHAH-1363675240,sobhaheartland,55.278304,25.159928,12.0,4,,,,,,,,,UNKNOWN,,,0.0,,,,,,,False
DXB-SOBHAH-65bf0544b6,sobhaheartland,55.278005,25.160144,12.0,4,,,,,,,,,UNKNOWN,,,0.0,,,,,,,False
DXB-SOBHAH-e8c92ecd98,sobhaheartland,55.273833,25.165237,12.0,4,,,,,,,,,UNKNOWN,,,0.0,,,,,,,False
DXB-SOBHAH-0709e712b4,sobhaheartland,55.275094,25.166438,12.0,4,,,,,,,,,UNKNOWN,,,0.0,,,,,,,False
DXB-SOBHAH-065f4b71c1,sobhaheartland,55.275053,25.165704,12.0,4,,,,,,,,,UNKNOWN,,,0.0,,,,,,,False
DXB-SOBHAH-f973c49f34,sobhaheartland,55.275693,25.167045,12.0,4,,,,,,,,,UNKNOWN,,,0.0,,,,,,,False
DXB-SOBHAH-59b4a7f8c9,sobhaheartland,55.274749,25.167503,12.0,4,,,,,,,,,UNKNOWN,,,0.0,,,,,,,False
DXB-SOBHAH-b0f6a55447,sobhaheartland,55.274683,25.167907,12.0,4,,,,,,,,,UNKNOWN,,,0.0,,,,,,,False
DXB-SOBHAH-99afa6621e,sobhaheartland,55.274852,25.168793,12.0,4,,,,,,,,,UNKNOWN,,,0.0,,,,,,,False
DXB-SOBHAH-3bb8864814,sobhaheartland,55.2723,25.166731,12.0,4,,,,,,,,,UNKNOWN,,,0.0,,,,,,,False
DXB-SOBHAH-97a157f8eb,sobhaheartland,55.271932,25.167702,12.0,4,,,,,,,,,UNKNOWN,,,0.0,,,,,,,False
DXB-SOBHAH-32a846f331,sobhaheartland,55.272024,25.168688,12.0,4,,,,,,,,,UNKNOWN,,,0.0,,,,,,,False
DXB-SOBHAH-a565b68a86,sobhaheartland,55.27148,25.167866,12.0,4,,,,,,,,,UNKNOWN,,,0.0,,,,,,,False
DXB-SOBHAH-f2cefba134,sobhaheartland,55.271567,25.168817,12.0,4,,,,,,,,,UNKNOWN,,,0.0,,,,,,,False
DXB-SOBHAH-79b832bdd8,sobhaheartland,55.272752,25.166775,12.0,4,,,,,,,,,UNKNOWN,,,0.0,,,,,,,False
DXB-SOBHAH-e02af59c7b,sobhaheartland,55.272537,25.167617,12.0,4,,,,,,,,,UNKNOWN,,,0.0,,,,,,,False
DXB-SOBHAH-32dd280767,sobhaheartland,55.272599,25.168622,12.0,4,,,,,,,,,UNKNOWN,,,0.0,,,,,,,False
DXB-SOBHAH-0280a248fa,sobhaheartland,55.273262,25.16696,12.0,4,,,,,,,,,UNKNOWN,,,0.0,,,,,,,False
DXB-SOBHAH-8b17d65904,sobhaheartland,55.272999,25.168106,12.0,4,,,,,,,,,UNKNOWN,,,0.0,,,,,,,False
DXB-SOBHAH-24f45fbec2,sobhaheartland,55.275641,25.167548,12.0,4,,,,,,,,,UNKNOWN,,,0.0,,,,,,,False
DXB-SOBHAH-8e91a7e160,sobhaheartland,55.275562,25.168161,12.0,4,,,,,,,,,UNKNOWN,,,0.0,,,,,,,False
DXB-SOBHAH-ab00193200,sobhaheartland,55.277337,25.165115,12.0,4,,,,,,,,,UNKNOWN,,,0.0,,,,,,,False
DXB-SOBHAH-244dbb7f46,sobhaheartland,55.272621,25.170731,12.0,4,,,,,,,,,UNKNOWN,,,0.0,,,,,,,False
DXB-SOBHAH-f8b3c56054,sobhaheartland,55.272823,25.171122,12.0,4,,,,,,,,,UNKNOWN,,,0.0,,,,,,,False
DXB-SOBHAH-bb49384d53,sobhaheartland,55.275366,25.169339,12.0,4,,,,,,,,,UNKNOWN,,,0.0,,,,,,,False
DXB-SOBHAH-ba639e7447,sobhaheartland,55.275482,25.169847,12.0,4,,,,,,,,,UNKNOWN,,,0.0,,,,,,,False
DXB-SOBHAH-c5aa8535c5,sobhaheartland,55.274773,25.170673,12.0,4,,,,,,,,,UNKNOWN,,,0.0,,,,,,,False
DXB-SOBHAH-878de93587,sobhaheartland,55.272502,25.169873,12.0,4,,,,,,,,,UNKNOWN,,,0.0,,,,,,,False
DXB-SOBHAH-e83d8a5a66,sobhaheartland,55.273724,25.169817,12.0,4,,,,,,,,,UNKNOWN,,,0.0,,,,,,,False
DXB-SOBHAH-8870a29140,sobhaheartland,55.273578,25.169379,12.0,4,,,,,,,,,UNKNOWN,,,0.0,,,,,,,False
DXB-SOBHAH-10652f920d,sobhaheartland,55.273448,25.171044,12.0,4,,,,,,,,,UNKNOWN,,,0.0,,,,,,,False
DXB-SOBHAH-4ccb9cd5de,sobhaheartland,55.273381,25.17043,12.0,4,,,,,,,,,UNKNOWN,,,0.0,,,,,,,False
DXB-SOBHAH-61586ecca7,sobhaheartland,55.273691,25.170871,12.0,4,,,,,,,,,UNKNOWN,,,0.0,,,,,,,False
DXB-SOBHAH-a00fceba15,sobhaheartland,55.27418,25.170686,12.0,4,,,,,,,,,UNKNOWN,,,0.0,,,,,,,False
DXB-SOBHAH-300515683e,sobhaheartland,55.276784,25.172335,12.0,4,,,,,,,,,UNKNOWN,,,0.0,,,,,,,False
DXB-SOBHAH-fca23368f4,sobhaheartland,55.277032,25.172595,12.0,4,,,,,,,,,UNKNOWN,,,0.0,,,,,,,False
DXB-SOBHAH-5f3d216ac6,sobhaheartland,55.278931,25.173356,12.0,4,,,,,,,,,UNKNOWN,,,0.0,,,,,,,False
DXB-SOBHAH-78b90926a3,sobhaheartland,55.279356,25.173456,12.0,4,,,,,,,,,UNKNOWN,,,0.0,,,,,,,False
DXB-SOBHAH-a1e1b5e621,sobhaheartland,55.273896,25.172237,12.0,4,,,,,,,,,UNKNOWN,,,0.0,,,Coterie Kitchen Meydan,,,,False
DXB-SOBHAH-d49cb075c1,sobhaheartland,55.278014,25.173851,12.0,4,,,,,,,,,UNKNOWN,,,0.0,,,,,,,False
DXB-SOBHAH-f78a437415,sobhaheartland,55.279144,25.173922,12.0,4,,,,,,,,,UNKNOWN,,,0.0,,,,,,,False
DXB-SOBHAH-f473b3fa27,sobhaheartland,55.283623,25.175209,12.0,4,,,,,,,,,UNKNOWN,,,0.0,,,,,,,False
DXB-SOBHAH-9a3f9a49a0,sobhaheartland,55.283789,25.174978,12.0,4,,,,,,,,,UNKNOWN,,,0.0,,,,,,,False
DXB-SOBHAH-27086cc220,sobhaheartland,55.28392,25.175214,12.0,4,,,,,,,,,UNKNOWN,,,0.0,,,,,,,False
DXB-SOBHAH-a9506d39e5,sobhaheartland,55.28397,25.175285,12.0,4,,,,,,,,,UNKNOWN,,,0.0,,,,,,,False
DXB-SOBHAH-7de09ea0f3,sobhaheartland,55.283839,25.175084,12.0,4,,,,,,,,,UNKNOWN,,,0.0,,,,,,,False
DXB-SOBHAH-e5012573b1,sobhaheartland,55.283872,25.175138,12.0,4,,,,,,,,,UNKNOWN,,,0.0,,,,,,,False
DXB-SOBHAH-0e57a9fb29,sobhaheartland,55.276646,25.174797,12.0,4,,,,,,,,,UNKNOWN,,,0.0,,,,,,,False
DXB-SOBHAH-4ae7d3d880,sobhaheartland,55.277761,25.175852,12.0,4,,,,,,,,,UNKNOWN,,,0.0,,,,,,,False
DXB-SOBHAH-5d2e731778,sobhaheartland,55.278983,25.176528,12.0,4,,,,,,,,,UNKNOWN,,,0.0,,,,,,,False
DXB-SOBHAH-b3581dda73,sobhaheartland,55.280526,25.175775,12.0,4,,,,,,,,,UNKNOWN,,,0.0,,,,,,,False
DXB-SOBHAH-a7f6e9699a,sobhaheartland,55.277091,25.174588,12.0,4,,,,,,,,,UNKNOWN,,,0.0,,,,,,,False
DXB-SOBHAH-46a9cd805e,sobhaheartland,55.277924,25.174585,12.0,4,,,,,,,,,UNKNOWN,,,0.0,,,,,,,False
DXB-SOBHAH-cdbb9b8c77,sobhaheartland,55.277421,25.174032,12.0,4,,,,,,,,,UNKNOWN,,,0.0,,,,,,,False
DXB-SOBHAH-d85cf22a76,sobhaheartland,55.278334,25.175103,12.0,4,,,,,,,,,UNKNOWN,,,0.0,,,,,,,False
DXB-SOBHAH-158fbbabe4,sobhaheartland,55.278763,25.175929,12.0,4,,,,,,,,,UNKNOWN,,,0.0,,,,,,,False
DXB-SOBHAH-da794d0bd1,sobhaheartland,55.278821,25.175457,12.0,4,,,,,,,,,UNKNOWN,,,0.0,,,,,,,False
DXB-SOBHAH-ae3adf1780,sobhaheartland,55.279012,25.174411,12.0,4,,,,,,,,,UNKNOWN,,,0.0,,,,,,,False
DXB-SOBHAH-260ab13b2f,sobhaheartland,55.279415,25.17489,12.0,4,,,,,,,,,UNKNOWN,,,0.0,,,,,,,False
DXB-SOBHAH-522f3c4fbf,sobhaheartland,55.279976,25.174882,12.0,4,,,,,,,,,UNKNOWN,,,0.0,,,,,,,False
DXB-SOBHAH-96c0ede8b5,sobhaheartland,55.279261,25.176073,12.0,4,,,,,,,,,UNKNOWN,,,0.0,,,,,,,False
DXB-SOBHAH-2785426be7,sobhaheartland,55.279916,25.174568,12.0,4,,,,,,,,,UNKNOWN,,,0.0,,,,,,,False
DXB-SOBHAH-3a64fe3ad0,sobhaheartland,55.281187,25.174526,12.0,4,,,,,,,,,UNKNOWN,,,0.0,,,,,,,False
DXB-SOBHAH-e6c4b0dbf1,sobhaheartland,55.281949,25.175383,12.0,4,,,,,,,,,UNKNOWN,,,0.0,,,,,,,False
DXB-SOBHAH-fccb6d6100,sobhaheartland,55.281755,25.174865,12.0,4,,,,,,,,,UNKNOWN,,,0.0,,,,,,,False
DXB-SOBHAH-cb28a5ae2f,sobhaheartland,55.281278,25.173257,12.0,4,,,,,,,,,UNKNOWN,,,0.0,,,,,,,False
DXB-SOBHAH-e393fc1898,sobhaheartland,55.281737,25.173692,12.0,4,,,,,,,,,UNKNOWN,,,0.0,,,,,,,False
DXB-SOBHAH-8f0acf1b97,sobhaheartland,55.282577,25.172733,12.0,4,,,,,,,,,UNKNOWN,,,0.0,,,,,,,False
DXB-SOBHAH-7dd1669132,sobhaheartland,55.282258,25.174449,12.0,4,,,,,,,,,UNKNOWN,,,0.0,,,,,,,False
DXB-SOBHAH-8ca65873b0,sobhaheartland,55.282754,25.174406,12.0,4,,,,,,,,,UNKNOWN,,,0.0,,,,,,,False
DXB-SOBHAH-6f2239d33e,sobhaheartland,55.283384,25.173615,12.0,4,,,,,,,,,UNKNOWN,,,0.0,,,,,,,False
DXB-SOBHAH-8747e26cf3,sobhaheartland,55.282478,25.17213,12.0,4,,,,,,,,,UNKNOWN,,,0.0,,,,,,,False
DXB-SOBHAH-250850edc0,sobhaheartland,55.280473,25.172816,12.0,4,,,,,,,,,UNKNOWN,,,0.0,,,,,,,False
DXB-SOBHAH-5a9ae6d30f,sobhaheartland,55.274382,25.169034,12.0,4,,,,,,,,,UNKNOWN,,,0.0,,,,,,,False
DXB-SOBHAH-3c33ece748,sobhaheartland,55.274537,25.169511,12.0,4,,,,,,,,,UNKNOWN,,,0.0,,,,,,,False
DXB-SOBHAH-d6a195b07e,sobhaheartland,55.27458,25.169725,12.0,4,,,,,,,,,UNKNOWN,,,0.0,,,,,,,False
DXB-SOBHAH-c30917d334,sobhaheartland,55.274648,25.170188,12.0,4,,,,,,,,,UNKNOWN,,,0.0,,,,,,,False
DXB-SOBHAH-abe79c1a20,sobhaheartland,55.274596,25.169971,12.0,4,,,,,,,,,UNKNOWN,,,0.0,,,,,,,False
DXB-SOBHAH-144e95c8d6,sobhaheartland,55.274187,25.168625,12.0,4,,,,,,,,,UNKNOWN,,,0.0,,,,,,,False
DXB-SOBHAH-2c7d223f1e,sobhaheartland,55.274259,25.168799,12.0,4,,,,,,,,,UNKNOWN,,,0.0,,,,,,,False
DXB-SOBHAH-8648ca3ba1,sobhaheartland,55.274136,25.168358,12.0,4,,,,,,,,,UNKNOWN,,,0.0,,,,,,,False
DXB-SOBHAH-4e54799b1e,sobhaheartland,55.274111,25.168127,12.0,4,,,,,,,,,UNKNOWN,,,0.0,,,,,,,False
DXB-SOBHAH-7185c1c2a8,sobhaheartland,55.274089,25.167869,12.0,4,,,,,,,,,UNKNOWN,,,0.0,,,,,,,False
DXB-SOBHAH-93d10f2db3,sobhaheartland,55.273649,25.16864,12.0,4,,,,,,,,,UNKNOWN,,,0.0,,,,,,,False
DXB-SOBHAH-0e2b895dbf,sobhaheartland,55.273716,25.168847,12.0,4,,,,,,,,,UNKNOWN,,,0.0,,,,,,,False
DXB-SOBHAH-4f15073dcb,sobhaheartland,55.273611,25.168406,12.0,4,,,,,,,,,UNKNOWN,,,0.0,,,,,,,False
DXB-SOBHAH-294611b3e1,sobhaheartland,55.273594,25.168219,12.0,4,,,,,,,,,UNKNOWN,,,0.0,,,,,,,False
DXB-SOBHAH-d05dc3f425,sobhaheartland,55.273598,25.168028,12.0,4,,,,,,,,,UNKNOWN,,,0.0,,,,,,,False
DXB-SOBHAH-cb7986fa99,sobhaheartland,55.2736,25.167744,12.0,4,,,,,,,,,UNKNOWN,,,0.0,,,,,,,False
DXB-SOBHAH-54f8b29bdb,sobhaheartland,55.273612,25.167562,12.0,4,,,,,,,,,UNKNOWN,,,0.0,,,,,,,False
DXB-SOBHAH-db039d28b1,sobhaheartland,55.27365,25.167355,12.0,4,,,,,,,,,UNKNOWN,,,0.0,,,,,,,False
DXB-SOBHAH-12daec8960,sobhaheartland,55.273725,25.167121,12.0,4,,,,,,,,,UNKNOWN,,,0.0,,,,,,,False
DXB-SOBHAH-213d6619e7,sobhaheartland,55.273919,25.169391,12.0,4,,,,,,,,,UNKNOWN,,,0.0,,,,,,,False
DXB-SOBHAH-c526de834f,sobhaheartland,55.273839,25.169246,12.0,4,,,,,,,,,UNKNOWN,,,0.0,,,,,,,False
DXB-SOBHAH-6f112a248b,sobhaheartland,55.274003,25.16955,12.0,4,,,,,,,,,UNKNOWN,,,0.0,,,,,,,False
DXB-SOBHAH-48bdea55c3,sobhaheartland,55.27403,25.169739,12.0,4,,,,,,,,,UNKNOWN,,,0.0,,,,,,,False
DXB-SOBHAH-d6e64b8600,sobhaheartland,55.27429,25.167206,12.0,4,,,,,,,,,UNKNOWN,,,0.0,,,,,,,False
DXB-SOBHAH-6cc1be0fd2,sobhaheartland,55.274385,25.16698,12.0,4,,,,,,,,,UNKNOWN,,,0.0,,,,,,,False
DXB-SOBHAH-06fafb49b8,sobhaheartland,55.274237,25.167414,12.0,4,,,,,,,,,UNKNOWN,,,0.0,,,,,,,False
DXB-SOBHAH-e5af2e3319,sobhaheartland,55.274512,25.166777,12.0,4,,,,,,,,,UNKNOWN,,,0.0,,,,,,,False
DXB-SOBHAH-2f343339a4,sobhaheartland,55.274106,25.166411,12.0,4,,,,,,,,,UNKNOWN,,,0.0,,,,,,,False
DXB-SOBHAH-c599a415f7,sobhaheartland,55.274011,25.166561,12.0,4,,,,,,,,,UNKNOWN,,,0.0,,,,,,,False
DXB-SOBHAH-2c0658ff60,sobhaheartland,55.273894,25.166773,12.0,4,,,,,,,,,UNKNOWN,,,0.0,,,,,,,False
DXB-SOBHAH-0365669ec7,sobhaheartland,55.286142,25.15798,12.0,4,Residence 1,Residence 1,BUILDING_NAME,Residence 1,,,,,MATCHED,osm,osm,0.9,0.0,True,,,,carried on the footprint by build_anchors,False
DXB-SOBHAH-9e2e899093,sobhaheartland,55.279074,25.171182,12.0,4,,,,,,,,,UNKNOWN,,,0.0,,,,,,,False
DXB-SOBHAH-0a7b6be3fe,sobhaheartland,55.279612,25.171305,12.0,4,,,,,,,,,UNKNOWN,,,0.0,,,,,,,False
DXB-SOBHAH-838c16b3de,sobhaheartland,55.279676,25.171326,12.0,4,,,,,,,,,UNKNOWN,,,0.0,,,,,,,False
DXB-SOBHAH-90af595475,sobhaheartland,55.279165,25.168694,12.0,4,,,,,,,,,UNKNOWN,,,0.0,,,,,,,False
DXB-SOBHAH-228afe92c5,sobhaheartland,55.275999,25.171316,12.0,4,,,,,,,,,UNKNOWN,,,0.0,,,,,,,False
DXB-SOBHAH-ceb631683f,sobhaheartland,55.277814,25.173124,12.0,4,,,,,,,,,UNKNOWN,,,0.0,,,,,,,False
DXB-SOBHAH-8878552db3,sobhaheartland,55.28015,25.1741,12.0,4,,,,,,,,,UNKNOWN,,,0.0,,,,,,,False
DXB-SOBHAH-1b584b8e45,sobhaheartland,55.302531,25.166184,12.0,4,,,,,,,,,UNKNOWN,,,0.0,,,,,,,False
DXB-SOBHAH-9a5c730912,sobhaheartland,55.30861,25.179177,12.0,4,,,,,,,,,UNKNOWN,,,0.0,,,,,,,False
DXB-SOBHAH-f6ba881e0e,sobhaheartland,55.30849,25.17935,12.0,4,,,,,,,,,UNKNOWN,,,0.0,,,,,,,False
DXB-SOBHAH-6178ebba2f,sobhaheartland,55.308654,25.179396,12.0,4,,,,,,,,,UNKNOWN,,,0.0,,,,,,,False
DXB-SOBHAH-053e6a2da8,sobhaheartland,55.308407,25.179316,12.0,4,,,,,,,,,UNKNOWN,,,0.0,,,,,,,False
DXB-SOBHAH-c519e51ea6,sobhaheartland,55.30834,25.179297,12.0,4,,,,,,,,,UNKNOWN,,,0.0,,,,,,,False
DXB-SOBHAH-7c80cc16aa,sobhaheartland,55.309447,25.176497,40.0,12,,,,,,,,,UNKNOWN,,,0.0,,,,,,,False
DXB-SOBHAH-5b4409768c,sobhaheartland,55.309669,25.176865,40.0,12,,Sobha Hartland,BUILDING_NAME,Sobha Hartland,,,,,INFERRED,overture_place,overture_place,0.626,6.9,False,,,,Overture place 'hotel' inside/next to the footprint,True
DXB-SOBHAH-07b55811b9,sobhaheartland,55.310708,25.17665,40.0,12,Maybach Six - TOWER B,Maybach Six - TOWER B,BUILDING_NAME,Maybach Six - TOWER B,,,,"No. Shop-1, Sobha Hartland Greens Building 3",VERIFIED,dld,dld,0.92,0.0,True,,,,DLD transactions register building name (name match),False
DXB-SOBHAH-5af33df783,sobhaheartland,55.310642,25.177098,40.0,12,,,,,,,,,UNKNOWN,,,0.0,,,,,,,False
DXB-SOBHAH-3f0c5ef035,sobhaheartland,55.313072,25.177872,40.0,12,,,,,,,,,UNKNOWN,,,0.0,,,Samar Shine Ladies Beauty Salon LLC,,,,False
DXB-SOBHAH-a5f1ceba7b,sobhaheartland,55.308071,25.179555,12.0,4,,,,,,,,,UNKNOWN,,,0.0,,,,,,,False
DXB-SOBHAH-fac6d97447,sobhaheartland,55.298153,25.174326,38.2,11,Azizi Riviera 2,Azizi Riviera 2,BUILDING_NAME,Azizi Riviera 2,,,,,MATCHED,osm,osm|overture_place,0.95,0.0,True,,,,carried on the footprint by build_anchors,False
DXB-SOBHAH-7c756d4f1f,sobhaheartland,55.29913,25.174088,35.0,10,Azizi Riviera 3,Azizi Riviera 3,BUILDING_NAME,Azizi Riviera 3,,,,,MATCHED,osm,osm,0.9,0.0,True,,,,carried on the footprint by build_anchors,False
DXB-SOBHAH-0886195ac8,sobhaheartland,55.300612,25.173746,35.0,10,Azizi Riviera 5,Azizi Riviera 5,BUILDING_NAME,Azizi Riviera 5,,,,,MATCHED,osm,osm,0.9,0.0,True,,,,carried on the footprint by build_anchors,False
DXB-SOBHAH-bb5065aa8a,sobhaheartland,55.3014,25.173724,35.0,10,Azizi Riviera 6,Azizi Riviera 6,BUILDING_NAME,Azizi Riviera 6,,,,,MATCHED,osm,osm,0.9,0.0,True,Poivre & Salt Restaurant - Cafe,,,carried on the footprint by build_anchors,False
DXB-SOBHAH-4293a1aab3,sobhaheartland,55.302262,25.173611,35.0,10,Azizi Riviera 7,Azizi Riviera 7,BUILDING_NAME,Azizi Riviera 7,,,,,MATCHED,osm,osm,0.9,0.0,True,,,,carried on the footprint by build_anchors,False
DXB-SOBHAH-efa7368ef6,sobhaheartland,55.303198,25.1727,35.0,10,Azizi Riviera 8,Azizi Riviera 8,BUILDING_NAME,Azizi Riviera 8,,,,,MATCHED,osm,osm,0.9,0.0,True,,,,carried on the footprint by build_anchors,False
DXB-SOBHAH-35a0c9d0b0,sobhaheartland,55.30239,25.173069,28.6,8,Azizi Riviera 17,Azizi Riviera 17,BUILDING_NAME,Azizi Riviera 17,,,,,MATCHED,osm,osm,0.9,0.0,True,,,,carried on the footprint by build_anchors,False
DXB-SOBHAH-a4446fc036,sobhaheartland,55.300709,25.17322,31.8,9,Azizi Riviera 18,Azizi Riviera 18,BUILDING_NAME,Azizi Riviera 18,,,,,MATCHED,osm,osm,0.9,0.0,True,,,,carried on the footprint by build_anchors,False
DXB-SOBHAH-f268462e85,sobhaheartland,55.300064,25.173164,35.0,10,Azizi Riviera 4,Azizi Riviera 4,BUILDING_NAME,Azizi Riviera 4,,,,,MATCHED,osm,osm,0.9,0.0,True,,,,carried on the footprint by build_anchors,False
DXB-SOBHAH-c01bfceeca,sobhaheartland,55.298694,25.173094,38.2,11,Azizi Riviera 1,Azizi Riviera 1,BUILDING_NAME,Azizi Riviera 1,,,,,MATCHED,osm,osm,0.9,0.0,True,,,,carried on the footprint by build_anchors,False
DXB-SOBHAH-1175c930d1,sobhaheartland,55.300983,25.172865,31.8,9,Azizi Riviera 15,Azizi Riviera 15,BUILDING_NAME,Azizi Riviera 15,,,,,MATCHED,osm,osm,0.9,0.0,True,,,,carried on the footprint by build_anchors,False
DXB-SOBHAH-cf0809e447,sobhaheartland,55.302195,25.172701,35.0,10,Azizi Riviera 16,Azizi Riviera 16,BUILDING_NAME,Azizi Riviera 16,,,,,MATCHED,osm,osm,0.9,0.0,True,,,,carried on the footprint by build_anchors,False
DXB-SOBHAH-eadbbf6c8b,sobhaheartland,55.302331,25.171823,31.8,9,Azizi Riviera 14,Azizi Riviera 14,BUILDING_NAME,Azizi Riviera 14,,,,,MATCHED,osm,osm,0.9,0.0,True,,,,carried on the footprint by build_anchors,False
DXB-SOBHAH-4db9a530ce,sobhaheartland,55.303181,25.171437,31.8,9,Azizi Riviera 9,Azizi Riviera 9,BUILDING_NAME,Azizi Riviera 9,,,,,MATCHED,osm,osm,0.9,0.0,True,CAYVE Beauty Ladies Salon,,,carried on the footprint by build_anchors,False
DXB-SOBHAH-8b5b3361c0,sobhaheartland,55.311188,25.17871,12.0,4,,,,,,,,,UNKNOWN,,,0.0,,,,,,,False
DXB-SOBHAH-b3cc7698f7,sobhaheartland,55.307204,25.17457,12.0,4,,,,,,,,,UNKNOWN,,,0.0,,,,,,,False
DXB-SOBHAH-95c3ce5705,sobhaheartland,55.305874,25.176025,12.0,4,,,,,,,,,UNKNOWN,,,0.0,,,,,,,False
DXB-SOBHAH-3825cd2260,sobhaheartland,55.305875,25.175915,12.0,4,,,,,,,,,UNKNOWN,,,0.0,,,,,,,False
DXB-SOBHAH-693c07b57b,sobhaheartland,55.305875,25.175806,12.0,4,,,,,,,,,UNKNOWN,,,0.0,,,,,,,False
DXB-SOBHAH-5c369cb9fe,sobhaheartland,55.305877,25.175702,12.0,4,,,,,,,,,UNKNOWN,,,0.0,,,,,,,False
DXB-SOBHAH-c30b8b8959,sobhaheartland,55.305877,25.1756,12.0,4,,,,,,,,,UNKNOWN,,,0.0,,,,,,,False
DXB-SOBHAH-70479350ae,sobhaheartland,55.305877,25.1755,12.0,4,,,,,,,,,UNKNOWN,,,0.0,,,,,,,False
DXB-SOBHAH-bc90bcca98,sobhaheartland,55.305877,25.175395,12.0,4,,,,,,,,,UNKNOWN,,,0.0,,,,,,,False
DXB-SOBHAH-491fb26843,sobhaheartland,55.30588,25.175287,12.0,4,,,,,,,,,UNKNOWN,,,0.0,,,,,,,False
DXB-SOBHAH-53d90e2e1a,sobhaheartland,55.305881,25.175179,12.0,4,,,,,,,,,UNKNOWN,,,0.0,,,,,,,False
DXB-SOBHAH-6e1f39de47,sobhaheartland,55.305886,25.175066,12.0,4,,,,,,,,,UNKNOWN,,,0.0,,,,,,,False
DXB-SOBHAH-b392e80d1a,sobhaheartland,55.305884,25.174965,12.0,4,,,,,,,,,UNKNOWN,,,0.0,,,,,,,False
DXB-SOBHAH-80d308f884,sobhaheartland,55.306234,25.174974,12.0,4,,,,,,,,,UNKNOWN,,,0.0,,,,,,,False
DXB-SOBHAH-4b2e76810b,sobhaheartland,55.306236,25.175075,12.0,4,,,,,,,,,UNKNOWN,,,0.0,,,,,,,False
DXB-SOBHAH-b694794d92,sobhaheartland,55.306232,25.175188,12.0,4,,,,,,,,,UNKNOWN,,,0.0,,,,,,,False
DXB-SOBHAH-7d7f418b03,sobhaheartland,55.306231,25.175296,12.0,4,,,,,,,,,UNKNOWN,,,0.0,,,,,,,False
DXB-SOBHAH-7e5cc1f1da,sobhaheartland,55.306228,25.175404,12.0,4,,,,,,,,,UNKNOWN,,,0.0,,,,,,,False
DXB-SOBHAH-cba41c2693,sobhaheartland,55.306228,25.175509,12.0,4,,,,,,,,,UNKNOWN,,,0.0,,,,,,,False
DXB-SOBHAH-dd205df1ce,sobhaheartland,55.306228,25.175609,12.0,4,,,,,,,,,UNKNOWN,,,0.0,,,,,,,False
DXB-SOBHAH-c1e9943e2d,sobhaheartland,55.306227,25.175711,12.0,4,,,,,,,,,UNKNOWN,,,0.0,,,,,,,False
DXB-SOBHAH-e51c13ba09,sobhaheartland,55.306225,25.175815,12.0,4,,,,,,,,,UNKNOWN,,,0.0,,,,,,,False
DXB-SOBHAH-e1583e2b1a,sobhaheartland,55.306225,25.175924,12.0,4,,,,,,,,,UNKNOWN,,,0.0,,,,,,,False
DXB-SOBHAH-9f1b77cf23,sobhaheartland,55.306224,25.176034,12.0,4,,,,,,,,,UNKNOWN,,,0.0,,,,,,,False
DXB-SOBHAH-ccd7ee4bf4,sobhaheartland,55.307281,25.175559,12.0,4,,,,,,,,,UNKNOWN,,,0.0,,,,,,,False
DXB-SOBHAH-a22cf0db81,sobhaheartland,55.307313,25.17511,12.0,4,,,,,,,,,UNKNOWN,,,0.0,,,,,,,False
DXB-SOBHAH-7380400859,sobhaheartland,55.307285,25.175339,12.0,4,,,,,,,,,UNKNOWN,,,0.0,,,,,,,False
DXB-SOBHAH-0dce67b9f9,sobhaheartland,55.307262,25.175781,12.0,4,,,,,,,,,UNKNOWN,,,0.0,,,,,,,False
DXB-SOBHAH-6bee116588,sobhaheartland,55.30724,25.176,12.0,4,,,,,,,,,UNKNOWN,,,0.0,,,,,,,False
DXB-SOBHAH-4e6a19195a,sobhaheartland,55.307202,25.176235,12.0,4,,,,,,,,,UNKNOWN,,,0.0,,,,,,,False
DXB-SOBHAH-1883a47913,sobhaheartland,55.307198,25.17645,12.0,4,,,,,,,,,UNKNOWN,,,0.0,,,,,,,False
DXB-SOBHAH-0f7ca592f8,sobhaheartland,55.307176,25.176677,12.0,4,,,,,,,,,UNKNOWN,,,0.0,,,,,,,False
DXB-SOBHAH-f545ec157a,sobhaheartland,55.307145,25.176883,12.0,4,,,,,,,,,UNKNOWN,,,0.0,,,,,,,False
DXB-SOBHAH-023108330f,sobhaheartland,55.307152,25.177018,12.0,4,The Galleries,The Galleries,BUILDING_NAME,The Galleries,,,,,VERIFIED,dld,dld,0.92,0.0,True,,,,DLD units register building name (name match),False
DXB-SOBHAH-5de817ab35,sobhaheartland,55.307138,25.17719,12.0,4,,,,,,,,,UNKNOWN,,,0.0,,,,,,,False
DXB-SOBHAH-b1f7f70d04,sobhaheartland,55.306663,25.177148,12.0,4,,,,,,,,,UNKNOWN,,,0.0,,,,,,,False
DXB-SOBHAH-5ec61e6650,sobhaheartland,55.306687,25.176985,12.0,4,,,,,,,,,UNKNOWN,,,0.0,,,,,,,False
DXB-SOBHAH-7799e7c1c3,sobhaheartland,55.306661,25.176812,12.0,4,,,,,,,,,UNKNOWN,,,0.0,,,,,,,False
DXB-SOBHAH-c951c9fd9b,sobhaheartland,55.306674,25.176655,12.0,4,,,,,,,,,UNKNOWN,,,0.0,,,,,,,False
DXB-SOBHAH-8a760fa128,sobhaheartland,55.306679,25.176421,12.0,4,,,,,,,,,UNKNOWN,,,0.0,,,,,,,False
DXB-SOBHAH-1d3c523b92,sobhaheartland,55.306679,25.1762,12.0,4,,,,,,,,,UNKNOWN,,,0.0,,,,,,,False
DXB-SOBHAH-b1074220fc,sobhaheartland,55.306686,25.175978,12.0,4,,,,,,,,,UNKNOWN,,,0.0,,,,,,,False
DXB-SOBHAH-01e6a23fd6,sobhaheartland,55.306686,25.175748,12.0,4,,,,,,,,,UNKNOWN,,,0.0,,,,,,,False
DXB-SOBHAH-93942549b7,sobhaheartland,55.306707,25.175529,12.0,4,,,,,,,,,UNKNOWN,,,0.0,,,,,,,False
DXB-SOBHAH-11dcb385e1,sobhaheartland,55.306703,25.175308,12.0,4,,,,,,,,,UNKNOWN,,,0.0,,,,,,,False
DXB-SOBHAH-0a9dc06f29,sobhaheartland,55.306696,25.175089,12.0,4,,,,,,,,,UNKNOWN,,,0.0,,,,,,,False
DXB-SOBHAH-c34b2e37e7,sobhaheartland,55.307696,25.177761,12.0,4,,,,,,,,,UNKNOWN,,,0.0,,,,,,,False
DXB-SOBHAH-36396cf2f4,sobhaheartland,55.307022,25.177734,12.0,4,,,,,,,,,UNKNOWN,,,0.0,,,,,,,False
DXB-SOBHAH-f8d7d6bb52,sobhaheartland,55.306322,25.17771,12.0,4,,,,,,,,,UNKNOWN,,,0.0,,,,,,,False
DXB-SOBHAH-2ee22ccbd3,sobhaheartland,55.307309,25.177737,12.0,4,,,,,,,,,UNKNOWN,,,0.0,,,,,,,False
DXB-SOBHAH-27b97ba4a1,sobhaheartland,55.30659,25.177716,12.0,4,,,,,,,,,UNKNOWN,,,0.0,,,,,,,False
DXB-SOBHAH-0e48a97d1e,sobhaheartland,55.305929,25.177694,12.0,4,,,,,,,,,UNKNOWN,,,0.0,,,,,,,False
DXB-SOBHAH-8279c068ed,sobhaheartland,55.305888,25.177146,12.0,4,,,,,,,,,UNKNOWN,,,0.0,,,,,,,False
DXB-SOBHAH-a9a5112f12,sobhaheartland,55.317144,25.174338,12.0,4,,,,,,,,,UNKNOWN,,,0.0,,,,,,,False
DXB-SOBHAH-0336e11a6b,sobhaheartland,55.316966,25.174779,12.0,4,,,,,,,,,UNKNOWN,,,0.0,,,,,,,False
DXB-SOBHAH-aa3e40659d,sobhaheartland,55.31696,25.175109,12.0,4,,,,,,,,,UNKNOWN,,,0.0,,,,,,,False
DXB-SOBHAH-cbc30b846d,sobhaheartland,55.318069,25.175478,12.0,4,,,,,,,,,UNKNOWN,,,0.0,,,,,,,False
DXB-SOBHAH-2e4aec96fd,sobhaheartland,55.31716,25.175016,12.0,4,,,,,,,,,UNKNOWN,,,0.0,,,,,,,False
DXB-SOBHAH-b22dc45b0b,sobhaheartland,55.317213,25.174951,12.0,4,,,,,,,,,UNKNOWN,,,0.0,,,,,,,False
DXB-SOBHAH-4419d467fc,sobhaheartland,55.318888,25.175193,12.0,4,,,,,,,,,UNKNOWN,,,0.0,,,,,,,False
DXB-SOBHAH-b873876953,sobhaheartland,55.318588,25.175345,12.0,4,,,,,,,,,UNKNOWN,,,0.0,,,,,,,False
DXB-SOBHAH-3e94f3cf1a,sobhaheartland,55.277441,25.168035,12.0,4,,,,,,,,,UNKNOWN,,,0.0,,,,,,,False
DXB-SOBHAH-423414f6f2,sobhaheartland,55.281351,25.174382,12.0,4,,,,,,,,,UNKNOWN,,,0.0,,,,,,,False
DXB-SOBHAH-8dd1234608,sobhaheartland,55.281951,25.17495,12.0,4,,,,,,,,,UNKNOWN,,,0.0,,,,,,,False
DXB-SOBHAH-098453b96a,sobhaheartland,55.281864,25.172616,12.0,4,,,,,,,,,UNKNOWN,,,0.0,,,,,,,False
DXB-SOBHAH-0c53863491,sobhaheartland,55.282972,25.172392,12.0,4,,,,,,,,,UNKNOWN,,,0.0,,,,,,,False
DXB-SOBHAH-cfb25bd040,sobhaheartland,55.281062,25.17639,12.0,4,,,,,,,,,UNKNOWN,,,0.0,,,,,,,False
DXB-SOBHAH-9aadd84824,sobhaheartland,55.276397,25.170879,12.0,4,,,,,,,,,UNKNOWN,,,0.0,,,,,,,False
DXB-SOBHAH-eec3c3762f,sobhaheartland,55.277135,25.171773,12.0,4,,,,,,,,,UNKNOWN,,,0.0,,,,,,,False
DXB-SOBHAH-24ccd74e20,sobhaheartland,55.278239,25.166734,12.0,4,,,,,,,,,UNKNOWN,,,0.0,,,,,,,False
DXB-SOBHAH-f8b4568058,sobhaheartland,55.276811,25.167319,12.0,4,,,,,,,,,UNKNOWN,,,0.0,,,,,,,False
DXB-SOBHAH-3af24b18aa,sobhaheartland,55.276931,25.167418,12.0,4,,,,,,,,,UNKNOWN,,,0.0,,,,,,,False
DXB-SOBHAH-bea6af795d,sobhaheartland,55.277013,25.167488,12.0,4,,,,,,,,,UNKNOWN,,,0.0,,,,,,,False
DXB-SOBHAH-fca0b9331e,sobhaheartland,55.277072,25.167525,12.0,4,,,,,,,,,UNKNOWN,,,0.0,,,,,,,False
DXB-SOBHAH-8fed57a65e,sobhaheartland,55.279608,25.168285,12.0,4,,,,,,,,,UNKNOWN,,,0.0,,,,,,,False
DXB-SOBHAH-5991a9daf1,sobhaheartland,55.278959,25.168299,12.0,4,,,,,,,,,UNKNOWN,,,0.0,,,,,,,False
DXB-SOBHAH-f7e563dfcf,sobhaheartland,55.278842,25.168317,12.0,4,,,,,,,,,UNKNOWN,,,0.0,,,,,,,False
DXB-SOBHAH-9e5bd70ded,sobhaheartland,55.278638,25.168398,12.0,4,,,,,,,,,UNKNOWN,,,0.0,,,,,,,False
DXB-SOBHAH-69fbdfbb2f,sobhaheartland,55.278282,25.168501,12.0,4,,,,,,,,,UNKNOWN,,,0.0,,,,,,,False
DXB-SOBHAH-9b8ebf029f,sobhaheartland,55.277825,25.168945,12.0,4,,,,,,,,,UNKNOWN,,,0.0,,,,,,,False
DXB-SOBHAH-6d6c661e1b,sobhaheartland,55.279943,25.168899,12.0,4,,,,,,,,,UNKNOWN,,,0.0,,,,,,,False
DXB-SOBHAH-69a00da589,sobhaheartland,55.277379,25.169659,12.0,4,,,,,,,,,UNKNOWN,,,0.0,,,,,,,False
DXB-SOBHAH-ace44a4134,sobhaheartland,55.277425,25.169636,12.0,4,,,,,,,,,UNKNOWN,,,0.0,,,,,,,False
DXB-SOBHAH-f470fe47a8,sobhaheartland,55.278152,25.170402,12.0,4,,,,,,,,,UNKNOWN,,,0.0,,,,,,,False
DXB-SOBHAH-b9a9f02545,sobhaheartland,55.278516,25.171233,12.0,4,,,,,,,,,UNKNOWN,,,0.0,,,,,,,False
DXB-SOBHAH-848108fcec,sobhaheartland,55.27877,25.17147,12.0,4,,,,,,,,,UNKNOWN,,,0.0,,,,,,,False
DXB-SOBHAH-62429009bb,sobhaheartland,55.279109,25.171608,12.0,4,,,,,,,,,UNKNOWN,,,0.0,,,,,,,False
DXB-SOBHAH-1d9648bef2,sobhaheartland,55.279823,25.171765,12.0,4,,,,,,,,,UNKNOWN,,,0.0,,,,,,,False
DXB-SOBHAH-f6c816e008,sobhaheartland,55.279451,25.171747,12.0,4,,,,,,,,,UNKNOWN,,,0.0,,,,,,,False
DXB-SOBHAH-78839217a9,sobhaheartland,55.280192,25.171578,12.0,4,,,,,,,,,UNKNOWN,,,0.0,,,,,,,False
DXB-SOBHAH-4cebf2a648,sobhaheartland,55.280503,25.171135,12.0,4,,,,,,,,,UNKNOWN,,,0.0,,,,,,,False
DXB-SOBHAH-6015b44688,sobhaheartland,55.280404,25.170642,12.0,4,,,,,,,,,UNKNOWN,,,0.0,,,,,,,False
DXB-SOBHAH-e7089ffae3,sobhaheartland,55.278128,25.169436,12.0,4,,,,,,,,,UNKNOWN,,,0.0,,,,,,,False
DXB-SOBHAH-a693b40026,sobhaheartland,55.278327,25.169584,12.0,4,,,,,,,,,UNKNOWN,,,0.0,,,,,,,False
DXB-SOBHAH-6a21f53804,sobhaheartland,55.278512,25.169791,12.0,4,,,,,,,,,UNKNOWN,,,0.0,,,,,,,False
DXB-SOBHAH-31e02c1525,sobhaheartland,55.278796,25.170206,12.0,4,,,,,,,,,UNKNOWN,,,0.0,,,,,,,False
DXB-SOBHAH-33983c1abf,sobhaheartland,55.278639,25.169977,12.0,4,,,,,,,,,UNKNOWN,,,0.0,,,,,,,False
DXB-SOBHAH-a71f225f97,sobhaheartland,55.27882,25.170448,12.0,4,,,,,,,,,UNKNOWN,,,0.0,,,,,,,False
DXB-SOBHAH-88e1fe7d31,sobhaheartland,55.278898,25.170696,12.0,4,,,,,,,,,UNKNOWN,,,0.0,,,,,,,False
DXB-SOBHAH-77e0ba2265,sobhaheartland,55.279054,25.170882,12.0,4,,,,,,,,,UNKNOWN,,,0.0,,,,,,,False
DXB-SOBHAH-017038c39a,sobhaheartland,55.27845,25.169118,12.0,4,,,,,,,,,UNKNOWN,,,0.0,,,,,,,False
DXB-SOBHAH-26c167f542,sobhaheartland,55.278693,25.168961,12.0,4,,,,,,,,,UNKNOWN,,,0.0,,,,,,,False
DXB-SOBHAH-66bad3fbab,sobhaheartland,55.279253,25.168965,12.0,4,,,,,,,,,UNKNOWN,,,0.0,,,,,,,False
DXB-SOBHAH-9d56d5976f,sobhaheartland,55.279358,25.169199,12.0,4,,,,,,,,,UNKNOWN,,,0.0,,,,,,,False
DXB-SOBHAH-13f16e4df3,sobhaheartland,55.279423,25.169623,12.0,4,,,,,,,,,UNKNOWN,,,0.0,,,,,,,False
DXB-SOBHAH-13f62ae7ff,sobhaheartland,55.285552,25.156428,31.8,9,Residence 15,Residence 15,BUILDING_NAME,Residence 15,,,,,MATCHED,osm,osm,0.9,0.0,True,,,,carried on the footprint by build_anchors,False
DXB-SOBHAH-f56e6897f2,sobhaheartland,55.285003,25.155919,44.2,13,Residence 14,Residence 14,BUILDING_NAME,Residence 14,,,,,MATCHED,osm,osm,0.9,0.0,True,,,,carried on the footprint by build_anchors,False
DXB-SOBHAH-0c6b583c5a,sobhaheartland,55.311715,25.178493,28.6,8,,Wilton Park Residences – Ellington Properties,BUILDING_NAME,Wilton Park Residences – Ellington Properties,,,,,INFERRED,overture_place,overture_place,0.696,0.0,True,,,Ellington,Overture place '' inside/next to the footprint,True
DXB-SOBHAH-07d17bb7a8,sobhaheartland,55.283847,25.153017,12.0,4,,,,,,,,,UNKNOWN,,,0.0,,,,,,,False
DXB-SOBHAH-f51d266eb2,sobhaheartland,55.283909,25.152973,12.0,4,,,,,,,,,UNKNOWN,,,0.0,,,,,,,False
DXB-SOBHAH-4b72bdfebd,sobhaheartland,55.284124,25.152814,12.0,4,,,,,,,,,UNKNOWN,,,0.0,,,,,,,False
DXB-SOBHAH-8b8278b359,sobhaheartland,55.284003,25.152918,12.0,4,,,,,,,,,UNKNOWN,,,0.0,,,,,,,False
DXB-SOBHAH-6be5131364,sobhaheartland,55.284055,25.152882,12.0,4,,,,,,,,,UNKNOWN,,,0.0,,,,,,,False
DXB-SOBHAH-515ed8d390,sobhaheartland,55.283526,25.152995,12.0,4,,,,,,,,,UNKNOWN,,,0.0,,,,,,,False
DXB-SOBHAH-281d73611a,sobhaheartland,55.278336,25.162842,12.0,4,,,,,,,,,UNKNOWN,,,0.0,,,,,,,False
DXB-SOBHAH-38d9ace873,sobhaheartland,55.278145,25.162683,12.0,4,,,,,,,,,UNKNOWN,,,0.0,,,,,,,False
DXB-SOBHAH-1433f0590b,sobhaheartland,55.277852,25.162302,12.0,4,,,,,,,,,UNKNOWN,,,0.0,,,,,,,False
DXB-SOBHAH-f2ce891295,sobhaheartland,55.277667,25.162498,12.0,4,,,,,,,,,UNKNOWN,,,0.0,,,,,,,False
DXB-SOBHAH-8b3aa1bcf7,sobhaheartland,55.277395,25.162736,12.0,4,,,,,,,,,UNKNOWN,,,0.0,,,,,,,False
DXB-SOBHAH-03d235905b,sobhaheartland,55.277177,25.162894,12.0,4,,,,,,,,,UNKNOWN,,,0.0,,,,,,,False
DXB-SOBHAH-60691d1f93,sobhaheartland,55.276261,25.164286,12.0,4,,,,,,,,,UNKNOWN,,,0.0,,,,,,,False
DXB-SOBHAH-612cfc3564,sobhaheartland,55.27639,25.164092,12.0,4,,,,,,,,,UNKNOWN,,,0.0,,,,,,,False
DXB-SOBHAH-cef4b292c1,sobhaheartland,55.27656,25.16391,12.0,4,,,,,,,,,UNKNOWN,,,0.0,,,,,,,False
DXB-SOBHAH-f46f44cd37,sobhaheartland,55.276645,25.163674,12.0,4,,,,,,,,,UNKNOWN,,,0.0,,,,,,,False
DXB-SOBHAH-f7cdb55756,sobhaheartland,55.27671,25.163451,12.0,4,,,,,,,,,UNKNOWN,,,0.0,,,,,,,False
DXB-SOBHAH-79a62aafd8,sobhaheartland,55.276935,25.163255,12.0,4,,,,,,,,,UNKNOWN,,,0.0,,,,,,,False
DXB-SOBHAH-1d9d143d6c,sobhaheartland,55.277547,25.163767,12.0,4,,,,,,,,,UNKNOWN,,,0.0,,,,,,,False
DXB-SOBHAH-962de8229c,sobhaheartland,55.277384,25.163565,12.0,4,,,,,,,,,UNKNOWN,,,0.0,,,,,,,False
DXB-SOBHAH-96b289c776,sobhaheartland,55.277906,25.16333,12.0,4,,,,,,,,,UNKNOWN,,,0.0,,,,,,,False
DXB-SOBHAH-24a321dcfb,sobhaheartland,55.277684,25.163174,12.0,4,,,,,,,,,UNKNOWN,,,0.0,,,,,,,False
DXB-SOBHAH-e925a5ba93,sobhaheartland,55.274298,25.164114,12.0,4,allday,allday,BUILDING_NAME,allday,,,,,MATCHED,osm,osm,0.9,0.0,True,,,,carried on the footprint by build_anchors,False
DXB-SOBHAH-28d82e4180,sobhaheartland,55.274565,25.16419,12.0,4,,,,,,,,,UNKNOWN,,,0.0,,,,,,,False
DXB-SOBHAH-8eed5434ea,sobhaheartland,55.275992,25.164921,12.0,4,,,,,,,,,UNKNOWN,,,0.0,,,,,,,False
DXB-SOBHAH-31a03613f1,sobhaheartland,55.275797,25.164805,12.0,4,,,,,,,,,UNKNOWN,,,0.0,,,,,,,False
DXB-SOBHAH-a32e680aca,sobhaheartland,55.275343,25.164707,12.0,4,,,,,,,,,UNKNOWN,,,0.0,,,,,,,False
DXB-SOBHAH-af47bcb5d8,sobhaheartland,55.275157,25.164567,12.0,4,,,,,,,,,UNKNOWN,,,0.0,,,,,,,False
DXB-SOBHAH-6c51e84bf4,sobhaheartland,55.274983,25.164482,12.0,4,,,,,,,,,UNKNOWN,,,0.0,,,,,,,False
DXB-SOBHAH-2725c361ed,sobhaheartland,55.274798,25.164339,12.0,4,,,,,,,,,UNKNOWN,,,0.0,,,,,,,False
DXB-SOBHAH-7af3d2b0b8,sobhaheartland,55.276116,25.164476,12.0,4,,,,,,,,,UNKNOWN,,,0.0,,,,,,,False
DXB-SOBHAH-48d4e00d98,sobhaheartland,55.275602,25.164354,12.0,4,,,,,,,,,UNKNOWN,,,0.0,,,,,,,False
DXB-SOBHAH-f8881b6880,sobhaheartland,55.275336,25.164139,12.0,4,,,,,,,,,UNKNOWN,,,0.0,,,,,,,False
DXB-SOBHAH-d6d4232150,sobhaheartland,55.279365,25.169362,12.0,4,,,,,,,,,UNKNOWN,,,0.0,,,,,,,False
DXB-SOBHAH-f7b000a0c0,sobhaheartland,55.279461,25.169823,12.0,4,,,,,,,,,UNKNOWN,,,0.0,,,,,,,False
DXB-SOBHAH-e2539e86a8,sobhaheartland,55.279514,25.170068,12.0,4,,,,,,,,,UNKNOWN,,,0.0,,,,,,,False
DXB-SOBHAH-d88c931ae9,sobhaheartland,55.277481,25.169413,12.0,4,,,,,,,,,UNKNOWN,,,0.0,,,,,,,False
DXB-SOBHAH-d9cf56e474,sobhaheartland,55.275395,25.168771,12.0,4,,,,,,,,,UNKNOWN,,,0.0,,,,,,,False
DXB-SOBHAH-9f2c88ed2e,sobhaheartland,55.275114,25.168764,12.0,4,,,,,,,,,UNKNOWN,,,0.0,,,,,,,False
DXB-SOBHAH-1ed42490f5,sobhaheartland,55.277956,25.170146,12.0,4,,,,,,,,,UNKNOWN,,,0.0,,,,,,,False
DXB-SOBHAH-e7406472b2,sobhaheartland,55.275304,25.171594,12.0,4,,,,,,,,,UNKNOWN,,,0.0,,,,,,,False
DXB-SOBHAH-4e0b1f6a5c,sobhaheartland,55.275544,25.171544,12.0,4,,,,,,,,,UNKNOWN,,,0.0,,,,,,,False
DXB-SOBHAH-e4a43b289c,sobhaheartland,55.275745,25.171364,12.0,4,,,,,,,,,UNKNOWN,,,0.0,,,,,,,False
DXB-SOBHAH-76e74aeb6b,sobhaheartland,55.275615,25.170423,12.0,4,,,,,,,,,UNKNOWN,,,0.0,,,,,,,False
DXB-SOBHAH-7b3cb8398b,sobhaheartland,55.275287,25.170489,12.0,4,,,,,,,,,UNKNOWN,,,0.0,,,,,,,False
DXB-SOBHAH-048ad33d1f,sobhaheartland,55.275018,25.170585,12.0,4,,,,,,,,,UNKNOWN,,,0.0,,,,,,,False
DXB-SOBHAH-d24420d22e,sobhaheartland,55.27766,25.164508,12.0,4,,,,,,,,,UNKNOWN,,,0.0,,,,,,,False
DXB-SOBHAH-040d1e6cac,sobhaheartland,55.277513,25.164776,12.0,4,,,,,,,,,UNKNOWN,,,0.0,,,,,,,False
DXB-SOBHAH-3a5cdb209e,sobhaheartland,55.277103,25.164332,12.0,4,,,,,,,,,UNKNOWN,,,0.0,,,,,,,False
DXB-SOBHAH-74d92a934a,sobhaheartland,55.276946,25.164471,12.0,4,,,,,,,,,UNKNOWN,,,0.0,,,,,,,False
DXB-SOBHAH-febf091c29,sobhaheartland,55.276832,25.164688,12.0,4,,,,,,,,,UNKNOWN,,,0.0,,,,,,,False
DXB-SOBHAH-4bafab00ed,sobhaheartland,55.276692,25.164875,12.0,4,,,,,,,,,UNKNOWN,,,0.0,,,,,,,False
DXB-SOBHAH-7edff5fe0b,sobhaheartland,55.278045,25.164132,12.0,4,,,,,,,,,UNKNOWN,,,0.0,,,,,,,False
DXB-SOBHAH-389e4ea4fd,sobhaheartland,55.304844,25.175483,12.0,4,,,,,,,,,UNKNOWN,,,0.0,,,,,,,False
DXB-SOBHAH-58b5c3971a,sobhaheartland,55.304873,25.175712,12.0,4,,,,,,,,,UNKNOWN,,,0.0,,,,,,,False
DXB-SOBHAH-e4bbc7d2a3,sobhaheartland,55.304863,25.175263,12.0,4,,,,,,,,,UNKNOWN,,,0.0,,,,,,,False
DXB-SOBHAH-2ea631b63c,sobhaheartland,55.30483,25.175038,12.0,4,,,,,,,,,UNKNOWN,,,0.0,,,,,,,False
DXB-SOBHAH-444f0dcda6,sobhaheartland,55.304889,25.175939,12.0,4,,,,,,,,,UNKNOWN,,,0.0,,,,,,,False
DXB-SOBHAH-56c8af9c69,sobhaheartland,55.304911,25.17639,12.0,4,,,,,,,,,UNKNOWN,,,0.0,,,,,,,False
DXB-SOBHAH-7602cdac66,sobhaheartland,55.304926,25.176196,12.0,4,,,,,,,,,UNKNOWN,,,0.0,,,,,,,False
DXB-SOBHAH-1d04f40154,sobhaheartland,55.304905,25.176612,12.0,4,,,,,,,,,UNKNOWN,,,0.0,,,,,,,False
DXB-SOBHAH-14a2d1f42d,sobhaheartland,55.30546,25.17508,12.0,4,,,,,,,,,UNKNOWN,,,0.0,,,,,,,False
DXB-SOBHAH-30f52e86a0,sobhaheartland,55.305446,25.175302,12.0,4,,,,,,,,,UNKNOWN,,,0.0,,,,,,,False
DXB-SOBHAH-348be5015e,sobhaheartland,55.305398,25.17718,12.0,4,,,,,,,,,UNKNOWN,,,0.0,,,,,,,False
DXB-SOBHAH-56e784ee09,sobhaheartland,55.305412,25.176646,12.0,4,,,,,,,,,UNKNOWN,,,0.0,,,,,,,False
DXB-SOBHAH-228cad6e26,sobhaheartland,55.305433,25.176422,12.0,4,,,,,,,,,UNKNOWN,,,0.0,,,,,,,False
DXB-SOBHAH-6e5ea749be,sobhaheartland,55.305453,25.175983,12.0,4,,,,,,,,,UNKNOWN,,,0.0,,,,,,,False
DXB-SOBHAH-45a6116281,sobhaheartland,55.305448,25.175754,12.0,4,,,,,,,,,UNKNOWN,,,0.0,,,,,,,False
DXB-SOBHAH-e0999867b8,sobhaheartland,55.30546,25.175528,12.0,4,,,,,,,,,UNKNOWN,,,0.0,,,,,,,False
DXB-SOBHAH-a2496f66cf,sobhaheartland,55.305418,25.176201,12.0,4,,,,,,,,,UNKNOWN,,,0.0,,,,,,,False
DXB-SOBHAH-46c232ef6f,sobhaheartland,55.305405,25.176824,12.0,4,,,,,,,,,UNKNOWN,,,0.0,,,,,,,False
DXB-SOBHAH-7573306275,sobhaheartland,55.305418,25.177004,12.0,4,,,,,,,,,UNKNOWN,,,0.0,,,,,,,False
DXB-SOBHAH-842af14def,sobhaheartland,55.304903,25.17681,12.0,4,,,,,,,,,UNKNOWN,,,0.0,,,,,,,False
DXB-SOBHAH-929a5488c7,sobhaheartland,55.304949,25.176982,12.0,4,,,,,,,,,UNKNOWN,,,0.0,,,,,,,False
DXB-SOBHAH-3499aab18e,sobhaheartland,55.304921,25.177153,12.0,4,,,,,,,,,UNKNOWN,,,0.0,,,,,,,False
DXB-SOBHAH-d5a06c9079,sobhaheartland,55.302518,25.175445,12.0,4,,,,,,,,,UNKNOWN,,,0.0,,,,,,,False
DXB-SOBHAH-98cbb2f7dd,sobhaheartland,55.302488,25.175221,12.0,4,,,,,,,,,UNKNOWN,,,0.0,,,,,,,False
DXB-SOBHAH-d69bcab6d5,sobhaheartland,55.306226,25.177152,12.0,4,,,,,,,,,UNKNOWN,,,0.0,,,,,,,False
DXB-SOBHAH-68d2a90071,sobhaheartland,55.306063,25.177157,12.0,4,,,,,,,,,UNKNOWN,,,0.0,,,,,,,False
DXB-SOBHAH-a12b055753,sobhaheartland,55.306096,25.177309,12.0,4,,,,,,,,,UNKNOWN,,,0.0,,,,,,,False
DXB-SOBHAH-59a5d04fb7,sobhaheartland,55.307281,25.179864,12.0,4,,,,,,,,,UNKNOWN,,,0.0,,,,,,,False
DXB-SOBHAH-c4933a853b,sobhaheartland,55.307232,25.179413,12.0,4,,,,,,,,,UNKNOWN,,,0.0,,,,,,,False
DXB-SOBHAH-2f3d20190b,sobhaheartland,55.307669,25.179595,12.0,4,,,,,,,,,UNKNOWN,,,0.0,,,,,,,False
DXB-SOBHAH-834c58329a,sobhaheartland,55.307559,25.179651,12.0,4,,,,,,,,,UNKNOWN,,,0.0,,,,,,,False
DXB-SOBHAH-6629d6f637,sobhaheartland,55.307466,25.179562,12.0,4,,,,,,,,,UNKNOWN,,,0.0,,,,,,,False
DXB-SOBHAH-ed56485349,sobhaheartland,55.30741,25.179564,12.0,4,,,,,,,,,UNKNOWN,,,0.0,,,,,,,False
DXB-SOBHAH-7db2b10b25,sobhaheartland,55.307358,25.179567,12.0,4,,,,,,,,,UNKNOWN,,,0.0,,,,,,,False
DXB-SOBHAH-0ba97b47ea,sobhaheartland,55.307304,25.179569,12.0,4,,,,,,,,,UNKNOWN,,,0.0,,,,,,,False
DXB-SOBHAH-f70ba60555,sobhaheartland,55.307371,25.179735,12.0,4,,,,,,,,,UNKNOWN,,,0.0,,,,,,,False
DXB-SOBHAH-e768df5cbe,sobhaheartland,55.30742,25.179734,12.0,4,,,,,,,,,UNKNOWN,,,0.0,,,,,,,False
DXB-SOBHAH-341ae1f3de,sobhaheartland,55.30747,25.179734,12.0,4,,,,,,,,,UNKNOWN,,,0.0,,,,,,,False
DXB-SOBHAH-940f07cba2,sobhaheartland,55.307238,25.179571,12.0,4,,,,,,,,,UNKNOWN,,,0.0,,,,,,,False
DXB-SOBHAH-08e85f9386,sobhaheartland,55.307323,25.179736,12.0,4,,,,,,,,,UNKNOWN,,,0.0,,,,,,,False
DXB-SOBHAH-2636c61cca,sobhaheartland,55.307239,25.179739,12.0,4,,,,,,,,,UNKNOWN,,,0.0,,,,,,,False
DXB-SOBHAH-eb2991596c,sobhaheartland,55.307068,25.179838,12.0,4,,,,,,,,,UNKNOWN,,,0.0,,,,,,,False
DXB-SOBHAH-4e13ed5b2c,sobhaheartland,55.307058,25.17965,12.0,4,,,,,,,,,UNKNOWN,,,0.0,,,,,,,False
DXB-SOBHAH-6235a1d916,sobhaheartland,55.307045,25.179384,12.0,4,,,,,,,,,UNKNOWN,,,0.0,,,,,,,False
DXB-SOBHAH-512e33debb,sobhaheartland,55.307083,25.179476,12.0,4,,,,,,,,,UNKNOWN,,,0.0,,,,,,,False
DXB-SOBHAH-ed2d1a4221,sobhaheartland,55.304973,25.17731,12.0,4,,,,,,,,,UNKNOWN,,,0.0,,,,,,,False
DXB-SOBHAH-4e74822b0d,sobhaheartland,55.322109,25.171609,12.0,4,,,,,,,,,UNKNOWN,,,0.0,,,,,,,False
DXB-SOBHAH-d080ce63e5,sobhaheartland,55.322209,25.171671,12.0,4,,,,,,,,,UNKNOWN,,,0.0,,,,,,,False
DXB-SOBHAH-7a4b397cf2,sobhaheartland,55.322483,25.171558,12.0,4,,,,,,,,,UNKNOWN,,,0.0,,,,,,,False
DXB-SOBHAH-87ba25992b,sobhaheartland,55.302483,25.17122,35.0,10,Azizi Riviera 10,Azizi Riviera 10,BUILDING_NAME,Azizi Riviera 10,,,,,MATCHED,osm,osm,0.9,0.0,True,,,,carried on the footprint by build_anchors,False
DXB-SOBHAH-f3b87d8c33,sobhaheartland,55.301708,25.171241,35.0,10,Azizi Riviera 11,Azizi Riviera 11,BUILDING_NAME,Azizi Riviera 11,,,,,MATCHED,osm,osm,0.9,0.0,True,,,,carried on the footprint by build_anchors,False
DXB-SOBHAH-a9ee9508de,sobhaheartland,55.300838,25.171391,35.0,10,Azizi Riviera 12,Azizi Riviera 12,BUILDING_NAME,Azizi Riviera 12,,,,,MATCHED,osm,osm,0.9,0.0,True,,,,carried on the footprint by build_anchors,False
DXB-SOBHAH-9b164ae369,sobhaheartland,55.304434,25.174618,12.0,4,,,,,,,,,UNKNOWN,,,0.0,,,,,,,False
DXB-SOBHAH-6f6f6f9a66,sobhaheartland,55.304382,25.17463,12.0,4,,,,,,,,,UNKNOWN,,,0.0,,,,,,,False
DXB-SOBHAH-14943f0f09,sobhaheartland,55.304327,25.174365,12.0,4,,,,,,,,,UNKNOWN,,,0.0,,,,,,,False
DXB-SOBHAH-8018192df3,sobhaheartland,55.304425,25.174494,12.0,4,,,,,,,,,UNKNOWN,,,0.0,,,,,,,False
DXB-SOBHAH-b87d083f20,sobhaheartland,55.304868,25.174549,12.0,4,,,,,,,,,UNKNOWN,,,0.0,,,,,,,False
DXB-SOBHAH-cee9275162,sobhaheartland,55.305988,25.174532,12.0,4,,,,,,,,,UNKNOWN,,,0.0,,,,,,,False
DXB-SOBHAH-c347397d63,sobhaheartland,55.307013,25.17349,38.2,11,Azizi Riviera 23,Azizi Riviera 23,BUILDING_NAME,Azizi Riviera 23,,,,,MATCHED,osm,osm,0.9,0.0,True,,,,carried on the footprint by build_anchors,False
DXB-SOBHAH-4028a20682,sobhaheartland,55.306003,25.173453,38.2,11,Azizi Riviera 22,Azizi Riviera 22,BUILDING_NAME,Azizi Riviera 22,,,,,MATCHED,osm,osm,0.9,0.0,True,,,,carried on the footprint by build_anchors,False
DXB-SOBHAH-d9fd47a65f,sobhaheartland,55.30519,25.173374,38.2,11,Azizi Riviera 21,Azizi Riviera 21,BUILDING_NAME,Azizi Riviera 21,,,,,MATCHED,osm,osm,0.9,0.0,True,,,,carried on the footprint by build_anchors,False
DXB-SOBHAH-569df24fe8,sobhaheartland,55.304527,25.173454,38.2,11,Azizi Riviera 20,Azizi Riviera 20,BUILDING_NAME,Azizi Riviera 20,,,,,MATCHED,osm,osm,0.9,0.0,True,,,,carried on the footprint by build_anchors,False
DXB-SOBHAH-303dbf058c,sobhaheartland,55.304923,25.172867,31.8,9,Azizi Riviera 26,Azizi Riviera 26,BUILDING_NAME,Azizi Riviera 26,,,,,MATCHED,osm,osm,0.9,0.0,True,,,,carried on the footprint by build_anchors,False
DXB-SOBHAH-ee5b754966,sobhaheartland,55.306269,25.172893,31.8,9,Azizi Riviera 25,Azizi Riviera 25,BUILDING_NAME,Azizi Riviera 25,,,,,MATCHED,osm,osm,0.9,0.0,True,,,,carried on the footprint by build_anchors,False
DXB-SOBHAH-b16958d7ef,sobhaheartland,55.306282,25.172543,31.8,9,Azizi Riviera 28,Azizi Riviera 28,BUILDING_NAME,Azizi Riviera 28,,,,,MATCHED,osm,osm,0.9,0.0,True,,,,carried on the footprint by build_anchors,False
DXB-SOBHAH-649c2f95a8,sobhaheartland,55.304958,25.172595,31.8,9,Azizi Riviera 27,Azizi Riviera 27,BUILDING_NAME,Azizi Riviera 27,,,,,MATCHED,osm,osm,0.9,0.0,True,,,,carried on the footprint by build_anchors,False
DXB-SOBHAH-74196e3cd3,sobhaheartland,55.304151,25.172651,35.0,10,Azizi Riviera 19,Azizi Riviera 19,BUILDING_NAME,Azizi Riviera 19,,,,,MATCHED,osm,osm,0.9,0.0,True,,,,carried on the footprint by build_anchors,False
DXB-SOBHAH-eebc0c7c4c,sobhaheartland,55.304882,25.171675,31.8,9,Azizi Riviera 34,Azizi Riviera 34,BUILDING_NAME,Azizi Riviera 34,,,,,MATCHED,osm,osm,0.9,0.0,True,,,,carried on the footprint by build_anchors,False
DXB-SOBHAH-25085e079b,sobhaheartland,55.30653,25.17168,31.8,9,Azizi Riviera 35,Azizi Riviera 35,BUILDING_NAME,Azizi Riviera 35,,,,,MATCHED,osm,osm,0.9,0.0,True,,,,carried on the footprint by build_anchors,False
DXB-SOBHAH-d8e732e6a3,sobhaheartland,55.307408,25.171434,31.8,9,Azizi Riviera 29,Azizi Riviera 29,BUILDING_NAME,Azizi Riviera 29,,,,,MATCHED,osm,osm,0.9,0.0,True,,,,carried on the footprint by build_anchors,False
DXB-SOBHAH-f3691725c8,sobhaheartland,55.306563,25.171143,38.2,11,Azizi Riviera 30,Azizi Riviera 30,BUILDING_NAME,Azizi Riviera 30,,,,,MATCHED,osm,osm,0.9,0.0,True,,,,carried on the footprint by build_anchors,False
DXB-SOBHAH-3cefab955c,sobhaheartland,55.30588,25.171141,38.2,11,Azizi Riviera 31,Azizi Riviera 31,BUILDING_NAME,Azizi Riviera 31,,,,,MATCHED,osm,osm,0.9,0.0,True,,,,carried on the footprint by build_anchors,False
DXB-SOBHAH-6764cc89e0,sobhaheartland,55.30499,25.171145,28.6,8,Azizi Riviera 32,Azizi Riviera 32,BUILDING_NAME,Azizi Riviera 32,,,,,MATCHED,osm,osm,0.9,0.0,True,,,,carried on the footprint by build_anchors,False
DXB-SOBHAH-c0da219427,sobhaheartland,55.304037,25.171327,31.8,9,Azizi Riviera 33,Azizi Riviera 33,BUILDING_NAME,Azizi Riviera 33,,,,,MATCHED,osm,osm,0.9,0.0,True,,,,carried on the footprint by build_anchors,False
DXB-SOBHAH-18ecec1470,sobhaheartland,55.304476,25.176678,12.0,4,,,,,,,,,UNKNOWN,,,0.0,,,,,,,False
DXB-SOBHAH-c0f82179fd,sobhaheartland,55.304478,25.176838,12.0,4,,,,,,,,,UNKNOWN,,,0.0,,,,,,,False
DXB-SOBHAH-08fc123ef5,sobhaheartland,55.304462,25.177027,12.0,4,,,,,,,,,UNKNOWN,,,0.0,,,,,,,False
DXB-SOBHAH-18dcd69a97,sobhaheartland,55.304446,25.177211,12.0,4,,,,,,,,,UNKNOWN,,,0.0,,,,,,,False
DXB-SOBHAH-8e5620c3f5,sobhaheartland,55.303435,25.175357,12.0,4,,,,,,,,,UNKNOWN,,,0.0,,,,,,,False
DXB-SOBHAH-5b1a4be0bd,sobhaheartland,55.303415,25.175128,12.0,4,,,,,,,,,UNKNOWN,,,0.0,,,,,,,False
DXB-SOBHAH-b58d60c372,sobhaheartland,55.304192,25.17492,12.0,4,,,,,,,,,UNKNOWN,,,0.0,,,,,,,False
DXB-SOBHAH-1d2ad9c5b8,sobhaheartland,55.304405,25.175736,12.0,4,,,,,,,,,UNKNOWN,,,0.0,,,,,,,False
DXB-SOBHAH-4c588fe625,sobhaheartland,55.304391,25.175559,12.0,4,,,,,,,,,UNKNOWN,,,0.0,,,,,,,False
DXB-SOBHAH-e0a465f061,sobhaheartland,55.304382,25.175324,12.0,4,,,,,,,,,UNKNOWN,,,0.0,,,,,,,False
DXB-SOBHAH-77541d1be3,sobhaheartland,55.304379,25.175111,12.0,4,,,,,,,,,UNKNOWN,,,0.0,,,,,,,False
DXB-SOBHAH-ddd94065d2,sobhaheartland,55.317397,25.173976,12.0,4,,,,,,,,,UNKNOWN,,,0.0,,,,,,,False
DXB-SOBHAH-a0e50748e2,sobhaheartland,55.317444,25.173918,12.0,4,,,,,,,,,UNKNOWN,,,0.0,,,,,,,False
DXB-SOBHAH-e32b4f50c2,sobhaheartland,55.301332,25.178465,12.0,4,,,,,,,,,UNKNOWN,,,0.0,,,,,,,False
DXB-SOBHAH-307d1d28f1,sobhaheartland,55.301289,25.178414,12.0,4,,,,,,,,,UNKNOWN,,,0.0,,,,,,,False
DXB-SOBHAH-d8b22563e9,sobhaheartland,55.301361,25.178492,12.0,4,,,,,,,,,UNKNOWN,,,0.0,,,,,,,False
DXB-SOBHAH-9f29cf3dd0,sobhaheartland,55.301989,25.178145,12.0,4,,,,,,,,,UNKNOWN,,,0.0,,,,,,,False
DXB-SOBHAH-b4b4d5c8ba,sobhaheartland,55.285929,25.156865,31.8,9,Residence 16,Residence 16,BUILDING_NAME,Residence 16,,,,,MATCHED,osm,osm,0.9,0.0,True,,,,carried on the footprint by build_anchors,False
DXB-SOBHAH-4eca507956,sobhaheartland,55.283842,25.155162,57.8,17,Residence 12,Residence 12,BUILDING_NAME,Residence 12,,,,,MATCHED,osm,osm,0.9,0.0,True,,Meydan Sobha Cycling & Running Track,,carried on the footprint by build_anchors,False
DXB-SOBHAH-ebbf4584d2,sobhaheartland,55.284495,25.155516,51.0,15,Residence 13,Residence 13,BUILDING_NAME,Residence 13,,,,,MATCHED,osm,osm,0.9,0.0,True,,,,carried on the footprint by build_anchors,False
DXB-SOBHAH-1e9019e25c,sobhaheartland,55.283154,25.154988,68.0,18,Residence 11,Residence 11,BUILDING_NAME,Residence 11,,,,,MATCHED,osm,osm,0.9,0.0,True,,,,carried on the footprint by build_anchors,False
DXB-SOBHAH-4766bb4195,sobhaheartland,55.2829,25.156302,12.0,4,Residence 7,Residence 7,BUILDING_NAME,Residence 7,,,,,MATCHED,osm,osm,0.9,0.0,True,,,,carried on the footprint by build_anchors,False
DXB-SOBHAH-179930e29b,sobhaheartland,55.282328,25.156026,12.0,4,Residence 8,Residence 8,BUILDING_NAME,Residence 8,,,,,MATCHED,osm,osm,0.9,0.0,True,,,,carried on the footprint by build_anchors,False
DXB-SOBHAH-70fd74a620,sobhaheartland,55.283478,25.156559,12.0,4,Residence 6,Residence 6,BUILDING_NAME,Residence 6,,,,,MATCHED,osm,osm,0.9,0.0,True,,,,carried on the footprint by build_anchors,False
DXB-SOBHAH-b675d9b4bc,sobhaheartland,55.28414,25.156988,12.0,4,Residence 5,Residence 5,BUILDING_NAME,Residence 5,,,,,MATCHED,osm,osm,0.9,0.0,True,,,,carried on the footprint by build_anchors,False
DXB-SOBHAH-5ec6b60e3f,sobhaheartland,55.284446,25.157539,12.0,4,Residence 4,Residence 4,BUILDING_NAME,Residence 4,,,,,MATCHED,osm,osm,0.9,0.0,True,,,,carried on the footprint by build_anchors,False
DXB-SOBHAH-a22a4e24f3,sobhaheartland,55.308351,25.170081,12.0,4,,,,,,,,,UNKNOWN,,,0.0,,,,,,,False
DXB-SOBHAH-507e92ba5b,sobhaheartland,55.29321,25.170868,12.0,4,,,,,,,,,UNKNOWN,,,0.0,,,,,,,False
DXB-SOBHAH-0ddf0bdf37,sobhaheartland,55.298813,25.16672,12.0,4,,,,,,,,,UNKNOWN,,,0.0,,,,,,,False
DXB-SOBHAH-bbbc4a36dd,sobhaheartland,55.298726,25.166732,12.0,4,,,,,,,,,UNKNOWN,,,0.0,,,,,,,False
DXB-SOBHAH-ce3ca52be2,sobhaheartland,55.310734,25.174949,12.0,4,,,,,,,,,UNKNOWN,,,0.0,,,,,,,False
DXB-SOBHAH-60b366e536,sobhaheartland,55.310444,25.174795,12.0,4,,,,,,,,,UNKNOWN,,,0.0,,,,,,,False
DXB-SOBHAH-f09db2ec2d,sobhaheartland,55.310729,25.175233,12.0,4,,,,,,,,,UNKNOWN,,,0.0,,,,,,,False
DXB-SOBHAH-c9f45e2247,sobhaheartland,55.310628,25.175208,12.0,4,,,,,,,,,UNKNOWN,,,0.0,,,,,,,False
DXB-SOBHAH-4fcde76701,sobhaheartland,55.310659,25.175557,12.0,4,,,,,,,,,UNKNOWN,,,0.0,,,,,,,False
DXB-SOBHAH-ebb0aa5fb5,sobhaheartland,55.310504,25.175878,12.0,4,,,,,,,,,UNKNOWN,,,0.0,,,,,,,False
DXB-SOBHAH-f479004ce4,sobhaheartland,55.31057,25.175703,12.0,4,,,,,,,,,UNKNOWN,,,0.0,,,,,,,False
DXB-SOBHAH-73c878c21a,sobhaheartland,55.310772,25.175998,12.0,4,,,,,,,,,UNKNOWN,,,0.0,,,,,,,False
DXB-SOBHAH-262be716d3,sobhaheartland,55.310805,25.175874,12.0,4,,,,,,,,,UNKNOWN,,,0.0,,,,,,,False
DXB-SOBHAH-50f358fce3,sobhaheartland,55.3111,25.176039,12.0,4,,,,,,,,,UNKNOWN,,,0.0,,,,,,,False
DXB-SOBHAH-86e1127b3f,sobhaheartland,55.317856,25.175168,12.0,4,,,,,,,,,UNKNOWN,,,0.0,,,,,,,False
DXB-SOBHAH-84fff77393,sobhaheartland,55.317106,25.174669,12.0,4,,,,,,,,,UNKNOWN,,,0.0,,,,,,,False
DXB-SOBHAH-ac6ac69c11,sobhaheartland,55.316588,25.174887,12.0,4,,,,,,,,,UNKNOWN,,,0.0,,,,,,,False
DXB-SOBHAH-2e2e1d94cc,sobhaheartland,55.317488,25.173864,12.0,4,,,,,,,,,UNKNOWN,,,0.0,,,,,,,False
DXB-SOBHAH-f85b54de70,sobhaheartland,55.30702,25.179427,12.0,4,,,,,,,,,UNKNOWN,,,0.0,,,,,,,False
DXB-SOBHAH-7298b872ca,sobhaheartland,55.31162,25.175823,12.0,4,,,,,,,,,UNKNOWN,,,0.0,,,,,,,False
DXB-SOBHAH-3a3cc859ba,sobhaheartland,55.316078,25.179366,12.0,4,,,,,,,,,UNKNOWN,,,0.0,,,,,,,False
DXB-SOBHAH-d2567debf6,sobhaheartland,55.313678,25.177781,12.0,4,,,,,,,,,UNKNOWN,,,0.0,,,,,,,False
DXB-SOBHAH-41ff164fe5,sobhaheartland,55.3137,25.177793,12.0,4,,,,,,,,,UNKNOWN,,,0.0,,,,,,,False
DXB-SOBHAH-21999b26e7,sobhaheartland,55.313616,25.177749,12.0,4,,,,,,,,,UNKNOWN,,,0.0,,,,,,,False
DXB-SOBHAH-ed964bd4fd,sobhaheartland,55.31361,25.177641,12.0,4,,,,,,,,,UNKNOWN,,,0.0,,,,,,,False
DXB-SOBHAH-f8d93ecf04,sobhaheartland,55.313474,25.177506,12.0,4,,,,,,,,,UNKNOWN,,,0.0,,,,,,,False
DXB-SOBHAH-4f16dbb536,sobhaheartland,55.315322,25.177721,12.0,4,,,,,,,,,UNKNOWN,,,0.0,,,,,,,False
DXB-SOBHAH-d378594bc8,sobhaheartland,55.314694,25.177989,12.0,4,,,,,,,,,UNKNOWN,,,0.0,,,,,,,False
DXB-SOBHAH-32d41ab0ed,sobhaheartland,55.309693,25.175036,25.0,7,,,,,,,,,UNKNOWN,,,0.0,,,,,,,False
DXB-SOBHAH-69ffb60a57,sobhaheartland,55.307619,25.176898,12.0,4,,,,,,,,,UNKNOWN,,,0.0,,,,,,,False
DXB-SOBHAH-5f4aea1140,sobhaheartland,55.307599,25.176747,12.0,4,,,,,,,,,UNKNOWN,,,0.0,,,,,,,False
DXB-SOBHAH-f3f45b7aaa,sobhaheartland,55.307665,25.176552,12.0,4,,,,,,,,,UNKNOWN,,,0.0,,,,,,,False
DXB-SOBHAH-36da8df84c,sobhaheartland,55.307635,25.176394,12.0,4,,,,,,,,,UNKNOWN,,,0.0,,,,,,,False
DXB-SOBHAH-910a4d2205,sobhaheartland,55.30772,25.176244,12.0,4,,,,,,,,,UNKNOWN,,,0.0,,,,,,,False
DXB-SOBHAH-7705f9fa0e,sobhaheartland,55.307679,25.176058,12.0,4,,,,,,,,,UNKNOWN,,,0.0,,,,,,,False
DXB-SOBHAH-f33982899f,sobhaheartland,55.307732,25.175883,12.0,4,,,,,,,,,UNKNOWN,,,0.0,,,,,,,False
DXB-SOBHAH-ab0f2d2dde,sobhaheartland,55.307703,25.175724,12.0,4,,,,,,,,,UNKNOWN,,,0.0,,,,,,,False
DXB-SOBHAH-812c59d263,sobhaheartland,55.307803,25.175565,12.0,4,,,,,,,,,UNKNOWN,,,0.0,,,,,,,False
DXB-SOBHAH-cd5f8da9ad,sobhaheartland,55.307743,25.175387,12.0,4,,,,,,,,,UNKNOWN,,,0.0,,,,,,,False
DXB-SOBHAH-686bc0ad15,sobhaheartland,55.307796,25.175215,12.0,4,,,,,,,,,UNKNOWN,,,0.0,,,,,,,False
DXB-SOBHAH-009de7653a,sobhaheartland,55.308106,25.17525,12.0,4,,,,,,,,,UNKNOWN,,,0.0,,,,,,,False
DXB-SOBHAH-86a7867fc8,sobhaheartland,55.308076,25.175459,12.0,4,,,,,,,,,UNKNOWN,,,0.0,,,,,,,False
DXB-SOBHAH-b5cb415b58,sobhaheartland,55.308093,25.175616,12.0,4,,,,,,,,,UNKNOWN,,,0.0,,,,,,,False
DXB-SOBHAH-94f2d2af59,sobhaheartland,55.308033,25.175776,12.0,4,,,,,,,,,UNKNOWN,,,0.0,,,,,,,False
DXB-SOBHAH-8ae0b4abf1,sobhaheartland,55.30808,25.175939,12.0,4,,,,,,,,,UNKNOWN,,,0.0,,,,,,,False
DXB-SOBHAH-c20720884b,sobhaheartland,55.308014,25.176126,12.0,4,,,,,,,,,UNKNOWN,,,0.0,,,,,,,False
DXB-SOBHAH-dcfd5fed1d,sobhaheartland,55.308025,25.176283,12.0,4,,,,,,,,,UNKNOWN,,,0.0,,,,,,,False
DXB-SOBHAH-2621f76ff0,sobhaheartland,55.307967,25.176444,12.0,4,,,,,,,,,UNKNOWN,,,0.0,,,,,,,False
DXB-SOBHAH-3cb486f6f6,sobhaheartland,55.308002,25.176618,12.0,4,,,,,,,,,UNKNOWN,,,0.0,,,,,,,False
DXB-SOBHAH-2ce97a2bb3,sobhaheartland,55.307949,25.176793,12.0,4,,,,,,,,,UNKNOWN,,,0.0,,,,,,,False
DXB-SOBHAH-3b799ff0dc,sobhaheartland,55.307943,25.176956,12.0,4,,,,,,,,,UNKNOWN,,,0.0,,,,,,,False
DXB-SOBHAH-d425d96766,sobhaheartland,55.3076,25.177222,12.0,4,,,,,,,,,UNKNOWN,,,0.0,,,,,,,False
DXB-SOBHAH-fcf94b5154,sobhaheartland,55.307801,25.175068,12.0,4,,,,,,,,,UNKNOWN,,,0.0,,,,,,,False
DXB-SOBHAH-b7d5a0833d,sobhaheartland,55.30759,25.177071,12.0,4,,,,,,,,,UNKNOWN,,,0.0,,,,,,,False
DXB-SOBHAH-52f3deb50c,sobhaheartland,55.307941,25.17713,12.0,4,,,,,,,,,UNKNOWN,,,0.0,,,,,,,False
DXB-SOBHAH-fc3b3111d8,sobhaheartland,55.307346,25.174932,12.0,4,,,,,,,,,UNKNOWN,,,0.0,,,,,,,False
DXB-SOBHAH-8cac266730,sobhaheartland,55.308097,25.177502,12.0,4,,,,,,,,,UNKNOWN,,,0.0,,,,,,,False
DXB-SOBHAH-6c223d9f40,sobhaheartland,55.310866,25.175296,12.0,4,,,,,,,,,UNKNOWN,,,0.0,,,,,,,False
DXB-SOBHAH-3688f31633,sobhaheartland,55.306699,25.177319,12.0,4,,,,,,,,,UNKNOWN,,,0.0,,,,,,,False
DXB-SOBHAH-daeff299f3,sobhaheartland,55.306729,25.174892,12.0,4,,,,,,,,,UNKNOWN,,,0.0,,,,,,,False
DXB-SOBHAH-d996b70ddd,sobhaheartland,55.307795,25.174929,12.0,4,,,,,,,,,UNKNOWN,,,0.0,,,,,,,False
DXB-SOBHAH-bc7dcdbb4e,sobhaheartland,55.307604,25.17737,12.0,4,,,,,,,,,UNKNOWN,,,0.0,,,,,,,False
DXB-SOBHAH-680db0a9ab,sobhaheartland,55.308792,25.17859,110.0,30,Maybach Six - TOWER A,Maybach Six - TOWER A,BUILDING_NAME,Maybach Six - TOWER A,,,,,VERIFIED,dld,dld,0.92,0.0,True,Binsina Pharmacy One Park Avenue,,,DLD transactions register building name (name match),False
DXB-SOBHAH-0cb8359d81,sobhaheartland,55.309913,25.178936,140.0,39,,Al Sheraifi Project ( Hotel ),BUILDING_NAME,Al Sheraifi Project ( Hotel ),,,,,INFERRED,places,places,0.7,0.0,True,,,,place search on the footprint centroid (general_contractor),True
DXB-SOBHAH-b0d8b469c8,sobhaheartland,55.309449,25.177829,60.0,16,,OYO 755 Home Sobha Greens,BUILDING_NAME,OYO 755 Home Sobha Greens,,,,,INFERRED,overture_place,overture_place,0.681,0.0,True,,,,Overture place 'hotel' inside/next to the footprint,True
DXB-SOBHAH-227cabb4ec,sobhaheartland,55.30879,25.177745,60.0,16,,,,,,,,,UNKNOWN,,,0.0,,,,,,,False
DXB-SOBHAH-54db5da56d,sobhaheartland,55.310115,25.178003,41.4,12,,,,,,,,,UNKNOWN,,,0.0,,,,,Ellington,,False
DXB-SOBHAH-d35dfa9370,sobhaheartland,55.311311,25.177119,25.0,7,,Roasters Specialty Coffee House Sobha Hartland,BUILDING_NAME,Roasters Specialty Coffee House Sobha Hartland,,,,,INFERRED,places,places,0.63,8.7,False,,,,place search on the footprint centroid (cafe),True
DXB-SOBHAH-9115d89702,sobhaheartland,55.311406,25.176984,15.0,4,,Roasters Specialty Coffee House Sobha Hartland,BUILDING_NAME,Roasters Specialty Coffee House Sobha Hartland,,,,,INFERRED,places,places,0.7,0.0,True,,,,place search on the footprint centroid (cafe),True
DXB-SOBHAH-471a5069c7,sobhaheartland,55.311649,25.177266,40.0,12,Oxford Terraces,Oxford Terraces,BUILDING_NAME,Oxford Terraces,,,,,VERIFIED,dld,dld,0.92,0.0,True,"Life GP Clinic - Sobha Hartland, Meydan",,,DLD transactions register building name (name match),False
DXB-SOBHAH-ce8e7f1c2a,sobhaheartland,55.312034,25.175729,12.0,4,,,,,,,,,UNKNOWN,,,0.0,,,,,,,False
DXB-SOBHAH-982e268204,sobhaheartland,55.312096,25.175608,12.0,4,,,,,,,,,UNKNOWN,,,0.0,,,,,,,False
DXB-SOBHAH-70253090d5,sobhaheartland,55.312164,25.17693,12.0,4,,,,,,,,,UNKNOWN,,,0.0,,,,,,,False
DXB-SOBHAH-cc5c73b707,sobhaheartland,55.312304,25.178452,12.0,4,,,,,,,,,UNKNOWN,,,0.0,,,,,,,False
DXB-SOBHAH-605554ff46,sobhaheartland,55.311246,25.178013,12.0,4,,,,,,,,,UNKNOWN,,,0.0,,,,,,,False
DXB-SOBHAH-4368ad34b1,sobhaheartland,55.310995,25.177814,12.0,4,,,,,,,,,UNKNOWN,,,0.0,,,,,,,False
DXB-SOBHAH-5092479f3c,sobhaheartland,55.310913,25.177899,12.0,4,Wilton Park Residences,Wilton Park Residences,BUILDING_NAME,Wilton Park Residences,,,,,INFERRED,register,register,0.9,0.0,True,,,ellington,carried on the footprint by build_anchors,False
DXB-SOBHAH-c81d3e9338,sobhaheartland,55.31101,25.177917,12.0,4,,,,,,,,,UNKNOWN,,,0.0,,,,,,,False
DXB-SOBHAH-2c0efea8e6,sobhaheartland,55.310761,25.179062,12.0,4,,,,,,,,,UNKNOWN,,,0.0,,,,,,,False
DXB-SOBHAH-ffd2c12267,sobhaheartland,55.310442,25.179187,12.0,4,,,,,,,,,UNKNOWN,,,0.0,,,,,,,False
DXB-SOBHAH-c51547a571,sobhaheartland,55.310522,25.179151,12.0,4,,,,,,,,,UNKNOWN,,,0.0,,,,,,,False
DXB-SOBHAH-d8a8603051,sobhaheartland,55.310455,25.179113,12.0,4,,,,,,,,,UNKNOWN,,,0.0,,,,,,,False
DXB-SOBHAH-9f86bb0d09,sobhaheartland,55.31053,25.179076,12.0,4,,,,,,,,,UNKNOWN,,,0.0,,,,,,,False
DXB-SOBHAH-e32c950462,sobhaheartland,55.291932,25.175133,12.0,4,,,,,,,,,UNKNOWN,,,0.0,,,,,,,False
DXB-SOBHAH-dfa5ae66e1,sobhaheartland,55.291961,25.175083,12.0,4,,,,,,,,,UNKNOWN,,,0.0,,,,,,,False
DXB-SOBHAH-83c1301854,sobhaheartland,55.291985,25.175054,12.0,4,,,,,,,,,UNKNOWN,,,0.0,,,,,,,False
DXB-SOBHAH-e3d7a6ba19,sobhaheartland,55.291993,25.175012,12.0,4,,,,,,,,,UNKNOWN,,,0.0,,,,,,,False
DXB-SOBHAH-53c340966d,sobhaheartland,55.291913,25.174874,12.0,4,,,,,,,,,UNKNOWN,,,0.0,,,,,,,False
DXB-SOBHAH-fa7d39dec9,sobhaheartland,55.291876,25.174941,12.0,4,,,,,,,,,UNKNOWN,,,0.0,,,,,,,False
DXB-SOBHAH-ca4df79ece,sobhaheartland,55.291546,25.175043,12.0,4,,,,,,,,,UNKNOWN,,,0.0,,,,,,,False
DXB-SOBHAH-cedc1c52f3,sobhaheartland,55.291482,25.175028,12.0,4,,,,,,,,,UNKNOWN,,,0.0,,,,,,,False
DXB-SOBHAH-a958987afb,sobhaheartland,55.291451,25.175085,12.0,4,,,,,,,,,UNKNOWN,,,0.0,,,,,,,False
DXB-SOBHAH-677fb07196,sobhaheartland,55.291255,25.175089,12.0,4,,,,,,,,,UNKNOWN,,,0.0,,,,,,,False
DXB-SOBHAH-f262e9cdb1,sobhaheartland,55.291149,25.175147,12.0,4,,,,,,,,,UNKNOWN,,,0.0,,,,,,,False
DXB-SOBHAH-91eab03728,sobhaheartland,55.291034,25.175196,12.0,4,,,,,,,,,UNKNOWN,,,0.0,,,,,,,False
DXB-SOBHAH-d962fdec59,sobhaheartland,55.291286,25.175291,12.0,4,,,,,,,,,UNKNOWN,,,0.0,,,,,,,False
DXB-SOBHAH-7c782b16dd,sobhaheartland,55.291324,25.175144,12.0,4,,,,,,,,,UNKNOWN,,,0.0,,,,,,,False
DXB-SOBHAH-e3934e11be,sobhaheartland,55.291273,25.175168,12.0,4,,,,,,,,,UNKNOWN,,,0.0,,,,,,,False
DXB-SOBHAH-dd4ce7ad64,sobhaheartland,55.291216,25.175195,12.0,4,,,,,,,,,UNKNOWN,,,0.0,,,,,,,False
DXB-SOBHAH-d1054c8f32,sobhaheartland,55.29111,25.175249,12.0,4,,,,,,,,,UNKNOWN,,,0.0,,,,,,,False
DXB-SOBHAH-d2caf78d93,sobhaheartland,55.291059,25.17527,12.0,4,,,,,,,,,UNKNOWN,,,0.0,,,,,,,False
DXB-SOBHAH-1b61f2d2e8,sobhaheartland,55.291004,25.175296,12.0,4,,,,,,,,,UNKNOWN,,,0.0,,,,,,,False
DXB-SOBHAH-909b9268db,sobhaheartland,55.291252,25.175524,12.0,4,,,,,,,,,UNKNOWN,,,0.0,,,,,,,False
DXB-SOBHAH-5782d1456d,sobhaheartland,55.292188,25.175394,12.0,4,,,,,,,,,UNKNOWN,,,0.0,,,,,,,False
DXB-SOBHAH-777ae1dd8b,sobhaheartland,55.29215,25.1754,12.0,4,,,,,,,,,UNKNOWN,,,0.0,,,,,,,False
DXB-SOBHAH-cf05a209c8,sobhaheartland,55.292113,25.175406,12.0,4,,,,,,,,,UNKNOWN,,,0.0,,,,,,,False
DXB-SOBHAH-f2e4f3b15f,sobhaheartland,55.291982,25.175441,12.0,4,,,,,,,,,UNKNOWN,,,0.0,,,,,,,False
DXB-SOBHAH-b1b7f34865,sobhaheartland,55.292,25.17536,12.0,4,,,,,,,,,UNKNOWN,,,0.0,,,,,,,False
DXB-SOBHAH-8861104ba5,sobhaheartland,55.29182,25.175417,12.0,4,,,,,,,,,UNKNOWN,,,0.0,,,,,,,False
DXB-SOBHAH-fe3e8e47c4,sobhaheartland,55.291478,25.175431,12.0,4,,,,,,,,,UNKNOWN,,,0.0,,,,,,,False
DXB-SOBHAH-136f2e3d76,sobhaheartland,55.289475,25.175522,12.0,4,,,,,,,,,UNKNOWN,,,0.0,,,,,,,False
DXB-SOBHAH-6e96ccddce,sobhaheartland,55.291467,25.179059,12.0,4,,,,,,,,,UNKNOWN,,,0.0,,,,,,,False
DXB-SOBHAH-beefb44e18,sobhaheartland,55.291522,25.175102,12.0,4,,,,,,,,,UNKNOWN,,,0.0,,,,,,,False
DXB-SOBHAH-7f2de9a0eb,sobhaheartland,55.291162,25.175222,12.0,4,,,,,,,,,UNKNOWN,,,0.0,,,,,,,False
DXB-SOBHAH-7be2ed993f,sobhaheartland,55.280506,25.17828,12.0,4,,,,,,,,,UNKNOWN,,,0.0,,,,,,,False
DXB-SOBHAH-fca2f856a1,sobhaheartland,55.280601,25.178244,12.0,4,,,,,,,,,UNKNOWN,,,0.0,,,,,,,False
DXB-SOBHAH-148e44bf2d,sobhaheartland,55.280554,25.17831,12.0,4,,,,,,,,,UNKNOWN,,,0.0,,,,,,,False
DXB-SOBHAH-c16af00dd6,sobhaheartland,55.280703,25.178346,12.0,4,,,,,,,,,UNKNOWN,,,0.0,,,,,,,False
DXB-SOBHAH-45d1fe66aa,sobhaheartland,55.280681,25.178395,12.0,4,,,,,,,,,UNKNOWN,,,0.0,,,,,,,False
DXB-SOBHAH-452a691179,sobhaheartland,55.280749,25.178368,12.0,4,,,,,,,,,UNKNOWN,,,0.0,,,,,,,False
DXB-SOBHAH-8db4f6eb9a,sobhaheartland,55.280774,25.178471,12.0,4,,,,,,,,,UNKNOWN,,,0.0,,,,,,,False
DXB-SOBHAH-56eb300c1a,sobhaheartland,55.28065,25.178426,12.0,4,,,,,,,,,UNKNOWN,,,0.0,,,,,,,False
DXB-SOBHAH-02be3e3ac4,sobhaheartland,55.28043,25.178346,12.0,4,,,,,,,,,UNKNOWN,,,0.0,,,,,,,False
DXB-SOBHAH-dfb99c6c71,sobhaheartland,55.284121,25.176702,12.0,4,,,,,,,,,UNKNOWN,,,0.0,,,,,,,False
DXB-SOBHAH-a92384ce5a,sobhaheartland,55.283622,25.176306,12.0,4,,,,,,,,,UNKNOWN,,,0.0,,,,,,,False
DXB-SOBHAH-154858da00,sobhaheartland,55.307114,25.179701,12.0,4,,,,,,,,,UNKNOWN,,,0.0,,,,,,,False
DXB-SOBHAH-329872cde4,sobhaheartland,55.285659,25.158062,12.0,4,Residence 2,Residence 2,BUILDING_NAME,Residence 2,,,,,MATCHED,osm,osm,0.9,0.0,True,,,,carried on the footprint by build_anchors,False
DXB-SOBHAH-2f20b08a27,sobhaheartland,55.285188,25.158136,12.0,4,Residence 3,Residence 3,BUILDING_NAME,Residence 3,,,,,MATCHED,osm,osm,0.9,0.0,True,,,,carried on the footprint by build_anchors,False
DXB-SOBHAH-d17fbaa196,sobhaheartland,55.286827,25.158273,12.0,4,Residence 17,Residence 17,BUILDING_NAME,Residence 17,,,,,MATCHED,osm,osm,0.9,0.0,True,,,,carried on the footprint by build_anchors,False
DXB-SOBHAH-7605fbc3ff,sobhaheartland,55.28723,25.15864,12.0,4,Residence 18,Residence 18,BUILDING_NAME,Residence 18,,,,,MATCHED,osm,osm,0.9,0.0,True,,,,carried on the footprint by build_anchors,False
DXB-SOBHAH-51b189a196,sobhaheartland,55.287545,25.15897,12.0,4,Residence 19,Residence 19,BUILDING_NAME,Residence 19,,,,,MATCHED,osm,osm,0.9,0.0,True,,,,carried on the footprint by build_anchors,False
DXB-SOBHAH-23f549a6fb,sobhaheartland,55.287878,25.159305,12.0,4,Residence 20,Residence 20,BUILDING_NAME,Residence 20,,,,,MATCHED,osm,osm,0.9,0.0,True,,,,carried on the footprint by build_anchors,False
DXB-SOBHAH-76d1e22a92,sobhaheartland,55.288239,25.159639,12.0,4,Residence 21,Residence 21,BUILDING_NAME,Residence 21,,,,,MATCHED,osm,osm,0.9,0.0,True,,,,carried on the footprint by build_anchors,False
DXB-SOBHAH-099aced64a,sobhaheartland,55.288633,25.159925,12.0,4,Residence 22,Residence 22,BUILDING_NAME,Residence 22,,,,,MATCHED,osm,osm,0.9,0.0,True,,,,carried on the footprint by build_anchors,False
DXB-SOBHAH-bac787e928,sobhaheartland,55.289189,25.160218,12.0,4,Residence 23,Residence 23,BUILDING_NAME,Residence 23,,,,,MATCHED,osm,osm,0.9,0.0,True,,,,carried on the footprint by build_anchors,False
DXB-SOBHAH-ee28928dde,sobhaheartland,55.289656,25.160391,12.0,4,Residence 24,Residence 24,BUILDING_NAME,Residence 24,,,,,MATCHED,osm,osm,0.9,0.0,True,,,,carried on the footprint by build_anchors,False
DXB-SOBHAH-02d53964a7,sobhaheartland,55.290142,25.160645,12.0,4,Residence 25,Residence 25,BUILDING_NAME,Residence 25,,,,,MATCHED,osm,osm,0.9,0.0,True,,,,carried on the footprint by build_anchors,False
DXB-SOBHAH-6b675ad142,sobhaheartland,55.290592,25.161036,12.0,4,Residence 26,Residence 26,BUILDING_NAME,Residence 26,,,,,MATCHED,osm,osm,0.9,0.0,True,,,,carried on the footprint by build_anchors,False
DXB-SOBHAH-3343ca96e9,sobhaheartland,55.290877,25.161445,12.0,4,Residence 27,Residence 27,BUILDING_NAME,Residence 27,,,,,MATCHED,osm,osm,0.9,0.0,True,,,,carried on the footprint by build_anchors,False
DXB-SOBHAH-3e1f92ac94,sobhaheartland,55.29107,25.161883,12.0,4,Residence 28,Residence 28,BUILDING_NAME,Residence 28,,,,,MATCHED,osm,osm,0.9,0.0,True,,,,carried on the footprint by build_anchors,False
DXB-SOBHAH-124247abcc,sobhaheartland,55.291205,25.162332,12.0,4,Residence 29,Residence 29,BUILDING_NAME,Residence 29,,,,,MATCHED,osm,osm,0.9,0.0,True,,,,carried on the footprint by build_anchors,False
DXB-SOBHAH-a0254e4afb,sobhaheartland,55.291335,25.162767,12.0,4,Residence 30,Residence 30,BUILDING_NAME,Residence 30,,,,,MATCHED,osm,osm,0.9,0.0,True,,,,carried on the footprint by build_anchors,False
DXB-SOBHAH-cb03949f0c,sobhaheartland,55.291476,25.163202,12.0,4,Residence 31,Residence 31,BUILDING_NAME,Residence 31,,,,,MATCHED,osm,osm,0.9,0.0,True,,,,carried on the footprint by build_anchors,False
DXB-SOBHAH-30e4213914,sobhaheartland,55.307457,25.179407,12.0,4,,,,,,,,,UNKNOWN,,,0.0,,,,,,,False
DXB-SOBHAH-54cfc7f374,sobhaheartland,55.29357,25.167532,12.0,4,,,,,,,,,UNKNOWN,,,0.0,,,,,,,False
DXB-SOBHAH-141e0ccfed,sobhaheartland,55.293526,25.167557,12.0,4,,,,,,,,,UNKNOWN,,,0.0,,,,,,,False
DXB-SOBHAH-8624515008,sobhaheartland,55.293671,25.167512,12.0,4,,,,,,,,,UNKNOWN,,,0.0,,,,,,,False
DXB-SOBHAH-df493f3210,sobhaheartland,55.294069,25.166997,12.0,4,,,,,,,,,UNKNOWN,,,0.0,,,,,,,False
DXB-SOBHAH-11a658ec0e,sobhaheartland,55.294098,25.167298,12.0,4,,,,,,,,,UNKNOWN,,,0.0,,,,,,,False
DXB-SOBHAH-89306de931,sobhaheartland,55.29414,25.167276,12.0,4,,,,,,,,,UNKNOWN,,,0.0,,,,,,,False
DXB-SOBHAH-5fe6d6170a,sobhaheartland,55.293874,25.16721,12.0,4,,,,,,,,,UNKNOWN,,,0.0,,,,,,,False
DXB-SOBHAH-fae70cd452,sobhaheartland,55.293814,25.167031,12.0,4,,,,,,,,,UNKNOWN,,,0.0,,,,,,,False
DXB-SOBHAH-441a074969,sobhaheartland,55.293655,25.167121,12.0,4,,,,,,,,,UNKNOWN,,,0.0,,,,,,,False
DXB-SOBHAH-bfc49caecc,sobhaheartland,55.293076,25.166574,12.0,4,,,,,,,,,UNKNOWN,,,0.0,,,,,,,False
DXB-SOBHAH-4e41dc5fd6,sobhaheartland,55.292922,25.166711,12.0,4,,,,,,,,,UNKNOWN,,,0.0,,,,,,,False
DXB-SOBHAH-b306079747,sobhaheartland,55.293151,25.167699,12.0,4,,,,,,,,,UNKNOWN,,,0.0,,,,,,,False
DXB-SOBHAH-aed8f2549e,sobhaheartland,55.293027,25.167612,12.0,4,,,,,,,,,UNKNOWN,,,0.0,,,,,,,False
DXB-SOBHAH-fdda685d9e,sobhaheartland,55.293179,25.167284,12.0,4,,,,,,,,,UNKNOWN,,,0.0,,,,,,,False
DXB-SOBHAH-a0ef54688d,sobhaheartland,55.293448,25.166842,12.0,4,Meydan Business Park Phase 1,MEYDAN BUSINESS PARK PHASE 1,BUILDING_NAME,MEYDAN BUSINESS PARK PHASE 1,,,,,VERIFIED,dld,dld,0.92,0.0,True,,,,DLD units register building name (name match),False
DXB-SOBHAH-106431499e,sobhaheartland,55.293697,25.166729,12.0,4,,,,,,,,,UNKNOWN,,,0.0,,,,,,,False
DXB-SOBHAH-3e4d47d30d,sobhaheartland,55.293785,25.166672,12.0,4,,,,,,,,,UNKNOWN,,,0.0,,,,,,,False
DXB-SOBHAH-03d561c93e,sobhaheartland,55.294011,25.166571,12.0,4,,,,,,,,,UNKNOWN,,,0.0,,,,,,,False
DXB-SOBHAH-30f67decbf,sobhaheartland,55.29373,25.165986,12.0,4,,,,,,,,,UNKNOWN,,,0.0,,,,,,,False
DXB-SOBHAH-a95f999457,sobhaheartland,55.293565,25.167788,12.0,4,,,,,,,,,UNKNOWN,,,0.0,,,,,,,False
DXB-SOBHAH-43e3c7f9c8,sobhaheartland,55.293558,25.167758,12.0,4,,,,,,,,,UNKNOWN,,,0.0,,,,,,,False
DXB-SOBHAH-82399a528e,sobhaheartland,55.293559,25.167723,12.0,4,,,,,,,,,UNKNOWN,,,0.0,,,,,,,False
DXB-SOBHAH-68be2d00fb,sobhaheartland,55.293739,25.167714,12.0,4,,,,,,,,,UNKNOWN,,,0.0,,,,,,,False
DXB-SOBHAH-49455f6792,sobhaheartland,55.29374,25.167744,12.0,4,,,,,,,,,UNKNOWN,,,0.0,,,,,,,False
DXB-SOBHAH-49617dc4f9,sobhaheartland,55.293738,25.167784,12.0,4,,,,,,,,,UNKNOWN,,,0.0,,,,,,,False
DXB-SOBHAH-9c4209b589,sobhaheartland,55.293387,25.167787,12.0,4,,,,,,,,,UNKNOWN,,,0.0,,,,,,,False
DXB-SOBHAH-3dc0230e37,sobhaheartland,55.293457,25.167787,12.0,4,,,,,,,,,UNKNOWN,,,0.0,,,,,,,False
DXB-SOBHAH-fd5488e8d1,sobhaheartland,55.293624,25.167789,12.0,4,,,,,,,,,UNKNOWN,,,0.0,,,,,,,False
DXB-SOBHAH-45f4b0917a,sobhaheartland,55.293673,25.167789,12.0,4,,,,,,,,,UNKNOWN,,,0.0,,,,,,,False
DXB-SOBHAH-9bd664c6b1,sobhaheartland,55.293677,25.167755,12.0,4,,,,,,,,,UNKNOWN,,,0.0,,,,,,,False
DXB-SOBHAH-82d612f01e,sobhaheartland,55.293618,25.167758,12.0,4,,,,,,,,,UNKNOWN,,,0.0,,,,,,,False
DXB-SOBHAH-a4c64ecc92,sobhaheartland,55.293631,25.167727,12.0,4,,,,,,,,,UNKNOWN,,,0.0,,,,,,,False
DXB-SOBHAH-a7142bc106,sobhaheartland,55.294077,25.165213,12.0,4,,,,,,,,,UNKNOWN,,,0.0,,,,,,,False
DXB-SOBHAH-bde113dc6b,sobhaheartland,55.293817,25.165354,12.0,4,,,,,,,,,UNKNOWN,,,0.0,,,,,,,False
DXB-SOBHAH-a3088f471f,sobhaheartland,55.29361,25.16549,12.0,4,,,,,,,,,UNKNOWN,,,0.0,,,,,,,False
DXB-SOBHAH-cabf205472,sobhaheartland,55.293444,25.165454,12.0,4,,,,,,,,,UNKNOWN,,,0.0,,,,,,,False
DXB-SOBHAH-978a2b495c,sobhaheartland,55.295659,25.164977,12.0,4,,,,,,,,,UNKNOWN,,,0.0,,,,,,,False
DXB-SOBHAH-eed4901d01,sobhaheartland,55.301265,25.166597,12.0,4,,,,,,,,,UNKNOWN,,,0.0,,,,,,,False
DXB-SOBHAH-f3783d0877,sobhaheartland,55.286349,25.158217,12.0,4,,,,,,,,,UNKNOWN,,,0.0,,,,,,,False
DXB-SOBHAH-41f2838bad,sobhaheartland,55.285872,25.158297,12.0,4,,,,,,,,,UNKNOWN,,,0.0,,,,,,,False
DXB-SOBHAH-c820c205d7,sobhaheartland,55.285385,25.158361,12.0,4,,,,,,,,,UNKNOWN,,,0.0,,,,,,,False
DXB-SOBHAH-90328f330d,sobhaheartland,55.288094,25.169874,12.0,4,,,,,,,,,UNKNOWN,,,0.0,,,,,,,False
DXB-SOBHAH-6e8fe14ec0,sobhaheartland,55.288004,25.169751,12.0,4,,,,,,,,,UNKNOWN,,,0.0,,,,,,,False
DXB-SOBHAH-cd2af558fa,sobhaheartland,55.281459,25.157505,12.0,4,,,,,,,,,UNKNOWN,,,0.0,,,,,,,False
DXB-SOBHAH-35eb9f0347,sobhaheartland,55.281409,25.157433,12.0,4,,,,,,,,,UNKNOWN,,,0.0,,,,,,,False
DXB-SOBHAH-a35b19a8c8,sobhaheartland,55.28132,25.155315,12.0,4,,,,,,,,,UNKNOWN,,,0.0,,,,,,,False
DXB-SOBHAH-3d83b528ba,sobhaheartland,55.281479,25.157814,12.0,4,,,,,,,,,UNKNOWN,,,0.0,,,,,,,False
DXB-SOBHAH-e7ffd51a79,sobhaheartland,55.281607,25.157829,12.0,4,,,,,,,,,UNKNOWN,,,0.0,,,,,,,False
DXB-SOBHAH-6ad7eabc8c,sobhaheartland,55.281535,25.157748,12.0,4,,,,,,,,,UNKNOWN,,,0.0,,,,,,,False
DXB-SOBHAH-e48663bc2a,sobhaheartland,55.281463,25.157668,12.0,4,,,,,,,,,UNKNOWN,,,0.0,,,,,,,False
DXB-SOBHAH-63d2be7ec7,sobhaheartland,55.28148,25.15372,12.0,4,,,,,,,,,UNKNOWN,,,0.0,,,,,,,False
DXB-SOBHAH-cb64d82a55,sobhaheartland,55.285932,25.155435,12.0,4,,,,,,,,,UNKNOWN,,,0.0,,,,,,,False
DXB-SOBHAH-0bd304c99e,sobhaheartland,55.29588,25.165065,12.0,4,,,,,,,,,UNKNOWN,,,0.0,,,,,,,False
DXB-SOBHAH-3e001b3085,sobhaheartland,55.29311,25.165504,12.0,4,,,,,,,,,UNKNOWN,,,0.0,,,,,,,False
DXB-SOBHAH-b19541836c,sobhaheartland,55.293155,25.165666,12.0,4,,,,,,,,,UNKNOWN,,,0.0,,,,,,,False
DXB-SOBHAH-c818be0037,sobhaheartland,55.283281,25.168782,12.0,4,,,,,,,,,UNKNOWN,,,0.0,,,,,,,False
DXB-SOBHAH-50b8659dd0,sobhaheartland,55.283404,25.16873,12.0,4,,,,,,,,,UNKNOWN,,,0.0,,,,,,,False
DXB-SOBHAH-7f300d34df,sobhaheartland,55.283375,25.168678,12.0,4,,,,,,,,,UNKNOWN,,,0.0,,,,,,,False
DXB-SOBHAH-2ecb080cc8,sobhaheartland,55.283253,25.168728,12.0,4,,,,,,,,,UNKNOWN,,,0.0,,,,,,,False
DXB-SOBHAH-8586b5531f,sobhaheartland,55.283133,25.168778,12.0,4,,,,,,,,,UNKNOWN,,,0.0,,,,,,,False
DXB-SOBHAH-d6683a0d2d,sobhaheartland,55.283154,25.168826,12.0,4,,,,,,,,,UNKNOWN,,,0.0,,,,,,,False
DXB-SOBHAH-c82cc8fe9d,sobhaheartland,55.283426,25.168783,12.0,4,,,,,,,,,UNKNOWN,,,0.0,,,,,,,False
DXB-SOBHAH-8dec36ee8c,sobhaheartland,55.283305,25.168834,12.0,4,,,,,,,,,UNKNOWN,,,0.0,,,,,,,False
DXB-SOBHAH-c7b2526903,sobhaheartland,55.283181,25.168888,12.0,4,,,,,,,,,UNKNOWN,,,0.0,,,,,,,False
DXB-SOBHAH-0c2dcf96f8,sobhaheartland,55.283508,25.168716,12.0,4,,,,,,,,,UNKNOWN,,,0.0,,,,,,,False
DXB-SOBHAH-5b183a8b65,sobhaheartland,55.28307,25.168704,12.0,4,,,,,,,,,UNKNOWN,,,0.0,,,,,,,False
DXB-SOBHAH-7c9ab4d0fc,sobhaheartland,55.283192,25.168656,12.0,4,,,,,,,,,UNKNOWN,,,0.0,,,,,,,False
DXB-SOBHAH-b8640d6ec1,sobhaheartland,55.283136,25.168677,12.0,4,,,,,,,,,UNKNOWN,,,0.0,,,,,,,False
DXB-SOBHAH-38f5790237,sobhaheartland,55.28309,25.168565,12.0,4,,,,,,,,,UNKNOWN,,,0.0,,,,,,,False
DXB-SOBHAH-6340875dc0,sobhaheartland,55.283144,25.168542,12.0,4,,,,,,,,,UNKNOWN,,,0.0,,,,,,,False
DXB-SOBHAH-97123a42b6,sobhaheartland,55.283263,25.168622,12.0,4,,,,,,,,,UNKNOWN,,,0.0,,,,,,,False
DXB-SOBHAH-bbc2c412ca,sobhaheartland,55.283211,25.16851,12.0,4,,,,,,,,,UNKNOWN,,,0.0,,,,,,,False
DXB-SOBHAH-5ef3aca6f4,sobhaheartland,55.283263,25.168491,12.0,4,,,,,,,,,UNKNOWN,,,0.0,,,,,,,False
DXB-SOBHAH-898c9a8a56,sobhaheartland,55.283315,25.168601,12.0,4,,,,,,,,,UNKNOWN,,,0.0,,,,,,,False
DXB-SOBHAH-b0c5b464b2,sobhaheartland,55.283382,25.168574,12.0,4,,,,,,,,,UNKNOWN,,,0.0,,,,,,,False
DXB-SOBHAH-3db27781aa,sobhaheartland,55.283219,25.168272,12.0,4,,,,,,,,,UNKNOWN,,,0.0,,,,,,,False
DXB-SOBHAH-cdc3960463,sobhaheartland,55.28327,25.168348,12.0,4,,,,,,,,,UNKNOWN,,,0.0,,,,,,,False
DXB-SOBHAH-3f52977004,sobhaheartland,55.283202,25.168381,12.0,4,,,,,,,,,UNKNOWN,,,0.0,,,,,,,False
DXB-SOBHAH-bf0d5a239a,sobhaheartland,55.28339,25.168145,12.0,4,,,,,,,,,UNKNOWN,,,0.0,,,,,,,False
DXB-SOBHAH-2dbe8b7886,sobhaheartland,55.284147,25.168148,12.0,4,,,,,,,,,UNKNOWN,,,0.0,,,,,,,False
DXB-SOBHAH-b2ed427645,sobhaheartland,55.284765,25.168301,12.0,4,,,,,,,,,UNKNOWN,,,0.0,,,,,,,False
DXB-SOBHAH-7fdde7f58c,sobhaheartland,55.284579,25.168402,12.0,4,,,,,,,,,UNKNOWN,,,0.0,,,,,,,False
DXB-SOBHAH-8c927f6202,sobhaheartland,55.284462,25.168323,12.0,4,,,,,,,,,UNKNOWN,,,0.0,,,,,,,False
DXB-SOBHAH-1661da08cd,sobhaheartland,55.284218,25.168265,12.0,4,,,,,,,,,UNKNOWN,,,0.0,,,,,,,False
DXB-SOBHAH-93cc3a31a8,sobhaheartland,55.283977,25.168883,12.0,4,,,,,,,,,UNKNOWN,,,0.0,,,,,,,False
DXB-SOBHAH-21d53e55d9,sobhaheartland,55.284118,25.168855,12.0,4,,,,,,,,,UNKNOWN,,,0.0,,,,,,,False
DXB-SOBHAH-183cb10e4c,sobhaheartland,55.284196,25.168617,12.0,4,,,,,,,,,UNKNOWN,,,0.0,,,,,,,False
DXB-SOBHAH-26ea33de04,sobhaheartland,55.284324,25.168561,12.0,4,,,,,,,,,UNKNOWN,,,0.0,,,,,,,False
DXB-SOBHAH-67712105a1,sobhaheartland,55.284297,25.168519,12.0,4,,,,,,,,,UNKNOWN,,,0.0,,,,,,,False
DXB-SOBHAH-bcc4915697,sobhaheartland,55.284776,25.168842,12.0,4,,,,,,,,,UNKNOWN,,,0.0,,,,,,,False
DXB-SOBHAH-52d060228b,sobhaheartland,55.284843,25.168823,12.0,4,,,,,,,,,UNKNOWN,,,0.0,,,,,,,False
DXB-SOBHAH-fc4195241d,sobhaheartland,55.284758,25.16876,12.0,4,,,,,,,,,UNKNOWN,,,0.0,,,,,,,False
DXB-SOBHAH-de9f35cddc,sobhaheartland,55.285427,25.170711,12.0,4,,,,,,,,,UNKNOWN,,,0.0,,,,,,,False
DXB-SOBHAH-af25a7e9c9,sobhaheartland,55.285684,25.170634,12.0,4,,,,,,,,,UNKNOWN,,,0.0,,,,,,,False
DXB-SOBHAH-64bb43b636,sobhaheartland,55.285382,25.170716,12.0,4,,,,,,,,,UNKNOWN,,,0.0,,,,,,,False
DXB-SOBHAH-27dd298d24,sobhaheartland,55.28537,25.170538,12.0,4,,,,,,,,,UNKNOWN,,,0.0,,,,,,,False
DXB-SOBHAH-ab3f8a4424,sobhaheartland,55.285597,25.170515,12.0,4,,,,,,,,,UNKNOWN,,,0.0,,,,,,,False
DXB-SOBHAH-eb53f401a6,sobhaheartland,55.28519,25.170256,12.0,4,,,,,,,,,UNKNOWN,,,0.0,,,,,,,False
DXB-SOBHAH-fc4bba3a87,sobhaheartland,55.285399,25.170456,12.0,4,,,,,,,,,UNKNOWN,,,0.0,,,,,,,False
DXB-SOBHAH-3228cfb91d,sobhaheartland,55.283895,25.169112,12.0,4,,,,,,,,,UNKNOWN,,,0.0,,,,,,,False
DXB-SOBHAH-a9237b40de,sobhaheartland,55.284266,25.168434,12.0,4,,,,,,,,,UNKNOWN,,,0.0,,,,,,,False
DXB-SOBHAH-afbc7055b7,sobhaheartland,55.283499,25.168319,12.0,4,,,,,,,,,UNKNOWN,,,0.0,,,,,,,False
DXB-SOBHAH-85c615dbc5,sobhaheartland,55.28359,25.168474,12.0,4,,,,,,,,,UNKNOWN,,,0.0,,,,,,,False
DXB-SOBHAH-4ddde0ac1d,sobhaheartland,55.283685,25.168635,12.0,4,,,,,,,,,UNKNOWN,,,0.0,,,,,,,False
DXB-SOBHAH-09af7bebcb,sobhaheartland,55.29115,25.173788,12.0,4,,,,,,,,,UNKNOWN,,,0.0,,,,,,,False
DXB-SOBHAH-c6595c3e5d,sobhaheartland,55.291185,25.173852,12.0,4,,,,,,,,,UNKNOWN,,,0.0,,,,,,,False
DXB-SOBHAH-6a33d64ef9,sobhaheartland,55.29062,25.174887,12.0,4,,,,,,,,,UNKNOWN,,,0.0,,,,,,,False
DXB-SOBHAH-9fc2c08dd7,sobhaheartland,55.290746,25.174825,12.0,4,,,,,,,,,UNKNOWN,,,0.0,,,,,,,False
DXB-SOBHAH-447190050f,sobhaheartland,55.290861,25.174769,12.0,4,,,,,,,,,UNKNOWN,,,0.0,,,,,,,False
DXB-SOBHAH-623d467fd7,sobhaheartland,55.291086,25.174442,12.0,4,,,,,,,,,UNKNOWN,,,0.0,,,,,,,False
DXB-SOBHAH-fb6ff348eb,sobhaheartland,55.291145,25.174555,12.0,4,,,,,,,,,UNKNOWN,,,0.0,,,,,,,False
DXB-SOBHAH-95ee3f14cb,sobhaheartland,55.291212,25.174663,12.0,4,,,,,,,,,UNKNOWN,,,0.0,,,,,,,False
DXB-SOBHAH-5872f24542,sobhaheartland,55.291278,25.174788,12.0,4,,,,,,,,,UNKNOWN,,,0.0,,,,,,,False
DXB-SOBHAH-11ab9cf057,sobhaheartland,55.29094,25.174662,12.0,4,,,,,,,,,UNKNOWN,,,0.0,,,,,,,False
DXB-SOBHAH-453e88e09b,sobhaheartland,55.291073,25.174849,12.0,4,,,,,,,,,UNKNOWN,,,0.0,,,,,,,False
DXB-SOBHAH-b6b96069db,sobhaheartland,55.281173,25.172942,12.0,4,,,,,,,,,UNKNOWN,,,0.0,,,,,,,False
DXB-SOBHAH-0f846a09fe,sobhaheartland,55.281304,25.172664,12.0,4,,,,,,,,,UNKNOWN,,,0.0,,,,,,,False
DXB-SOBHAH-15ea8b004c,sobhaheartland,55.281426,25.17238,12.0,4,,,,,,,,,UNKNOWN,,,0.0,,,,,,,False
DXB-SOBHAH-cadae3ec83,sobhaheartland,55.281713,25.172106,12.0,4,,,,,,,,,UNKNOWN,,,0.0,,,,,,,False
DXB-SOBHAH-e8b3b86641,sobhaheartland,55.282137,25.172056,12.0,4,,,,,,,,,UNKNOWN,,,0.0,,,,,,,False
DXB-SOBHAH-f9a2658b8a,sobhaheartland,55.281177,25.173996,12.0,4,,,,,,,,,UNKNOWN,,,0.0,,,,,,,False
DXB-SOBHAH-a85a27afe1,sobhaheartland,55.28117,25.173773,12.0,4,,,,,,,,,UNKNOWN,,,0.0,,,,,,,False
DXB-SOBHAH-63b19f12d5,sobhaheartland,55.281127,25.17354,12.0,4,,,,,,,,,UNKNOWN,,,0.0,,,,,,,False
DXB-SOBHAH-94128b7490,sobhaheartland,55.281757,25.174523,12.0,4,,,,,,,,,UNKNOWN,,,0.0,,,,,,,False
DXB-SOBHAH-dc7a4a86e8,sobhaheartland,55.281673,25.174702,12.0,4,,,,,,,,,UNKNOWN,,,0.0,,,,,,,False
DXB-SOBHAH-2bc86df4b9,sobhaheartland,55.281542,25.175391,12.0,4,,,,,,,,,UNKNOWN,,,0.0,,,,,,,False
DXB-SOBHAH-eb1f434dfb,sobhaheartland,55.28133,25.175202,12.0,4,,,,,,,,,UNKNOWN,,,0.0,,,,,,,False
DXB-SOBHAH-fcf64c6e84,sobhaheartland,55.281133,25.17493,12.0,4,,,,,,,,,UNKNOWN,,,0.0,,,,,,,False
DXB-SOBHAH-f8010570a8,sobhaheartland,55.281235,25.174719,12.0,4,,,,,,,,,UNKNOWN,,,0.0,,,,,,,False
DXB-SOBHAH-9f29be0aa9,sobhaheartland,55.282639,25.172579,12.0,4,,,,,,,,,UNKNOWN,,,0.0,,,,,,,False
DXB-SOBHAH-8f4ea00606,sobhaheartland,55.282051,25.172833,12.0,4,,,,,,,,,UNKNOWN,,,0.0,,,,,,,False
DXB-SOBHAH-b18b02c672,sobhaheartland,55.282092,25.172618,12.0,4,,,,,,,,,UNKNOWN,,,0.0,,,,,,,False
DXB-SOBHAH-7677a5313c,sobhaheartland,55.281872,25.172873,12.0,4,,,,,,,,,UNKNOWN,,,0.0,,,,,,,False
DXB-SOBHAH-42800e1fb6,sobhaheartland,55.28177,25.173062,12.0,4,,,,,,,,,UNKNOWN,,,0.0,,,,,,,False
DXB-SOBHAH-eb3194c0c4,sobhaheartland,55.281738,25.173276,12.0,4,,,,,,,,,UNKNOWN,,,0.0,,,,,,,False
DXB-SOBHAH-f04f6e9895,sobhaheartland,55.281698,25.1735,12.0,4,,,,,,,,,UNKNOWN,,,0.0,,,,,,,False
DXB-SOBHAH-99baec9ae7,sobhaheartland,55.281725,25.173957,12.0,4,,,,,,,,,UNKNOWN,,,0.0,,,,,,,False
DXB-SOBHAH-b4aef4b711,sobhaheartland,55.281703,25.17417,12.0,4,,,,,,,,,UNKNOWN,,,0.0,,,,,,,False
DXB-SOBHAH-634f879609,sobhaheartland,55.281753,25.174345,12.0,4,,,,,,,,,UNKNOWN,,,0.0,,,,,,,False
DXB-SOBHAH-89c2acd567,sobhaheartland,55.282684,25.173163,12.0,4,,,,,,,,,UNKNOWN,,,0.0,,,,,,,False
DXB-SOBHAH-f0cddeeeef,sobhaheartland,55.282343,25.173362,12.0,4,,,,,,,,,UNKNOWN,,,0.0,,,,,,,False
DXB-SOBHAH-8f23b96aa3,sobhaheartland,55.282264,25.173517,12.0,4,,,,,,,,,UNKNOWN,,,0.0,,,,,,,False
DXB-SOBHAH-0a13115e5e,sobhaheartland,55.282123,25.173825,12.0,4,,,,,,,,,UNKNOWN,,,0.0,,,,,,,False
DXB-SOBHAH-deccb2f6b0,sobhaheartland,55.282149,25.174027,12.0,4,,,,,,,,,UNKNOWN,,,0.0,,,,,,,False
DXB-SOBHAH-04c643d14c,sobhaheartland,55.282206,25.174251,12.0,4,,,,,,,,,UNKNOWN,,,0.0,,,,,,,False
DXB-SOBHAH-d4ac6eb61f,sobhaheartland,55.282234,25.172496,12.0,4,,,,,,,,,UNKNOWN,,,0.0,,,,,,,False
DXB-SOBHAH-d0e1037600,sobhaheartland,55.282388,25.172817,12.0,4,,,,,,,,,UNKNOWN,,,0.0,,,,,,,False
DXB-SOBHAH-a5cf0b831c,sobhaheartland,55.282345,25.172639,12.0,4,,,,,,,,,UNKNOWN,,,0.0,,,,,,,False
DXB-SOBHAH-71b44f3232,sobhaheartland,55.282528,25.175057,12.0,4,,,,,,,,,UNKNOWN,,,0.0,,,,,,,False
DXB-SOBHAH-f128996b75,sobhaheartland,55.282289,25.175134,12.0,4,,,,,,,,,UNKNOWN,,,0.0,,,,,,,False
DXB-SOBHAH-0060a3e6a5,sobhaheartland,55.282113,25.175255,12.0,4,,,,,,,,,UNKNOWN,,,0.0,,,,,,,False
DXB-SOBHAH-7b039f2a1b,sobhaheartland,55.282819,25.173707,12.0,4,,,,,,,,,UNKNOWN,,,0.0,,,,,,,False
DXB-SOBHAH-7cb37deeb3,sobhaheartland,55.282669,25.173987,12.0,4,,,,,,,,,UNKNOWN,,,0.0,,,,,,,False
DXB-SOBHAH-b55c5ce570,sobhaheartland,55.282713,25.174217,12.0,4,,,,,,,,,UNKNOWN,,,0.0,,,,,,,False
DXB-SOBHAH-cab0245f34,sobhaheartland,55.282918,25.174325,12.0,4,,,,,,,,,UNKNOWN,,,0.0,,,,,,,False
DXB-SOBHAH-c67d9e9497,sobhaheartland,55.28322,25.173548,12.0,4,,,,,,,,,UNKNOWN,,,0.0,,,,,,,False
DXB-SOBHAH-9416cee4aa,sobhaheartland,55.283137,25.173654,12.0,4,,,,,,,,,UNKNOWN,,,0.0,,,,,,,False
DXB-SOBHAH-9930501cfc,sobhaheartland,55.28341,25.173499,12.0,4,,,,,,,,,UNKNOWN,,,0.0,,,,,,,False
DXB-SOBHAH-ff42854426,sobhaheartland,55.281,25.173677,12.0,4,,,,,,,,,UNKNOWN,,,0.0,,,,,,,False
DXB-SOBHAH-e5f0259981,sobhaheartland,55.282228,25.17279,12.0,4,,,,,,,,,UNKNOWN,,,0.0,,,,,,,False
DXB-SOBHAH-2337828ead,sobhaheartland,55.282012,25.174919,12.0,4,,,,,,,,,UNKNOWN,,,0.0,,,,,,,False
DXB-SOBHAH-d23deea031,sobhaheartland,55.282915,25.174555,12.0,4,,,,,,,,,UNKNOWN,,,0.0,,,,,,,False
DXB-SOBHAH-1373a91f37,sobhaheartland,55.282763,25.174683,12.0,4,,,,,,,,,UNKNOWN,,,0.0,,,,,,,False
DXB-SOBHAH-e1cac43baa,sobhaheartland,55.282663,25.174941,12.0,4,,,,,,,,,UNKNOWN,,,0.0,,,,,,,False
DXB-SOBHAH-029dcb0662,sobhaheartland,55.278148,25.161264,12.0,4,,,,,,,,,UNKNOWN,,,0.0,,,,,,,False
DXB-SOBHAH-edbbc4fb39,sobhaheartland,55.27841,25.161242,12.0,4,,,,,,,,,UNKNOWN,,,0.0,,,,,,,False
DXB-SOBHAH-625fabfd7c,sobhaheartland,55.278275,25.161363,12.0,4,,,,,,,,,UNKNOWN,,,0.0,,,,,,,False
DXB-SOBHAH-a930c23558,sobhaheartland,55.278105,25.161483,12.0,4,,,,,,,,,UNKNOWN,,,0.0,,,,,,,False
DXB-SOBHAH-e79aad3c3c,sobhaheartland,55.277977,25.161614,12.0,4,,,,,,,,,UNKNOWN,,,0.0,,,,,,,False
DXB-SOBHAH-0cce7f5e81,sobhaheartland,55.27779,25.161659,12.0,4,,,,,,,,,UNKNOWN,,,0.0,,,,,,,False
DXB-SOBHAH-991c76a083,sobhaheartland,55.279344,25.161609,12.0,4,,,,,,,,,UNKNOWN,,,0.0,,,,,,,False
DXB-SOBHAH-cfbb2dc3a8,sobhaheartland,55.279159,25.161396,12.0,4,,,,,,,,,UNKNOWN,,,0.0,,,,,,,False
DXB-SOBHAH-5e59af8852,sobhaheartland,55.279243,25.161217,12.0,4,,,,,,,,,UNKNOWN,,,0.0,,,,,,,False
DXB-SOBHAH-3c29dc59b7,sobhaheartland,55.279624,25.161312,12.0,4,,,,,,,,,UNKNOWN,,,0.0,,,,,,,False
DXB-SOBHAH-cc37caaf9f,sobhaheartland,55.279408,25.161406,12.0,4,,,,,,,,,UNKNOWN,,,0.0,,,,,,,False
DXB-SOBHAH-ea2e4b09f7,sobhaheartland,55.279597,25.161617,12.0,4,,,,,,,,,UNKNOWN,,,0.0,,,,,,,False
DXB-SOBHAH-31a47088d8,sobhaheartland,55.278932,25.161998,12.0,4,,,,,,,,,UNKNOWN,,,0.0,,,,,,,False
DXB-SOBHAH-09104c3d7e,sobhaheartland,55.279156,25.161757,12.0,4,,,,,,,,,UNKNOWN,,,0.0,,,,,,,False
DXB-SOBHAH-019931b6f1,sobhaheartland,55.279215,25.161828,12.0,4,,,,,,,,,UNKNOWN,,,0.0,,,,,,,False
DXB-SOBHAH-9e953ac198,sobhaheartland,55.279101,25.161977,12.0,4,,,,,,,,,UNKNOWN,,,0.0,,,,,,,False
DXB-SOBHAH-dd1bc1192c,sobhaheartland,55.279072,25.161668,12.0,4,,,,,,,,,UNKNOWN,,,0.0,,,,,,,False
DXB-SOBHAH-4643b15776,sobhaheartland,55.278833,25.161821,12.0,4,,,,,,,,,UNKNOWN,,,0.0,,,,,,,False
DXB-SOBHAH-4b348ef4d7,sobhaheartland,55.278857,25.16159,12.0,4,,,,,,,,,UNKNOWN,,,0.0,,,,,,,False
DXB-SOBHAH-4b612b404f,sobhaheartland,55.27863,25.161743,12.0,4,,,,,,,,,UNKNOWN,,,0.0,,,,,,,False
DXB-SOBHAH-0363a8d704,sobhaheartland,55.278195,25.16205,12.0,4,,,,,,,,,UNKNOWN,,,0.0,,,,,,,False
DXB-SOBHAH-272a140116,sobhaheartland,55.278364,25.161849,12.0,4,,,,,,,,,UNKNOWN,,,0.0,,,,,,,False
DXB-SOBHAH-7784fc119c,sobhaheartland,55.278586,25.160235,12.0,4,,,,,,,,,UNKNOWN,,,0.0,,,,,,,False
DXB-SOBHAH-408d8e839d,sobhaheartland,55.278434,25.160085,12.0,4,,,,,,,,,UNKNOWN,,,0.0,,,,,,,False
DXB-SOBHAH-c1b3ea73a7,sobhaheartland,55.27867,25.16112,12.0,4,,,,,,,,,UNKNOWN,,,0.0,,,,,,,False
DXB-SOBHAH-d235c3062a,sobhaheartland,55.278549,25.16094,12.0,4,,,,,,,,,UNKNOWN,,,0.0,,,,,,,False
DXB-SOBHAH-2b2633bd4c,sobhaheartland,55.278394,25.160815,12.0,4,,,,,,,,,UNKNOWN,,,0.0,,,,,,,False
DXB-SOBHAH-d1b0235649,sobhaheartland,55.278285,25.160647,12.0,4,,,,,,,,,UNKNOWN,,,0.0,,,,,,,False
DXB-SOBHAH-e42f5bbfe1,sobhaheartland,55.278121,25.160472,12.0,4,,,,,,,,,UNKNOWN,,,0.0,,,,,,,False
DXB-SOBHAH-e39c0c4604,sobhaheartland,55.277741,25.16014,12.0,4,,,,,,,,,UNKNOWN,,,0.0,,,,,,,False
DXB-SOBHAH-b45a86a9d4,sobhaheartland,55.277584,25.160335,12.0,4,,,,,,,,,UNKNOWN,,,0.0,,,,,,,False
DXB-SOBHAH-9210c4f315,sobhaheartland,55.277479,25.160494,12.0,4,,,,,,,,,UNKNOWN,,,0.0,,,,,,,False
DXB-SOBHAH-ae0da0b72f,sobhaheartland,55.277965,25.160775,12.0,4,,,,,,,,,UNKNOWN,,,0.0,,,,,,,False
DXB-SOBHAH-5e26f1d6ad,sobhaheartland,55.277777,25.160835,12.0,4,,,,,,,,,UNKNOWN,,,0.0,,,,,,,False
DXB-SOBHAH-36a771f225,sobhaheartland,55.277804,25.160929,12.0,4,,,,,,,,,UNKNOWN,,,0.0,,,,,,,False
DXB-SOBHAH-bb9e31ba6f,sobhaheartland,55.277747,25.161126,12.0,4,,,,,,,,,UNKNOWN,,,0.0,,,,,,,False
DXB-SOBHAH-c8ac98629e,sobhaheartland,55.27758,25.161229,12.0,4,,,,,,,,,UNKNOWN,,,0.0,,,,,,,False
DXB-SOBHAH-40229bb7d1,sobhaheartland,55.277418,25.161379,12.0,4,,,,,,,,,UNKNOWN,,,0.0,,,,,,,False
DXB-SOBHAH-a026b25e16,sobhaheartland,55.278625,25.161538,12.0,4,,,,,,,,,UNKNOWN,,,0.0,,,,,,,False
DXB-SOBHAH-7f45d2f07f,sobhaheartland,55.278474,25.161637,12.0,4,,,,,,,,,UNKNOWN,,,0.0,,,,,,,False
DXB-SOBHAH-ecb57a74e3,sobhaheartland,55.278274,25.161157,12.0,4,,,,,,,,,UNKNOWN,,,0.0,,,,,,,False
DXB-SOBHAH-fe544a4e58,sobhaheartland,55.279039,25.160466,12.0,4,,,,,,,,,UNKNOWN,,,0.0,,,,,,,False
DXB-SOBHAH-26c335380b,sobhaheartland,55.277204,25.161798,12.0,4,,,,,,,,,UNKNOWN,,,0.0,,,,,,,False
DXB-SOBHAH-7eab4fed1c,sobhaheartland,55.27715,25.161606,12.0,4,,,,,,,,,UNKNOWN,,,0.0,,,,,,,False
DXB-SOBHAH-833f7e42f6,sobhaheartland,55.277344,25.161782,12.0,4,,,,,,,,,UNKNOWN,,,0.0,,,,,,,False
DXB-SOBHAH-7a8835b879,sobhaheartland,55.277539,25.161871,12.0,4,,,,,,,,,UNKNOWN,,,0.0,,,,,,,False
DXB-SOBHAH-366c4da9b8,sobhaheartland,55.281086,25.157201,12.0,4,,,,,,,,,UNKNOWN,,,0.0,,,,,,,False
DXB-SOBHAH-798edda792,sobhaheartland,55.280395,25.161666,12.0,4,,,,,,,,,UNKNOWN,,,0.0,,,,,,,False
DXB-SOBHAH-efbd9c4f07,sobhaheartland,55.280355,25.161711,12.0,4,,,,,,,,,UNKNOWN,,,0.0,,,,,,,False
DXB-SOBHAH-35c550a688,sobhaheartland,55.279917,25.161575,12.0,4,,,,,,,,,UNKNOWN,,,0.0,,,,,,,False
DXB-SOBHAH-5eba26b85b,sobhaheartland,55.279806,25.161302,12.0,4,,,,,,,,,UNKNOWN,,,0.0,,,,,,,False
DXB-SOBHAH-b511cbb035,sobhaheartland,55.279135,25.160818,12.0,4,,,,,,,,,UNKNOWN,,,0.0,,,,,,,False
DXB-SOBHAH-39d1c513b9,sobhaheartland,55.278972,25.160677,12.0,4,,,,,,,,,UNKNOWN,,,0.0,,,,,,,False
DXB-SOBHAH-6ae2a58189,sobhaheartland,55.278867,25.160558,12.0,4,,,,,,,,,UNKNOWN,,,0.0,,,,,,,False
DXB-SOBHAH-d12331250a,sobhaheartland,55.278726,25.160401,12.0,4,,,,,,,,,UNKNOWN,,,0.0,,,,,,,False
DXB-SOBHAH-6f1cbb32cd,sobhaheartland,55.284545,25.153232,12.0,4,,House of Fade,BUILDING_NAME,House of Fade,,,,,INFERRED,overture_place,overture_place,0.639,0.0,True,,,,Overture place 'barber' inside/next to the footprint,True
DXB-SOBHAH-51155435d3,sobhaheartland,55.280488,25.176206,12.0,4,,,,,,,,,UNKNOWN,,,0.0,,,,,,,False
DXB-SOBHAH-594e9454d2,sobhaheartland,55.280419,25.175995,12.0,4,,,,,,,,,UNKNOWN,,,0.0,,,,,,,False
DXB-SOBHAH-731eb40e71,sobhaheartland,55.280281,25.176511,12.0,4,,,,,,,,,UNKNOWN,,,0.0,,,,,,,False
DXB-SOBHAH-d367aa022d,sobhaheartland,55.280072,25.176529,12.0,4,,,,,,,,,UNKNOWN,,,0.0,,,,,,,False
DXB-SOBHAH-9eb6d34d23,sobhaheartland,55.279871,25.176642,12.0,4,,,,,,,,,UNKNOWN,,,0.0,,,,,,,False
DXB-SOBHAH-17fe4c6076,sobhaheartland,55.279639,25.17658,12.0,4,,,,,,,,,UNKNOWN,,,0.0,,,,,,,False
DXB-SOBHAH-d3f6518603,sobhaheartland,55.279404,25.17661,12.0,4,,,,,,,,,UNKNOWN,,,0.0,,,,,,,False
DXB-SOBHAH-71a14687b0,sobhaheartland,55.27921,25.176583,12.0,4,,,,,,,,,UNKNOWN,,,0.0,,,,,,,False
DXB-SOBHAH-e385835a2e,sobhaheartland,55.278942,25.174731,12.0,4,,,,,,,,,UNKNOWN,,,0.0,,,,,,,False
DXB-SOBHAH-d080030641,sobhaheartland,55.278889,25.174911,12.0,4,,,,,,,,,UNKNOWN,,,0.0,,,,,,,False
DXB-SOBHAH-095b646f0f,sobhaheartland,55.278909,25.175103,12.0,4,,,,,,,,,UNKNOWN,,,0.0,,,,,,,False
DXB-SOBHAH-4c03fa26e8,sobhaheartland,55.278857,25.175256,12.0,4,,,,,,,,,UNKNOWN,,,0.0,,,,,,,False
DXB-SOBHAH-24e3b3719a,sobhaheartland,55.27896,25.175665,12.0,4,,,,,,,,,UNKNOWN,,,0.0,,,,,,,False
DXB-SOBHAH-13c7d79d86,sobhaheartland,55.279916,25.176093,12.0,4,,,,,,,,,UNKNOWN,,,0.0,,,,,,,False
DXB-SOBHAH-d5b5489024,sobhaheartland,55.279709,25.176123,12.0,4,,,,,,,,,UNKNOWN,,,0.0,,,,,,,False
DXB-SOBHAH-4cf2a1b8d0,sobhaheartland,55.279481,25.176118,12.0,4,,,,,,,,,UNKNOWN,,,0.0,,,,,,,False
DXB-SOBHAH-b5fd44f9ee,sobhaheartland,55.279385,25.175784,12.0,4,,,,,,,,,UNKNOWN,,,0.0,,,,,,,False
DXB-SOBHAH-e9c71e7f12,sobhaheartland,55.279321,25.175586,12.0,4,,,,,,,,,UNKNOWN,,,0.0,,,,,,,False
DXB-SOBHAH-1af309395f,sobhaheartland,55.279332,25.175416,12.0,4,,,,,,,,,UNKNOWN,,,0.0,,,,,,,False
DXB-SOBHAH-f35b198e81,sobhaheartland,55.279354,25.175228,12.0,4,,,,,,,,,UNKNOWN,,,0.0,,,,,,,False
DXB-SOBHAH-6f3d7e988d,sobhaheartland,55.279373,25.175076,12.0,4,,,,,,,,,UNKNOWN,,,0.0,,,,,,,False
DXB-SOBHAH-8742c05522,sobhaheartland,55.278356,25.174698,12.0,4,,,,,,,,,UNKNOWN,,,0.0,,,,,,,False
DXB-SOBHAH-7e3a182785,sobhaheartland,55.278296,25.174891,12.0,4,,,,,,,,,UNKNOWN,,,0.0,,,,,,,False
DXB-SOBHAH-d4a71e54a3,sobhaheartland,55.278065,25.175479,12.0,4,,,,,,,,,UNKNOWN,,,0.0,,,,,,,False
DXB-SOBHAH-ea3e1601e4,sobhaheartland,55.278227,25.175595,12.0,4,,,,,,,,,UNKNOWN,,,0.0,,,,,,,False
DXB-SOBHAH-43d68e296f,sobhaheartland,55.278374,25.17574,12.0,4,,,,,,,,,UNKNOWN,,,0.0,,,,,,,False
DXB-SOBHAH-d441b3f3bf,sobhaheartland,55.278605,25.175851,12.0,4,,,,,,,,,UNKNOWN,,,0.0,,,,,,,False
DXB-SOBHAH-4bacf6d308,sobhaheartland,55.27771,25.175193,12.0,4,,,,,,,,,UNKNOWN,,,0.0,,,,,,,False
DXB-SOBHAH-9cefce7ea9,sobhaheartland,55.277549,25.175039,12.0,4,,,,,,,,,UNKNOWN,,,0.0,,,,,,,False
DXB-SOBHAH-1d107634d2,sobhaheartland,55.277367,25.174917,12.0,4,,,,,,,,,UNKNOWN,,,0.0,,,,,,,False
DXB-SOBHAH-6db5cea0cf,sobhaheartland,55.277244,25.174749,12.0,4,,,,,,,,,UNKNOWN,,,0.0,,,,,,,False
DXB-SOBHAH-c9c7a4856f,sobhaheartland,55.278531,25.176309,12.0,4,,,,,,,,,UNKNOWN,,,0.0,,,,,,,False
DXB-SOBHAH-1d0b482c8d,sobhaheartland,55.278345,25.176211,12.0,4,,,,,,,,,UNKNOWN,,,0.0,,,,,,,False
DXB-SOBHAH-06c5a0a49e,sobhaheartland,55.278146,25.176077,12.0,4,,,,,,,,,UNKNOWN,,,0.0,,,,,,,False
DXB-SOBHAH-8e221aeb54,sobhaheartland,55.27799,25.175972,12.0,4,,,,,,,,,UNKNOWN,,,0.0,,,,,,,False
DXB-SOBHAH-70b6dbbc93,sobhaheartland,55.279995,25.175762,12.0,4,,,,,,,,,UNKNOWN,,,0.0,,,,,,,False
DXB-SOBHAH-84e9d6fc3f,sobhaheartland,55.279969,25.175609,12.0,4,,,,,,,,,UNKNOWN,,,0.0,,,,,,,False
DXB-SOBHAH-354a30041f,sobhaheartland,55.279971,25.175428,12.0,4,,,,,,,,,UNKNOWN,,,0.0,,,,,,,False
DXB-SOBHAH-68a7075846,sobhaheartland,55.279983,25.175236,12.0,4,,,,,,,,,UNKNOWN,,,0.0,,,,,,,False
DXB-SOBHAH-151d872318,sobhaheartland,55.279949,25.17506,12.0,4,,,,,,,,,UNKNOWN,,,0.0,,,,,,,False
DXB-SOBHAH-ce4b552e2e,sobhaheartland,55.277819,25.174776,12.0,4,,,,,,,,,UNKNOWN,,,0.0,,,,,,,False
DXB-SOBHAH-49539cbe80,sobhaheartland,55.277611,25.175694,12.0,4,,,,,,,,,UNKNOWN,,,0.0,,,,,,,False
DXB-SOBHAH-4ea22617f8,sobhaheartland,55.277411,25.175542,12.0,4,,,,,,,,,UNKNOWN,,,0.0,,,,,,,False
DXB-SOBHAH-76ae35da7c,sobhaheartland,55.27725,25.175428,12.0,4,,,,,,,,,UNKNOWN,,,0.0,,,,,,,False
DXB-SOBHAH-334a98e744,sobhaheartland,55.277082,25.17528,12.0,4,,,,,,,,,UNKNOWN,,,0.0,,,,,,,False
DXB-SOBHAH-3b764108de,sobhaheartland,55.276944,25.175144,12.0,4,,,,,,,,,UNKNOWN,,,0.0,,,,,,,False
DXB-SOBHAH-7509c6d7dc,sobhaheartland,55.276815,25.174973,12.0,4,,,,,,,,,UNKNOWN,,,0.0,,,,,,,False
DXB-SOBHAH-86cba107a0,sobhaheartland,55.278761,25.176417,12.0,4,,,,,,,,,UNKNOWN,,,0.0,,,,,,,False
DXB-SOBHAH-baae3f5418,sobhaheartland,55.273384,25.171737,12.0,4,,,,,,,,,UNKNOWN,,,0.0,,,,,,,False
DXB-SOBHAH-1d374bddfa,sobhaheartland,55.272434,25.170916,12.0,4,,,,,,,,,UNKNOWN,,,0.0,,,,,,,False
DXB-SOBHAH-d9b8eeae27,sobhaheartland,55.274397,25.171088,12.0,4,,,,,,,,,UNKNOWN,,,0.0,,,,,,,False
DXB-SOBHAH-9745f2365f,sobhaheartland,55.274231,25.171204,12.0,4,,,,,,,,,UNKNOWN,,,0.0,,,,,,,False
DXB-SOBHAH-d3f596b07e,sobhaheartland,55.274042,25.171278,12.0,4,,,,,,,,,UNKNOWN,,,0.0,,,,,,,False
DXB-SOBHAH-c232fd9e70,sobhaheartland,55.273825,25.171363,12.0,4,,,,,,,,,UNKNOWN,,,0.0,,,,,,,False
DXB-SOBHAH-b8e298e492,sobhaheartland,55.273668,25.171452,12.0,4,,,,,,,,,UNKNOWN,,,0.0,,,,,,,False
DXB-SOBHAH-b3ad85edd3,sobhaheartland,55.273439,25.17154,12.0,4,,,,,,,,,UNKNOWN,,,0.0,,,,,,,False
DXB-SOBHAH-7e215888a8,sobhaheartland,55.273091,25.171677,12.0,4,,,,,,,,,UNKNOWN,,,0.0,,,,,,,False
DXB-SOBHAH-9e594203ee,sobhaheartland,55.273055,25.171617,12.0,4,,,,,,,,,UNKNOWN,,,0.0,,,,,,,False
DXB-SOBHAH-db96b27163,sobhaheartland,55.273255,25.171625,12.0,4,,,,,,,,,UNKNOWN,,,0.0,,,,,,,False
DXB-SOBHAH-648a4bcaff,sobhaheartland,55.272971,25.171256,12.0,4,,,,,,,,,UNKNOWN,,,0.0,,,,,,,False
DXB-SOBHAH-774af2924e,sobhaheartland,55.273092,25.171423,12.0,4,,,,,,,,,UNKNOWN,,,0.0,,,,,,,False
DXB-SOBHAH-716844272f,sobhaheartland,55.272746,25.170943,12.0,4,,,,,,,,,UNKNOWN,,,0.0,,,,,,,False
DXB-SOBHAH-8bc36dca5a,sobhaheartland,55.271968,25.169988,12.0,4,,,,,,,,,UNKNOWN,,,0.0,,,,,,,False
DXB-SOBHAH-cdc722f527,sobhaheartland,55.272197,25.170177,12.0,4,,,,,,,,,UNKNOWN,,,0.0,,,,,,,False
DXB-SOBHAH-259d6cfcd1,sobhaheartland,55.272143,25.17015,12.0,4,,,,,,,,,UNKNOWN,,,0.0,,,,,,,False
DXB-SOBHAH-0da0dac505,sobhaheartland,55.272261,25.170269,12.0,4,,,,,,,,,UNKNOWN,,,0.0,,,,,,,False
DXB-SOBHAH-87b4ed6288,sobhaheartland,55.272383,25.170445,12.0,4,,,,,,,,,UNKNOWN,,,0.0,,,,,,,False
DXB-SOBHAH-6eb91a7edd,sobhaheartland,55.272504,25.170575,12.0,4,,,,,,,,,UNKNOWN,,,0.0,,,,,,,False
DXB-SOBHAH-173e1b5da3,sobhaheartland,55.280427,25.175225,12.0,4,,,,,,,,,UNKNOWN,,,0.0,,,,,,,False
DXB-SOBHAH-703deb1718,sobhaheartland,55.280462,25.175056,12.0,4,,,,,,,,,UNKNOWN,,,0.0,,,,,,,False
DXB-SOBHAH-f6de757e87,sobhaheartland,55.280411,25.174873,12.0,4,,,,,,,,,UNKNOWN,,,0.0,,,,,,,False
DXB-SOBHAH-39e1ae9235,sobhaheartland,55.280467,25.174697,12.0,4,,,,,,,,,UNKNOWN,,,0.0,,,,,,,False
DXB-SOBHAH-c326aebe56,sobhaheartland,55.280469,25.174521,12.0,4,,,,,,,,,UNKNOWN,,,0.0,,,,,,,False
DXB-SOBHAH-bd4407a598,sobhaheartland,55.280464,25.175412,12.0,4,,,,,,,,,UNKNOWN,,,0.0,,,,,,,False
DXB-SOBHAH-f991ccba3b,sobhaheartland,55.280463,25.175607,12.0,4,,,,,,,,,UNKNOWN,,,0.0,,,,,,,False
DXB-SOBHAH-3bc34bb5b7,sobhaheartland,55.27161,25.169926,12.0,4,,,,,,,,,UNKNOWN,,,0.0,,,,,,,False
DXB-SOBHAH-d1cd62be27,sobhaheartland,55.280531,25.176348,12.0,4,,,,,,,,,UNKNOWN,,,0.0,,,,,,,False
DXB-SOBHAH-631f253fa7,sobhaheartland,55.280582,25.176348,12.0,4,,,,,,,,,UNKNOWN,,,0.0,,,,,,,False
DXB-SOBHAH-0318280d56,sobhaheartland,55.290827,25.161059,12.0,4,,,,,,,,,UNKNOWN,,,0.0,,,,,,,False
DXB-SOBHAH-495d747e90,sobhaheartland,55.285843,25.164083,12.0,4,,,,,,,,,UNKNOWN,,,0.0,,,,,,,False
DXB-SOBHAH-1df39f187a,sobhaheartland,55.283902,25.165276,12.0,4,,,,,,,,,UNKNOWN,,,0.0,,,,,,,False
DXB-SOBHAH-126bf2bd7d,sobhaheartland,55.283875,25.165301,12.0,4,,,,,,,,,UNKNOWN,,,0.0,,,,,,,False
DXB-SOBHAH-81a1c1de71,sobhaheartland,55.272711,25.165873,12.0,4,,,,,,,,,UNKNOWN,,,0.0,,,,,,,False
DXB-SOBHAH-3aa316d9c3,sobhaheartland,55.2726,25.16607,12.0,4,,,,,,,,,UNKNOWN,,,0.0,,,,,,,False
DXB-SOBHAH-2e968fd0ae,sobhaheartland,55.27246,25.166248,12.0,4,,,,,,,,,UNKNOWN,,,0.0,,,,,,,False
DXB-SOBHAH-42d30ac375,sobhaheartland,55.273242,25.164533,12.0,4,,,,,,,,,UNKNOWN,,,0.0,,,,,,,False
DXB-SOBHAH-be0df05b33,sobhaheartland,55.273094,25.16467,12.0,4,,,,,,,,,UNKNOWN,,,0.0,,,,,,,False
DXB-SOBHAH-98560aec8e,sobhaheartland,55.272959,25.1648,12.0,4,,,,,,,,,UNKNOWN,,,0.0,,,,,,,False
DXB-SOBHAH-dea2dd8dbf,sobhaheartland,55.272849,25.164954,12.0,4,,,,,,,,,UNKNOWN,,,0.0,,,,,,,False
DXB-SOBHAH-614a9985b5,sobhaheartland,55.272653,25.165065,12.0,4,,,,,,,,,UNKNOWN,,,0.0,,,,,,,False
DXB-SOBHAH-00c1d0184f,sobhaheartland,55.272303,25.165621,12.0,4,,,,,,,,,UNKNOWN,,,0.0,,,,,,,False
DXB-SOBHAH-317756def9,sobhaheartland,55.272139,25.165784,12.0,4,,,,,,,,,UNKNOWN,,,0.0,,,,,,,False
DXB-SOBHAH-2130f03eff,sobhaheartland,55.272115,25.165967,12.0,4,,,,,,,,,UNKNOWN,,,0.0,,,,,,,False
DXB-SOBHAH-18e624c075,sobhaheartland,55.27197,25.16612,12.0,4,,,,,,,,,UNKNOWN,,,0.0,,,,,,,False
DXB-SOBHAH-ff77590727,sobhaheartland,55.271936,25.166288,12.0,4,,,,,,,,,UNKNOWN,,,0.0,,,,,,,False
DXB-SOBHAH-a79224d6d2,sobhaheartland,55.273949,25.164722,12.0,4,,,,,,,,,UNKNOWN,,,0.0,,,,,,,False
DXB-SOBHAH-a8a7eff095,sobhaheartland,55.273735,25.164642,12.0,4,,,,,,,,,UNKNOWN,,,0.0,,,,,,,False
DXB-SOBHAH-59a5f7b815,sobhaheartland,55.272482,25.16496,12.0,4,,,,,,,,,UNKNOWN,,,0.0,,,,,,,False
DXB-SOBHAH-25385c0582,sobhaheartland,55.276935,25.16519,12.0,4,,,,,,,,,UNKNOWN,,,0.0,,,,,,,False
DXB-SOBHAH-e01c5343d8,sobhaheartland,55.277314,25.165574,12.0,4,,,,,,,,,UNKNOWN,,,0.0,,,,,,,False
DXB-SOBHAH-f2ab816cb6,sobhaheartland,55.276975,25.16564,12.0,4,,,,,,,,,UNKNOWN,,,0.0,,,,,,,False
DXB-SOBHAH-1da346d59f,sobhaheartland,55.276716,25.165444,12.0,4,,,,,,,,,UNKNOWN,,,0.0,,,,,,,False
DXB-SOBHAH-47c9bc11c0,sobhaheartland,55.276742,25.165521,12.0,4,,,,,,,,,UNKNOWN,,,0.0,,,,,,,False
DXB-SOBHAH-8ebf96dc19,sobhaheartland,55.276722,25.165506,12.0,4,,,,,,,,,UNKNOWN,,,0.0,,,,,,,False
DXB-SOBHAH-33edf49c0e,sobhaheartland,55.278521,25.166785,12.0,4,,,,,,,,,UNKNOWN,,,0.0,,,,,,,False
DXB-SOBHAH-960c430564,sobhaheartland,55.278492,25.166704,12.0,4,,,,,,,,,UNKNOWN,,,0.0,,,,,,,False
DXB-SOBHAH-587178c461,sobhaheartland,55.277857,25.165854,12.0,4,,,,,,,,,UNKNOWN,,,0.0,,,,,,,False
DXB-SOBHAH-164517491a,sobhaheartland,55.278712,25.163736,12.0,4,,,,,,,,,UNKNOWN,,,0.0,,,,,,,False
DXB-SOBHAH-e1b40cadaa,sobhaheartland,55.278676,25.163625,12.0,4,,,,,,,,,UNKNOWN,,,0.0,,,,,,,False
DXB-SOBHAH-b0ea996bb9,sobhaheartland,55.27852,25.164084,12.0,4,,,,,,,,,UNKNOWN,,,0.0,,,,,,,False
DXB-SOBHAH-6556008e3e,sobhaheartland,55.277421,25.162477,12.0,4,,,,,,,,,UNKNOWN,,,0.0,,,,,,,False
DXB-SOBHAH-cd51abe470,sobhaheartland,55.277582,25.162849,12.0,4,,,,,,,,,UNKNOWN,,,0.0,,,,,,,False
DXB-SOBHAH-3073177cb0,sobhaheartland,55.277483,25.162893,12.0,4,,,,,,,,,UNKNOWN,,,0.0,,,,,,,False
DXB-SOBHAH-f419504f32,sobhaheartland,55.277983,25.16268,12.0,4,,,,,,,,,UNKNOWN,,,0.0,,,,,,,False
DXB-SOBHAH-e43d29f9a0,sobhaheartland,55.277923,25.162742,12.0,4,,,,,,,,,UNKNOWN,,,0.0,,,,,,,False
DXB-SOBHAH-f2fd38c14e,sobhaheartland,55.278239,25.163167,12.0,4,,,,,,,,,UNKNOWN,,,0.0,,,,,,,False
DXB-SOBHAH-4957c4dd80,sobhaheartland,55.278064,25.163209,12.0,4,,,,,,,,,UNKNOWN,,,0.0,,,,,,,False
DXB-SOBHAH-4de39ba95f,sobhaheartland,55.277404,25.163195,12.0,4,,,,,,,,,UNKNOWN,,,0.0,,,,,,,False
DXB-SOBHAH-2e81d0b789,sobhaheartland,55.277543,25.163964,12.0,4,,,,,,,,,UNKNOWN,,,0.0,,,,,,,False
DXB-SOBHAH-cd2f44a474,sobhaheartland,55.278283,25.163992,12.0,4,,,,,,,,,UNKNOWN,,,0.0,,,,,,,False
DXB-SOBHAH-9fb8216004,sobhaheartland,55.279677,25.16212,12.0,4,,,,,,,,,UNKNOWN,,,0.0,,,,,,,False
DXB-SOBHAH-a72d525874,sobhaheartland,55.279056,25.162295,12.0,4,,,,,,,,,UNKNOWN,,,0.0,,,,,,,False
DXB-SOBHAH-ac50a1cad3,sobhaheartland,55.278675,25.162497,12.0,4,,,,,,,,,UNKNOWN,,,0.0,,,,,,,False
DXB-SOBHAH-a6cecefca7,sobhaheartland,55.27853,25.162296,12.0,4,,,,,,,,,UNKNOWN,,,0.0,,,,,,,False
DXB-SOBHAH-b7a3c231ee,sobhaheartland,55.279609,25.161105,12.0,4,,,,,,,,,UNKNOWN,,,0.0,,,,,,,False
DXB-SOBHAH-124ce8a7ef,sobhaheartland,55.27889,25.161743,12.0,4,,,,,,,,,UNKNOWN,,,0.0,,,,,,,False
DXB-SOBHAH-1bb5698540,sobhaheartland,55.277849,25.163114,12.0,4,,,,,,,,,UNKNOWN,,,0.0,,,,,,,False
DXB-SOBHAH-f8b9fbcbb9,sobhaheartland,55.277795,25.163032,12.0,4,,,,,,,,,UNKNOWN,,,0.0,,,,,,,False
DXB-SOBHAH-839371e305,sobhaheartland,55.277683,25.162975,12.0,4,,,,,,,,,UNKNOWN,,,0.0,,,,,,,False
DXB-SOBHAH-3dde0e3ce0,sobhaheartland,55.277734,25.165951,12.0,4,,,,,,,,,UNKNOWN,,,0.0,,,,,,,False
DXB-SOBHAH-6127dd7906,sobhaheartland,55.278123,25.162828,12.0,4,,,,,,,,,UNKNOWN,,,0.0,,,,,,,False
DXB-SOBHAH-5439fe1cac,sobhaheartland,55.27768,25.163392,12.0,4,,,,,,,,,UNKNOWN,,,0.0,,,,,,,False
DXB-SOBHAH-00714fe8db,sobhaheartland,55.278006,25.163169,12.0,4,,,,,,,,,UNKNOWN,,,0.0,,,,,,,False
DXB-SOBHAH-e7bbb94fd5,sobhaheartland,55.278507,25.162487,12.0,4,,,,,,,,,UNKNOWN,,,0.0,,,,,,,False
DXB-SOBHAH-98b815350b,sobhaheartland,55.271488,25.168626,12.0,4,,,,,,,,,UNKNOWN,,,0.0,,,,,,,False
DXB-SOBHAH-1d341478a7,sobhaheartland,55.271312,25.168601,12.0,4,,,,,,,,,UNKNOWN,,,0.0,,,,,,,False
DXB-SOBHAH-9218bb3a5e,sobhaheartland,55.271285,25.168407,12.0,4,,,,,,,,,UNKNOWN,,,0.0,,,,,,,False
DXB-SOBHAH-f2052bc05b,sobhaheartland,55.271468,25.168428,12.0,4,,,,,,,,,UNKNOWN,,,0.0,,,,,,,False
DXB-SOBHAH-167c4299b8,sobhaheartland,55.271477,25.168244,12.0,4,,,,,,,,,UNKNOWN,,,0.0,,,,,,,False
DXB-SOBHAH-c0f3df470e,sobhaheartland,55.27142,25.168057,12.0,4,,,,,,,,,UNKNOWN,,,0.0,,,,,,,False
DXB-SOBHAH-a9adefa19b,sobhaheartland,55.271235,25.167842,12.0,4,,,,,,,,,UNKNOWN,,,0.0,,,,,,,False
DXB-SOBHAH-09839d73a3,sobhaheartland,55.271243,25.167803,12.0,4,,,,,,,,,UNKNOWN,,,0.0,,,,,,,False
DXB-SOBHAH-768714a11a,sobhaheartland,55.271458,25.167593,12.0,4,,,,,,,,,UNKNOWN,,,0.0,,,,,,,False
DXB-SOBHAH-cdf3e860bc,sobhaheartland,55.271465,25.167389,12.0,4,,,,,,,,,UNKNOWN,,,0.0,,,,,,,False
DXB-SOBHAH-4587a409f2,sobhaheartland,55.271544,25.167206,12.0,4,,,,,,,,,UNKNOWN,,,0.0,,,,,,,False
DXB-SOBHAH-6e3a67625a,sobhaheartland,55.271573,25.167016,12.0,4,,,,,,,,,UNKNOWN,,,0.0,,,,,,,False
DXB-SOBHAH-3ae8558baa,sobhaheartland,55.271683,25.166851,12.0,4,,,,,,,,,UNKNOWN,,,0.0,,,,,,,False
DXB-SOBHAH-1d216e9897,sobhaheartland,55.271731,25.166666,12.0,4,,,,,,,,,UNKNOWN,,,0.0,,,,,,,False
DXB-SOBHAH-dcf43a6bc4,sobhaheartland,55.269389,25.169571,12.0,4,,,,,,,,,UNKNOWN,,,0.0,,,,,,,False
DXB-SOBHAH-07f0f2b030,sobhaheartland,55.26927,25.169446,12.0,4,,,,,,,,,UNKNOWN,,,0.0,,,,,,,False
DXB-SOBHAH-fa506dba29,sobhaheartland,55.272806,25.170174,12.0,4,,,,,,,,,UNKNOWN,,,0.0,,,,,,,False
DXB-SOBHAH-1941edb974,sobhaheartland,55.272649,25.170027,12.0,4,,,,,,,,,UNKNOWN,,,0.0,,,,,,,False
DXB-SOBHAH-406ac65906,sobhaheartland,55.27178,25.169781,12.0,4,,,,,,,,,UNKNOWN,,,0.0,,,,,,,False
DXB-SOBHAH-ee7c145b21,sobhaheartland,55.27172,25.169911,12.0,4,,,,,,,,,UNKNOWN,,,0.0,,,,,,,False
DXB-SOBHAH-3b6611ebda,sobhaheartland,55.271638,25.169813,12.0,4,,,,,,,,,UNKNOWN,,,0.0,,,,,,,False
DXB-SOBHAH-3b04cecad1,sobhaheartland,55.271735,25.169567,12.0,4,,,,,,,,,UNKNOWN,,,0.0,,,,,,,False
DXB-SOBHAH-309460dbd2,sobhaheartland,55.271563,25.169686,12.0,4,,,,,,,,,UNKNOWN,,,0.0,,,,,,,False
DXB-SOBHAH-747cf956ef,sobhaheartland,55.271545,25.169576,12.0,4,,,,,,,,,UNKNOWN,,,0.0,,,,,,,False
DXB-SOBHAH-f26b0db9c0,sobhaheartland,55.271637,25.169381,12.0,4,,,,,,,,,UNKNOWN,,,0.0,,,,,,,False
DXB-SOBHAH-8956d131f9,sobhaheartland,55.271582,25.169204,12.0,4,,,,,,,,,UNKNOWN,,,0.0,,,,,,,False
DXB-SOBHAH-7e17172aba,sobhaheartland,55.271542,25.169008,12.0,4,,,,,,,,,UNKNOWN,,,0.0,,,,,,,False
DXB-SOBHAH-d60c0e8a5d,sobhaheartland,55.271378,25.168908,12.0,4,,,,,,,,,UNKNOWN,,,0.0,,,,,,,False
DXB-SOBHAH-d49d1aff5f,sobhaheartland,55.2719,25.16844,12.0,4,,,,,,,,,UNKNOWN,,,0.0,,,,,,,False
DXB-SOBHAH-8d8980bf48,sobhaheartland,55.272075,25.168466,12.0,4,,,,,,,,,UNKNOWN,,,0.0,,,,,,,False
DXB-SOBHAH-33cbae30fc,sobhaheartland,55.272015,25.168274,12.0,4,,,,,,,,,UNKNOWN,,,0.0,,,,,,,False
DXB-SOBHAH-1931aa4da6,sobhaheartland,55.271943,25.168102,12.0,4,,,,,,,,,UNKNOWN,,,0.0,,,,,,,False
DXB-SOBHAH-38cbefd158,sobhaheartland,55.272003,25.1679,12.0,4,,,,,,,,,UNKNOWN,,,0.0,,,,,,,False
DXB-SOBHAH-cd40146010,sobhaheartland,55.271974,25.16746,12.0,4,,,,,,,,,UNKNOWN,,,0.0,,,,,,,False
DXB-SOBHAH-d5f600f984,sobhaheartland,55.272017,25.167269,12.0,4,,,,,,,,,UNKNOWN,,,0.0,,,,,,,False
DXB-SOBHAH-72dc32d819,sobhaheartland,55.272087,25.167049,12.0,4,,,,,,,,,UNKNOWN,,,0.0,,,,,,,False
DXB-SOBHAH-7b7335dde8,sobhaheartland,55.272171,25.166902,12.0,4,,,,,,,,,UNKNOWN,,,0.0,,,,,,,False
DXB-SOBHAH-fdcc2667db,sobhaheartland,55.27207,25.169437,12.0,4,,,,,,,,,UNKNOWN,,,0.0,,,,,,,False
DXB-SOBHAH-1a1bb5c3b9,sobhaheartland,55.27222,25.169428,12.0,4,,,,,,,,,UNKNOWN,,,0.0,,,,,,,False
DXB-SOBHAH-f533bda2b9,sobhaheartland,55.272153,25.169252,12.0,4,,,,,,,,,UNKNOWN,,,0.0,,,,,,,False
DXB-SOBHAH-876a0d868b,sobhaheartland,55.272103,25.169064,12.0,4,,,,,,,,,UNKNOWN,,,0.0,,,,,,,False
DXB-SOBHAH-05fe2ee5a9,sobhaheartland,55.272074,25.168876,12.0,4,,,,,,,,,UNKNOWN,,,0.0,,,,,,,False
DXB-SOBHAH-3a071d734d,sobhaheartland,55.273577,25.166612,12.0,4,,,,,,,,,UNKNOWN,,,0.0,,,,,,,False
DXB-SOBHAH-e4e8acfcab,sobhaheartland,55.273375,25.16659,12.0,4,,,,,,,,,UNKNOWN,,,0.0,,,,,,,False
DXB-SOBHAH-160b15a099,sobhaheartland,55.273212,25.166476,12.0,4,,,,,,,,,UNKNOWN,,,0.0,,,,,,,False
DXB-SOBHAH-f4b55c5c67,sobhaheartland,55.273133,25.166311,12.0,4,,,,,,,,,UNKNOWN,,,0.0,,,,,,,False
DXB-SOBHAH-61c8d0fef2,sobhaheartland,55.273,25.166461,12.0,4,,,,,,,,,UNKNOWN,,,0.0,,,,,,,False
DXB-SOBHAH-4e4184dfc6,sobhaheartland,55.272802,25.169644,12.0,4,,,,,,,,,UNKNOWN,,,0.0,,,,,,,False
DXB-SOBHAH-ae992f4f9e,sobhaheartland,55.273007,25.169564,12.0,4,,,,,,,,,UNKNOWN,,,0.0,,,,,,,False
DXB-SOBHAH-47b55b5d87,sobhaheartland,55.273238,25.169506,12.0,4,,,,,,,,,UNKNOWN,,,0.0,,,,,,,False
DXB-SOBHAH-a93cd288d6,sobhaheartland,55.2734,25.169411,12.0,4,,,,,,,,,UNKNOWN,,,0.0,,,,,,,False
DXB-SOBHAH-6d11945a54,sobhaheartland,55.272573,25.167379,12.0,4,,,,,,,,,UNKNOWN,,,0.0,,,,,,,False
DXB-SOBHAH-1f10423159,sobhaheartland,55.272648,25.16721,12.0,4,,,,,,,,,UNKNOWN,,,0.0,,,,,,,False
DXB-SOBHAH-f857c75142,sobhaheartland,55.272674,25.166954,12.0,4,,,,,,,,,UNKNOWN,,,0.0,,,,,,,False
DXB-SOBHAH-6df645a8cb,sobhaheartland,55.272518,25.168384,12.0,4,,,,,,,,,UNKNOWN,,,0.0,,,,,,,False
DXB-SOBHAH-3b11d42cf9,sobhaheartland,55.272509,25.168186,12.0,4,,,,,,,,,UNKNOWN,,,0.0,,,,,,,False
DXB-SOBHAH-f84ae04d74,sobhaheartland,55.272499,25.168032,12.0,4,,,,,,,,,UNKNOWN,,,0.0,,,,,,,False
DXB-SOBHAH-97d0dc3057,sobhaheartland,55.27256,25.167803,12.0,4,,,,,,,,,UNKNOWN,,,0.0,,,,,,,False
DXB-SOBHAH-ef96f3fbe2,sobhaheartland,55.272415,25.167651,12.0,4,,,,,,,,,UNKNOWN,,,0.0,,,,,,,False
DXB-SOBHAH-735b342825,sobhaheartland,55.272679,25.16924,12.0,4,,,,,,,,,UNKNOWN,,,0.0,,,,,,,False
DXB-SOBHAH-459d92ef33,sobhaheartland,55.272629,25.169065,12.0,4,,,,,,,,,UNKNOWN,,,0.0,,,,,,,False
DXB-SOBHAH-961373fab4,sobhaheartland,55.272564,25.168843,12.0,4,,,,,,,,,UNKNOWN,,,0.0,,,,,,,False
DXB-SOBHAH-b37c2c08d4,sobhaheartland,55.272136,25.167857,12.0,4,,,,,,,,,UNKNOWN,,,0.0,,,,,,,False
DXB-SOBHAH-e926a41dc5,sobhaheartland,55.278359,25.170922,12.0,4,,,,,,,,,UNKNOWN,,,0.0,,,,,,,False
DXB-SOBHAH-9983a0ab49,sobhaheartland,55.278281,25.170692,12.0,4,,,,,,,,,UNKNOWN,,,0.0,,,,,,,False
DXB-SOBHAH-e282500297,sobhaheartland,55.279798,25.171147,12.0,4,,,,,,,,,UNKNOWN,,,0.0,,,,,,,False
DXB-SOBHAH-3bae5473a9,sobhaheartland,55.279712,25.17074,12.0,4,,,,,,,,,UNKNOWN,,,0.0,,,,,,,False
DXB-SOBHAH-ea721962a4,sobhaheartland,55.279647,25.170486,12.0,4,,,,,,,,,UNKNOWN,,,0.0,,,,,,,False
DXB-SOBHAH-207f48bd35,sobhaheartland,55.279594,25.170252,12.0,4,,,,,,,,,UNKNOWN,,,0.0,,,,,,,False
DXB-SOBHAH-f96e116fc0,sobhaheartland,55.278638,25.16926,12.0,4,,,,,,,,,UNKNOWN,,,0.0,,,,,,,False
DXB-SOBHAH-c466372c0b,sobhaheartland,55.277613,25.169191,12.0,4,,,,,,,,,UNKNOWN,,,0.0,,,,,,,False
DXB-SOBHAH-fc58cf642a,sobhaheartland,55.277614,25.167522,12.0,4,,,,,,,,,UNKNOWN,,,0.0,,,,,,,False
DXB-SOBHAH-bab5b182e6,sobhaheartland,55.27782,25.169716,12.0,4,,,,,,,,,UNKNOWN,,,0.0,,,,,,,False
DXB-SOBHAH-6f2d5b0051,sobhaheartland,55.279389,25.169994,12.0,4,,,,,,,,,UNKNOWN,,,0.0,,,,,,,False
DXB-SOBHAH-514fc9fedf,sobhaheartland,55.279099,25.170619,12.0,4,,,,,,,,,UNKNOWN,,,0.0,,,,,,,False
DXB-SOBHAH-c244817d8e,sobhaheartland,55.279109,25.170501,12.0,4,,,,,,,,,UNKNOWN,,,0.0,,,,,,,False
DXB-SOBHAH-6eed8d2241,sobhaheartland,55.279008,25.170328,12.0,4,,,,,,,,,UNKNOWN,,,0.0,,,,,,,False
DXB-SOBHAH-e6b467be85,sobhaheartland,55.278663,25.169731,12.0,4,,,,,,,,,UNKNOWN,,,0.0,,,,,,,False
DXB-SOBHAH-dc7c1e8bde,sobhaheartland,55.278111,25.169265,12.0,4,,,,,,,,,UNKNOWN,,,0.0,,,,,,,False
DXB-SOBHAH-4e475dc105,sobhaheartland,55.278257,25.169392,12.0,4,,,,,,,,,UNKNOWN,,,0.0,,,,,,,False
DXB-SOBHAH-0eeda8a52a,sobhaheartland,55.278289,25.171264,12.0,4,,,,,,,,,UNKNOWN,,,0.0,,,,,,,False
DXB-SOBHAH-4876f6b695,sobhaheartland,55.279261,25.171848,12.0,4,,,,,,,,,UNKNOWN,,,0.0,,,,,,,False
DXB-SOBHAH-483acd2219,sobhaheartland,55.279699,25.171908,12.0,4,,,,,,,,,UNKNOWN,,,0.0,,,,,,,False
DXB-SOBHAH-db74221b9c,sobhaheartland,55.280312,25.171735,12.0,4,,,,,,,,,UNKNOWN,,,0.0,,,,,,,False
DXB-SOBHAH-8569a08cbb,sobhaheartland,55.279896,25.168247,12.0,4,,,,,,,,,UNKNOWN,,,0.0,,,,,,,False
DXB-SOBHAH-aead3600f5,sobhaheartland,55.276758,25.165784,12.0,4,,,,,,,,,UNKNOWN,,,0.0,,,,,,,False
DXB-SOBHAH-e52c23f0f5,sobhaheartland,55.276187,25.166601,12.0,4,,,,,,,,,UNKNOWN,,,0.0,,,,,,,False
DXB-SOBHAH-7101d14970,sobhaheartland,55.276296,25.166588,12.0,4,,,,,,,,,UNKNOWN,,,0.0,,,,,,,False
DXB-SOBHAH-dc4afc9580,sobhaheartland,55.27802,25.174269,12.0,4,,,,,,,,,UNKNOWN,,,0.0,,,,,,,False
DXB-SOBHAH-356ecf522d,sobhaheartland,55.277838,25.174206,12.0,4,,,,,,,,,UNKNOWN,,,0.0,,,,,,,False
DXB-SOBHAH-144b6f61bd,sobhaheartland,55.277605,25.174166,12.0,4,,,,,,,,,UNKNOWN,,,0.0,,,,,,,False
DXB-SOBHAH-ee60569b7d,sobhaheartland,55.278419,25.174363,12.0,4,,,,,,,,,UNKNOWN,,,0.0,,,,,,,False
DXB-SOBHAH-0c72a4a43f,sobhaheartland,55.278812,25.174435,12.0,4,,,,,,,,,UNKNOWN,,,0.0,,,,,,,False
DXB-SOBHAH-4c0699f0df,sobhaheartland,55.278617,25.174385,12.0,4,,,,,,,,,UNKNOWN,,,0.0,,,,,,,False
DXB-SOBHAH-510a932a8c,sobhaheartland,55.278377,25.173142,12.0,4,,,,,,,,,UNKNOWN,,,0.0,,,,,,,False
DXB-SOBHAH-15c86af9fd,sobhaheartland,55.278622,25.173221,12.0,4,,,,,,,,,UNKNOWN,,,0.0,,,,,,,False
DXB-SOBHAH-a3257dd191,sobhaheartland,55.27979,25.173613,12.0,4,,,,,,,,,UNKNOWN,,,0.0,,,,,,,False
DXB-SOBHAH-dff24fddc0,sobhaheartland,55.279644,25.173373,12.0,4,,,,,,,,,UNKNOWN,,,0.0,,,,,,,False
DXB-SOBHAH-ad52903f14,sobhaheartland,55.280231,25.173609,12.0,4,,,,,,,,,UNKNOWN,,,0.0,,,,,,,False
DXB-SOBHAH-25fad6f85a,sobhaheartland,55.280195,25.173381,12.0,4,,,,,,,,,UNKNOWN,,,0.0,,,,,,,False
DXB-SOBHAH-da56ae86cf,sobhaheartland,55.28017,25.173866,12.0,4,,,,,,,,,UNKNOWN,,,0.0,,,,,,,False
DXB-SOBHAH-e9b16a7dfa,sobhaheartland,55.278559,25.173881,12.0,4,,,,,,,,,UNKNOWN,,,0.0,,,,,,,False
DXB-SOBHAH-518ae7b983,sobhaheartland,55.278293,25.173854,12.0,4,,,,,,,,,UNKNOWN,,,0.0,,,,,,,False
DXB-SOBHAH-814adbf4ca,sobhaheartland,55.278826,25.173967,12.0,4,,,,,,,,,UNKNOWN,,,0.0,,,,,,,False
DXB-SOBHAH-77a5eb521d,sobhaheartland,55.279621,25.174106,12.0,4,,,,,,,,,UNKNOWN,,,0.0,,,,,,,False
DXB-SOBHAH-0d6afeaaed,sobhaheartland,55.27937,25.174041,12.0,4,,,,,,,,,UNKNOWN,,,0.0,,,,,,,False
DXB-SOBHAH-7239c9aad7,sobhaheartland,55.279442,25.17451,12.0,4,,,,,,,,,UNKNOWN,,,0.0,,,,,,,False
DXB-SOBHAH-ef41521d31,sobhaheartland,55.279645,25.17458,12.0,4,,,,,,,,,UNKNOWN,,,0.0,,,,,,,False
DXB-SOBHAH-cdc04c23c9,sobhaheartland,55.279379,25.172529,12.0,4,,,,,,,,,UNKNOWN,,,0.0,,,,,,,False
DXB-SOBHAH-eaec930f90,sobhaheartland,55.279505,25.17278,12.0,4,,,,,,,,,UNKNOWN,,,0.0,,,,,,,False
DXB-SOBHAH-daed72b9b4,sobhaheartland,55.280168,25.172595,12.0,4,,,,,,,,,UNKNOWN,,,0.0,,,,,,,False
DXB-SOBHAH-c8d7d7c8b4,sobhaheartland,55.279912,25.172788,12.0,4,,,,,,,,,UNKNOWN,,,0.0,,,,,,,False
DXB-SOBHAH-fce64360ee,sobhaheartland,55.277497,25.172831,12.0,4,,,,,,,,,UNKNOWN,,,0.0,,,,,,,False
DXB-SOBHAH-9ec60aecaf,sobhaheartland,55.277262,25.172694,12.0,4,,,,,,,,,UNKNOWN,,,0.0,,,,,,,False
DXB-SOBHAH-d0de7dda22,sobhaheartland,55.276979,25.172458,12.0,4,,,,,,,,,UNKNOWN,,,0.0,,,,,,,False
DXB-SOBHAH-42be596819,sobhaheartland,55.277271,25.172195,12.0,4,,,,,,,,,UNKNOWN,,,0.0,,,,,,,False
DXB-SOBHAH-ad0452afc8,sobhaheartland,55.277352,25.17228,12.0,4,,,,,,,,,UNKNOWN,,,0.0,,,,,,,False
DXB-SOBHAH-d8451d36f2,sobhaheartland,55.276919,25.172932,12.0,4,,,,,,,,,UNKNOWN,,,0.0,,,,,,,False
DXB-SOBHAH-8c95cdaf17,sobhaheartland,55.277148,25.173078,12.0,4,,,,,,,,,UNKNOWN,,,0.0,,,,,,,False
DXB-SOBHAH-48eb8f10f0,sobhaheartland,55.277352,25.173185,12.0,4,,,,,,,,,UNKNOWN,,,0.0,,,,,,,False
DXB-SOBHAH-ac538fdd92,sobhaheartland,55.277744,25.173431,12.0,4,,,,,,,,,UNKNOWN,,,0.0,,,,,,,False
DXB-SOBHAH-97b8f623aa,sobhaheartland,55.277588,25.173561,12.0,4,,,,,,,,,UNKNOWN,,,0.0,,,,,,,False
DXB-SOBHAH-201692e297,sobhaheartland,55.277365,25.173415,12.0,4,,,,,,,,,UNKNOWN,,,0.0,,,,,,,False
DXB-SOBHAH-a3ec663e97,sobhaheartland,55.277159,25.173286,12.0,4,,,,,,,,,UNKNOWN,,,0.0,,,,,,,False
DXB-SOBHAH-5d9dfc6f61,sobhaheartland,55.276737,25.17305,12.0,4,,,,,,,,,UNKNOWN,,,0.0,,,,,,,False
DXB-SOBHAH-666319c0dc,sobhaheartland,55.276927,25.173215,12.0,4,,,,,,,,,UNKNOWN,,,0.0,,,,,,,False
DXB-SOBHAH-86048902db,sobhaheartland,55.278636,25.172616,12.0,4,,,,,,,,,UNKNOWN,,,0.0,,,,,,,False
DXB-SOBHAH-f3a2bcf41c,sobhaheartland,55.277846,25.172921,12.0,4,,,,,,,,,UNKNOWN,,,0.0,,,,,,,False
DXB-SOBHAH-4e8383b03a,sobhaheartland,55.275656,25.173504,12.0,4,,,,,,,,,UNKNOWN,,,0.0,,,,,,,False
DXB-SOBHAH-1532d23670,sobhaheartland,55.275884,25.173587,12.0,4,,,,,,,,,UNKNOWN,,,0.0,,,,,,,False
DXB-SOBHAH-957bfab5ad,sobhaheartland,55.276056,25.173728,12.0,4,,,,,,,,,UNKNOWN,,,0.0,,,,,,,False
DXB-SOBHAH-911d0bf3af,sobhaheartland,55.276257,25.173819,12.0,4,,,,,,,,,UNKNOWN,,,0.0,,,,,,,False
DXB-SOBHAH-73650d6844,sobhaheartland,55.276415,25.173979,12.0,4,,,,,,,,,UNKNOWN,,,0.0,,,,,,,False
DXB-SOBHAH-141aa93080,sobhaheartland,55.276566,25.174095,12.0,4,,,,,,,,,UNKNOWN,,,0.0,,,,,,,False
DXB-SOBHAH-b0e2436aa6,sobhaheartland,55.274274,25.172783,12.0,4,,,,,,,,,UNKNOWN,,,0.0,,,,,,,False
DXB-SOBHAH-b61baab3ed,sobhaheartland,55.274192,25.172619,12.0,4,,,,,,,,,UNKNOWN,,,0.0,,,,,,,False
DXB-SOBHAH-100f6b29bc,sobhaheartland,55.274076,25.172419,12.0,4,,,,,,,,,UNKNOWN,,,0.0,,,,,,,False
DXB-SOBHAH-6eb1994300,sobhaheartland,55.274387,25.172964,12.0,4,,,,,,,,,UNKNOWN,,,0.0,,,,,,,False
DXB-SOBHAH-ca73416b3a,sobhaheartland,55.274524,25.173159,12.0,4,,,,,,,,,UNKNOWN,,,0.0,,,,,,,False
DXB-SOBHAH-5d7df59dd4,sobhaheartland,55.274654,25.173312,12.0,4,,,,,,,,,UNKNOWN,,,0.0,,,,,,,False
DXB-SOBHAH-c35ca27857,sobhaheartland,55.274828,25.173488,12.0,4,,,,,,,,,UNKNOWN,,,0.0,,,,,,,False
DXB-SOBHAH-e319759f54,sobhaheartland,55.274979,25.173607,12.0,4,,,,,,,,,UNKNOWN,,,0.0,,,,,,,False
DXB-SOBHAH-b263be2520,sobhaheartland,55.275384,25.173865,12.0,4,,,,,,,,,UNKNOWN,,,0.0,,,,,,,False
DXB-SOBHAH-a1e8aee928,sobhaheartland,55.275767,25.17408,12.0,4,,,,,,,,,UNKNOWN,,,0.0,,,,,,,False
DXB-SOBHAH-b8ffe5bbb2,sobhaheartland,55.276129,25.174335,12.0,4,,,,,,,,,UNKNOWN,,,0.0,,,,,,,False
DXB-SOBHAH-12d5071520,sobhaheartland,55.275603,25.173991,12.0,4,,,,,,,,,UNKNOWN,,,0.0,,,,,,,False
DXB-SOBHAH-f4d5b3eb8c,sobhaheartland,55.275976,25.174227,12.0,4,,,,,,,,,UNKNOWN,,,0.0,,,,,,,False
DXB-SOBHAH-224280dfb1,sobhaheartland,55.276319,25.174501,12.0,4,,,,,,,,,UNKNOWN,,,0.0,,,,,,,False
DXB-SOBHAH-fb93f642cf,sobhaheartland,55.275019,25.172022,12.0,4,,,,,,,,,UNKNOWN,,,0.0,,,,,,,False
DXB-SOBHAH-6fb9a7be31,sobhaheartland,55.275267,25.172381,12.0,4,,,,,,,,,UNKNOWN,,,0.0,,,,,,,False
DXB-SOBHAH-c58b619f0d,sobhaheartland,55.275092,25.172216,12.0,4,,,,,,,,,UNKNOWN,,,0.0,,,,,,,False
DXB-SOBHAH-dbcdbe7ab1,sobhaheartland,55.27537,25.172527,12.0,4,,,,,,,,,UNKNOWN,,,0.0,,,,,,,False
DXB-SOBHAH-9e5342861e,sobhaheartland,55.275449,25.17271,12.0,4,,,,,,,,,UNKNOWN,,,0.0,,,,,,,False
DXB-SOBHAH-5a522e5de0,sobhaheartland,55.275618,25.172896,12.0,4,,,,,,,,,UNKNOWN,,,0.0,,,,,,,False
DXB-SOBHAH-165fa0dffa,sobhaheartland,55.274682,25.172205,12.0,4,,,,,,,,,UNKNOWN,,,0.0,,,,,,,False
DXB-SOBHAH-026999509d,sobhaheartland,55.274751,25.172327,12.0,4,,,,,,,,,UNKNOWN,,,0.0,,,,,,,False
DXB-SOBHAH-ab81bb6f52,sobhaheartland,55.274566,25.172368,12.0,4,,,,,,,,,UNKNOWN,,,0.0,,,,,,,False
DXB-SOBHAH-807513abb0,sobhaheartland,55.274664,25.172518,12.0,4,,,,,,,,,UNKNOWN,,,0.0,,,,,,,False
DXB-SOBHAH-e1f95a61a3,sobhaheartland,55.274771,25.172705,12.0,4,,,,,,,,,UNKNOWN,,,0.0,,,,,,,False
DXB-SOBHAH-a848d0fa77,sobhaheartland,55.274912,25.17292,12.0,4,,,,,,,,,UNKNOWN,,,0.0,,,,,,,False
DXB-SOBHAH-9473f936dc,sobhaheartland,55.275071,25.173066,12.0,4,,,,,,,,,UNKNOWN,,,0.0,,,,,,,False
DXB-SOBHAH-fa0574bd52,sobhaheartland,55.275239,25.173234,12.0,4,,,,,,,,,UNKNOWN,,,0.0,,,,,,,False
DXB-SOBHAH-3042fb629f,sobhaheartland,55.276019,25.173231,12.0,4,,,,,,,,,UNKNOWN,,,0.0,,,,,,,False
DXB-SOBHAH-1f44bb8a5a,sobhaheartland,55.276244,25.173324,12.0,4,,,,,,,,,UNKNOWN,,,0.0,,,,,,,False
DXB-SOBHAH-dc23da62c0,sobhaheartland,55.276419,25.173398,12.0,4,,,,,,,,,UNKNOWN,,,0.0,,,,,,,False
DXB-SOBHAH-7f0b3e2489,sobhaheartland,55.276604,25.173548,12.0,4,,,,,,,,,UNKNOWN,,,0.0,,,,,,,False
DXB-SOBHAH-38b9eff2ad,sobhaheartland,55.27678,25.173632,12.0,4,,,,,,,,,UNKNOWN,,,0.0,,,,,,,False
DXB-SOBHAH-da5a66779c,sobhaheartland,55.274783,25.171662,12.0,4,,,,,,,,,UNKNOWN,,,0.0,,,,,,,False
DXB-SOBHAH-f532598bcd,sobhaheartland,55.274581,25.171724,12.0,4,,,,,,,,,UNKNOWN,,,0.0,,,,,,,False
DXB-SOBHAH-743918ebd1,sobhaheartland,55.274436,25.171845,12.0,4,,,,,,,,,UNKNOWN,,,0.0,,,,,,,False
DXB-SOBHAH-94031207db,sobhaheartland,55.274237,25.171908,12.0,4,,,,,,,,,UNKNOWN,,,0.0,,,,,,,False
DXB-SOBHAH-0e5450fb62,sobhaheartland,55.276173,25.171772,12.0,4,,,,,,,,,UNKNOWN,,,0.0,,,,,,,False
DXB-SOBHAH-5a1bc10d60,sobhaheartland,55.276377,25.171946,12.0,4,,,,,,,,,UNKNOWN,,,0.0,,,,,,,False
DXB-SOBHAH-da21fea996,sobhaheartland,55.276586,25.172148,12.0,4,,,,,,,,,UNKNOWN,,,0.0,,,,,,,False
DXB-SOBHAH-5492feb1f9,sobhaheartland,55.275637,25.171983,12.0,4,,,,,,,,,UNKNOWN,,,0.0,,,,,,,False
DXB-SOBHAH-c9b54d1780,sobhaheartland,55.275811,25.17216,12.0,4,,,,,,,,,UNKNOWN,,,0.0,,,,,,,False
DXB-SOBHAH-079f005561,sobhaheartland,55.275888,25.172413,12.0,4,,,,,,,,,UNKNOWN,,,0.0,,,,,,,False
DXB-SOBHAH-e277632e32,sobhaheartland,55.276118,25.172594,12.0,4,,,,,,,,,UNKNOWN,,,0.0,,,,,,,False
DXB-SOBHAH-213e43e298,sobhaheartland,55.273136,25.170047,12.0,4,,,,,,,,,UNKNOWN,,,0.0,,,,,,,False
DXB-SOBHAH-f7b9dc6389,sobhaheartland,55.273309,25.169923,12.0,4,,,,,,,,,UNKNOWN,,,0.0,,,,,,,False
DXB-SOBHAH-8bc27086b1,sobhaheartland,55.273518,25.169862,12.0,4,,,,,,,,,UNKNOWN,,,0.0,,,,,,,False
DXB-SOBHAH-8b77174f4a,sobhaheartland,55.273889,25.170817,12.0,4,,,,,,,,,UNKNOWN,,,0.0,,,,,,,False
DXB-SOBHAH-0014e68519,sobhaheartland,55.273272,25.170897,12.0,4,,,,,,,,,UNKNOWN,,,0.0,,,,,,,False
DXB-SOBHAH-4d397539ae,sobhaheartland,55.273121,25.170529,12.0,4,,,,,,,,,UNKNOWN,,,0.0,,,,,,,False
DXB-SOBHAH-8020b9a030,sobhaheartland,55.273211,25.17067,12.0,4,,,,,,,,,UNKNOWN,,,0.0,,,,,,,False
DXB-SOBHAH-0794797019,sobhaheartland,55.273745,25.170291,12.0,4,,,,,,,,,UNKNOWN,,,0.0,,,,,,,False
DXB-SOBHAH-ec837027f9,sobhaheartland,55.273571,25.170362,12.0,4,,,,,,,,,UNKNOWN,,,0.0,,,,,,,False
DXB-SOBHAH-473980b081,sobhaheartland,55.274099,25.170102,12.0,4,,,,,,,,,UNKNOWN,,,0.0,,,,,,,False
DXB-SOBHAH-7e40a477a7,sobhaheartland,55.274127,25.170282,12.0,4,,,,,,,,,UNKNOWN,,,0.0,,,,,,,False
DXB-SOBHAH-37347bf6f0,sobhaheartland,55.274143,25.170486,12.0,4,,,,,,,,,UNKNOWN,,,0.0,,,,,,,False
DXB-SOBHAH-de5c0164bc,sobhaheartland,55.275297,25.174136,12.0,4,,,,,,,,,UNKNOWN,,,0.0,,,,,,,False
DXB-SOBHAH-ccccb04e69,sobhaheartland,55.273501,25.172171,12.0,4,,,,,,,,,UNKNOWN,,,0.0,,,,,,,False
DXB-SOBHAH-868e057eaf,sobhaheartland,55.273489,25.17225,12.0,4,,,,,,,,,UNKNOWN,,,0.0,,,,,,,False
DXB-SOBHAH-c1837cc133,sobhaheartland,55.273657,25.17226,12.0,4,,,,,,,,,UNKNOWN,,,0.0,,,,,,,False
DXB-SOBHAH-71c5a5fefd,sobhaheartland,55.273666,25.172319,12.0,4,,,,,,,,,UNKNOWN,,,0.0,,,,,,,False
DXB-SOBHAH-934e6ef435,sobhaheartland,55.273535,25.172199,12.0,4,,,,,,,,,UNKNOWN,,,0.0,,,,,,,False
DXB-SOBHAH-c96fcdafee,sobhaheartland,55.275209,25.168,12.0,4,,,,,,,,,UNKNOWN,,,0.0,,,,,,,False
DXB-SOBHAH-07c39b3291,sobhaheartland,55.274947,25.167958,12.0,4,,,,,,,,,UNKNOWN,,,0.0,,,,,,,False
DXB-SOBHAH-aafa9d69ed,sobhaheartland,55.274646,25.166377,12.0,4,,,,,,,,,UNKNOWN,,,0.0,,,,,,,False
DXB-SOBHAH-b0efc8d8f5,sobhaheartland,55.274867,25.166421,12.0,4,,,,,,,,,UNKNOWN,,,0.0,,,,,,,False
DXB-SOBHAH-3cc0fc3ca8,sobhaheartland,55.275012,25.166916,12.0,4,,,,,,,,,UNKNOWN,,,0.0,,,,,,,False
DXB-SOBHAH-03b7a814d2,sobhaheartland,55.275268,25.166958,12.0,4,,,,,,,,,UNKNOWN,,,0.0,,,,,,,False
DXB-SOBHAH-bab257de86,sobhaheartland,55.275457,25.167005,12.0,4,,,,,,,,,UNKNOWN,,,0.0,,,,,,,False
DXB-SOBHAH-a8754df540,sobhaheartland,55.275285,25.167601,12.0,4,,,,,,,,,UNKNOWN,,,0.0,,,,,,,False
DXB-SOBHAH-ed44a4a72a,sobhaheartland,55.27503,25.167559,12.0,4,,,,,,,,,UNKNOWN,,,0.0,,,,,,,False
DXB-SOBHAH-07bc460792,sobhaheartland,55.27579,25.16739,12.0,4,,,,,,,,,UNKNOWN,,,0.0,,,,,,,False
DXB-SOBHAH-8b61a0e85b,sobhaheartland,55.275772,25.167607,12.0,4,,,,,,,,,UNKNOWN,,,0.0,,,,,,,False
DXB-SOBHAH-f5e01de188,sobhaheartland,55.276002,25.168256,12.0,4,,,,,,,,,UNKNOWN,,,0.0,,,,,,,False
DXB-SOBHAH-c11aa14662,sobhaheartland,55.275066,25.169341,12.0,4,,,,,,,,,UNKNOWN,,,0.0,,,,,,,False
DXB-SOBHAH-712b72965e,sobhaheartland,55.275166,25.169967,12.0,4,,,,,,,,,UNKNOWN,,,0.0,,,,,,,False
DXB-SOBHAH-041b9b39f5,sobhaheartland,55.275808,25.166451,12.0,4,,,,,,,,,UNKNOWN,,,0.0,,,,,,,False
DXB-SOBHAH-0ac3f87ca4,sobhaheartland,55.2756,25.166515,12.0,4,,,,,,,,,UNKNOWN,,,0.0,,,,,,,False
DXB-SOBHAH-842bce23f5,sobhaheartland,55.275725,25.166013,12.0,4,,,,,,,,,UNKNOWN,,,0.0,,,,,,,False
DXB-SOBHAH-c64ff16e07,sobhaheartland,55.275652,25.16621,12.0,4,,,,,,,,,UNKNOWN,,,0.0,,,,,,,False
DXB-SOBHAH-ee10e144f4,sobhaheartland,55.275548,25.166003,12.0,4,,,,,,,,,UNKNOWN,,,0.0,,,,,,,False
DXB-SOBHAH-b6f6f9f57e,sobhaheartland,55.275332,25.16579,12.0,4,Wilton Terraces,Wilton Terraces,BUILDING_NAME,Wilton Terraces,,,,,INFERRED,register,register,0.9,0.0,True,,,ellington,carried on the footprint by build_anchors,False
DXB-SOBHAH-5bbb05c7a8,sobhaheartland,55.273618,25.168976,12.0,4,,,,,,,,,UNKNOWN,,,0.0,,,,,,,False
DXB-SOBHAH-8bda7485dc,sobhaheartland,55.273447,25.169048,12.0,4,,,,,,,,,UNKNOWN,,,0.0,,,,,,,False
DXB-SOBHAH-17325a85f6,sobhaheartland,55.273223,25.169019,12.0,4,,,,,,,,,UNKNOWN,,,0.0,,,,,,,False
DXB-SOBHAH-f437402d63,sobhaheartland,55.273163,25.168848,12.0,4,,,,,,,,,UNKNOWN,,,0.0,,,,,,,False
DXB-SOBHAH-0cd017f82e,sobhaheartland,55.273094,25.1685,12.0,4,,,,,,,,,UNKNOWN,,,0.0,,,,,,,False
DXB-SOBHAH-610d29797b,sobhaheartland,55.273152,25.168667,12.0,4,,,,,,,,,UNKNOWN,,,0.0,,,,,,,False
DXB-SOBHAH-46aac748de,sobhaheartland,55.273088,25.168339,12.0,4,,,,,,,,,UNKNOWN,,,0.0,,,,,,,False
DXB-SOBHAH-3ed50fab77,sobhaheartland,55.273103,25.167887,12.0,4,,,,,,,,,UNKNOWN,,,0.0,,,,,,,False
DXB-SOBHAH-762f1eee06,sobhaheartland,55.273035,25.167706,12.0,4,,,,,,,,,UNKNOWN,,,0.0,,,,,,,False
DXB-SOBHAH-b73530c1d8,sobhaheartland,55.273097,25.167517,12.0,4,,,,,,,,,UNKNOWN,,,0.0,,,,,,,False
DXB-SOBHAH-aa0b110697,sobhaheartland,55.273175,25.167322,12.0,4,,,,,,,,,UNKNOWN,,,0.0,,,,,,,False
DXB-SOBHAH-598bfb0c99,sobhaheartland,55.273173,25.167125,12.0,4,,,,,,,,,UNKNOWN,,,0.0,,,,,,,False
DXB-SOBHAH-fc263f3421,sobhaheartland,55.277623,25.169801,12.0,4,,,,,,,,,UNKNOWN,,,0.0,,,,,,,False
DXB-SOBHAH-a90eeab924,sobhaheartland,55.273801,25.166244,12.0,4,,,,,,,,,UNKNOWN,,,0.0,,,,,,,False
DXB-SOBHAH-e0cead968d,sobhaheartland,55.273629,25.166149,12.0,4,,,,,,,,,UNKNOWN,,,0.0,,,,,,,False
DXB-SOBHAH-28d15d7f5b,sobhaheartland,55.273441,25.166085,12.0,4,,,,,,,,,UNKNOWN,,,0.0,,,,,,,False
DXB-SOBHAH-6df3eed09a,sobhaheartland,55.273258,25.166008,12.0,4,,,,,,,,,UNKNOWN,,,0.0,,,,,,,False
DXB-SOBHAH-c3784da406,sobhaheartland,55.273507,25.16494,12.0,4,,,,,,,,,UNKNOWN,,,0.0,,,,,,,False
DXB-SOBHAH-ce0db04b4e,sobhaheartland,55.273378,25.165076,12.0,4,,,,,,,,,UNKNOWN,,,0.0,,,,,,,False
DXB-SOBHAH-70b03eef74,sobhaheartland,55.273227,25.165211,12.0,4,,,,,,,,,UNKNOWN,,,0.0,,,,,,,False
DXB-SOBHAH-b375a34a23,sobhaheartland,55.274171,25.165471,12.0,4,,,,,,,,,UNKNOWN,,,0.0,,,,,,,False
DXB-SOBHAH-0a0be44dd7,sobhaheartland,55.274013,25.16533,12.0,4,,,,,,,,,UNKNOWN,,,0.0,,,,,,,False
DXB-SOBHAH-58ee5885ef,sobhaheartland,55.273917,25.165644,12.0,4,,,,,,,,,UNKNOWN,,,0.0,,,,,,,False
DXB-SOBHAH-b90a28b33d,sobhaheartland,55.273996,25.16567,12.0,4,,,,,,,,,UNKNOWN,,,0.0,,,,,,,False
DXB-SOBHAH-24230c1da8,sobhaheartland,55.273927,25.165831,12.0,4,,,,,,,,,UNKNOWN,,,0.0,,,,,,,False
DXB-SOBHAH-32ea5e8432,sobhaheartland,55.273731,25.165743,12.0,4,,,,,,,,,UNKNOWN,,,0.0,,,,,,,False
DXB-SOBHAH-d3b8f94ff9,sobhaheartland,55.273599,25.165609,12.0,4,,,,,,,,,UNKNOWN,,,0.0,,,,,,,False
DXB-SOBHAH-f70c1d20c9,sobhaheartland,55.274268,25.165983,12.0,4,,,,,,,,,UNKNOWN,,,0.0,,,,,,,False
DXB-SOBHAH-03d74f723f,sobhaheartland,55.274324,25.165791,12.0,4,,,,,,,,,UNKNOWN,,,0.0,,,,,,,False
DXB-SOBHAH-37425c2465,sobhaheartland,55.274931,25.168637,12.0,4,,,,,,,,,UNKNOWN,,,0.0,,,,,,,False
DXB-SOBHAH-9bb795bbf4,sobhaheartland,55.275571,25.169302,12.0,4,,,,,,,,,UNKNOWN,,,0.0,,,,,,,False
DXB-SOBHAH-50f65c07c0,sobhaheartland,55.275561,25.169244,12.0,4,,,,,,,,,UNKNOWN,,,0.0,,,,,,,False
DXB-SOBHAH-70fc716b61,sobhaheartland,55.275611,25.169732,12.0,4,,,,,,,,,UNKNOWN,,,0.0,,,,,,,False
DXB-SOBHAH-a4a88263d9,sobhaheartland,55.274775,25.169883,12.0,4,,,,,,,,,UNKNOWN,,,0.0,,,,,,,False
DXB-SOBHAH-b6b4da5bdd,sobhaheartland,55.274741,25.169778,12.0,4,,,,,,,,,UNKNOWN,,,0.0,,,,,,,False
DXB-SOBHAH-4c24a9bec7,sobhaheartland,55.27485,25.169857,12.0,4,,,,,,,,,UNKNOWN,,,0.0,,,,,,,False
DXB-SOBHAH-a4de9a9476,sobhaheartland,55.274834,25.170014,12.0,4,,,,,,,,,UNKNOWN,,,0.0,,,,,,,False
DXB-SOBHAH-a430eaa021,sobhaheartland,55.275676,25.170248,12.0,4,,,,,,,,,UNKNOWN,,,0.0,,,,,,,False
DXB-SOBHAH-3a8241a218,sobhaheartland,55.276817,25.161912,12.0,4,,,,,,,,,UNKNOWN,,,0.0,,,,,,,False
DXB-SOBHAH-ffa694d01c,sobhaheartland,55.277003,25.162079,12.0,4,,,,,,,,,UNKNOWN,,,0.0,,,,,,,False
DXB-SOBHAH-57216ee867,sobhaheartland,55.277159,25.162208,12.0,4,,,,,,,,,UNKNOWN,,,0.0,,,,,,,False
DXB-SOBHAH-b28af5b7b1,sobhaheartland,55.276917,25.162468,12.0,4,,,,,,,,,UNKNOWN,,,0.0,,,,,,,False
DXB-SOBHAH-731228d004,sobhaheartland,55.27677,25.162611,12.0,4,,,,,,,,,UNKNOWN,,,0.0,,,,,,,False
DXB-SOBHAH-c410cb7771,sobhaheartland,55.276513,25.162888,12.0,4,,,,,,,,,UNKNOWN,,,0.0,,,,,,,False
DXB-SOBHAH-b01ff2930d,sobhaheartland,55.276622,25.162737,12.0,4,,,,,,,,,UNKNOWN,,,0.0,,,,,,,False
DXB-SOBHAH-f29cffa515,sobhaheartland,55.276389,25.163041,12.0,4,,,,,,,,,UNKNOWN,,,0.0,,,,,,,False
DXB-SOBHAH-5d6623d8c8,sobhaheartland,55.276329,25.163221,12.0,4,,,,,,,,,UNKNOWN,,,0.0,,,,,,,False
DXB-SOBHAH-278540b371,sobhaheartland,55.276573,25.162163,12.0,4,,,,,,,,,UNKNOWN,,,0.0,,,,,,,False
DXB-SOBHAH-e95c172de6,sobhaheartland,55.27639,25.162283,12.0,4,,,,,,,,,UNKNOWN,,,0.0,,,,,,,False
DXB-SOBHAH-66bc4ccc73,sobhaheartland,55.276248,25.16244,12.0,4,,,,,,,,,UNKNOWN,,,0.0,,,,,,,False
DXB-SOBHAH-fab3f138c3,sobhaheartland,55.276173,25.162623,12.0,4,,,,,,,,,UNKNOWN,,,0.0,,,,,,,False
DXB-SOBHAH-77e7c125e0,sobhaheartland,55.276032,25.162764,12.0,4,,,,,,,,,UNKNOWN,,,0.0,,,,,,,False
DXB-SOBHAH-b2d3a6bc62,sobhaheartland,55.275838,25.162896,12.0,4,,,,,,,,,UNKNOWN,,,0.0,,,,,,,False
DXB-SOBHAH-efe79dbe37,sobhaheartland,55.275787,25.163269,12.0,4,,,,,,,,,UNKNOWN,,,0.0,,,,,,,False
DXB-SOBHAH-5118ca5619,sobhaheartland,55.275569,25.163152,12.0,4,,,,,,,,,UNKNOWN,,,0.0,,,,,,,False
DXB-SOBHAH-4877e43b22,sobhaheartland,55.275915,25.163409,12.0,4,,,,,,,,,UNKNOWN,,,0.0,,,,,,,False
DXB-SOBHAH-463bd75854,sobhaheartland,55.276126,25.163536,12.0,4,,,,,,,,,UNKNOWN,,,0.0,,,,,,,False
DXB-SOBHAH-f132fc2db5,sobhaheartland,55.275187,25.163459,12.0,4,,,,,,,,,UNKNOWN,,,0.0,,,,,,,False
DXB-SOBHAH-268fa62ed3,sobhaheartland,55.275029,25.163602,12.0,4,,,,,,,,,UNKNOWN,,,0.0,,,,,,,False
DXB-SOBHAH-959bc0db12,sobhaheartland,55.274892,25.163721,12.0,4,,,,,,,,,UNKNOWN,,,0.0,,,,,,,False
DXB-SOBHAH-8b8bcf81c6,sobhaheartland,55.274777,25.163868,12.0,4,,,,,,,,,UNKNOWN,,,0.0,,,,,,,False
DXB-SOBHAH-a4fcd667ee,sobhaheartland,55.275452,25.163627,12.0,4,,,,,,,,,UNKNOWN,,,0.0,,,,,,,False
DXB-SOBHAH-e670ca6ab9,sobhaheartland,55.275587,25.16378,12.0,4,,,,,,,,,UNKNOWN,,,0.0,,,,,,,False
DXB-SOBHAH-1fb56c820b,sobhaheartland,55.275143,25.164021,12.0,4,,,,,,,,,UNKNOWN,,,0.0,,,,,,,False
DXB-SOBHAH-7fe47a8d9f,sobhaheartland,55.275906,25.163916,12.0,4,,,,,,,,,UNKNOWN,,,0.0,,,,,,,False
DXB-SOBHAH-87f21c8d56,sobhaheartland,55.275833,25.164097,12.0,4,,,,,,,,,UNKNOWN,,,0.0,,,,,,,False
DXB-SOBHAH-80c8009850,sobhaheartland,55.275734,25.16425,12.0,4,,,,,,,,,UNKNOWN,,,0.0,,,,,,,False
DXB-SOBHAH-e9372e17d4,sobhaheartland,55.276489,25.165308,12.0,4,,,,,,,,,UNKNOWN,,,0.0,,,,,,,False
DXB-SOBHAH-b18da3fd8e,sobhaheartland,55.27633,25.165128,12.0,4,,,,,,,,,UNKNOWN,,,0.0,,,,,,,False
DXB-SOBHAH-a51515e2e1,sobhaheartland,55.276133,25.165042,12.0,4,,,,,,,,,UNKNOWN,,,0.0,,,,,,,False
DXB-SOBHAH-379c5c260c,sobhaheartland,55.274498,25.165068,12.0,4,,,,,,,,,UNKNOWN,,,0.0,,,,,,,False
DXB-SOBHAH-a9e4585562,sobhaheartland,55.274336,25.164954,12.0,4,,,,,,,,,UNKNOWN,,,0.0,,,,,,,False
DXB-SOBHAH-fa29f9eedb,sobhaheartland,55.274168,25.164848,12.0,4,,,,,,,,,UNKNOWN,,,0.0,,,,,,,False
DXB-SOBHAH-f89d06b946,sobhaheartland,55.274626,25.165214,12.0,4,,,,,,,,,UNKNOWN,,,0.0,,,,,,,False
DXB-SOBHAH-f47f5e7d43,sobhaheartland,55.275641,25.162389,12.0,4,,,,,,,,,UNKNOWN,,,0.0,,,,,,,False
DXB-SOBHAH-b12b691edc,sobhaheartland,55.275529,25.162575,12.0,4,,,,,,,,,UNKNOWN,,,0.0,,,,,,,False
DXB-SOBHAH-8e1070cd89,sobhaheartland,55.275367,25.162712,12.0,4,,,,,,,,,UNKNOWN,,,0.0,,,,,,,False
DXB-SOBHAH-cc5f328c25,sobhaheartland,55.27519,25.162861,12.0,4,,,,,,,,,UNKNOWN,,,0.0,,,,,,,False
DXB-SOBHAH-91173e5c2a,sobhaheartland,55.274768,25.163132,12.0,4,,,,,,,,,UNKNOWN,,,0.0,,,,,,,False
DXB-SOBHAH-9062964ed4,sobhaheartland,55.274938,25.162973,12.0,4,,,,,,,,,UNKNOWN,,,0.0,,,,,,,False
DXB-SOBHAH-878165761d,sobhaheartland,55.274595,25.16326,12.0,4,,,,,,,,,UNKNOWN,,,0.0,,,,,,,False
DXB-SOBHAH-cbc283953b,sobhaheartland,55.274431,25.163393,12.0,4,,,,,,,,,UNKNOWN,,,0.0,,,,,,,False
DXB-SOBHAH-3fb1fa64a5,sobhaheartland,55.276616,25.164672,12.0,4,,,,,,,,,UNKNOWN,,,0.0,,,,,,,False
DXB-SOBHAH-de7dab4a6d,sobhaheartland,55.276834,25.164272,12.0,4,,,,,,,,,UNKNOWN,,,0.0,,,,,,,False
DXB-SOBHAH-f2c440e381,sobhaheartland,55.276883,25.164191,12.0,4,,,,,,,,,UNKNOWN,,,0.0,,,,,,,False
DXB-SOBHAH-37512717d2,sobhaheartland,55.277526,25.160237,12.0,4,,,,,,,,,UNKNOWN,,,0.0,,,,,,,False
DXB-SOBHAH-071ac29dc7,sobhaheartland,55.277097,25.160829,12.0,4,,,,,,,,,UNKNOWN,,,0.0,,,,,,,False
DXB-SOBHAH-1ca56b47b3,sobhaheartland,55.277054,25.160944,12.0,4,,,,,,,,,UNKNOWN,,,0.0,,,,,,,False
DXB-SOBHAH-490f1bda0a,sobhaheartland,55.277318,25.160789,12.0,4,,,,,,,,,UNKNOWN,,,0.0,,,,,,,False
DXB-SOBHAH-f141ffb939,sobhaheartland,55.277153,25.160923,12.0,4,,,,,,,,,UNKNOWN,,,0.0,,,,,,,False
DXB-SOBHAH-4d13568f03,sobhaheartland,55.277006,25.161128,12.0,4,,,,,,,,,UNKNOWN,,,0.0,,,,,,,False
DXB-SOBHAH-01a0b2029c,sobhaheartland,55.276873,25.16122,12.0,4,,,,,,,,,UNKNOWN,,,0.0,,,,,,,False
DXB-SOBHAH-9f1a578936,sobhaheartland,55.276733,25.161335,12.0,4,,,,,,,,,UNKNOWN,,,0.0,,,,,,,False
DXB-SOBHAH-41fa7b309b,sobhaheartland,55.276516,25.161512,12.0,4,,,,,,,,,UNKNOWN,,,0.0,,,,,,,False
DXB-SOBHAH-6776c0c937,sobhaheartland,55.276403,25.161657,12.0,4,,,,,,,,,UNKNOWN,,,0.0,,,,,,,False
DXB-SOBHAH-3712273106,sobhaheartland,55.27625,25.1618,12.0,4,,,,,,,,,UNKNOWN,,,0.0,,,,,,,False
DXB-SOBHAH-13b189ba09,sobhaheartland,55.276087,25.161918,12.0,4,,,,,,,,,UNKNOWN,,,0.0,,,,,,,False
DXB-SOBHAH-7b178d499b,sobhaheartland,55.275931,25.16205,12.0,4,,,,,,,,,UNKNOWN,,,0.0,,,,,,,False
DXB-SOBHAH-c92052d8aa,sobhaheartland,55.275725,25.162089,12.0,4,,,,,,,,,UNKNOWN,,,0.0,,,,,,,False
DXB-SOBHAH-2207f6a546,sobhaheartland,55.275791,25.16217,12.0,4,,,,,,,,,UNKNOWN,,,0.0,,,,,,,False
DXB-SOBHAH-d94e2b65a2,sobhaheartland,55.283935,25.15412,12.0,4,Villa 15,Villa 15,ADDRESS,,,,,Villa 15,STRUCTURALLY_IDENTIFIED,osm,osm,0.9,0.0,True,,,,carried on the footprint by build_anchors,False
DXB-SOBHAH-447aeeaabb,sobhaheartland,55.284178,25.1542,12.0,4,Villa 13,Villa 13,ADDRESS,,,,,Villa 13,STRUCTURALLY_IDENTIFIED,osm,osm,0.9,0.0,True,,,,carried on the footprint by build_anchors,False
DXB-SOBHAH-1125c64c07,sobhaheartland,55.284397,25.154294,12.0,4,Villa 11,Villa 11,ADDRESS,,,,,Villa 11,STRUCTURALLY_IDENTIFIED,osm,osm,0.9,0.0,True,,,,carried on the footprint by build_anchors,False
DXB-SOBHAH-ea67c78ce0,sobhaheartland,55.284607,25.15441,12.0,4,Villa 9,Villa 9,ADDRESS,,,,,Villa 9,STRUCTURALLY_IDENTIFIED,osm,osm,0.9,0.0,True,,,,carried on the footprint by build_anchors,False
DXB-SOBHAH-cae8451981,sobhaheartland,55.283624,25.154081,12.0,4,Villa 17,Villa 17,ADDRESS,,,,,Villa 17,STRUCTURALLY_IDENTIFIED,osm,osm,0.9,0.0,True,,,,carried on the footprint by build_anchors,False
DXB-SOBHAH-04dee159b7,sobhaheartland,55.283358,25.154067,12.0,4,Villa 19,Villa 19,ADDRESS,,,,,Villa 19,STRUCTURALLY_IDENTIFIED,osm,osm,0.9,0.0,True,,,,carried on the footprint by build_anchors,False
DXB-SOBHAH-22392ba2c1,sobhaheartland,55.28312,25.154066,12.0,4,Villa 21,Villa 21,ADDRESS,,,,,Villa 21,STRUCTURALLY_IDENTIFIED,osm,osm,0.9,0.0,True,,,,carried on the footprint by build_anchors,False
DXB-SOBHAH-8731e0f941,sobhaheartland,55.282109,25.154418,12.0,4,Villa 29,Villa 29,ADDRESS,,,,,Villa 29,STRUCTURALLY_IDENTIFIED,osm,osm,0.9,0.0,True,,,,carried on the footprint by build_anchors,False
DXB-SOBHAH-d104df49da,sobhaheartland,55.281569,25.154941,12.0,4,Villa 35,Villa 35,ADDRESS,,,,,Villa 35,STRUCTURALLY_IDENTIFIED,osm,osm,0.9,0.0,True,,,,carried on the footprint by build_anchors,False
DXB-SOBHAH-0d6ef814a5,sobhaheartland,55.281453,25.155142,12.0,4,Villa 37,Villa 37,ADDRESS,,,,,Villa 37,STRUCTURALLY_IDENTIFIED,osm,osm,0.9,0.0,True,,,,carried on the footprint by build_anchors,False
DXB-SOBHAH-d93d2683ce,sobhaheartland,55.282638,25.15417,12.0,4,Villa 25,Villa 25,ADDRESS,,,,,Villa 25,STRUCTURALLY_IDENTIFIED,osm,osm,0.9,0.0,True,,,,carried on the footprint by build_anchors,False
DXB-SOBHAH-71fb19c08c,sobhaheartland,55.273927,25.16384,12.0,4,,,,,,,,,UNKNOWN,,,0.0,,,,,,,False
DXB-SOBHAH-5f65219282,sobhaheartland,55.284895,25.154593,12.0,4,Villa 7,Villa 7,ADDRESS,,,,,Villa 7,STRUCTURALLY_IDENTIFIED,osm,osm,0.9,0.0,True,,,,carried on the footprint by build_anchors,False
DXB-SOBHAH-c431e40b9f,sobhaheartland,55.285096,25.154726,12.0,4,Villa 5,Villa 5,ADDRESS,,,,,Villa 5,STRUCTURALLY_IDENTIFIED,osm,osm,0.9,0.0,True,,,,carried on the footprint by build_anchors,False
DXB-SOBHAH-9dcbf0c635,sobhaheartland,55.285272,25.154865,12.0,4,Villa 3,Villa 3,ADDRESS,,,,,Villa 3,STRUCTURALLY_IDENTIFIED,osm,osm,0.9,0.0,True,,,,carried on the footprint by build_anchors,False
DXB-SOBHAH-fcbba9a00d,sobhaheartland,55.285459,25.155013,12.0,4,Villa 1,Villa 1,ADDRESS,,,,,Villa 1,STRUCTURALLY_IDENTIFIED,osm,osm,0.9,0.0,True,,,,carried on the footprint by build_anchors,False
DXB-SOBHAH-b840a42fa2,sobhaheartland,55.282403,25.154228,12.0,4,Villa 27,Villa 27,ADDRESS,,,,,Villa 27,STRUCTURALLY_IDENTIFIED,osm,osm,0.9,0.0,True,,,,carried on the footprint by build_anchors,False
DXB-SOBHAH-c2167aebed,sobhaheartland,55.281118,25.156843,12.0,4,,,,,,,,,UNKNOWN,,,0.0,,,,,,,False
DXB-SOBHAH-8e9f6c2d98,sobhaheartland,55.281901,25.157145,12.0,4,,,,,,,,,UNKNOWN,,,0.0,,,,,,,False
DXB-SOBHAH-b0d19ff472,sobhaheartland,55.282046,25.157204,12.0,4,,,,,,,,,UNKNOWN,,,0.0,,,,,,,False
DXB-SOBHAH-0f024fb796,sobhaheartland,55.282196,25.157262,12.0,4,,,,,,,,,UNKNOWN,,,0.0,,,,,,,False
DXB-SOBHAH-78b96ac366,sobhaheartland,55.282389,25.157338,12.0,4,,,,,,,,,UNKNOWN,,,0.0,,,,,,,False
DXB-SOBHAH-55fb9ff8eb,sobhaheartland,55.282535,25.157394,12.0,4,,,,,,,,,UNKNOWN,,,0.0,,,,,,,False
DXB-SOBHAH-cb6695695a,sobhaheartland,55.285386,25.154952,12.0,4,Villa 2,Villa 2,ADDRESS,,,,,Villa 2,STRUCTURALLY_IDENTIFIED,osm,osm,0.9,0.0,True,,,,carried on the footprint by build_anchors,False
DXB-SOBHAH-1dad829451,sobhaheartland,55.285201,25.15481,12.0,4,Villa 4,Villa 4,ADDRESS,,,,,Villa 4,STRUCTURALLY_IDENTIFIED,osm,osm,0.9,0.0,True,,,,carried on the footprint by build_anchors,False
DXB-SOBHAH-1e3ca33af3,sobhaheartland,55.285012,25.154671,12.0,4,Villa 6,Villa 6,ADDRESS,,,,,Villa 6,STRUCTURALLY_IDENTIFIED,osm,osm,0.9,0.0,True,,,,carried on the footprint by build_anchors,False
DXB-SOBHAH-5910a2b031,sobhaheartland,55.284809,25.154542,12.0,4,Villa 8,Villa 8,ADDRESS,,,,,Villa 8,STRUCTURALLY_IDENTIFIED,osm,osm,0.9,0.0,True,,,,carried on the footprint by build_anchors,False
DXB-SOBHAH-4b35430a27,sobhaheartland,55.284526,25.154361,12.0,4,Villa 10,Villa 10,ADDRESS,,,,,Villa 10,STRUCTURALLY_IDENTIFIED,osm,osm,0.9,0.0,True,,,,carried on the footprint by build_anchors,False
DXB-SOBHAH-001fd435a2,sobhaheartland,55.28431,25.154253,12.0,4,Villa 12,Villa 12,ADDRESS,,,,,Villa 12,STRUCTURALLY_IDENTIFIED,osm,osm,0.9,0.0,True,,,,carried on the footprint by build_anchors,False
DXB-SOBHAH-e10a1e7f53,sobhaheartland,55.284079,25.154164,12.0,4,Villa 14,Villa 14,ADDRESS,,,,,Villa 14,STRUCTURALLY_IDENTIFIED,osm,osm,0.9,0.0,True,,,,carried on the footprint by build_anchors,False
DXB-SOBHAH-f2d4dce1ac,sobhaheartland,55.283832,25.154091,12.0,4,Villa 16,Villa 16,ADDRESS,,,,,Villa 16,STRUCTURALLY_IDENTIFIED,osm,osm,0.9,0.0,True,,,,carried on the footprint by build_anchors,False
DXB-SOBHAH-481abc8ec9,sobhaheartland,55.283518,25.154073,12.0,4,Villa 18,Villa 18,ADDRESS,,,,,Villa 18,STRUCTURALLY_IDENTIFIED,osm,osm,0.9,0.0,True,,,,carried on the footprint by build_anchors,False
DXB-SOBHAH-d17e838196,sobhaheartland,55.283253,25.154069,12.0,4,Villa 20,Villa 20,ADDRESS,,,,,Villa 20,STRUCTURALLY_IDENTIFIED,osm,osm,0.9,0.0,True,,,,carried on the footprint by build_anchors,False
DXB-SOBHAH-9a371f4bcd,sobhaheartland,55.283027,25.154077,12.0,4,Villa 22,Villa 22,ADDRESS,,,,,Villa 22,STRUCTURALLY_IDENTIFIED,osm,osm,0.9,0.0,True,,,,carried on the footprint by build_anchors,False
DXB-SOBHAH-bca6be6fec,sobhaheartland,55.282878,25.154107,12.0,4,Villa 23,Villa 23,ADDRESS,,,,,Villa 23,STRUCTURALLY_IDENTIFIED,osm,osm,0.9,0.0,True,,,,carried on the footprint by build_anchors,False
DXB-SOBHAH-128a59bdf0,sobhaheartland,55.282793,25.154127,12.0,4,Villa 24,Villa 24,ADDRESS,,,,,Villa 24,STRUCTURALLY_IDENTIFIED,osm,osm,0.9,0.0,True,,,,carried on the footprint by build_anchors,False
DXB-SOBHAH-aca2ca0b0d,sobhaheartland,55.282542,25.1542,12.0,4,Villa 26,Villa 26,ADDRESS,,,,,Villa 26,STRUCTURALLY_IDENTIFIED,osm,osm,0.9,0.0,True,,,,carried on the footprint by build_anchors,False
DXB-SOBHAH-ff1f12f66d,sobhaheartland,55.28231,25.15427,12.0,4,Villa 28,Villa 28,ADDRESS,,,,,Villa 28,STRUCTURALLY_IDENTIFIED,osm,osm,0.9,0.0,True,,,,carried on the footprint by build_anchors,False
DXB-SOBHAH-d1165cb4d7,sobhaheartland,55.282033,25.154469,12.0,4,Villa 30,Villa 30,ADDRESS,,,,,Villa 30,STRUCTURALLY_IDENTIFIED,osm,osm,0.9,0.0,True,,,,carried on the footprint by build_anchors,False
DXB-SOBHAH-03e2801d5f,sobhaheartland,55.281889,25.154594,12.0,4,Villa 31,Villa 31,ADDRESS,,,,,Villa 31,STRUCTURALLY_IDENTIFIED,osm,osm,0.9,0.0,True,,,,carried on the footprint by build_anchors,False
DXB-SOBHAH-df3f2e8bd6,sobhaheartland,55.281823,25.154658,12.0,4,Villa 32,Villa 32,ADDRESS,,,,,Villa 32,STRUCTURALLY_IDENTIFIED,osm,osm,0.9,0.0,True,,,,carried on the footprint by build_anchors,False
DXB-SOBHAH-520135bfdd,sobhaheartland,55.281718,25.154761,12.0,4,Villa 33,Villa 33,ADDRESS,,,,,Villa 33,STRUCTURALLY_IDENTIFIED,osm,osm,0.9,0.0,True,,,,carried on the footprint by build_anchors,False
DXB-SOBHAH-1a6de90ff0,sobhaheartland,55.28165,25.154823,12.0,4,Villa 34,Villa 34,ADDRESS,,,,,Villa 34,STRUCTURALLY_IDENTIFIED,osm,osm,0.9,0.0,True,,,,carried on the footprint by build_anchors,False
DXB-SOBHAH-bd2044492f,sobhaheartland,55.281521,25.155016,12.0,4,Villa 36,Villa 36,ADDRESS,,,,,Villa 36,STRUCTURALLY_IDENTIFIED,osm,osm,0.9,0.0,True,,,,carried on the footprint by build_anchors,False
DXB-SOBHAH-20fce68ce9,sobhaheartland,55.281408,25.155229,12.0,4,Villa 38,Villa 38,ADDRESS,,,,,Villa 38,STRUCTURALLY_IDENTIFIED,osm,osm,0.9,0.0,True,,,,carried on the footprint by build_anchors,False
DXB-SOBHAH-a602706f4d,sobhaheartland,55.286911,25.155858,12.0,4,,,,,,,,,UNKNOWN,,,0.0,,,,,,,False
DXB-SOBHAH-54b037025d,sobhaheartland,55.300692,25.17199,31.8,9,Azizi Riviera 13,Azizi Riviera 13,BUILDING_NAME,Azizi Riviera 13,,,,,MATCHED,osm,osm,0.9,0.0,True,,,,carried on the footprint by build_anchors,False
DXB-SOBHAH-fc6e6afea0,sobhaheartland,55.307265,25.172836,35.0,10,Azizi Riviera 24,Azizi Riviera 24,BUILDING_NAME,Azizi Riviera 24,,,,,MATCHED,osm,osm,0.9,0.0,True,Moderno - A Gentleman's Lounge,,,carried on the footprint by build_anchors,False
DXB-SOBHAH-6183576e7b,sobhaheartland,55.308592,25.17169,12.0,4,,,,,,,,,UNKNOWN,,,0.0,,,,,,,False
DXB-SOBHAH-7a4354f90b,sobhaheartland,55.310272,25.171815,38.2,11,Azizi Riviera 46,Azizi Riviera 46,BUILDING_NAME,Azizi Riviera 46,,,,,MATCHED,osm,osm,0.9,0.0,True,,,,carried on the footprint by build_anchors,False
DXB-SOBHAH-4b115e1461,sobhaheartland,55.311947,25.172112,31.8,9,Azizi Riviera 47,Azizi Riviera 47,BUILDING_NAME,Azizi Riviera 47,,,,,MATCHED,osm,osm,0.9,0.0,True,,,,carried on the footprint by build_anchors,False
DXB-SOBHAH-83895abafa,sobhaheartland,55.311265,25.173274,38.2,11,Azizi Riviera 41,Azizi Riviera 41,BUILDING_NAME,Azizi Riviera 41,,,,,MATCHED,osm,osm,0.9,0.0,True,,,,carried on the footprint by build_anchors,False
DXB-SOBHAH-712cb2c232,sobhaheartland,55.310471,25.172901,35.0,10,Azizi Riviera 45,Azizi Riviera 45,BUILDING_NAME,Azizi Riviera 45,,,,,MATCHED,osm,osm,0.9,0.0,True,,,,carried on the footprint by build_anchors,False
DXB-SOBHAH-8b0c543afd,sobhaheartland,55.310246,25.173204,35.0,10,Azizi Riviera 42,Azizi Riviera 42,BUILDING_NAME,Azizi Riviera 42,,,,,MATCHED,osm,osm,0.9,0.0,True,,,,carried on the footprint by build_anchors,False
DXB-SOBHAH-e4c522376e,sobhaheartland,55.308803,25.17308,35.0,10,Azizi Riviera 43,Azizi Riviera 43,BUILDING_NAME,Azizi Riviera 43,,,,,MATCHED,osm,osm,0.9,0.0,True,,,,carried on the footprint by build_anchors,False
DXB-SOBHAH-d81eea9514,sobhaheartland,55.309256,25.172727,35.0,10,Azizi Riviera 44,Azizi Riviera 44,BUILDING_NAME,Azizi Riviera 44,,,,,MATCHED,osm,osm,0.9,0.0,True,,,,carried on the footprint by build_anchors,False
DXB-SOBHAH-833b464421,sobhaheartland,55.308437,25.173536,38.2,11,Azizi Riviera 37,Azizi Riviera 37,BUILDING_NAME,Azizi Riviera 37,,,,,MATCHED,osm,osm,0.9,0.0,True,,,,carried on the footprint by build_anchors,False
DXB-SOBHAH-601abf7de7,sobhaheartland,55.309146,25.173564,38.2,11,Azizi Riviera 38,Azizi Riviera 38,BUILDING_NAME,Azizi Riviera 38,,,,,MATCHED,osm,osm,0.9,0.0,True,,,,carried on the footprint by build_anchors,False
DXB-SOBHAH-e1f4df03ec,sobhaheartland,55.30992,25.173768,38.2,11,Azizi Riviera 39,Azizi Riviera 39,BUILDING_NAME,Azizi Riviera 39,,,,,MATCHED,osm,osm,0.9,0.0,True,,,,carried on the footprint by build_anchors,False
DXB-SOBHAH-ccec3d41a6,sobhaheartland,55.310654,25.173906,41.4,12,Azizi Riviera 40,Azizi Riviera 40,BUILDING_NAME,Azizi Riviera 40,,,,,MATCHED,osm,osm,0.9,0.0,True,,,,carried on the footprint by build_anchors,False
DXB-SOBHAH-a2126f16cd,sobhaheartland,55.308158,25.17271,35.0,10,Azizi Riviera 36,Azizi Riviera 36,BUILDING_NAME,Azizi Riviera 36,,,,,MATCHED,osm,osm,0.9,0.0,True,,,,carried on the footprint by build_anchors,False
DXB-SOBHAH-81fbf015f3,sobhaheartland,55.313728,25.172288,12.0,4,Azizi Riviera 49,Azizi Riviera 49,BUILDING_NAME,Azizi Riviera 49,,,,,MATCHED,osm,osm,0.9,0.0,True,,,,carried on the footprint by build_anchors,False
DXB-SOBHAH-c3c246c55d,sobhaheartland,55.313399,25.173625,12.0,4,Azizi Riviera 50,Azizi Riviera 50,BUILDING_NAME,Azizi Riviera 50,,,,,MATCHED,osm,osm,0.9,0.0,True,,,,carried on the footprint by build_anchors,False
DXB-SOBHAH-307e737fcd,sobhaheartland,55.313217,25.174664,12.0,4,Hotel,Hotel,BUILDING_NAME,Hotel,,,,,MATCHED,osm,osm,0.9,0.0,True,,,,carried on the footprint by build_anchors,False
DXB-SOBHAH-2993a1baf3,sobhaheartland,55.313718,25.175104,12.0,4,Hotel,Hotel,BUILDING_NAME,Hotel,,,,,MATCHED,osm,osm,0.9,0.0,True,,,,carried on the footprint by build_anchors,False
DXB-SOBHAH-9f3c105331,sobhaheartland,55.314429,25.175434,12.0,4,Azizi Riviera 51,Azizi Riviera 51,BUILDING_NAME,Azizi Riviera 51,,,,,MATCHED,osm,osm,0.9,0.0,True,,,,carried on the footprint by build_anchors,False
DXB-SOBHAH-7d101df93b,sobhaheartland,55.315075,25.175773,12.0,4,Azizi Riviera 52,Azizi Riviera 52,BUILDING_NAME,Azizi Riviera 52,,,,,MATCHED,osm,osm,0.9,0.0,True,,,,carried on the footprint by build_anchors,False
DXB-SOBHAH-53e1ef56e1,sobhaheartland,55.316284,25.176453,12.0,4,Azizi Riviera 53,Azizi Riviera 53,BUILDING_NAME,Azizi Riviera 53,,,,,MATCHED,osm,osm,0.9,0.0,True,,,,carried on the footprint by build_anchors,False
DXB-SOBHAH-3048a86c6e,sobhaheartland,55.317152,25.175997,12.0,4,Azizi Riviera 55,Azizi Riviera 55,BUILDING_NAME,Azizi Riviera 55,,,,,MATCHED,osm,osm,0.9,0.0,True,,,,carried on the footprint by build_anchors,False
DXB-SOBHAH-f66c297c65,sobhaheartland,55.316311,25.17548,12.0,4,Azizi Riviera 56,Azizi Riviera 56,BUILDING_NAME,Azizi Riviera 56,,,,,MATCHED,osm,osm,0.9,0.0,True,,,,carried on the footprint by build_anchors,False
DXB-SOBHAH-f297e34e86,sobhaheartland,55.317655,25.176702,12.0,4,Azizi Riviera 54,Azizi Riviera 54,BUILDING_NAME,Azizi Riviera 54,,,,,MATCHED,osm,osm,0.9,0.0,True,,,,carried on the footprint by build_anchors,False
DXB-SOBHAH-5a5555ab0f,sobhaheartland,55.316554,25.174167,12.0,4,,,,,,,,,UNKNOWN,,,0.0,,,,,,,False
DXB-SOBHAH-e56ed0cc4c,sobhaheartland,55.314313,25.173571,12.0,4,Azizi Riviera 63,Azizi Riviera 63,BUILDING_NAME,Azizi Riviera 63,,,,,MATCHED,osm,osm,0.9,0.0,True,,,,carried on the footprint by build_anchors,False
DXB-SOBHAH-fb4e7bb18b,sobhaheartland,55.314494,25.173088,12.0,4,Azizi Riviera 65,Azizi Riviera 65,BUILDING_NAME,Azizi Riviera 65,,,,,MATCHED,osm,osm,0.9,0.0,True,,,,carried on the footprint by build_anchors,False
DXB-SOBHAH-099db476ed,sobhaheartland,55.314675,25.172518,12.0,4,Azizi Riviera 67,Azizi Riviera 67,BUILDING_NAME,Azizi Riviera 67,,,,,MATCHED,osm,osm,0.9,0.0,True,,,,carried on the footprint by build_anchors,False
DXB-SOBHAH-dfd158eccc,sobhaheartland,55.314775,25.172175,12.0,4,Azizi Riviera 69,Azizi Riviera 69,BUILDING_NAME,Azizi Riviera 69,,,,,MATCHED,osm,osm,0.9,0.0,True,,,,carried on the footprint by build_anchors,False
DXB-SOBHAH-7aeac5eb03,sobhaheartland,55.315887,25.173088,12.0,4,Azizi Riviera 66,Azizi Riviera 66,BUILDING_NAME,Azizi Riviera 66,,,,,MATCHED,osm,osm,0.9,0.0,True,,,,carried on the footprint by build_anchors,False
DXB-SOBHAH-bb78ee728b,sobhaheartland,55.316071,25.172763,12.0,4,Azizi Riviera 68,Azizi Riviera 68,BUILDING_NAME,Azizi Riviera 68,,,,,MATCHED,osm,osm,0.9,0.0,True,,,,carried on the footprint by build_anchors,False
DXB-SOBHAH-fa87b80488,sobhaheartland,55.31525,25.174021,12.0,4,Azizi Riviera 62,Azizi Riviera 62,BUILDING_NAME,Azizi Riviera 62,,,,,MATCHED,osm,osm,0.9,0.0,True,,,,carried on the footprint by build_anchors,False
DXB-SOBHAH-b1d1c41cd2,sobhaheartland,55.315511,25.173553,12.0,4,Azizi Riviera 64,Azizi Riviera 64,BUILDING_NAME,Azizi Riviera 64,,,,,MATCHED,osm,osm,0.9,0.0,True,,,,carried on the footprint by build_anchors,False
DXB-SOBHAH-bf0e642292,sobhaheartland,55.314341,25.174232,12.0,4,Azizi Riviera 61,Azizi Riviera 61,BUILDING_NAME,Azizi Riviera 61,,,,,MATCHED,osm,osm,0.9,0.0,True,,,,carried on the footprint by build_anchors,False
DXB-SOBHAH-30ea017f11,sobhaheartland,55.314419,25.174665,12.0,4,Azizi Riviera 59,Azizi Riviera 59,BUILDING_NAME,Azizi Riviera 59,,,,,MATCHED,osm,osm,0.9,0.0,True,,,,carried on the footprint by build_anchors,False
DXB-SOBHAH-65aa507b8a,sobhaheartland,55.315208,25.175059,12.0,4,Azizi Riviera 58,Azizi Riviera 58,BUILDING_NAME,Azizi Riviera 58,,,,,MATCHED,osm,osm,0.9,0.0,True,,,,carried on the footprint by build_anchors,False
DXB-SOBHAH-98aae758df,sobhaheartland,55.315327,25.174689,12.0,4,Azizi Riviera 60,Azizi Riviera 60,BUILDING_NAME,Azizi Riviera 60,,,,,MATCHED,osm,osm,0.9,0.0,True,,,,carried on the footprint by build_anchors,False
DXB-SOBHAH-04c9283fe4,sobhaheartland,55.311757,25.173739,12.0,4,Hotel,Hotel,BUILDING_NAME,Hotel,,,,,MATCHED,osm,osm,0.9,0.0,True,,,,carried on the footprint by build_anchors,False
DXB-SOBHAH-a97bfac524,sobhaheartland,55.312504,25.172248,38.2,11,Azizi Riviera 48,Azizi Riviera 48,BUILDING_NAME,Azizi Riviera 48,,,,,MATCHED,osm,osm,0.9,0.0,True,,,,carried on the footprint by build_anchors,False
DXB-SOBHAH-0ebba28e49,sobhaheartland,55.304342,25.17971,125.0,34,Vision Iconic,Vision Iconic,BUILDING_NAME,Vision Iconic,,,,,VERIFIED,dld,dld,0.92,0.0,True,,,,DLD units register building name (name match),False
DXB-SOBHAH-594096eaac,sobhaheartland,55.305026,25.179698,110.0,30,,,,,,,,,UNKNOWN,,,0.0,,,,,,,False
DXB-SOBHAH-ab8f374aa7,sobhaheartland,55.305531,25.179707,110.0,30,,,,,,,,,UNKNOWN,,,0.0,,,,Emirates NBD ATM,,,False
DXB-SOBHAH-25fda9bbd3,sobhaheartland,55.308943,25.174814,140.0,39,,,,,,,,,UNKNOWN,,,0.0,,,,,,,False
DXB-SOBHAH-88901a35eb,sobhaheartland,55.309432,25.175242,140.0,39,,,,,,,,,UNKNOWN,,,0.0,,,,,,,False
DXB-SOBHAH-12cbbc39bc,sobhaheartland,55.289222,25.182282,12.0,4,,,,,,,,,UNKNOWN,,,0.0,,,,,,,False
DXB-SOBHAH-1507967a7e,sobhaheartland,55.30693,25.178837,12.0,4,,,,,,,,,UNKNOWN,,,0.0,,,,,,,False
DXB-SOBHAH-5cac4e7c93,sobhaheartland,55.306953,25.178147,12.0,4,,,,,,,,,UNKNOWN,,,0.0,,,,,,,False
DXB-SOBHAH-687b885417,sobhaheartland,55.281752,25.15755,12.0,4,,,,,,,,,UNKNOWN,,,0.0,,,,,,,False
DXB-SOBHAH-fd9f214852,sobhaheartland,55.281895,25.157721,12.0,4,,,,,,,,,UNKNOWN,,,0.0,,,,,,,False
DXB-SOBHAH-db1174f440,sobhaheartland,55.282059,25.157894,12.0,4,,,,,,,,,UNKNOWN,,,0.0,,,,,,,False
DXB-SOBHAH-d38ab946b9,sobhaheartland,55.282241,25.158097,12.0,4,,,,,,,,,UNKNOWN,,,0.0,,,,,,,False
DXB-SOBHAH-b9cbd7200e,sobhaheartland,55.282376,25.158252,12.0,4,,,,,,,,,UNKNOWN,,,0.0,,,,,,,False
DXB-SOBHAH-d6feff2b55,sobhaheartland,55.282516,25.158414,12.0,4,,,,,,,,,UNKNOWN,,,0.0,,,,,,,False
DXB-SOBHAH-ba9dc4d844,sobhaheartland,55.28267,25.158589,12.0,4,,,,,,,,,UNKNOWN,,,0.0,,,,,,,False
DXB-SOBHAH-1e323d434b,sobhaheartland,55.282788,25.158206,12.0,4,,,,,,,,,UNKNOWN,,,0.0,,,,,,,False
DXB-SOBHAH-b854296b2b,sobhaheartland,55.282653,25.158038,12.0,4,,,,,,,,,UNKNOWN,,,0.0,,,,,,,False
DXB-SOBHAH-e249885c0c,sobhaheartland,55.282508,25.157868,12.0,4,,,,,,,,,UNKNOWN,,,0.0,,,,,,,False
DXB-SOBHAH-dfd5732f11,sobhaheartland,55.282349,25.157715,12.0,4,,,,,,,,,UNKNOWN,,,0.0,,,,,,,False
DXB-SOBHAH-4549f045fd,sobhaheartland,55.283071,25.158841,12.0,4,,,,,,,,,UNKNOWN,,,0.0,,,,,,,False
DXB-SOBHAH-f109db5c06,sobhaheartland,55.283261,25.158684,12.0,4,,,,,,,,,UNKNOWN,,,0.0,,,,,,,False
DXB-SOBHAH-99eab7a23b,sobhaheartland,55.283442,25.15854,12.0,4,,,,,,,,,UNKNOWN,,,0.0,,,,,,,False
DXB-SOBHAH-5712e21cc1,sobhaheartland,55.283242,25.158242,12.0,4,,,,,,,,,UNKNOWN,,,0.0,,,,,,,False
DXB-SOBHAH-7757cea25e,sobhaheartland,55.283167,25.158005,12.0,4,,,,,,,,,UNKNOWN,,,0.0,,,,,,,False
DXB-SOBHAH-d6d515e19b,sobhaheartland,55.283135,25.157761,12.0,4,,,,,,,,,UNKNOWN,,,0.0,,,,,,,False
DXB-SOBHAH-844cf732f2,sobhaheartland,55.282933,25.157573,12.0,4,,,,,,,,,UNKNOWN,,,0.0,,,,,,,False
DXB-SOBHAH-1ab154a500,sobhaheartland,55.283079,25.157665,12.0,4,,,,,,,,,UNKNOWN,,,0.0,,,,,,,False
DXB-SOBHAH-cf5230c835,sobhaheartland,55.286589,25.159088,12.0,4,,,,,,,,,UNKNOWN,,,0.0,,,,,,,False
DXB-SOBHAH-27cf7a76bf,sobhaheartland,55.286748,25.159252,12.0,4,,,,,,,,,UNKNOWN,,,0.0,,,,,,,False
DXB-SOBHAH-5d5e2f7648,sobhaheartland,55.286922,25.159422,12.0,4,,,,,,,,,UNKNOWN,,,0.0,,,,,,,False
DXB-SOBHAH-3feef0e88e,sobhaheartland,55.287083,25.159595,12.0,4,,,,,,,,,UNKNOWN,,,0.0,,,,,,,False
DXB-SOBHAH-3ff356fad5,sobhaheartland,55.287232,25.159759,12.0,4,,,,,,,,,UNKNOWN,,,0.0,,,,,,,False
DXB-SOBHAH-ce38668974,sobhaheartland,55.287381,25.159886,12.0,4,,,,,,,,,UNKNOWN,,,0.0,,,,,,,False
DXB-SOBHAH-7099a0162c,sobhaheartland,55.287564,25.16009,12.0,4,,,,,,,,,UNKNOWN,,,0.0,,,,,,,False
DXB-SOBHAH-9f3efae976,sobhaheartland,55.290676,25.166173,12.0,4,,,,,,,,,UNKNOWN,,,0.0,,,,,,,False
DXB-SOBHAH-6345eb22fd,sobhaheartland,55.290881,25.166048,12.0,4,,,,,,,,,UNKNOWN,,,0.0,,,,,,,False
DXB-SOBHAH-c120af56da,sobhaheartland,55.291089,25.165923,12.0,4,,,,,,,,,UNKNOWN,,,0.0,,,,,,,False
DXB-SOBHAH-b300cfb9ab,sobhaheartland,55.291316,25.165779,12.0,4,,,,,,,,,UNKNOWN,,,0.0,,,,,,,False
DXB-SOBHAH-56c4047bbd,sobhaheartland,55.291921,25.165954,12.0,4,,,,,,,,,UNKNOWN,,,0.0,,,,,,,False
DXB-SOBHAH-25671b2f84,sobhaheartland,55.291725,25.16607,12.0,4,,,,,,,,,UNKNOWN,,,0.0,,,,,,,False
DXB-SOBHAH-0a2eda9e31,sobhaheartland,55.291528,25.166214,12.0,4,,,,,,,,,UNKNOWN,,,0.0,,,,,,,False
DXB-SOBHAH-02671b0710,sobhaheartland,55.291313,25.166335,12.0,4,,,,,,,,,UNKNOWN,,,0.0,,,,,,,False
DXB-SOBHAH-43c600a209,sobhaheartland,55.291111,25.166457,12.0,4,,,,,,,,,UNKNOWN,,,0.0,,,,,,,False
DXB-SOBHAH-15027506a7,sobhaheartland,55.29091,25.166581,12.0,4,,,,,,,,,UNKNOWN,,,0.0,,,,,,,False
DXB-SOBHAH-2748e03a3b,sobhaheartland,55.291573,25.166956,12.0,4,,,,,,,,,UNKNOWN,,,0.0,,,,,,,False
DXB-SOBHAH-d20d4d4524,sobhaheartland,55.29183,25.166938,12.0,4,,,,,,,,,UNKNOWN,,,0.0,,,,,,,False
DXB-SOBHAH-bcd3f5cb30,sobhaheartland,55.291102,25.166818,12.0,4,,,,,,,,,UNKNOWN,,,0.0,,,,,,,False
DXB-SOBHAH-f65b954ea2,sobhaheartland,55.291262,25.166987,12.0,4,,,,,,,,,UNKNOWN,,,0.0,,,,,,,False
DXB-SOBHAH-de47be60e7,sobhaheartland,55.292169,25.167014,12.0,4,,,,,,,,,UNKNOWN,,,0.0,,,,,,,False
DXB-SOBHAH-dbe142c87e,sobhaheartland,55.292142,25.166733,12.0,4,,,,,,,,,UNKNOWN,,,0.0,,,,,,,False
DXB-SOBHAH-66b17bd1f2,sobhaheartland,55.292156,25.166495,12.0,4,,,,,,,,,UNKNOWN,,,0.0,,,,,,,False
DXB-SOBHAH-df0eda1f87,sobhaheartland,55.2921,25.166246,12.0,4,,,,,,,,,UNKNOWN,,,0.0,,,,,,,False
DXB-SOBHAH-69d5ecfb2d,sobhaheartland,55.289965,25.162577,12.0,4,,,,,,,,,UNKNOWN,,,0.0,,,,,,,False
DXB-SOBHAH-3f8b634a86,sobhaheartland,55.290036,25.162784,12.0,4,,,,,,,,,UNKNOWN,,,0.0,,,,,,,False
DXB-SOBHAH-431bd107b9,sobhaheartland,55.290109,25.163,12.0,4,,,,,,,,,UNKNOWN,,,0.0,,,,,,,False
DXB-SOBHAH-28e32f73a6,sobhaheartland,55.289612,25.162662,12.0,4,,,,,,,,,UNKNOWN,,,0.0,,,,,,,False
DXB-SOBHAH-1b138cea99,sobhaheartland,55.289693,25.162894,12.0,4,,,,,,,,,UNKNOWN,,,0.0,,,,,,,False
DXB-SOBHAH-4a8b0c3c9a,sobhaheartland,55.289754,25.16311,12.0,4,,,,,,,,,UNKNOWN,,,0.0,,,,,,,False
DXB-SOBHAH-b3e6c10079,sobhaheartland,55.289433,25.162269,12.0,4,,,,,,,,,UNKNOWN,,,0.0,,,,,,,False
DXB-SOBHAH-60e33f7810,sobhaheartland,55.28932,25.162071,12.0,4,,,,,,,,,UNKNOWN,,,0.0,,,,,,,False
DXB-SOBHAH-045d2ecc92,sobhaheartland,55.289196,25.161878,12.0,4,,,,,,,,,UNKNOWN,,,0.0,,,,,,,False
DXB-SOBHAH-3c9c7f5943,sobhaheartland,55.289816,25.16215,12.0,4,,,,,,,,,UNKNOWN,,,0.0,,,,,,,False
DXB-SOBHAH-1023671690,sobhaheartland,55.289696,25.161947,12.0,4,,,,,,,,,UNKNOWN,,,0.0,,,,,,,False
DXB-SOBHAH-f2f19c8f3a,sobhaheartland,55.289537,25.161758,12.0,4,,,,,,,,,UNKNOWN,,,0.0,,,,,,,False
DXB-SOBHAH-7b343d05ee,sobhaheartland,55.28708,25.160347,12.0,4,House,House,BUILDING_NAME,House,,,,,MATCHED,osm,osm,0.9,0.0,True,,,,carried on the footprint by build_anchors,False
DXB-SOBHAH-1339b0c104,sobhaheartland,55.287285,25.16053,12.0,4,House,House,BUILDING_NAME,House,,,,,MATCHED,osm,osm,0.9,0.0,True,,,,carried on the footprint by build_anchors,False
DXB-SOBHAH-084a8137a6,sobhaheartland,55.287469,25.160705,12.0,4,House,House,BUILDING_NAME,House,,,,,MATCHED,osm,osm,0.9,0.0,True,,,,carried on the footprint by build_anchors,False
DXB-SOBHAH-14f8af35f1,sobhaheartland,55.287634,25.16083,12.0,4,House,House,BUILDING_NAME,House,,,,,MATCHED,osm,osm,0.9,0.0,True,,,,carried on the footprint by build_anchors,False
DXB-SOBHAH-328cb7d6d3,sobhaheartland,55.287942,25.161018,12.0,4,House,House,BUILDING_NAME,House,,,,,MATCHED,osm,osm,0.9,0.0,True,,,,carried on the footprint by build_anchors,False
DXB-SOBHAH-1990345b94,sobhaheartland,55.288218,25.16114,12.0,4,House,House,BUILDING_NAME,House,,,,,MATCHED,osm,osm,0.9,0.0,True,,,,carried on the footprint by build_anchors,False
DXB-SOBHAH-5d6af1a4a5,sobhaheartland,55.288428,25.161228,12.0,4,House,House,BUILDING_NAME,House,,,,,MATCHED,osm,osm,0.9,0.0,True,,,,carried on the footprint by build_anchors,False
DXB-SOBHAH-cb97421c3c,sobhaheartland,55.288652,25.16131,12.0,4,House,House,BUILDING_NAME,House,,,,,MATCHED,osm,osm,0.9,0.0,True,,,,carried on the footprint by build_anchors,False
DXB-SOBHAH-585fd5a157,sobhaheartland,55.288944,25.161422,12.0,4,House,House,BUILDING_NAME,House,,,,,MATCHED,osm,osm,0.9,0.0,True,,,,carried on the footprint by build_anchors,False
DXB-SOBHAH-1b7d33f08a,sobhaheartland,55.289172,25.161518,12.0,4,House,House,BUILDING_NAME,House,,,,,MATCHED,osm,osm,0.9,0.0,True,,,,carried on the footprint by build_anchors,False
DXB-SOBHAH-d0c892786c,sobhaheartland,55.287752,25.16026,12.0,4,,,,,,,,,UNKNOWN,,,0.0,,,,,,,False
DXB-SOBHAH-b5c43861f6,sobhaheartland,55.287909,25.160364,12.0,4,,,,,,,,,UNKNOWN,,,0.0,,,,,,,False
DXB-SOBHAH-e3514bb41f,sobhaheartland,55.288109,25.160491,12.0,4,,,,,,,,,UNKNOWN,,,0.0,,,,,,,False
DXB-SOBHAH-130265874a,sobhaheartland,55.288301,25.160599,12.0,4,,,,,,,,,UNKNOWN,,,0.0,,,,,,,False
DXB-SOBHAH-456c3ebe87,sobhaheartland,55.288521,25.160722,12.0,4,,,,,,,,,UNKNOWN,,,0.0,,,,,,,False
DXB-SOBHAH-ee2f56eeba,sobhaheartland,55.288719,25.160773,12.0,4,,,,,,,,,UNKNOWN,,,0.0,,,,,,,False
DXB-SOBHAH-e991d0b562,sobhaheartland,55.28889,25.16086,12.0,4,,,,,,,,,UNKNOWN,,,0.0,,,,,,,False
DXB-SOBHAH-626be52174,sobhaheartland,55.289159,25.160976,12.0,4,,,,,,,,,UNKNOWN,,,0.0,,,,,,,False
DXB-SOBHAH-0871ac2b66,sobhaheartland,55.289366,25.161052,12.0,4,,,,,,,,,UNKNOWN,,,0.0,,,,,,,False
DXB-SOBHAH-5ac8112d3b,sobhaheartland,55.289576,25.161157,12.0,4,,,,,,,,,UNKNOWN,,,0.0,,,,,,,False
DXB-SOBHAH-ab26ebff52,sobhaheartland,55.289764,25.161284,12.0,4,,,,,,,,,UNKNOWN,,,0.0,,,,,,,False
DXB-SOBHAH-f4474ecdb1,sobhaheartland,55.289947,25.161452,12.0,4,,,,,,,,,UNKNOWN,,,0.0,,,,,,,False
DXB-SOBHAH-d56d90450f,sobhaheartland,55.2901,25.161655,12.0,4,,,,,,,,,UNKNOWN,,,0.0,,,,,,,False
DXB-SOBHAH-11cc3e5638,sobhaheartland,55.290252,25.161898,12.0,4,,,,,,,,,UNKNOWN,,,0.0,,,,,,,False
DXB-SOBHAH-78e73147fb,sobhaheartland,55.290329,25.162101,12.0,4,,,,,,,,,UNKNOWN,,,0.0,,,,,,,False
DXB-SOBHAH-8867fcc002,sobhaheartland,55.290392,25.162272,12.0,4,,,,,,,,,UNKNOWN,,,0.0,,,,,,,False
DXB-SOBHAH-a56a7ef233,sobhaheartland,55.290452,25.162446,12.0,4,,,,,,,,,UNKNOWN,,,0.0,,,,,,,False
DXB-SOBHAH-c95c50b574,sobhaheartland,55.290507,25.162632,12.0,4,,,,,,,,,UNKNOWN,,,0.0,,,,,,,False
DXB-SOBHAH-1308e59a4e,sobhaheartland,55.290557,25.162813,12.0,4,,,,,,,,,UNKNOWN,,,0.0,,,,,,,False
DXB-SOBHAH-7aebb2ba55,sobhaheartland,55.290626,25.163102,12.0,4,,,,,,,,,UNKNOWN,,,0.0,,,,,,,False
DXB-SOBHAH-22399fbff0,sobhaheartland,55.290667,25.163279,12.0,4,,,,,,,,,UNKNOWN,,,0.0,,,,,,,False
DXB-SOBHAH-dc72e7f005,sobhaheartland,55.290698,25.163469,12.0,4,,,,,,,,,UNKNOWN,,,0.0,,,,,,,False
DXB-SOBHAH-53813fc9f7,sobhaheartland,55.290702,25.163638,12.0,4,,,,,,,,,UNKNOWN,,,0.0,,,,,,,False
DXB-SOBHAH-1d8a212690,sobhaheartland,55.282387,25.154873,12.0,4,,,,,,,,,UNKNOWN,,,0.0,,,,,,,False
DXB-SOBHAH-16355c5d04,sobhaheartland,55.282485,25.154835,12.0,4,,,,,,,,,UNKNOWN,,,0.0,,,,,,,False
DXB-SOBHAH-d60a1aaa90,sobhaheartland,55.28257,25.15482,12.0,4,,,,,,,,,UNKNOWN,,,0.0,,,,,,,False
DXB-SOBHAH-85403f4c1d,sobhaheartland,55.282649,25.154811,12.0,4,,,,,,,,,UNKNOWN,,,0.0,,,,,,,False
DXB-SOBHAH-a8b1c3211e,sobhaheartland,55.282709,25.154804,12.0,4,,,,,,,,,UNKNOWN,,,0.0,,,,,,,False
DXB-SOBHAH-de7e99eeb9,sobhaheartland,55.2828,25.154757,12.0,4,,,,,,,,,UNKNOWN,,,0.0,,,,,,,False
DXB-SOBHAH-3683e9392f,sobhaheartland,55.282006,25.155349,12.0,4,Lagoon Views,Lagoon Views,BUILDING_NAME,Lagoon Views,,,,,MATCHED,osm,osm,0.9,0.0,True,,,,carried on the footprint by build_anchors,False
DXB-SOBHAH-9fe5b027fa,sobhaheartland,55.281892,25.155787,12.0,4,,,,,,,,,UNKNOWN,,,0.0,,,,,,,False
DXB-SOBHAH-f34c5c635d,sobhaheartland,55.283845,25.159358,12.0,4,,,,,,,,,UNKNOWN,,,0.0,,,,,,,False
DXB-SOBHAH-14d01e626f,sobhaheartland,55.284067,25.159263,12.0,4,,,,,,,,,UNKNOWN,,,0.0,,,,,,,False
DXB-SOBHAH-336e801c57,sobhaheartland,55.284275,25.159119,12.0,4,,,,,,,,,UNKNOWN,,,0.0,,,,,,,False
DXB-SOBHAH-fda2eceac1,sobhaheartland,55.284514,25.159101,12.0,4,,,,,,,,,UNKNOWN,,,0.0,,,,,,,False
DXB-SOBHAH-77a1839163,sobhaheartland,55.28471,25.159066,12.0,4,,,,,,,,,UNKNOWN,,,0.0,,,,,,,False
DXB-SOBHAH-3d3a993529,sobhaheartland,55.284912,25.159033,12.0,4,,,,,,,,,UNKNOWN,,,0.0,,,,,,,False
DXB-SOBHAH-7eeeccddd1,sobhaheartland,55.285114,25.159002,12.0,4,,,,,,,,,UNKNOWN,,,0.0,,,,,,,False
DXB-SOBHAH-0ff4bac52b,sobhaheartland,55.285611,25.158909,12.0,4,,,,,,,,,UNKNOWN,,,0.0,,,,,,,False
DXB-SOBHAH-52a95d5d24,sobhaheartland,55.285857,25.158878,12.0,4,,,,,,,,,UNKNOWN,,,0.0,,,,,,,False
DXB-SOBHAH-009685bfdd,sobhaheartland,55.2861,25.15889,12.0,4,,,,,,,,,UNKNOWN,,,0.0,,,,,,,False
DXB-SOBHAH-6ee1f47124,sobhaheartland,55.286307,25.158929,12.0,4,,,,,,,,,UNKNOWN,,,0.0,,,,,,,False
DXB-SOBHAH-83ca528db8,sobhaheartland,55.303518,25.179723,150.0,41,,,,,,,,,UNKNOWN,,,0.0,,,,,,,False
DXB-SOBHAH-4a2d0b9a90,sobhaheartland,55.301738,25.178979,250.0,70,,,,,,,,,UNKNOWN,,,0.0,,,,"Collective 2.0 is exclusive lobby in Dubai with co-working spaces, library etc.",,,False
DXB-SOBHAH-7367622486,sobhaheartland,55.300878,25.17916,220.0,61,,,,,,,,,UNKNOWN,,,0.0,,,,,,,False
DXB-SOBHAH-fe9cb84c66,sobhaheartland,55.312386,25.177867,50.0,15,,,,,,,,,UNKNOWN,,,0.0,,,,,,,False
DXB-SOBHAH-43ace68597,sobhaheartland,55.312646,25.177361,50.0,15,,Kensington Waters,BUILDING_NAME,Kensington Waters,,,,,INFERRED,register,register,0.72,1.4,False,,,Ellington,the place found for the project carries the project's name,True
DXB-SOBHAH-62eef31db9,sobhaheartland,55.312872,25.176159,160.0,44,,,,,,,,,UNKNOWN,,,0.0,,,,,,,False
DXB-SOBHAH-24dee493ed,sobhaheartland,55.314345,25.177127,30.0,9,Woodland Crest,Woodland Crest,BUILDING_NAME,Woodland Crest,,,,,VERIFIED,dld,dld,0.92,0.0,True,,,,DLD units register building name (name match),False
DXB-SOBHAH-d4c5b20ba4,sobhaheartland,55.309091,25.174741,20.0,6,,,,,,,,,UNKNOWN,,,0.0,,,Birdies Restaurant,,,,False
DXB-SOBHAH-271cb102fd,sobhaheartland,55.290208,25.163345,12.0,4,,,,,,,,,UNKNOWN,,,0.0,,,,,,,False
DXB-SOBHAH-fa2c51ff0b,sobhaheartland,55.290289,25.16358,12.0,4,,,,,,,,,UNKNOWN,,,0.0,,,,,,,False
DXB-SOBHAH-28728993bc,sobhaheartland,55.290223,25.163815,12.0,4,,,,,,,,,UNKNOWN,,,0.0,,,,,,,False
DXB-SOBHAH-143da08a48,sobhaheartland,55.289845,25.163967,12.0,4,,,,,,,,,UNKNOWN,,,0.0,,,,,,,False
DXB-SOBHAH-392e452fa1,sobhaheartland,55.289348,25.164052,12.0,4,,,,,,,,,UNKNOWN,,,0.0,,,,,,,False
DXB-SOBHAH-63a49f5454,sobhaheartland,55.289075,25.163647,12.0,4,,,,,,,,,UNKNOWN,,,0.0,,,,,,,False
DXB-SOBHAH-cd822e0d6d,sobhaheartland,55.28935,25.163534,12.0,4,,,,,,,,,UNKNOWN,,,0.0,,,,,,,False
DXB-SOBHAH-5149173d83,sobhaheartland,55.289617,25.163488,12.0,4,,,,,,,,,UNKNOWN,,,0.0,,,,,,,False
DXB-SOBHAH-c8c818c4d9,sobhaheartland,55.28988,25.163453,12.0,4,,,,,,,,,UNKNOWN,,,0.0,,,,,,,False
DXB-SOBHAH-6f847c2efc,sobhaheartland,55.288697,25.162014,12.0,4,,,,,,,,,UNKNOWN,,,0.0,,,,,,,False
DXB-SOBHAH-ad82fe92d7,sobhaheartland,55.28879,25.162304,12.0,4,,,,,,,,,UNKNOWN,,,0.0,,,,,,,False
DXB-SOBHAH-e2c94dee4a,sobhaheartland,55.288916,25.162522,12.0,4,,,,,,,,,UNKNOWN,,,0.0,,,,,,,False
DXB-SOBHAH-6faa4375cf,sobhaheartland,55.289028,25.16274,12.0,4,,,,,,,,,UNKNOWN,,,0.0,,,,,,,False
DXB-SOBHAH-ea07a6734b,sobhaheartland,55.289123,25.163007,12.0,4,,,,,,,,,UNKNOWN,,,0.0,,,,,,,False
DXB-SOBHAH-c89a8b0ac5,sobhaheartland,55.289275,25.163218,12.0,4,,,,,,,,,UNKNOWN,,,0.0,,,,,,,False
DXB-SOBHAH-9a4451294d,sobhaheartland,55.287091,25.172731,12.6,4,Meydan One Mall,Meydan One Mall,BUILDING_NAME,Meydan One Mall,,,,,MATCHED,osm,osm,0.9,0.0,True,,,,carried on the footprint by build_anchors,False
DXB-SOBHAH-08cc0fe56e,sobhaheartland,55.303458,25.175593,12.0,4,,,,,,,,,UNKNOWN,,,0.0,,,,,,,False
DXB-SOBHAH-f533eedaf2,sobhaheartland,55.303475,25.175816,12.0,4,,,,,,,,,UNKNOWN,,,0.0,,,,,,,False
DXB-SOBHAH-b5aa78bea0,sobhaheartland,55.303511,25.176036,12.0,4,,,,,,,,,UNKNOWN,,,0.0,,,,,,,False
DXB-SOBHAH-2bd1db7057,sobhaheartland,55.303521,25.176263,12.0,4,,,,,,,,,UNKNOWN,,,0.0,,,,,,,False
DXB-SOBHAH-f4304e4a86,sobhaheartland,55.303525,25.176489,12.0,4,,,,,,,,,UNKNOWN,,,0.0,,,,,,,False
DXB-SOBHAH-319695f0ad,sobhaheartland,55.303543,25.176709,12.0,4,,,,,,,,,UNKNOWN,,,0.0,,,,,,,False
DXB-SOBHAH-304015f951,sobhaheartland,55.30444,25.175981,12.0,4,,,,,,,,,UNKNOWN,,,0.0,,,,,,,False
DXB-SOBHAH-55ab174750,sobhaheartland,55.304462,25.176217,12.0,4,,,,,,,,,UNKNOWN,,,0.0,,,,,,,False
DXB-SOBHAH-e3121d2866,sobhaheartland,55.304462,25.176428,12.0,4,,,,,,,,,UNKNOWN,,,0.0,,,,,,,False
DXB-SOBHAH-1249f870f0,sobhaheartland,55.303932,25.17552,12.0,4,,,,,,,,,UNKNOWN,,,0.0,,,,,,,False
DXB-SOBHAH-462e2eb83b,sobhaheartland,55.303917,25.175306,12.0,4,,,,,,,,,UNKNOWN,,,0.0,,,,,,,False
DXB-SOBHAH-12e92e5df1,sobhaheartland,55.303903,25.175087,12.0,4,,,,,,,,,UNKNOWN,,,0.0,,,,,,,False
DXB-SOBHAH-86235defd5,sobhaheartland,55.303952,25.175742,12.0,4,,,,,,,,,UNKNOWN,,,0.0,,,,,,,False
DXB-SOBHAH-35ddb2dedb,sobhaheartland,55.303965,25.175969,12.0,4,,,,,,,,,UNKNOWN,,,0.0,,,,,,,False
DXB-SOBHAH-7e0585a825,sobhaheartland,55.303987,25.176192,12.0,4,,,,,,,,,UNKNOWN,,,0.0,,,,,,,False
DXB-SOBHAH-197353bb15,sobhaheartland,55.303998,25.176415,12.0,4,,,,,,,,,UNKNOWN,,,0.0,,,,,,,False
DXB-SOBHAH-80f98e0ce3,sobhaheartland,55.304017,25.176635,12.0,4,,,,,,,,,UNKNOWN,,,0.0,,,,,,,False
DXB-SOBHAH-86f4b23912,sobhaheartland,55.322919,25.17094,12.0,4,ZOOM,ZOOM,BUILDING_NAME,ZOOM,,,,,MATCHED,osm_en,osm_en,0.9,0.0,True,,,,carried on the footprint by build_anchors,False
DXB-MEYDAN-43aab9c72f,meydanone,55.301663,25.157663,30.0,6,,,,,,,,,UNKNOWN,,,0.0,,,,,,,False
DXB-MEYDAN-8e9245d7ee,meydanone,55.319541,25.157618,12.0,3,,,,,,,,,UNKNOWN,,,0.0,,,,,,,False
DXB-MEYDAN-75a66d0a70,meydanone,55.319322,25.15903,12.0,3,,,,,,,,,UNKNOWN,,,0.0,,,,,,,False
DXB-MEYDAN-13942a4f03,meydanone,55.319578,25.158549,12.0,3,,,,,,,,,UNKNOWN,,,0.0,,,,,,,False
DXB-MEYDAN-8ee4cdfd77,meydanone,55.320098,25.157613,12.0,3,,,,,,,,,UNKNOWN,,,0.0,,,,,,,False
DXB-MEYDAN-c138508cb4,meydanone,55.319176,25.157192,12.0,3,,,,,,,,,UNKNOWN,,,0.0,,,,,,,False
DXB-MEYDAN-197efdfb9d,meydanone,55.319055,25.159496,12.0,3,,,,,,,,,UNKNOWN,,,0.0,,,,,,,False
DXB-MEYDAN-8e554b7282,meydanone,55.318398,25.158599,12.0,3,,,,,,,,,UNKNOWN,,,0.0,,,,,,,False
DXB-MEYDAN-73d5d13b77,meydanone,55.318138,25.159076,12.0,3,,,,,,,,,UNKNOWN,,,0.0,,,,,,,False
DXB-MEYDAN-1bff9c5c85,meydanone,55.319839,25.158078,12.0,3,,,,,,,,,UNKNOWN,,,0.0,,,,,,,False
DXB-MEYDAN-bad0c9c2e4,meydanone,55.318916,25.157656,12.0,3,,,,,,,,,UNKNOWN,,,0.0,,,,,,,False
DXB-MEYDAN-d96dd7ee51,meydanone,55.318662,25.158125,12.0,3,,,,,,,,,UNKNOWN,,,0.0,,,,,,,False
DXB-MEYDAN-284d4b01ef,meydanone,55.319396,25.157967,12.0,3,,,,,,,,,UNKNOWN,,,0.0,,,,,,,False
DXB-MEYDAN-3c3c1d53c1,meydanone,55.325089,25.161055,19.2,6,Tanfeeth Building Q,Tanfeeth Building Q,BUILDING_NAME,Tanfeeth Building Q,,,,,MATCHED,osm,osm,0.9,0.0,True,,,,carried on the footprint by build_anchors,False
DXB-MEYDAN-3483ea8b9e,meydanone,55.305796,25.143404,12.0,3,,,,,,,,,UNKNOWN,,,0.0,,,,,,,False
DXB-MEYDAN-542c55eb05,meydanone,55.315342,25.156359,12.0,3,,,,,,,,,UNKNOWN,,,0.0,,,,,,,False
DXB-MEYDAN-3180b69500,meydanone,55.314391,25.156352,12.0,3,,,,,,,,,UNKNOWN,,,0.0,,,,,,,False
DXB-MEYDAN-e7be12dda4,meydanone,55.288029,25.149912,12.0,3,,,,,,,,,UNKNOWN,,,0.0,,,,,,,False
DXB-MEYDAN-dd32ffcb43,meydanone,55.313025,25.144214,12.0,3,,,,,,,,,UNKNOWN,,,0.0,,,,,,,False
DXB-MEYDAN-bca08f9aee,meydanone,55.313958,25.144641,12.0,3,,,,,,,,,UNKNOWN,,,0.0,,,,,,,False
DXB-MEYDAN-e35a975582,meydanone,55.313377,25.143631,12.0,3,,,,,,,,,UNKNOWN,,,0.0,,,,,,,False
DXB-MEYDAN-b6cc422f11,meydanone,55.314297,25.144043,12.0,3,,,,,,,,,UNKNOWN,,,0.0,,,,,,,False
DXB-MEYDAN-32caef193d,meydanone,55.31461,25.143445,12.0,3,,,,,,,,,UNKNOWN,,,0.0,,,,,,,False
DXB-MEYDAN-8e953b09a0,meydanone,55.313697,25.143037,12.0,3,,,,,,,,,UNKNOWN,,,0.0,,,,,,,False
DXB-MEYDAN-6fa15f2f3a,meydanone,55.313548,25.143274,12.0,3,,,,,,,,,UNKNOWN,,,0.0,,,,,,,False
DXB-MEYDAN-ca691b6ad7,meydanone,55.31448,25.143693,12.0,3,,,,,,,,,UNKNOWN,,,0.0,,,,,,,False
DXB-MEYDAN-05f09df122,meydanone,55.314152,25.144289,12.0,3,,,,,,,,,UNKNOWN,,,0.0,,,,,,,False
DXB-MEYDAN-12cda8a381,meydanone,55.313231,25.143877,12.0,3,,,,,,,,,UNKNOWN,,,0.0,,,,,,,False
DXB-MEYDAN-f7f79e5ff7,meydanone,55.311729,25.14364,12.0,3,,,,,,,,,UNKNOWN,,,0.0,,,,,,,False
DXB-MEYDAN-b83b37acbc,meydanone,55.312072,25.143034,12.0,3,,,,,,,,,UNKNOWN,,,0.0,,,,,,,False
DXB-MEYDAN-1482e29de6,meydanone,55.312393,25.142445,12.0,3,,,,,,,,,UNKNOWN,,,0.0,,,,,,,False
DXB-MEYDAN-fd3f9a98e0,meydanone,55.312747,25.141844,12.0,3,,,,,,,,,UNKNOWN,,,0.0,,,,,,,False
DXB-MEYDAN-a40ab8bc8a,meydanone,55.312612,25.142093,12.0,3,,,,,,,,,UNKNOWN,,,0.0,,,,,,,False
DXB-MEYDAN-2d96594718,meydanone,55.312282,25.142689,12.0,3,,,,,,,,,UNKNOWN,,,0.0,,,,,,,False
DXB-MEYDAN-71b68fb701,meydanone,55.311949,25.143302,12.0,3,,,,,,,,,UNKNOWN,,,0.0,,,,,,,False
DXB-MEYDAN-a5d932b53b,meydanone,55.297375,25.145791,12.0,3,,,,,,,,,UNKNOWN,,,0.0,,,,,,,False
DXB-MEYDAN-aac8b30e83,meydanone,55.297269,25.145698,12.0,3,,,,,,,,,UNKNOWN,,,0.0,,,,,,,False
DXB-MEYDAN-6a64155472,meydanone,55.297411,25.145618,12.0,3,,,,,,,,,UNKNOWN,,,0.0,,,,,,,False
DXB-MEYDAN-229f9edbee,meydanone,55.33527,25.150164,12.0,3,,,,,,,,,UNKNOWN,,,0.0,,,,,,,False
DXB-MEYDAN-828deded68,meydanone,55.336038,25.150572,12.0,3,,,,,,,,,UNKNOWN,,,0.0,,,,,,,False
DXB-MEYDAN-4551ee8ce5,meydanone,55.33578,25.150483,12.0,3,,,,,,,,,UNKNOWN,,,0.0,,,,,,,False
DXB-MEYDAN-1d8f8e70fd,meydanone,55.332921,25.153625,12.0,3,,,,,,,,,UNKNOWN,,,0.0,,,,,,,False
DXB-MEYDAN-51456e1afd,meydanone,55.333995,25.150358,12.0,3,,,,,,,,,UNKNOWN,,,0.0,,,,,,,False
DXB-MEYDAN-f81f186c65,meydanone,55.333884,25.151195,12.0,3,,,,,,,,,UNKNOWN,,,0.0,,,,,,,False
DXB-MEYDAN-9aae6fcef3,meydanone,55.333526,25.151843,12.0,3,,,,,,,,,UNKNOWN,,,0.0,,,,,,,False
DXB-MEYDAN-bb41b62e07,meydanone,55.333393,25.152086,12.0,3,,,,,,,,,UNKNOWN,,,0.0,,,,,,,False
DXB-MEYDAN-d558f02652,meydanone,55.330831,25.150598,12.0,3,,,,,,,,,UNKNOWN,,,0.0,,,,,,,False
DXB-MEYDAN-88da11f60e,meydanone,55.334101,25.150824,12.0,3,,,,,,,,,UNKNOWN,,,0.0,,,,,,,False
DXB-MEYDAN-407cb2ed12,meydanone,55.332988,25.150918,12.0,3,,,,,,,,,UNKNOWN,,,0.0,,,,,,,False
DXB-MEYDAN-63eb50b62f,meydanone,55.332185,25.150825,12.0,3,,,,,,,,,UNKNOWN,,,0.0,,,,,,,False
DXB-MEYDAN-08e00e91e9,meydanone,55.331699,25.151428,12.0,3,,,,,,,,,UNKNOWN,,,0.0,,,,,,,False
DXB-MEYDAN-d631f1e9c6,meydanone,55.331733,25.155736,12.0,3,,,,,,,,,UNKNOWN,,,0.0,,,,,,,False
DXB-MEYDAN-43d0725d81,meydanone,55.332092,25.155633,12.0,3,,,,,,,,,UNKNOWN,,,0.0,,,,,,,False
DXB-MEYDAN-b4531b319e,meydanone,55.332264,25.155603,12.0,3,,,,,,,,,UNKNOWN,,,0.0,,,,,,,False
DXB-MEYDAN-e692dea895,meydanone,55.332254,25.155455,12.0,3,,,,,,,,,UNKNOWN,,,0.0,,,,,,,False
DXB-MEYDAN-18ed1f855f,meydanone,55.332257,25.155304,12.0,3,,,,,,,,,UNKNOWN,,,0.0,,,,,,,False
DXB-MEYDAN-375e5571a5,meydanone,55.332575,25.155426,12.0,3,,,,,,,,,UNKNOWN,,,0.0,,,,,,,False
DXB-MEYDAN-0f9d44d50e,meydanone,55.332884,25.155666,12.0,3,,,,,,,,,UNKNOWN,,,0.0,,,,,,,False
DXB-MEYDAN-da16689857,meydanone,55.332756,25.155715,12.0,3,,,,,,,,,UNKNOWN,,,0.0,,,,,,,False
DXB-MEYDAN-2ba0e09434,meydanone,55.332603,25.155724,12.0,3,,,,,,,,,UNKNOWN,,,0.0,,,,,,,False
DXB-MEYDAN-a183a74e2c,meydanone,55.332641,25.155877,12.0,3,,,,,,,,,UNKNOWN,,,0.0,,,,,,,False
DXB-MEYDAN-a9451377c3,meydanone,55.332803,25.1559,12.0,3,,,,,,,,,UNKNOWN,,,0.0,,,,,,,False
DXB-MEYDAN-54d5fd8245,meydanone,55.331919,25.155511,12.0,3,,,,,,,,,UNKNOWN,,,0.0,,,,,,,False
DXB-MEYDAN-2518ab476d,meydanone,55.332872,25.156279,12.0,3,,,,,,,,,UNKNOWN,,,0.0,,,,,,,False
DXB-MEYDAN-5a41e8c2db,meydanone,55.333282,25.156216,12.0,3,,,,,,,,,UNKNOWN,,,0.0,,,,,,,False
DXB-MEYDAN-dafabdca44,meydanone,55.333399,25.156102,12.0,3,,,,,,,,,UNKNOWN,,,0.0,,,,,,,False
DXB-MEYDAN-297b26e1f2,meydanone,55.333436,25.155944,12.0,3,,,,,,,,,UNKNOWN,,,0.0,,,,,,,False
DXB-MEYDAN-6ed44e9c62,meydanone,55.333574,25.15583,12.0,3,,,,,,,,,UNKNOWN,,,0.0,,,,,,,False
DXB-MEYDAN-314354aa6a,meydanone,55.331556,25.155793,12.0,3,,,,,,,,,UNKNOWN,,,0.0,,,,,,,False
DXB-MEYDAN-152db6f8c5,meydanone,55.331568,25.155952,12.0,3,,,,,,,,,UNKNOWN,,,0.0,,,,,,,False
DXB-MEYDAN-4547083265,meydanone,55.332024,25.156256,12.0,3,,,,,,,,,UNKNOWN,,,0.0,,,,,,,False
DXB-MEYDAN-c6d401947d,meydanone,55.332041,25.156107,12.0,3,,,,,,,,,UNKNOWN,,,0.0,,,,,,,False
DXB-MEYDAN-98b0758c7d,meydanone,55.33242,25.156465,12.0,3,,,,,,,,,UNKNOWN,,,0.0,,,,,,,False
DXB-MEYDAN-489cbbce12,meydanone,55.332796,25.156619,12.0,3,,,,,,,,,UNKNOWN,,,0.0,,,,,,,False
DXB-MEYDAN-dad670bed6,meydanone,55.332869,25.156488,12.0,3,,,,,,,,,UNKNOWN,,,0.0,,,,,,,False
DXB-MEYDAN-3c54256899,meydanone,55.33313,25.156796,12.0,3,,,,,,,,,UNKNOWN,,,0.0,,,,,,,False
DXB-MEYDAN-1344121525,meydanone,55.331739,25.156976,12.0,3,,,,,,,,,UNKNOWN,,,0.0,,,,,,,False
DXB-MEYDAN-d2f34a2c1a,meydanone,55.332453,25.157496,12.0,3,,,,,,,,,UNKNOWN,,,0.0,,,,,,,False
DXB-MEYDAN-1262612fa6,meydanone,55.332284,25.157027,12.0,3,,,,,,,,,UNKNOWN,,,0.0,,,,,,,False
DXB-MEYDAN-629ec55d98,meydanone,55.331588,25.157701,12.0,3,,,,,,,,,UNKNOWN,,,0.0,,,,,,,False
DXB-MEYDAN-45072eeae5,meydanone,55.331448,25.156496,12.0,3,,,,,,,,,UNKNOWN,,,0.0,,,,,,,False
DXB-MEYDAN-28c1c35f13,meydanone,55.325593,25.159017,12.0,3,,,,,,,,,UNKNOWN,,,0.0,,,,,,,False
DXB-MEYDAN-edbe7a3e3f,meydanone,55.331162,25.15376,12.0,3,,,,,,,,,UNKNOWN,,,0.0,,,,,,,False
DXB-MEYDAN-99b58c86b3,meydanone,55.331244,25.153649,12.0,3,,,,,,,,,UNKNOWN,,,0.0,,,,,,,False
DXB-MEYDAN-1f048b58b7,meydanone,55.330699,25.154101,12.0,3,,,,,,,,,UNKNOWN,,,0.0,,,,,,,False
DXB-MEYDAN-c186cdbc92,meydanone,55.330276,25.154545,12.0,3,,,,,,,,,UNKNOWN,,,0.0,,,,,,,False
DXB-MEYDAN-9ffc9ad935,meydanone,55.330781,25.154741,12.0,3,,,,,,,,,UNKNOWN,,,0.0,,,,,,,False
DXB-MEYDAN-22307ae53a,meydanone,55.330976,25.155002,12.0,3,,,,,,,,,UNKNOWN,,,0.0,,,,,,,False
DXB-MEYDAN-2245aa9820,meydanone,55.330676,25.154885,12.0,3,,,,,,,,,UNKNOWN,,,0.0,,,,,,,False
DXB-MEYDAN-fa5259d13b,meydanone,55.331381,25.155201,12.0,3,,,,,,,,,UNKNOWN,,,0.0,,,,,,,False
DXB-MEYDAN-61e0a13452,meydanone,55.33108,25.155336,12.0,3,,,,,,,,,UNKNOWN,,,0.0,,,,,,,False
DXB-MEYDAN-a8842e437b,meydanone,55.33077,25.155476,12.0,3,,,,,,,,,UNKNOWN,,,0.0,,,,,,,False
DXB-MEYDAN-24b09f9eb2,meydanone,55.330621,25.155269,12.0,3,,,,,,,,,UNKNOWN,,,0.0,,,,,,,False
DXB-MEYDAN-0002ea11fb,meydanone,55.330101,25.154937,12.0,3,,,,,,,,,UNKNOWN,,,0.0,,,,,,,False
DXB-MEYDAN-871fc53925,meydanone,55.330071,25.155443,12.0,3,,,,,,,,,UNKNOWN,,,0.0,,,,,,,False
DXB-MEYDAN-20d9015bf9,meydanone,55.32972,25.154904,12.0,3,,,,,,,,,UNKNOWN,,,0.0,,,,,,,False
DXB-MEYDAN-58f36e36aa,meydanone,55.330433,25.155858,12.0,3,,,,,,,,,UNKNOWN,,,0.0,,,,,,,False
DXB-MEYDAN-94bc2ae2ad,meydanone,55.330241,25.156151,12.0,3,,,,,,,,,UNKNOWN,,,0.0,,,,,,,False
DXB-MEYDAN-7cb624c891,meydanone,55.329765,25.156428,12.0,3,,,,,,,,,UNKNOWN,,,0.0,,,,,,,False
DXB-MEYDAN-08aec91e01,meydanone,55.329415,25.156893,12.0,3,,,,,,,,,UNKNOWN,,,0.0,,,,,,,False
DXB-MEYDAN-c0dfd22da8,meydanone,55.329318,25.157154,12.0,3,,,,,,,,,UNKNOWN,,,0.0,,,,,,,False
DXB-MEYDAN-2a1b09669f,meydanone,55.329094,25.157223,12.0,3,,,,,,,,,UNKNOWN,,,0.0,,,,,,,False
DXB-MEYDAN-1bbb352778,meydanone,55.328841,25.156357,12.0,3,,,,,,,,,UNKNOWN,,,0.0,,,,,,,False
DXB-MEYDAN-928b3eb4ac,meydanone,55.324835,25.159772,12.0,3,Emirates NBD (building N),Emirates NBD (building N),BUILDING_NAME,Emirates NBD (building N),,,,,MATCHED,osm,osm,0.9,0.0,True,,,,carried on the footprint by build_anchors,False
DXB-MEYDAN-86b93c63c9,meydanone,55.324433,25.160549,12.0,3,Emirates NBD (building P),Emirates NBD (building P),BUILDING_NAME,Emirates NBD (building P),,,,,MATCHED,osm,osm,0.9,0.0,True,,,,carried on the footprint by build_anchors,False
DXB-MEYDAN-9f4655b66c,meydanone,55.3256,25.160118,19.2,6,EmirateNBD IT (building M),EmirateNBD IT (building M),BUILDING_NAME,EmirateNBD IT (building M),,,,,MATCHED,osm,osm,0.9,0.0,True,,,,carried on the footprint by build_anchors,False
DXB-MEYDAN-ebe05bf1c0,meydanone,55.323986,25.161877,12.0,3,,,,,,,,,UNKNOWN,,,0.0,,,,,,,False
DXB-MEYDAN-a5964d3d00,meydanone,55.324107,25.161645,12.0,3,,,,,,,,,UNKNOWN,,,0.0,,,,,,,False
DXB-MEYDAN-2f0b1829b3,meydanone,55.323184,25.17041,12.0,3,,,,,,,,,UNKNOWN,,,0.0,,,,,,,False
DXB-MEYDAN-962460ccfd,meydanone,55.312619,25.166346,12.0,3,,,,,,,,,UNKNOWN,,,0.0,,,,,,,False
DXB-MEYDAN-16c77633dd,meydanone,55.323566,25.159504,12.0,3,,,,,,,,,UNKNOWN,,,0.0,,,,,,,False
DXB-MEYDAN-f105295051,meydanone,55.323075,25.160363,12.0,3,,,,,,,,,UNKNOWN,,,0.0,,,,,,,False
DXB-MEYDAN-32cfeb655b,meydanone,55.323369,25.159872,12.0,3,,,,,,,,,UNKNOWN,,,0.0,,,,,,,False
DXB-MEYDAN-c89f34b0fd,meydanone,55.322628,25.161148,12.0,3,,,,,,,,,UNKNOWN,,,0.0,,,,,,,False
DXB-MEYDAN-390c954c91,meydanone,55.322172,25.161976,12.0,3,,,,,,,,,UNKNOWN,,,0.0,,,,,,,False
DXB-MEYDAN-517209f204,meydanone,55.321658,25.16284,12.0,3,,,,,,,,,UNKNOWN,,,0.0,,,,,,,False
DXB-MEYDAN-b2685dae0c,meydanone,55.322444,25.161431,12.0,3,,,,,,,,,UNKNOWN,,,0.0,,,,,,,False
DXB-MEYDAN-7731b6c51a,meydanone,55.3206,25.162369,12.0,3,,,,,,,,,UNKNOWN,,,0.0,,,,,,,False
DXB-MEYDAN-67ab7d9949,meydanone,55.321222,25.161217,12.0,3,,,,,,,,,UNKNOWN,,,0.0,,,,,,,False
DXB-MEYDAN-6b6f31f863,meydanone,55.321906,25.160907,12.0,3,,,,,,,,,UNKNOWN,,,0.0,,,,,,,False
DXB-MEYDAN-c51413807d,meydanone,55.322036,25.160968,12.0,3,,,,,,,,,UNKNOWN,,,0.0,,,,,,,False
DXB-MEYDAN-d15e020a53,meydanone,55.321482,25.160536,12.0,3,,,,,,,,,UNKNOWN,,,0.0,,,,,,,False
DXB-MEYDAN-a0457a1d52,meydanone,55.322601,25.160334,12.0,3,,,,,,,,,UNKNOWN,,,0.0,,,,,,,False
DXB-MEYDAN-100cfe4111,meydanone,55.321873,25.160048,12.0,3,,,,,,,,,UNKNOWN,,,0.0,,,,,,,False
DXB-MEYDAN-0cfbd44640,meydanone,55.322454,25.158995,12.0,3,,,,,,,,,UNKNOWN,,,0.0,,,,,,,False
DXB-MEYDAN-521ea76ca5,meydanone,55.322103,25.158773,12.0,3,,,,,,,,,UNKNOWN,,,0.0,,,,,,,False
DXB-MEYDAN-1ab601fe40,meydanone,55.321125,25.158484,12.0,3,,,,,,,,,UNKNOWN,,,0.0,,,,,,,False
DXB-MEYDAN-d9fedf3250,meydanone,55.32053,25.159543,12.0,3,,,,,,,,,UNKNOWN,,,0.0,,,,,,,False
DXB-MEYDAN-c345d504f5,meydanone,55.31993,25.160653,12.0,3,,,,,,,,,UNKNOWN,,,0.0,,,,,,,False
DXB-MEYDAN-300059a245,meydanone,55.322798,25.158814,12.0,3,,,,,,,,,UNKNOWN,,,0.0,,,,,,,False
DXB-MEYDAN-324a42b0b9,meydanone,55.322872,25.158848,12.0,3,,,,,,,,,UNKNOWN,,,0.0,,,,,,,False
DXB-MEYDAN-20045e1ae5,meydanone,55.322946,25.158883,12.0,3,,,,,,,,,UNKNOWN,,,0.0,,,,,,,False
DXB-MEYDAN-8d101b73bc,meydanone,55.32302,25.158939,12.0,3,,,,,,,,,UNKNOWN,,,0.0,,,,,,,False
DXB-MEYDAN-c0c30b654d,meydanone,55.322715,25.15895,12.0,3,,,,,,,,,UNKNOWN,,,0.0,,,,,,,False
DXB-MEYDAN-e184613c4f,meydanone,55.322781,25.158988,12.0,3,,,,,,,,,UNKNOWN,,,0.0,,,,,,,False
DXB-MEYDAN-3cc9f65160,meydanone,55.322863,25.159034,12.0,3,,,,,,,,,UNKNOWN,,,0.0,,,,,,,False
DXB-MEYDAN-53e0d4f07d,meydanone,55.322817,25.158662,12.0,3,,,,,,,,,UNKNOWN,,,0.0,,,,,,,False
DXB-MEYDAN-698a064c49,meydanone,55.322875,25.158674,12.0,3,,,,,,,,,UNKNOWN,,,0.0,,,,,,,False
DXB-MEYDAN-d9de699828,meydanone,55.322951,25.158554,12.0,3,,,,,,,,,UNKNOWN,,,0.0,,,,,,,False
DXB-MEYDAN-5240036ebc,meydanone,55.323089,25.15882,12.0,3,,,,,,,,,UNKNOWN,,,0.0,,,,,,,False
DXB-MEYDAN-3080e089cc,meydanone,55.323024,25.15877,12.0,3,,,,,,,,,UNKNOWN,,,0.0,,,,,,,False
DXB-MEYDAN-39392c381c,meydanone,55.32295,25.158731,12.0,3,,,,,,,,,UNKNOWN,,,0.0,,,,,,,False
DXB-MEYDAN-be2883c2f1,meydanone,55.323006,25.158633,12.0,3,,,,,,,,,UNKNOWN,,,0.0,,,,,,,False
DXB-MEYDAN-07b9001f28,meydanone,55.323083,25.15867,12.0,3,,,,,,,,,UNKNOWN,,,0.0,,,,,,,False
DXB-MEYDAN-2d855c022d,meydanone,55.323166,25.158704,12.0,3,,,,,,,,,UNKNOWN,,,0.0,,,,,,,False
DXB-MEYDAN-6982404b48,meydanone,55.322921,25.159224,12.0,3,,,,,,,,,UNKNOWN,,,0.0,,,,,,,False
DXB-MEYDAN-a4741d1d3e,meydanone,55.318798,25.159777,12.0,3,,,,,,,,,UNKNOWN,,,0.0,,,,,,,False
DXB-MEYDAN-6ef8d4bce8,meydanone,55.318198,25.159501,12.0,3,,,,,,,,,UNKNOWN,,,0.0,,,,,,,False
DXB-MEYDAN-682544b147,meydanone,55.317465,25.158607,12.0,3,,,,,,,,,UNKNOWN,,,0.0,,,,,,,False
DXB-MEYDAN-5bb61d5ed7,meydanone,55.318122,25.156424,12.0,3,,,,,,,,,UNKNOWN,,,0.0,,,,,,,False
DXB-MEYDAN-0ae9e19eb5,meydanone,55.316034,25.156354,12.0,3,,,,,,,,,UNKNOWN,,,0.0,,,,,,,False
DXB-MEYDAN-5c97084f3d,meydanone,55.316552,25.156391,12.0,3,,,,,,,,,UNKNOWN,,,0.0,,,,,,,False
DXB-MEYDAN-5849245fbf,meydanone,55.316452,25.156362,12.0,3,,,,,,,,,UNKNOWN,,,0.0,,,,,,,False
DXB-MEYDAN-1be9cbc57b,meydanone,55.316798,25.156834,12.0,3,,,,,,,,,UNKNOWN,,,0.0,,,,,,,False
DXB-MEYDAN-b6f9b180bb,meydanone,55.316313,25.156691,12.0,3,,,,,,,,,UNKNOWN,,,0.0,,,,,,,False
DXB-MEYDAN-0a0dd4b81b,meydanone,55.314068,25.156936,12.0,3,,,,,,,,,UNKNOWN,,,0.0,,,,,,,False
DXB-MEYDAN-ef1b554397,meydanone,55.314394,25.157032,12.0,3,,,,,,,,,UNKNOWN,,,0.0,,,,,,,False
DXB-MEYDAN-a27e8984ef,meydanone,55.314263,25.156847,12.0,3,,,,,,,,,UNKNOWN,,,0.0,,,,,,,False
DXB-MEYDAN-47a9792f3e,meydanone,55.314391,25.156847,12.0,3,,,,,,,,,UNKNOWN,,,0.0,,,,,,,False
DXB-MEYDAN-4526742dbc,meydanone,55.314685,25.156854,12.0,3,,,,,,,,,UNKNOWN,,,0.0,,,,,,,False
DXB-MEYDAN-ccf0a3b34f,meydanone,55.315047,25.156952,12.0,3,,,,,,,,,UNKNOWN,,,0.0,,,,,,,False
DXB-MEYDAN-f5b30030b0,meydanone,55.315336,25.156951,12.0,3,,,,,,,,,UNKNOWN,,,0.0,,,,,,,False
DXB-MEYDAN-dd7c664fb7,meydanone,55.314856,25.157002,12.0,3,,,,,,,,,UNKNOWN,,,0.0,,,,,,,False
DXB-MEYDAN-e794525dd0,meydanone,55.314859,25.15685,12.0,3,,,,,,,,,UNKNOWN,,,0.0,,,,,,,False
DXB-MEYDAN-6211ff0f4e,meydanone,55.315074,25.156737,12.0,3,,,,,,,,,UNKNOWN,,,0.0,,,,,,,False
DXB-MEYDAN-0bcc01b710,meydanone,55.315305,25.156736,12.0,3,,,,,,,,,UNKNOWN,,,0.0,,,,,,,False
DXB-MEYDAN-5dbc4ec74f,meydanone,55.314858,25.156738,12.0,3,,,,,,,,,UNKNOWN,,,0.0,,,,,,,False
DXB-MEYDAN-0b99f8a639,meydanone,55.315525,25.156204,12.0,3,,,,,,,,,UNKNOWN,,,0.0,,,,,,,False
DXB-MEYDAN-679067493e,meydanone,55.313383,25.155771,12.0,3,,,,,,,,,UNKNOWN,,,0.0,,,,,,,False
DXB-MEYDAN-450c9087b0,meydanone,55.313104,25.155824,12.0,3,,,,,,,,,UNKNOWN,,,0.0,,,,,,,False
DXB-MEYDAN-e7f23bacce,meydanone,55.312731,25.155696,12.0,3,,,,,,,,,UNKNOWN,,,0.0,,,,,,,False
DXB-MEYDAN-e722d7f4a2,meydanone,55.312552,25.155701,12.0,3,,,,,,,,,UNKNOWN,,,0.0,,,,,,,False
DXB-MEYDAN-cf3642c018,meydanone,55.312489,25.155484,12.0,3,,,,,,,,,UNKNOWN,,,0.0,,,,,,,False
DXB-MEYDAN-78da043e27,meydanone,55.333452,25.130579,12.0,3,,,,,,,,,UNKNOWN,,,0.0,,,,,,,False
DXB-MEYDAN-4086d0c550,meydanone,55.333682,25.130769,12.0,3,,,,,,,,,UNKNOWN,,,0.0,,,,,,,False
DXB-MEYDAN-1bf23eb5f0,meydanone,55.333754,25.130938,12.0,3,,,,,,,,,UNKNOWN,,,0.0,,,,,,,False
DXB-MEYDAN-23a532f2e2,meydanone,55.333966,25.130803,12.0,3,,,,,,,,,UNKNOWN,,,0.0,,,,,,,False
DXB-MEYDAN-afe7bb6bb3,meydanone,55.334212,25.130662,12.0,3,,,,,,,,,UNKNOWN,,,0.0,,,,,,,False
DXB-MEYDAN-2459b41bd3,meydanone,55.334156,25.130919,12.0,3,,,,,,,,,UNKNOWN,,,0.0,,,,,,,False
DXB-MEYDAN-a1cbb29416,meydanone,55.334288,25.131331,12.0,3,,,,,,,,,UNKNOWN,,,0.0,,,,,,,False
DXB-MEYDAN-65a5168a57,meydanone,55.3342,25.131388,12.0,3,,,,,,,,,UNKNOWN,,,0.0,,,,,,,False
DXB-MEYDAN-4fb876fc66,meydanone,55.335398,25.131027,12.0,3,,,,,,,,,UNKNOWN,,,0.0,,,,,,,False
DXB-MEYDAN-ffcf191cdb,meydanone,55.335505,25.131219,12.0,3,,,,,,,,,UNKNOWN,,,0.0,,,,,,,False
DXB-MEYDAN-d66ee585b1,meydanone,55.335546,25.131418,12.0,3,,,,,,,,,UNKNOWN,,,0.0,,,,,,,False
DXB-MEYDAN-ba2d8a1592,meydanone,55.335258,25.131684,12.0,3,,,,,,,,,UNKNOWN,,,0.0,,,,,,,False
DXB-MEYDAN-13ba5bf584,meydanone,55.335174,25.131584,12.0,3,,,,,,,,,UNKNOWN,,,0.0,,,,,,,False
DXB-MEYDAN-d04ffda080,meydanone,55.335135,25.131458,12.0,3,,,,,,,,,UNKNOWN,,,0.0,,,,,,,False
DXB-MEYDAN-976c114b13,meydanone,55.334958,25.131292,12.0,3,,,,,,,,,UNKNOWN,,,0.0,,,,,,,False
DXB-MEYDAN-288119dbfb,meydanone,55.334841,25.131447,12.0,3,,,,,,,,,UNKNOWN,,,0.0,,,,,,,False
DXB-MEYDAN-0e4848ce3c,meydanone,55.334672,25.131552,12.0,3,,,,,,,,,UNKNOWN,,,0.0,,,,,,,False
DXB-MEYDAN-7d02f4e0bc,meydanone,55.334834,25.131797,12.0,3,,,,,,,,,UNKNOWN,,,0.0,,,,,,,False
DXB-MEYDAN-394f063ccd,meydanone,55.334591,25.13192,12.0,3,,,,,,,,,UNKNOWN,,,0.0,,,,,,,False
DXB-MEYDAN-80301707e0,meydanone,55.334569,25.132173,12.0,3,,,,,,,,,UNKNOWN,,,0.0,,,,,,,False
DXB-MEYDAN-73827bd5cc,meydanone,55.334434,25.131693,12.0,3,,,,,,,,,UNKNOWN,,,0.0,,,,,,,False
DXB-MEYDAN-e76685599c,meydanone,55.334346,25.131718,12.0,3,,,,,,,,,UNKNOWN,,,0.0,,,,,,,False
DXB-MEYDAN-ba1bb89765,meydanone,55.332943,25.12989,12.0,3,,,,,,,,,UNKNOWN,,,0.0,,,,,,,False
DXB-MEYDAN-49fc9e10cc,meydanone,55.333108,25.12984,12.0,3,,,,,,,,,UNKNOWN,,,0.0,,,,,,,False
DXB-MEYDAN-5290b0d470,meydanone,55.333178,25.130073,12.0,3,,,,,,,,,UNKNOWN,,,0.0,,,,,,,False
DXB-MEYDAN-9775504544,meydanone,55.332696,25.130318,12.0,3,,,,,,,,,UNKNOWN,,,0.0,,,,,,,False
DXB-MEYDAN-88597349b9,meydanone,55.332396,25.129536,12.0,3,,,,,,,,,UNKNOWN,,,0.0,,,,,,,False
DXB-MEYDAN-c96cb386d8,meydanone,55.332898,25.129282,12.0,3,,,,,,,,,UNKNOWN,,,0.0,,,,,,,False
DXB-MEYDAN-aae067d221,meydanone,55.331785,25.130055,12.0,3,,,,,,,,,UNKNOWN,,,0.0,,,,,,,False
DXB-MEYDAN-095f81bd0e,meydanone,55.331469,25.130088,12.0,3,,,,,,,,,UNKNOWN,,,0.0,,,,,,,False
DXB-MEYDAN-16eba914c8,meydanone,55.331186,25.130045,12.0,3,,,,,,,,,UNKNOWN,,,0.0,,,,,,,False
DXB-MEYDAN-1b373c568a,meydanone,55.332268,25.12905,12.0,3,,,,,,,,,UNKNOWN,,,0.0,,,,,,,False
DXB-MEYDAN-94746ab445,meydanone,55.332147,25.140929,12.0,3,,,,,,,,,UNKNOWN,,,0.0,,,,,,,False
DXB-MEYDAN-cd8a476294,meydanone,55.328563,25.155322,12.0,3,,,,,,,,,UNKNOWN,,,0.0,,,,,,,False
DXB-MEYDAN-2673825902,meydanone,55.314465,25.153086,12.0,3,,,,,,,,,UNKNOWN,,,0.0,,,,,,,False
DXB-MEYDAN-e611f00abe,meydanone,55.313906,25.152964,12.0,3,,,,,,,,,UNKNOWN,,,0.0,,,,,,,False
DXB-MEYDAN-84123ea758,meydanone,55.313734,25.152887,12.0,3,,,,,,,,,UNKNOWN,,,0.0,,,,,,,False
DXB-MEYDAN-dc932bc935,meydanone,55.314115,25.153017,12.0,3,,,,,,,,,UNKNOWN,,,0.0,,,,,,,False
DXB-MEYDAN-4202d07b2b,meydanone,55.315573,25.15324,12.0,3,,,,,,,,,UNKNOWN,,,0.0,,,,,,,False
DXB-MEYDAN-2d886f636e,meydanone,55.315516,25.153374,12.0,3,,,,,,,,,UNKNOWN,,,0.0,,,,,,,False
DXB-MEYDAN-a253f47283,meydanone,55.315443,25.153498,12.0,3,,,,,,,,,UNKNOWN,,,0.0,,,,,,,False
DXB-MEYDAN-2b8d0f64cf,meydanone,55.31568,25.15463,12.0,3,,,,,,,,,UNKNOWN,,,0.0,,,,,,,False
DXB-MEYDAN-c97da820a3,meydanone,55.316138,25.154819,12.0,3,,,,,,,,,UNKNOWN,,,0.0,,,,,,,False
DXB-MEYDAN-ae787445bf,meydanone,55.315786,25.154486,12.0,3,,,,,,,,,UNKNOWN,,,0.0,,,,,,,False
DXB-MEYDAN-48ac5adc57,meydanone,55.316484,25.154793,12.0,3,,,,,,,,,UNKNOWN,,,0.0,,,,,,,False
DXB-MEYDAN-8023d9cb8e,meydanone,55.315756,25.154307,12.0,3,,,,,,,,,UNKNOWN,,,0.0,,,,,,,False
DXB-MEYDAN-0d1dbfc7f4,meydanone,55.318332,25.154921,12.0,3,,,,,,,,,UNKNOWN,,,0.0,,,,,,,False
DXB-MEYDAN-9955f10d30,meydanone,55.319179,25.155312,12.0,3,,,,,,,,,UNKNOWN,,,0.0,,,,,,,False
DXB-MEYDAN-7ff654f70d,meydanone,55.318383,25.154187,12.0,3,,,,,,,,,UNKNOWN,,,0.0,,,,,,,False
DXB-MEYDAN-fc19acc61e,meydanone,55.318927,25.154756,12.0,3,,,,,,,,,UNKNOWN,,,0.0,,,,,,,False
DXB-MEYDAN-62900f5b51,meydanone,55.319407,25.154809,12.0,3,,,,,,,,,UNKNOWN,,,0.0,,,,,,,False
DXB-MEYDAN-48485b24ca,meydanone,55.31953,25.15487,12.0,3,,,,,,,,,UNKNOWN,,,0.0,,,,,,,False
DXB-MEYDAN-2597eda2df,meydanone,55.319787,25.154996,12.0,3,,,,,,,,,UNKNOWN,,,0.0,,,,,,,False
DXB-MEYDAN-7fbdb9ed09,meydanone,55.319651,25.154995,12.0,3,,,,,,,,,UNKNOWN,,,0.0,,,,,,,False
DXB-MEYDAN-bae8dacb4c,meydanone,55.319932,25.154994,12.0,3,,,,,,,,,UNKNOWN,,,0.0,,,,,,,False
DXB-MEYDAN-e25a1fd087,meydanone,55.320073,25.155046,12.0,3,,,,,,,,,UNKNOWN,,,0.0,,,,,,,False
DXB-MEYDAN-ea9746133d,meydanone,55.320259,25.155122,12.0,3,,,,,,,,,UNKNOWN,,,0.0,,,,,,,False
DXB-MEYDAN-8f4a181aa0,meydanone,55.32038,25.155169,12.0,3,,,,,,,,,UNKNOWN,,,0.0,,,,,,,False
DXB-MEYDAN-7119441b4b,meydanone,55.32098,25.155435,12.0,3,,,,,,,,,UNKNOWN,,,0.0,,,,,,,False
DXB-MEYDAN-1f2c7de1d2,meydanone,55.319754,25.15552,12.0,3,,,,,,,,,UNKNOWN,,,0.0,,,,,,,False
DXB-MEYDAN-899e6ebb24,meydanone,55.319985,25.155633,12.0,3,,,,,,,,,UNKNOWN,,,0.0,,,,,,,False
DXB-MEYDAN-8b9f18829e,meydanone,55.320456,25.155855,12.0,3,,,,,,,,,UNKNOWN,,,0.0,,,,,,,False
DXB-MEYDAN-0b1950329b,meydanone,55.320689,25.15596,12.0,3,,,,,,,,,UNKNOWN,,,0.0,,,,,,,False
DXB-MEYDAN-e63684f8fc,meydanone,55.320165,25.155832,12.0,3,,,,,,,,,UNKNOWN,,,0.0,,,,,,,False
DXB-MEYDAN-a01272e85c,meydanone,55.320359,25.155467,12.0,3,,,,,,,,,UNKNOWN,,,0.0,,,,,,,False
DXB-MEYDAN-715616e889,meydanone,55.321739,25.156828,12.0,3,,,,,,,,,UNKNOWN,,,0.0,,,,,,,False
DXB-MEYDAN-9d987cd02b,meydanone,55.322116,25.157008,12.0,3,,,,,,,,,UNKNOWN,,,0.0,,,,,,,False
DXB-MEYDAN-0ee9e4bdd1,meydanone,55.3225,25.157186,12.0,3,,,,,,,,,UNKNOWN,,,0.0,,,,,,,False
DXB-MEYDAN-8a6a6113d7,meydanone,55.322905,25.157396,12.0,3,,,,,,,,,UNKNOWN,,,0.0,,,,,,,False
DXB-MEYDAN-df236393cc,meydanone,55.321298,25.156918,12.0,3,,,,,,,,,UNKNOWN,,,0.0,,,,,,,False
DXB-MEYDAN-29b494d2e4,meydanone,55.321519,25.157137,12.0,3,,,,,,,,,UNKNOWN,,,0.0,,,,,,,False
DXB-MEYDAN-7aeafe3007,meydanone,55.321124,25.156803,12.0,3,,,,,,,,,UNKNOWN,,,0.0,,,,,,,False
DXB-MEYDAN-4d51f734ca,meydanone,55.322008,25.156277,12.0,3,,,,,,,,,UNKNOWN,,,0.0,,,,,,,False
DXB-MEYDAN-a40f5f8aa9,meydanone,55.322539,25.15635,12.0,3,,,,,,,,,UNKNOWN,,,0.0,,,,,,,False
DXB-MEYDAN-29a7df0387,meydanone,55.322507,25.156504,12.0,3,,,,,,,,,UNKNOWN,,,0.0,,,,,,,False
DXB-MEYDAN-96c90360a7,meydanone,55.32366,25.15707,12.0,3,,,,,,,,,UNKNOWN,,,0.0,,,,,,,False
DXB-MEYDAN-3496f39c12,meydanone,55.322978,25.15783,12.0,3,,,,,,,,,UNKNOWN,,,0.0,,,,,,,False
DXB-MEYDAN-bc22f63b4a,meydanone,55.323372,25.158725,12.0,3,,,,,,,,,UNKNOWN,,,0.0,,,,,,,False
DXB-MEYDAN-aeb37680e1,meydanone,55.324386,25.156788,12.0,3,,,,,,,,,UNKNOWN,,,0.0,,,,,,,False
DXB-MEYDAN-47f9155a2d,meydanone,55.31057,25.143384,12.0,3,,,,,,,,,UNKNOWN,,,0.0,,,,,,,False
DXB-MEYDAN-f902513621,meydanone,55.30917,25.143782,12.0,3,,,,,,,,,UNKNOWN,,,0.0,,,,,,,False
DXB-MEYDAN-2b659bf7a3,meydanone,55.309646,25.143579,12.0,3,,,,,,,,,UNKNOWN,,,0.0,,,,,,,False
DXB-MEYDAN-3a88b0f18e,meydanone,55.31049,25.144314,12.0,3,,,,,,,,,UNKNOWN,,,0.0,,,,,,,False
DXB-MEYDAN-cc17e3d120,meydanone,55.310196,25.144346,12.0,3,,,,,,,,,UNKNOWN,,,0.0,,,,,,,False
DXB-MEYDAN-b89f11efcb,meydanone,55.323563,25.155555,12.0,3,مركز ند الشبا الصحي,مركز ند الشبا الصحي,BUILDING_NAME,مركز ند الشبا الصحي,,,,,MATCHED,osm,osm,0.9,0.0,True,,,,carried on the footprint by build_anchors,False
DXB-MEYDAN-8c8b248594,meydanone,55.325642,25.152894,12.0,3,,,,,,,,,UNKNOWN,,,0.0,,,,,,,False
DXB-MEYDAN-471677f825,meydanone,55.325913,25.152961,12.0,3,,,,,,,,,UNKNOWN,,,0.0,,,,,,,False
DXB-MEYDAN-bd0020a8b2,meydanone,55.329144,25.149683,12.0,3,,,,,,,,,UNKNOWN,,,0.0,,,,,,,False
DXB-MEYDAN-7053a40a9f,meydanone,55.329084,25.149409,12.0,3,,,,,,,,,UNKNOWN,,,0.0,,,,,,,False
DXB-MEYDAN-b9d03bc177,meydanone,55.331027,25.1353,12.0,3,,,,,,,,,UNKNOWN,,,0.0,,,,,,,False
DXB-MEYDAN-41a500c371,meydanone,55.331215,25.135742,12.0,3,,,,,,,,,UNKNOWN,,,0.0,,,,,,,False
DXB-MEYDAN-fc1ad23252,meydanone,55.331387,25.135308,12.0,3,,,,,,,,,UNKNOWN,,,0.0,,,,,,,False
DXB-MEYDAN-34032a63d5,meydanone,55.331754,25.135511,12.0,3,,,,,,,,,UNKNOWN,,,0.0,,,,,,,False
DXB-MEYDAN-ce7726fc5d,meydanone,55.332156,25.135457,12.0,3,,,,,,,,,UNKNOWN,,,0.0,,,,,,,False
DXB-MEYDAN-cae68ee804,meydanone,55.331941,25.135738,12.0,3,,,,,,,,,UNKNOWN,,,0.0,,,,,,,False
DXB-MEYDAN-10a3199daa,meydanone,55.33169,25.135724,12.0,3,,,,,,,,,UNKNOWN,,,0.0,,,,,,,False
DXB-MEYDAN-62be6d95fd,meydanone,55.331852,25.135665,12.0,3,,,,,,,,,UNKNOWN,,,0.0,,,,,,,False
DXB-MEYDAN-55cffd0d20,meydanone,55.33034,25.136539,12.0,3,,,,,,,,,UNKNOWN,,,0.0,,,,,,,False
DXB-MEYDAN-c44ba5d6bb,meydanone,55.333044,25.135698,12.0,3,,,,,,,,,UNKNOWN,,,0.0,,,,,,,False
DXB-MEYDAN-f9682f3db5,meydanone,55.33308,25.135793,12.0,3,,,,,,,,,UNKNOWN,,,0.0,,,,,,,False
DXB-MEYDAN-c0affdf169,meydanone,55.333127,25.135902,12.0,3,,,,,,,,,UNKNOWN,,,0.0,,,,,,,False
DXB-MEYDAN-0893d809fb,meydanone,55.33316,25.135981,12.0,3,,,,,,,,,UNKNOWN,,,0.0,,,,,,,False
DXB-MEYDAN-3ab14eac95,meydanone,55.333196,25.136076,12.0,3,,,,,,,,,UNKNOWN,,,0.0,,,,,,,False
DXB-MEYDAN-7963e3560b,meydanone,55.333235,25.136166,12.0,3,,,,,,,,,UNKNOWN,,,0.0,,,,,,,False
DXB-MEYDAN-d475edbac7,meydanone,55.333275,25.136254,12.0,3,,,,,,,,,UNKNOWN,,,0.0,,,,,,,False
DXB-MEYDAN-bdc5da3c59,meydanone,55.333315,25.13635,12.0,3,,,,,,,,,UNKNOWN,,,0.0,,,,,,,False
DXB-MEYDAN-41fd34cd70,meydanone,55.333357,25.136454,12.0,3,,,,,,,,,UNKNOWN,,,0.0,,,,,,,False
DXB-MEYDAN-239671ee9c,meydanone,55.332057,25.136792,12.0,3,,,,,,,,,UNKNOWN,,,0.0,,,,,,,False
DXB-MEYDAN-75a6822153,meydanone,55.331179,25.136709,12.0,3,,,,,,,,,UNKNOWN,,,0.0,,,,,,,False
DXB-MEYDAN-baa5d912d2,meydanone,55.330368,25.13959,12.0,3,,,,,,,,,UNKNOWN,,,0.0,,,,,,,False
DXB-MEYDAN-7bc965aff8,meydanone,55.33021,25.139791,12.0,3,,,,,,,,,UNKNOWN,,,0.0,,,,,,,False
DXB-MEYDAN-d614e8c727,meydanone,55.333442,25.139241,12.0,3,,,,,,,,,UNKNOWN,,,0.0,,,,,,,False
DXB-MEYDAN-888d795a15,meydanone,55.334001,25.13929,12.0,3,,,,,,,,,UNKNOWN,,,0.0,,,,,,,False
DXB-MEYDAN-2b2b8b92bf,meydanone,55.334574,25.139368,12.0,3,,,,,,,,,UNKNOWN,,,0.0,,,,,,,False
DXB-MEYDAN-5f1e44b1cc,meydanone,55.335098,25.139689,12.0,3,,,,,,,,,UNKNOWN,,,0.0,,,,,,,False
DXB-MEYDAN-46d0da0bc0,meydanone,55.335376,25.139285,12.0,3,,,,,,,,,UNKNOWN,,,0.0,,,,,,,False
DXB-MEYDAN-344e7cc866,meydanone,55.335731,25.139417,12.0,3,,,,,,,,,UNKNOWN,,,0.0,,,,,,,False
DXB-MEYDAN-b4520bbfb1,meydanone,55.335638,25.139814,12.0,3,,,,,,,,,UNKNOWN,,,0.0,,,,,,,False
DXB-MEYDAN-eb9584e605,meydanone,55.335771,25.140098,12.0,3,,,,,,,,,UNKNOWN,,,0.0,,,,,,,False
DXB-MEYDAN-dc31ed0586,meydanone,55.33597,25.139794,12.0,3,,,,,,,,,UNKNOWN,,,0.0,,,,,,,False
DXB-MEYDAN-0e727467ae,meydanone,55.33624,25.139987,12.0,3,,,,,,,,,UNKNOWN,,,0.0,,,,,,,False
DXB-MEYDAN-52700cb86d,meydanone,55.3362,25.139833,12.0,3,,,,,,,,,UNKNOWN,,,0.0,,,,,,,False
DXB-MEYDAN-5b2ca9222c,meydanone,55.336349,25.13975,12.0,3,,,,,,,,,UNKNOWN,,,0.0,,,,,,,False
DXB-MEYDAN-e37f29e4d8,meydanone,55.33623,25.13947,12.0,3,,,,,,,,,UNKNOWN,,,0.0,,,,,,,False
DXB-MEYDAN-0b48407544,meydanone,55.333411,25.143074,12.0,3,,,,,,,,,UNKNOWN,,,0.0,,,,,,,False
DXB-MEYDAN-b277af2fa6,meydanone,55.333627,25.143158,12.0,3,,,,,,,,,UNKNOWN,,,0.0,,,,,,,False
DXB-MEYDAN-49da5634b0,meydanone,55.329879,25.141053,12.0,3,,,,,,,,,UNKNOWN,,,0.0,,,,,,,False
DXB-MEYDAN-8829e1bdd8,meydanone,55.333073,25.139366,12.0,3,,,,,,,,,UNKNOWN,,,0.0,,,,,,,False
DXB-MEYDAN-18d0c694a3,meydanone,55.330061,25.140677,12.0,3,,,,,,,,,UNKNOWN,,,0.0,,,,,,,False
DXB-MEYDAN-080869356e,meydanone,55.333636,25.141129,12.0,3,,,,,,,,,UNKNOWN,,,0.0,,,,,,,False
DXB-MEYDAN-16987b1399,meydanone,55.333023,25.140601,12.0,3,,,,,,,,,UNKNOWN,,,0.0,,,,,,,False
DXB-MEYDAN-9b5ad8324d,meydanone,55.332696,25.140374,12.0,3,,,,,,,,,UNKNOWN,,,0.0,,,,,,,False
DXB-MEYDAN-d0b1e7b27c,meydanone,55.330924,25.139839,12.0,3,,,,,,,,,UNKNOWN,,,0.0,,,,,,,False
DXB-MEYDAN-eb30796025,meydanone,55.330848,25.140669,12.0,3,,,,,,,,,UNKNOWN,,,0.0,,,,,,,False
DXB-MEYDAN-6751f599c7,meydanone,55.330533,25.141057,12.0,3,,,,,,,,,UNKNOWN,,,0.0,,,,,,,False
DXB-MEYDAN-098e419b78,meydanone,55.329167,25.14227,12.0,3,,,,,,,,,UNKNOWN,,,0.0,,,,,,,False
DXB-MEYDAN-273b173726,meydanone,55.332407,25.140244,12.0,3,,,,,,,,,UNKNOWN,,,0.0,,,,,,,False
DXB-MEYDAN-3535e74752,meydanone,55.332244,25.140171,12.0,3,,,,,,,,,UNKNOWN,,,0.0,,,,,,,False
DXB-MEYDAN-de9078e3b2,meydanone,55.334331,25.141823,12.0,3,,,,,,,,,UNKNOWN,,,0.0,,,,,,,False
DXB-MEYDAN-8ec111ba2d,meydanone,55.334876,25.142007,12.0,3,,,,,,,,,UNKNOWN,,,0.0,,,,,,,False
DXB-MEYDAN-ab95d4c3dc,meydanone,55.334574,25.141317,12.0,3,,,,,,,,,UNKNOWN,,,0.0,,,,,,,False
DXB-MEYDAN-02b6a4956e,meydanone,55.33473,25.141042,12.0,3,,,,,,,,,UNKNOWN,,,0.0,,,,,,,False
DXB-MEYDAN-96dc09e078,meydanone,55.335391,25.140708,12.0,3,,,,,,,,,UNKNOWN,,,0.0,,,,,,,False
DXB-MEYDAN-df12da420c,meydanone,55.335366,25.140686,12.0,3,,,,,,,,,UNKNOWN,,,0.0,,,,,,,False
DXB-MEYDAN-a0457dbcae,meydanone,55.335515,25.140335,12.0,3,,,,,,,,,UNKNOWN,,,0.0,,,,,,,False
DXB-MEYDAN-57238c1e09,meydanone,55.335957,25.140816,12.0,3,,,,,,,,,UNKNOWN,,,0.0,,,,,,,False
DXB-MEYDAN-0353b466e8,meydanone,55.335936,25.140969,12.0,3,,,,,,,,,UNKNOWN,,,0.0,,,,,,,False
DXB-MEYDAN-9e9db093fe,meydanone,55.336016,25.141015,12.0,3,,,,,,,,,UNKNOWN,,,0.0,,,,,,,False
DXB-MEYDAN-02c3d33b32,meydanone,55.336047,25.140953,12.0,3,,,,,,,,,UNKNOWN,,,0.0,,,,,,,False
DXB-MEYDAN-e1eace53a6,meydanone,55.336071,25.142771,12.0,3,,,,,,,,,UNKNOWN,,,0.0,,,,,,,False
DXB-MEYDAN-0e2ce52757,meydanone,55.336525,25.143044,12.0,3,,,,,,,,,UNKNOWN,,,0.0,,,,,,,False
DXB-MEYDAN-dabd72c142,meydanone,55.336706,25.143572,12.0,3,,,,,,,,,UNKNOWN,,,0.0,,,,,,,False
DXB-MEYDAN-aeb512fe0f,meydanone,55.336242,25.144582,12.0,3,,,,,,,,,UNKNOWN,,,0.0,,,,,,,False
DXB-MEYDAN-44d77dabe9,meydanone,55.333385,25.143968,12.0,3,,,,,,,,,UNKNOWN,,,0.0,,,,,,,False
DXB-MEYDAN-921d6712a5,meydanone,55.337641,25.142797,12.0,3,,,,,,,,,UNKNOWN,,,0.0,,,,,,,False
DXB-MEYDAN-75f5bd2933,meydanone,55.337383,25.143361,12.0,3,,,,,,,,,UNKNOWN,,,0.0,,,,,,,False
DXB-MEYDAN-0c9f0761d0,meydanone,55.337587,25.143012,12.0,3,,,,,,,,,UNKNOWN,,,0.0,,,,,,,False
DXB-MEYDAN-fd0ddde9b0,meydanone,55.303168,25.141793,12.0,3,,,,,,,,,UNKNOWN,,,0.0,,,,,,,False
DXB-MEYDAN-dab7ac68f3,meydanone,55.303416,25.147619,12.0,3,,,,,,,,,UNKNOWN,,,0.0,,,,,,,False
DXB-MEYDAN-891c366b3b,meydanone,55.303797,25.147959,12.0,3,,,,,,,,,UNKNOWN,,,0.0,,,,,,,False
DXB-MEYDAN-5e7e720ac9,meydanone,55.303502,25.147962,12.0,3,,,,,,,,,UNKNOWN,,,0.0,,,,,,,False
DXB-MEYDAN-520764bb90,meydanone,55.30346,25.147789,12.0,3,,,,,,,,,UNKNOWN,,,0.0,,,,,,,False
DXB-MEYDAN-c8d2b4d068,meydanone,55.326735,25.149566,12.0,3,,,,,,,,,UNKNOWN,,,0.0,,,,,,,False
DXB-MEYDAN-613f47e2ad,meydanone,55.326677,25.149191,12.0,3,,,,,,,,,UNKNOWN,,,0.0,,,,,,,False
DXB-MEYDAN-488d0c4836,meydanone,55.327751,25.148833,12.0,3,,,,,,,,,UNKNOWN,,,0.0,,,,,,,False
DXB-MEYDAN-dd42d3672d,meydanone,55.327982,25.148384,12.0,3,,,,,,,,,UNKNOWN,,,0.0,,,,,,,False
DXB-MEYDAN-27e3eb8af4,meydanone,55.327673,25.148224,12.0,3,,,,,,,,,UNKNOWN,,,0.0,,,,,,,False
DXB-MEYDAN-d86b95d620,meydanone,55.327671,25.147708,12.0,3,,,,,,,,,UNKNOWN,,,0.0,,,,,,,False
DXB-MEYDAN-4f9ec9a93d,meydanone,55.32818,25.148224,12.0,3,,,,,,,,,UNKNOWN,,,0.0,,,,,,,False
DXB-MEYDAN-d5e54615d1,meydanone,55.32784,25.148108,12.0,3,,,,,,,,,UNKNOWN,,,0.0,,,,,,,False
DXB-MEYDAN-9584c142f5,meydanone,55.327508,25.14783,12.0,3,,,,,,,,,UNKNOWN,,,0.0,,,,,,,False
DXB-MEYDAN-23285fdda9,meydanone,55.327715,25.147912,12.0,3,,,,,,,,,UNKNOWN,,,0.0,,,,,,,False
DXB-MEYDAN-beb2416920,meydanone,55.315225,25.144777,12.0,3,,,,,,,,,UNKNOWN,,,0.0,,,,,,,False
DXB-MEYDAN-f69dff9cf2,meydanone,55.316028,25.145139,12.0,3,,,,,,,,,UNKNOWN,,,0.0,,,,,,,False
DXB-MEYDAN-359e6fc0d9,meydanone,55.315385,25.144569,12.0,3,,,,,,,,,UNKNOWN,,,0.0,,,,,,,False
DXB-MEYDAN-c3d1729382,meydanone,55.316171,25.144902,12.0,3,,,,,,,,,UNKNOWN,,,0.0,,,,,,,False
DXB-MEYDAN-6de88fadb6,meydanone,55.315047,25.145143,12.0,3,,,,,,,,,UNKNOWN,,,0.0,,,,,,,False
DXB-MEYDAN-80ba7edfab,meydanone,55.315845,25.145512,12.0,3,,,,,,,,,UNKNOWN,,,0.0,,,,,,,False
DXB-MEYDAN-3c27c98540,meydanone,55.296765,25.15182,12.8,4,Polo Residence D2,Polo Residence D2,BUILDING_NAME,Polo Residence D2,,,,,MATCHED,osm,osm,0.9,0.0,True,,,,carried on the footprint by build_anchors,False
DXB-MEYDAN-0a7b18adb5,meydanone,55.296983,25.151556,12.8,4,Polo Residence D1,Polo Residence D1,BUILDING_NAME,Polo Residence D1,,,,,MATCHED,osm,osm,0.9,0.0,True,,,,carried on the footprint by build_anchors,False
DXB-MEYDAN-a62772dcf9,meydanone,55.296504,25.152093,12.8,4,Polo Residence D3,Polo Residence D3,BUILDING_NAME,Polo Residence D3,,,,,MATCHED,osm,osm,0.9,0.0,True,,,,carried on the footprint by build_anchors,False
DXB-MEYDAN-73ea5129c7,meydanone,55.296381,25.152487,12.8,4,Polo Residence D4,Polo Residence D4,BUILDING_NAME,Polo Residence D4,,,,,MATCHED,osm,osm,0.9,0.0,True,,,,carried on the footprint by build_anchors,False
DXB-MEYDAN-276f953f49,meydanone,55.296215,25.15281,12.8,4,Polo Residence D5,Polo Residence D5,BUILDING_NAME,Polo Residence D5,,,,,MATCHED,osm,osm,0.9,0.0,True,,,,carried on the footprint by build_anchors,False
DXB-MEYDAN-93c10a058d,meydanone,55.296024,25.153107,12.8,4,Polo Residence D6,Polo Residence D6,BUILDING_NAME,Polo Residence D6,,,,,MATCHED,osm,osm,0.9,0.0,True,,,,carried on the footprint by build_anchors,False
DXB-MEYDAN-8150d25317,meydanone,55.294644,25.152758,12.8,4,Polo Residence A1,Polo Residence A1,BUILDING_NAME,Polo Residence A1,,,,,MATCHED,osm,osm,0.9,0.0,True,,,,carried on the footprint by build_anchors,False
DXB-MEYDAN-775e927ced,meydanone,55.29435,25.15255,12.0,3,Polo Residence A2,Polo Residence A2,BUILDING_NAME,Polo Residence A2,,,,,MATCHED,osm,osm,0.9,0.0,True,,,,carried on the footprint by build_anchors,False
DXB-MEYDAN-f9d6e80720,meydanone,55.294078,25.152337,12.0,3,Polo Residence A3,Polo Residence A3,BUILDING_NAME,Polo Residence A3,,,,,MATCHED,osm,osm,0.9,0.0,True,,,,carried on the footprint by build_anchors,False
DXB-MEYDAN-17290eb0df,meydanone,55.293742,25.151476,12.8,4,Polo Residence B1,Polo Residence B1,BUILDING_NAME,Polo Residence B1,,,,,MATCHED,osm,osm,0.9,0.0,True,,,,carried on the footprint by build_anchors,False
DXB-MEYDAN-7a7b5ae939,meydanone,55.293885,25.151158,12.0,3,Polo Residence B2,Polo Residence B2,BUILDING_NAME,Polo Residence B2,,,,,MATCHED,osm,osm,0.9,0.0,True,,,,carried on the footprint by build_anchors,False
DXB-MEYDAN-5647e6f833,meydanone,55.294025,25.150839,12.0,3,Polo Residence B3,Polo Residence B3,BUILDING_NAME,Polo Residence B3,,,,,MATCHED,osm,osm,0.9,0.0,True,,,,carried on the footprint by build_anchors,False
DXB-MEYDAN-e1eeee7063,meydanone,55.29433,25.150287,12.0,3,Polo Residence B5,Polo Residence B5,BUILDING_NAME,Polo Residence B5,,,,,MATCHED,osm,osm,0.9,0.0,True,,,,carried on the footprint by build_anchors,False
DXB-MEYDAN-24be6768e3,meydanone,55.293863,25.152078,12.0,3,Polo Residence A4,Polo Residence A4,BUILDING_NAME,Polo Residence A4,,,,,MATCHED,osm,osm,0.9,0.0,True,,,,carried on the footprint by build_anchors,False
DXB-MEYDAN-419912a05a,meydanone,55.29422,25.150604,12.0,3,Polo Residence B4,Polo Residence B4,BUILDING_NAME,Polo Residence B4,,,,,MATCHED,osm,osm,0.9,0.0,True,,,,carried on the footprint by build_anchors,False
DXB-MEYDAN-a6905e7cb4,meydanone,55.29628,25.1512,12.0,3,Polo Residence E5,Polo Residence E5,BUILDING_NAME,Polo Residence E5,,,,,MATCHED,osm,osm,0.9,0.0,True,,,,carried on the footprint by build_anchors,False
DXB-MEYDAN-01d43ceab1,meydanone,55.29785,25.150879,12.8,4,Polo Residence C9,Polo Residence C9,BUILDING_NAME,Polo Residence C9,,,,,MATCHED,osm,osm,0.9,0.0,True,,,,carried on the footprint by build_anchors,False
DXB-MEYDAN-221fe2e009,meydanone,55.2975,25.150775,12.8,4,Polo Residence C8,Polo Residence C8,BUILDING_NAME,Polo Residence C8,,,,,MATCHED,osm,osm,0.9,0.0,True,,,,carried on the footprint by build_anchors,False
DXB-MEYDAN-0940367416,meydanone,55.297147,25.150711,12.8,4,Polo Residence C7,Polo Residence C7,BUILDING_NAME,Polo Residence C7,,,,,MATCHED,osm,osm,0.9,0.0,True,,,,carried on the footprint by build_anchors,False
DXB-MEYDAN-79b46901d5,meydanone,55.296651,25.15056,12.8,4,Polo Residence C6,Polo Residence C6,BUILDING_NAME,Polo Residence C6,,,,,MATCHED,osm,osm,0.9,0.0,True,,,,carried on the footprint by build_anchors,False
DXB-MEYDAN-fb9c1d2a4f,meydanone,55.294934,25.150079,12.8,4,Polo Residence C1,Polo Residence C1,BUILDING_NAME,Polo Residence C1,,,,,MATCHED,osm,osm,0.9,0.0,True,,,,carried on the footprint by build_anchors,False
DXB-MEYDAN-746477a46a,meydanone,55.294829,25.150757,12.8,4,Polo Residence E1,Polo Residence E1,BUILDING_NAME,Polo Residence E1,,,,,MATCHED,osm,osm,0.9,0.0,True,,,,carried on the footprint by build_anchors,False
DXB-MEYDAN-b32a8281bd,meydanone,55.29526,25.150896,12.0,3,Polo Residence E2,Polo Residence E2,BUILDING_NAME,Polo Residence E2,,,,,MATCHED,osm,osm,0.9,0.0,True,,,,carried on the footprint by build_anchors,False
DXB-MEYDAN-ddc2cb2640,meydanone,55.295304,25.150189,12.8,4,Polo Residence C2,Polo Residence C2,BUILDING_NAME,Polo Residence C2,,,,,MATCHED,osm,osm,0.9,0.0,True,,,,carried on the footprint by build_anchors,False
DXB-MEYDAN-20081aaf52,meydanone,55.295653,25.150279,12.8,4,Polo Residence C3,Polo Residence C3,BUILDING_NAME,Polo Residence C3,,,,,MATCHED,osm,osm,0.9,0.0,True,,,,carried on the footprint by build_anchors,False
DXB-MEYDAN-57fd9e1188,meydanone,55.295626,25.150981,12.0,3,Polo Residence E3,Polo Residence E3,BUILDING_NAME,Polo Residence E3,,,,,MATCHED,osm,osm,0.9,0.0,True,,,,carried on the footprint by build_anchors,False
DXB-MEYDAN-f2b648aae4,meydanone,55.295967,25.151094,12.0,3,Polo Residence E4,Polo Residence E4,BUILDING_NAME,Polo Residence E4,,,,,MATCHED,osm,osm,0.9,0.0,True,,,,carried on the footprint by build_anchors,False
DXB-MEYDAN-607725d410,meydanone,55.295998,25.150373,12.8,4,Polo Residence C4,Polo Residence C4,BUILDING_NAME,Polo Residence C4,,,,,MATCHED,osm,osm,0.9,0.0,True,,,,carried on the footprint by build_anchors,False
DXB-MEYDAN-e5f66f291b,meydanone,55.296348,25.150467,12.8,4,Polo Residence C5,Polo Residence C5,BUILDING_NAME,Polo Residence C5,,,,,MATCHED,osm,osm,0.9,0.0,True,,,,carried on the footprint by build_anchors,False
DXB-MEYDAN-f1479d9c7a,meydanone,55.295184,25.153129,12.0,3,,,,,,,,,UNKNOWN,,,0.0,,,,,,,False
DXB-MEYDAN-4a00d1763a,meydanone,55.296948,25.146724,12.0,3,,,,,,,,,UNKNOWN,,,0.0,,,,,,,False
DXB-MEYDAN-ced52f138f,meydanone,55.31815,25.146354,12.0,3,,,,,,,,,UNKNOWN,,,0.0,,,,,,,False
DXB-MEYDAN-a0cba29cf3,meydanone,55.317919,25.146316,12.0,3,,,,,,,,,UNKNOWN,,,0.0,,,,,,,False
DXB-MEYDAN-125ff6886e,meydanone,55.31825,25.146545,12.0,3,,,,,,,,,UNKNOWN,,,0.0,,,,,,,False
DXB-MEYDAN-1c6a31cb8e,meydanone,55.317984,25.146681,12.0,3,,,,,,,,,UNKNOWN,,,0.0,,,,,,,False
DXB-MEYDAN-5f4dc80a67,meydanone,55.318232,25.147589,12.0,3,,,,,,,,,UNKNOWN,,,0.0,,,,,,,False
DXB-MEYDAN-d44e45ae55,meydanone,55.318402,25.147792,12.0,3,,,,,,,,,UNKNOWN,,,0.0,,,,,,,False
DXB-MEYDAN-ce5da4fa31,meydanone,55.318823,25.147837,12.0,3,,,,,,,,,UNKNOWN,,,0.0,,,,,,,False
DXB-MEYDAN-d1a36e9b93,meydanone,55.318895,25.148073,12.0,3,,,,,,,,,UNKNOWN,,,0.0,,,,,,,False
DXB-MEYDAN-f7032a8b36,meydanone,55.319195,25.147832,12.0,3,,,,,,,,,UNKNOWN,,,0.0,,,,,,,False
DXB-MEYDAN-a943536385,meydanone,55.317402,25.148734,12.0,3,,,,,,,,,UNKNOWN,,,0.0,,,,,,,False
DXB-MEYDAN-cffd2d6259,meydanone,55.31719,25.148693,12.0,3,,,,,,,,,UNKNOWN,,,0.0,,,,,,,False
DXB-MEYDAN-f12741e98b,meydanone,55.317281,25.148508,12.0,3,,,,,,,,,UNKNOWN,,,0.0,,,,,,,False
DXB-MEYDAN-e70db5e041,meydanone,55.31963,25.144703,12.0,3,,,,,,,,,UNKNOWN,,,0.0,,,,,,,False
DXB-MEYDAN-544285aaa6,meydanone,55.319452,25.14465,12.0,3,,,,,,,,,UNKNOWN,,,0.0,,,,,,,False
DXB-MEYDAN-71acc14ae8,meydanone,55.319738,25.145046,12.0,3,,,,,,,,,UNKNOWN,,,0.0,,,,,,,False
DXB-MEYDAN-4b60656ef8,meydanone,55.296248,25.153703,12.0,3,,,,,,,,,UNKNOWN,,,0.0,,,,,,,False
DXB-MEYDAN-da98a0c86c,meydanone,55.290496,25.152306,12.0,3,Falcon and Heritage Sports Centre,Falcon and Heritage Sports Centre,BUILDING_NAME,Falcon and Heritage Sports Centre,,,,,MATCHED,osm,osm,0.9,0.0,True,,,,carried on the footprint by build_anchors,False
DXB-MEYDAN-7665d40a52,meydanone,55.292831,25.146303,12.0,3,,,,,,,,,UNKNOWN,,,0.0,,,,,,,False
DXB-MEYDAN-264adb895d,meydanone,55.292477,25.145919,12.0,3,,,,,,,,,UNKNOWN,,,0.0,,,,,,,False
DXB-MEYDAN-a0d231e4a5,meydanone,55.292629,25.145756,12.0,3,,,,,,,,,UNKNOWN,,,0.0,,,,,,,False
DXB-MEYDAN-a75ed32bbe,meydanone,55.292275,25.146102,12.0,3,,,,,,,,,UNKNOWN,,,0.0,,,,,,,False
DXB-MEYDAN-f7fee4a479,meydanone,55.292676,25.144524,12.0,3,,,,,,,,,UNKNOWN,,,0.0,,,,,,,False
DXB-MEYDAN-a6e166e93f,meydanone,55.292395,25.144764,12.0,3,,,,,,,,,UNKNOWN,,,0.0,,,,,,,False
DXB-MEYDAN-942ab49082,meydanone,55.292201,25.144572,12.0,3,,,,,,,,,UNKNOWN,,,0.0,,,,,,,False
DXB-MEYDAN-e62496eadc,meydanone,55.291948,25.144975,12.0,3,,,,,,,,,UNKNOWN,,,0.0,,,,,,,False
DXB-MEYDAN-4716ee7bb8,meydanone,55.291971,25.145456,12.0,3,,,,,,,,,UNKNOWN,,,0.0,,,,,,,False
DXB-MEYDAN-be019ac09f,meydanone,55.291728,25.145371,12.0,3,,,,,,,,,UNKNOWN,,,0.0,,,,,,,False
DXB-MEYDAN-1061c41818,meydanone,55.291513,25.145426,12.0,3,,,,,,,,,UNKNOWN,,,0.0,,,,,,,False
DXB-MEYDAN-8c74ae7a42,meydanone,55.291599,25.145396,12.0,3,,,,,,,,,UNKNOWN,,,0.0,,,,,,,False
DXB-MEYDAN-d6f1235aa6,meydanone,55.291399,25.145653,12.0,3,,,,,,,,,UNKNOWN,,,0.0,,,,,,,False
DXB-MEYDAN-fb8a61adf8,meydanone,55.291141,25.145349,12.0,3,,,,,,,,,UNKNOWN,,,0.0,,,,,,,False
DXB-MEYDAN-2743552044,meydanone,55.291299,25.146191,12.0,3,,,,,,,,,UNKNOWN,,,0.0,,,,,,,False
DXB-MEYDAN-5c47b6f3a3,meydanone,55.289052,25.14625,12.0,3,,,,,,,,,UNKNOWN,,,0.0,,,,,,,False
DXB-MEYDAN-23de990b16,meydanone,55.289147,25.145976,12.0,3,,,,,,,,,UNKNOWN,,,0.0,,,,,,,False
DXB-MEYDAN-4d105ac85d,meydanone,55.289238,25.145705,12.0,3,,,,,,,,,UNKNOWN,,,0.0,,,,,,,False
DXB-MEYDAN-b131df7b7f,meydanone,55.289357,25.145456,12.0,3,,,,,,,,,UNKNOWN,,,0.0,,,,,,,False
DXB-MEYDAN-ab70a626d2,meydanone,55.289426,25.14518,12.0,3,,,,,,,,,UNKNOWN,,,0.0,,,,,,,False
DXB-MEYDAN-c1ac381a68,meydanone,55.289549,25.144873,12.0,3,,,,,,,,,UNKNOWN,,,0.0,,,,,,,False
DXB-MEYDAN-653447e11e,meydanone,55.289652,25.144606,12.0,3,,,,,,,,,UNKNOWN,,,0.0,,,,,,,False
DXB-MEYDAN-c2c6c188e8,meydanone,55.289739,25.144339,12.0,3,,,,,,,,,UNKNOWN,,,0.0,,,,,,,False
DXB-MEYDAN-7b007130e9,meydanone,55.289841,25.144073,12.0,3,,,,,,,,,UNKNOWN,,,0.0,,,,,,,False
DXB-MEYDAN-d1e15d92bd,meydanone,55.28995,25.143799,12.0,3,,,,,,,,,UNKNOWN,,,0.0,,,,,,,False
DXB-MEYDAN-09b7314425,meydanone,55.290039,25.143529,12.0,3,,,,,,,,,UNKNOWN,,,0.0,,,,,,,False
DXB-MEYDAN-d3287738e0,meydanone,55.288965,25.146494,12.0,3,,,,,,,,,UNKNOWN,,,0.0,,,,,,,False
DXB-MEYDAN-49b80b3cf2,meydanone,55.289773,25.146262,12.0,3,,,,,,,,,UNKNOWN,,,0.0,,,,,,,False
DXB-MEYDAN-30b6eeb1c1,meydanone,55.289646,25.146533,12.0,3,,,,,,,,,UNKNOWN,,,0.0,,,,,,,False
DXB-MEYDAN-371ceb759f,meydanone,55.289473,25.146791,12.0,3,,,,,,,,,UNKNOWN,,,0.0,,,,,,,False
DXB-MEYDAN-34a889f114,meydanone,55.289921,25.146053,12.0,3,,,,,,,,,UNKNOWN,,,0.0,,,,,,,False
DXB-MEYDAN-54b183916a,meydanone,55.290113,25.145767,12.0,3,,,,,,,,,UNKNOWN,,,0.0,,,,,,,False
DXB-MEYDAN-0e967fa0ee,meydanone,55.290253,25.14551,12.0,3,,,,,,,,,UNKNOWN,,,0.0,,,,,,,False
DXB-MEYDAN-c691da525b,meydanone,55.290409,25.145265,12.0,3,,,,,,,,,UNKNOWN,,,0.0,,,,,,,False
DXB-MEYDAN-95fe9f1f1f,meydanone,55.290526,25.145036,12.0,3,,,,,,,,,UNKNOWN,,,0.0,,,,,,,False
DXB-MEYDAN-cc4a8e799b,meydanone,55.336719,25.131032,12.0,3,,,,,,,,,UNKNOWN,,,0.0,,,,,,,False
DXB-MEYDAN-cd74569432,meydanone,55.336869,25.131216,12.0,3,,,,,,,,,UNKNOWN,,,0.0,,,,,,,False
DXB-MEYDAN-d8e827a621,meydanone,55.337016,25.131382,12.0,3,,,,,,,,,UNKNOWN,,,0.0,,,,,,,False
DXB-MEYDAN-0ccb55fb30,meydanone,55.337159,25.131564,12.0,3,,,,,,,,,UNKNOWN,,,0.0,,,,,,,False
DXB-MEYDAN-e9dc9600ae,meydanone,55.337303,25.13174,12.0,3,,,,,,,,,UNKNOWN,,,0.0,,,,,,,False
DXB-MEYDAN-b673f29cf8,meydanone,55.337452,25.131919,12.0,3,,,,,,,,,UNKNOWN,,,0.0,,,,,,,False
DXB-MEYDAN-1f2a7df8b2,meydanone,55.337954,25.132496,12.0,3,,,,,,,,,UNKNOWN,,,0.0,,,,,,,False
DXB-MEYDAN-31f7fbd07c,meydanone,55.338104,25.13267,12.0,3,,,,,,,,,UNKNOWN,,,0.0,,,,,,,False
DXB-MEYDAN-f11ffcdd5c,meydanone,55.335347,25.130622,12.0,3,,,,,,,,,UNKNOWN,,,0.0,,,,,,,False
DXB-MEYDAN-bf1bfdbd1b,meydanone,55.335245,25.130435,12.0,3,,,,,,,,,UNKNOWN,,,0.0,,,,,,,False
DXB-MEYDAN-8b5cb642d0,meydanone,55.335361,25.130201,12.0,3,,,,,,,,,UNKNOWN,,,0.0,,,,,,,False
DXB-MEYDAN-86c4a73183,meydanone,55.335422,25.130321,12.0,3,,,,,,,,,UNKNOWN,,,0.0,,,,,,,False
DXB-MEYDAN-c9cb6c775d,meydanone,55.335489,25.130441,12.0,3,,,,,,,,,UNKNOWN,,,0.0,,,,,,,False
DXB-MEYDAN-be955ff6b4,meydanone,55.335555,25.13056,12.0,3,,,,,,,,,UNKNOWN,,,0.0,,,,,,,False
DXB-MEYDAN-23a5acf991,meydanone,55.317663,25.154657,12.0,3,,,,,,,,,UNKNOWN,,,0.0,,,,,,,False
DXB-MEYDAN-1dceb7aaed,meydanone,55.317809,25.154381,12.0,3,,,,,,,,,UNKNOWN,,,0.0,,,,,,,False
DXB-MEYDAN-10a001ab63,meydanone,55.332564,25.150129,12.0,3,,,,,,,,,UNKNOWN,,,0.0,,,,,,,False
DXB-MEYDAN-29a5541f2f,meydanone,55.299947,25.143507,12.0,3,,,,,,,,,UNKNOWN,,,0.0,,,,,,,False
DXB-MEYDAN-4fe87fe0c8,meydanone,55.299949,25.143429,12.0,3,,,,,,,,,UNKNOWN,,,0.0,,,,,,,False
DXB-MEYDAN-9c08203a68,meydanone,55.299951,25.143353,12.0,3,,,,,,,,,UNKNOWN,,,0.0,,,,,,,False
DXB-MEYDAN-20fb447cbb,meydanone,55.299953,25.143276,12.0,3,,,,,,,,,UNKNOWN,,,0.0,,,,,,,False
DXB-MEYDAN-e9c99bd6e0,meydanone,55.299956,25.143199,12.0,3,,,,,,,,,UNKNOWN,,,0.0,,,,,,,False
DXB-MEYDAN-a5a2d11165,meydanone,55.299958,25.143118,12.0,3,,,,,,,,,UNKNOWN,,,0.0,,,,,,,False
DXB-MEYDAN-aa41970357,meydanone,55.299704,25.143113,12.0,3,,,,,,,,,UNKNOWN,,,0.0,,,,,,,False
DXB-MEYDAN-be50fc2855,meydanone,55.299701,25.143194,12.0,3,,,,,,,,,UNKNOWN,,,0.0,,,,,,,False
DXB-MEYDAN-9cfe536fd9,meydanone,55.299699,25.143271,12.0,3,,,,,,,,,UNKNOWN,,,0.0,,,,,,,False
DXB-MEYDAN-a61c2478cc,meydanone,55.299697,25.143348,12.0,3,,,,,,,,,UNKNOWN,,,0.0,,,,,,,False
DXB-MEYDAN-f1e8cc9948,meydanone,55.299695,25.143424,12.0,3,,,,,,,,,UNKNOWN,,,0.0,,,,,,,False
DXB-MEYDAN-f4d3a83a9c,meydanone,55.299692,25.143502,12.0,3,,,,,,,,,UNKNOWN,,,0.0,,,,,,,False
DXB-MEYDAN-3422c18697,meydanone,55.299977,25.142588,12.0,3,,,,,,,,,UNKNOWN,,,0.0,,,,,,,False
DXB-MEYDAN-ae52ff3aa2,meydanone,55.299974,25.142669,12.0,3,,,,,,,,,UNKNOWN,,,0.0,,,,,,,False
DXB-MEYDAN-1285eb38bd,meydanone,55.299972,25.142746,12.0,3,,,,,,,,,UNKNOWN,,,0.0,,,,,,,False
DXB-MEYDAN-d05868d6bf,meydanone,55.29997,25.142823,12.0,3,,,,,,,,,UNKNOWN,,,0.0,,,,,,,False
DXB-MEYDAN-9bceefdcc9,meydanone,55.299968,25.142899,12.0,3,,,,,,,,,UNKNOWN,,,0.0,,,,,,,False
DXB-MEYDAN-cb259047d5,meydanone,55.299965,25.142977,12.0,3,,,,,,,,,UNKNOWN,,,0.0,,,,,,,False
DXB-MEYDAN-d0bd39a539,meydanone,55.299725,25.142584,12.0,3,,,,,,,,,UNKNOWN,,,0.0,,,,,,,False
DXB-MEYDAN-0bc3b76b07,meydanone,55.299723,25.142665,12.0,3,,,,,,,,,UNKNOWN,,,0.0,,,,,,,False
DXB-MEYDAN-3ce7b9283b,meydanone,55.299721,25.142743,12.0,3,,,,,,,,,UNKNOWN,,,0.0,,,,,,,False
DXB-MEYDAN-57d822de97,meydanone,55.299718,25.142819,12.0,3,,,,,,,,,UNKNOWN,,,0.0,,,,,,,False
DXB-MEYDAN-bf9de845e0,meydanone,55.299716,25.142895,12.0,3,,,,,,,,,UNKNOWN,,,0.0,,,,,,,False
DXB-MEYDAN-ec52ff641e,meydanone,55.299714,25.142973,12.0,3,,,,,,,,,UNKNOWN,,,0.0,,,,,,,False
DXB-MEYDAN-874e2598e1,meydanone,55.299288,25.142571,12.0,3,,,,,,,,,UNKNOWN,,,0.0,,,,,,,False
DXB-MEYDAN-117aec7c00,meydanone,55.299286,25.142652,12.0,3,,,,,,,,,UNKNOWN,,,0.0,,,,,,,False
DXB-MEYDAN-30970c9e00,meydanone,55.299284,25.142729,12.0,3,,,,,,,,,UNKNOWN,,,0.0,,,,,,,False
DXB-MEYDAN-1a3e167133,meydanone,55.299281,25.142806,12.0,3,,,,,,,,,UNKNOWN,,,0.0,,,,,,,False
DXB-MEYDAN-89c591c4ef,meydanone,55.299279,25.142882,12.0,3,,,,,,,,,UNKNOWN,,,0.0,,,,,,,False
DXB-MEYDAN-8476d4cb1c,meydanone,55.299277,25.14296,12.0,3,,,,,,,,,UNKNOWN,,,0.0,,,,,,,False
DXB-MEYDAN-0576caf808,meydanone,55.299037,25.142558,12.0,3,,,,,,,,,UNKNOWN,,,0.0,,,,,,,False
DXB-MEYDAN-752f046ce4,meydanone,55.299034,25.142638,12.0,3,,,,,,,,,UNKNOWN,,,0.0,,,,,,,False
DXB-MEYDAN-60135170e6,meydanone,55.299032,25.142716,12.0,3,,,,,,,,,UNKNOWN,,,0.0,,,,,,,False
DXB-MEYDAN-284a848626,meydanone,55.29903,25.142792,12.0,3,,,,,,,,,UNKNOWN,,,0.0,,,,,,,False
DXB-MEYDAN-3237de56d1,meydanone,55.299028,25.142869,12.0,3,,,,,,,,,UNKNOWN,,,0.0,,,,,,,False
DXB-MEYDAN-683b7529c0,meydanone,55.299025,25.142947,12.0,3,,,,,,,,,UNKNOWN,,,0.0,,,,,,,False
DXB-MEYDAN-0ac596ad6e,meydanone,55.29927,25.143095,12.0,3,,,,,,,,,UNKNOWN,,,0.0,,,,,,,False
DXB-MEYDAN-ac7df0730b,meydanone,55.299267,25.143176,12.0,3,,,,,,,,,UNKNOWN,,,0.0,,,,,,,False
DXB-MEYDAN-a73f15f86c,meydanone,55.299265,25.143253,12.0,3,,,,,,,,,UNKNOWN,,,0.0,,,,,,,False
DXB-MEYDAN-622d8c481f,meydanone,55.299263,25.14333,12.0,3,,,,,,,,,UNKNOWN,,,0.0,,,,,,,False
DXB-MEYDAN-4f22c66141,meydanone,55.29926,25.143406,12.0,3,,,,,,,,,UNKNOWN,,,0.0,,,,,,,False
DXB-MEYDAN-6cae04c7e5,meydanone,55.299258,25.143484,12.0,3,,,,,,,,,UNKNOWN,,,0.0,,,,,,,False
DXB-MEYDAN-5e53bb20a3,meydanone,55.299017,25.143085,12.0,3,,,,,,,,,UNKNOWN,,,0.0,,,,,,,False
DXB-MEYDAN-2e513058fc,meydanone,55.299015,25.143166,12.0,3,,,,,,,,,UNKNOWN,,,0.0,,,,,,,False
DXB-MEYDAN-6280048119,meydanone,55.299013,25.143244,12.0,3,,,,,,,,,UNKNOWN,,,0.0,,,,,,,False
DXB-MEYDAN-5c0412c635,meydanone,55.29901,25.14332,12.0,3,,,,,,,,,UNKNOWN,,,0.0,,,,,,,False
DXB-MEYDAN-aae44de450,meydanone,55.299007,25.143396,12.0,3,,,,,,,,,UNKNOWN,,,0.0,,,,,,,False
DXB-MEYDAN-aa162533fc,meydanone,55.299004,25.143474,12.0,3,,,,,,,,,UNKNOWN,,,0.0,,,,,,,False
DXB-MEYDAN-3bf3386700,meydanone,55.300663,25.142594,12.0,3,,,,,,,,,UNKNOWN,,,0.0,,,,,,,False
DXB-MEYDAN-533f183791,meydanone,55.300661,25.142675,12.0,3,,,,,,,,,UNKNOWN,,,0.0,,,,,,,False
DXB-MEYDAN-d950e40d6d,meydanone,55.300659,25.142753,12.0,3,,,,,,,,,UNKNOWN,,,0.0,,,,,,,False
DXB-MEYDAN-35962d8ffa,meydanone,55.300656,25.142829,12.0,3,,,,,,,,,UNKNOWN,,,0.0,,,,,,,False
DXB-MEYDAN-8bd55027f3,meydanone,55.300653,25.142905,12.0,3,,,,,,,,,UNKNOWN,,,0.0,,,,,,,False
DXB-MEYDAN-9f14745f77,meydanone,55.30065,25.142983,12.0,3,,,,,,,,,UNKNOWN,,,0.0,,,,,,,False
DXB-MEYDAN-6914c8ddb5,meydanone,55.300399,25.142585,12.0,3,,,,,,,,,UNKNOWN,,,0.0,,,,,,,False
DXB-MEYDAN-c3cbf2418c,meydanone,55.300397,25.142665,12.0,3,,,,,,,,,UNKNOWN,,,0.0,,,,,,,False
DXB-MEYDAN-bac88455a8,meydanone,55.300395,25.142743,12.0,3,,,,,,,,,UNKNOWN,,,0.0,,,,,,,False
DXB-MEYDAN-ae51ce17c4,meydanone,55.300392,25.14282,12.0,3,,,,,,,,,UNKNOWN,,,0.0,,,,,,,False
DXB-MEYDAN-b0799ef85e,meydanone,55.300389,25.142896,12.0,3,,,,,,,,,UNKNOWN,,,0.0,,,,,,,False
DXB-MEYDAN-f6055b927b,meydanone,55.300386,25.142974,12.0,3,,,,,,,,,UNKNOWN,,,0.0,,,,,,,False
DXB-MEYDAN-bd336de90c,meydanone,55.300643,25.143117,12.0,3,,,,,,,,,UNKNOWN,,,0.0,,,,,,,False
DXB-MEYDAN-e9dea321d2,meydanone,55.300641,25.143198,12.0,3,,,,,,,,,UNKNOWN,,,0.0,,,,,,,False
DXB-MEYDAN-4dc1ee127f,meydanone,55.300639,25.143275,12.0,3,,,,,,,,,UNKNOWN,,,0.0,,,,,,,False
DXB-MEYDAN-fab6b982d3,meydanone,55.300636,25.143352,12.0,3,,,,,,,,,UNKNOWN,,,0.0,,,,,,,False
DXB-MEYDAN-47e5f8547c,meydanone,55.300633,25.143428,12.0,3,,,,,,,,,UNKNOWN,,,0.0,,,,,,,False
DXB-MEYDAN-ffd38be870,meydanone,55.30063,25.143506,12.0,3,,,,,,,,,UNKNOWN,,,0.0,,,,,,,False
DXB-MEYDAN-1cde2d3466,meydanone,55.300394,25.143116,12.0,3,,,,,,,,,UNKNOWN,,,0.0,,,,,,,False
DXB-MEYDAN-753390c4bf,meydanone,55.300392,25.143197,12.0,3,,,,,,,,,UNKNOWN,,,0.0,,,,,,,False
DXB-MEYDAN-e67907241c,meydanone,55.300389,25.143274,12.0,3,,,,,,,,,UNKNOWN,,,0.0,,,,,,,False
DXB-MEYDAN-e33be0e708,meydanone,55.300387,25.143351,12.0,3,,,,,,,,,UNKNOWN,,,0.0,,,,,,,False
DXB-MEYDAN-867ef25efd,meydanone,55.300385,25.143427,12.0,3,,,,,,,,,UNKNOWN,,,0.0,,,,,,,False
DXB-MEYDAN-f8de4a550b,meydanone,55.300382,25.143505,12.0,3,,,,,,,,,UNKNOWN,,,0.0,,,,,,,False
DXB-MEYDAN-6e6a6888ed,meydanone,55.300627,25.143567,12.0,3,,,,,,,,,UNKNOWN,,,0.0,,,,,,,False
DXB-MEYDAN-015b27b047,meydanone,55.298576,25.143063,12.0,3,,,,,,,,,UNKNOWN,,,0.0,,,,,,,False
DXB-MEYDAN-bcea3500e8,meydanone,55.298574,25.143144,12.0,3,,,,,,,,,UNKNOWN,,,0.0,,,,,,,False
DXB-MEYDAN-35b91544fb,meydanone,55.298571,25.143221,12.0,3,,,,,,,,,UNKNOWN,,,0.0,,,,,,,False
DXB-MEYDAN-8ce51a56b1,meydanone,55.298569,25.143298,12.0,3,,,,,,,,,UNKNOWN,,,0.0,,,,,,,False
DXB-MEYDAN-6794c82267,meydanone,55.298567,25.143374,12.0,3,,,,,,,,,UNKNOWN,,,0.0,,,,,,,False
DXB-MEYDAN-5a27eff8a9,meydanone,55.298565,25.143452,12.0,3,,,,,,,,,UNKNOWN,,,0.0,,,,,,,False
DXB-MEYDAN-a3aadc004e,meydanone,55.298324,25.143062,12.0,3,,,,,,,,,UNKNOWN,,,0.0,,,,,,,False
DXB-MEYDAN-35c6b8895f,meydanone,55.298321,25.143143,12.0,3,,,,,,,,,UNKNOWN,,,0.0,,,,,,,False
DXB-MEYDAN-e545e0dccd,meydanone,55.298319,25.14322,12.0,3,,,,,,,,,UNKNOWN,,,0.0,,,,,,,False
DXB-MEYDAN-35195a150c,meydanone,55.298317,25.143297,12.0,3,,,,,,,,,UNKNOWN,,,0.0,,,,,,,False
DXB-MEYDAN-63b2f0282f,meydanone,55.298587,25.142844,12.0,3,,,,,,,,,UNKNOWN,,,0.0,,,,,,,False
DXB-MEYDAN-24de33e6bb,meydanone,55.298584,25.142922,12.0,3,,,,,,,,,UNKNOWN,,,0.0,,,,,,,False
DXB-MEYDAN-33811dc4d4,meydanone,55.298331,25.142839,12.0,3,,,,,,,,,UNKNOWN,,,0.0,,,,,,,False
DXB-MEYDAN-d42cbdcfde,meydanone,55.298329,25.142917,12.0,3,,,,,,,,,UNKNOWN,,,0.0,,,,,,,False
DXB-MEYDAN-fb2806efec,meydanone,55.297914,25.142831,12.0,3,,,,,,,,,UNKNOWN,,,0.0,,,,,,,False
DXB-MEYDAN-202935afc1,meydanone,55.297912,25.142909,12.0,3,,,,,,,,,UNKNOWN,,,0.0,,,,,,,False
DXB-MEYDAN-d689ab16aa,meydanone,55.297895,25.143058,12.0,3,,,,,,,,,UNKNOWN,,,0.0,,,,,,,False
DXB-MEYDAN-abc76111e9,meydanone,55.297892,25.143138,12.0,3,,,,,,,,,UNKNOWN,,,0.0,,,,,,,False
DXB-MEYDAN-2ee1d5f772,meydanone,55.29789,25.143216,12.0,3,,,,,,,,,UNKNOWN,,,0.0,,,,,,,False
DXB-MEYDAN-befabc5cd0,meydanone,55.297888,25.143292,12.0,3,,,,,,,,,UNKNOWN,,,0.0,,,,,,,False
DXB-MEYDAN-a29947b262,meydanone,55.301347,25.143136,12.0,3,,,,,,,,,UNKNOWN,,,0.0,,,,,,,False
DXB-MEYDAN-c4f4c807b6,meydanone,55.301345,25.143216,12.0,3,,,,,,,,,UNKNOWN,,,0.0,,,,,,,False
DXB-MEYDAN-67b6e423f7,meydanone,55.301343,25.143294,12.0,3,,,,,,,,,UNKNOWN,,,0.0,,,,,,,False
DXB-MEYDAN-9231b4d5f8,meydanone,55.30134,25.14337,12.0,3,,,,,,,,,UNKNOWN,,,0.0,,,,,,,False
DXB-MEYDAN-aa203b12c8,meydanone,55.301338,25.143447,12.0,3,,,,,,,,,UNKNOWN,,,0.0,,,,,,,False
DXB-MEYDAN-05e0132b87,meydanone,55.301334,25.143525,12.0,3,,,,,,,,,UNKNOWN,,,0.0,,,,,,,False
DXB-MEYDAN-82e97f5539,meydanone,55.301071,25.143515,12.0,3,,,,,,,,,UNKNOWN,,,0.0,,,,,,,False
DXB-MEYDAN-7e37744429,meydanone,55.301074,25.143437,12.0,3,,,,,,,,,UNKNOWN,,,0.0,,,,,,,False
DXB-MEYDAN-a35dc88311,meydanone,55.301077,25.143361,12.0,3,,,,,,,,,UNKNOWN,,,0.0,,,,,,,False
DXB-MEYDAN-ab11eedac8,meydanone,55.30108,25.143284,12.0,3,,,,,,,,,UNKNOWN,,,0.0,,,,,,,False
DXB-MEYDAN-3dd92b81fd,meydanone,55.301081,25.143207,12.0,3,,,,,,,,,UNKNOWN,,,0.0,,,,,,,False
DXB-MEYDAN-ab103d7d1c,meydanone,55.301084,25.143126,12.0,3,,,,,,,,,UNKNOWN,,,0.0,,,,,,,False
DXB-MEYDAN-96bfe71542,meydanone,55.301089,25.142922,12.0,3,,,,,,,,,UNKNOWN,,,0.0,,,,,,,False
DXB-MEYDAN-548da1b21e,meydanone,55.301086,25.143,12.0,3,,,,,,,,,UNKNOWN,,,0.0,,,,,,,False
DXB-MEYDAN-f91bb24134,meydanone,55.301348,25.143002,12.0,3,,,,,,,,,UNKNOWN,,,0.0,,,,,,,False
DXB-MEYDAN-ee67612ad3,meydanone,55.301352,25.142924,12.0,3,,,,,,,,,UNKNOWN,,,0.0,,,,,,,False
DXB-MEYDAN-66e5c039c6,meydanone,55.298376,25.141955,12.0,3,,,,,,,,,UNKNOWN,,,0.0,,,,,,,False
DXB-MEYDAN-4a74e9bb39,meydanone,55.298373,25.142036,12.0,3,,,,,,,,,UNKNOWN,,,0.0,,,,,,,False
DXB-MEYDAN-8ddd682273,meydanone,55.298371,25.142113,12.0,3,,,,,,,,,UNKNOWN,,,0.0,,,,,,,False
DXB-MEYDAN-7a6d499006,meydanone,55.298366,25.142266,12.0,3,,,,,,,,,UNKNOWN,,,0.0,,,,,,,False
DXB-MEYDAN-4e86fc7a20,meydanone,55.298369,25.14219,12.0,3,,,,,,,,,UNKNOWN,,,0.0,,,,,,,False
DXB-MEYDAN-cc31e91d1b,meydanone,55.298364,25.142344,12.0,3,,,,,,,,,UNKNOWN,,,0.0,,,,,,,False
DXB-MEYDAN-d57d44f7c9,meydanone,55.298628,25.142355,12.0,3,,,,,,,,,UNKNOWN,,,0.0,,,,,,,False
DXB-MEYDAN-4c79f85897,meydanone,55.298631,25.142277,12.0,3,,,,,,,,,UNKNOWN,,,0.0,,,,,,,False
DXB-MEYDAN-05db24ac64,meydanone,55.298633,25.142201,12.0,3,,,,,,,,,UNKNOWN,,,0.0,,,,,,,False
DXB-MEYDAN-fd05aab2e6,meydanone,55.298636,25.142124,12.0,3,,,,,,,,,UNKNOWN,,,0.0,,,,,,,False
DXB-MEYDAN-7d435aaa33,meydanone,55.298638,25.142047,12.0,3,,,,,,,,,UNKNOWN,,,0.0,,,,,,,False
DXB-MEYDAN-b69b5fff9b,meydanone,55.298641,25.141966,12.0,3,,,,,,,,,UNKNOWN,,,0.0,,,,,,,False
DXB-MEYDAN-477d9fc93d,meydanone,55.299064,25.141975,12.0,3,,,,,,,,,UNKNOWN,,,0.0,,,,,,,False
DXB-MEYDAN-7f5d032f0e,meydanone,55.299062,25.142056,12.0,3,,,,,,,,,UNKNOWN,,,0.0,,,,,,,False
DXB-MEYDAN-32c6f36993,meydanone,55.299059,25.142133,12.0,3,,,,,,,,,UNKNOWN,,,0.0,,,,,,,False
DXB-MEYDAN-7467f532e4,meydanone,55.299055,25.142286,12.0,3,,,,,,,,,UNKNOWN,,,0.0,,,,,,,False
DXB-MEYDAN-a09ae1ceb6,meydanone,55.299057,25.142209,12.0,3,,,,,,,,,UNKNOWN,,,0.0,,,,,,,False
DXB-MEYDAN-1a211b6562,meydanone,55.299052,25.142364,12.0,3,,,,,,,,,UNKNOWN,,,0.0,,,,,,,False
DXB-MEYDAN-3e3086b43a,meydanone,55.299313,25.142376,12.0,3,,,,,,,,,UNKNOWN,,,0.0,,,,,,,False
DXB-MEYDAN-8fe80a910e,meydanone,55.299316,25.142298,12.0,3,,,,,,,,,UNKNOWN,,,0.0,,,,,,,False
DXB-MEYDAN-eda34df9f9,meydanone,55.299318,25.142221,12.0,3,,,,,,,,,UNKNOWN,,,0.0,,,,,,,False
DXB-MEYDAN-5b6c08ce2b,meydanone,55.29932,25.142145,12.0,3,,,,,,,,,UNKNOWN,,,0.0,,,,,,,False
DXB-MEYDAN-ae40f1f27e,meydanone,55.299322,25.142067,12.0,3,,,,,,,,,UNKNOWN,,,0.0,,,,,,,False
DXB-MEYDAN-3ed1574a49,meydanone,55.299325,25.141987,12.0,3,,,,,,,,,UNKNOWN,,,0.0,,,,,,,False
DXB-MEYDAN-d5164bf5bc,meydanone,55.299752,25.14201,12.0,3,,,,,,,,,UNKNOWN,,,0.0,,,,,,,False
DXB-MEYDAN-620d78f1df,meydanone,55.299749,25.142091,12.0,3,,,,,,,,,UNKNOWN,,,0.0,,,,,,,False
DXB-MEYDAN-d72b7b2404,meydanone,55.299747,25.142168,12.0,3,,,,,,,,,UNKNOWN,,,0.0,,,,,,,False
DXB-MEYDAN-fde115e2a3,meydanone,55.299742,25.142321,12.0,3,,,,,,,,,UNKNOWN,,,0.0,,,,,,,False
DXB-MEYDAN-cecf29347f,meydanone,55.299745,25.142245,12.0,3,,,,,,,,,UNKNOWN,,,0.0,,,,,,,False
DXB-MEYDAN-bcd4609902,meydanone,55.29974,25.142399,12.0,3,,,,,,,,,UNKNOWN,,,0.0,,,,,,,False
DXB-MEYDAN-fa534bca6c,meydanone,55.299986,25.142401,12.0,3,,,,,,,,,UNKNOWN,,,0.0,,,,,,,False
DXB-MEYDAN-a45088b284,meydanone,55.299989,25.142323,12.0,3,,,,,,,,,UNKNOWN,,,0.0,,,,,,,False
DXB-MEYDAN-4ddff2b9be,meydanone,55.299991,25.142247,12.0,3,,,,,,,,,UNKNOWN,,,0.0,,,,,,,False
DXB-MEYDAN-9123fa38b3,meydanone,55.299993,25.14217,12.0,3,,,,,,,,,UNKNOWN,,,0.0,,,,,,,False
DXB-MEYDAN-97192841ff,meydanone,55.299995,25.142093,12.0,3,,,,,,,,,UNKNOWN,,,0.0,,,,,,,False
DXB-MEYDAN-18201b0415,meydanone,55.299998,25.142012,12.0,3,,,,,,,,,UNKNOWN,,,0.0,,,,,,,False
DXB-MEYDAN-95b1f8dcf5,meydanone,55.300438,25.14201,12.0,3,,,,,,,,,UNKNOWN,,,0.0,,,,,,,False
DXB-MEYDAN-b39a5201c3,meydanone,55.300436,25.142091,12.0,3,,,,,,,,,UNKNOWN,,,0.0,,,,,,,False
DXB-MEYDAN-9acc5f0a8a,meydanone,55.300434,25.142168,12.0,3,,,,,,,,,UNKNOWN,,,0.0,,,,,,,False
DXB-MEYDAN-37ec7fd269,meydanone,55.300429,25.142321,12.0,3,,,,,,,,,UNKNOWN,,,0.0,,,,,,,False
DXB-MEYDAN-29a23b69b4,meydanone,55.300431,25.142245,12.0,3,,,,,,,,,UNKNOWN,,,0.0,,,,,,,False
DXB-MEYDAN-8c8523b75e,meydanone,55.300427,25.142399,12.0,3,,,,,,,,,UNKNOWN,,,0.0,,,,,,,False
DXB-MEYDAN-169c794b68,meydanone,55.300674,25.142402,12.0,3,,,,,,,,,UNKNOWN,,,0.0,,,,,,,False
DXB-MEYDAN-d1b92cecc8,meydanone,55.300676,25.142324,12.0,3,,,,,,,,,UNKNOWN,,,0.0,,,,,,,False
DXB-MEYDAN-9e8921d111,meydanone,55.300679,25.142248,12.0,3,,,,,,,,,UNKNOWN,,,0.0,,,,,,,False
DXB-MEYDAN-97603fbce2,meydanone,55.300681,25.142172,12.0,3,,,,,,,,,UNKNOWN,,,0.0,,,,,,,False
DXB-MEYDAN-bcde6b8203,meydanone,55.300683,25.142094,12.0,3,,,,,,,,,UNKNOWN,,,0.0,,,,,,,False
DXB-MEYDAN-cf09efd278,meydanone,55.300686,25.142013,12.0,3,,,,,,,,,UNKNOWN,,,0.0,,,,,,,False
DXB-MEYDAN-7e2d795261,meydanone,55.301121,25.142031,12.0,3,,,,,,,,,UNKNOWN,,,0.0,,,,,,,False
DXB-MEYDAN-508bb1d4cd,meydanone,55.301118,25.142112,12.0,3,,,,,,,,,UNKNOWN,,,0.0,,,,,,,False
DXB-MEYDAN-74f28a39b4,meydanone,55.301116,25.142189,12.0,3,,,,,,,,,UNKNOWN,,,0.0,,,,,,,False
DXB-MEYDAN-55a05c036b,meydanone,55.301112,25.142342,12.0,3,,,,,,,,,UNKNOWN,,,0.0,,,,,,,False
DXB-MEYDAN-f4a877b451,meydanone,55.301114,25.142266,12.0,3,,,,,,,,,UNKNOWN,,,0.0,,,,,,,False
DXB-MEYDAN-0c07633f33,meydanone,55.301109,25.14242,12.0,3,,,,,,,,,UNKNOWN,,,0.0,,,,,,,False
DXB-MEYDAN-41d5d3117b,meydanone,55.301359,25.142421,12.0,3,,,,,,,,,UNKNOWN,,,0.0,,,,,,,False
DXB-MEYDAN-d71b0a9588,meydanone,55.301362,25.142343,12.0,3,,,,,,,,,UNKNOWN,,,0.0,,,,,,,False
DXB-MEYDAN-a89db41fdb,meydanone,55.301364,25.142267,12.0,3,,,,,,,,,UNKNOWN,,,0.0,,,,,,,False
DXB-MEYDAN-eb2b2b9ab6,meydanone,55.301366,25.14219,12.0,3,,,,,,,,,UNKNOWN,,,0.0,,,,,,,False
DXB-MEYDAN-568c5415b0,meydanone,55.301369,25.142113,12.0,3,,,,,,,,,UNKNOWN,,,0.0,,,,,,,False
DXB-MEYDAN-a10a6a642e,meydanone,55.301371,25.142032,12.0,3,,,,,,,,,UNKNOWN,,,0.0,,,,,,,False
DXB-MEYDAN-9f5dd87276,meydanone,55.301138,25.141501,12.0,3,,,,,,,,,UNKNOWN,,,0.0,,,,,,,False
DXB-MEYDAN-70771a5ba3,meydanone,55.301136,25.141582,12.0,3,,,,,,,,,UNKNOWN,,,0.0,,,,,,,False
DXB-MEYDAN-2720f06bec,meydanone,55.301134,25.141658,12.0,3,,,,,,,,,UNKNOWN,,,0.0,,,,,,,False
DXB-MEYDAN-5ba1e8a303,meydanone,55.301131,25.14181,12.0,3,,,,,,,,,UNKNOWN,,,0.0,,,,,,,False
DXB-MEYDAN-30432ab031,meydanone,55.301133,25.141733,12.0,3,,,,,,,,,UNKNOWN,,,0.0,,,,,,,False
DXB-MEYDAN-7704bec01e,meydanone,55.301129,25.141888,12.0,3,,,,,,,,,UNKNOWN,,,0.0,,,,,,,False
DXB-MEYDAN-a5c5d9329f,meydanone,55.301384,25.14189,12.0,3,,,,,,,,,UNKNOWN,,,0.0,,,,,,,False
DXB-MEYDAN-0e653420b9,meydanone,55.301385,25.141811,12.0,3,,,,,,,,,UNKNOWN,,,0.0,,,,,,,False
DXB-MEYDAN-ada8d4fc01,meydanone,55.301387,25.141732,12.0,3,,,,,,,,,UNKNOWN,,,0.0,,,,,,,False
DXB-MEYDAN-364a1888c1,meydanone,55.301389,25.141655,12.0,3,,,,,,,,,UNKNOWN,,,0.0,,,,,,,False
DXB-MEYDAN-a37a06dd14,meydanone,55.301391,25.141577,12.0,3,,,,,,,,,UNKNOWN,,,0.0,,,,,,,False
DXB-MEYDAN-a8d5db40b5,meydanone,55.301393,25.141497,12.0,3,,,,,,,,,UNKNOWN,,,0.0,,,,,,,False
DXB-MEYDAN-e011f3742c,meydanone,55.300454,25.141476,12.0,3,,,,,,,,,UNKNOWN,,,0.0,,,,,,,False
DXB-MEYDAN-9ac1763072,meydanone,55.300452,25.141557,12.0,3,,,,,,,,,UNKNOWN,,,0.0,,,,,,,False
DXB-MEYDAN-f705390383,meydanone,55.30045,25.141634,12.0,3,,,,,,,,,UNKNOWN,,,0.0,,,,,,,False
DXB-MEYDAN-d9aece236a,meydanone,55.300445,25.141787,12.0,3,,,,,,,,,UNKNOWN,,,0.0,,,,,,,False
DXB-MEYDAN-91b71dcc66,meydanone,55.300447,25.141711,12.0,3,,,,,,,,,UNKNOWN,,,0.0,,,,,,,False
DXB-MEYDAN-27ff275314,meydanone,55.300443,25.141865,12.0,3,,,,,,,,,UNKNOWN,,,0.0,,,,,,,False
DXB-MEYDAN-ba94deecdc,meydanone,55.300686,25.141872,12.0,3,,,,,,,,,UNKNOWN,,,0.0,,,,,,,False
DXB-MEYDAN-7b3edc4bcf,meydanone,55.300689,25.141794,12.0,3,,,,,,,,,UNKNOWN,,,0.0,,,,,,,False
DXB-MEYDAN-f6dbc5b0a2,meydanone,55.300691,25.141718,12.0,3,,,,,,,,,UNKNOWN,,,0.0,,,,,,,False
DXB-MEYDAN-8e59a2249a,meydanone,55.300693,25.141641,12.0,3,,,,,,,,,UNKNOWN,,,0.0,,,,,,,False
DXB-MEYDAN-8f14589f83,meydanone,55.300695,25.141564,12.0,3,,,,,,,,,UNKNOWN,,,0.0,,,,,,,False
DXB-MEYDAN-822135af6e,meydanone,55.300698,25.141483,12.0,3,,,,,,,,,UNKNOWN,,,0.0,,,,,,,False
DXB-MEYDAN-bcf83ab584,meydanone,55.299763,25.141787,12.0,3,,,,,,,,,UNKNOWN,,,0.0,,,,,,,False
DXB-MEYDAN-254834b7bd,meydanone,55.299761,25.141865,12.0,3,,,,,,,,,UNKNOWN,,,0.0,,,,,,,False
DXB-MEYDAN-98d48d327f,meydanone,55.300005,25.141859,12.0,3,,,,,,,,,UNKNOWN,,,0.0,,,,,,,False
DXB-MEYDAN-8fece9c47b,meydanone,55.300008,25.141781,12.0,3,,,,,,,,,UNKNOWN,,,0.0,,,,,,,False
DXB-MEYDAN-fe14041b93,meydanone,55.299079,25.141454,12.0,3,,,,,,,,,UNKNOWN,,,0.0,,,,,,,False
DXB-MEYDAN-8e5308d3db,meydanone,55.299077,25.141534,12.0,3,,,,,,,,,UNKNOWN,,,0.0,,,,,,,False
DXB-MEYDAN-c34e9d60c5,meydanone,55.299074,25.141612,12.0,3,,,,,,,,,UNKNOWN,,,0.0,,,,,,,False
DXB-MEYDAN-10f709c520,meydanone,55.29907,25.141765,12.0,3,,,,,,,,,UNKNOWN,,,0.0,,,,,,,False
DXB-MEYDAN-05d6f32f5b,meydanone,55.299072,25.141689,12.0,3,,,,,,,,,UNKNOWN,,,0.0,,,,,,,False
DXB-MEYDAN-176c8ec79d,meydanone,55.299068,25.141843,12.0,3,,,,,,,,,UNKNOWN,,,0.0,,,,,,,False
DXB-MEYDAN-0abf6abb2f,meydanone,55.299327,25.141849,12.0,3,,,,,,,,,UNKNOWN,,,0.0,,,,,,,False
DXB-MEYDAN-6215b1808c,meydanone,55.299329,25.141771,12.0,3,,,,,,,,,UNKNOWN,,,0.0,,,,,,,False
DXB-MEYDAN-c0b990f623,meydanone,55.299332,25.141694,12.0,3,,,,,,,,,UNKNOWN,,,0.0,,,,,,,False
DXB-MEYDAN-4aef8d6584,meydanone,55.299334,25.141618,12.0,3,,,,,,,,,UNKNOWN,,,0.0,,,,,,,False
DXB-MEYDAN-aa29823544,meydanone,55.299336,25.141541,12.0,3,,,,,,,,,UNKNOWN,,,0.0,,,,,,,False
DXB-MEYDAN-e025b7fbeb,meydanone,55.299339,25.14146,12.0,3,,,,,,,,,UNKNOWN,,,0.0,,,,,,,False
DXB-MEYDAN-278db9c449,meydanone,55.298392,25.141439,12.0,3,,,,,,,,,UNKNOWN,,,0.0,,,,,,,False
DXB-MEYDAN-69f4fcca6d,meydanone,55.29839,25.14152,12.0,3,,,,,,,,,UNKNOWN,,,0.0,,,,,,,False
DXB-MEYDAN-dd2f5c0259,meydanone,55.298387,25.141597,12.0,3,,,,,,,,,UNKNOWN,,,0.0,,,,,,,False
DXB-MEYDAN-d5c5907088,meydanone,55.298383,25.14175,12.0,3,,,,,,,,,UNKNOWN,,,0.0,,,,,,,False
DXB-MEYDAN-2427700f39,meydanone,55.298385,25.141674,12.0,3,,,,,,,,,UNKNOWN,,,0.0,,,,,,,False
DXB-MEYDAN-26b963d3d4,meydanone,55.298381,25.141828,12.0,3,,,,,,,,,UNKNOWN,,,0.0,,,,,,,False
DXB-MEYDAN-565a4b01e5,meydanone,55.298633,25.141832,12.0,3,,,,,,,,,UNKNOWN,,,0.0,,,,,,,False
DXB-MEYDAN-9473c845d7,meydanone,55.298636,25.141754,12.0,3,,,,,,,,,UNKNOWN,,,0.0,,,,,,,False
DXB-MEYDAN-69eeb821ce,meydanone,55.298638,25.141677,12.0,3,,,,,,,,,UNKNOWN,,,0.0,,,,,,,False
DXB-MEYDAN-b17f0a97d6,meydanone,55.29864,25.141601,12.0,3,,,,,,,,,UNKNOWN,,,0.0,,,,,,,False
DXB-MEYDAN-5c582087b0,meydanone,55.298643,25.141523,12.0,3,,,,,,,,,UNKNOWN,,,0.0,,,,,,,False
DXB-MEYDAN-e555b0e37e,meydanone,55.298645,25.141443,12.0,3,,,,,,,,,UNKNOWN,,,0.0,,,,,,,False
DXB-MEYDAN-167c02712f,meydanone,55.29795,25.141425,12.0,3,,,,,,,,,UNKNOWN,,,0.0,,,,,,,False
DXB-MEYDAN-f94cd4553c,meydanone,55.297947,25.141506,12.0,3,,,,,,,,,UNKNOWN,,,0.0,,,,,,,False
DXB-MEYDAN-18a3134c64,meydanone,55.297945,25.141583,12.0,3,,,,,,,,,UNKNOWN,,,0.0,,,,,,,False
DXB-MEYDAN-229e797c65,meydanone,55.297943,25.14166,12.0,3,,,,,,,,,UNKNOWN,,,0.0,,,,,,,False
DXB-MEYDAN-59ee3561b1,meydanone,55.29794,25.141736,12.0,3,,,,,,,,,UNKNOWN,,,0.0,,,,,,,False
DXB-MEYDAN-2f49e4b90f,meydanone,55.297938,25.141814,12.0,3,,,,,,,,,UNKNOWN,,,0.0,,,,,,,False
DXB-MEYDAN-cf01eb0f65,meydanone,55.297931,25.141945,12.0,3,,,,,,,,,UNKNOWN,,,0.0,,,,,,,False
DXB-MEYDAN-3ff193792e,meydanone,55.297929,25.142026,12.0,3,,,,,,,,,UNKNOWN,,,0.0,,,,,,,False
DXB-MEYDAN-603797099d,meydanone,55.297927,25.142103,12.0,3,,,,,,,,,UNKNOWN,,,0.0,,,,,,,False
DXB-MEYDAN-7dffa0869f,meydanone,55.297924,25.14218,12.0,3,,,,,,,,,UNKNOWN,,,0.0,,,,,,,False
DXB-MEYDAN-c38eedb5a5,meydanone,55.297922,25.142256,12.0,3,,,,,,,,,UNKNOWN,,,0.0,,,,,,,False
DXB-MEYDAN-edd12a55ec,meydanone,55.29792,25.142334,12.0,3,,,,,,,,,UNKNOWN,,,0.0,,,,,,,False
DXB-MEYDAN-c21340d6da,meydanone,55.301821,25.141513,12.0,3,,,,,,,,,UNKNOWN,,,0.0,,,,,,,False
DXB-MEYDAN-f18ee4cfbb,meydanone,55.301818,25.141594,12.0,3,,,,,,,,,UNKNOWN,,,0.0,,,,,,,False
DXB-MEYDAN-189e0a26d1,meydanone,55.301816,25.141672,12.0,3,,,,,,,,,UNKNOWN,,,0.0,,,,,,,False
DXB-MEYDAN-6ea8ca3d49,meydanone,55.301814,25.141748,12.0,3,,,,,,,,,UNKNOWN,,,0.0,,,,,,,False
DXB-MEYDAN-046100ed27,meydanone,55.301811,25.141824,12.0,3,,,,,,,,,UNKNOWN,,,0.0,,,,,,,False
DXB-MEYDAN-2f2289e8a5,meydanone,55.301809,25.141902,12.0,3,,,,,,,,,UNKNOWN,,,0.0,,,,,,,False
DXB-MEYDAN-2aab178390,meydanone,55.301815,25.142046,12.0,3,,,,,,,,,UNKNOWN,,,0.0,,,,,,,False
DXB-MEYDAN-54cbbabcdf,meydanone,55.301813,25.142127,12.0,3,,,,,,,,,UNKNOWN,,,0.0,,,,,,,False
DXB-MEYDAN-10612032f7,meydanone,55.30181,25.142204,12.0,3,,,,,,,,,UNKNOWN,,,0.0,,,,,,,False
DXB-MEYDAN-80329b6c79,meydanone,55.301808,25.142281,12.0,3,,,,,,,,,UNKNOWN,,,0.0,,,,,,,False
DXB-MEYDAN-29ece40069,meydanone,55.301805,25.142357,12.0,3,,,,,,,,,UNKNOWN,,,0.0,,,,,,,False
DXB-MEYDAN-89964c5557,meydanone,55.301803,25.142435,12.0,3,,,,,,,,,UNKNOWN,,,0.0,,,,,,,False
DXB-MEYDAN-f7dde32db8,meydanone,55.301787,25.142628,12.0,3,,,,,,,,,UNKNOWN,,,0.0,,,,,,,False
DXB-MEYDAN-83894cf60c,meydanone,55.301785,25.142709,12.0,3,,,,,,,,,UNKNOWN,,,0.0,,,,,,,False
DXB-MEYDAN-333612b04f,meydanone,55.301783,25.142786,12.0,3,,,,,,,,,UNKNOWN,,,0.0,,,,,,,False
DXB-MEYDAN-2853a98ea6,meydanone,55.30178,25.142863,12.0,3,,,,,,,,,UNKNOWN,,,0.0,,,,,,,False
DXB-MEYDAN-4deff7cdd0,meydanone,55.301778,25.142939,12.0,3,,,,,,,,,UNKNOWN,,,0.0,,,,,,,False
DXB-MEYDAN-cc84f2eb87,meydanone,55.301776,25.143017,12.0,3,,,,,,,,,UNKNOWN,,,0.0,,,,,,,False
DXB-MEYDAN-10f23235f4,meydanone,55.301768,25.143154,12.0,3,,,,,,,,,UNKNOWN,,,0.0,,,,,,,False
DXB-MEYDAN-9f2a027dde,meydanone,55.301766,25.143235,12.0,3,,,,,,,,,UNKNOWN,,,0.0,,,,,,,False
DXB-MEYDAN-61566c52df,meydanone,55.301764,25.143312,12.0,3,,,,,,,,,UNKNOWN,,,0.0,,,,,,,False
DXB-MEYDAN-32caeaabda,meydanone,55.301761,25.143389,12.0,3,,,,,,,,,UNKNOWN,,,0.0,,,,,,,False
DXB-MEYDAN-b70cc0e8cc,meydanone,55.301759,25.143465,12.0,3,,,,,,,,,UNKNOWN,,,0.0,,,,,,,False
DXB-MEYDAN-b83ae578cf,meydanone,55.301757,25.143543,12.0,3,,,,,,,,,UNKNOWN,,,0.0,,,,,,,False
DXB-MEYDAN-2e2b9b16ec,meydanone,55.299463,25.141089,12.0,3,,,,,,,,,UNKNOWN,,,0.0,,,,,,,False
DXB-MEYDAN-c650e043c5,meydanone,55.299374,25.141087,12.0,3,,,,,,,,,UNKNOWN,,,0.0,,,,,,,False
DXB-MEYDAN-c0c4d94e6b,meydanone,55.299288,25.141085,12.0,3,,,,,,,,,UNKNOWN,,,0.0,,,,,,,False
DXB-MEYDAN-a8a916d2a6,meydanone,55.299204,25.141084,12.0,3,,,,,,,,,UNKNOWN,,,0.0,,,,,,,False
DXB-MEYDAN-04aba016dc,meydanone,55.299119,25.141082,12.0,3,,,,,,,,,UNKNOWN,,,0.0,,,,,,,False
DXB-MEYDAN-e2233730e3,meydanone,55.299033,25.14108,12.0,3,,,,,,,,,UNKNOWN,,,0.0,,,,,,,False
DXB-MEYDAN-d26e7ed9b1,meydanone,55.298885,25.141072,12.0,3,,,,,,,,,UNKNOWN,,,0.0,,,,,,,False
DXB-MEYDAN-603b330c89,meydanone,55.298795,25.141071,12.0,3,,,,,,,,,UNKNOWN,,,0.0,,,,,,,False
DXB-MEYDAN-b4ec22e24a,meydanone,55.298709,25.141069,12.0,3,,,,,,,,,UNKNOWN,,,0.0,,,,,,,False
DXB-MEYDAN-603504cddf,meydanone,55.298624,25.141068,12.0,3,,,,,,,,,UNKNOWN,,,0.0,,,,,,,False
DXB-MEYDAN-ca8ceae4bd,meydanone,55.29854,25.141066,12.0,3,,,,,,,,,UNKNOWN,,,0.0,,,,,,,False
DXB-MEYDAN-5ab2703172,meydanone,55.298454,25.141065,12.0,3,,,,,,,,,UNKNOWN,,,0.0,,,,,,,False
DXB-MEYDAN-ca52974123,meydanone,55.300745,25.141106,12.0,3,,,,,,,,,UNKNOWN,,,0.0,,,,,,,False
DXB-MEYDAN-0240f4805b,meydanone,55.300656,25.141104,12.0,3,,,,,,,,,UNKNOWN,,,0.0,,,,,,,False
DXB-MEYDAN-b8e9f1b417,meydanone,55.30057,25.141103,12.0,3,,,,,,,,,UNKNOWN,,,0.0,,,,,,,False
DXB-MEYDAN-4e71542551,meydanone,55.300486,25.141101,12.0,3,,,,,,,,,UNKNOWN,,,0.0,,,,,,,False
DXB-MEYDAN-a77205fad2,meydanone,55.300401,25.141099,12.0,3,,,,,,,,,UNKNOWN,,,0.0,,,,,,,False
DXB-MEYDAN-d47c22c9e6,meydanone,55.300315,25.141097,12.0,3,,,,,,,,,UNKNOWN,,,0.0,,,,,,,False
DXB-MEYDAN-7f3f79807b,meydanone,55.301324,25.141125,12.0,3,,,,,,,,,UNKNOWN,,,0.0,,,,,,,False
DXB-MEYDAN-c9e29974b7,meydanone,55.301235,25.141123,12.0,3,,,,,,,,,UNKNOWN,,,0.0,,,,,,,False
DXB-MEYDAN-c2c553715b,meydanone,55.301149,25.141121,12.0,3,,,,,,,,,UNKNOWN,,,0.0,,,,,,,False
DXB-MEYDAN-8136999c3d,meydanone,55.301064,25.141119,12.0,3,,,,,,,,,UNKNOWN,,,0.0,,,,,,,False
DXB-MEYDAN-7924be38c3,meydanone,55.30098,25.141117,12.0,3,,,,,,,,,UNKNOWN,,,0.0,,,,,,,False
DXB-MEYDAN-8fec5c94b5,meydanone,55.300894,25.141115,12.0,3,,,,,,,,,UNKNOWN,,,0.0,,,,,,,False
DXB-MEYDAN-b49bd6a7e7,meydanone,55.301893,25.141134,12.0,3,,,,,,,,,UNKNOWN,,,0.0,,,,,,,False
DXB-MEYDAN-9db51f0ff7,meydanone,55.301804,25.141132,12.0,3,,,,,,,,,UNKNOWN,,,0.0,,,,,,,False
DXB-MEYDAN-b9263b85ce,meydanone,55.301718,25.14113,12.0,3,,,,,,,,,UNKNOWN,,,0.0,,,,,,,False
DXB-MEYDAN-8cfe8602c7,meydanone,55.301634,25.141128,12.0,3,,,,,,,,,UNKNOWN,,,0.0,,,,,,,False
DXB-MEYDAN-dcf37cb365,meydanone,55.301549,25.141127,12.0,3,,,,,,,,,UNKNOWN,,,0.0,,,,,,,False
DXB-MEYDAN-e651389f39,meydanone,55.301463,25.141125,12.0,3,,,,,,,,,UNKNOWN,,,0.0,,,,,,,False
DXB-MEYDAN-a37c8a37d4,meydanone,55.298303,25.141053,12.0,3,,,,,,,,,UNKNOWN,,,0.0,,,,,,,False
DXB-MEYDAN-2a78f730a4,meydanone,55.298214,25.141051,12.0,3,,,,,,,,,UNKNOWN,,,0.0,,,,,,,False
DXB-MEYDAN-107ca4bede,meydanone,55.298129,25.14105,12.0,3,,,,,,,,,UNKNOWN,,,0.0,,,,,,,False
DXB-MEYDAN-c352676d04,meydanone,55.298044,25.141048,12.0,3,,,,,,,,,UNKNOWN,,,0.0,,,,,,,False
DXB-MEYDAN-2592b7bf2b,meydanone,55.299857,25.14109,12.0,3,,,,,,,,,UNKNOWN,,,0.0,,,,,,,False
DXB-MEYDAN-1c1318a9eb,meydanone,55.299772,25.141088,12.0,3,,,,,,,,,UNKNOWN,,,0.0,,,,,,,False
DXB-MEYDAN-4902c38357,meydanone,55.299688,25.141086,12.0,3,,,,,,,,,UNKNOWN,,,0.0,,,,,,,False
DXB-MEYDAN-323341f91b,meydanone,55.299602,25.141084,12.0,3,,,,,,,,,UNKNOWN,,,0.0,,,,,,,False
DXB-MEYDAN-a21f6de4c8,meydanone,55.300166,25.141095,12.0,3,,,,,,,,,UNKNOWN,,,0.0,,,,,,,False
DXB-MEYDAN-ad1314c110,meydanone,55.300081,25.141093,12.0,3,,,,,,,,,UNKNOWN,,,0.0,,,,,,,False
DXB-MEYDAN-66187f844a,meydanone,55.297895,25.143589,12.0,3,,,,,,,,,UNKNOWN,,,0.0,,,,,,,False
DXB-MEYDAN-39bf981ace,meydanone,55.297891,25.143747,12.0,3,,,,,,,,,UNKNOWN,,,0.0,,,,,,,False
DXB-MEYDAN-98423b2885,meydanone,55.297893,25.14367,12.0,3,,,,,,,,,UNKNOWN,,,0.0,,,,,,,False
DXB-MEYDAN-c25dd603c7,meydanone,55.297888,25.143825,12.0,3,,,,,,,,,UNKNOWN,,,0.0,,,,,,,False
DXB-MEYDAN-83359dda8d,meydanone,55.297886,25.143901,12.0,3,,,,,,,,,UNKNOWN,,,0.0,,,,,,,False
DXB-MEYDAN-ca561ee316,meydanone,55.297883,25.143978,12.0,3,,,,,,,,,UNKNOWN,,,0.0,,,,,,,False
DXB-MEYDAN-ab70673b50,meydanone,55.297882,25.144038,12.0,3,,,,,,,,,UNKNOWN,,,0.0,,,,,,,False
DXB-MEYDAN-a3322eaf04,meydanone,55.298307,25.143817,12.0,3,,,,,,,,,UNKNOWN,,,0.0,,,,,,,False
DXB-MEYDAN-32211af788,meydanone,55.29847,25.14382,12.0,3,,,,,,,,,UNKNOWN,,,0.0,,,,,,,False
DXB-MEYDAN-2cb62e44cf,meydanone,55.298632,25.14383,12.0,3,,,,,,,,,UNKNOWN,,,0.0,,,,,,,False
DXB-MEYDAN-6c60fad46c,meydanone,55.298786,25.143839,12.0,3,,,,,,,,,UNKNOWN,,,0.0,,,,,,,False
DXB-MEYDAN-6488c562b9,meydanone,55.298946,25.143833,12.0,3,,,,,,,,,UNKNOWN,,,0.0,,,,,,,False
DXB-MEYDAN-e69ac3ef94,meydanone,55.299109,25.14385,12.0,3,,,,,,,,,UNKNOWN,,,0.0,,,,,,,False
DXB-MEYDAN-f4fd68a7df,meydanone,55.299269,25.143845,12.0,3,,,,,,,,,UNKNOWN,,,0.0,,,,,,,False
DXB-MEYDAN-80d50a7840,meydanone,55.299427,25.143869,12.0,3,,,,,,,,,UNKNOWN,,,0.0,,,,,,,False
DXB-MEYDAN-42039484b8,meydanone,55.299586,25.14386,12.0,3,,,,,,,,,UNKNOWN,,,0.0,,,,,,,False
DXB-MEYDAN-7d0f31c678,meydanone,55.299738,25.143874,12.0,3,,,,,,,,,UNKNOWN,,,0.0,,,,,,,False
DXB-MEYDAN-87ae146f33,meydanone,55.299958,25.143879,12.0,3,,,,,,,,,UNKNOWN,,,0.0,,,,,,,False
DXB-MEYDAN-948910daaa,meydanone,55.300118,25.143872,12.0,3,,,,,,,,,UNKNOWN,,,0.0,,,,,,,False
DXB-MEYDAN-8e75e7ab24,meydanone,55.300272,25.143895,12.0,3,,,,,,,,,UNKNOWN,,,0.0,,,,,,,False
DXB-MEYDAN-1b5c113db7,meydanone,55.300441,25.143886,12.0,3,,,,,,,,,UNKNOWN,,,0.0,,,,,,,False
DXB-MEYDAN-5b9f8ed4ed,meydanone,55.30059,25.143893,12.0,3,,,,,,,,,UNKNOWN,,,0.0,,,,,,,False
DXB-MEYDAN-dc0bd99f5d,meydanone,55.300751,25.143877,12.0,3,,,,,,,,,UNKNOWN,,,0.0,,,,,,,False
DXB-MEYDAN-f7a1d13654,meydanone,55.298295,25.144337,12.0,3,,,,,,,,,UNKNOWN,,,0.0,,,,,,,False
DXB-MEYDAN-e57ec6ec85,meydanone,55.298454,25.144328,12.0,3,,,,,,,,,UNKNOWN,,,0.0,,,,,,,False
DXB-MEYDAN-a1db813de9,meydanone,55.298614,25.144337,12.0,3,,,,,,,,,UNKNOWN,,,0.0,,,,,,,False
DXB-MEYDAN-df4a279e13,meydanone,55.298772,25.144329,12.0,3,,,,,,,,,UNKNOWN,,,0.0,,,,,,,False
DXB-MEYDAN-0b08551e10,meydanone,55.298927,25.144338,12.0,3,,,,,,,,,UNKNOWN,,,0.0,,,,,,,False
DXB-MEYDAN-ea578816f9,meydanone,55.299084,25.14434,12.0,3,,,,,,,,,UNKNOWN,,,0.0,,,,,,,False
DXB-MEYDAN-02eb0c926c,meydanone,55.299247,25.144352,12.0,3,,,,,,,,,UNKNOWN,,,0.0,,,,,,,False
DXB-MEYDAN-060d9660fa,meydanone,55.299408,25.144358,12.0,3,,,,,,,,,UNKNOWN,,,0.0,,,,,,,False
DXB-MEYDAN-0ee61349e1,meydanone,55.299568,25.14437,12.0,3,,,,,,,,,UNKNOWN,,,0.0,,,,,,,False
DXB-MEYDAN-792a91d5d7,meydanone,55.299726,25.14437,12.0,3,,,,,,,,,UNKNOWN,,,0.0,,,,,,,False
DXB-MEYDAN-2bbb80eb36,meydanone,55.299945,25.144375,12.0,3,,,,,,,,,UNKNOWN,,,0.0,,,,,,,False
DXB-MEYDAN-899720bc01,meydanone,55.300102,25.144378,12.0,3,,,,,,,,,UNKNOWN,,,0.0,,,,,,,False
DXB-MEYDAN-da3a8a9d08,meydanone,55.300262,25.144386,12.0,3,,,,,,,,,UNKNOWN,,,0.0,,,,,,,False
DXB-MEYDAN-84bd546072,meydanone,55.300415,25.144396,12.0,3,,,,,,,,,UNKNOWN,,,0.0,,,,,,,False
DXB-MEYDAN-30d35a2b7c,meydanone,55.300576,25.144389,12.0,3,,,,,,,,,UNKNOWN,,,0.0,,,,,,,False
DXB-MEYDAN-48360223d7,meydanone,55.300733,25.144405,12.0,3,,,,,,,,,UNKNOWN,,,0.0,,,,,,,False
DXB-MEYDAN-d89624e959,meydanone,55.337605,25.132098,12.0,3,,,,,,,,,UNKNOWN,,,0.0,,,,,,,False
DXB-MEYDAN-7f1fbbf937,meydanone,55.335646,25.133134,12.0,3,,,,,,,,,UNKNOWN,,,0.0,,,,,,,False
DXB-MEYDAN-6e25467aae,meydanone,55.334018,25.131502,12.0,3,,,,,,,,,UNKNOWN,,,0.0,,,,,,,False
DXB-MEYDAN-f037654548,meydanone,55.334099,25.131437,12.0,3,,,,,,,,,UNKNOWN,,,0.0,,,,,,,False
DXB-MEYDAN-7695b56680,meydanone,55.33505,25.131504,12.0,3,,,,,,,,,UNKNOWN,,,0.0,,,,,,,False
DXB-MEYDAN-277ab460a0,meydanone,55.335167,25.131229,12.0,3,,,,,,,,,UNKNOWN,,,0.0,,,,,,,False
DXB-MEYDAN-ebeedd1cde,meydanone,55.335205,25.131931,12.0,3,,,,,,,,,UNKNOWN,,,0.0,,,,,,,False
DXB-MEYDAN-a2213c41f8,meydanone,55.33515,25.132066,12.0,3,,,,,,,,,UNKNOWN,,,0.0,,,,,,,False
DXB-MEYDAN-d5282ed0bc,meydanone,55.335012,25.132112,12.0,3,,,,,,,,,UNKNOWN,,,0.0,,,,,,,False
DXB-MEYDAN-534fd1e0b2,meydanone,55.334866,25.132207,12.0,3,,,,,,,,,UNKNOWN,,,0.0,,,,,,,False
DXB-MEYDAN-63b30fd155,meydanone,55.334746,25.132287,12.0,3,,,,,,,,,UNKNOWN,,,0.0,,,,,,,False
DXB-MEYDAN-5f9c446372,meydanone,55.334934,25.132394,12.0,3,,,,,,,,,UNKNOWN,,,0.0,,,,,,,False
DXB-MEYDAN-6149dccefb,meydanone,55.335012,25.1325,12.0,3,,,,,,,,,UNKNOWN,,,0.0,,,,,,,False
DXB-MEYDAN-4fe278f4e4,meydanone,55.335121,25.132268,12.0,3,,,,,,,,,UNKNOWN,,,0.0,,,,,,,False
DXB-MEYDAN-aca213681d,meydanone,55.336203,25.132181,12.0,3,,,,,,,,,UNKNOWN,,,0.0,,,,,,,False
DXB-MEYDAN-ee5ecb3df1,meydanone,55.33634,25.131738,12.0,3,,,,,,,,,UNKNOWN,,,0.0,,,,,,,False
DXB-MEYDAN-477622373b,meydanone,55.336251,25.131933,12.0,3,,,,,,,,,UNKNOWN,,,0.0,,,,,,,False
DXB-MEYDAN-323eb68569,meydanone,55.33768,25.136849,12.0,3,,,,,,,,,UNKNOWN,,,0.0,,,,,,,False
DXB-MEYDAN-e54aaccf72,meydanone,55.334216,25.150444,12.0,3,,,,,,,,,UNKNOWN,,,0.0,,,,,,,False
DXB-MEYDAN-969078f17e,meydanone,55.333773,25.15117,12.0,3,,,,,,,,,UNKNOWN,,,0.0,,,,,,,False
DXB-MEYDAN-2b2579e336,meydanone,55.33374,25.151535,12.0,3,,,,,,,,,UNKNOWN,,,0.0,,,,,,,False
DXB-MEYDAN-bdec025ebd,meydanone,55.317526,25.142901,12.0,3,,,,,,,,,UNKNOWN,,,0.0,,,,,,,False
DXB-MEYDAN-0c846f7dfb,meydanone,55.315576,25.144196,12.0,3,,,,,,,,,UNKNOWN,,,0.0,,,,,,,False
DXB-MEYDAN-561ddd2de3,meydanone,55.315736,25.143958,12.0,3,,,,,,,,,UNKNOWN,,,0.0,,,,,,,False
DXB-MEYDAN-0bbdfad18f,meydanone,55.315918,25.143604,12.0,3,,,,,,,,,UNKNOWN,,,0.0,,,,,,,False
DXB-MEYDAN-101c2cb0ba,meydanone,55.316049,25.143352,12.0,3,,,,,,,,,UNKNOWN,,,0.0,,,,,,,False
DXB-MEYDAN-5b25e9dbce,meydanone,55.314368,25.141918,12.0,3,,,,,,,,,UNKNOWN,,,0.0,,,,,,,False
DXB-MEYDAN-d97c2c2e2f,meydanone,55.316728,25.143225,12.0,3,,,,,,,,,UNKNOWN,,,0.0,,,,,,,False
DXB-MEYDAN-c8c2214cb6,meydanone,55.317075,25.142599,12.0,3,,,,,,,,,UNKNOWN,,,0.0,,,,,,,False
DXB-MEYDAN-43cd11c28a,meydanone,55.332019,25.153686,12.0,3,,,,,,,,,UNKNOWN,,,0.0,,,,,,,False
DXB-MEYDAN-45b12717e2,meydanone,55.330704,25.15345,12.0,3,,,,,,,,,UNKNOWN,,,0.0,,,,,,,False
DXB-MEYDAN-98e9ffc997,meydanone,55.330386,25.153311,12.0,3,,,,,,,,,UNKNOWN,,,0.0,,,,,,,False
DXB-MEYDAN-18df5c7d30,meydanone,55.330355,25.154007,12.0,3,,,,,,,,,UNKNOWN,,,0.0,,,,,,,False
DXB-MEYDAN-0ce7b60e5b,meydanone,55.330232,25.154619,12.0,3,,,,,,,,,UNKNOWN,,,0.0,,,,,,,False
DXB-MEYDAN-d72489346d,meydanone,55.304287,25.166348,12.0,3,,,,,,,,,UNKNOWN,,,0.0,,,,,,,False
DXB-MEYDAN-eed6ac4bc3,meydanone,55.319593,25.143367,12.0,3,,,,,,,,,UNKNOWN,,,0.0,,,,,,,False
DXB-MEYDAN-1d3ed7900b,meydanone,55.319779,25.143538,12.0,3,,,,,,,,,UNKNOWN,,,0.0,,,,,,,False
DXB-MEYDAN-c5678e29aa,meydanone,55.319234,25.14366,12.0,3,,,,,,,,,UNKNOWN,,,0.0,,,,,,,False
DXB-MEYDAN-3ece4fc7f8,meydanone,55.319161,25.14398,12.0,3,,,,,,,,,UNKNOWN,,,0.0,,,,,,,False
DXB-MEYDAN-70075d33f9,meydanone,55.319007,25.144316,12.0,3,,,,,,,,,UNKNOWN,,,0.0,,,,,,,False
DXB-MEYDAN-9da34ca780,meydanone,55.318879,25.144234,12.0,3,,,,,,,,,UNKNOWN,,,0.0,,,,,,,False
DXB-MEYDAN-c1603bb7cb,meydanone,55.318811,25.144508,12.0,3,,,,,,,,,UNKNOWN,,,0.0,,,,,,,False
DXB-MEYDAN-0f85f7d07f,meydanone,55.319257,25.144785,12.0,3,,,,,,,,,UNKNOWN,,,0.0,,,,,,,False
DXB-MEYDAN-9096fb5500,meydanone,55.319303,25.144511,12.0,3,,,,,,,,,UNKNOWN,,,0.0,,,,,,,False
DXB-MEYDAN-e4f3685bf0,meydanone,55.319191,25.146925,12.0,3,,,,,,,,,UNKNOWN,,,0.0,,,,,,,False
DXB-MEYDAN-f390bc597a,meydanone,55.318923,25.147022,12.0,3,,,,,,,,,UNKNOWN,,,0.0,,,,,,,False
DXB-MEYDAN-25bdf7966f,meydanone,55.31901,25.146802,12.0,3,,,,,,,,,UNKNOWN,,,0.0,,,,,,,False
DXB-MEYDAN-6aa0a4b991,meydanone,55.32119,25.143998,12.0,3,,,,,,,,,UNKNOWN,,,0.0,,,,,,,False
DXB-MEYDAN-1886d8738f,meydanone,55.321493,25.144001,12.0,3,,,,,,,,,UNKNOWN,,,0.0,,,,,,,False
DXB-MEYDAN-757456fe3b,meydanone,55.32171,25.144253,12.0,3,,,,,,,,,UNKNOWN,,,0.0,,,,,,,False
DXB-MEYDAN-11cf455dab,meydanone,55.321954,25.144126,12.0,3,,,,,,,,,UNKNOWN,,,0.0,,,,,,,False
DXB-MEYDAN-a554cb130d,meydanone,55.321111,25.143741,12.0,3,,,,,,,,,UNKNOWN,,,0.0,,,,,,,False
DXB-MEYDAN-f0608ab623,meydanone,55.320815,25.144118,12.0,3,,,,,,,,,UNKNOWN,,,0.0,,,,,,,False
DXB-MEYDAN-b0c01d3258,meydanone,55.321524,25.14504,12.0,3,,,,,,,,,UNKNOWN,,,0.0,,,,,,,False
DXB-MEYDAN-c89cd2a0d5,meydanone,55.321677,25.144715,12.0,3,,,,,,,,,UNKNOWN,,,0.0,,,,,,,False
DXB-MEYDAN-beaf6af276,meydanone,55.321379,25.144692,12.0,3,,,,,,,,,UNKNOWN,,,0.0,,,,,,,False
DXB-MEYDAN-dc325d3f4a,meydanone,55.321344,25.144517,12.0,3,,,,,,,,,UNKNOWN,,,0.0,,,,,,,False
DXB-MEYDAN-1f8638181e,meydanone,55.321151,25.144943,12.0,3,,,,,,,,,UNKNOWN,,,0.0,,,,,,,False
DXB-MEYDAN-00cf9258ac,meydanone,55.321275,25.145076,12.0,3,,,,,,,,,UNKNOWN,,,0.0,,,,,,,False
DXB-MEYDAN-2d1f5cae54,meydanone,55.319935,25.145843,12.0,3,,,,,,,,,UNKNOWN,,,0.0,,,,,,,False
DXB-MEYDAN-ff49a77226,meydanone,55.320008,25.145729,12.0,3,,,,,,,,,UNKNOWN,,,0.0,,,,,,,False
DXB-MEYDAN-9623358795,meydanone,55.316625,25.148943,12.0,3,,,,,,,,,UNKNOWN,,,0.0,,,,,,,False
DXB-MEYDAN-7756667b4a,meydanone,55.316394,25.148732,12.0,3,,,,,,,,,UNKNOWN,,,0.0,,,,,,,False
DXB-MEYDAN-ca69247b71,meydanone,55.316486,25.148766,12.0,3,,,,,,,,,UNKNOWN,,,0.0,,,,,,,False
DXB-MEYDAN-b6e9e49915,meydanone,55.316859,25.148953,12.0,3,,,,,,,,,UNKNOWN,,,0.0,,,,,,,False
DXB-MEYDAN-2943bb54aa,meydanone,55.316789,25.149073,12.0,3,,,,,,,,,UNKNOWN,,,0.0,,,,,,,False
DXB-MEYDAN-64838703bb,meydanone,55.316699,25.149201,12.0,3,,,,,,,,,UNKNOWN,,,0.0,,,,,,,False
DXB-MEYDAN-8d76f6f774,meydanone,55.316306,25.148942,12.0,3,,,,,,,,,UNKNOWN,,,0.0,,,,,,,False
DXB-MEYDAN-3c21577e79,meydanone,55.316265,25.149003,12.0,3,,,,,,,,,UNKNOWN,,,0.0,,,,,,,False
DXB-MEYDAN-b153bcc53f,meydanone,55.316628,25.149365,12.0,3,,,,,,,,,UNKNOWN,,,0.0,,,,,,,False
DXB-MEYDAN-8e63a16012,meydanone,55.31768,25.149043,12.0,3,,,,,,,,,UNKNOWN,,,0.0,,,,,,,False
DXB-MEYDAN-5a8072a577,meydanone,55.290387,25.151595,12.0,3,,,,,,,,,UNKNOWN,,,0.0,,,,,,,False
DXB-MEYDAN-8bbe86ec59,meydanone,55.289712,25.152559,12.0,3,,,,,,,,,UNKNOWN,,,0.0,,,,,,,False
DXB-MEYDAN-b1df91c641,meydanone,55.290488,25.155015,12.0,3,Rosebay Living,Rosebay Living,BUILDING_NAME,Rosebay Living,,,,,MATCHED,osm,osm,0.9,0.0,True,,,,carried on the footprint by build_anchors,False
DXB-MEYDAN-a8ff3cf6f1,meydanone,55.294673,25.15784,12.0,3,The Galleries at Meydan Avenue,The Galleries at Meydan Avenue,BUILDING_NAME,The Galleries at Meydan Avenue,,,,,MATCHED,osm,osm,0.9,0.0,True,,,,carried on the footprint by build_anchors,False
DXB-MEYDAN-7b2ccac7c2,meydanone,55.289799,25.153695,12.0,3,Naya 1,Naya 1,BUILDING_NAME,Naya 1,,,,,MATCHED,dld,dld,0.92,0.0,False,,,,DLD transactions register building name (geocoded),False
DXB-MEYDAN-0415c35115,meydanone,55.291104,25.154457,12.0,3,Dar Mira,Dar Mira,BUILDING_NAME,Dar Mira,,,,,MATCHED,osm,osm,0.9,0.0,True,,,,carried on the footprint by build_anchors,False
DXB-MEYDAN-dc59815070,meydanone,55.292915,25.154666,12.0,3,Manazel Nad Al Sheba,Manazel Nad Al Sheba,BUILDING_NAME,Manazel Nad Al Sheba,,,,,MATCHED,osm,osm,0.9,0.0,True,,,,carried on the footprint by build_anchors,False
DXB-MEYDAN-fdf3af0d86,meydanone,55.319183,25.164912,12.0,3,,,,,,,,,UNKNOWN,,,0.0,,,,,,,False
DXB-MEYDAN-d8ab8f1de4,meydanone,55.319212,25.166625,12.0,3,,,,,,,,,UNKNOWN,,,0.0,,,,,,,False
DXB-MEYDAN-110b85535c,meydanone,55.319362,25.166684,12.0,3,,,,,,,,,UNKNOWN,,,0.0,,,,,,,False
DXB-MEYDAN-3c4fbfb1de,meydanone,55.319359,25.166634,12.0,3,,,,,,,,,UNKNOWN,,,0.0,,,,,,,False
DXB-MEYDAN-03d92b7a0c,meydanone,55.303859,25.161407,12.0,3,,,,,,,,,UNKNOWN,,,0.0,,,,,,,False
DXB-MEYDAN-8af5a013de,meydanone,55.303668,25.160923,12.0,3,,,,,,,,,UNKNOWN,,,0.0,,,,,,,False
DXB-MEYDAN-bdd8215908,meydanone,55.30319,25.160613,12.0,3,,,,,,,,,UNKNOWN,,,0.0,,,,,,,False
DXB-MEYDAN-84bb39fb85,meydanone,55.303055,25.160186,12.0,3,,,,,,,,,UNKNOWN,,,0.0,,,,,,,False
DXB-MEYDAN-e2e29c7891,meydanone,55.302556,25.159893,12.0,3,,,,,,,,,UNKNOWN,,,0.0,,,,,,,False
DXB-MEYDAN-e15845fdd3,meydanone,55.304449,25.163397,12.0,3,,,,,,,,,UNKNOWN,,,0.0,,,,,,,False
DXB-MEYDAN-b985bdb76d,meydanone,55.305373,25.164798,12.0,3,Centurion Onyx,Centurion Onyx,BUILDING_NAME,Centurion Onyx,,,,,MATCHED,osm,osm,0.9,0.0,True,,,,carried on the footprint by build_anchors,False
DXB-MEYDAN-5f6f142d1f,meydanone,55.303958,25.165219,12.0,3,,,,,,,,,UNKNOWN,,,0.0,,,,,,,False
DXB-MEYDAN-86ed2f7e81,meydanone,55.304881,25.166487,12.0,3,,,,,,,,,UNKNOWN,,,0.0,,,,,,,False
DXB-MEYDAN-7005d80e2a,meydanone,55.307032,25.165862,12.0,3,Bright Corner,Bright Corner,BUILDING_NAME,Bright Corner,,,,,MATCHED,osm,osm,0.9,0.0,True,,,,carried on the footprint by build_anchors,False
DXB-MEYDAN-cffd643bac,meydanone,55.307498,25.165838,12.0,3,Royal Manor,Royal Manor,BUILDING_NAME,Royal Manor,,,,,MATCHED,osm,osm,0.9,0.0,True,,,,carried on the footprint by build_anchors,False
DXB-MEYDAN-692f685fda,meydanone,55.308532,25.166363,12.0,3,Taupe Residence,Taupe Residence,BUILDING_NAME,Taupe Residence,,,,,MATCHED,osm,osm,0.9,0.0,True,,,,carried on the footprint by build_anchors,False
DXB-MEYDAN-f2e415460a,meydanone,55.302612,25.163208,12.0,3,The Derby Residence 3,The Derby Residence 3,BUILDING_NAME,The Derby Residence 3,,,,,MATCHED,osm,osm,0.9,0.0,True,,,,carried on the footprint by build_anchors,False
DXB-MEYDAN-a76165bd68,meydanone,55.302293,25.163189,12.0,3,The Derby Residence 2,The Derby Residence 2,BUILDING_NAME,The Derby Residence 2,,,,,MATCHED,osm,osm,0.9,0.0,True,,,,carried on the footprint by build_anchors,False
DXB-MEYDAN-6a8aba3ef4,meydanone,55.301979,25.163085,12.0,3,The Derby Residence 1,The Derby Residence 1,BUILDING_NAME,The Derby Residence 1,,,,,MATCHED,osm,osm,0.9,0.0,True,,,,carried on the footprint by build_anchors,False
DXB-MEYDAN-9a825e3813,meydanone,55.299568,25.161826,12.0,3,,,,,,,,,UNKNOWN,,,0.0,,,,,,,False
DXB-MEYDAN-b2ee39f6cf,meydanone,55.326905,25.160697,12.0,3,,,,,,,,,UNKNOWN,,,0.0,,,,,,,False
DXB-MEYDAN-4d8539c5fb,meydanone,55.328143,25.161279,12.0,3,,,,,,,,,UNKNOWN,,,0.0,,,,,,,False
DXB-MEYDAN-da8156e06c,meydanone,55.32744,25.160943,12.0,3,,,,,,,,,UNKNOWN,,,0.0,,,,,,,False
DXB-MEYDAN-89e5976510,meydanone,55.326191,25.16035,12.0,3,,,,,,,,,UNKNOWN,,,0.0,,,,,,,False
DXB-MEYDAN-e32dab758a,meydanone,55.326878,25.1619,12.0,3,,,,,,,,,UNKNOWN,,,0.0,,,,,,,False
DXB-MEYDAN-9a511b531e,meydanone,55.327566,25.16226,12.0,3,,,,,,,,,UNKNOWN,,,0.0,,,,,,,False
DXB-MEYDAN-945433ca9b,meydanone,55.325657,25.161299,12.0,3,,,,,,,,,UNKNOWN,,,0.0,,,,,,,False
DXB-MEYDAN-8a2d256a6d,meydanone,55.326345,25.161658,12.0,3,,,,,,,,,UNKNOWN,,,0.0,,,,,,,False
DXB-MEYDAN-efb5530a5f,meydanone,55.328227,25.162579,12.0,3,,,,,,,,,UNKNOWN,,,0.0,,,,,,,False
DXB-MEYDAN-b14336811e,meydanone,55.295238,25.158169,12.0,3,Injazzat Residence,Injazzat Residence,BUILDING_NAME,Injazzat Residence,,,,,MATCHED,osm,osm,0.9,0.0,True,,,,carried on the footprint by build_anchors,False
DXB-MEYDAN-ff69f48257,meydanone,55.295629,25.158581,12.0,3,,,,,,,,,UNKNOWN,,,0.0,,,,,,,False
DXB-MEYDAN-58ab1ad439,meydanone,55.29506,25.157518,12.0,3,,,,,,,,,UNKNOWN,,,0.0,,,,,,,False
DXB-MEYDAN-549a769a0e,meydanone,55.298955,25.153269,12.0,3,,,,,,,,,UNKNOWN,,,0.0,,,,,,,False
DXB-MEYDAN-902bb01af6,meydanone,55.297269,25.143659,8.6,2,,,,,,,,,UNKNOWN,,,0.0,,,,,,,False
DXB-MEYDAN-428550abaf,meydanone,55.29699,25.143637,8.6,2,,,,,,,,,UNKNOWN,,,0.0,,,,,,,False
DXB-MEYDAN-853b6e2c6b,meydanone,55.296713,25.143623,8.6,2,,,,,,,,,UNKNOWN,,,0.0,,,,,,,False
DXB-MEYDAN-712ec6fdf7,meydanone,55.297932,25.144225,12.0,3,,,,,,,,,UNKNOWN,,,0.0,,,,,,,False
DXB-MEYDAN-f5984bf7e4,meydanone,55.297927,25.144368,12.0,3,,,,,,,,,UNKNOWN,,,0.0,,,,,,,False
DXB-MEYDAN-846ef26bd2,meydanone,55.335376,25.153851,12.0,3,Zoom,Zoom,BUILDING_NAME,Zoom,,,,,MATCHED,osm,osm,0.9,0.0,True,,,,carried on the footprint by build_anchors,False
DXB-MEYDAN-be615945d3,meydanone,55.294578,25.15711,12.0,3,,,,,,,,,UNKNOWN,,,0.0,,,,,,,False
DXB-MEYDAN-2f6825aa42,meydanone,55.295743,25.158126,12.0,3,,,,,,,,,UNKNOWN,,,0.0,,,,,,,False
DXB-MEYDAN-0c1989938a,meydanone,55.294339,25.157363,12.0,3,,,,,,,,,UNKNOWN,,,0.0,,,,,,,False
DXB-MEYDAN-e734144453,meydanone,55.292459,25.155536,12.0,3,Dawson House,Dawson House,BUILDING_NAME,Dawson House,,,,,MATCHED,osm,osm,0.9,0.0,True,,,,carried on the footprint by build_anchors,False
DXB-MEYDAN-6612b5d49e,meydanone,55.292783,25.155489,12.0,3,Bahwan Residence,Bahwan Residence,BUILDING_NAME,Bahwan Residence,,,,,MATCHED,osm,osm,0.9,0.0,True,,,,carried on the footprint by build_anchors,False
DXB-MEYDAN-87be37bcdc,meydanone,55.293107,25.155431,12.0,3,Saad Bahwan 2,Saad Bahwan 2,BUILDING_NAME,Saad Bahwan 2,,,,,MATCHED,osm,osm,0.9,0.0,True,,,,carried on the footprint by build_anchors,False
DXB-MEYDAN-a02191f353,meydanone,55.29346,25.155328,12.0,3,Saad Bahwan 1,Saad Bahwan 1,BUILDING_NAME,Saad Bahwan 1,,,,,MATCHED,osm,osm,0.9,0.0,True,,,,carried on the footprint by build_anchors,False
DXB-MEYDAN-16f37ab7af,meydanone,55.295577,25.151645,12.0,3,Spinneys,Spinneys,BUILDING_NAME,Spinneys,,,,,MATCHED,osm,osm,0.9,0.0,True,,,,carried on the footprint by build_anchors,False
DXB-MEYDAN-f41a15282c,meydanone,55.290957,25.155319,12.0,3,Mashroom,Mashroom,BUILDING_NAME,Mashroom,,,,,MATCHED,osm,osm,0.9,0.0,True,,,,carried on the footprint by build_anchors,False
DXB-MEYDAN-ed089b76a5,meydanone,55.295439,25.155326,12.0,3,,,,,,,,,UNKNOWN,,,0.0,,,,,,,False
DXB-MEYDAN-d82854a332,meydanone,55.295468,25.154745,12.0,3,,,,,,,,,UNKNOWN,,,0.0,,,,,,,False
DXB-MEYDAN-5aebc0536b,meydanone,55.28887,25.153876,12.0,3,Azizi Park Avenue III,Azizi Park Avenue III,BUILDING_NAME,Azizi Park Avenue III,,,,,MATCHED,osm,osm,0.9,0.0,True,,,,carried on the footprint by build_anchors,False
DXB-MEYDAN-5c06ece32c,meydanone,55.337798,25.152191,12.0,3,,,,,,,,,UNKNOWN,,,0.0,,,,,,,False
DXB-MEYDAN-c0248650ad,meydanone,55.324155,25.152093,12.0,3,,,,,,,,,UNKNOWN,,,0.0,,,,,,,False
DXB-MEYDAN-2712e2ba00,meydanone,55.32426,25.152214,12.0,3,,,,,,,,,UNKNOWN,,,0.0,,,,,,,False
DXB-MEYDAN-a6ed3ec87d,meydanone,55.323968,25.152124,12.0,3,,,,,,,,,UNKNOWN,,,0.0,,,,,,,False
DXB-MEYDAN-353b7ca6eb,meydanone,55.32431,25.15175,12.0,3,,,,,,,,,UNKNOWN,,,0.0,,,,,,,False
DXB-MEYDAN-87c0be860a,meydanone,55.324207,25.151791,12.0,3,,,,,,,,,UNKNOWN,,,0.0,,,,,,,False
DXB-MEYDAN-843772dc62,meydanone,55.324298,25.151926,12.0,3,,,,,,,,,UNKNOWN,,,0.0,,,,,,,False
DXB-MEYDAN-e5de01b8ea,meydanone,55.32367,25.151751,12.0,3,,,,,,,,,UNKNOWN,,,0.0,,,,,,,False
DXB-MEYDAN-be718a96cb,meydanone,55.323377,25.15185,12.0,3,,,,,,,,,UNKNOWN,,,0.0,,,,,,,False
DXB-MEYDAN-0cc077f3fe,meydanone,55.323581,25.151535,12.0,3,,,,,,,,,UNKNOWN,,,0.0,,,,,,,False
DXB-MEYDAN-40992779a1,meydanone,55.324003,25.151645,12.0,3,,,,,,,,,UNKNOWN,,,0.0,,,,,,,False
DXB-MEYDAN-f753dd5429,meydanone,55.323724,25.151647,12.0,3,,,,,,,,,UNKNOWN,,,0.0,,,,,,,False
DXB-MEYDAN-39e81e55e0,meydanone,55.323221,25.151207,12.0,3,,,,,,,,,UNKNOWN,,,0.0,,,,,,,False
DXB-MEYDAN-824e8005f9,meydanone,55.32294,25.151403,12.0,3,,,,,,,,,UNKNOWN,,,0.0,,,,,,,False
DXB-MEYDAN-6543b8110d,meydanone,55.322908,25.151615,12.0,3,,,,,,,,,UNKNOWN,,,0.0,,,,,,,False
DXB-MEYDAN-79a0e4392f,meydanone,55.323432,25.151378,12.0,3,,,,,,,,,UNKNOWN,,,0.0,,,,,,,False
DXB-MEYDAN-79595c106f,meydanone,55.323311,25.151543,12.0,3,,,,,,,,,UNKNOWN,,,0.0,,,,,,,False
DXB-MEYDAN-95bce2b365,meydanone,55.323384,25.151294,12.0,3,,,,,,,,,UNKNOWN,,,0.0,,,,,,,False
DXB-MEYDAN-e79cbc57e1,meydanone,55.322981,25.151199,12.0,3,,,,,,,,,UNKNOWN,,,0.0,,,,,,,False
DXB-MEYDAN-a0db271c98,meydanone,55.323091,25.151379,12.0,3,,,,,,,,,UNKNOWN,,,0.0,,,,,,,False
DXB-MEYDAN-7bc89dca96,meydanone,55.323162,25.151672,12.0,3,,,,,,,,,UNKNOWN,,,0.0,,,,,,,False
DXB-MEYDAN-0e55313c08,meydanone,55.323541,25.15254,12.0,3,,,,,,,,,UNKNOWN,,,0.0,,,,,,,False
DXB-MEYDAN-fff1e49458,meydanone,55.323403,25.152383,12.0,3,,,,,,,,,UNKNOWN,,,0.0,,,,,,,False
DXB-MEYDAN-1c938807f7,meydanone,55.323156,25.152447,12.0,3,,,,,,,,,UNKNOWN,,,0.0,,,,,,,False
DXB-MEYDAN-b6a189e8a6,meydanone,55.323103,25.15232,12.0,3,,,,,,,,,UNKNOWN,,,0.0,,,,,,,False
DXB-MEYDAN-3a88aac20f,meydanone,55.323166,25.152152,12.0,3,,,,,,,,,UNKNOWN,,,0.0,,,,,,,False
DXB-MEYDAN-6938e05846,meydanone,55.323257,25.152045,12.0,3,,,,,,,,,UNKNOWN,,,0.0,,,,,,,False
DXB-MEYDAN-9cb451f878,meydanone,55.32391,25.152758,12.0,3,,,,,,,,,UNKNOWN,,,0.0,,,,,,,False
DXB-MEYDAN-47c068a15d,meydanone,55.323779,25.152705,12.0,3,,,,,,,,,UNKNOWN,,,0.0,,,,,,,False
DXB-MEYDAN-90766f06dc,meydanone,55.324063,25.15285,12.0,3,,,,,,,,,UNKNOWN,,,0.0,,,,,,,False
DXB-MEYDAN-323918ec46,meydanone,55.324183,25.152824,12.0,3,,,,,,,,,UNKNOWN,,,0.0,,,,,,,False
DXB-MEYDAN-4840a3bc74,meydanone,55.32429,25.152428,12.0,3,,,,,,,,,UNKNOWN,,,0.0,,,,,,,False
DXB-MEYDAN-06a7502e4b,meydanone,55.324103,25.152536,12.0,3,,,,,,,,,UNKNOWN,,,0.0,,,,,,,False
DXB-MEYDAN-84516fde04,meydanone,55.324685,25.151899,12.0,3,,,,,,,,,UNKNOWN,,,0.0,,,,,,,False
DXB-MEYDAN-dabfb2d9e7,meydanone,55.324671,25.151976,12.0,3,,,,,,,,,UNKNOWN,,,0.0,,,,,,,False
DXB-MEYDAN-c21c4c6de8,meydanone,55.324616,25.151852,12.0,3,,,,,,,,,UNKNOWN,,,0.0,,,,,,,False
DXB-MEYDAN-83f1978d09,meydanone,55.322279,25.151021,12.0,3,,,,,,,,,UNKNOWN,,,0.0,,,,,,,False
DXB-MEYDAN-df0c4de1ff,meydanone,55.322209,25.151269,12.0,3,,,,,,,,,UNKNOWN,,,0.0,,,,,,,False
DXB-MEYDAN-992d0b462c,meydanone,55.322328,25.150921,12.0,3,,,,,,,,,UNKNOWN,,,0.0,,,,,,,False
DXB-MEYDAN-e4fa08f9a5,meydanone,55.322472,25.15087,12.0,3,,,,,,,,,UNKNOWN,,,0.0,,,,,,,False
DXB-MEYDAN-4df96dddd7,meydanone,55.322524,25.151437,12.0,3,,,,,,,,,UNKNOWN,,,0.0,,,,,,,False
DXB-MEYDAN-00fe5581c2,meydanone,55.322369,25.151162,12.0,3,,,,,,,,,UNKNOWN,,,0.0,,,,,,,False
DXB-MEYDAN-ba7bf4b02f,meydanone,55.322006,25.151527,12.0,3,,,,,,,,,UNKNOWN,,,0.0,,,,,,,False
DXB-MEYDAN-c97e9cd536,meydanone,55.321897,25.151807,12.0,3,,,,,,,,,UNKNOWN,,,0.0,,,,,,,False
DXB-MEYDAN-b35fead81b,meydanone,55.322304,25.151961,12.0,3,,,,,,,,,UNKNOWN,,,0.0,,,,,,,False
DXB-MEYDAN-9162fcd6a1,meydanone,55.322218,25.151759,12.0,3,,,,,,,,,UNKNOWN,,,0.0,,,,,,,False
DXB-MEYDAN-cd16bd8e16,meydanone,55.322844,25.151793,12.0,3,,,,,,,,,UNKNOWN,,,0.0,,,,,,,False
DXB-MEYDAN-378d56253a,meydanone,55.322915,25.152253,12.0,3,,,,,,,,,UNKNOWN,,,0.0,,,,,,,False
DXB-MEYDAN-e4981cd7b3,meydanone,55.322748,25.152207,12.0,3,,,,,,,,,UNKNOWN,,,0.0,,,,,,,False
DXB-MEYDAN-378b0b7d51,meydanone,55.322789,25.152066,12.0,3,,,,,,,,,UNKNOWN,,,0.0,,,,,,,False
DXB-MEYDAN-3771d74c6c,meydanone,55.322542,25.152078,12.0,3,,,,,,,,,UNKNOWN,,,0.0,,,,,,,False
DXB-MEYDAN-753c930112,meydanone,55.322556,25.151922,12.0,3,,,,,,,,,UNKNOWN,,,0.0,,,,,,,False
DXB-MEYDAN-1d90971eda,meydanone,55.322717,25.151798,12.0,3,,,,,,,,,UNKNOWN,,,0.0,,,,,,,False
DXB-MEYDAN-308d7a7b50,meydanone,55.323204,25.148761,12.0,3,,,,,,,,,UNKNOWN,,,0.0,,,,,,,False
DXB-MEYDAN-506f5beb6b,meydanone,55.323572,25.149101,12.0,3,,,,,,,,,UNKNOWN,,,0.0,,,,,,,False
DXB-MEYDAN-b20a3c950c,meydanone,55.323693,25.148939,12.0,3,,,,,,,,,UNKNOWN,,,0.0,,,,,,,False
DXB-MEYDAN-7daeeaf819,meydanone,55.323755,25.148818,12.0,3,,,,,,,,,UNKNOWN,,,0.0,,,,,,,False
DXB-MEYDAN-189388a607,meydanone,55.323628,25.148758,12.0,3,,,,,,,,,UNKNOWN,,,0.0,,,,,,,False
DXB-MEYDAN-b449af29a8,meydanone,55.323513,25.148744,12.0,3,,,,,,,,,UNKNOWN,,,0.0,,,,,,,False
DXB-MEYDAN-fa017684d0,meydanone,55.323372,25.14863,12.0,3,,,,,,,,,UNKNOWN,,,0.0,,,,,,,False
DXB-MEYDAN-a2450ff851,meydanone,55.323126,25.148893,12.0,3,,,,,,,,,UNKNOWN,,,0.0,,,,,,,False
DXB-MEYDAN-0df3cbdc05,meydanone,55.32342,25.148967,12.0,3,,,,,,,,,UNKNOWN,,,0.0,,,,,,,False
DXB-MEYDAN-fc5cfbcdf6,meydanone,55.323109,25.148546,12.0,3,,,,,,,,,UNKNOWN,,,0.0,,,,,,,False
DXB-MEYDAN-bf7d89f1cc,meydanone,55.322944,25.148848,12.0,3,,,,,,,,,UNKNOWN,,,0.0,,,,,,,False
DXB-MEYDAN-d62773080b,meydanone,55.322805,25.148686,12.0,3,,,,,,,,,UNKNOWN,,,0.0,,,,,,,False
DXB-MEYDAN-fbc5e642a7,meydanone,55.322462,25.148716,12.0,3,,,,,,,,,UNKNOWN,,,0.0,,,,,,,False
DXB-MEYDAN-3a1aec2e08,meydanone,55.324253,25.150038,12.0,3,,,,,,,,,UNKNOWN,,,0.0,,,,,,,False
DXB-MEYDAN-822b74e5e6,meydanone,55.324754,25.151237,12.0,3,,,,,,,,,UNKNOWN,,,0.0,,,,,,,False
DXB-MEYDAN-fb71ba7c73,meydanone,55.323967,25.151786,12.0,3,,,,,,,,,UNKNOWN,,,0.0,,,,,,,False
DXB-MEYDAN-2e055b064d,meydanone,55.324632,25.148508,12.0,3,,,,,,,,,UNKNOWN,,,0.0,,,,,,,False
DXB-MEYDAN-fa563970b5,meydanone,55.32454,25.148734,12.0,3,,,,,,,,,UNKNOWN,,,0.0,,,,,,,False
DXB-MEYDAN-fec418612f,meydanone,55.324358,25.14882,12.0,3,,,,,,,,,UNKNOWN,,,0.0,,,,,,,False
DXB-MEYDAN-20265e8575,meydanone,55.324198,25.148391,12.0,3,,,,,,,,,UNKNOWN,,,0.0,,,,,,,False
DXB-MEYDAN-e204de005a,meydanone,55.324362,25.148549,12.0,3,,,,,,,,,UNKNOWN,,,0.0,,,,,,,False
DXB-MEYDAN-06acf62352,meydanone,55.32409,25.14868,12.0,3,,,,,,,,,UNKNOWN,,,0.0,,,,,,,False
DXB-MEYDAN-68465eb78a,meydanone,55.323911,25.148182,12.0,3,,,,,,,,,UNKNOWN,,,0.0,,,,,,,False
DXB-MEYDAN-92a4df0b7d,meydanone,55.323619,25.148093,12.0,3,,,,,,,,,UNKNOWN,,,0.0,,,,,,,False
DXB-MEYDAN-322ec80ef5,meydanone,55.323749,25.14861,12.0,3,,,,,,,,,UNKNOWN,,,0.0,,,,,,,False
DXB-MEYDAN-511f505c6b,meydanone,55.324086,25.148225,12.0,3,,,,,,,,,UNKNOWN,,,0.0,,,,,,,False
DXB-MEYDAN-6d3fbd6703,meydanone,55.323735,25.148258,12.0,3,,,,,,,,,UNKNOWN,,,0.0,,,,,,,False
DXB-MEYDAN-cb02f4cc85,meydanone,55.324091,25.149467,12.0,3,,,,,,,,,UNKNOWN,,,0.0,,,,,,,False
DXB-MEYDAN-2a3a4dec97,meydanone,55.324203,25.149421,12.0,3,,,,,,,,,UNKNOWN,,,0.0,,,,,,,False
DXB-MEYDAN-021e7bd640,meydanone,55.323767,25.14928,12.0,3,,,,,,,,,UNKNOWN,,,0.0,,,,,,,False
DXB-MEYDAN-8311e4a974,meydanone,55.32402,25.148917,12.0,3,,,,,,,,,UNKNOWN,,,0.0,,,,,,,False
DXB-MEYDAN-7a2a5d29f2,meydanone,55.324224,25.149017,12.0,3,,,,,,,,,UNKNOWN,,,0.0,,,,,,,False
DXB-MEYDAN-e22e0a3a1c,meydanone,55.324051,25.149146,12.0,3,,,,,,,,,UNKNOWN,,,0.0,,,,,,,False
DXB-MEYDAN-07bb635207,meydanone,55.325625,25.149781,12.0,3,,,,,,,,,UNKNOWN,,,0.0,,,,,,,False
DXB-MEYDAN-f17790377b,meydanone,55.325576,25.149871,12.0,3,,,,,,,,,UNKNOWN,,,0.0,,,,,,,False
DXB-MEYDAN-5d7e6701c9,meydanone,55.325605,25.150091,12.0,3,,,,,,,,,UNKNOWN,,,0.0,,,,,,,False
DXB-MEYDAN-289fe9cc87,meydanone,55.325418,25.150013,12.0,3,,,,,,,,,UNKNOWN,,,0.0,,,,,,,False
DXB-MEYDAN-5ad11e67fc,meydanone,55.325258,25.149951,12.0,3,,,,,,,,,UNKNOWN,,,0.0,,,,,,,False
DXB-MEYDAN-d4c0cc4eba,meydanone,55.325217,25.149722,12.0,3,,,,,,,,,UNKNOWN,,,0.0,,,,,,,False
DXB-MEYDAN-17db8995e9,meydanone,55.32513,25.149921,12.0,3,,,,,,,,,UNKNOWN,,,0.0,,,,,,,False
DXB-MEYDAN-0e2ae0dbbb,meydanone,55.325851,25.149759,12.0,3,,,,,,,,,UNKNOWN,,,0.0,,,,,,,False
DXB-MEYDAN-374b1e1bfb,meydanone,55.32573,25.149694,12.0,3,,,,,,,,,UNKNOWN,,,0.0,,,,,,,False
DXB-MEYDAN-d9f14e2d3a,meydanone,55.3255,25.149627,12.0,3,,,,,,,,,UNKNOWN,,,0.0,,,,,,,False
DXB-MEYDAN-ee6c6c5337,meydanone,55.325308,25.149551,12.0,3,,,,,,,,,UNKNOWN,,,0.0,,,,,,,False
DXB-MEYDAN-8a05945fd7,meydanone,55.325086,25.149376,12.0,3,,,,,,,,,UNKNOWN,,,0.0,,,,,,,False
DXB-MEYDAN-1fca581a45,meydanone,55.32519,25.14951,12.0,3,,,,,,,,,UNKNOWN,,,0.0,,,,,,,False
DXB-MEYDAN-35507bf578,meydanone,55.324645,25.149553,12.0,3,,,,,,,,,UNKNOWN,,,0.0,,,,,,,False
DXB-MEYDAN-963fa1e8f1,meydanone,55.324646,25.149722,12.0,3,,,,,,,,,UNKNOWN,,,0.0,,,,,,,False
DXB-MEYDAN-a94c224051,meydanone,55.324728,25.149729,12.0,3,,,,,,,,,UNKNOWN,,,0.0,,,,,,,False
DXB-MEYDAN-c93391cec5,meydanone,55.32506,25.149787,12.0,3,,,,,,,,,UNKNOWN,,,0.0,,,,,,,False
DXB-MEYDAN-23426e7002,meydanone,55.324907,25.149645,12.0,3,,,,,,,,,UNKNOWN,,,0.0,,,,,,,False
DXB-MEYDAN-f70d9d0a6f,meydanone,55.324988,25.149496,12.0,3,,,,,,,,,UNKNOWN,,,0.0,,,,,,,False
DXB-MEYDAN-5d4dc0d9ea,meydanone,55.324811,25.149412,12.0,3,,,,,,,,,UNKNOWN,,,0.0,,,,,,,False
DXB-MEYDAN-d2e4c58a78,meydanone,55.325835,25.149018,12.0,3,,,,,,,,,UNKNOWN,,,0.0,,,,,,,False
DXB-MEYDAN-ed79b00e03,meydanone,55.325482,25.149376,12.0,3,,,,,,,,,UNKNOWN,,,0.0,,,,,,,False
DXB-MEYDAN-d0865665e0,meydanone,55.325706,25.149029,12.0,3,,,,,,,,,UNKNOWN,,,0.0,,,,,,,False
DXB-MEYDAN-4e0bfcbd9f,meydanone,55.325719,25.148966,12.0,3,,,,,,,,,UNKNOWN,,,0.0,,,,,,,False
DXB-MEYDAN-1a18b62274,meydanone,55.326106,25.14915,12.0,3,,,,,,,,,UNKNOWN,,,0.0,,,,,,,False
DXB-MEYDAN-b1a5641e90,meydanone,55.326073,25.14935,12.0,3,,,,,,,,,UNKNOWN,,,0.0,,,,,,,False
DXB-MEYDAN-a4f863c805,meydanone,55.326001,25.149498,12.0,3,,,,,,,,,UNKNOWN,,,0.0,,,,,,,False
DXB-MEYDAN-a7989247e6,meydanone,55.325955,25.149617,12.0,3,,,,,,,,,UNKNOWN,,,0.0,,,,,,,False
DXB-MEYDAN-cc7142b5ea,meydanone,55.325906,25.149267,12.0,3,,,,,,,,,UNKNOWN,,,0.0,,,,,,,False
DXB-MEYDAN-f2568fac29,meydanone,55.325323,25.148796,12.0,3,,,,,,,,,UNKNOWN,,,0.0,,,,,,,False
DXB-MEYDAN-fd4f484620,meydanone,55.325131,25.14924,12.0,3,,,,,,,,,UNKNOWN,,,0.0,,,,,,,False
DXB-MEYDAN-33784d265a,meydanone,55.325183,25.148745,12.0,3,,,,,,,,,UNKNOWN,,,0.0,,,,,,,False
DXB-MEYDAN-60f3f10d3d,meydanone,55.325128,25.148991,12.0,3,,,,,,,,,UNKNOWN,,,0.0,,,,,,,False
DXB-MEYDAN-9ea0d1d419,meydanone,55.325072,25.148813,12.0,3,,,,,,,,,UNKNOWN,,,0.0,,,,,,,False
DXB-MEYDAN-4c6e4dc462,meydanone,55.324988,25.149151,12.0,3,,,,,,,,,UNKNOWN,,,0.0,,,,,,,False
DXB-MEYDAN-117f5e57c6,meydanone,55.325296,25.149227,12.0,3,,,,,,,,,UNKNOWN,,,0.0,,,,,,,False
DXB-MEYDAN-8fa9e813f4,meydanone,55.325422,25.148988,12.0,3,,,,,,,,,UNKNOWN,,,0.0,,,,,,,False
DXB-MEYDAN-4abeb8b3a5,meydanone,55.325983,25.14867,12.0,3,,,,,,,,,UNKNOWN,,,0.0,,,,,,,False
DXB-MEYDAN-10b4720d6e,meydanone,55.325981,25.148507,12.0,3,,,,,,,,,UNKNOWN,,,0.0,,,,,,,False
DXB-MEYDAN-a63ed7ead2,meydanone,55.326004,25.148466,12.0,3,,,,,,,,,UNKNOWN,,,0.0,,,,,,,False
DXB-MEYDAN-a98d9a5d84,meydanone,55.326436,25.148602,12.0,3,,,,,,,,,UNKNOWN,,,0.0,,,,,,,False
DXB-MEYDAN-4a7a8158e4,meydanone,55.326141,25.148462,12.0,3,,,,,,,,,UNKNOWN,,,0.0,,,,,,,False
DXB-MEYDAN-50060d6cb4,meydanone,55.326302,25.148908,12.0,3,,,,,,,,,UNKNOWN,,,0.0,,,,,,,False
DXB-MEYDAN-53ab95d1f1,meydanone,55.326192,25.148685,12.0,3,,,,,,,,,UNKNOWN,,,0.0,,,,,,,False
DXB-MEYDAN-82a0646955,meydanone,55.325604,25.148249,12.0,3,,,,,,,,,UNKNOWN,,,0.0,,,,,,,False
DXB-MEYDAN-580d676415,meydanone,55.325542,25.148553,12.0,3,,,,,,,,,UNKNOWN,,,0.0,,,,,,,False
DXB-MEYDAN-cf4845cbe2,meydanone,55.325256,25.148558,12.0,3,,,,,,,,,UNKNOWN,,,0.0,,,,,,,False
DXB-MEYDAN-d62d7be984,meydanone,55.325214,25.148465,12.0,3,,,,,,,,,UNKNOWN,,,0.0,,,,,,,False
DXB-MEYDAN-ad82f66a3e,meydanone,55.325451,25.148182,12.0,3,,,,,,,,,UNKNOWN,,,0.0,,,,,,,False
DXB-MEYDAN-a61ada55af,meydanone,55.325296,25.148367,12.0,3,,,,,,,,,UNKNOWN,,,0.0,,,,,,,False
DXB-MEYDAN-67554d1a6a,meydanone,55.325441,25.148475,12.0,3,,,,,,,,,UNKNOWN,,,0.0,,,,,,,False
DXB-MEYDAN-0b0c834dce,meydanone,55.325727,25.148511,12.0,3,,,,,,,,,UNKNOWN,,,0.0,,,,,,,False
DXB-MEYDAN-d76aa7c418,meydanone,55.325446,25.148672,12.0,3,,,,,,,,,UNKNOWN,,,0.0,,,,,,,False
DXB-MEYDAN-1cbb934803,meydanone,55.325202,25.148346,12.0,3,,,,,,,,,UNKNOWN,,,0.0,,,,,,,False
DXB-MEYDAN-d8d934d879,meydanone,55.325973,25.147788,12.0,3,,,,,,,,,UNKNOWN,,,0.0,,,,,,,False
DXB-MEYDAN-1252a7e15d,meydanone,55.325654,25.147838,12.0,3,,,,,,,,,UNKNOWN,,,0.0,,,,,,,False
DXB-MEYDAN-ff760d4aca,meydanone,55.325649,25.14806,12.0,3,,,,,,,,,UNKNOWN,,,0.0,,,,,,,False
DXB-MEYDAN-403efb7368,meydanone,55.325932,25.148179,12.0,3,,,,,,,,,UNKNOWN,,,0.0,,,,,,,False
DXB-MEYDAN-6d602ad2a0,meydanone,55.32272,25.148835,12.0,3,,,,,,,,,UNKNOWN,,,0.0,,,,,,,False
DXB-MEYDAN-578a406e8c,meydanone,55.323718,25.148757,12.0,3,,,,,,,,,UNKNOWN,,,0.0,,,,,,,False
DXB-MEYDAN-965bc76927,meydanone,55.326422,25.148146,12.0,3,,,,,,,,,UNKNOWN,,,0.0,,,,,,,False
DXB-MEYDAN-eafd1276cb,meydanone,55.32633,25.148215,12.0,3,,,,,,,,,UNKNOWN,,,0.0,,,,,,,False
DXB-MEYDAN-3036992d64,meydanone,55.326223,25.148242,12.0,3,,,,,,,,,UNKNOWN,,,0.0,,,,,,,False
DXB-MEYDAN-e39ff10f36,meydanone,55.326202,25.148317,12.0,3,,,,,,,,,UNKNOWN,,,0.0,,,,,,,False
DXB-MEYDAN-c42f76a561,meydanone,55.326288,25.148163,12.0,3,,,,,,,,,UNKNOWN,,,0.0,,,,,,,False
DXB-MEYDAN-f2d3a93860,meydanone,55.32619,25.148116,12.0,3,,,,,,,,,UNKNOWN,,,0.0,,,,,,,False
DXB-MEYDAN-15b5b65ea1,meydanone,55.326647,25.148005,12.0,3,,,,,,,,,UNKNOWN,,,0.0,,,,,,,False
DXB-MEYDAN-90fb066db2,meydanone,55.326577,25.14797,12.0,3,,,,,,,,,UNKNOWN,,,0.0,,,,,,,False
DXB-MEYDAN-a85b0cd2f7,meydanone,55.326739,25.14802,12.0,3,,,,,,,,,UNKNOWN,,,0.0,,,,,,,False
DXB-MEYDAN-e609f28540,meydanone,55.326426,25.148084,12.0,3,,,,,,,,,UNKNOWN,,,0.0,,,,,,,False
DXB-MEYDAN-834dcf9565,meydanone,55.326331,25.147912,12.0,3,,,,,,,,,UNKNOWN,,,0.0,,,,,,,False
DXB-MEYDAN-c3f038f3ef,meydanone,55.322607,25.148067,12.0,3,,,,,,,,,UNKNOWN,,,0.0,,,,,,,False
DXB-MEYDAN-314aac1882,meydanone,55.322343,25.148506,12.0,3,,,,,,,,,UNKNOWN,,,0.0,,,,,,,False
DXB-MEYDAN-9c65cddf51,meydanone,55.322335,25.147618,12.0,3,,,,,,,,,UNKNOWN,,,0.0,,,,,,,False
DXB-MEYDAN-b3f797d235,meydanone,55.322738,25.147855,12.0,3,,,,,,,,,UNKNOWN,,,0.0,,,,,,,False
DXB-MEYDAN-5334093a40,meydanone,55.322785,25.147767,12.0,3,,,,,,,,,UNKNOWN,,,0.0,,,,,,,False
DXB-MEYDAN-650e204b28,meydanone,55.322497,25.147508,12.0,3,,,,,,,,,UNKNOWN,,,0.0,,,,,,,False
DXB-MEYDAN-047583cce2,meydanone,55.322406,25.147828,12.0,3,,,,,,,,,UNKNOWN,,,0.0,,,,,,,False
DXB-MEYDAN-7d03f12607,meydanone,55.322275,25.147922,12.0,3,,,,,,,,,UNKNOWN,,,0.0,,,,,,,False
DXB-MEYDAN-9c265da3cb,meydanone,55.322146,25.148147,12.0,3,,,,,,,,,UNKNOWN,,,0.0,,,,,,,False
DXB-MEYDAN-cb050bfd66,meydanone,55.32217,25.148426,12.0,3,,,,,,,,,UNKNOWN,,,0.0,,,,,,,False
DXB-MEYDAN-f5fac30186,meydanone,55.321986,25.148506,12.0,3,,,,,,,,,UNKNOWN,,,0.0,,,,,,,False
DXB-MEYDAN-bdf918af4d,meydanone,55.321955,25.148314,12.0,3,,,,,,,,,UNKNOWN,,,0.0,,,,,,,False
DXB-MEYDAN-6f2175f78d,meydanone,55.322394,25.151849,12.0,3,,,,,,,,,UNKNOWN,,,0.0,,,,,,,False
DXB-MEYDAN-3481a341da,meydanone,55.324527,25.153057,12.0,3,,,,,,,,,UNKNOWN,,,0.0,,,,,,,False
DXB-MEYDAN-1ed4bcc9e4,meydanone,55.324466,25.15317,12.0,3,,,,,,,,,UNKNOWN,,,0.0,,,,,,,False
DXB-MEYDAN-b0596d78c4,meydanone,55.327345,25.150418,12.0,3,,,,,,,,,UNKNOWN,,,0.0,,,,,,,False
DXB-MEYDAN-c2b33a6961,meydanone,55.326951,25.150486,12.0,3,,,,,,,,,UNKNOWN,,,0.0,,,,,,,False
DXB-MEYDAN-5159dcb21a,meydanone,55.326753,25.15046,12.0,3,,,,,,,,,UNKNOWN,,,0.0,,,,,,,False
DXB-MEYDAN-93d9bd576e,meydanone,55.323396,25.151856,12.0,3,,,,,,,,,UNKNOWN,,,0.0,,,,,,,False
DXB-MEYDAN-f846d155d2,meydanone,55.328194,25.148397,12.0,3,,,,,,,,,UNKNOWN,,,0.0,,,,,,,False
DXB-MEYDAN-77b58c8aa5,meydanone,55.328264,25.148459,12.0,3,,,,,,,,,UNKNOWN,,,0.0,,,,,,,False
DXB-MEYDAN-41758b1026,meydanone,55.331626,25.150266,12.0,3,,,,,,,,,UNKNOWN,,,0.0,,,,,,,False
DXB-MEYDAN-ca7b0b6e4b,meydanone,55.330693,25.151289,12.0,3,,,,,,,,,UNKNOWN,,,0.0,,,,,,,False
DXB-MEYDAN-3765703559,meydanone,55.328124,25.14835,12.0,3,,,,,,,,,UNKNOWN,,,0.0,,,,,,,False
DXB-MEYDAN-8285213ee6,meydanone,55.329306,25.149521,12.0,3,,,,,,,,,UNKNOWN,,,0.0,,,,,,,False
DXB-MEYDAN-efbaba45d7,meydanone,55.329365,25.149549,12.0,3,,,,,,,,,UNKNOWN,,,0.0,,,,,,,False
DXB-MEYDAN-ca6d8a4764,meydanone,55.327675,25.148184,12.0,3,,,,,,,,,UNKNOWN,,,0.0,,,,,,,False
DXB-MEYDAN-e5e5f35572,meydanone,55.328697,25.149735,12.0,3,,,,,,,,,UNKNOWN,,,0.0,,,,,,,False
DXB-MEYDAN-020a8189e5,meydanone,55.330775,25.150568,12.0,3,,,,,,,,,UNKNOWN,,,0.0,,,,,,,False
DXB-MEYDAN-e10419a010,meydanone,55.329107,25.152291,12.0,3,,,,,,,,,UNKNOWN,,,0.0,,,,,,,False
DXB-MEYDAN-87efd7a7ff,meydanone,55.331745,25.152,12.0,3,,,,,,,,,UNKNOWN,,,0.0,,,,,,,False
DXB-MEYDAN-234f8a8ecb,meydanone,55.332905,25.152315,12.0,3,,,,,,,,,UNKNOWN,,,0.0,,,,,,,False
DXB-MEYDAN-a8c1ee0bef,meydanone,55.333223,25.152443,12.0,3,,,,,,,,,UNKNOWN,,,0.0,,,,,,,False
DXB-MEYDAN-5c778fbe10,meydanone,55.317377,25.15903,12.0,3,,,,,,,,,UNKNOWN,,,0.0,,,,,,,False
DXB-MEYDAN-f9c24475aa,meydanone,55.317344,25.159013,12.0,3,,,,,,,,,UNKNOWN,,,0.0,,,,,,,False
DXB-MEYDAN-188fd60b4d,meydanone,55.319115,25.159931,12.0,3,,,,,,,,,UNKNOWN,,,0.0,,,,,,,False
DXB-MEYDAN-31913546ea,meydanone,55.319143,25.15824,12.0,3,,,,,,,,,UNKNOWN,,,0.0,,,,,,,False
DXB-MEYDAN-aa2891f473,meydanone,55.319068,25.158369,12.0,3,,,,,,,,,UNKNOWN,,,0.0,,,,,,,False
DXB-MEYDAN-75d9ae9f65,meydanone,55.321125,25.159876,12.0,3,,,,,,,,,UNKNOWN,,,0.0,,,,,,,False
DXB-MEYDAN-a111facfd8,meydanone,55.321206,25.15996,12.0,3,,,,,,,,,UNKNOWN,,,0.0,,,,,,,False
DXB-MEYDAN-72b20304ac,meydanone,55.321889,25.161199,12.0,3,,,,,,,,,UNKNOWN,,,0.0,,,,,,,False
DXB-MEYDAN-c46f345172,meydanone,55.317618,25.161714,12.0,3,,,,,,,,,UNKNOWN,,,0.0,,,,,,,False
DXB-MEYDAN-04b3112307,meydanone,55.317147,25.162025,12.0,3,,,,,,,,,UNKNOWN,,,0.0,,,,,,,False
DXB-MEYDAN-9e19296d1c,meydanone,55.317214,25.161689,12.0,3,,,,,,,,,UNKNOWN,,,0.0,,,,,,,False
DXB-MEYDAN-b4b3e98054,meydanone,55.317383,25.161933,12.0,3,,,,,,,,,UNKNOWN,,,0.0,,,,,,,False
DXB-MEYDAN-a0a447b624,meydanone,55.317709,25.160143,12.0,3,,,,,,,,,UNKNOWN,,,0.0,,,,,,,False
DXB-MEYDAN-80bf9cf1dd,meydanone,55.31812,25.160264,12.0,3,,,,,,,,,UNKNOWN,,,0.0,,,,,,,False
DXB-MEYDAN-143336f702,meydanone,55.317934,25.160181,12.0,3,,,,,,,,,UNKNOWN,,,0.0,,,,,,,False
DXB-MEYDAN-7eb192c5d5,meydanone,55.321214,25.161393,12.0,3,,,,,,,,,UNKNOWN,,,0.0,,,,,,,False
DXB-MEYDAN-ffb06ad7b1,meydanone,55.321869,25.158609,12.0,3,,,,,,,,,UNKNOWN,,,0.0,,,,,,,False
DXB-MEYDAN-1db7d505fe,meydanone,55.318358,25.160177,12.0,3,,,,,,,,,UNKNOWN,,,0.0,,,,,,,False
DXB-MEYDAN-c5923d66d4,meydanone,55.318302,25.160263,12.0,3,,,,,,,,,UNKNOWN,,,0.0,,,,,,,False
DXB-MEYDAN-efbe6450d8,meydanone,55.319228,25.157907,12.0,3,,,,,,,,,UNKNOWN,,,0.0,,,,,,,False
DXB-MEYDAN-e78f227843,meydanone,55.338137,25.137528,12.0,3,,,,,,,,,UNKNOWN,,,0.0,,,,,,,False
DXB-MEYDAN-540e20bfcb,meydanone,55.337435,25.136734,12.0,3,,,,,,,,,UNKNOWN,,,0.0,,,,,,,False
DXB-MEYDAN-2919e8c72a,meydanone,55.330524,25.157666,12.0,3,,,,,,,,,UNKNOWN,,,0.0,,,,,,,False
DXB-MEYDAN-559bc463be,meydanone,55.330685,25.157672,12.0,3,,,,,,,,,UNKNOWN,,,0.0,,,,,,,False
DXB-MEYDAN-3e718b0539,meydanone,55.330875,25.157809,12.0,3,,,,,,,,,UNKNOWN,,,0.0,,,,,,,False
DXB-MEYDAN-49e1dad6c0,meydanone,55.332355,25.157413,12.0,3,,,,,,,,,UNKNOWN,,,0.0,,,,,,,False
DXB-MEYDAN-fd35e7edc2,meydanone,55.332411,25.157702,12.0,3,,,,,,,,,UNKNOWN,,,0.0,,,,,,,False
DXB-MEYDAN-71f3e03723,meydanone,55.332513,25.157201,12.0,3,,,,,,,,,UNKNOWN,,,0.0,,,,,,,False
DXB-MEYDAN-ca895caf7e,meydanone,55.332463,25.157176,12.0,3,,,,,,,,,UNKNOWN,,,0.0,,,,,,,False
DXB-MEYDAN-abfd327b19,meydanone,55.332417,25.157153,12.0,3,,,,,,,,,UNKNOWN,,,0.0,,,,,,,False
DXB-MEYDAN-e3d47320a0,meydanone,55.332694,25.157233,12.0,3,,,,,,,,,UNKNOWN,,,0.0,,,,,,,False
DXB-MEYDAN-4d850607de,meydanone,55.332638,25.157209,12.0,3,,,,,,,,,UNKNOWN,,,0.0,,,,,,,False
DXB-MEYDAN-c2199c92f6,meydanone,55.332665,25.157278,12.0,3,,,,,,,,,UNKNOWN,,,0.0,,,,,,,False
DXB-MEYDAN-f40bfbcc6e,meydanone,55.332611,25.157251,12.0,3,,,,,,,,,UNKNOWN,,,0.0,,,,,,,False
DXB-MEYDAN-2c727539c8,meydanone,55.331167,25.156989,12.0,3,,,,,,,,,UNKNOWN,,,0.0,,,,,,,False
DXB-MEYDAN-5cfe954691,meydanone,55.33096,25.157286,12.0,3,,,,,,,,,UNKNOWN,,,0.0,,,,,,,False
DXB-MEYDAN-38c18ad566,meydanone,55.331666,25.15754,12.0,3,,,,,,,,,UNKNOWN,,,0.0,,,,,,,False
DXB-MEYDAN-b8901c2164,meydanone,55.331267,25.157436,12.0,3,,,,,,,,,UNKNOWN,,,0.0,,,,,,,False
DXB-MEYDAN-ba9ce096ba,meydanone,55.332358,25.157761,12.0,3,,,,,,,,,UNKNOWN,,,0.0,,,,,,,False
DXB-MEYDAN-23aa4886b8,meydanone,55.331944,25.157757,12.0,3,,,,,,,,,UNKNOWN,,,0.0,,,,,,,False
DXB-MEYDAN-e8a8b0e4f9,meydanone,55.333038,25.156799,12.0,3,,,,,,,,,UNKNOWN,,,0.0,,,,,,,False
DXB-MEYDAN-9dd2dcb224,meydanone,55.331531,25.156036,12.0,3,,,,,,,,,UNKNOWN,,,0.0,,,,,,,False
DXB-MEYDAN-88f54322f1,meydanone,55.331509,25.155991,12.0,3,,,,,,,,,UNKNOWN,,,0.0,,,,,,,False
DXB-MEYDAN-dc26dff713,meydanone,55.332472,25.156295,12.0,3,,,,,,,,,UNKNOWN,,,0.0,,,,,,,False
DXB-MEYDAN-872e12ba96,meydanone,55.332226,25.15789,12.0,3,,,,,,,,,UNKNOWN,,,0.0,,,,,,,False
DXB-MEYDAN-3bc1a9237e,meydanone,55.331592,25.156134,12.0,3,,,,,,,,,UNKNOWN,,,0.0,,,,,,,False
DXB-MEYDAN-a31bb8237f,meydanone,55.331729,25.156046,12.0,3,,,,,,,,,UNKNOWN,,,0.0,,,,,,,False
DXB-MEYDAN-913dd69bda,meydanone,55.333287,25.156555,12.0,3,,,,,,,,,UNKNOWN,,,0.0,,,,,,,False
DXB-MEYDAN-0e23e2f0f5,meydanone,55.331869,25.155116,12.0,3,,,,,,,,,UNKNOWN,,,0.0,,,,,,,False
DXB-MEYDAN-d2a0c93542,meydanone,55.331111,25.155783,12.0,3,,,,,,,,,UNKNOWN,,,0.0,,,,,,,False
DXB-MEYDAN-dc0a9f47c1,meydanone,55.331333,25.15602,12.0,3,,,,,,,,,UNKNOWN,,,0.0,,,,,,,False
DXB-MEYDAN-62fdcff796,meydanone,55.331254,25.155988,12.0,3,,,,,,,,,UNKNOWN,,,0.0,,,,,,,False
DXB-MEYDAN-dffd377545,meydanone,55.331122,25.155933,12.0,3,,,,,,,,,UNKNOWN,,,0.0,,,,,,,False
DXB-MEYDAN-d623d177eb,meydanone,55.330947,25.155874,12.0,3,,,,,,,,,UNKNOWN,,,0.0,,,,,,,False
DXB-MEYDAN-17ca45e74a,meydanone,55.331687,25.155831,12.0,3,,,,,,,,,UNKNOWN,,,0.0,,,,,,,False
DXB-MEYDAN-4c93df890f,meydanone,55.33173,25.155853,12.0,3,,,,,,,,,UNKNOWN,,,0.0,,,,,,,False
DXB-MEYDAN-a5e6eab06b,meydanone,55.334199,25.156012,12.0,3,,,,,,,,,UNKNOWN,,,0.0,,,,,,,False
DXB-MEYDAN-e488dd1a58,meydanone,55.333903,25.156218,12.0,3,,,,,,,,,UNKNOWN,,,0.0,,,,,,,False
DXB-MEYDAN-4d3716cb41,meydanone,55.333832,25.156106,12.0,3,,,,,,,,,UNKNOWN,,,0.0,,,,,,,False
DXB-MEYDAN-2592830ad8,meydanone,55.333148,25.155795,12.0,3,,,,,,,,,UNKNOWN,,,0.0,,,,,,,False
DXB-MEYDAN-935fb8c586,meydanone,55.333023,25.155884,12.0,3,,,,,,,,,UNKNOWN,,,0.0,,,,,,,False
DXB-MEYDAN-6b13a6e2c7,meydanone,55.335581,25.153628,12.0,3,,,,,,,,,UNKNOWN,,,0.0,,,,,,,False
DXB-MEYDAN-dc52ae0759,meydanone,55.33545,25.153542,12.0,3,,,,,,,,,UNKNOWN,,,0.0,,,,,,,False
DXB-MEYDAN-88ea23d9fc,meydanone,55.335143,25.1539,12.0,3,,,,,,,,,UNKNOWN,,,0.0,,,,,,,False
DXB-MEYDAN-14dee7668f,meydanone,55.333027,25.153722,12.0,3,,,,,,,,,UNKNOWN,,,0.0,,,,,,,False
DXB-MEYDAN-e441e98585,meydanone,55.33152,25.153844,12.0,3,,,,,,,,,UNKNOWN,,,0.0,,,,,,,False
DXB-MEYDAN-d2edbee5cf,meydanone,55.332114,25.154127,12.0,3,,,,,,,,,UNKNOWN,,,0.0,,,,,,,False
DXB-MEYDAN-165d0a02e9,meydanone,55.330826,25.154547,12.0,3,,,,,,,,,UNKNOWN,,,0.0,,,,,,,False
DXB-MEYDAN-a3e61eabc0,meydanone,55.331097,25.154677,12.0,3,,,,,,,,,UNKNOWN,,,0.0,,,,,,,False
DXB-MEYDAN-4e4ca39a87,meydanone,55.331555,25.154894,12.0,3,,,,,,,,,UNKNOWN,,,0.0,,,,,,,False
DXB-MEYDAN-c0f5293179,meydanone,55.331252,25.153716,12.0,3,,,,,,,,,UNKNOWN,,,0.0,,,,,,,False
DXB-MEYDAN-01c2721012,meydanone,55.331489,25.155008,12.0,3,,,,,,,,,UNKNOWN,,,0.0,,,,,,,False
DXB-MEYDAN-027f224eb3,meydanone,55.331036,25.154793,12.0,3,,,,,,,,,UNKNOWN,,,0.0,,,,,,,False
DXB-MEYDAN-9f01abe564,meydanone,55.32302,25.170442,12.0,3,,,,,,,,,UNKNOWN,,,0.0,,,,,,,False
DXB-MEYDAN-9ea1e02998,meydanone,55.329708,25.154212,12.0,3,,,,,,,,,UNKNOWN,,,0.0,,,,,,,False
DXB-MEYDAN-faf5a6b0da,meydanone,55.329555,25.153902,12.0,3,,,,,,,,,UNKNOWN,,,0.0,,,,,,,False
DXB-MEYDAN-407ba6c85b,meydanone,55.3299,25.154512,12.0,3,,,,,,,,,UNKNOWN,,,0.0,,,,,,,False
DXB-MEYDAN-40e98a9a6a,meydanone,55.329977,25.154565,12.0,3,,,,,,,,,UNKNOWN,,,0.0,,,,,,,False
DXB-MEYDAN-d88ed5c789,meydanone,55.33002,25.154599,12.0,3,,,,,,,,,UNKNOWN,,,0.0,,,,,,,False
DXB-MEYDAN-9c9b7f84a6,meydanone,55.330568,25.154857,12.0,3,,,,,,,,,UNKNOWN,,,0.0,,,,,,,False
DXB-MEYDAN-6b2bf735af,meydanone,55.331207,25.155195,12.0,3,,,,,,,,,UNKNOWN,,,0.0,,,,,,,False
DXB-MEYDAN-1c70c383c5,meydanone,55.331113,25.155085,12.0,3,,,,,,,,,UNKNOWN,,,0.0,,,,,,,False
DXB-MEYDAN-5f43341e6d,meydanone,55.330598,25.154732,12.0,3,,,,,,,,,UNKNOWN,,,0.0,,,,,,,False
DXB-MEYDAN-fde2c79c30,meydanone,55.330663,25.154673,12.0,3,,,,,,,,,UNKNOWN,,,0.0,,,,,,,False
DXB-MEYDAN-ad1051a7f0,meydanone,55.330877,25.155154,12.0,3,,,,,,,,,UNKNOWN,,,0.0,,,,,,,False
DXB-MEYDAN-a40d9486e5,meydanone,55.33091,25.155197,12.0,3,,,,,,,,,UNKNOWN,,,0.0,,,,,,,False
DXB-MEYDAN-a652501b2e,meydanone,55.33094,25.155172,12.0,3,,,,,,,,,UNKNOWN,,,0.0,,,,,,,False
DXB-MEYDAN-30050156ab,meydanone,55.329612,25.154274,12.0,3,,,,,,,,,UNKNOWN,,,0.0,,,,,,,False
DXB-MEYDAN-f1425618ff,meydanone,55.329359,25.154025,12.0,3,,,,,,,,,UNKNOWN,,,0.0,,,,,,,False
DXB-MEYDAN-f5118195e1,meydanone,55.330398,25.155195,12.0,3,,,,,,,,,UNKNOWN,,,0.0,,,,,,,False
DXB-MEYDAN-f9b6b398d1,meydanone,55.330425,25.155166,12.0,3,,,,,,,,,UNKNOWN,,,0.0,,,,,,,False
DXB-MEYDAN-7b7e09d736,meydanone,55.330213,25.154939,12.0,3,,,,,,,,,UNKNOWN,,,0.0,,,,,,,False
DXB-MEYDAN-0271205f00,meydanone,55.330839,25.155693,12.0,3,,,,,,,,,UNKNOWN,,,0.0,,,,,,,False
DXB-MEYDAN-7cb38922f0,meydanone,55.330355,25.154856,12.0,3,,,,,,,,,UNKNOWN,,,0.0,,,,,,,False
DXB-MEYDAN-6722382e67,meydanone,55.330267,25.154818,12.0,3,,,,,,,,,UNKNOWN,,,0.0,,,,,,,False
DXB-MEYDAN-96d988a59b,meydanone,55.330174,25.154769,12.0,3,,,,,,,,,UNKNOWN,,,0.0,,,,,,,False
DXB-MEYDAN-36b0fcc3b5,meydanone,55.330528,25.155461,12.0,3,,,,,,,,,UNKNOWN,,,0.0,,,,,,,False
DXB-MEYDAN-8956afb2c3,meydanone,55.330345,25.156281,12.0,3,,,,,,,,,UNKNOWN,,,0.0,,,,,,,False
DXB-MEYDAN-a04a44d87a,meydanone,55.3304,25.155722,12.0,3,,,,,,,,,UNKNOWN,,,0.0,,,,,,,False
DXB-MEYDAN-e82dd2994a,meydanone,55.330099,25.156097,12.0,3,,,,,,,,,UNKNOWN,,,0.0,,,,,,,False
DXB-MEYDAN-0934f711e2,meydanone,55.330044,25.156081,12.0,3,,,,,,,,,UNKNOWN,,,0.0,,,,,,,False
DXB-MEYDAN-932ed10559,meydanone,55.330086,25.156052,12.0,3,,,,,,,,,UNKNOWN,,,0.0,,,,,,,False
DXB-MEYDAN-b23c5cc305,meydanone,55.330448,25.156032,12.0,3,,,,,,,,,UNKNOWN,,,0.0,,,,,,,False
DXB-MEYDAN-7441635cbc,meydanone,55.329212,25.157311,12.0,3,,,,,,,,,UNKNOWN,,,0.0,,,,,,,False
DXB-MEYDAN-f4d44d18c4,meydanone,55.330106,25.156269,12.0,3,,,,,,,,,UNKNOWN,,,0.0,,,,,,,False
DXB-MEYDAN-664977923e,meydanone,55.330013,25.156273,12.0,3,,,,,,,,,UNKNOWN,,,0.0,,,,,,,False
DXB-MEYDAN-c4c94baac3,meydanone,55.329101,25.155795,12.0,3,,,,,,,,,UNKNOWN,,,0.0,,,,,,,False
DXB-MEYDAN-ea94c8016d,meydanone,55.3293,25.155459,12.0,3,,,,,,,,,UNKNOWN,,,0.0,,,,,,,False
DXB-MEYDAN-3696c7407a,meydanone,55.329396,25.155293,12.0,3,,,,,,,,,UNKNOWN,,,0.0,,,,,,,False
DXB-MEYDAN-b80f6762bd,meydanone,55.327565,25.151692,12.0,3,,,,,,,,,UNKNOWN,,,0.0,,,,,,,False
DXB-MEYDAN-c4fbdbe73f,meydanone,55.32759,25.151718,12.0,3,,,,,,,,,UNKNOWN,,,0.0,,,,,,,False
DXB-MEYDAN-5bc710af50,meydanone,55.327335,25.151749,12.0,3,,,,,,,,,UNKNOWN,,,0.0,,,,,,,False
DXB-MEYDAN-ec0bad379a,meydanone,55.327753,25.152387,12.0,3,,,,,,,,,UNKNOWN,,,0.0,,,,,,,False
DXB-MEYDAN-babafbd6ec,meydanone,55.327049,25.152805,12.0,3,,,,,,,,,UNKNOWN,,,0.0,,,,,,,False
DXB-MEYDAN-bee56a5e92,meydanone,55.327317,25.152682,12.0,3,,,,,,,,,UNKNOWN,,,0.0,,,,,,,False
DXB-MEYDAN-b1852f8f85,meydanone,55.329725,25.153175,12.0,3,,,,,,,,,UNKNOWN,,,0.0,,,,,,,False
DXB-MEYDAN-d86bba6862,meydanone,55.32969,25.153157,12.0,3,,,,,,,,,UNKNOWN,,,0.0,,,,,,,False
DXB-MEYDAN-9747281a79,meydanone,55.329227,25.153087,12.0,3,,,,,,,,,UNKNOWN,,,0.0,,,,,,,False
DXB-MEYDAN-b53c2db59a,meydanone,55.329191,25.153074,12.0,3,,,,,,,,,UNKNOWN,,,0.0,,,,,,,False
DXB-MEYDAN-bd9334e8fa,meydanone,55.322909,25.154932,12.0,3,,,,,,,,,UNKNOWN,,,0.0,,,,,,,False
DXB-MEYDAN-a6574bb19f,meydanone,55.322442,25.155001,12.0,3,,,,,,,,,UNKNOWN,,,0.0,,,,,,,False
DXB-MEYDAN-051e2485b2,meydanone,55.326169,25.153236,12.0,3,,,,,,,,,UNKNOWN,,,0.0,,,,,,,False
DXB-MEYDAN-20c4dd8c48,meydanone,55.326196,25.153191,12.0,3,,,,,,,,,UNKNOWN,,,0.0,,,,,,,False
DXB-MEYDAN-f7582352ad,meydanone,55.32354,25.153775,12.0,3,,,,,,,,,UNKNOWN,,,0.0,,,,,,,False
DXB-MEYDAN-3dc3cd2924,meydanone,55.323397,25.153696,12.0,3,,,,,,,,,UNKNOWN,,,0.0,,,,,,,False
DXB-MEYDAN-a63e08c769,meydanone,55.32329,25.153802,12.0,3,,,,,,,,,UNKNOWN,,,0.0,,,,,,,False
DXB-MEYDAN-8db23e0b3d,meydanone,55.323383,25.153896,12.0,3,,,,,,,,,UNKNOWN,,,0.0,,,,,,,False
DXB-MEYDAN-f6e985dc29,meydanone,55.323086,25.153984,12.0,3,,,,,,,,,UNKNOWN,,,0.0,,,,,,,False
DXB-MEYDAN-ca4e36594a,meydanone,55.323328,25.154216,12.0,3,,,,,,,,,UNKNOWN,,,0.0,,,,,,,False
DXB-MEYDAN-619324ac97,meydanone,55.323208,25.154151,12.0,3,,,,,,,,,UNKNOWN,,,0.0,,,,,,,False
DXB-MEYDAN-0a226621a0,meydanone,55.323043,25.154156,12.0,3,,,,,,,,,UNKNOWN,,,0.0,,,,,,,False
DXB-MEYDAN-f01f80fbbc,meydanone,55.322742,25.154427,12.0,3,,,,,,,,,UNKNOWN,,,0.0,,,,,,,False
DXB-MEYDAN-48d92b4473,meydanone,55.3229,25.154121,12.0,3,,,,,,,,,UNKNOWN,,,0.0,,,,,,,False
DXB-MEYDAN-e295a8ccc7,meydanone,55.322798,25.154574,12.0,3,,,,,,,,,UNKNOWN,,,0.0,,,,,,,False
DXB-MEYDAN-a923ed24a6,meydanone,55.322957,25.153493,12.0,3,,,,,,,,,UNKNOWN,,,0.0,,,,,,,False
DXB-MEYDAN-5196ff29cc,meydanone,55.322751,25.153407,12.0,3,,,,,,,,,UNKNOWN,,,0.0,,,,,,,False
DXB-MEYDAN-699a12cba8,meydanone,55.322614,25.153347,12.0,3,,,,,,,,,UNKNOWN,,,0.0,,,,,,,False
DXB-MEYDAN-aa28366797,meydanone,55.322518,25.153632,12.0,3,,,,,,,,,UNKNOWN,,,0.0,,,,,,,False
DXB-MEYDAN-06d1f32e10,meydanone,55.322233,25.1537,12.0,3,,,,,,,,,UNKNOWN,,,0.0,,,,,,,False
DXB-MEYDAN-f4d0511588,meydanone,55.322386,25.153755,12.0,3,,,,,,,,,UNKNOWN,,,0.0,,,,,,,False
DXB-MEYDAN-aee8fdc0e9,meydanone,55.323898,25.153267,12.0,3,,,,,,,,,UNKNOWN,,,0.0,,,,,,,False
DXB-MEYDAN-70b61d050e,meydanone,55.323574,25.153616,12.0,3,,,,,,,,,UNKNOWN,,,0.0,,,,,,,False
DXB-MEYDAN-871c35942c,meydanone,55.323725,25.153695,12.0,3,,,,,,,,,UNKNOWN,,,0.0,,,,,,,False
DXB-MEYDAN-a6340b9880,meydanone,55.323751,25.153588,12.0,3,,,,,,,,,UNKNOWN,,,0.0,,,,,,,False
DXB-MEYDAN-507cd1638a,meydanone,55.323843,25.153396,12.0,3,,,,,,,,,UNKNOWN,,,0.0,,,,,,,False
DXB-MEYDAN-c487e4fca1,meydanone,55.323382,25.153225,12.0,3,,,,,,,,,UNKNOWN,,,0.0,,,,,,,False
DXB-MEYDAN-6b5ba70287,meydanone,55.32351,25.153104,12.0,3,,,,,,,,,UNKNOWN,,,0.0,,,,,,,False
DXB-MEYDAN-5f449a7f85,meydanone,55.323579,25.15324,12.0,3,,,,,,,,,UNKNOWN,,,0.0,,,,,,,False
DXB-MEYDAN-31aa7a4cf4,meydanone,55.323512,25.153775,12.0,3,,,,,,,,,UNKNOWN,,,0.0,,,,,,,False
DXB-MEYDAN-43d9921395,meydanone,55.323336,25.152978,12.0,3,,,,,,,,,UNKNOWN,,,0.0,,,,,,,False
DXB-MEYDAN-ebb294d3a5,meydanone,55.32316,25.15288,12.0,3,,,,,,,,,UNKNOWN,,,0.0,,,,,,,False
DXB-MEYDAN-63426f137a,meydanone,55.323074,25.153283,12.0,3,,,,,,,,,UNKNOWN,,,0.0,,,,,,,False
DXB-MEYDAN-f49cd272cd,meydanone,55.322797,25.152935,12.0,3,,,,,,,,,UNKNOWN,,,0.0,,,,,,,False
DXB-MEYDAN-21367cfdd7,meydanone,55.322733,25.153008,12.0,3,,,,,,,,,UNKNOWN,,,0.0,,,,,,,False
DXB-MEYDAN-bb4d9a8ba9,meydanone,55.32299,25.153115,12.0,3,,,,,,,,,UNKNOWN,,,0.0,,,,,,,False
DXB-MEYDAN-c700688055,meydanone,55.322802,25.153086,12.0,3,,,,,,,,,UNKNOWN,,,0.0,,,,,,,False
DXB-MEYDAN-cdbfbd5dbf,meydanone,55.325809,25.155734,12.0,3,,,,,,,,,UNKNOWN,,,0.0,,,,,,,False
DXB-MEYDAN-5416a5fd2c,meydanone,55.324335,25.156128,12.0,3,,,,,,,,,UNKNOWN,,,0.0,,,,,,,False
DXB-MEYDAN-f3abff5757,meydanone,55.324643,25.156262,12.0,3,,,,,,,,,UNKNOWN,,,0.0,,,,,,,False
DXB-MEYDAN-397dfa590f,meydanone,55.324665,25.156176,12.0,3,,,,,,,,,UNKNOWN,,,0.0,,,,,,,False
DXB-MEYDAN-9d93c246e2,meydanone,55.324496,25.156102,12.0,3,,,,,,,,,UNKNOWN,,,0.0,,,,,,,False
DXB-MEYDAN-ddf12388ed,meydanone,55.324381,25.156046,12.0,3,,,,,,,,,UNKNOWN,,,0.0,,,,,,,False
DXB-MEYDAN-ca49f7010b,meydanone,55.323478,25.153951,12.0,3,,,,,,,,,UNKNOWN,,,0.0,,,,,,,False
DXB-MEYDAN-8c10517397,meydanone,55.320213,25.165123,12.0,3,,,,,,,,,UNKNOWN,,,0.0,,,,,,,False
DXB-MEYDAN-7ff1a3ecd0,meydanone,55.319934,25.164424,12.0,3,,,,,,,,,UNKNOWN,,,0.0,,,,,,,False
DXB-MEYDAN-e2dd3efc48,meydanone,55.319591,25.164546,12.0,3,,,,,,,,,UNKNOWN,,,0.0,,,,,,,False
DXB-MEYDAN-3629bf4af3,meydanone,55.32028,25.164345,12.0,3,,,,,,,,,UNKNOWN,,,0.0,,,,,,,False
DXB-MEYDAN-d3c1431521,meydanone,55.320337,25.164626,12.0,3,,,,,,,,,UNKNOWN,,,0.0,,,,,,,False
DXB-MEYDAN-a1ce65b0e5,meydanone,55.320244,25.164567,12.0,3,,,,,,,,,UNKNOWN,,,0.0,,,,,,,False
DXB-MEYDAN-d165c9f788,meydanone,55.320289,25.164816,12.0,3,,,,,,,,,UNKNOWN,,,0.0,,,,,,,False
DXB-MEYDAN-803d35f156,meydanone,55.320527,25.164816,12.0,3,,,,,,,,,UNKNOWN,,,0.0,,,,,,,False
DXB-MEYDAN-b92afa1480,meydanone,55.320311,25.16499,12.0,3,,,,,,,,,UNKNOWN,,,0.0,,,,,,,False
DXB-MEYDAN-132b34777f,meydanone,55.320475,25.151655,12.0,3,,,,,,,,,UNKNOWN,,,0.0,,,,,,,False
DXB-MEYDAN-52e71389b6,meydanone,55.320615,25.151439,12.0,3,,,,,,,,,UNKNOWN,,,0.0,,,,,,,False
DXB-MEYDAN-5cc5020792,meydanone,55.320931,25.151835,12.0,3,,,,,,,,,UNKNOWN,,,0.0,,,,,,,False
DXB-MEYDAN-b5aa73c35c,meydanone,55.321109,25.15167,12.0,3,,,,,,,,,UNKNOWN,,,0.0,,,,,,,False
DXB-MEYDAN-eaa936de7a,meydanone,55.320713,25.151849,12.0,3,,,,,,,,,UNKNOWN,,,0.0,,,,,,,False
DXB-MEYDAN-e7a7d761e7,meydanone,55.320836,25.15165,12.0,3,,,,,,,,,UNKNOWN,,,0.0,,,,,,,False
DXB-MEYDAN-5207958957,meydanone,55.319795,25.165858,12.0,3,,,,,,,,,UNKNOWN,,,0.0,,,,,,,False
DXB-MEYDAN-d50dc56819,meydanone,55.319849,25.165579,12.0,3,,,,,,,,,UNKNOWN,,,0.0,,,,,,,False
DXB-MEYDAN-0e5a2f96d0,meydanone,55.318519,25.165323,12.0,3,,,,,,,,,UNKNOWN,,,0.0,,,,,,,False
DXB-MEYDAN-148927d0f9,meydanone,55.31844,25.165081,12.0,3,,,,,,,,,UNKNOWN,,,0.0,,,,,,,False
DXB-MEYDAN-51b6317406,meydanone,55.318327,25.165139,12.0,3,,,,,,,,,UNKNOWN,,,0.0,,,,,,,False
DXB-MEYDAN-b5cd2c68e8,meydanone,55.318073,25.165233,12.0,3,,,,,,,,,UNKNOWN,,,0.0,,,,,,,False
DXB-MEYDAN-297f0c6c00,meydanone,55.318242,25.165407,12.0,3,,,,,,,,,UNKNOWN,,,0.0,,,,,,,False
DXB-MEYDAN-8c3b8c346b,meydanone,55.319079,25.16519,12.0,3,,,,,,,,,UNKNOWN,,,0.0,,,,,,,False
DXB-MEYDAN-6a1f8aae18,meydanone,55.319031,25.16496,12.0,3,,,,,,,,,UNKNOWN,,,0.0,,,,,,,False
DXB-MEYDAN-8e3e5fa321,meydanone,55.319136,25.164717,12.0,3,,,,,,,,,UNKNOWN,,,0.0,,,,,,,False
DXB-MEYDAN-d2d1511af8,meydanone,55.320304,25.165252,12.0,3,,,,,,,,,UNKNOWN,,,0.0,,,,,,,False
DXB-MEYDAN-d721436a16,meydanone,55.320023,25.151899,12.0,3,,,,,,,,,UNKNOWN,,,0.0,,,,,,,False
DXB-MEYDAN-9ab4a7b081,meydanone,55.319745,25.152235,12.0,3,,,,,,,,,UNKNOWN,,,0.0,,,,,,,False
DXB-MEYDAN-5e350859ce,meydanone,55.31983,25.152051,12.0,3,,,,,,,,,UNKNOWN,,,0.0,,,,,,,False
DXB-MEYDAN-4471ba93e3,meydanone,55.319966,25.152392,12.0,3,,,,,,,,,UNKNOWN,,,0.0,,,,,,,False
DXB-MEYDAN-7dd288e458,meydanone,55.320228,25.15234,12.0,3,,,,,,,,,UNKNOWN,,,0.0,,,,,,,False
DXB-MEYDAN-a9faea7bbf,meydanone,55.320058,25.152237,12.0,3,,,,,,,,,UNKNOWN,,,0.0,,,,,,,False
DXB-MEYDAN-d42c0261a9,meydanone,55.320354,25.152566,12.0,3,,,,,,,,,UNKNOWN,,,0.0,,,,,,,False
DXB-MEYDAN-2bb6c2397a,meydanone,55.320619,25.152618,12.0,3,,,,,,,,,UNKNOWN,,,0.0,,,,,,,False
DXB-MEYDAN-4609e8fbe7,meydanone,55.320765,25.152668,12.0,3,,,,,,,,,UNKNOWN,,,0.0,,,,,,,False
DXB-MEYDAN-eee153957a,meydanone,55.320954,25.152332,12.0,3,,,,,,,,,UNKNOWN,,,0.0,,,,,,,False
DXB-MEYDAN-c002920a44,meydanone,55.320847,25.152252,12.0,3,,,,,,,,,UNKNOWN,,,0.0,,,,,,,False
DXB-MEYDAN-cb40499660,meydanone,55.320625,25.152327,12.0,3,,,,,,,,,UNKNOWN,,,0.0,,,,,,,False
DXB-MEYDAN-6d8e66ca07,meydanone,55.320755,25.152358,12.0,3,,,,,,,,,UNKNOWN,,,0.0,,,,,,,False
DXB-MEYDAN-e71a63132a,meydanone,55.320849,25.152368,12.0,3,,,,,,,,,UNKNOWN,,,0.0,,,,,,,False
DXB-MEYDAN-ba0f146048,meydanone,55.32063,25.153043,12.0,3,,,,,,,,,UNKNOWN,,,0.0,,,,,,,False
DXB-MEYDAN-d2d6ba2674,meydanone,55.319527,25.152735,12.0,3,,,,,,,,,UNKNOWN,,,0.0,,,,,,,False
DXB-MEYDAN-4e792e8d5c,meydanone,55.319394,25.15285,12.0,3,,,,,,,,,UNKNOWN,,,0.0,,,,,,,False
DXB-MEYDAN-d186fed6c9,meydanone,55.319377,25.15303,12.0,3,,,,,,,,,UNKNOWN,,,0.0,,,,,,,False
DXB-MEYDAN-e9c67574c8,meydanone,55.319633,25.152999,12.0,3,,,,,,,,,UNKNOWN,,,0.0,,,,,,,False
DXB-MEYDAN-2844e4fc14,meydanone,55.319653,25.153079,12.0,3,,,,,,,,,UNKNOWN,,,0.0,,,,,,,False
DXB-MEYDAN-0ea373dfb2,meydanone,55.320025,25.153079,12.0,3,,,,,,,,,UNKNOWN,,,0.0,,,,,,,False
DXB-MEYDAN-b17ebd3d53,meydanone,55.32047,25.153384,12.0,3,,,,,,,,,UNKNOWN,,,0.0,,,,,,,False
DXB-MEYDAN-6092ec9ba4,meydanone,55.320401,25.153505,12.0,3,,,,,,,,,UNKNOWN,,,0.0,,,,,,,False
DXB-MEYDAN-5b702330fc,meydanone,55.320178,25.15333,12.0,3,,,,,,,,,UNKNOWN,,,0.0,,,,,,,False
DXB-MEYDAN-9d407d8e71,meydanone,55.320993,25.153855,12.0,3,,,,,,,,,UNKNOWN,,,0.0,,,,,,,False
DXB-MEYDAN-586e523e6b,meydanone,55.320807,25.153775,12.0,3,,,,,,,,,UNKNOWN,,,0.0,,,,,,,False
DXB-MEYDAN-9da96c41e5,meydanone,55.320658,25.153713,12.0,3,,,,,,,,,UNKNOWN,,,0.0,,,,,,,False
DXB-MEYDAN-739f8a6ef1,meydanone,55.320922,25.153664,12.0,3,,,,,,,,,UNKNOWN,,,0.0,,,,,,,False
DXB-MEYDAN-2442d01dcd,meydanone,55.32109,25.153599,12.0,3,,,,,,,,,UNKNOWN,,,0.0,,,,,,,False
DXB-MEYDAN-33286b2e54,meydanone,55.320708,25.153423,12.0,3,,,,,,,,,UNKNOWN,,,0.0,,,,,,,False
DXB-MEYDAN-cf42976a82,meydanone,55.320717,25.153252,12.0,3,,,,,,,,,UNKNOWN,,,0.0,,,,,,,False
DXB-MEYDAN-e6ee099151,meydanone,55.321578,25.152243,12.0,3,,,,,,,,,UNKNOWN,,,0.0,,,,,,,False
DXB-MEYDAN-0e7e095dce,meydanone,55.320819,25.153972,12.0,3,,,,,,,,,UNKNOWN,,,0.0,,,,,,,False
DXB-MEYDAN-24169efd8c,meydanone,55.320734,25.154209,12.0,3,,,,,,,,,UNKNOWN,,,0.0,,,,,,,False
DXB-MEYDAN-ec8a399b25,meydanone,55.321023,25.154048,12.0,3,,,,,,,,,UNKNOWN,,,0.0,,,,,,,False
DXB-MEYDAN-f6365c1d1e,meydanone,55.320927,25.154237,12.0,3,,,,,,,,,UNKNOWN,,,0.0,,,,,,,False
DXB-MEYDAN-7faf39ea49,meydanone,55.320894,25.154277,12.0,3,,,,,,,,,UNKNOWN,,,0.0,,,,,,,False
DXB-MEYDAN-65b7af8a51,meydanone,55.320818,25.154406,12.0,3,,,,,,,,,UNKNOWN,,,0.0,,,,,,,False
DXB-MEYDAN-d820d7fd9f,meydanone,55.321396,25.154207,12.0,3,,,,,,,,,UNKNOWN,,,0.0,,,,,,,False
DXB-MEYDAN-22a28d2c3d,meydanone,55.321129,25.154223,12.0,3,,,,,,,,,UNKNOWN,,,0.0,,,,,,,False
DXB-MEYDAN-149f30e152,meydanone,55.319443,25.153472,12.0,3,,,,,,,,,UNKNOWN,,,0.0,,,,,,,False
DXB-MEYDAN-6fc7096181,meydanone,55.319528,25.153307,12.0,3,,,,,,,,,UNKNOWN,,,0.0,,,,,,,False
DXB-MEYDAN-2acea3deee,meydanone,55.319585,25.153327,12.0,3,,,,,,,,,UNKNOWN,,,0.0,,,,,,,False
DXB-MEYDAN-781ff6e565,meydanone,55.31952,25.153694,12.0,3,,,,,,,,,UNKNOWN,,,0.0,,,,,,,False
DXB-MEYDAN-4118ea2266,meydanone,55.319609,25.153476,12.0,3,,,,,,,,,UNKNOWN,,,0.0,,,,,,,False
DXB-MEYDAN-3b8ca8f518,meydanone,55.319758,25.153402,12.0,3,,,,,,,,,UNKNOWN,,,0.0,,,,,,,False
DXB-MEYDAN-04318cafb1,meydanone,55.319534,25.153798,12.0,3,,,,,,,,,UNKNOWN,,,0.0,,,,,,,False
DXB-MEYDAN-8c022ac91e,meydanone,55.319753,25.1537,12.0,3,,,,,,,,,UNKNOWN,,,0.0,,,,,,,False
DXB-MEYDAN-8b9b3707c2,meydanone,55.320283,25.153652,12.0,3,,,,,,,,,UNKNOWN,,,0.0,,,,,,,False
DXB-MEYDAN-337bc28018,meydanone,55.320112,25.153868,12.0,3,,,,,,,,,UNKNOWN,,,0.0,,,,,,,False
DXB-MEYDAN-d503f08fe4,meydanone,55.317783,25.152771,12.0,3,,,,,,,,,UNKNOWN,,,0.0,,,,,,,False
DXB-MEYDAN-b6de3d6bc5,meydanone,55.317973,25.152956,12.0,3,,,,,,,,,UNKNOWN,,,0.0,,,,,,,False
DXB-MEYDAN-df9eb071e2,meydanone,55.318121,25.152701,12.0,3,,,,,,,,,UNKNOWN,,,0.0,,,,,,,False
DXB-MEYDAN-5e81ad85a0,meydanone,55.317745,25.15256,12.0,3,,,,,,,,,UNKNOWN,,,0.0,,,,,,,False
DXB-MEYDAN-c24810dd7d,meydanone,55.317532,25.152878,12.0,3,,,,,,,,,UNKNOWN,,,0.0,,,,,,,False
DXB-MEYDAN-175cd81974,meydanone,55.317588,25.152978,12.0,3,,,,,,,,,UNKNOWN,,,0.0,,,,,,,False
DXB-MEYDAN-65c2bc608d,meydanone,55.317888,25.153082,12.0,3,,,,,,,,,UNKNOWN,,,0.0,,,,,,,False
DXB-MEYDAN-c0fdc56163,meydanone,55.318425,25.153124,12.0,3,,,,,,,,,UNKNOWN,,,0.0,,,,,,,False
DXB-MEYDAN-815daa21f1,meydanone,55.318545,25.152939,12.0,3,,,,,,,,,UNKNOWN,,,0.0,,,,,,,False
DXB-MEYDAN-b05ba5eb2f,meydanone,55.318416,25.152909,12.0,3,,,,,,,,,UNKNOWN,,,0.0,,,,,,,False
DXB-MEYDAN-edf53cce7c,meydanone,55.318185,25.15305,12.0,3,,,,,,,,,UNKNOWN,,,0.0,,,,,,,False
DXB-MEYDAN-78f736e5c3,meydanone,55.318223,25.153293,12.0,3,,,,,,,,,UNKNOWN,,,0.0,,,,,,,False
DXB-MEYDAN-d64261ce20,meydanone,55.318154,25.15325,12.0,3,,,,,,,,,UNKNOWN,,,0.0,,,,,,,False
DXB-MEYDAN-87907caad6,meydanone,55.318336,25.152087,12.0,3,,,,,,,,,UNKNOWN,,,0.0,,,,,,,False
DXB-MEYDAN-9cdd773071,meydanone,55.318053,25.152017,12.0,3,,,,,,,,,UNKNOWN,,,0.0,,,,,,,False
DXB-MEYDAN-7158a12c53,meydanone,55.318202,25.152574,12.0,3,,,,,,,,,UNKNOWN,,,0.0,,,,,,,False
DXB-MEYDAN-71a75897c5,meydanone,55.318265,25.152562,12.0,3,,,,,,,,,UNKNOWN,,,0.0,,,,,,,False
DXB-MEYDAN-24e5e31f09,meydanone,55.318207,25.152304,12.0,3,,,,,,,,,UNKNOWN,,,0.0,,,,,,,False
DXB-MEYDAN-cdb503cbff,meydanone,55.317859,25.152407,12.0,3,,,,,,,,,UNKNOWN,,,0.0,,,,,,,False
DXB-MEYDAN-fd3465f86b,meydanone,55.318762,25.152038,12.0,3,,,,,,,,,UNKNOWN,,,0.0,,,,,,,False
DXB-MEYDAN-91b2894ed7,meydanone,55.318915,25.152067,12.0,3,,,,,,,,,UNKNOWN,,,0.0,,,,,,,False
DXB-MEYDAN-aa85b8357c,meydanone,55.319187,25.152311,12.0,3,,,,,,,,,UNKNOWN,,,0.0,,,,,,,False
DXB-MEYDAN-7c7868b025,meydanone,55.319248,25.15222,12.0,3,,,,,,,,,UNKNOWN,,,0.0,,,,,,,False
DXB-MEYDAN-17d376932c,meydanone,55.318779,25.152828,12.0,3,,,,,,,,,UNKNOWN,,,0.0,,,,,,,False
DXB-MEYDAN-2451f13921,meydanone,55.318694,25.152797,12.0,3,,,,,,,,,UNKNOWN,,,0.0,,,,,,,False
DXB-MEYDAN-a42d96aaa0,meydanone,55.318862,25.152881,12.0,3,,,,,,,,,UNKNOWN,,,0.0,,,,,,,False
DXB-MEYDAN-664fb7d7ed,meydanone,55.319054,25.152407,12.0,3,,,,,,,,,UNKNOWN,,,0.0,,,,,,,False
DXB-MEYDAN-009b07b2d0,meydanone,55.318949,25.152364,12.0,3,,,,,,,,,UNKNOWN,,,0.0,,,,,,,False
DXB-MEYDAN-e8d16507ed,meydanone,55.318884,25.152326,12.0,3,,,,,,,,,UNKNOWN,,,0.0,,,,,,,False
DXB-MEYDAN-86be0086d2,meydanone,55.318742,25.152282,12.0,3,,,,,,,,,UNKNOWN,,,0.0,,,,,,,False
DXB-MEYDAN-7830b21183,meydanone,55.318617,25.1525,12.0,3,,,,,,,,,UNKNOWN,,,0.0,,,,,,,False
DXB-MEYDAN-eef5ab6847,meydanone,55.31946,25.151176,12.0,3,,,,,,,,,UNKNOWN,,,0.0,,,,,,,False
DXB-MEYDAN-159b27eb6b,meydanone,55.319383,25.151141,12.0,3,,,,,,,,,UNKNOWN,,,0.0,,,,,,,False
DXB-MEYDAN-97bff882d7,meydanone,55.319249,25.151161,12.0,3,,,,,,,,,UNKNOWN,,,0.0,,,,,,,False
DXB-MEYDAN-551cfec38b,meydanone,55.31924,25.151357,12.0,3,,,,,,,,,UNKNOWN,,,0.0,,,,,,,False
DXB-MEYDAN-752313245f,meydanone,55.318793,25.151582,12.0,3,,,,,,,,,UNKNOWN,,,0.0,,,,,,,False
DXB-MEYDAN-2fc9ff4b3d,meydanone,55.318733,25.151579,12.0,3,,,,,,,,,UNKNOWN,,,0.0,,,,,,,False
DXB-MEYDAN-57470cbd54,meydanone,55.31835,25.151381,12.0,3,,,,,,,,,UNKNOWN,,,0.0,,,,,,,False
DXB-MEYDAN-c4e5c31c27,meydanone,55.318441,25.151652,12.0,3,,,,,,,,,UNKNOWN,,,0.0,,,,,,,False
DXB-MEYDAN-74b138dc18,meydanone,55.320178,25.155983,12.0,3,,,,,,,,,UNKNOWN,,,0.0,,,,,,,False
DXB-MEYDAN-4668586628,meydanone,55.320045,25.155924,12.0,3,,,,,,,,,UNKNOWN,,,0.0,,,,,,,False
DXB-MEYDAN-6cdce58e35,meydanone,55.318652,25.154455,12.0,3,,,,,,,,,UNKNOWN,,,0.0,,,,,,,False
DXB-MEYDAN-0e9425253a,meydanone,55.320627,25.155205,12.0,3,,,,,,,,,UNKNOWN,,,0.0,,,,,,,False
DXB-MEYDAN-6d77a41255,meydanone,55.31586,25.153657,12.0,3,,,,,,,,,UNKNOWN,,,0.0,,,,,,,False
DXB-MEYDAN-8f113a4daa,meydanone,55.316384,25.154372,12.0,3,,,,,,,,,UNKNOWN,,,0.0,,,,,,,False
DXB-MEYDAN-5243e0bb2d,meydanone,55.316495,25.154526,12.0,3,,,,,,,,,UNKNOWN,,,0.0,,,,,,,False
DXB-MEYDAN-937516fd43,meydanone,55.316401,25.154981,12.0,3,,,,,,,,,UNKNOWN,,,0.0,,,,,,,False
DXB-MEYDAN-d8ed8eb2a8,meydanone,55.316777,25.155146,12.0,3,,,,,,,,,UNKNOWN,,,0.0,,,,,,,False
DXB-MEYDAN-80a037830e,meydanone,55.316729,25.154983,12.0,3,,,,,,,,,UNKNOWN,,,0.0,,,,,,,False
DXB-MEYDAN-0f8d2e9254,meydanone,55.316812,25.154694,12.0,3,,,,,,,,,UNKNOWN,,,0.0,,,,,,,False
DXB-MEYDAN-132c13a78f,meydanone,55.316839,25.15488,12.0,3,,,,,,,,,UNKNOWN,,,0.0,,,,,,,False
DXB-MEYDAN-94766f5d1a,meydanone,55.319427,25.154285,12.0,3,,,,,,,,,UNKNOWN,,,0.0,,,,,,,False
DXB-MEYDAN-bdf0f8157a,meydanone,55.31662,25.156761,12.0,3,,,,,,,,,UNKNOWN,,,0.0,,,,,,,False
DXB-MEYDAN-bda9903739,meydanone,55.323123,25.162549,12.0,3,,,,,,,,,UNKNOWN,,,0.0,,,,,,,False
DXB-MEYDAN-ba4094ddb9,meydanone,55.323195,25.162406,12.0,3,,,,,,,,,UNKNOWN,,,0.0,,,,,,,False
DXB-MEYDAN-2367828dba,meydanone,55.323638,25.16264,12.0,3,,,,,,,,,UNKNOWN,,,0.0,,,,,,,False
DXB-MEYDAN-5547180fcd,meydanone,55.325379,25.158843,12.0,3,,,,,,,,,UNKNOWN,,,0.0,,,,,,,False
DXB-MEYDAN-a877629679,meydanone,55.325124,25.161348,12.0,3,,,,,,,,,UNKNOWN,,,0.0,,,,,,,False
DXB-MEYDAN-2d228ba970,meydanone,55.324611,25.160009,12.0,3,,,,,,,,,UNKNOWN,,,0.0,,,,,,,False
DXB-MEYDAN-3c54d7a8ed,meydanone,55.322896,25.158555,12.0,3,,,,,,,,,UNKNOWN,,,0.0,,,,,,,False
DXB-MEYDAN-579a112986,meydanone,55.32535,25.158769,12.0,3,,,,,,,,,UNKNOWN,,,0.0,,,,,,,False
DXB-MEYDAN-ca82cac894,meydanone,55.325319,25.158789,12.0,3,,,,,,,,,UNKNOWN,,,0.0,,,,,,,False
DXB-MEYDAN-1d6116a7bf,meydanone,55.325302,25.158814,12.0,3,,,,,,,,,UNKNOWN,,,0.0,,,,,,,False
DXB-MEYDAN-9e5f593bce,meydanone,55.324366,25.162321,12.0,3,,,,,,,,,UNKNOWN,,,0.0,,,,,,,False
DXB-MEYDAN-b72b5b8f65,meydanone,55.324372,25.162227,12.0,3,,,,,,,,,UNKNOWN,,,0.0,,,,,,,False
DXB-MEYDAN-b7d49b50fe,meydanone,55.324357,25.162287,12.0,3,,,,,,,,,UNKNOWN,,,0.0,,,,,,,False
DXB-MEYDAN-5534db8697,meydanone,55.323797,25.162108,12.0,3,,,,,,,,,UNKNOWN,,,0.0,,,,,,,False
DXB-MEYDAN-b39c9513f9,meydanone,55.324576,25.161904,28.8,9,,,,,,,,,UNKNOWN,,,0.0,,,,,,,False
DXB-MEYDAN-aa3a479011,meydanone,55.322623,25.158446,12.0,3,,,,,,,,,UNKNOWN,,,0.0,,,,,,,False
DXB-MEYDAN-c86a314f5c,meydanone,55.322654,25.158447,12.0,3,,,,,,,,,UNKNOWN,,,0.0,,,,,,,False
DXB-MEYDAN-0a193e42d7,meydanone,55.322712,25.15846,12.0,3,,,,,,,,,UNKNOWN,,,0.0,,,,,,,False
DXB-MEYDAN-2837375a1e,meydanone,55.32267,25.158571,12.0,3,,,,,,,,,UNKNOWN,,,0.0,,,,,,,False
DXB-MEYDAN-de93d6861f,meydanone,55.322697,25.158612,12.0,3,,,,,,,,,UNKNOWN,,,0.0,,,,,,,False
DXB-MEYDAN-3dd9d3710d,meydanone,55.322769,25.158492,12.0,3,,,,,,,,,UNKNOWN,,,0.0,,,,,,,False
DXB-MEYDAN-a2c0b840c4,meydanone,55.32283,25.158531,12.0,3,,,,,,,,,UNKNOWN,,,0.0,,,,,,,False
DXB-MEYDAN-49016e1bdc,meydanone,55.322761,25.158652,12.0,3,,,,,,,,,UNKNOWN,,,0.0,,,,,,,False
DXB-MEYDAN-dd25d3bbe9,meydanone,55.32344,25.165754,12.0,3,,,,,,,,,UNKNOWN,,,0.0,,,,,,,False
DXB-MEYDAN-8d5305cfab,meydanone,55.323553,25.165863,12.0,3,,,,,,,,,UNKNOWN,,,0.0,,,,,,,False
DXB-MEYDAN-05827d1cbf,meydanone,55.323112,25.165821,12.0,3,,,,,,,,,UNKNOWN,,,0.0,,,,,,,False
DXB-MEYDAN-f8681d13fd,meydanone,55.323033,25.165786,12.0,3,,,,,,,,,UNKNOWN,,,0.0,,,,,,,False
DXB-MEYDAN-712c5faba3,meydanone,55.323405,25.165981,12.0,3,,,,,,,,,UNKNOWN,,,0.0,,,,,,,False
DXB-MEYDAN-6c12f121d6,meydanone,55.323289,25.165983,12.0,3,,,,,,,,,UNKNOWN,,,0.0,,,,,,,False
DXB-MEYDAN-efc90fb172,meydanone,55.323099,25.166083,12.0,3,,,,,,,,,UNKNOWN,,,0.0,,,,,,,False
DXB-MEYDAN-e8d741ea76,meydanone,55.322994,25.165931,12.0,3,,,,,,,,,UNKNOWN,,,0.0,,,,,,,False
DXB-MEYDAN-0f438946f1,meydanone,55.322951,25.165995,12.0,3,,,,,,,,,UNKNOWN,,,0.0,,,,,,,False
DXB-MEYDAN-32a3c5f768,meydanone,55.324086,25.165017,12.0,3,,,,,,,,,UNKNOWN,,,0.0,,,,,,,False
DXB-MEYDAN-209a41569b,meydanone,55.324664,25.164998,12.0,3,,,,,,,,,UNKNOWN,,,0.0,,,,,,,False
DXB-MEYDAN-e83487f5d4,meydanone,55.324917,25.165035,12.0,3,,,,,,,,,UNKNOWN,,,0.0,,,,,,,False
DXB-MEYDAN-5803e66fc2,meydanone,55.324896,25.165009,12.0,3,,,,,,,,,UNKNOWN,,,0.0,,,,,,,False
DXB-MEYDAN-f3cf940504,meydanone,55.324873,25.164972,12.0,3,,,,,,,,,UNKNOWN,,,0.0,,,,,,,False
DXB-MEYDAN-5faf84d81b,meydanone,55.323922,25.165107,12.0,3,,,,,,,,,UNKNOWN,,,0.0,,,,,,,False
DXB-MEYDAN-6c2a22aba1,meydanone,55.324295,25.165102,12.0,3,,,,,,,,,UNKNOWN,,,0.0,,,,,,,False
DXB-MEYDAN-6c5b6d1a6a,meydanone,55.324714,25.165227,12.0,3,,,,,,,,,UNKNOWN,,,0.0,,,,,,,False
DXB-MEYDAN-760f3f6603,meydanone,55.324503,25.165238,12.0,3,,,,,,,,,UNKNOWN,,,0.0,,,,,,,False
DXB-MEYDAN-d16f1b229e,meydanone,55.324426,25.165359,12.0,3,,,,,,,,,UNKNOWN,,,0.0,,,,,,,False
DXB-MEYDAN-2d3d433736,meydanone,55.324336,25.16529,12.0,3,,,,,,,,,UNKNOWN,,,0.0,,,,,,,False
DXB-MEYDAN-518ace4b95,meydanone,55.32431,25.165472,12.0,3,,,,,,,,,UNKNOWN,,,0.0,,,,,,,False
DXB-MEYDAN-1ec15238d7,meydanone,55.324233,25.165451,12.0,3,,,,,,,,,UNKNOWN,,,0.0,,,,,,,False
DXB-MEYDAN-2baa01d7f1,meydanone,55.324149,25.165421,12.0,3,,,,,,,,,UNKNOWN,,,0.0,,,,,,,False
DXB-MEYDAN-dca5d4a053,meydanone,55.324224,25.16534,12.0,3,,,,,,,,,UNKNOWN,,,0.0,,,,,,,False
DXB-MEYDAN-dd8a86f45f,meydanone,55.324142,25.165341,12.0,3,,,,,,,,,UNKNOWN,,,0.0,,,,,,,False
DXB-MEYDAN-a0becc4445,meydanone,55.323551,25.165508,12.0,3,,,,,,,,,UNKNOWN,,,0.0,,,,,,,False
DXB-MEYDAN-288e5ada49,meydanone,55.323139,25.165548,12.0,3,,,,,,,,,UNKNOWN,,,0.0,,,,,,,False
DXB-MEYDAN-ed1d73dd4b,meydanone,55.323191,25.165615,12.0,3,,,,,,,,,UNKNOWN,,,0.0,,,,,,,False
DXB-MEYDAN-7c00569622,meydanone,55.32327,25.16567,12.0,3,,,,,,,,,UNKNOWN,,,0.0,,,,,,,False
DXB-MEYDAN-17b0c1068a,meydanone,55.325119,25.163143,12.0,3,,,,,,,,,UNKNOWN,,,0.0,,,,,,,False
DXB-MEYDAN-b203ea85c6,meydanone,55.325346,25.163315,12.0,3,,,,,,,,,UNKNOWN,,,0.0,,,,,,,False
DXB-MEYDAN-b0526bb2bb,meydanone,55.325252,25.163225,12.0,3,,,,,,,,,UNKNOWN,,,0.0,,,,,,,False
DXB-MEYDAN-393fb62279,meydanone,55.325202,25.163289,12.0,3,,,,,,,,,UNKNOWN,,,0.0,,,,,,,False
DXB-MEYDAN-ce25786388,meydanone,55.325381,25.163749,12.0,3,,,,,,,,,UNKNOWN,,,0.0,,,,,,,False
DXB-MEYDAN-0935d0aa29,meydanone,55.325322,25.163704,12.0,3,,,,,,,,,UNKNOWN,,,0.0,,,,,,,False
DXB-MEYDAN-1e827d2731,meydanone,55.325301,25.163738,12.0,3,,,,,,,,,UNKNOWN,,,0.0,,,,,,,False
DXB-MEYDAN-bf6b6e852e,meydanone,55.325263,25.163713,12.0,3,,,,,,,,,UNKNOWN,,,0.0,,,,,,,False
DXB-MEYDAN-b3eb71e423,meydanone,55.325125,25.16364,12.0,3,,,,,,,,,UNKNOWN,,,0.0,,,,,,,False
DXB-MEYDAN-64c7114466,meydanone,55.325363,25.163553,12.0,3,,,,,,,,,UNKNOWN,,,0.0,,,,,,,False
DXB-MEYDAN-7e0709d5bb,meydanone,55.325058,25.163347,12.0,3,,,,,,,,,UNKNOWN,,,0.0,,,,,,,False
DXB-MEYDAN-c6af0a402d,meydanone,55.323955,25.16232,12.0,3,,,,,,,,,UNKNOWN,,,0.0,,,,,,,False
DXB-MEYDAN-00295d0e2a,meydanone,55.325296,25.163888,12.0,3,,,,,,,,,UNKNOWN,,,0.0,,,,,,,False
DXB-MEYDAN-9b51d01a7c,meydanone,55.32276,25.163099,12.0,3,,,,,,,,,UNKNOWN,,,0.0,,,,,,,False
DXB-MEYDAN-19554d4eaa,meydanone,55.322761,25.163296,12.0,3,,,,,,,,,UNKNOWN,,,0.0,,,,,,,False
DXB-MEYDAN-81a08ff836,meydanone,55.323076,25.162926,12.0,3,,,,,,,,,UNKNOWN,,,0.0,,,,,,,False
DXB-MEYDAN-aff4fe0059,meydanone,55.315721,25.156918,12.0,3,,,,,,,,,UNKNOWN,,,0.0,,,,,,,False
DXB-MEYDAN-c52228f4a7,meydanone,55.317159,25.163331,12.0,3,,,,,,,,,UNKNOWN,,,0.0,,,,,,,False
DXB-MEYDAN-096a63490d,meydanone,55.316984,25.163915,12.0,3,,,,,,,,,UNKNOWN,,,0.0,,,,,,,False
DXB-MEYDAN-e4ed9eefb3,meydanone,55.317136,25.161765,12.0,3,,,,,,,,,UNKNOWN,,,0.0,,,,,,,False
DXB-MEYDAN-fc5b5dcf6c,meydanone,55.317232,25.16191,12.0,3,,,,,,,,,UNKNOWN,,,0.0,,,,,,,False
DXB-MEYDAN-1bf34e8a11,meydanone,55.313002,25.165999,12.0,3,,,,,,,,,UNKNOWN,,,0.0,,,,,,,False
DXB-MEYDAN-c57c9eb464,meydanone,55.313003,25.165896,12.0,3,,,,,,,,,UNKNOWN,,,0.0,,,,,,,False
DXB-MEYDAN-0962b9fa28,meydanone,55.338188,25.147261,12.0,3,,,,,,,,,UNKNOWN,,,0.0,,,,,,,False
DXB-MEYDAN-46ecfd80e8,meydanone,55.342791,25.145199,12.0,3,,,,,,,,,UNKNOWN,,,0.0,,,,,,,False
DXB-MEYDAN-016e81b15a,meydanone,55.337647,25.143433,12.0,3,,,,,,,,,UNKNOWN,,,0.0,,,,,,,False
DXB-MEYDAN-2140ff7ea6,meydanone,55.337433,25.143139,12.0,3,,,,,,,,,UNKNOWN,,,0.0,,,,,,,False
DXB-MEYDAN-f8c2277359,meydanone,55.337498,25.143143,12.0,3,,,,,,,,,UNKNOWN,,,0.0,,,,,,,False
DXB-MEYDAN-f1df8f68f7,meydanone,55.316966,25.170218,12.0,3,,,,,,,,,UNKNOWN,,,0.0,,,,,,,False
DXB-MEYDAN-1e553c7685,meydanone,55.312836,25.169888,12.0,3,,,,,,,,,UNKNOWN,,,0.0,,,,,,,False
DXB-MEYDAN-fa4e53dd32,meydanone,55.318565,25.147889,12.0,3,,,,,,,,,UNKNOWN,,,0.0,,,,,,,False
DXB-MEYDAN-4027a7fb94,meydanone,55.318745,25.147457,12.0,3,,,,,,,,,UNKNOWN,,,0.0,,,,,,,False
DXB-MEYDAN-5e599c1204,meydanone,55.318284,25.147792,12.0,3,,,,,,,,,UNKNOWN,,,0.0,,,,,,,False
DXB-MEYDAN-1a2633715d,meydanone,55.318034,25.147438,12.0,3,,,,,,,,,UNKNOWN,,,0.0,,,,,,,False
DXB-MEYDAN-5fd5ddd219,meydanone,55.318106,25.147235,12.0,3,,,,,,,,,UNKNOWN,,,0.0,,,,,,,False
DXB-MEYDAN-ee6262b5d6,meydanone,55.317797,25.14777,12.0,3,,,,,,,,,UNKNOWN,,,0.0,,,,,,,False
DXB-MEYDAN-8efddfa858,meydanone,55.317616,25.148112,12.0,3,,,,,,,,,UNKNOWN,,,0.0,,,,,,,False
DXB-MEYDAN-a67a9d5f8f,meydanone,55.318759,25.148579,12.0,3,,,,,,,,,UNKNOWN,,,0.0,,,,,,,False
DXB-MEYDAN-d158c0272d,meydanone,55.318736,25.14861,12.0,3,,,,,,,,,UNKNOWN,,,0.0,,,,,,,False
DXB-MEYDAN-6b9a155d27,meydanone,55.31889,25.148423,12.0,3,,,,,,,,,UNKNOWN,,,0.0,,,,,,,False
DXB-MEYDAN-8d665d4cfe,meydanone,55.318485,25.14806,12.0,3,,,,,,,,,UNKNOWN,,,0.0,,,,,,,False
DXB-MEYDAN-5c2b9fecbe,meydanone,55.318442,25.148283,12.0,3,,,,,,,,,UNKNOWN,,,0.0,,,,,,,False
DXB-MEYDAN-628512fb29,meydanone,55.320302,25.148255,12.0,3,,,,,,,,,UNKNOWN,,,0.0,,,,,,,False
DXB-MEYDAN-fec33eac95,meydanone,55.320214,25.148357,12.0,3,,,,,,,,,UNKNOWN,,,0.0,,,,,,,False
DXB-MEYDAN-af53a2a1e2,meydanone,55.31963,25.148098,12.0,3,,,,,,,,,UNKNOWN,,,0.0,,,,,,,False
DXB-MEYDAN-4244b6d2c4,meydanone,55.321138,25.148832,12.0,3,,,,,,,,,UNKNOWN,,,0.0,,,,,,,False
DXB-MEYDAN-6a15602b74,meydanone,55.321056,25.148985,12.0,3,,,,,,,,,UNKNOWN,,,0.0,,,,,,,False
DXB-MEYDAN-6cfacedfe9,meydanone,55.321092,25.148916,12.0,3,,,,,,,,,UNKNOWN,,,0.0,,,,,,,False
DXB-MEYDAN-4d76cd9c98,meydanone,55.320866,25.148792,12.0,3,,,,,,,,,UNKNOWN,,,0.0,,,,,,,False
DXB-MEYDAN-3b22ebe237,meydanone,55.320093,25.149086,12.0,3,,,,,,,,,UNKNOWN,,,0.0,,,,,,,False
DXB-MEYDAN-19f26bb626,meydanone,55.319846,25.148897,12.0,3,,,,,,,,,UNKNOWN,,,0.0,,,,,,,False
DXB-MEYDAN-aeca4df911,meydanone,55.319823,25.148959,12.0,3,,,,,,,,,UNKNOWN,,,0.0,,,,,,,False
DXB-MEYDAN-497a09cc87,meydanone,55.319464,25.148778,12.0,3,,,,,,,,,UNKNOWN,,,0.0,,,,,,,False
DXB-MEYDAN-a9b831e709,meydanone,55.319723,25.148766,12.0,3,,,,,,,,,UNKNOWN,,,0.0,,,,,,,False
DXB-MEYDAN-e0859d75cb,meydanone,55.319691,25.148917,12.0,3,,,,,,,,,UNKNOWN,,,0.0,,,,,,,False
DXB-MEYDAN-6101a32691,meydanone,55.319666,25.148887,12.0,3,,,,,,,,,UNKNOWN,,,0.0,,,,,,,False
DXB-MEYDAN-3d77c5fef8,meydanone,55.319573,25.14902,12.0,3,,,,,,,,,UNKNOWN,,,0.0,,,,,,,False
DXB-MEYDAN-058e900cab,meydanone,55.319451,25.149052,12.0,3,,,,,,,,,UNKNOWN,,,0.0,,,,,,,False
DXB-MEYDAN-cf3f375296,meydanone,55.31984,25.148533,12.0,3,,,,,,,,,UNKNOWN,,,0.0,,,,,,,False
DXB-MEYDAN-3f89555770,meydanone,55.320043,25.148312,12.0,3,,,,,,,,,UNKNOWN,,,0.0,,,,,,,False
DXB-MEYDAN-e7f101cc96,meydanone,55.320208,25.14818,12.0,3,,,,,,,,,UNKNOWN,,,0.0,,,,,,,False
DXB-MEYDAN-9eb3bcc9b3,meydanone,55.320192,25.148143,12.0,3,,,,,,,,,UNKNOWN,,,0.0,,,,,,,False
DXB-MEYDAN-38476419a8,meydanone,55.320586,25.148322,12.0,3,,,,,,,,,UNKNOWN,,,0.0,,,,,,,False
DXB-MEYDAN-bc6b3bd6f1,meydanone,55.320332,25.148724,12.0,3,,,,,,,,,UNKNOWN,,,0.0,,,,,,,False
DXB-MEYDAN-fde7bb5041,meydanone,55.320761,25.148996,12.0,3,,,,,,,,,UNKNOWN,,,0.0,,,,,,,False
DXB-MEYDAN-dfcf699b22,meydanone,55.320925,25.149066,12.0,3,,,,,,,,,UNKNOWN,,,0.0,,,,,,,False
DXB-MEYDAN-aa924ce2f4,meydanone,55.320479,25.149115,12.0,3,,,,,,,,,UNKNOWN,,,0.0,,,,,,,False
DXB-MEYDAN-caefa5222b,meydanone,55.320908,25.149239,12.0,3,,,,,,,,,UNKNOWN,,,0.0,,,,,,,False
DXB-MEYDAN-697993c69c,meydanone,55.317694,25.149767,12.0,3,,,,,,,,,UNKNOWN,,,0.0,,,,,,,False
DXB-MEYDAN-5dafc02e43,meydanone,55.317688,25.149886,12.0,3,,,,,,,,,UNKNOWN,,,0.0,,,,,,,False
DXB-MEYDAN-c536948749,meydanone,55.318017,25.149671,12.0,3,,,,,,,,,UNKNOWN,,,0.0,,,,,,,False
DXB-MEYDAN-a65edb3ad3,meydanone,55.318206,25.149627,12.0,3,,,,,,,,,UNKNOWN,,,0.0,,,,,,,False
DXB-MEYDAN-075d44b9ce,meydanone,55.317972,25.149514,12.0,3,,,,,,,,,UNKNOWN,,,0.0,,,,,,,False
DXB-MEYDAN-1615b908d6,meydanone,55.318291,25.149774,12.0,3,,,,,,,,,UNKNOWN,,,0.0,,,,,,,False
DXB-MEYDAN-f97a8c8696,meydanone,55.318231,25.149879,12.0,3,,,,,,,,,UNKNOWN,,,0.0,,,,,,,False
DXB-MEYDAN-b244591d82,meydanone,55.318164,25.149997,12.0,3,,,,,,,,,UNKNOWN,,,0.0,,,,,,,False
DXB-MEYDAN-fa01e546f5,meydanone,55.317792,25.149992,12.0,3,,,,,,,,,UNKNOWN,,,0.0,,,,,,,False
DXB-MEYDAN-7635d39f5c,meydanone,55.317885,25.150031,12.0,3,,,,,,,,,UNKNOWN,,,0.0,,,,,,,False
DXB-MEYDAN-916bfbe4c1,meydanone,55.318008,25.150076,12.0,3,,,,,,,,,UNKNOWN,,,0.0,,,,,,,False
DXB-MEYDAN-f464f9ce4b,meydanone,55.318694,25.149182,12.0,3,,,,,,,,,UNKNOWN,,,0.0,,,,,,,False
DXB-MEYDAN-443f924c24,meydanone,55.318635,25.149298,12.0,3,,,,,,,,,UNKNOWN,,,0.0,,,,,,,False
DXB-MEYDAN-510e9f6a77,meydanone,55.318573,25.149411,12.0,3,,,,,,,,,UNKNOWN,,,0.0,,,,,,,False
DXB-MEYDAN-0933de3a0f,meydanone,55.318489,25.149526,12.0,3,,,,,,,,,UNKNOWN,,,0.0,,,,,,,False
DXB-MEYDAN-b2d385076b,meydanone,55.318479,25.149598,12.0,3,,,,,,,,,UNKNOWN,,,0.0,,,,,,,False
DXB-MEYDAN-3984f3b420,meydanone,55.318344,25.149541,12.0,3,,,,,,,,,UNKNOWN,,,0.0,,,,,,,False
DXB-MEYDAN-b6b9655eff,meydanone,55.318155,25.149406,12.0,3,,,,,,,,,UNKNOWN,,,0.0,,,,,,,False
DXB-MEYDAN-ea90242413,meydanone,55.318699,25.149029,12.0,3,,,,,,,,,UNKNOWN,,,0.0,,,,,,,False
DXB-MEYDAN-2183f0e7df,meydanone,55.318228,25.149277,12.0,3,,,,,,,,,UNKNOWN,,,0.0,,,,,,,False
DXB-MEYDAN-46a01e2a5f,meydanone,55.318364,25.149315,12.0,3,,,,,,,,,UNKNOWN,,,0.0,,,,,,,False
DXB-MEYDAN-56e6265528,meydanone,55.319613,25.150775,12.0,3,,,,,,,,,UNKNOWN,,,0.0,,,,,,,False
DXB-MEYDAN-3b41aaafa0,meydanone,55.319518,25.150696,12.0,3,,,,,,,,,UNKNOWN,,,0.0,,,,,,,False
DXB-MEYDAN-93d80eea72,meydanone,55.319843,25.150904,12.0,3,,,,,,,,,UNKNOWN,,,0.0,,,,,,,False
DXB-MEYDAN-f69a17ce5c,meydanone,55.319967,25.150895,12.0,3,,,,,,,,,UNKNOWN,,,0.0,,,,,,,False
DXB-MEYDAN-b23c3cea21,meydanone,55.320073,25.150703,12.0,3,,,,,,,,,UNKNOWN,,,0.0,,,,,,,False
DXB-MEYDAN-17a9dde816,meydanone,55.320024,25.1508,12.0,3,,,,,,,,,UNKNOWN,,,0.0,,,,,,,False
DXB-MEYDAN-01fd61fcf5,meydanone,55.319742,25.150275,12.0,3,,,,,,,,,UNKNOWN,,,0.0,,,,,,,False
DXB-MEYDAN-78975d5561,meydanone,55.319959,25.150084,12.0,3,,,,,,,,,UNKNOWN,,,0.0,,,,,,,False
DXB-MEYDAN-8db722393a,meydanone,55.319974,25.149841,12.0,3,,,,,,,,,UNKNOWN,,,0.0,,,,,,,False
DXB-MEYDAN-c7237d77ec,meydanone,55.319902,25.149945,12.0,3,,,,,,,,,UNKNOWN,,,0.0,,,,,,,False
DXB-MEYDAN-d9e9225b72,meydanone,55.316779,25.150445,12.0,3,,,,,,,,,UNKNOWN,,,0.0,,,,,,,False
DXB-MEYDAN-c485897998,meydanone,55.316645,25.150355,12.0,3,,,,,,,,,UNKNOWN,,,0.0,,,,,,,False
DXB-MEYDAN-8d24df2e52,meydanone,55.316712,25.150394,12.0,3,,,,,,,,,UNKNOWN,,,0.0,,,,,,,False
DXB-MEYDAN-cdfd7751a7,meydanone,55.316873,25.150469,12.0,3,,,,,,,,,UNKNOWN,,,0.0,,,,,,,False
DXB-MEYDAN-1a7765f247,meydanone,55.317677,25.150617,12.0,3,,,,,,,,,UNKNOWN,,,0.0,,,,,,,False
DXB-MEYDAN-d22075f3bc,meydanone,55.318246,25.150688,12.0,3,,,,,,,,,UNKNOWN,,,0.0,,,,,,,False
DXB-MEYDAN-9c2c7d4fed,meydanone,55.318122,25.150538,12.0,3,,,,,,,,,UNKNOWN,,,0.0,,,,,,,False
DXB-MEYDAN-4acf9ae89b,meydanone,55.31679,25.150017,12.0,3,,,,,,,,,UNKNOWN,,,0.0,,,,,,,False
DXB-MEYDAN-50a09e99db,meydanone,55.316736,25.150119,12.0,3,,,,,,,,,UNKNOWN,,,0.0,,,,,,,False
DXB-MEYDAN-4f28bce2ca,meydanone,55.316797,25.149901,12.0,3,,,,,,,,,UNKNOWN,,,0.0,,,,,,,False
DXB-MEYDAN-37860257db,meydanone,55.316895,25.148822,12.0,3,,,,,,,,,UNKNOWN,,,0.0,,,,,,,False
DXB-MEYDAN-efab082295,meydanone,55.316872,25.148419,12.0,3,,,,,,,,,UNKNOWN,,,0.0,,,,,,,False
DXB-MEYDAN-71cc19649d,meydanone,55.317096,25.148487,12.0,3,,,,,,,,,UNKNOWN,,,0.0,,,,,,,False
DXB-MEYDAN-2144479914,meydanone,55.317052,25.148304,12.0,3,,,,,,,,,UNKNOWN,,,0.0,,,,,,,False
DXB-MEYDAN-18beecf7a9,meydanone,55.316874,25.148208,12.0,3,,,,,,,,,UNKNOWN,,,0.0,,,,,,,False
DXB-MEYDAN-6738a384f7,meydanone,55.316621,25.148612,12.0,3,,,,,,,,,UNKNOWN,,,0.0,,,,,,,False
DXB-MEYDAN-edc826032b,meydanone,55.316748,25.148668,12.0,3,,,,,,,,,UNKNOWN,,,0.0,,,,,,,False
DXB-MEYDAN-1f48579d64,meydanone,55.316298,25.14872,12.0,3,,,,,,,,,UNKNOWN,,,0.0,,,,,,,False
DXB-MEYDAN-fb97113b41,meydanone,55.316609,25.149032,12.0,3,,,,,,,,,UNKNOWN,,,0.0,,,,,,,False
DXB-MEYDAN-f736ebd717,meydanone,55.316579,25.149419,12.0,3,,,,,,,,,UNKNOWN,,,0.0,,,,,,,False
DXB-MEYDAN-aabdb1fb1f,meydanone,55.316393,25.148966,12.0,3,,,,,,,,,UNKNOWN,,,0.0,,,,,,,False
DXB-MEYDAN-67e2c54cc5,meydanone,55.316167,25.149185,12.0,3,,,,,,,,,UNKNOWN,,,0.0,,,,,,,False
DXB-MEYDAN-875ddfcf54,meydanone,55.317391,25.149372,12.0,3,,,,,,,,,UNKNOWN,,,0.0,,,,,,,False
DXB-MEYDAN-b032bc5853,meydanone,55.31742,25.149295,12.0,3,,,,,,,,,UNKNOWN,,,0.0,,,,,,,False
DXB-MEYDAN-bfd8b83fc8,meydanone,55.317065,25.149632,12.0,3,,,,,,,,,UNKNOWN,,,0.0,,,,,,,False
DXB-MEYDAN-08f36a20ed,meydanone,55.317239,25.14937,12.0,3,,,,,,,,,UNKNOWN,,,0.0,,,,,,,False
DXB-MEYDAN-4b3b842b12,meydanone,55.31733,25.14843,12.0,3,,,,,,,,,UNKNOWN,,,0.0,,,,,,,False
DXB-MEYDAN-2be017feb8,meydanone,55.317255,25.148572,12.0,3,,,,,,,,,UNKNOWN,,,0.0,,,,,,,False
DXB-MEYDAN-cc5e5e491b,meydanone,55.317132,25.148807,12.0,3,,,,,,,,,UNKNOWN,,,0.0,,,,,,,False
DXB-MEYDAN-e57b921709,meydanone,55.317179,25.148816,12.0,3,,,,,,,,,UNKNOWN,,,0.0,,,,,,,False
DXB-MEYDAN-e0bbf3cdd3,meydanone,55.315166,25.151541,12.0,3,,,,,,,,,UNKNOWN,,,0.0,,,,,,,False
DXB-MEYDAN-98116d48f5,meydanone,55.315686,25.151684,12.0,3,,,,,,,,,UNKNOWN,,,0.0,,,,,,,False
DXB-MEYDAN-d320e404a4,meydanone,55.316219,25.15193,12.0,3,,,,,,,,,UNKNOWN,,,0.0,,,,,,,False
DXB-MEYDAN-8d7e6a8372,meydanone,55.316484,25.151826,12.0,3,,,,,,,,,UNKNOWN,,,0.0,,,,,,,False
DXB-MEYDAN-0ccba589c6,meydanone,55.316563,25.151812,12.0,3,,,,,,,,,UNKNOWN,,,0.0,,,,,,,False
DXB-MEYDAN-fbbac43f4a,meydanone,55.31639,25.151587,12.0,3,,,,,,,,,UNKNOWN,,,0.0,,,,,,,False
DXB-MEYDAN-0759ecc4e4,meydanone,55.317178,25.151087,12.0,3,,,,,,,,,UNKNOWN,,,0.0,,,,,,,False
DXB-MEYDAN-ed8df6715a,meydanone,55.317443,25.151242,12.0,3,,,,,,,,,UNKNOWN,,,0.0,,,,,,,False
DXB-MEYDAN-56061d58fa,meydanone,55.317585,25.150881,12.0,3,,,,,,,,,UNKNOWN,,,0.0,,,,,,,False
DXB-MEYDAN-3ff2c16414,meydanone,55.31717,25.1509,12.0,3,,,,,,,,,UNKNOWN,,,0.0,,,,,,,False
DXB-MEYDAN-cb2247793b,meydanone,55.317194,25.150747,12.0,3,,,,,,,,,UNKNOWN,,,0.0,,,,,,,False
DXB-MEYDAN-428bc4e722,meydanone,55.317239,25.150723,12.0,3,,,,,,,,,UNKNOWN,,,0.0,,,,,,,False
DXB-MEYDAN-fb43112df0,meydanone,55.317123,25.150612,12.0,3,,,,,,,,,UNKNOWN,,,0.0,,,,,,,False
DXB-MEYDAN-0071c84112,meydanone,55.316423,25.150356,12.0,3,,,,,,,,,UNKNOWN,,,0.0,,,,,,,False
DXB-MEYDAN-a0dbbf13c1,meydanone,55.316174,25.150552,12.0,3,,,,,,,,,UNKNOWN,,,0.0,,,,,,,False
DXB-MEYDAN-21004d0f4d,meydanone,55.316426,25.150202,12.0,3,,,,,,,,,UNKNOWN,,,0.0,,,,,,,False
DXB-MEYDAN-f132da2f36,meydanone,55.315789,25.150217,12.0,3,,,,,,,,,UNKNOWN,,,0.0,,,,,,,False
DXB-MEYDAN-49db266e80,meydanone,55.315858,25.150349,12.0,3,,,,,,,,,UNKNOWN,,,0.0,,,,,,,False
DXB-MEYDAN-350a4b9772,meydanone,55.315999,25.150503,12.0,3,,,,,,,,,UNKNOWN,,,0.0,,,,,,,False
DXB-MEYDAN-a4897325a2,meydanone,55.315794,25.150811,12.0,3,,,,,,,,,UNKNOWN,,,0.0,,,,,,,False
DXB-MEYDAN-43b8e8bd31,meydanone,55.315939,25.150972,12.0,3,,,,,,,,,UNKNOWN,,,0.0,,,,,,,False
DXB-MEYDAN-74f15c83f5,meydanone,55.315992,25.151143,12.0,3,,,,,,,,,UNKNOWN,,,0.0,,,,,,,False
DXB-MEYDAN-5b5bea4796,meydanone,55.316002,25.151373,12.0,3,,,,,,,,,UNKNOWN,,,0.0,,,,,,,False
DXB-MEYDAN-c27cd6d70f,meydanone,55.3163,25.151144,12.0,3,,,,,,,,,UNKNOWN,,,0.0,,,,,,,False
DXB-MEYDAN-e4b7a858d8,meydanone,55.316082,25.151052,12.0,3,,,,,,,,,UNKNOWN,,,0.0,,,,,,,False
DXB-MEYDAN-467f95b106,meydanone,55.317249,25.152393,12.0,3,,,,,,,,,UNKNOWN,,,0.0,,,,,,,False
DXB-MEYDAN-65dfe37e63,meydanone,55.315466,25.151092,12.0,3,,,,,,,,,UNKNOWN,,,0.0,,,,,,,False
DXB-MEYDAN-099b947e47,meydanone,55.316755,25.152287,12.0,3,,,,,,,,,UNKNOWN,,,0.0,,,,,,,False
DXB-MEYDAN-aaebc79ca2,meydanone,55.317076,25.151582,12.0,3,,,,,,,,,UNKNOWN,,,0.0,,,,,,,False
DXB-MEYDAN-aeeef83057,meydanone,55.317037,25.151785,12.0,3,,,,,,,,,UNKNOWN,,,0.0,,,,,,,False
DXB-MEYDAN-0e4c90192b,meydanone,55.317475,25.15178,12.0,3,,,,,,,,,UNKNOWN,,,0.0,,,,,,,False
DXB-MEYDAN-dfc492ac63,meydanone,55.320718,25.150594,12.0,3,,,,,,,,,UNKNOWN,,,0.0,,,,,,,False
DXB-MEYDAN-1669eea1cd,meydanone,55.320912,25.150451,12.0,3,,,,,,,,,UNKNOWN,,,0.0,,,,,,,False
DXB-MEYDAN-057e30962d,meydanone,55.321034,25.150221,12.0,3,,,,,,,,,UNKNOWN,,,0.0,,,,,,,False
DXB-MEYDAN-fa62ba66d5,meydanone,55.321508,25.151138,12.0,3,,,,,,,,,UNKNOWN,,,0.0,,,,,,,False
DXB-MEYDAN-9a5a41bf91,meydanone,55.321265,25.151197,12.0,3,,,,,,,,,UNKNOWN,,,0.0,,,,,,,False
DXB-MEYDAN-c14fe5392f,meydanone,55.320477,25.150877,12.0,3,,,,,,,,,UNKNOWN,,,0.0,,,,,,,False
DXB-MEYDAN-15d0770815,meydanone,55.320415,25.150991,12.0,3,,,,,,,,,UNKNOWN,,,0.0,,,,,,,False
DXB-MEYDAN-b7d8520585,meydanone,55.320758,25.151061,12.0,3,,,,,,,,,UNKNOWN,,,0.0,,,,,,,False
DXB-MEYDAN-7902771a5b,meydanone,55.320639,25.151002,12.0,3,,,,,,,,,UNKNOWN,,,0.0,,,,,,,False
DXB-MEYDAN-5b58a9b8f8,meydanone,55.320629,25.150768,12.0,3,,,,,,,,,UNKNOWN,,,0.0,,,,,,,False
DXB-MEYDAN-78aca53c48,meydanone,55.32091,25.150862,12.0,3,,,,,,,,,UNKNOWN,,,0.0,,,,,,,False
DXB-MEYDAN-4b2b6f7281,meydanone,55.319456,25.151714,12.0,3,,,,,,,,,UNKNOWN,,,0.0,,,,,,,False
DXB-MEYDAN-6117944d3f,meydanone,55.318083,25.151592,12.0,3,,,,,,,,,UNKNOWN,,,0.0,,,,,,,False
DXB-MEYDAN-f3f057f1ce,meydanone,55.316422,25.15244,12.0,3,,,,,,,,,UNKNOWN,,,0.0,,,,,,,False
DXB-MEYDAN-8f28b36df9,meydanone,55.317387,25.152239,12.0,3,,,,,,,,,UNKNOWN,,,0.0,,,,,,,False
DXB-MEYDAN-615d3961f4,meydanone,55.317127,25.152195,12.0,3,,,,,,,,,UNKNOWN,,,0.0,,,,,,,False
DXB-MEYDAN-ca9a7c6ac8,meydanone,55.316864,25.152077,12.0,3,,,,,,,,,UNKNOWN,,,0.0,,,,,,,False
DXB-MEYDAN-b0ff4c87e9,meydanone,55.316774,25.152022,12.0,3,,,,,,,,,UNKNOWN,,,0.0,,,,,,,False
DXB-MEYDAN-692b57067c,meydanone,55.316474,25.152112,12.0,3,,,,,,,,,UNKNOWN,,,0.0,,,,,,,False
DXB-MEYDAN-62c8e2ac14,meydanone,55.316337,25.152236,12.0,3,,,,,,,,,UNKNOWN,,,0.0,,,,,,,False
DXB-MEYDAN-877014b71e,meydanone,55.316372,25.152289,12.0,3,,,,,,,,,UNKNOWN,,,0.0,,,,,,,False
DXB-MEYDAN-454db7a13f,meydanone,55.315828,25.151984,12.0,3,,,,,,,,,UNKNOWN,,,0.0,,,,,,,False
DXB-MEYDAN-4d3d32ca01,meydanone,55.315896,25.15189,12.0,3,,,,,,,,,UNKNOWN,,,0.0,,,,,,,False
DXB-MEYDAN-c365de3783,meydanone,55.315869,25.151942,12.0,3,,,,,,,,,UNKNOWN,,,0.0,,,,,,,False
DXB-MEYDAN-da4504b07f,meydanone,55.31613,25.151736,12.0,3,,,,,,,,,UNKNOWN,,,0.0,,,,,,,False
DXB-MEYDAN-edcd7786ae,meydanone,55.316006,25.151727,12.0,3,,,,,,,,,UNKNOWN,,,0.0,,,,,,,False
DXB-MEYDAN-2f4df51733,meydanone,55.316042,25.151687,12.0,3,,,,,,,,,UNKNOWN,,,0.0,,,,,,,False
DXB-MEYDAN-0f0343933c,meydanone,55.31534,25.151823,12.0,3,,,,,,,,,UNKNOWN,,,0.0,,,,,,,False
DXB-MEYDAN-e067aab290,meydanone,55.314887,25.151434,12.0,3,,,,,,,,,UNKNOWN,,,0.0,,,,,,,False
DXB-MEYDAN-58fdaaea05,meydanone,55.315044,25.151216,12.0,3,,,,,,,,,UNKNOWN,,,0.0,,,,,,,False
DXB-MEYDAN-e96638da61,meydanone,55.31511,25.151099,12.0,3,,,,,,,,,UNKNOWN,,,0.0,,,,,,,False
DXB-MEYDAN-aa22befc8a,meydanone,55.315322,25.150732,12.0,3,,,,,,,,,UNKNOWN,,,0.0,,,,,,,False
DXB-MEYDAN-4ce1828d1c,meydanone,55.315266,25.150803,12.0,3,,,,,,,,,UNKNOWN,,,0.0,,,,,,,False
DXB-MEYDAN-627b594401,meydanone,55.315403,25.150737,12.0,3,,,,,,,,,UNKNOWN,,,0.0,,,,,,,False
DXB-MEYDAN-b2a0c52309,meydanone,55.315754,25.150879,12.0,3,,,,,,,,,UNKNOWN,,,0.0,,,,,,,False
DXB-MEYDAN-5696a3b275,meydanone,55.316701,25.151856,12.0,3,,,,,,,,,UNKNOWN,,,0.0,,,,,,,False
DXB-MEYDAN-9c7abf77b5,meydanone,55.316735,25.15173,12.0,3,,,,,,,,,UNKNOWN,,,0.0,,,,,,,False
DXB-MEYDAN-22363d9a06,meydanone,55.31683,25.151599,12.0,3,,,,,,,,,UNKNOWN,,,0.0,,,,,,,False
DXB-MEYDAN-8c46415628,meydanone,55.31667,25.151292,12.0,3,,,,,,,,,UNKNOWN,,,0.0,,,,,,,False
DXB-MEYDAN-6bdda481b4,meydanone,55.31675,25.151341,12.0,3,,,,,,,,,UNKNOWN,,,0.0,,,,,,,False
DXB-MEYDAN-100a423e1a,meydanone,55.316534,25.151237,12.0,3,,,,,,,,,UNKNOWN,,,0.0,,,,,,,False
DXB-MEYDAN-7c2248f511,meydanone,55.322032,25.145914,12.0,3,,,,,,,,,UNKNOWN,,,0.0,,,,,,,False
DXB-MEYDAN-590e31654f,meydanone,55.321988,25.145976,12.0,3,,,,,,,,,UNKNOWN,,,0.0,,,,,,,False
DXB-MEYDAN-af70c940c6,meydanone,55.322105,25.145899,12.0,3,,,,,,,,,UNKNOWN,,,0.0,,,,,,,False
DXB-MEYDAN-f2b7b7af72,meydanone,55.321831,25.146362,12.0,3,,,,,,,,,UNKNOWN,,,0.0,,,,,,,False
DXB-MEYDAN-2d74cb867f,meydanone,55.322139,25.146204,12.0,3,,,,,,,,,UNKNOWN,,,0.0,,,,,,,False
DXB-MEYDAN-60611b98e9,meydanone,55.322076,25.146313,12.0,3,,,,,,,,,UNKNOWN,,,0.0,,,,,,,False
DXB-MEYDAN-f7fb8d76de,meydanone,55.322214,25.146511,12.0,3,,,,,,,,,UNKNOWN,,,0.0,,,,,,,False
DXB-MEYDAN-ca8e9f2ba8,meydanone,55.322241,25.146673,12.0,3,,,,,,,,,UNKNOWN,,,0.0,,,,,,,False
DXB-MEYDAN-fdaeff19b7,meydanone,55.322135,25.146613,12.0,3,,,,,,,,,UNKNOWN,,,0.0,,,,,,,False
DXB-MEYDAN-95ea7fee9c,meydanone,55.322044,25.146607,12.0,3,,,,,,,,,UNKNOWN,,,0.0,,,,,,,False
DXB-MEYDAN-4a90e116dd,meydanone,55.321723,25.146481,12.0,3,,,,,,,,,UNKNOWN,,,0.0,,,,,,,False
DXB-MEYDAN-e57b9fe0bd,meydanone,55.321858,25.14654,12.0,3,,,,,,,,,UNKNOWN,,,0.0,,,,,,,False
DXB-MEYDAN-1dc9d99e9e,meydanone,55.321787,25.146863,12.0,3,,,,,,,,,UNKNOWN,,,0.0,,,,,,,False
DXB-MEYDAN-36c96214b1,meydanone,55.321962,25.146808,12.0,3,,,,,,,,,UNKNOWN,,,0.0,,,,,,,False
DXB-MEYDAN-bff2fee4c0,meydanone,55.321858,25.147012,12.0,3,,,,,,,,,UNKNOWN,,,0.0,,,,,,,False
DXB-MEYDAN-31c6005cc2,meydanone,55.321629,25.146885,12.0,3,,,,,,,,,UNKNOWN,,,0.0,,,,,,,False
DXB-MEYDAN-b6a50f71e5,meydanone,55.321507,25.146831,12.0,3,,,,,,,,,UNKNOWN,,,0.0,,,,,,,False
DXB-MEYDAN-80e6b00f11,meydanone,55.321417,25.14716,12.0,3,,,,,,,,,UNKNOWN,,,0.0,,,,,,,False
DXB-MEYDAN-e49c537195,meydanone,55.321733,25.147144,12.0,3,,,,,,,,,UNKNOWN,,,0.0,,,,,,,False
DXB-MEYDAN-670d010a9a,meydanone,55.321225,25.147379,12.0,3,,,,,,,,,UNKNOWN,,,0.0,,,,,,,False
DXB-MEYDAN-8ebd847f15,meydanone,55.321169,25.147343,12.0,3,,,,,,,,,UNKNOWN,,,0.0,,,,,,,False
DXB-MEYDAN-998fdfb2fd,meydanone,55.321588,25.147548,12.0,3,,,,,,,,,UNKNOWN,,,0.0,,,,,,,False
DXB-MEYDAN-ab3c64bf89,meydanone,55.320944,25.147645,12.0,3,,,,,,,,,UNKNOWN,,,0.0,,,,,,,False
DXB-MEYDAN-e907d487df,meydanone,55.320506,25.147503,12.0,3,,,,,,,,,UNKNOWN,,,0.0,,,,,,,False
DXB-MEYDAN-2af30b8e5c,meydanone,55.320757,25.147367,12.0,3,,,,,,,,,UNKNOWN,,,0.0,,,,,,,False
DXB-MEYDAN-44fc88f23e,meydanone,55.32076,25.147331,12.0,3,,,,,,,,,UNKNOWN,,,0.0,,,,,,,False
DXB-MEYDAN-b840fbd5d5,meydanone,55.321059,25.147466,12.0,3,,,,,,,,,UNKNOWN,,,0.0,,,,,,,False
DXB-MEYDAN-09b645dfbf,meydanone,55.321414,25.147636,12.0,3,,,,,,,,,UNKNOWN,,,0.0,,,,,,,False
DXB-MEYDAN-faf110110f,meydanone,55.321499,25.147825,12.0,3,,,,,,,,,UNKNOWN,,,0.0,,,,,,,False
DXB-MEYDAN-448b2d2928,meydanone,55.321193,25.147868,12.0,3,,,,,,,,,UNKNOWN,,,0.0,,,,,,,False
DXB-MEYDAN-765f125019,meydanone,55.321238,25.147777,12.0,3,,,,,,,,,UNKNOWN,,,0.0,,,,,,,False
DXB-MEYDAN-92aa4ef577,meydanone,55.32132,25.148207,12.0,3,,,,,,,,,UNKNOWN,,,0.0,,,,,,,False
DXB-MEYDAN-be89ceffb0,meydanone,55.320912,25.147959,12.0,3,,,,,,,,,UNKNOWN,,,0.0,,,,,,,False
DXB-MEYDAN-fa31c75e87,meydanone,55.322165,25.151436,12.0,3,,,,,,,,,UNKNOWN,,,0.0,,,,,,,False
DXB-MEYDAN-dc74cc2752,meydanone,55.321611,25.150911,12.0,3,,,,,,,,,UNKNOWN,,,0.0,,,,,,,False
DXB-MEYDAN-4116c762f6,meydanone,55.321595,25.150857,12.0,3,,,,,,,,,UNKNOWN,,,0.0,,,,,,,False
DXB-MEYDAN-56c23e06b9,meydanone,55.321515,25.150986,12.0,3,,,,,,,,,UNKNOWN,,,0.0,,,,,,,False
DXB-MEYDAN-39eeada4e5,meydanone,55.321699,25.151066,12.0,3,,,,,,,,,UNKNOWN,,,0.0,,,,,,,False
DXB-MEYDAN-15b4d2da72,meydanone,55.321585,25.15102,12.0,3,,,,,,,,,UNKNOWN,,,0.0,,,,,,,False
DXB-MEYDAN-89bb394e70,meydanone,55.31927,25.152823,12.0,3,,,,,,,,,UNKNOWN,,,0.0,,,,,,,False
DXB-MEYDAN-b05c3c1c2d,meydanone,55.320384,25.153419,12.0,3,,,,,,,,,UNKNOWN,,,0.0,,,,,,,False
DXB-MEYDAN-4c4b832be7,meydanone,55.322307,25.151531,12.0,3,,,,,,,,,UNKNOWN,,,0.0,,,,,,,False
DXB-MEYDAN-d297833ff8,meydanone,55.321351,25.14698,12.0,3,,,,,,,,,UNKNOWN,,,0.0,,,,,,,False
DXB-MEYDAN-b728063f85,meydanone,55.319132,25.147947,12.0,3,,,,,,,,,UNKNOWN,,,0.0,,,,,,,False
DXB-MEYDAN-013f0be6b7,meydanone,55.3191,25.14798,12.0,3,,,,,,,,,UNKNOWN,,,0.0,,,,,,,False
DXB-MEYDAN-d591cce335,meydanone,55.319367,25.148197,12.0,3,,,,,,,,,UNKNOWN,,,0.0,,,,,,,False
DXB-MEYDAN-20992dad54,meydanone,55.319482,25.148008,12.0,3,,,,,,,,,UNKNOWN,,,0.0,,,,,,,False
DXB-MEYDAN-eaa4ac0d35,meydanone,55.321902,25.1458,12.0,3,,,,,,,,,UNKNOWN,,,0.0,,,,,,,False
DXB-MEYDAN-f54eb7fa4a,meydanone,55.321692,25.1463,12.0,3,,,,,,,,,UNKNOWN,,,0.0,,,,,,,False
DXB-MEYDAN-92c1f19125,meydanone,55.321828,25.14604,12.0,3,,,,,,,,,UNKNOWN,,,0.0,,,,,,,False
DXB-MEYDAN-f2ac22e6e2,meydanone,55.321753,25.146147,12.0,3,,,,,,,,,UNKNOWN,,,0.0,,,,,,,False
DXB-MEYDAN-a6c2323c38,meydanone,55.321538,25.146195,12.0,3,,,,,,,,,UNKNOWN,,,0.0,,,,,,,False
DXB-MEYDAN-6aaf153d42,meydanone,55.321617,25.146115,12.0,3,,,,,,,,,UNKNOWN,,,0.0,,,,,,,False
DXB-MEYDAN-b7762cc64d,meydanone,55.321207,25.146154,12.0,3,,,,,,,,,UNKNOWN,,,0.0,,,,,,,False
DXB-MEYDAN-0ea5c4f168,meydanone,55.321281,25.146194,12.0,3,,,,,,,,,UNKNOWN,,,0.0,,,,,,,False
DXB-MEYDAN-f09a13295f,meydanone,55.322339,25.146292,12.0,3,,,,,,,,,UNKNOWN,,,0.0,,,,,,,False
DXB-MEYDAN-fa232a3044,meydanone,55.322375,25.146222,12.0,3,,,,,,,,,UNKNOWN,,,0.0,,,,,,,False
DXB-MEYDAN-93ebaae70d,meydanone,55.322462,25.146062,12.0,3,,,,,,,,,UNKNOWN,,,0.0,,,,,,,False
DXB-MEYDAN-edc79271a7,meydanone,55.322377,25.146059,12.0,3,,,,,,,,,UNKNOWN,,,0.0,,,,,,,False
DXB-MEYDAN-56bda11bee,meydanone,55.326841,25.148928,12.0,3,,,,,,,,,UNKNOWN,,,0.0,,,,,,,False
DXB-MEYDAN-bc03d4e78d,meydanone,55.327778,25.149079,12.0,3,,,,,,,,,UNKNOWN,,,0.0,,,,,,,False
DXB-MEYDAN-a2880874c7,meydanone,55.328464,25.148399,12.0,3,,,,,,,,,UNKNOWN,,,0.0,,,,,,,False
DXB-MEYDAN-7f2e3eb068,meydanone,55.3285,25.148313,12.0,3,,,,,,,,,UNKNOWN,,,0.0,,,,,,,False
DXB-MEYDAN-aa1fb9f630,meydanone,55.327591,25.147805,12.0,3,,,,,,,,,UNKNOWN,,,0.0,,,,,,,False
DXB-MEYDAN-d43a961517,meydanone,55.327581,25.147704,12.0,3,,,,,,,,,UNKNOWN,,,0.0,,,,,,,False
DXB-MEYDAN-88dbeda5a0,meydanone,55.327802,25.14829,12.0,3,,,,,,,,,UNKNOWN,,,0.0,,,,,,,False
DXB-MEYDAN-6fe8b9f025,meydanone,55.327723,25.148247,12.0,3,,,,,,,,,UNKNOWN,,,0.0,,,,,,,False
DXB-MEYDAN-174267f678,meydanone,55.327412,25.14797,12.0,3,,,,,,,,,UNKNOWN,,,0.0,,,,,,,False
DXB-MEYDAN-6d2a11cdfe,meydanone,55.327362,25.147964,12.0,3,,,,,,,,,UNKNOWN,,,0.0,,,,,,,False
DXB-MEYDAN-9834bb8e73,meydanone,55.327517,25.147731,12.0,3,,,,,,,,,UNKNOWN,,,0.0,,,,,,,False
DXB-MEYDAN-a3cfd25e58,meydanone,55.328095,25.147256,12.0,3,,,,,,,,,UNKNOWN,,,0.0,,,,,,,False
DXB-MEYDAN-17bc39fdc8,meydanone,55.328073,25.147659,12.0,3,,,,,,,,,UNKNOWN,,,0.0,,,,,,,False
DXB-MEYDAN-b349bb6806,meydanone,55.327719,25.147424,12.0,3,,,,,,,,,UNKNOWN,,,0.0,,,,,,,False
DXB-MEYDAN-a9a7a490a2,meydanone,55.327668,25.147477,12.0,3,,,,,,,,,UNKNOWN,,,0.0,,,,,,,False
DXB-MEYDAN-e01cf57403,meydanone,55.327826,25.147127,12.0,3,,,,,,,,,UNKNOWN,,,0.0,,,,,,,False
DXB-MEYDAN-59c37354f1,meydanone,55.328641,25.147163,12.0,3,,,,,,,,,UNKNOWN,,,0.0,,,,,,,False
DXB-MEYDAN-d06f30acf1,meydanone,55.328595,25.147237,12.0,3,,,,,,,,,UNKNOWN,,,0.0,,,,,,,False
DXB-MEYDAN-c9336f54ba,meydanone,55.328172,25.148128,12.0,3,,,,,,,,,UNKNOWN,,,0.0,,,,,,,False
DXB-MEYDAN-d5d1d74f56,meydanone,55.326307,25.147361,12.0,3,,,,,,,,,UNKNOWN,,,0.0,,,,,,,False
DXB-MEYDAN-2c0be58b14,meydanone,55.326416,25.147337,12.0,3,,,,,,,,,UNKNOWN,,,0.0,,,,,,,False
DXB-MEYDAN-38def4d93b,meydanone,55.325945,25.147197,12.0,3,,,,,,,,,UNKNOWN,,,0.0,,,,,,,False
DXB-MEYDAN-6fa6592fc1,meydanone,55.32634,25.147469,12.0,3,,,,,,,,,UNKNOWN,,,0.0,,,,,,,False
DXB-MEYDAN-cea8a103b9,meydanone,55.326115,25.147253,12.0,3,,,,,,,,,UNKNOWN,,,0.0,,,,,,,False
DXB-MEYDAN-e5abaad019,meydanone,55.326202,25.147292,12.0,3,,,,,,,,,UNKNOWN,,,0.0,,,,,,,False
DXB-MEYDAN-443148c2b4,meydanone,55.32639,25.147081,12.0,3,,,,,,,,,UNKNOWN,,,0.0,,,,,,,False
DXB-MEYDAN-4703293a12,meydanone,55.326285,25.147153,12.0,3,,,,,,,,,UNKNOWN,,,0.0,,,,,,,False
DXB-MEYDAN-bd4faef62f,meydanone,55.326364,25.14694,12.0,3,,,,,,,,,UNKNOWN,,,0.0,,,,,,,False
DXB-MEYDAN-8b93eb872a,meydanone,55.326349,25.146831,12.0,3,,,,,,,,,UNKNOWN,,,0.0,,,,,,,False
DXB-MEYDAN-a64cb529d1,meydanone,55.326376,25.146868,12.0,3,,,,,,,,,UNKNOWN,,,0.0,,,,,,,False
DXB-MEYDAN-4e77aee0e8,meydanone,55.32618,25.146878,12.0,3,,,,,,,,,UNKNOWN,,,0.0,,,,,,,False
DXB-MEYDAN-6afdbfb960,meydanone,55.326874,25.146541,12.0,3,,,,,,,,,UNKNOWN,,,0.0,,,,,,,False
DXB-MEYDAN-e3863da511,meydanone,55.326847,25.146619,12.0,3,,,,,,,,,UNKNOWN,,,0.0,,,,,,,False
DXB-MEYDAN-81f391811c,meydanone,55.326815,25.146652,12.0,3,,,,,,,,,UNKNOWN,,,0.0,,,,,,,False
DXB-MEYDAN-c7b7679f50,meydanone,55.326454,25.146811,12.0,3,,,,,,,,,UNKNOWN,,,0.0,,,,,,,False
DXB-MEYDAN-12e2970609,meydanone,55.326269,25.146725,12.0,3,,,,,,,,,UNKNOWN,,,0.0,,,,,,,False
DXB-MEYDAN-9d2d04f213,meydanone,55.32676,25.146733,12.0,3,,,,,,,,,UNKNOWN,,,0.0,,,,,,,False
DXB-MEYDAN-c40e4324b2,meydanone,55.326613,25.146785,12.0,3,,,,,,,,,UNKNOWN,,,0.0,,,,,,,False
DXB-MEYDAN-2735050225,meydanone,55.326628,25.146745,12.0,3,,,,,,,,,UNKNOWN,,,0.0,,,,,,,False
DXB-MEYDAN-521309f2b2,meydanone,55.326421,25.14669,12.0,3,,,,,,,,,UNKNOWN,,,0.0,,,,,,,False
DXB-MEYDAN-18bbdc7daf,meydanone,55.326421,25.146588,12.0,3,,,,,,,,,UNKNOWN,,,0.0,,,,,,,False
DXB-MEYDAN-5755f325c3,meydanone,55.326935,25.146471,12.0,3,,,,,,,,,UNKNOWN,,,0.0,,,,,,,False
DXB-MEYDAN-702a796b7e,meydanone,55.326908,25.146403,12.0,3,,,,,,,,,UNKNOWN,,,0.0,,,,,,,False
DXB-MEYDAN-eefbc9a263,meydanone,55.326568,25.146252,12.0,3,,,,,,,,,UNKNOWN,,,0.0,,,,,,,False
DXB-MEYDAN-e74e6f1bd4,meydanone,55.326617,25.146318,12.0,3,,,,,,,,,UNKNOWN,,,0.0,,,,,,,False
DXB-MEYDAN-172d76e917,meydanone,55.326979,25.147635,12.0,3,,,,,,,,,UNKNOWN,,,0.0,,,,,,,False
DXB-MEYDAN-0e505217bd,meydanone,55.32664,25.147373,12.0,3,,,,,,,,,UNKNOWN,,,0.0,,,,,,,False
DXB-MEYDAN-998f6ec79c,meydanone,55.326851,25.14741,12.0,3,,,,,,,,,UNKNOWN,,,0.0,,,,,,,False
DXB-MEYDAN-e26e9e6af8,meydanone,55.326713,25.147206,12.0,3,,,,,,,,,UNKNOWN,,,0.0,,,,,,,False
DXB-MEYDAN-4dda095f81,meydanone,55.327265,25.147143,12.0,3,,,,,,,,,UNKNOWN,,,0.0,,,,,,,False
DXB-MEYDAN-9d5c3998fe,meydanone,55.327149,25.147139,12.0,3,,,,,,,,,UNKNOWN,,,0.0,,,,,,,False
DXB-MEYDAN-a33b7f7326,meydanone,55.32715,25.147228,12.0,3,,,,,,,,,UNKNOWN,,,0.0,,,,,,,False
DXB-MEYDAN-2f87a928c5,meydanone,55.327047,25.147254,12.0,3,,,,,,,,,UNKNOWN,,,0.0,,,,,,,False
DXB-MEYDAN-fd8dc840e8,meydanone,55.326951,25.147223,12.0,3,,,,,,,,,UNKNOWN,,,0.0,,,,,,,False
DXB-MEYDAN-4b3189953e,meydanone,55.326828,25.147125,12.0,3,,,,,,,,,UNKNOWN,,,0.0,,,,,,,False
DXB-MEYDAN-f303af9892,meydanone,55.327097,25.146841,12.0,3,,,,,,,,,UNKNOWN,,,0.0,,,,,,,False
DXB-MEYDAN-b4f51959fd,meydanone,55.327554,25.146715,12.0,3,,,,,,,,,UNKNOWN,,,0.0,,,,,,,False
DXB-MEYDAN-fffee0bb63,meydanone,55.328896,25.144134,12.0,3,,,,,,,,,UNKNOWN,,,0.0,,,,,,,False
DXB-MEYDAN-f3bde04075,meydanone,55.327407,25.146999,12.0,3,,,,,,,,,UNKNOWN,,,0.0,,,,,,,False
DXB-MEYDAN-677d60bf41,meydanone,55.331181,25.147251,12.0,3,,,,,,,,,UNKNOWN,,,0.0,,,,,,,False
DXB-MEYDAN-39dfc7648a,meydanone,55.331074,25.147196,12.0,3,,,,,,,,,UNKNOWN,,,0.0,,,,,,,False
DXB-MEYDAN-8970124253,meydanone,55.328959,25.149363,12.0,3,,,,,,,,,UNKNOWN,,,0.0,,,,,,,False
DXB-MEYDAN-1b5963a81a,meydanone,55.331535,25.143083,12.0,3,,,,,,,,,UNKNOWN,,,0.0,,,,,,,False
DXB-MEYDAN-ce473d1baa,meydanone,55.330436,25.142696,12.0,3,,,,,,,,,UNKNOWN,,,0.0,,,,,,,False
DXB-MEYDAN-1b17209e94,meydanone,55.330819,25.142737,12.0,3,,,,,,,,,UNKNOWN,,,0.0,,,,,,,False
DXB-MEYDAN-6b9d93c3e4,meydanone,55.323097,25.146091,12.0,3,,,,,,,,,UNKNOWN,,,0.0,,,,,,,False
DXB-MEYDAN-e132169b77,meydanone,55.322994,25.146377,12.0,3,,,,,,,,,UNKNOWN,,,0.0,,,,,,,False
DXB-MEYDAN-67f11af9bd,meydanone,55.322932,25.146295,12.0,3,,,,,,,,,UNKNOWN,,,0.0,,,,,,,False
DXB-MEYDAN-42c5adc411,meydanone,55.323072,25.146243,12.0,3,,,,,,,,,UNKNOWN,,,0.0,,,,,,,False
DXB-MEYDAN-eafd293ad4,meydanone,55.32319,25.1463,12.0,3,,,,,,,,,UNKNOWN,,,0.0,,,,,,,False
DXB-MEYDAN-562b643b5b,meydanone,55.323067,25.146317,12.0,3,,,,,,,,,UNKNOWN,,,0.0,,,,,,,False
DXB-MEYDAN-308917ed35,meydanone,55.323215,25.146538,12.0,3,,,,,,,,,UNKNOWN,,,0.0,,,,,,,False
DXB-MEYDAN-ed3ab74198,meydanone,55.323143,25.146447,12.0,3,,,,,,,,,UNKNOWN,,,0.0,,,,,,,False
DXB-MEYDAN-e26c81ed62,meydanone,55.323302,25.146633,12.0,3,,,,,,,,,UNKNOWN,,,0.0,,,,,,,False
DXB-MEYDAN-1f9f799944,meydanone,55.323396,25.146643,12.0,3,,,,,,,,,UNKNOWN,,,0.0,,,,,,,False
DXB-MEYDAN-1f21d99cb2,meydanone,55.323262,25.146691,12.0,3,,,,,,,,,UNKNOWN,,,0.0,,,,,,,False
DXB-MEYDAN-5073ab9f80,meydanone,55.32298,25.146534,12.0,3,,,,,,,,,UNKNOWN,,,0.0,,,,,,,False
DXB-MEYDAN-9ef4e830df,meydanone,55.322316,25.148207,12.0,3,,,,,,,,,UNKNOWN,,,0.0,,,,,,,False
DXB-MEYDAN-a16bd24aed,meydanone,55.323518,25.146963,12.0,3,,,,,,,,,UNKNOWN,,,0.0,,,,,,,False
DXB-MEYDAN-e7077f6c85,meydanone,55.323791,25.147112,12.0,3,,,,,,,,,UNKNOWN,,,0.0,,,,,,,False
DXB-MEYDAN-df8f40b227,meydanone,55.32383,25.147255,12.0,3,,,,,,,,,UNKNOWN,,,0.0,,,,,,,False
DXB-MEYDAN-51408a35e7,meydanone,55.323764,25.14719,12.0,3,,,,,,,,,UNKNOWN,,,0.0,,,,,,,False
DXB-MEYDAN-f0b5da803a,meydanone,55.323656,25.147235,12.0,3,,,,,,,,,UNKNOWN,,,0.0,,,,,,,False
DXB-MEYDAN-1975b468e0,meydanone,55.323725,25.147418,12.0,3,,,,,,,,,UNKNOWN,,,0.0,,,,,,,False
DXB-MEYDAN-ba3c8a8183,meydanone,55.32372,25.147512,12.0,3,,,,,,,,,UNKNOWN,,,0.0,,,,,,,False
DXB-MEYDAN-bc6cf41099,meydanone,55.323323,25.147426,12.0,3,,,,,,,,,UNKNOWN,,,0.0,,,,,,,False
DXB-MEYDAN-4d80b12d49,meydanone,55.323071,25.146789,12.0,3,,,,,,,,,UNKNOWN,,,0.0,,,,,,,False
DXB-MEYDAN-c19d4df856,meydanone,55.323222,25.147003,12.0,3,,,,,,,,,UNKNOWN,,,0.0,,,,,,,False
DXB-MEYDAN-32b02ff7b3,meydanone,55.323075,25.147214,12.0,3,,,,,,,,,UNKNOWN,,,0.0,,,,,,,False
DXB-MEYDAN-08ebf7b49d,meydanone,55.32301,25.146965,12.0,3,,,,,,,,,UNKNOWN,,,0.0,,,,,,,False
DXB-MEYDAN-d58dd1bcdf,meydanone,55.322865,25.147301,12.0,3,,,,,,,,,UNKNOWN,,,0.0,,,,,,,False
DXB-MEYDAN-c9ac93a68a,meydanone,55.322985,25.147361,12.0,3,,,,,,,,,UNKNOWN,,,0.0,,,,,,,False
DXB-MEYDAN-e1cdb8df9d,meydanone,55.322598,25.147053,12.0,3,,,,,,,,,UNKNOWN,,,0.0,,,,,,,False
DXB-MEYDAN-ca2098b4db,meydanone,55.322589,25.147084,12.0,3,,,,,,,,,UNKNOWN,,,0.0,,,,,,,False
DXB-MEYDAN-cd57d13d8e,meydanone,55.322793,25.147179,12.0,3,,,,,,,,,UNKNOWN,,,0.0,,,,,,,False
DXB-MEYDAN-e734f1cfa6,meydanone,55.322672,25.147103,12.0,3,,,,,,,,,UNKNOWN,,,0.0,,,,,,,False
DXB-MEYDAN-bb14e935e1,meydanone,55.322934,25.147066,12.0,3,,,,,,,,,UNKNOWN,,,0.0,,,,,,,False
DXB-MEYDAN-94aa9972c7,meydanone,55.322735,25.146922,12.0,3,,,,,,,,,UNKNOWN,,,0.0,,,,,,,False
DXB-MEYDAN-b61ab5ec9d,meydanone,55.320062,25.145896,12.0,3,,,,,,,,,UNKNOWN,,,0.0,,,,,,,False
DXB-MEYDAN-b77809f5a6,meydanone,55.320111,25.145795,12.0,3,,,,,,,,,UNKNOWN,,,0.0,,,,,,,False
DXB-MEYDAN-33550abb2d,meydanone,55.320143,25.145735,12.0,3,,,,,,,,,UNKNOWN,,,0.0,,,,,,,False
DXB-MEYDAN-4372cbff7a,meydanone,55.319541,25.146835,12.0,3,,,,,,,,,UNKNOWN,,,0.0,,,,,,,False
DXB-MEYDAN-ae14deccc0,meydanone,55.319206,25.146685,12.0,3,,,,,,,,,UNKNOWN,,,0.0,,,,,,,False
DXB-MEYDAN-20c3cc0548,meydanone,55.319071,25.146709,12.0,3,,,,,,,,,UNKNOWN,,,0.0,,,,,,,False
DXB-MEYDAN-70eff6e874,meydanone,55.319087,25.146654,12.0,3,,,,,,,,,UNKNOWN,,,0.0,,,,,,,False
DXB-MEYDAN-ded2840dcd,meydanone,55.319121,25.146608,12.0,3,,,,,,,,,UNKNOWN,,,0.0,,,,,,,False
DXB-MEYDAN-ae8bb5f0f4,meydanone,55.319154,25.146653,12.0,3,,,,,,,,,UNKNOWN,,,0.0,,,,,,,False
DXB-MEYDAN-f011f3c6db,meydanone,55.318099,25.146718,12.0,3,,,,,,,,,UNKNOWN,,,0.0,,,,,,,False
DXB-MEYDAN-da5953617d,meydanone,55.318201,25.146547,12.0,3,,,,,,,,,UNKNOWN,,,0.0,,,,,,,False
DXB-MEYDAN-56ebfdff9d,meydanone,55.318452,25.143776,12.0,3,,,,,,,,,UNKNOWN,,,0.0,,,,,,,False
DXB-MEYDAN-879a99ede8,meydanone,55.317521,25.145332,12.0,3,,,,,,,,,UNKNOWN,,,0.0,,,,,,,False
DXB-MEYDAN-4996ade4dc,meydanone,55.317612,25.145243,12.0,3,,,,,,,,,UNKNOWN,,,0.0,,,,,,,False
DXB-MEYDAN-2b2c2f3040,meydanone,55.317228,25.145679,12.0,3,,,,,,,,,UNKNOWN,,,0.0,,,,,,,False
DXB-MEYDAN-7c90c4248d,meydanone,55.317448,25.145729,12.0,3,,,,,,,,,UNKNOWN,,,0.0,,,,,,,False
DXB-MEYDAN-09d6d18fbf,meydanone,55.317186,25.145796,12.0,3,,,,,,,,,UNKNOWN,,,0.0,,,,,,,False
DXB-MEYDAN-78f8f789a0,meydanone,55.317087,25.14603,12.0,3,,,,,,,,,UNKNOWN,,,0.0,,,,,,,False
DXB-MEYDAN-f69873add6,meydanone,55.324116,25.145864,12.0,3,,,,,,,,,UNKNOWN,,,0.0,,,,,,,False
DXB-MEYDAN-47e68c57dc,meydanone,55.324422,25.145975,12.0,3,,,,,,,,,UNKNOWN,,,0.0,,,,,,,False
DXB-MEYDAN-988f304924,meydanone,55.324357,25.146279,12.0,3,,,,,,,,,UNKNOWN,,,0.0,,,,,,,False
DXB-MEYDAN-54491312a1,meydanone,55.324258,25.146103,12.0,3,,,,,,,,,UNKNOWN,,,0.0,,,,,,,False
DXB-MEYDAN-df0e7da4c5,meydanone,55.324097,25.146362,12.0,3,,,,,,,,,UNKNOWN,,,0.0,,,,,,,False
DXB-MEYDAN-fa9ee43f1a,meydanone,55.324213,25.146418,12.0,3,,,,,,,,,UNKNOWN,,,0.0,,,,,,,False
DXB-MEYDAN-7ef563902c,meydanone,55.323382,25.145658,12.0,3,,,,,,,,,UNKNOWN,,,0.0,,,,,,,False
DXB-MEYDAN-4cfe0fc653,meydanone,55.323294,25.145979,12.0,3,,,,,,,,,UNKNOWN,,,0.0,,,,,,,False
DXB-MEYDAN-119144bd41,meydanone,55.323609,25.146114,12.0,3,,,,,,,,,UNKNOWN,,,0.0,,,,,,,False
DXB-MEYDAN-185eea4c20,meydanone,55.323512,25.146097,12.0,3,,,,,,,,,UNKNOWN,,,0.0,,,,,,,False
DXB-MEYDAN-e3e92c5d09,meydanone,55.323365,25.145492,12.0,3,,,,,,,,,UNKNOWN,,,0.0,,,,,,,False
DXB-MEYDAN-f258073cee,meydanone,55.323433,25.145539,12.0,3,,,,,,,,,UNKNOWN,,,0.0,,,,,,,False
DXB-MEYDAN-f2db79068a,meydanone,55.323555,25.145573,12.0,3,,,,,,,,,UNKNOWN,,,0.0,,,,,,,False
DXB-MEYDAN-320787abb5,meydanone,55.323714,25.145664,12.0,3,,,,,,,,,UNKNOWN,,,0.0,,,,,,,False
DXB-MEYDAN-62868ae060,meydanone,55.323811,25.145698,12.0,3,,,,,,,,,UNKNOWN,,,0.0,,,,,,,False
DXB-MEYDAN-995b478506,meydanone,55.323836,25.145778,12.0,3,,,,,,,,,UNKNOWN,,,0.0,,,,,,,False
DXB-MEYDAN-5d203d7f64,meydanone,55.323455,25.145857,12.0,3,,,,,,,,,UNKNOWN,,,0.0,,,,,,,False
DXB-MEYDAN-9d969dcd83,meydanone,55.323695,25.145975,12.0,3,,,,,,,,,UNKNOWN,,,0.0,,,,,,,False
DXB-MEYDAN-7291d6a8b3,meydanone,55.324149,25.146664,12.0,3,,,,,,,,,UNKNOWN,,,0.0,,,,,,,False
DXB-MEYDAN-101fa543af,meydanone,55.32384,25.146496,12.0,3,,,,,,,,,UNKNOWN,,,0.0,,,,,,,False
DXB-MEYDAN-ea6a4595e6,meydanone,55.323774,25.146456,12.0,3,,,,,,,,,UNKNOWN,,,0.0,,,,,,,False
DXB-MEYDAN-ce305efd8e,meydanone,55.324045,25.146564,12.0,3,,,,,,,,,UNKNOWN,,,0.0,,,,,,,False
DXB-MEYDAN-ea25445055,meydanone,55.323939,25.146681,12.0,3,,,,,,,,,UNKNOWN,,,0.0,,,,,,,False
DXB-MEYDAN-68ddf65cff,meydanone,55.323842,25.146944,12.0,3,,,,,,,,,UNKNOWN,,,0.0,,,,,,,False
DXB-MEYDAN-29749e44e2,meydanone,55.323676,25.14674,12.0,3,,,,,,,,,UNKNOWN,,,0.0,,,,,,,False
DXB-MEYDAN-c1420cd959,meydanone,55.305305,25.164531,12.0,3,Jude Residence,Jude Residence,BUILDING_NAME,Jude Residence,,,,,MATCHED,osm,osm,0.9,0.0,True,,,,carried on the footprint by build_anchors,False
DXB-MEYDAN-1c961d770d,meydanone,55.305683,25.165138,12.0,3,Azizi Park Avenue II,Azizi Park Avenue II,BUILDING_NAME,Azizi Park Avenue II,,,,,MATCHED,osm,osm,0.9,0.0,True,,,,carried on the footprint by build_anchors,False
DXB-MEYDAN-6678890633,meydanone,55.307834,25.165931,12.0,3,Azizi Gardens,Azizi Gardens,BUILDING_NAME,Azizi Gardens,,,,,MATCHED,osm,osm,0.9,0.0,True,,,,carried on the footprint by build_anchors,False
DXB-MEYDAN-5a3b86257e,meydanone,55.308251,25.166226,12.0,3,,,,,,,,,UNKNOWN,,,0.0,,,,,,,False
DXB-MEYDAN-867aa98cca,meydanone,55.300576,25.162506,12.0,3,Falmingo Residence,Falmingo Residence,BUILDING_NAME,Falmingo Residence,,,,,MATCHED,osm,osm,0.9,0.0,True,,,,carried on the footprint by build_anchors,False
DXB-MEYDAN-57468dafb3,meydanone,55.300261,25.163101,12.0,3,Godolphin Building (Hilal Al Zarouni Building),Godolphin Building (Hilal Al Zarouni Building),BUILDING_NAME,Godolphin Building (Hilal Al Zarouni Building),,,,,MATCHED,osm,osm,0.9,0.0,True,,,,carried on the footprint by build_anchors,False
DXB-MEYDAN-734c21b542,meydanone,55.324124,25.145687,12.0,3,,,,,,,,,UNKNOWN,,,0.0,,,,,,,False
DXB-MEYDAN-005d8fe2dc,meydanone,55.324062,25.14563,12.0,3,,,,,,,,,UNKNOWN,,,0.0,,,,,,,False
DXB-MEYDAN-c078b07ced,meydanone,55.324178,25.145608,12.0,3,,,,,,,,,UNKNOWN,,,0.0,,,,,,,False
DXB-MEYDAN-97b55422cd,meydanone,55.324133,25.145565,12.0,3,,,,,,,,,UNKNOWN,,,0.0,,,,,,,False
DXB-MEYDAN-df59626c22,meydanone,55.324087,25.145508,12.0,3,,,,,,,,,UNKNOWN,,,0.0,,,,,,,False
DXB-MEYDAN-5afab9b776,meydanone,55.324016,25.145165,12.0,3,,,,,,,,,UNKNOWN,,,0.0,,,,,,,False
DXB-MEYDAN-199a1aab66,meydanone,55.323898,25.145546,12.0,3,,,,,,,,,UNKNOWN,,,0.0,,,,,,,False
DXB-MEYDAN-f4b9b4a5f2,meydanone,55.323605,25.1454,12.0,3,,,,,,,,,UNKNOWN,,,0.0,,,,,,,False
DXB-MEYDAN-f587c6fab6,meydanone,55.323775,25.145289,12.0,3,,,,,,,,,UNKNOWN,,,0.0,,,,,,,False
DXB-MEYDAN-48d0bd24dd,meydanone,55.326518,25.147939,12.0,3,,,,,,,,,UNKNOWN,,,0.0,,,,,,,False
DXB-MEYDAN-4397f28a9e,meydanone,55.326476,25.147892,12.0,3,,,,,,,,,UNKNOWN,,,0.0,,,,,,,False
DXB-MEYDAN-8f5f990e40,meydanone,55.326459,25.147942,12.0,3,,,,,,,,,UNKNOWN,,,0.0,,,,,,,False
DXB-MEYDAN-08716483ec,meydanone,55.326567,25.148483,12.0,3,,,,,,,,,UNKNOWN,,,0.0,,,,,,,False
DXB-MEYDAN-b594477669,meydanone,55.325549,25.148716,12.0,3,,,,,,,,,UNKNOWN,,,0.0,,,,,,,False
DXB-MEYDAN-7df62b2285,meydanone,55.325718,25.148242,12.0,3,,,,,,,,,UNKNOWN,,,0.0,,,,,,,False
DXB-MEYDAN-2fe5ee60fb,meydanone,55.324468,25.148324,12.0,3,,,,,,,,,UNKNOWN,,,0.0,,,,,,,False
DXB-MEYDAN-984e764402,meydanone,55.324221,25.148425,12.0,3,,,,,,,,,UNKNOWN,,,0.0,,,,,,,False
DXB-MEYDAN-071f7f2552,meydanone,55.324332,25.148379,12.0,3,,,,,,,,,UNKNOWN,,,0.0,,,,,,,False
DXB-MEYDAN-5af589535e,meydanone,55.324458,25.148393,12.0,3,,,,,,,,,UNKNOWN,,,0.0,,,,,,,False
DXB-MEYDAN-430dd1abcb,meydanone,55.324174,25.148755,12.0,3,,,,,,,,,UNKNOWN,,,0.0,,,,,,,False
DXB-MEYDAN-d56b893d01,meydanone,55.323959,25.148159,12.0,3,,,,,,,,,UNKNOWN,,,0.0,,,,,,,False
DXB-MEYDAN-53c6e414f7,meydanone,55.324022,25.148191,12.0,3,,,,,,,,,UNKNOWN,,,0.0,,,,,,,False
DXB-MEYDAN-6a0981207c,meydanone,55.323977,25.148448,12.0,3,,,,,,,,,UNKNOWN,,,0.0,,,,,,,False
DXB-MEYDAN-a90c473a15,meydanone,55.336356,25.143333,12.0,3,,,,,,,,,UNKNOWN,,,0.0,,,,,,,False
DXB-MEYDAN-89630ecae4,meydanone,55.332928,25.144816,12.0,3,,,,,,,,,UNKNOWN,,,0.0,,,,,,,False
DXB-MEYDAN-9fdc3b8f68,meydanone,55.335383,25.144056,12.0,3,,,,,,,,,UNKNOWN,,,0.0,,,,,,,False
DXB-MEYDAN-e1fa1ea0c2,meydanone,55.335876,25.144222,12.0,3,,,,,,,,,UNKNOWN,,,0.0,,,,,,,False
DXB-MEYDAN-1fdc8ceebd,meydanone,55.31294,25.155708,12.0,3,,,,,,,,,UNKNOWN,,,0.0,,,,,,,False
DXB-MEYDAN-ed86c67046,meydanone,55.312937,25.155642,12.0,3,,,,,,,,,UNKNOWN,,,0.0,,,,,,,False
DXB-MEYDAN-67961081fb,meydanone,55.312943,25.15551,12.0,3,,,,,,,,,UNKNOWN,,,0.0,,,,,,,False
DXB-MEYDAN-616721f664,meydanone,55.307287,25.16077,12.0,3,,,,,,,,,UNKNOWN,,,0.0,,,,,,,False
DXB-MEYDAN-e17b49dabd,meydanone,55.321853,25.144744,12.0,3,,,,,,,,,UNKNOWN,,,0.0,,,,,,,False
DXB-MEYDAN-592dd98468,meydanone,55.321834,25.1448,12.0,3,,,,,,,,,UNKNOWN,,,0.0,,,,,,,False
DXB-MEYDAN-2d88ff227e,meydanone,55.322154,25.145235,12.0,3,,,,,,,,,UNKNOWN,,,0.0,,,,,,,False
DXB-MEYDAN-977dcc638b,meydanone,55.322114,25.145077,12.0,3,,,,,,,,,UNKNOWN,,,0.0,,,,,,,False
DXB-MEYDAN-ac0dd4b093,meydanone,55.321783,25.1453,12.0,3,,,,,,,,,UNKNOWN,,,0.0,,,,,,,False
DXB-MEYDAN-3ea72a2cd0,meydanone,55.321679,25.145223,12.0,3,,,,,,,,,UNKNOWN,,,0.0,,,,,,,False
DXB-MEYDAN-861f9c1f74,meydanone,55.322023,25.145374,12.0,3,,,,,,,,,UNKNOWN,,,0.0,,,,,,,False
DXB-MEYDAN-b0bef45052,meydanone,55.32242,25.14501,12.0,3,,,,,,,,,UNKNOWN,,,0.0,,,,,,,False
DXB-MEYDAN-99389b80a0,meydanone,55.322448,25.145023,12.0,3,,,,,,,,,UNKNOWN,,,0.0,,,,,,,False
DXB-MEYDAN-af3277faa4,meydanone,55.322386,25.145092,12.0,3,,,,,,,,,UNKNOWN,,,0.0,,,,,,,False
DXB-MEYDAN-cf3c002da5,meydanone,55.322333,25.145223,12.0,3,,,,,,,,,UNKNOWN,,,0.0,,,,,,,False
DXB-MEYDAN-d7782d2cf4,meydanone,55.322202,25.145436,12.0,3,,,,,,,,,UNKNOWN,,,0.0,,,,,,,False
DXB-MEYDAN-5f5bc72383,meydanone,55.322554,25.145607,12.0,3,,,,,,,,,UNKNOWN,,,0.0,,,,,,,False
DXB-MEYDAN-f5ad90a175,meydanone,55.322507,25.145292,12.0,3,,,,,,,,,UNKNOWN,,,0.0,,,,,,,False
DXB-MEYDAN-15b594b545,meydanone,55.324932,25.1456,12.0,3,,,,,,,,,UNKNOWN,,,0.0,,,,,,,False
DXB-MEYDAN-a39e4ac4eb,meydanone,55.324794,25.145509,12.0,3,,,,,,,,,UNKNOWN,,,0.0,,,,,,,False
DXB-MEYDAN-661037cb89,meydanone,55.324486,25.145217,12.0,3,,,,,,,,,UNKNOWN,,,0.0,,,,,,,False
DXB-MEYDAN-fbf3f1b703,meydanone,55.324292,25.14515,12.0,3,,,,,,,,,UNKNOWN,,,0.0,,,,,,,False
DXB-MEYDAN-d51ab761f3,meydanone,55.324256,25.145213,12.0,3,,,,,,,,,UNKNOWN,,,0.0,,,,,,,False
DXB-MEYDAN-7f37d25f49,meydanone,55.324164,25.145367,12.0,3,,,,,,,,,UNKNOWN,,,0.0,,,,,,,False
DXB-MEYDAN-7e8a05d8c9,meydanone,55.324337,25.145338,12.0,3,,,,,,,,,UNKNOWN,,,0.0,,,,,,,False
DXB-MEYDAN-fd022251fd,meydanone,55.324522,25.145459,12.0,3,,,,,,,,,UNKNOWN,,,0.0,,,,,,,False
DXB-MEYDAN-1d1ac27ba2,meydanone,55.324715,25.145668,12.0,3,,,,,,,,,UNKNOWN,,,0.0,,,,,,,False
DXB-MEYDAN-43598bdd2e,meydanone,55.324736,25.145785,12.0,3,,,,,,,,,UNKNOWN,,,0.0,,,,,,,False
DXB-MEYDAN-52ebe058de,meydanone,55.32458,25.145764,12.0,3,,,,,,,,,UNKNOWN,,,0.0,,,,,,,False
DXB-MEYDAN-b1b48b76f0,meydanone,55.324368,25.145712,12.0,3,,,,,,,,,UNKNOWN,,,0.0,,,,,,,False
DXB-MEYDAN-4648563978,meydanone,55.337909,25.142805,12.0,3,,,,,,,,,UNKNOWN,,,0.0,,,,,,,False
DXB-MEYDAN-2151662cea,meydanone,55.338826,25.13988,12.0,3,,,,,,,,,UNKNOWN,,,0.0,,,,,,,False
DXB-MEYDAN-408e2b9771,meydanone,55.338284,25.142791,12.0,3,,,,,,,,,UNKNOWN,,,0.0,,,,,,,False
DXB-MEYDAN-9ac071c455,meydanone,55.320832,25.144167,12.0,3,,,,,,,,,UNKNOWN,,,0.0,,,,,,,False
DXB-MEYDAN-f6e10e340d,meydanone,55.320883,25.143988,12.0,3,,,,,,,,,UNKNOWN,,,0.0,,,,,,,False
DXB-MEYDAN-df0104afed,meydanone,55.321281,25.144321,12.0,3,,,,,,,,,UNKNOWN,,,0.0,,,,,,,False
DXB-MEYDAN-9d34630581,meydanone,55.321143,25.144254,12.0,3,,,,,,,,,UNKNOWN,,,0.0,,,,,,,False
DXB-MEYDAN-d13e03e74f,meydanone,55.321931,25.144411,12.0,3,,,,,,,,,UNKNOWN,,,0.0,,,,,,,False
DXB-MEYDAN-468c39a1cb,meydanone,55.321967,25.144347,12.0,3,,,,,,,,,UNKNOWN,,,0.0,,,,,,,False
DXB-MEYDAN-7f4ccabe78,meydanone,55.321875,25.144079,12.0,3,,,,,,,,,UNKNOWN,,,0.0,,,,,,,False
DXB-MEYDAN-4f123549d0,meydanone,55.322017,25.144156,12.0,3,,,,,,,,,UNKNOWN,,,0.0,,,,,,,False
DXB-MEYDAN-fd73a1b183,meydanone,55.322038,25.144208,12.0,3,,,,,,,,,UNKNOWN,,,0.0,,,,,,,False
DXB-MEYDAN-0bcd95f479,meydanone,55.321764,25.144375,12.0,3,,,,,,,,,UNKNOWN,,,0.0,,,,,,,False
DXB-MEYDAN-7dbf3b6ee8,meydanone,55.32269,25.145017,12.0,3,,,,,,,,,UNKNOWN,,,0.0,,,,,,,False
DXB-MEYDAN-0703ac6b2c,meydanone,55.322651,25.144495,12.0,3,,,,,,,,,UNKNOWN,,,0.0,,,,,,,False
DXB-MEYDAN-8ed0c881ab,meydanone,55.322573,25.144578,12.0,3,,,,,,,,,UNKNOWN,,,0.0,,,,,,,False
DXB-MEYDAN-76b0fbc8ad,meydanone,55.322525,25.144655,12.0,3,,,,,,,,,UNKNOWN,,,0.0,,,,,,,False
DXB-MEYDAN-ad2ce8e4f1,meydanone,55.323094,25.144675,12.0,3,,,,,,,,,UNKNOWN,,,0.0,,,,,,,False
DXB-MEYDAN-e64f8ee82f,meydanone,55.323016,25.144782,12.0,3,,,,,,,,,UNKNOWN,,,0.0,,,,,,,False
DXB-MEYDAN-7d73e4ca09,meydanone,55.322727,25.144819,12.0,3,,,,,,,,,UNKNOWN,,,0.0,,,,,,,False
DXB-MEYDAN-823f200548,meydanone,55.322816,25.144814,12.0,3,,,,,,,,,UNKNOWN,,,0.0,,,,,,,False
DXB-MEYDAN-0889c57c2b,meydanone,55.322711,25.144747,12.0,3,,,,,,,,,UNKNOWN,,,0.0,,,,,,,False
DXB-MEYDAN-3f6bb60ce5,meydanone,55.322709,25.144649,12.0,3,,,,,,,,,UNKNOWN,,,0.0,,,,,,,False
DXB-MEYDAN-9869f6b171,meydanone,55.322798,25.144739,12.0,3,,,,,,,,,UNKNOWN,,,0.0,,,,,,,False
DXB-MEYDAN-230b6ee312,meydanone,55.322894,25.145041,12.0,3,,,,,,,,,UNKNOWN,,,0.0,,,,,,,False
DXB-MEYDAN-392ab0dede,meydanone,55.322927,25.14499,12.0,3,,,,,,,,,UNKNOWN,,,0.0,,,,,,,False
DXB-MEYDAN-fa5ba0ff21,meydanone,55.322874,25.145101,12.0,3,,,,,,,,,UNKNOWN,,,0.0,,,,,,,False
DXB-MEYDAN-c4e1166cf6,meydanone,55.322797,25.145071,12.0,3,,,,,,,,,UNKNOWN,,,0.0,,,,,,,False
DXB-MEYDAN-35ba5cea65,meydanone,55.322725,25.144973,12.0,3,,,,,,,,,UNKNOWN,,,0.0,,,,,,,False
DXB-MEYDAN-bd21114b96,meydanone,55.322638,25.144914,12.0,3,,,,,,,,,UNKNOWN,,,0.0,,,,,,,False
DXB-MEYDAN-1e2689405b,meydanone,55.322608,25.144981,12.0,3,,,,,,,,,UNKNOWN,,,0.0,,,,,,,False
DXB-MEYDAN-eed463e3de,meydanone,55.32248,25.144727,12.0,3,,,,,,,,,UNKNOWN,,,0.0,,,,,,,False
DXB-MEYDAN-67832636cb,meydanone,55.322513,25.144824,12.0,3,,,,,,,,,UNKNOWN,,,0.0,,,,,,,False
DXB-MEYDAN-d7250a900a,meydanone,55.313676,25.160451,12.0,3,,,,,,,,,UNKNOWN,,,0.0,,,,,,,False
DXB-MEYDAN-a6cb59a194,meydanone,55.313693,25.160368,12.0,3,,,,,,,,,UNKNOWN,,,0.0,,,,,,,False
DXB-MEYDAN-e3f0a917cb,meydanone,55.315356,25.158083,12.0,3,,,,,,,,,UNKNOWN,,,0.0,,,,,,,False
DXB-MEYDAN-7861cb1193,meydanone,55.315459,25.158145,12.0,3,,,,,,,,,UNKNOWN,,,0.0,,,,,,,False
DXB-MEYDAN-2472dd5b69,meydanone,55.315503,25.158107,12.0,3,,,,,,,,,UNKNOWN,,,0.0,,,,,,,False
DXB-MEYDAN-84f3c9341c,meydanone,55.315517,25.158145,12.0,3,,,,,,,,,UNKNOWN,,,0.0,,,,,,,False
DXB-MEYDAN-02e7f7f93d,meydanone,55.315541,25.158024,12.0,3,,,,,,,,,UNKNOWN,,,0.0,,,,,,,False
DXB-MEYDAN-f470c8e722,meydanone,55.315648,25.157855,12.0,3,,,,,,,,,UNKNOWN,,,0.0,,,,,,,False
DXB-MEYDAN-d45da3baf4,meydanone,55.315391,25.157685,12.0,3,,,,,,,,,UNKNOWN,,,0.0,,,,,,,False
DXB-MEYDAN-6c44bf0d67,meydanone,55.335906,25.141028,12.0,3,,,,,,,,,UNKNOWN,,,0.0,,,,,,,False
DXB-MEYDAN-bea785010f,meydanone,55.334728,25.14146,12.0,3,,,,,,,,,UNKNOWN,,,0.0,,,,,,,False
DXB-MEYDAN-3279b79fa7,meydanone,55.325198,25.146703,12.0,3,,,,,,,,,UNKNOWN,,,0.0,,,,,,,False
DXB-MEYDAN-b513bdf115,meydanone,55.325189,25.146766,12.0,3,,,,,,,,,UNKNOWN,,,0.0,,,,,,,False
DXB-MEYDAN-a757c00bec,meydanone,55.325073,25.146802,12.0,3,,,,,,,,,UNKNOWN,,,0.0,,,,,,,False
DXB-MEYDAN-f02be16fb2,meydanone,55.324983,25.1467,12.0,3,,,,,,,,,UNKNOWN,,,0.0,,,,,,,False
DXB-MEYDAN-3ef5809d19,meydanone,55.324894,25.146649,12.0,3,,,,,,,,,UNKNOWN,,,0.0,,,,,,,False
DXB-MEYDAN-4b09faa65b,meydanone,55.324873,25.146682,12.0,3,,,,,,,,,UNKNOWN,,,0.0,,,,,,,False
DXB-MEYDAN-d0b6af0695,meydanone,55.324977,25.146762,12.0,3,,,,,,,,,UNKNOWN,,,0.0,,,,,,,False
DXB-MEYDAN-7b692807da,meydanone,55.324745,25.146513,12.0,3,,,,,,,,,UNKNOWN,,,0.0,,,,,,,False
DXB-MEYDAN-0bd26e633b,meydanone,55.324769,25.14668,12.0,3,,,,,,,,,UNKNOWN,,,0.0,,,,,,,False
DXB-MEYDAN-a9160b3a18,meydanone,55.325782,25.146429,12.0,3,,,,,,,,,UNKNOWN,,,0.0,,,,,,,False
DXB-MEYDAN-f9daecfb58,meydanone,55.325519,25.146314,12.0,3,,,,,,,,,UNKNOWN,,,0.0,,,,,,,False
DXB-MEYDAN-475b3e7f27,meydanone,55.325602,25.146347,12.0,3,,,,,,,,,UNKNOWN,,,0.0,,,,,,,False
DXB-MEYDAN-43de8952c6,meydanone,55.325484,25.146228,12.0,3,,,,,,,,,UNKNOWN,,,0.0,,,,,,,False
DXB-MEYDAN-1236edbe56,meydanone,55.325409,25.146213,12.0,3,,,,,,,,,UNKNOWN,,,0.0,,,,,,,False
DXB-MEYDAN-e774520b7a,meydanone,55.326041,25.146477,12.0,3,,,,,,,,,UNKNOWN,,,0.0,,,,,,,False
DXB-MEYDAN-62e92f2315,meydanone,55.326127,25.14636,12.0,3,,,,,,,,,UNKNOWN,,,0.0,,,,,,,False
DXB-MEYDAN-a2442373fa,meydanone,55.326192,25.146243,12.0,3,,,,,,,,,UNKNOWN,,,0.0,,,,,,,False
DXB-MEYDAN-0c54d1d0f9,meydanone,55.326248,25.146118,12.0,3,,,,,,,,,UNKNOWN,,,0.0,,,,,,,False
DXB-MEYDAN-2af4445231,meydanone,55.326127,25.146059,12.0,3,,,,,,,,,UNKNOWN,,,0.0,,,,,,,False
DXB-MEYDAN-0823df3503,meydanone,55.326008,25.145893,12.0,3,,,,,,,,,UNKNOWN,,,0.0,,,,,,,False
DXB-MEYDAN-6f97848f13,meydanone,55.325937,25.145993,12.0,3,,,,,,,,,UNKNOWN,,,0.0,,,,,,,False
DXB-MEYDAN-ba8df5984b,meydanone,55.325805,25.146015,12.0,3,,,,,,,,,UNKNOWN,,,0.0,,,,,,,False
DXB-MEYDAN-7356a412b2,meydanone,55.325674,25.145948,12.0,3,,,,,,,,,UNKNOWN,,,0.0,,,,,,,False
DXB-MEYDAN-d11f8be5b2,meydanone,55.325477,25.145731,12.0,3,,,,,,,,,UNKNOWN,,,0.0,,,,,,,False
DXB-MEYDAN-f24249a3ec,meydanone,55.325321,25.145748,12.0,3,,,,,,,,,UNKNOWN,,,0.0,,,,,,,False
DXB-MEYDAN-036c97fdeb,meydanone,55.325183,25.145712,12.0,3,,,,,,,,,UNKNOWN,,,0.0,,,,,,,False
DXB-MEYDAN-e69ad8e7ff,meydanone,55.325177,25.145796,12.0,3,,,,,,,,,UNKNOWN,,,0.0,,,,,,,False
DXB-MEYDAN-5ae7ae9bbc,meydanone,55.325246,25.145982,12.0,3,,,,,,,,,UNKNOWN,,,0.0,,,,,,,False
DXB-MEYDAN-9aab3143c6,meydanone,55.325068,25.14601,12.0,3,,,,,,,,,UNKNOWN,,,0.0,,,,,,,False
DXB-MEYDAN-20a55842b7,meydanone,55.325082,25.1461,12.0,3,,,,,,,,,UNKNOWN,,,0.0,,,,,,,False
DXB-MEYDAN-81b608ace8,meydanone,55.325106,25.147819,12.0,3,,,,,,,,,UNKNOWN,,,0.0,,,,,,,False
DXB-MEYDAN-f056edeb3e,meydanone,55.324296,25.14732,12.0,3,,,,,,,,,UNKNOWN,,,0.0,,,,,,,False
DXB-MEYDAN-26a73f26d7,meydanone,55.324669,25.14761,12.0,3,,,,,,,,,UNKNOWN,,,0.0,,,,,,,False
DXB-MEYDAN-d36459c722,meydanone,55.324047,25.146844,12.0,3,,,,,,,,,UNKNOWN,,,0.0,,,,,,,False
DXB-MEYDAN-16e3db4ff1,meydanone,55.327592,25.147592,12.0,3,,,,,,,,,UNKNOWN,,,0.0,,,,,,,False
DXB-MEYDAN-28d68272ac,meydanone,55.327967,25.14831,12.0,3,,,,,,,,,UNKNOWN,,,0.0,,,,,,,False
DXB-MEYDAN-40741d4eca,meydanone,55.325522,25.147998,12.0,3,,,,,,,,,UNKNOWN,,,0.0,,,,,,,False
DXB-MEYDAN-b2b77755b7,meydanone,55.325874,25.147996,12.0,3,,,,,,,,,UNKNOWN,,,0.0,,,,,,,False
DXB-MEYDAN-335d8337d0,meydanone,55.325793,25.148055,12.0,3,,,,,,,,,UNKNOWN,,,0.0,,,,,,,False
DXB-MEYDAN-ec9f35c9b8,meydanone,55.326142,25.147762,12.0,3,,,,,,,,,UNKNOWN,,,0.0,,,,,,,False
DXB-MEYDAN-5218955634,meydanone,55.326027,25.146713,12.0,3,,,,,,,,,UNKNOWN,,,0.0,,,,,,,False
DXB-MEYDAN-f9af1edc08,meydanone,55.325993,25.146755,12.0,3,,,,,,,,,UNKNOWN,,,0.0,,,,,,,False
DXB-MEYDAN-f95754170b,meydanone,55.325969,25.146798,12.0,3,,,,,,,,,UNKNOWN,,,0.0,,,,,,,False
DXB-MEYDAN-88dc232c56,meydanone,55.325787,25.147046,12.0,3,,,,,,,,,UNKNOWN,,,0.0,,,,,,,False
DXB-MEYDAN-42513ca143,meydanone,55.325788,25.147,12.0,3,,,,,,,,,UNKNOWN,,,0.0,,,,,,,False
DXB-MEYDAN-b4b00929e7,meydanone,55.325774,25.146889,12.0,3,,,,,,,,,UNKNOWN,,,0.0,,,,,,,False
DXB-MEYDAN-605155c8bf,meydanone,55.325771,25.146929,12.0,3,,,,,,,,,UNKNOWN,,,0.0,,,,,,,False
DXB-MEYDAN-551a1ec5b9,meydanone,55.325691,25.146892,12.0,3,,,,,,,,,UNKNOWN,,,0.0,,,,,,,False
DXB-MEYDAN-aee7757b80,meydanone,55.325574,25.146991,12.0,3,,,,,,,,,UNKNOWN,,,0.0,,,,,,,False
DXB-MEYDAN-5373b001d6,meydanone,55.325549,25.147034,12.0,3,,,,,,,,,UNKNOWN,,,0.0,,,,,,,False
DXB-MEYDAN-2be5ee6701,meydanone,55.325488,25.146958,12.0,3,,,,,,,,,UNKNOWN,,,0.0,,,,,,,False
DXB-MEYDAN-6f7c377e42,meydanone,55.325381,25.146952,12.0,3,,,,,,,,,UNKNOWN,,,0.0,,,,,,,False
DXB-MEYDAN-427a134a82,meydanone,55.325313,25.146905,12.0,3,,,,,,,,,UNKNOWN,,,0.0,,,,,,,False
DXB-MEYDAN-d7cff5c477,meydanone,55.325333,25.146545,12.0,3,,,,,,,,,UNKNOWN,,,0.0,,,,,,,False
DXB-MEYDAN-968b70165d,meydanone,55.325277,25.146363,12.0,3,,,,,,,,,UNKNOWN,,,0.0,,,,,,,False
DXB-MEYDAN-f10cc63e23,meydanone,55.325088,25.146614,12.0,3,,,,,,,,,UNKNOWN,,,0.0,,,,,,,False
DXB-MEYDAN-98fea6a12f,meydanone,55.332114,25.140862,12.0,3,,,,,,,,,UNKNOWN,,,0.0,,,,,,,False
DXB-MEYDAN-5f2f1f6c0f,meydanone,55.333311,25.141176,12.0,3,,,,,,,,,UNKNOWN,,,0.0,,,,,,,False
DXB-MEYDAN-c14101ca5d,meydanone,55.327207,25.147379,12.0,3,,,,,,,,,UNKNOWN,,,0.0,,,,,,,False
DXB-MEYDAN-e6507608aa,meydanone,55.323896,25.148966,12.0,3,,,,,,,,,UNKNOWN,,,0.0,,,,,,,False
DXB-MEYDAN-2c42399763,meydanone,55.323828,25.148646,12.0,3,,,,,,,,,UNKNOWN,,,0.0,,,,,,,False
DXB-MEYDAN-a26ba81872,meydanone,55.322985,25.148313,12.0,3,,,,,,,,,UNKNOWN,,,0.0,,,,,,,False
DXB-MEYDAN-e49cfe81db,meydanone,55.323007,25.147892,12.0,3,,,,,,,,,UNKNOWN,,,0.0,,,,,,,False
DXB-MEYDAN-d046bc7744,meydanone,55.323256,25.148086,12.0,3,,,,,,,,,UNKNOWN,,,0.0,,,,,,,False
DXB-MEYDAN-fa4f2a708d,meydanone,55.335708,25.139589,12.0,3,,,,,,,,,UNKNOWN,,,0.0,,,,,,,False
DXB-MEYDAN-9a674a330d,meydanone,55.335802,25.13972,12.0,3,,,,,,,,,UNKNOWN,,,0.0,,,,,,,False
DXB-MEYDAN-0f09a87ea2,meydanone,55.335516,25.139538,12.0,3,,,,,,,,,UNKNOWN,,,0.0,,,,,,,False
DXB-MEYDAN-081cfd9f47,meydanone,55.335084,25.139371,12.0,3,,,,,,,,,UNKNOWN,,,0.0,,,,,,,False
DXB-MEYDAN-fba22befd9,meydanone,55.333779,25.138968,12.0,3,,,,,,,,,UNKNOWN,,,0.0,,,,,,,False
DXB-MEYDAN-1dc747f84d,meydanone,55.333826,25.139036,12.0,3,,,,,,,,,UNKNOWN,,,0.0,,,,,,,False
DXB-MEYDAN-7030f5b67d,meydanone,55.332971,25.139057,12.0,3,,,,,,,,,UNKNOWN,,,0.0,,,,,,,False
DXB-MEYDAN-6ad54c2738,meydanone,55.336457,25.139278,12.0,3,,,,,,,,,UNKNOWN,,,0.0,,,,,,,False
DXB-MEYDAN-15e05ed697,meydanone,55.336408,25.139921,12.0,3,,,,,,,,,UNKNOWN,,,0.0,,,,,,,False
DXB-MEYDAN-75faf20047,meydanone,55.336296,25.139504,12.0,3,,,,,,,,,UNKNOWN,,,0.0,,,,,,,False
DXB-MEYDAN-4fcc499023,meydanone,55.336265,25.139471,12.0,3,,,,,,,,,UNKNOWN,,,0.0,,,,,,,False
DXB-MEYDAN-376dd1cb01,meydanone,55.331994,25.136918,12.0,3,,,,,,,,,UNKNOWN,,,0.0,,,,,,,False
DXB-MEYDAN-cef4a88f98,meydanone,55.33357,25.137255,12.0,3,,,,,,,,,UNKNOWN,,,0.0,,,,,,,False
DXB-MEYDAN-a8f9444542,meydanone,55.337317,25.136546,12.0,3,,,,,,,,,UNKNOWN,,,0.0,,,,,,,False
DXB-MEYDAN-eb32514376,meydanone,55.335648,25.135555,12.0,3,,,,,,,,,UNKNOWN,,,0.0,,,,,,,False
DXB-MEYDAN-0ce2a7a10d,meydanone,55.335683,25.135569,12.0,3,,,,,,,,,UNKNOWN,,,0.0,,,,,,,False
DXB-MEYDAN-b0db48c17b,meydanone,55.335737,25.135595,12.0,3,,,,,,,,,UNKNOWN,,,0.0,,,,,,,False
DXB-MEYDAN-c2ee9c2659,meydanone,55.332206,25.135485,12.0,3,,,,,,,,,UNKNOWN,,,0.0,,,,,,,False
DXB-MEYDAN-4bf8352b71,meydanone,55.331419,25.135602,12.0,3,,,,,,,,,UNKNOWN,,,0.0,,,,,,,False
DXB-MEYDAN-3ea0471f34,meydanone,55.331301,25.135343,12.0,3,,,,,,,,,UNKNOWN,,,0.0,,,,,,,False
DXB-MEYDAN-fb99b934cd,meydanone,55.331229,25.135186,12.0,3,,,,,,,,,UNKNOWN,,,0.0,,,,,,,False
DXB-MEYDAN-22db796b64,meydanone,55.325518,25.145771,12.0,3,,,,,,,,,UNKNOWN,,,0.0,,,,,,,False
DXB-MEYDAN-33190edb6b,meydanone,55.324707,25.147771,12.0,3,,,,,,,,,UNKNOWN,,,0.0,,,,,,,False
DXB-MEYDAN-9e7ab537ea,meydanone,55.325897,25.148106,12.0,3,,,,,,,,,UNKNOWN,,,0.0,,,,,,,False
DXB-MEYDAN-bbf5a24df5,meydanone,55.323532,25.146275,12.0,3,,,,,,,,,UNKNOWN,,,0.0,,,,,,,False
DXB-MEYDAN-0ae40018be,meydanone,55.326578,25.147464,12.0,3,,,,,,,,,UNKNOWN,,,0.0,,,,,,,False
DXB-MEYDAN-fe41a715c4,meydanone,55.326665,25.147288,12.0,3,,,,,,,,,UNKNOWN,,,0.0,,,,,,,False
DXB-MEYDAN-cec72e94c3,meydanone,55.332816,25.139125,12.0,3,,,,,,,,,UNKNOWN,,,0.0,,,,,,,False
DXB-MEYDAN-f9674e2862,meydanone,55.291263,25.152054,12.0,3,,,,,,,,,UNKNOWN,,,0.0,,,,,,,False
DXB-MEYDAN-30342e0e2f,meydanone,55.29182,25.15231,12.0,3,,,,,,,,,UNKNOWN,,,0.0,,,,,,,False
DXB-MEYDAN-c0ebf530c1,meydanone,55.291407,25.153081,12.0,3,,,,,,,,,UNKNOWN,,,0.0,,,,,,,False
DXB-MEYDAN-dc59b6d234,meydanone,55.303964,25.156902,12.0,3,,,,,,,,,UNKNOWN,,,0.0,,,,,,,False
DXB-MEYDAN-7576c117b6,meydanone,55.310027,25.167211,12.0,3,,,,,,,,,UNKNOWN,,,0.0,,,,,,,False
DXB-MEYDAN-9ab571ed61,meydanone,55.31008,25.167189,12.0,3,,,,,,,,,UNKNOWN,,,0.0,,,,,,,False
DXB-MEYDAN-8566673ee9,meydanone,55.321389,25.145116,12.0,3,,,,,,,,,UNKNOWN,,,0.0,,,,,,,False
DXB-MEYDAN-0d4e602ae5,meydanone,55.321471,25.145153,12.0,3,,,,,,,,,UNKNOWN,,,0.0,,,,,,,False
DXB-MEYDAN-58196c3127,meydanone,55.32143,25.144907,12.0,3,,,,,,,,,UNKNOWN,,,0.0,,,,,,,False
DXB-MEYDAN-f90df9263c,meydanone,55.3221,25.147976,12.0,3,,,,,,,,,UNKNOWN,,,0.0,,,,,,,False
DXB-MEYDAN-6531f65652,meydanone,55.318838,25.144958,12.0,3,,,,,,,,,UNKNOWN,,,0.0,,,,,,,False
DXB-MEYDAN-270d22cb68,meydanone,55.320531,25.14397,12.0,3,,,,,,,,,UNKNOWN,,,0.0,,,,,,,False
DXB-MEYDAN-99f3cd38c0,meydanone,55.320597,25.14385,12.0,3,,,,,,,,,UNKNOWN,,,0.0,,,,,,,False
DXB-MEYDAN-30bfdc3d03,meydanone,55.320643,25.143713,12.0,3,,,,,,,,,UNKNOWN,,,0.0,,,,,,,False
DXB-MEYDAN-f3fdf5f98b,meydanone,55.319828,25.143708,12.0,3,,,,,,,,,UNKNOWN,,,0.0,,,,,,,False
DXB-MEYDAN-276564c7ca,meydanone,55.319891,25.143578,12.0,3,,,,,,,,,UNKNOWN,,,0.0,,,,,,,False
DXB-MEYDAN-e432274080,meydanone,55.320207,25.143331,12.0,3,,,,,,,,,UNKNOWN,,,0.0,,,,,,,False
DXB-MEYDAN-597d1598df,meydanone,55.319985,25.143298,12.0,3,,,,,,,,,UNKNOWN,,,0.0,,,,,,,False
DXB-MEYDAN-b1e9f385c6,meydanone,55.319586,25.143082,12.0,3,,,,,,,,,UNKNOWN,,,0.0,,,,,,,False
DXB-MEYDAN-7d27464387,meydanone,55.310242,25.165129,12.0,3,,,,,,,,,UNKNOWN,,,0.0,,,,,,,False
DXB-MEYDAN-85c1662424,meydanone,55.319484,25.14493,12.0,3,,,,,,,,,UNKNOWN,,,0.0,,,,,,,False
DXB-MEYDAN-e4285a91a2,meydanone,55.31937,25.144879,12.0,3,,,,,,,,,UNKNOWN,,,0.0,,,,,,,False
DXB-MEYDAN-7427206360,meydanone,55.319622,25.145005,12.0,3,,,,,,,,,UNKNOWN,,,0.0,,,,,,,False
DXB-MEYDAN-6b52d5c8dd,meydanone,55.318956,25.14703,12.0,3,,,,,,,,,UNKNOWN,,,0.0,,,,,,,False
DXB-MEYDAN-7ee3309795,meydanone,55.319221,25.145229,12.0,3,,,,,,,,,UNKNOWN,,,0.0,,,,,,,False
DXB-MEYDAN-8b2599a0d7,meydanone,55.319446,25.145173,12.0,3,,,,,,,,,UNKNOWN,,,0.0,,,,,,,False
DXB-MEYDAN-4ead88e7e7,meydanone,55.318083,25.142418,12.0,3,,,,,,,,,UNKNOWN,,,0.0,,,,,,,False
DXB-MEYDAN-6030dd00ad,meydanone,55.318356,25.142522,12.0,3,,,,,,,,,UNKNOWN,,,0.0,,,,,,,False
DXB-MEYDAN-660e5c8dcd,meydanone,55.317973,25.142593,12.0,3,,,,,,,,,UNKNOWN,,,0.0,,,,,,,False
DXB-MEYDAN-027f0facb4,meydanone,55.318098,25.142709,12.0,3,,,,,,,,,UNKNOWN,,,0.0,,,,,,,False
DXB-MEYDAN-07ec17fb1f,meydanone,55.31973,25.147218,12.0,3,,,,,,,,,UNKNOWN,,,0.0,,,,,,,False
DXB-MEYDAN-2ecf0941b8,meydanone,55.31898,25.1471,12.0,3,,,,,,,,,UNKNOWN,,,0.0,,,,,,,False
DXB-MEYDAN-f5ddab9445,meydanone,55.319511,25.14649,12.0,3,,,,,,,,,UNKNOWN,,,0.0,,,,,,,False
DXB-MEYDAN-e2590748c8,meydanone,55.320173,25.14385,12.0,3,,,,,,,,,UNKNOWN,,,0.0,,,,,,,False
DXB-MEYDAN-12a2b7ca31,meydanone,55.32034,25.143924,12.0,3,,,,,,,,,UNKNOWN,,,0.0,,,,,,,False
DXB-MEYDAN-7b365e9363,meydanone,55.302293,25.161412,12.0,3,,,,,,,,,UNKNOWN,,,0.0,,,,,,,False
DXB-MEYDAN-d827e76f8b,meydanone,55.302514,25.161483,12.0,3,,,,,,,,,UNKNOWN,,,0.0,,,,,,,False
DXB-MEYDAN-bd54018060,meydanone,55.305336,25.164203,12.0,3,,,,,,,,,UNKNOWN,,,0.0,,,,,,,False
DXB-MEYDAN-b3a1dab659,meydanone,55.305099,25.163103,12.0,3,,,,,,,,,UNKNOWN,,,0.0,,,,,,,False
DXB-MEYDAN-59ea052bfd,meydanone,55.302525,25.162805,12.0,3,,,,,,,,,UNKNOWN,,,0.0,,,,,,,False
DXB-MEYDAN-871cfc6132,meydanone,55.302969,25.162088,12.0,3,,,,,,,,,UNKNOWN,,,0.0,,,,,,,False
DXB-MEYDAN-c081e8f867,meydanone,55.336946,25.13239,12.0,3,,,,,,,,,UNKNOWN,,,0.0,,,,,,,False
DXB-MEYDAN-7f962daa91,meydanone,55.33698,25.132353,12.0,3,,,,,,,,,UNKNOWN,,,0.0,,,,,,,False
DXB-MEYDAN-6629c6eb14,meydanone,55.336974,25.132382,12.0,3,,,,,,,,,UNKNOWN,,,0.0,,,,,,,False
DXB-MEYDAN-2078cbea3d,meydanone,55.33748,25.132742,12.0,3,,,,,,,,,UNKNOWN,,,0.0,,,,,,,False
DXB-MEYDAN-c79e11d5f6,meydanone,55.337426,25.132596,12.0,3,,,,,,,,,UNKNOWN,,,0.0,,,,,,,False
DXB-MEYDAN-2fc15cb47c,meydanone,55.337077,25.132362,12.0,3,,,,,,,,,UNKNOWN,,,0.0,,,,,,,False
DXB-MEYDAN-80d51b9548,meydanone,55.337064,25.132253,12.0,3,,,,,,,,,UNKNOWN,,,0.0,,,,,,,False
DXB-MEYDAN-e71582a0c5,meydanone,55.33687,25.132137,12.0,3,,,,,,,,,UNKNOWN,,,0.0,,,,,,,False
DXB-MEYDAN-467c99f734,meydanone,55.336908,25.132035,12.0,3,,,,,,,,,UNKNOWN,,,0.0,,,,,,,False
DXB-MEYDAN-7f3fd7b24d,meydanone,55.336864,25.131981,12.0,3,,,,,,,,,UNKNOWN,,,0.0,,,,,,,False
DXB-MEYDAN-51f453da37,meydanone,55.336745,25.131947,12.0,3,,,,,,,,,UNKNOWN,,,0.0,,,,,,,False
DXB-MEYDAN-5a5f92f98d,meydanone,55.336768,25.131921,12.0,3,,,,,,,,,UNKNOWN,,,0.0,,,,,,,False
DXB-MEYDAN-fd02b538fc,meydanone,55.336724,25.131798,12.0,3,,,,,,,,,UNKNOWN,,,0.0,,,,,,,False
DXB-MEYDAN-e4a3754dfa,meydanone,55.336708,25.131809,12.0,3,,,,,,,,,UNKNOWN,,,0.0,,,,,,,False
DXB-MEYDAN-24bf848598,meydanone,55.336802,25.131907,12.0,3,,,,,,,,,UNKNOWN,,,0.0,,,,,,,False
DXB-MEYDAN-bb3b005afa,meydanone,55.336652,25.131834,12.0,3,,,,,,,,,UNKNOWN,,,0.0,,,,,,,False
DXB-MEYDAN-0a2a07a48e,meydanone,55.33669,25.131716,12.0,3,,,,,,,,,UNKNOWN,,,0.0,,,,,,,False
DXB-MEYDAN-be423c050e,meydanone,55.331092,25.140982,12.0,3,,,,,,,,,UNKNOWN,,,0.0,,,,,,,False
DXB-MEYDAN-8248767a9f,meydanone,55.330164,25.140217,12.0,3,,,,,,,,,UNKNOWN,,,0.0,,,,,,,False
DXB-MEYDAN-aecab03e5f,meydanone,55.315628,25.154209,12.0,3,,,,,,,,,UNKNOWN,,,0.0,,,,,,,False
DXB-MEYDAN-da95edc42c,meydanone,55.316586,25.154391,12.0,3,,,,,,,,,UNKNOWN,,,0.0,,,,,,,False
DXB-MEYDAN-be1ea4195d,meydanone,55.3165,25.154368,12.0,3,,,,,,,,,UNKNOWN,,,0.0,,,,,,,False
DXB-MEYDAN-7676c01e42,meydanone,55.314952,25.155628,12.0,3,,,,,,,,,UNKNOWN,,,0.0,,,,,,,False
DXB-MEYDAN-9cb3acd958,meydanone,55.314821,25.155624,12.0,3,,,,,,,,,UNKNOWN,,,0.0,,,,,,,False
DXB-MEYDAN-e9d551ed7a,meydanone,55.315443,25.15696,12.0,3,,,,,,,,,UNKNOWN,,,0.0,,,,,,,False
DXB-MEYDAN-87ce517830,meydanone,55.314963,25.156717,12.0,3,,,,,,,,,UNKNOWN,,,0.0,,,,,,,False
DXB-MEYDAN-14d2101da0,meydanone,55.314928,25.156794,12.0,3,,,,,,,,,UNKNOWN,,,0.0,,,,,,,False
DXB-MEYDAN-7537a3daa1,meydanone,55.31491,25.156785,12.0,3,,,,,,,,,UNKNOWN,,,0.0,,,,,,,False
DXB-MEYDAN-1e683224e9,meydanone,55.313683,25.156786,12.0,3,,,,,,,,,UNKNOWN,,,0.0,,,,,,,False
DXB-MEYDAN-1f9a948bf4,meydanone,55.313721,25.156391,12.0,3,,,,,,,,,UNKNOWN,,,0.0,,,,,,,False
DXB-MEYDAN-b4cb3cb3ec,meydanone,55.313824,25.156321,12.0,3,,,,,,,,,UNKNOWN,,,0.0,,,,,,,False
DXB-MEYDAN-cb4c68e7d5,meydanone,55.31383,25.156427,12.0,3,,,,,,,,,UNKNOWN,,,0.0,,,,,,,False
DXB-MEYDAN-2ac7a25a37,meydanone,55.313873,25.156549,12.0,3,,,,,,,,,UNKNOWN,,,0.0,,,,,,,False
DXB-MEYDAN-495ec44dc6,meydanone,55.313333,25.155663,12.0,3,,,,,,,,,UNKNOWN,,,0.0,,,,,,,False
DXB-MEYDAN-d0741502d8,meydanone,55.313302,25.155811,12.0,3,,,,,,,,,UNKNOWN,,,0.0,,,,,,,False
DXB-MEYDAN-ad177a2844,meydanone,55.318868,25.145299,12.0,3,,,,,,,,,UNKNOWN,,,0.0,,,,,,,False
DXB-MEYDAN-f178ffb620,meydanone,55.319067,25.144943,12.0,3,,,,,,,,,UNKNOWN,,,0.0,,,,,,,False
DXB-MEYDAN-2d9a889a28,meydanone,55.31994,25.144638,12.0,3,,,,,,,,,UNKNOWN,,,0.0,,,,,,,False
DXB-MEYDAN-28c2b4f2b8,meydanone,55.316302,25.152403,12.0,3,,,,,,,,,UNKNOWN,,,0.0,,,,,,,False
DXB-MEYDAN-df161f08dc,meydanone,55.315967,25.152242,12.0,3,,,,,,,,,UNKNOWN,,,0.0,,,,,,,False
DXB-MEYDAN-b4c3884845,meydanone,55.315555,25.152057,12.0,3,,,,,,,,,UNKNOWN,,,0.0,,,,,,,False
DXB-MEYDAN-46ce5404a3,meydanone,55.314598,25.157355,12.0,3,,,,,,,,,UNKNOWN,,,0.0,,,,,,,False
DXB-MEYDAN-8ee0a082bf,meydanone,55.315582,25.157644,12.0,3,,,,,,,,,UNKNOWN,,,0.0,,,,,,,False
DXB-MEYDAN-45d46fa706,meydanone,55.315449,25.157523,12.0,3,,,,,,,,,UNKNOWN,,,0.0,,,,,,,False
DXB-MEYDAN-d5ebc4084f,meydanone,55.318639,25.153858,12.0,3,,,,,,,,,UNKNOWN,,,0.0,,,,,,,False
DXB-MEYDAN-f279b59193,meydanone,55.318627,25.153942,12.0,3,,,,,,,,,UNKNOWN,,,0.0,,,,,,,False
DXB-MEYDAN-48bb880e85,meydanone,55.31688,25.155198,12.0,3,,,,,,,,,UNKNOWN,,,0.0,,,,,,,False
DXB-MEYDAN-6879579ade,meydanone,55.317588,25.156713,12.0,3,,,,,,,,,UNKNOWN,,,0.0,,,,,,,False
DXB-MEYDAN-f7ab057bb1,meydanone,55.315892,25.154373,12.0,3,,,,,,,,,UNKNOWN,,,0.0,,,,,,,False
DXB-MEYDAN-a0b7123ab3,meydanone,55.316806,25.154807,12.0,3,,,,,,,,,UNKNOWN,,,0.0,,,,,,,False
DXB-MEYDAN-465b790965,meydanone,55.315276,25.153673,12.0,3,,,,,,,,,UNKNOWN,,,0.0,,,,,,,False
DXB-MEYDAN-5e0039993a,meydanone,55.315333,25.153604,12.0,3,,,,,,,,,UNKNOWN,,,0.0,,,,,,,False
DXB-MEYDAN-ffdaa9f6da,meydanone,55.315238,25.1536,12.0,3,,,,,,,,,UNKNOWN,,,0.0,,,,,,,False
DXB-MEYDAN-9e8fb4d326,meydanone,55.314152,25.153989,12.0,3,,,,,,,,,UNKNOWN,,,0.0,,,,,,,False
DXB-MEYDAN-70c6c551f6,meydanone,55.313846,25.153849,12.0,3,,,,,,,,,UNKNOWN,,,0.0,,,,,,,False
DXB-MEYDAN-80f8f8ea6d,meydanone,55.314808,25.153475,12.0,3,,,,,,,,,UNKNOWN,,,0.0,,,,,,,False
DXB-MEYDAN-5e4e2d6611,meydanone,55.307751,25.156263,12.0,3,,,,,,,,,UNKNOWN,,,0.0,,,,,,,False
DXB-MEYDAN-3cfb180d9a,meydanone,55.307778,25.156218,12.0,3,,,,,,,,,UNKNOWN,,,0.0,,,,,,,False
DXB-MEYDAN-e2d975cc28,meydanone,55.308242,25.15549,12.0,3,,,,,,,,,UNKNOWN,,,0.0,,,,,,,False
DXB-MEYDAN-864a8bb6a7,meydanone,55.307875,25.155372,12.0,3,,,,,,,,,UNKNOWN,,,0.0,,,,,,,False
DXB-MEYDAN-75da6177c2,meydanone,55.315322,25.147324,12.0,3,,,,,,,,,UNKNOWN,,,0.0,,,,,,,False
DXB-MEYDAN-b665b86767,meydanone,55.315566,25.145957,12.0,3,,,,,,,,,UNKNOWN,,,0.0,,,,,,,False
DXB-MEYDAN-a7207876c9,meydanone,55.318045,25.152087,12.0,3,,,,,,,,,UNKNOWN,,,0.0,,,,,,,False
DXB-MEYDAN-29e3dd8da8,meydanone,55.318129,25.149285,12.0,3,,,,,,,,,UNKNOWN,,,0.0,,,,,,,False
DXB-MEYDAN-6c9d08b5a5,meydanone,55.316576,25.148342,12.0,3,,,,,,,,,UNKNOWN,,,0.0,,,,,,,False
DXB-MEYDAN-12b58cd97a,meydanone,55.316619,25.148262,12.0,3,,,,,,,,,UNKNOWN,,,0.0,,,,,,,False
DXB-MEYDAN-c2988299a6,meydanone,55.315822,25.148386,12.0,3,,,,,,,,,UNKNOWN,,,0.0,,,,,,,False
DXB-MEYDAN-0d45774667,meydanone,55.31596,25.148294,12.0,3,,,,,,,,,UNKNOWN,,,0.0,,,,,,,False
DXB-MEYDAN-ad0f329573,meydanone,55.315765,25.148225,12.0,3,,,,,,,,,UNKNOWN,,,0.0,,,,,,,False
DXB-MEYDAN-a2616fd867,meydanone,55.31474,25.150406,12.0,3,,,,,,,,,UNKNOWN,,,0.0,,,,,,,False
DXB-MEYDAN-08236ecd68,meydanone,55.314129,25.151189,12.0,3,,,,,,,,,UNKNOWN,,,0.0,,,,,,,False
DXB-MEYDAN-8a43c71d9f,meydanone,55.314055,25.151328,12.0,3,,,,,,,,,UNKNOWN,,,0.0,,,,,,,False
DXB-MEYDAN-d5d23f8158,meydanone,55.314236,25.151281,12.0,3,,,,,,,,,UNKNOWN,,,0.0,,,,,,,False
DXB-MEYDAN-13c4378e03,meydanone,55.313936,25.150524,12.0,3,,,,,,,,,UNKNOWN,,,0.0,,,,,,,False
DXB-MEYDAN-2df869d891,meydanone,55.314055,25.150307,12.0,3,,,,,,,,,UNKNOWN,,,0.0,,,,,,,False
DXB-MEYDAN-ab5828ce1a,meydanone,55.314209,25.150371,12.0,3,,,,,,,,,UNKNOWN,,,0.0,,,,,,,False
DXB-MEYDAN-5f8e0fc765,meydanone,55.314029,25.150689,12.0,3,,,,,,,,,UNKNOWN,,,0.0,,,,,,,False
DXB-MEYDAN-6e24ac6289,meydanone,55.313867,25.150896,12.0,3,,,,,,,,,UNKNOWN,,,0.0,,,,,,,False
DXB-MEYDAN-1eec7c2719,meydanone,55.313753,25.151055,12.0,3,,,,,,,,,UNKNOWN,,,0.0,,,,,,,False
DXB-MEYDAN-67a333ee23,meydanone,55.331954,25.135657,12.0,3,,,,,,,,,UNKNOWN,,,0.0,,,,,,,False
DXB-MEYDAN-4c92109ec3,meydanone,55.332808,25.130286,12.0,3,,,,,,,,,UNKNOWN,,,0.0,,,,,,,False
DXB-MEYDAN-14e7a3d467,meydanone,55.334724,25.132161,12.0,3,,,,,,,,,UNKNOWN,,,0.0,,,,,,,False
DXB-MEYDAN-034ebabcf3,meydanone,55.334384,25.131644,12.0,3,,,,,,,,,UNKNOWN,,,0.0,,,,,,,False
DXB-MEYDAN-012258fe6c,meydanone,55.334405,25.131118,12.0,3,,,,,,,,,UNKNOWN,,,0.0,,,,,,,False
DXB-MEYDAN-61f91e26b9,meydanone,55.334249,25.130809,12.0,3,,,,,,,,,UNKNOWN,,,0.0,,,,,,,False
DXB-MEYDAN-a86b29ed2a,meydanone,55.332588,25.129322,12.0,3,,,,,,,,,UNKNOWN,,,0.0,,,,,,,False
DXB-MEYDAN-5228b62539,meydanone,55.332402,25.129185,12.0,3,,,,,,,,,UNKNOWN,,,0.0,,,,,,,False
DXB-MEYDAN-82c226da90,meydanone,55.332351,25.129282,12.0,3,,,,,,,,,UNKNOWN,,,0.0,,,,,,,False
DXB-MEYDAN-63bce1f6a0,meydanone,55.332544,25.129208,12.0,3,,,,,,,,,UNKNOWN,,,0.0,,,,,,,False
DXB-MEYDAN-a2b2e0fd28,meydanone,55.33403,25.131425,12.0,3,,,,,,,,,UNKNOWN,,,0.0,,,,,,,False
DXB-MEYDAN-c3d4ba9ce7,meydanone,55.334243,25.131357,12.0,3,,,,,,,,,UNKNOWN,,,0.0,,,,,,,False
DXB-MEYDAN-5aca8c48c1,meydanone,55.332921,25.129595,12.0,3,,,,,,,,,UNKNOWN,,,0.0,,,,,,,False
DXB-MEYDAN-d696ddb298,meydanone,55.332997,25.129614,12.0,3,,,,,,,,,UNKNOWN,,,0.0,,,,,,,False
DXB-MEYDAN-e377a82ba9,meydanone,55.314383,25.132047,12.0,3,,,,,,,,,UNKNOWN,,,0.0,,,,,,,False
DXB-MEYDAN-3119f67a42,meydanone,55.314059,25.131982,12.0,3,,,,,,,,,UNKNOWN,,,0.0,,,,,,,False
DXB-MEYDAN-962f09b43f,meydanone,55.314143,25.132065,12.0,3,,,,,,,,,UNKNOWN,,,0.0,,,,,,,False
DXB-MEYDAN-788de357ce,meydanone,55.313847,25.132,12.0,3,,,,,,,,,UNKNOWN,,,0.0,,,,,,,False
DXB-MEYDAN-a9d8650edf,meydanone,55.313852,25.132076,12.0,3,,,,,,,,,UNKNOWN,,,0.0,,,,,,,False
DXB-MEYDAN-3b31dad621,meydanone,55.313701,25.132065,12.0,3,,,,,,,,,UNKNOWN,,,0.0,,,,,,,False
DXB-MEYDAN-6e901eb129,meydanone,55.313482,25.132065,12.0,3,,,,,,,,,UNKNOWN,,,0.0,,,,,,,False
DXB-MEYDAN-acfecca21a,meydanone,55.313359,25.132078,12.0,3,,,,,,,,,UNKNOWN,,,0.0,,,,,,,False
DXB-MEYDAN-dfdecab490,meydanone,55.313401,25.131899,12.0,3,,,,,,,,,UNKNOWN,,,0.0,,,,,,,False
DXB-MEYDAN-d56c1ed175,meydanone,55.313484,25.131835,12.0,3,,,,,,,,,UNKNOWN,,,0.0,,,,,,,False
DXB-MEYDAN-271a8ef566,meydanone,55.312926,25.131416,12.0,3,,,,,,,,,UNKNOWN,,,0.0,,,,,,,False
DXB-MEYDAN-f5f8ef6338,meydanone,55.313087,25.131407,12.0,3,,,,,,,,,UNKNOWN,,,0.0,,,,,,,False
DXB-MEYDAN-ffbb398aeb,meydanone,55.314443,25.131461,12.0,3,,,,,,,,,UNKNOWN,,,0.0,,,,,,,False
DXB-MEYDAN-81db70b56a,meydanone,55.314139,25.131482,12.0,3,,,,,,,,,UNKNOWN,,,0.0,,,,,,,False
DXB-MEYDAN-05fcabde6d,meydanone,55.313847,25.131501,12.0,3,,,,,,,,,UNKNOWN,,,0.0,,,,,,,False
DXB-MEYDAN-b0c84ce1fb,meydanone,55.313498,25.131458,12.0,3,,,,,,,,,UNKNOWN,,,0.0,,,,,,,False
DXB-MEYDAN-3577c1ab47,meydanone,55.314143,25.131184,12.0,3,,,,,,,,,UNKNOWN,,,0.0,,,,,,,False
DXB-MEYDAN-6fb0181a1f,meydanone,55.313491,25.131182,12.0,3,,,,,,,,,UNKNOWN,,,0.0,,,,,,,False
DXB-MEYDAN-fdeebaa622,meydanone,55.317153,25.132019,12.0,3,,,,,,,,,UNKNOWN,,,0.0,,,,,,,False
DXB-MEYDAN-aff3727625,meydanone,55.316721,25.132786,12.0,3,,,,,,,,,UNKNOWN,,,0.0,,,,,,,False
DXB-MEYDAN-19ddf3defd,meydanone,55.316328,25.132384,12.0,3,,,,,,,,,UNKNOWN,,,0.0,,,,,,,False
DXB-MEYDAN-32a49bcc91,meydanone,55.315042,25.132407,12.0,3,,,,,,,,,UNKNOWN,,,0.0,,,,,,,False
DXB-MEYDAN-0344cce697,meydanone,55.316478,25.133314,12.0,3,,,,,,,,,UNKNOWN,,,0.0,,,,,,,False
DXB-MEYDAN-ac611d5025,meydanone,55.318303,25.134728,12.0,3,,,,,,,,,UNKNOWN,,,0.0,,,,,,,False
DXB-MEYDAN-57ecf2c8a2,meydanone,55.317409,25.134738,12.0,3,,,,,,,,,UNKNOWN,,,0.0,,,,,,,False
DXB-MEYDAN-a2b9ab67dd,meydanone,55.316164,25.134733,12.0,3,,,,,,,,,UNKNOWN,,,0.0,,,,,,,False
DXB-MEYDAN-c19396ef4d,meydanone,55.315938,25.134343,12.0,3,,,,,,,,,UNKNOWN,,,0.0,,,,,,,False
DXB-MEYDAN-b7bbc93210,meydanone,55.313237,25.135549,12.0,3,,,,,,,,,UNKNOWN,,,0.0,,,,,,,False
DXB-MEYDAN-cf98ae3eed,meydanone,55.313216,25.135175,12.0,3,,,,,,,,,UNKNOWN,,,0.0,,,,,,,False
DXB-MEYDAN-dd111349a6,meydanone,55.313239,25.134768,12.0,3,,,,,,,,,UNKNOWN,,,0.0,,,,,,,False
DXB-MEYDAN-0254fec844,meydanone,55.315,25.133341,12.0,3,,,,,,,,,UNKNOWN,,,0.0,,,,,,,False
DXB-MEYDAN-d246df2f87,meydanone,55.314394,25.133567,12.0,3,,,,,,,,,UNKNOWN,,,0.0,,,,,,,False
DXB-MEYDAN-46a736f3c0,meydanone,55.313553,25.13315,12.0,3,,,,,,,,,UNKNOWN,,,0.0,,,,,,,False
DXB-MEYDAN-0e0c38765d,meydanone,55.313802,25.133385,12.0,3,,,,,,,,,UNKNOWN,,,0.0,,,,,,,False
DXB-MEYDAN-9f5b64e615,meydanone,55.313519,25.133379,12.0,3,,,,,,,,,UNKNOWN,,,0.0,,,,,,,False
DXB-MEYDAN-021e559cab,meydanone,55.313769,25.133835,12.0,3,,,,,,,,,UNKNOWN,,,0.0,,,,,,,False
DXB-MEYDAN-77d22b3e2f,meydanone,55.313591,25.134056,12.0,3,,,,,,,,,UNKNOWN,,,0.0,,,,,,,False
DXB-MEYDAN-d27627cd09,meydanone,55.313568,25.133855,12.0,3,,,,,,,,,UNKNOWN,,,0.0,,,,,,,False
DXB-MEYDAN-4b6bd0d9b8,meydanone,55.318387,25.135313,12.0,3,,,,,,,,,UNKNOWN,,,0.0,,,,,,,False
DXB-MEYDAN-15a023cab5,meydanone,55.318244,25.135453,12.0,3,,,,,,,,,UNKNOWN,,,0.0,,,,,,,False
DXB-MEYDAN-cbfba9d6b7,meydanone,55.318079,25.135674,12.0,3,,,,,,,,,UNKNOWN,,,0.0,,,,,,,False
DXB-MEYDAN-a6f67ae9f4,meydanone,55.318177,25.135639,12.0,3,,,,,,,,,UNKNOWN,,,0.0,,,,,,,False
DXB-MEYDAN-9d898000c5,meydanone,55.316658,25.132831,12.0,3,,,,,,,,,UNKNOWN,,,0.0,,,,,,,False
DXB-MEYDAN-2cdbd10e73,meydanone,55.316749,25.132836,12.0,3,,,,,,,,,UNKNOWN,,,0.0,,,,,,,False
DXB-MEYDAN-b592c9e884,meydanone,55.317208,25.132696,12.0,3,,,,,,,,,UNKNOWN,,,0.0,,,,,,,False
DXB-MEYDAN-2c7a2cf387,meydanone,55.317323,25.132769,12.0,3,,,,,,,,,UNKNOWN,,,0.0,,,,,,,False
DXB-MEYDAN-710969c01d,meydanone,55.317792,25.132758,12.0,3,,,,,,,,,UNKNOWN,,,0.0,,,,,,,False
DXB-MEYDAN-23fd8b7351,meydanone,55.318127,25.132813,12.0,3,,,,,,,,,UNKNOWN,,,0.0,,,,,,,False
DXB-MEYDAN-e89d5dd5b2,meydanone,55.318108,25.134293,12.0,3,,,,,,,,,UNKNOWN,,,0.0,,,,,,,False
DXB-MEYDAN-6d373377ea,meydanone,55.318371,25.134433,12.0,3,,,,,,,,,UNKNOWN,,,0.0,,,,,,,False
DXB-MEYDAN-5f99f8875e,meydanone,55.318326,25.134418,12.0,3,,,,,,,,,UNKNOWN,,,0.0,,,,,,,False
DXB-MEYDAN-6953c159bc,meydanone,55.318273,25.134402,12.0,3,,,,,,,,,UNKNOWN,,,0.0,,,,,,,False
DXB-MEYDAN-2b4ea62223,meydanone,55.318261,25.134926,12.0,3,,,,,,,,,UNKNOWN,,,0.0,,,,,,,False
DXB-MEYDAN-ecc502e893,meydanone,55.31554,25.134342,12.0,3,,,,,,,,,UNKNOWN,,,0.0,,,,,,,False
DXB-MEYDAN-e77af26969,meydanone,55.316394,25.134837,12.0,3,,,,,,,,,UNKNOWN,,,0.0,,,,,,,False
DXB-MEYDAN-c0f9db610e,meydanone,55.316519,25.134817,12.0,3,,,,,,,,,UNKNOWN,,,0.0,,,,,,,False
DXB-MEYDAN-3317b33da4,meydanone,55.316461,25.134759,12.0,3,,,,,,,,,UNKNOWN,,,0.0,,,,,,,False
DXB-MEYDAN-2bb00592a8,meydanone,55.316298,25.134848,12.0,3,,,,,,,,,UNKNOWN,,,0.0,,,,,,,False
DXB-MEYDAN-ae2a14548f,meydanone,55.313247,25.132993,12.0,3,,,,,,,,,UNKNOWN,,,0.0,,,,,,,False
DXB-MEYDAN-5c59f11825,meydanone,55.313825,25.133526,12.0,3,,,,,,,,,UNKNOWN,,,0.0,,,,,,,False
DXB-MEYDAN-3da5d23675,meydanone,55.313726,25.134109,12.0,3,,,,,,,,,UNKNOWN,,,0.0,,,,,,,False
DXB-MEYDAN-bc87c33001,meydanone,55.313718,25.133975,12.0,3,,,,,,,,,UNKNOWN,,,0.0,,,,,,,False
DXB-MEYDAN-1c39e8683b,meydanone,55.313872,25.133888,12.0,3,,,,,,,,,UNKNOWN,,,0.0,,,,,,,False
DXB-MEYDAN-ccbe8d338d,meydanone,55.318045,25.125163,12.0,3,,,,,,,,,UNKNOWN,,,0.0,,,,,,,False
DXB-MEYDAN-cfd38664f3,meydanone,55.318037,25.125195,12.0,3,,,,,,,,,UNKNOWN,,,0.0,,,,,,,False
DXB-MEYDAN-39f3fb1883,meydanone,55.318029,25.125225,12.0,3,,,,,,,,,UNKNOWN,,,0.0,,,,,,,False
DXB-MEYDAN-599f3bfe46,meydanone,55.303787,25.129084,12.0,3,,,,,,,,,UNKNOWN,,,0.0,,,,,,,False
DXB-MEYDAN-2918ce0897,meydanone,55.304318,25.128983,12.0,3,,,,,,,,,UNKNOWN,,,0.0,,,,,,,False
DXB-MEYDAN-3c855d7f34,meydanone,55.303781,25.129737,12.0,3,,,,,,,,,UNKNOWN,,,0.0,,,,,,,False
DXB-MEYDAN-58e38a95b5,meydanone,55.303786,25.12955,12.0,3,,,,,,,,,UNKNOWN,,,0.0,,,,,,,False
DXB-MEYDAN-f6695943c7,meydanone,55.30326,25.129457,12.0,3,,,,,,,,,UNKNOWN,,,0.0,,,,,,,False
DXB-MEYDAN-18e01277bc,meydanone,55.303086,25.129738,12.0,3,,,,,,,,,UNKNOWN,,,0.0,,,,,,,False
DXB-MEYDAN-29c5ac2cfb,meydanone,55.317875,25.130797,12.0,3,,,,,,,,,UNKNOWN,,,0.0,,,,,,,False
DXB-MEYDAN-e23daa98d6,meydanone,55.313736,25.131856,12.0,3,,,,,,,,,UNKNOWN,,,0.0,,,,,,,False
DXB-MEYDAN-192e5c6f5f,meydanone,55.313934,25.131847,12.0,3,,,,,,,,,UNKNOWN,,,0.0,,,,,,,False
DXB-MEYDAN-d826f8aeae,meydanone,55.313129,25.131631,12.0,3,,,,,,,,,UNKNOWN,,,0.0,,,,,,,False
DXB-MEYDAN-b2aaec70f3,meydanone,55.314801,25.131413,12.0,3,,,,,,,,,UNKNOWN,,,0.0,,,,,,,False
DXB-MEYDAN-5fc8eac1bd,meydanone,55.31475,25.131184,12.0,3,,,,,,,,,UNKNOWN,,,0.0,,,,,,,False
DXB-MEYDAN-25c05ce57c,meydanone,55.314154,25.131858,12.0,3,,,,,,,,,UNKNOWN,,,0.0,,,,,,,False
DXB-MEYDAN-5cfff1badc,meydanone,55.313844,25.131202,12.0,3,,,,,,,,,UNKNOWN,,,0.0,,,,,,,False
DXB-MEYDAN-f8c5aab3b8,meydanone,55.313159,25.13121,12.0,3,,,,,,,,,UNKNOWN,,,0.0,,,,,,,False
DXB-MEYDAN-4329611152,meydanone,55.314602,25.132036,12.0,3,,,,,,,,,UNKNOWN,,,0.0,,,,,,,False
DXB-MEYDAN-7ba6988249,meydanone,55.31481,25.13185,12.0,3,,,,,,,,,UNKNOWN,,,0.0,,,,,,,False
DXB-MEYDAN-ae6aad88cc,meydanone,55.314435,25.131183,12.0,3,,,,,,,,,UNKNOWN,,,0.0,,,,,,,False
DXB-MEYDAN-12c69e0ae1,meydanone,55.315471,25.132028,12.0,3,,,,,,,,,UNKNOWN,,,0.0,,,,,,,False
DXB-MEYDAN-ed4e00bafb,meydanone,55.315475,25.132112,12.0,3,,,,,,,,,UNKNOWN,,,0.0,,,,,,,False
DXB-MEYDAN-6120f590c5,meydanone,55.315063,25.131984,12.0,3,,,,,,,,,UNKNOWN,,,0.0,,,,,,,False
DXB-MEYDAN-6407f63c62,meydanone,55.315411,25.132088,12.0,3,,,,,,,,,UNKNOWN,,,0.0,,,,,,,False
DXB-MEYDAN-19f623b19f,meydanone,55.315354,25.131984,12.0,3,,,,,,,,,UNKNOWN,,,0.0,,,,,,,False
DXB-MEYDAN-3ca4ff7c5c,meydanone,55.315178,25.132002,12.0,3,,,,,,,,,UNKNOWN,,,0.0,,,,,,,False
DXB-MEYDAN-164bfdf297,meydanone,55.313427,25.132155,12.0,3,,,,,,,,,UNKNOWN,,,0.0,,,,,,,False
DXB-MEYDAN-5a02ca0173,meydanone,55.313367,25.134612,12.0,3,,,,,,,,,UNKNOWN,,,0.0,,,,,,,False
DXB-MEYDAN-44a59f614a,meydanone,55.313288,25.135014,12.0,3,,,,,,,,,UNKNOWN,,,0.0,,,,,,,False
DXB-MEYDAN-a500016593,meydanone,55.313133,25.13503,12.0,3,,,,,,,,,UNKNOWN,,,0.0,,,,,,,False
DXB-MEYDAN-8a743ceb2a,meydanone,55.313076,25.135131,12.0,3,,,,,,,,,UNKNOWN,,,0.0,,,,,,,False
DXB-MEYDAN-0885ebbfcc,meydanone,55.313361,25.135587,12.0,3,,,,,,,,,UNKNOWN,,,0.0,,,,,,,False
DXB-MEYDAN-9b11d5c423,meydanone,55.313355,25.135493,12.0,3,,,,,,,,,UNKNOWN,,,0.0,,,,,,,False
DXB-MEYDAN-f6a657d835,meydanone,55.313132,25.135482,12.0,3,,,,,,,,,UNKNOWN,,,0.0,,,,,,,False
DXB-MEYDAN-494683283a,meydanone,55.322,25.129618,12.0,3,,,,,,,,,UNKNOWN,,,0.0,,,,,,,False
DXB-MEYDAN-3be479cf4a,meydanone,55.316307,25.134671,12.0,3,,,,,,,,,UNKNOWN,,,0.0,,,,,,,False
DXB-MEYDAN-123f5a0c87,meydanone,55.313138,25.134618,12.0,3,,,,,,,,,UNKNOWN,,,0.0,,,,,,,False
DXB-MEYDAN-fbc555799d,meydanone,55.31331,25.132394,12.0,3,,,,,,,,,UNKNOWN,,,0.0,,,,,,,False
DXB-MEYDAN-7493fe5c41,meydanone,55.318083,25.131168,12.0,3,,,,,,,,,UNKNOWN,,,0.0,,,,,,,False
DXB-MEYDAN-301e722bac,meydanone,55.316012,25.130786,12.0,3,,,,,,,,,UNKNOWN,,,0.0,,,,,,,False
DXB-MEYDAN-a0c6a2e2ed,meydanone,55.318226,25.132022,12.0,3,,,,,,,,,UNKNOWN,,,0.0,,,,,,,False
DXB-MEYDAN-ba2538b14e,meydanone,55.315257,25.132351,12.0,3,,,,,,,,,UNKNOWN,,,0.0,,,,,,,False
DXB-MEYDAN-dbbe19b7f3,meydanone,55.317906,25.134266,12.0,3,,,,,,,,,UNKNOWN,,,0.0,,,,,,,False
DXB-MEYDAN-70d2a79104,meydanone,55.317869,25.134266,12.0,3,,,,,,,,,UNKNOWN,,,0.0,,,,,,,False
DXB-MEYDAN-c3ee9e990b,meydanone,55.333232,25.12952,12.0,3,,,,,,,,,UNKNOWN,,,0.0,,,,,,,False
DXB-MEYDAN-11454abb69,meydanone,55.299285,25.135278,12.0,3,,,,,,,,,UNKNOWN,,,0.0,,,,,,,False
DXB-MEYDAN-89f1081724,meydanone,55.332462,25.127633,12.0,3,,,,,,,,,UNKNOWN,,,0.0,,,,,,,False
DXB-MEYDAN-97d019811a,meydanone,55.332254,25.129664,12.0,3,,,,,,,,,UNKNOWN,,,0.0,,,,,,,False
DXB-MEYDAN-6cf9efca6b,meydanone,55.332367,25.12968,12.0,3,,,,,,,,,UNKNOWN,,,0.0,,,,,,,False
DXB-MEYDAN-2cbe9c9474,meydanone,55.332311,25.129672,12.0,3,,,,,,,,,UNKNOWN,,,0.0,,,,,,,False
DXB-MEYDAN-329799c3aa,meydanone,55.332354,25.128614,12.0,3,,,,,,,,,UNKNOWN,,,0.0,,,,,,,False
DXB-MEYDAN-8bd4d46845,meydanone,55.332181,25.129916,12.0,3,,,,,,,,,UNKNOWN,,,0.0,,,,,,,False
DXB-MEYDAN-45cfa7f62b,meydanone,55.332092,25.129871,12.0,3,,,,,,,,,UNKNOWN,,,0.0,,,,,,,False
DXB-MEYDAN-97b4e8f85b,meydanone,55.332561,25.129168,12.0,3,,,,,,,,,UNKNOWN,,,0.0,,,,,,,False
DXB-MEYDAN-647bffb204,meydanone,55.298952,25.134801,12.0,3,,,,,,,,,UNKNOWN,,,0.0,,,,,,,False
DXB-MEYDAN-c130807fc4,meydanone,55.298586,25.13511,12.0,3,,,,,,,,,UNKNOWN,,,0.0,,,,,,,False
DXB-MEYDAN-8853f81fe0,meydanone,55.298728,25.135101,12.0,3,,,,,,,,,UNKNOWN,,,0.0,,,,,,,False
DXB-MEYDAN-4f9b6e65f9,meydanone,55.298679,25.135104,12.0,3,,,,,,,,,UNKNOWN,,,0.0,,,,,,,False
DXB-MEYDAN-b9b62c8725,meydanone,55.29842,25.136142,12.0,3,,,,,,,,,UNKNOWN,,,0.0,,,,,,,False
DXB-MEYDAN-341bdaf5cd,meydanone,55.298426,25.136274,12.0,3,,,,,,,,,UNKNOWN,,,0.0,,,,,,,False
DXB-MEYDAN-fe1d526a39,meydanone,55.298492,25.136251,12.0,3,,,,,,,,,UNKNOWN,,,0.0,,,,,,,False
DXB-MEYDAN-9776bb8003,meydanone,55.298595,25.136239,12.0,3,,,,,,,,,UNKNOWN,,,0.0,,,,,,,False
DXB-MEYDAN-ea351a7051,meydanone,55.291349,25.146938,12.0,3,,,,,,,,,UNKNOWN,,,0.0,,,,,,,False
DXB-MEYDAN-b3c0a8684a,meydanone,55.291244,25.145967,12.0,3,,,,,,,,,UNKNOWN,,,0.0,,,,,,,False
DXB-MEYDAN-a1cf5f85d1,meydanone,55.291221,25.145874,12.0,3,,,,,,,,,UNKNOWN,,,0.0,,,,,,,False
DXB-MEYDAN-d9131a1bbc,meydanone,55.291192,25.145778,12.0,3,,,,,,,,,UNKNOWN,,,0.0,,,,,,,False
DXB-MEYDAN-bbb3eadd97,meydanone,55.291165,25.145685,12.0,3,,,,,,,,,UNKNOWN,,,0.0,,,,,,,False
DXB-MEYDAN-57ee2ab375,meydanone,55.291139,25.145593,12.0,3,,,,,,,,,UNKNOWN,,,0.0,,,,,,,False
DXB-MEYDAN-4f64a2d710,meydanone,55.291109,25.145486,12.0,3,,,,,,,,,UNKNOWN,,,0.0,,,,,,,False
DXB-MEYDAN-2d7ed7e951,meydanone,55.291152,25.145393,12.0,3,,,,,,,,,UNKNOWN,,,0.0,,,,,,,False
DXB-MEYDAN-30ee5c2d94,meydanone,55.291871,25.144943,12.0,3,,,,,,,,,UNKNOWN,,,0.0,,,,,,,False
DXB-MEYDAN-e5739a2504,meydanone,55.291879,25.144972,12.0,3,,,,,,,,,UNKNOWN,,,0.0,,,,,,,False
DXB-MEYDAN-dad064e6b7,meydanone,55.291764,25.144961,12.0,3,,,,,,,,,UNKNOWN,,,0.0,,,,,,,False
DXB-MEYDAN-34f12a5fbb,meydanone,55.291898,25.145022,12.0,3,,,,,,,,,UNKNOWN,,,0.0,,,,,,,False
DXB-MEYDAN-aed0981a91,meydanone,55.291782,25.145018,12.0,3,,,,,,,,,UNKNOWN,,,0.0,,,,,,,False
DXB-MEYDAN-a66b905cbb,meydanone,55.291704,25.145035,12.0,3,,,,,,,,,UNKNOWN,,,0.0,,,,,,,False
DXB-MEYDAN-f95992f66e,meydanone,55.292645,25.144871,12.0,3,,,,,,,,,UNKNOWN,,,0.0,,,,,,,False
DXB-MEYDAN-7699066c71,meydanone,55.292621,25.144846,12.0,3,,,,,,,,,UNKNOWN,,,0.0,,,,,,,False
DXB-MEYDAN-8afa06cf0e,meydanone,55.2926,25.144819,12.0,3,,,,,,,,,UNKNOWN,,,0.0,,,,,,,False
DXB-MEYDAN-a4f6d064c5,meydanone,55.292566,25.145665,12.0,3,,,,,,,,,UNKNOWN,,,0.0,,,,,,,False
DXB-MEYDAN-c311705b04,meydanone,55.292392,25.145666,12.0,3,,,,,,,,,UNKNOWN,,,0.0,,,,,,,False
DXB-MEYDAN-8362abd996,meydanone,55.292253,25.146041,12.0,3,,,,,,,,,UNKNOWN,,,0.0,,,,,,,False
DXB-MEYDAN-4f8bf72d44,meydanone,55.292588,25.145773,12.0,3,,,,,,,,,UNKNOWN,,,0.0,,,,,,,False
DXB-MEYDAN-0614554cec,meydanone,55.292661,25.145826,12.0,3,,,,,,,,,UNKNOWN,,,0.0,,,,,,,False
DXB-MEYDAN-a14e864ca1,meydanone,55.292654,25.145795,12.0,3,,,,,,,,,UNKNOWN,,,0.0,,,,,,,False
DXB-MEYDAN-35890a1ab4,meydanone,55.293232,25.148134,12.0,3,,,,,,,,,UNKNOWN,,,0.0,,,,,,,False
DXB-MEYDAN-6e5e8bbc48,meydanone,55.293339,25.148183,12.0,3,,,,,,,,,UNKNOWN,,,0.0,,,,,,,False
DXB-MEYDAN-08f3b3229f,meydanone,55.291485,25.144684,12.0,3,,,,,,,,,UNKNOWN,,,0.0,,,,,,,False
DXB-MEYDAN-61c52f2289,meydanone,55.291485,25.144726,12.0,3,,,,,,,,,UNKNOWN,,,0.0,,,,,,,False
DXB-MEYDAN-76137d6b04,meydanone,55.291713,25.144515,12.0,3,,,,,,,,,UNKNOWN,,,0.0,,,,,,,False
DXB-MEYDAN-8e151dc333,meydanone,55.291943,25.144388,12.0,3,,,,,,,,,UNKNOWN,,,0.0,,,,,,,False
DXB-MEYDAN-4e515b9e4b,meydanone,55.29216,25.144179,12.0,3,,,,,,,,,UNKNOWN,,,0.0,,,,,,,False
DXB-MEYDAN-ad7b5c56ce,meydanone,55.292465,25.143985,12.0,3,,,,,,,,,UNKNOWN,,,0.0,,,,,,,False
DXB-MEYDAN-fb5be18a36,meydanone,55.292391,25.144061,12.0,3,,,,,,,,,UNKNOWN,,,0.0,,,,,,,False
DXB-MEYDAN-41ab1ae7f4,meydanone,55.291584,25.144775,12.0,3,,,,,,,,,UNKNOWN,,,0.0,,,,,,,False
DXB-MEYDAN-1710a4defd,meydanone,55.291713,25.144557,12.0,3,,,,,,,,,UNKNOWN,,,0.0,,,,,,,False
DXB-MEYDAN-31b57a5f1d,meydanone,55.291811,25.144602,12.0,3,,,,,,,,,UNKNOWN,,,0.0,,,,,,,False
DXB-MEYDAN-b076bebc8c,meydanone,55.292033,25.144436,12.0,3,,,,,,,,,UNKNOWN,,,0.0,,,,,,,False
DXB-MEYDAN-c76372d9bf,meydanone,55.292161,25.14422,12.0,3,,,,,,,,,UNKNOWN,,,0.0,,,,,,,False
DXB-MEYDAN-0d6c23cf6b,meydanone,55.292291,25.144149,12.0,3,,,,,,,,,UNKNOWN,,,0.0,,,,,,,False
DXB-MEYDAN-33c038a28a,meydanone,55.292364,25.144421,12.0,3,,,,,,,,,UNKNOWN,,,0.0,,,,,,,False
DXB-MEYDAN-48ae50d3f1,meydanone,55.292287,25.144283,12.0,3,,,,,,,,,UNKNOWN,,,0.0,,,,,,,False
DXB-MEYDAN-ed76e1aad0,meydanone,55.292508,25.144114,12.0,3,,,,,,,,,UNKNOWN,,,0.0,,,,,,,False
DXB-MEYDAN-81cecd4768,meydanone,55.293079,25.143967,12.0,3,,,,,,,,,UNKNOWN,,,0.0,,,,,,,False
DXB-MEYDAN-1eed5ce7cb,meydanone,55.292821,25.143777,12.0,3,,,,,,,,,UNKNOWN,,,0.0,,,,,,,False
DXB-MEYDAN-f9db6eda52,meydanone,55.292939,25.143812,12.0,3,,,,,,,,,UNKNOWN,,,0.0,,,,,,,False
DXB-MEYDAN-0de0fda4ea,meydanone,55.297549,25.145704,12.0,3,,,,,,,,,UNKNOWN,,,0.0,,,,,,,False
DXB-MEYDAN-38df4e4061,meydanone,55.291868,25.145482,12.0,3,,,,,,,,,UNKNOWN,,,0.0,,,,,,,False
DXB-MEYDAN-a9898e2a4f,meydanone,55.291897,25.145484,12.0,3,,,,,,,,,UNKNOWN,,,0.0,,,,,,,False
DXB-MEYDAN-83085f2061,meydanone,55.293025,25.144793,12.0,3,,,,,,,,,UNKNOWN,,,0.0,,,,,,,False
DXB-MEYDAN-d46ad329ec,meydanone,55.292959,25.144726,12.0,3,,,,,,,,,UNKNOWN,,,0.0,,,,,,,False
DXB-MEYDAN-b6027ee44f,meydanone,55.292917,25.144741,12.0,3,,,,,,,,,UNKNOWN,,,0.0,,,,,,,False
DXB-MEYDAN-f72644c7ac,meydanone,55.292962,25.144664,12.0,3,,,,,,,,,UNKNOWN,,,0.0,,,,,,,False
DXB-MEYDAN-507a7121d9,meydanone,55.292936,25.144621,12.0,3,,,,,,,,,UNKNOWN,,,0.0,,,,,,,False
DXB-MEYDAN-2f7ddd7c66,meydanone,55.292908,25.144586,12.0,3,,,,,,,,,UNKNOWN,,,0.0,,,,,,,False
DXB-MEYDAN-1e5d9a474d,meydanone,55.292858,25.144544,12.0,3,,,,,,,,,UNKNOWN,,,0.0,,,,,,,False
DXB-MEYDAN-9be2d6693e,meydanone,55.292812,25.144492,12.0,3,,,,,,,,,UNKNOWN,,,0.0,,,,,,,False
DXB-MEYDAN-d4040c4e99,meydanone,55.292773,25.144596,12.0,3,,,,,,,,,UNKNOWN,,,0.0,,,,,,,False
DXB-MEYDAN-158b87799a,meydanone,55.29071,25.145395,12.0,3,,,,,,,,,UNKNOWN,,,0.0,,,,,,,False
DXB-MEYDAN-6335cfbf7c,meydanone,55.290779,25.145309,12.0,3,,,,,,,,,UNKNOWN,,,0.0,,,,,,,False
DXB-MEYDAN-0219660cf3,meydanone,55.290677,25.145365,12.0,3,,,,,,,,,UNKNOWN,,,0.0,,,,,,,False
DXB-MEYDAN-d1d299641d,meydanone,55.290614,25.145568,12.0,3,,,,,,,,,UNKNOWN,,,0.0,,,,,,,False
DXB-MEYDAN-1b63e7bc87,meydanone,55.29134,25.144892,12.0,3,,,,,,,,,UNKNOWN,,,0.0,,,,,,,False
DXB-MEYDAN-0bfdaab573,meydanone,55.291254,25.14488,12.0,3,,,,,,,,,UNKNOWN,,,0.0,,,,,,,False
DXB-MEYDAN-f9f5e94963,meydanone,55.291341,25.144955,12.0,3,,,,,,,,,UNKNOWN,,,0.0,,,,,,,False
DXB-MEYDAN-82ab71ae0e,meydanone,55.293832,25.144943,12.0,3,,,,,,,,,UNKNOWN,,,0.0,,,,,,,False
DXB-MEYDAN-63819502c3,meydanone,55.293933,25.144888,12.0,3,,,,,,,,,UNKNOWN,,,0.0,,,,,,,False
DXB-MEYDAN-b2d046f077,meydanone,55.293893,25.145016,12.0,3,,,,,,,,,UNKNOWN,,,0.0,,,,,,,False
DXB-MEYDAN-a1cedfc019,meydanone,55.293837,25.144677,12.0,3,,,,,,,,,UNKNOWN,,,0.0,,,,,,,False
DXB-MEYDAN-b3d277b4ed,meydanone,55.293787,25.144674,12.0,3,,,,,,,,,UNKNOWN,,,0.0,,,,,,,False
DXB-MEYDAN-0e008e48cc,meydanone,55.293686,25.144725,12.0,3,,,,,,,,,UNKNOWN,,,0.0,,,,,,,False
DXB-MEYDAN-3b075b4be4,meydanone,55.293749,25.14479,12.0,3,,,,,,,,,UNKNOWN,,,0.0,,,,,,,False
DXB-MEYDAN-6949ab1532,meydanone,55.293628,25.14444,12.0,3,,,,,,,,,UNKNOWN,,,0.0,,,,,,,False
DXB-MEYDAN-8738c2134a,meydanone,55.293509,25.144488,12.0,3,,,,,,,,,UNKNOWN,,,0.0,,,,,,,False
DXB-MEYDAN-e8e4c19b5c,meydanone,55.293591,25.144552,12.0,3,,,,,,,,,UNKNOWN,,,0.0,,,,,,,False
DXB-MEYDAN-7b1e36ebd4,meydanone,55.293474,25.144239,12.0,3,,,,,,,,,UNKNOWN,,,0.0,,,,,,,False
DXB-MEYDAN-be5f4339b4,meydanone,55.293436,25.144362,12.0,3,,,,,,,,,UNKNOWN,,,0.0,,,,,,,False
DXB-MEYDAN-58810e67af,meydanone,55.293319,25.144001,12.0,3,,,,,,,,,UNKNOWN,,,0.0,,,,,,,False
DXB-MEYDAN-8a08c5f402,meydanone,55.293405,25.144125,12.0,3,,,,,,,,,UNKNOWN,,,0.0,,,,,,,False
DXB-MEYDAN-316c403f9e,meydanone,55.29343,25.14408,12.0,3,,,,,,,,,UNKNOWN,,,0.0,,,,,,,False
DXB-MEYDAN-516e21a2fc,meydanone,55.293292,25.144134,12.0,3,,,,,,,,,UNKNOWN,,,0.0,,,,,,,False
DXB-MEYDAN-45e65e1244,meydanone,55.297022,25.144897,12.0,3,,,,,,,,,UNKNOWN,,,0.0,,,,,,,False
DXB-MEYDAN-7eb8db50a7,meydanone,55.292621,25.143902,12.0,3,,,,,,,,,UNKNOWN,,,0.0,,,,,,,False
DXB-MEYDAN-1dbff2835b,meydanone,55.292719,25.143958,12.0,3,,,,,,,,,UNKNOWN,,,0.0,,,,,,,False
DXB-MEYDAN-dedd134d63,meydanone,55.294746,25.145646,12.0,3,,,,,,,,,UNKNOWN,,,0.0,,,,,,,False
DXB-MEYDAN-00ae94b9a0,meydanone,55.294642,25.145739,12.0,3,,,,,,,,,UNKNOWN,,,0.0,,,,,,,False
DXB-MEYDAN-818c8b758c,meydanone,55.294851,25.145653,12.0,3,,,,,,,,,UNKNOWN,,,0.0,,,,,,,False
DXB-MEYDAN-74b351c2ed,meydanone,55.294746,25.145701,12.0,3,,,,,,,,,UNKNOWN,,,0.0,,,,,,,False
DXB-MEYDAN-e25ff4dd71,meydanone,55.294812,25.145771,12.0,3,,,,,,,,,UNKNOWN,,,0.0,,,,,,,False
DXB-MEYDAN-3c4604af08,meydanone,55.294755,25.145511,12.0,3,,,,,,,,,UNKNOWN,,,0.0,,,,,,,False
DXB-MEYDAN-c1b3d011ca,meydanone,55.294648,25.145535,12.0,3,,,,,,,,,UNKNOWN,,,0.0,,,,,,,False
DXB-MEYDAN-646b1196dc,meydanone,55.2943,25.14535,12.0,3,,,,,,,,,UNKNOWN,,,0.0,,,,,,,False
DXB-MEYDAN-67b98c64d8,meydanone,55.294252,25.145347,12.0,3,,,,,,,,,UNKNOWN,,,0.0,,,,,,,False
DXB-MEYDAN-4e2403eb96,meydanone,55.294147,25.145407,12.0,3,,,,,,,,,UNKNOWN,,,0.0,,,,,,,False
DXB-MEYDAN-4be76971fa,meydanone,55.294209,25.145455,12.0,3,,,,,,,,,UNKNOWN,,,0.0,,,,,,,False
DXB-MEYDAN-3dabd49230,meydanone,55.293993,25.145181,12.0,3,,,,,,,,,UNKNOWN,,,0.0,,,,,,,False
DXB-MEYDAN-79493587aa,meydanone,55.294097,25.14513,12.0,3,,,,,,,,,UNKNOWN,,,0.0,,,,,,,False
DXB-MEYDAN-944d24aaa6,meydanone,55.29405,25.145236,12.0,3,,,,,,,,,UNKNOWN,,,0.0,,,,,,,False
DXB-MEYDAN-82a41fa5fb,meydanone,55.296239,25.145936,12.0,3,,,,,,,,,UNKNOWN,,,0.0,,,,,,,False
DXB-MEYDAN-c86b69aa78,meydanone,55.295898,25.145979,12.0,3,,,,,,,,,UNKNOWN,,,0.0,,,,,,,False
DXB-MEYDAN-3e8301b49b,meydanone,55.295894,25.14602,12.0,3,,,,,,,,,UNKNOWN,,,0.0,,,,,,,False
DXB-MEYDAN-16347b704d,meydanone,55.296006,25.146069,12.0,3,,,,,,,,,UNKNOWN,,,0.0,,,,,,,False
DXB-MEYDAN-eb4291a0ad,meydanone,55.295652,25.146151,12.0,3,,,,,,,,,UNKNOWN,,,0.0,,,,,,,False
DXB-MEYDAN-22093383de,meydanone,55.295743,25.146216,12.0,3,,,,,,,,,UNKNOWN,,,0.0,,,,,,,False
DXB-MEYDAN-9164a577c8,meydanone,55.295408,25.146297,12.0,3,,,,,,,,,UNKNOWN,,,0.0,,,,,,,False
DXB-MEYDAN-00f97bb298,meydanone,55.295499,25.146365,12.0,3,,,,,,,,,UNKNOWN,,,0.0,,,,,,,False
DXB-MEYDAN-2678a3bf7c,meydanone,55.295295,25.146354,12.0,3,,,,,,,,,UNKNOWN,,,0.0,,,,,,,False
DXB-MEYDAN-f6fccdfc19,meydanone,55.295159,25.146082,12.0,3,,,,,,,,,UNKNOWN,,,0.0,,,,,,,False
DXB-MEYDAN-4d6b09c9a3,meydanone,55.295058,25.146135,12.0,3,,,,,,,,,UNKNOWN,,,0.0,,,,,,,False
DXB-MEYDAN-8db0c87ef1,meydanone,55.295119,25.146185,12.0,3,,,,,,,,,UNKNOWN,,,0.0,,,,,,,False
DXB-MEYDAN-050778cf26,meydanone,55.294999,25.145839,12.0,3,,,,,,,,,UNKNOWN,,,0.0,,,,,,,False
DXB-MEYDAN-9e2ed842d1,meydanone,55.295055,25.145873,12.0,3,,,,,,,,,UNKNOWN,,,0.0,,,,,,,False
DXB-MEYDAN-833b324553,meydanone,55.295008,25.145878,12.0,3,,,,,,,,,UNKNOWN,,,0.0,,,,,,,False
DXB-MEYDAN-ab441d3eda,meydanone,55.294979,25.145991,12.0,3,,,,,,,,,UNKNOWN,,,0.0,,,,,,,False
DXB-MEYDAN-91c2fed67f,meydanone,55.296144,25.145888,12.0,3,,,,,,,,,UNKNOWN,,,0.0,,,,,,,False
DXB-MEYDAN-9851db3efd,meydanone,55.297453,25.144501,12.0,3,,,,,,,,,UNKNOWN,,,0.0,,,,,,,False
DXB-MEYDAN-88fd3b8d62,meydanone,55.297552,25.144441,12.0,3,,,,,,,,,UNKNOWN,,,0.0,,,,,,,False
DXB-MEYDAN-c78fcc5fd5,meydanone,55.297444,25.144759,12.0,3,,,,,,,,,UNKNOWN,,,0.0,,,,,,,False
DXB-MEYDAN-49b1717fd9,meydanone,55.297548,25.144705,12.0,3,,,,,,,,,UNKNOWN,,,0.0,,,,,,,False
DXB-MEYDAN-a21f0818c1,meydanone,55.297423,25.144879,12.0,3,,,,,,,,,UNKNOWN,,,0.0,,,,,,,False
DXB-MEYDAN-cdcab55942,meydanone,55.297532,25.14495,12.0,3,,,,,,,,,UNKNOWN,,,0.0,,,,,,,False
DXB-MEYDAN-eae68f3315,meydanone,55.297503,25.145355,12.0,3,,,,,,,,,UNKNOWN,,,0.0,,,,,,,False
DXB-MEYDAN-e0ffad2047,meydanone,55.297146,25.145219,12.0,3,,,,,,,,,UNKNOWN,,,0.0,,,,,,,False
DXB-MEYDAN-72cf5b476f,meydanone,55.29417,25.14566,12.0,3,,,,,,,,,UNKNOWN,,,0.0,,,,,,,False
DXB-MEYDAN-0a3d6c2474,meydanone,55.297228,25.145294,12.0,3,,,,,,,,,UNKNOWN,,,0.0,,,,,,,False
DXB-MEYDAN-d5ec024c10,meydanone,55.296877,25.14529,12.0,3,,,,,,,,,UNKNOWN,,,0.0,,,,,,,False
DXB-MEYDAN-c7424f481e,meydanone,55.29688,25.145246,12.0,3,,,,,,,,,UNKNOWN,,,0.0,,,,,,,False
DXB-MEYDAN-65c11e68bb,meydanone,55.296945,25.145364,12.0,3,,,,,,,,,UNKNOWN,,,0.0,,,,,,,False
DXB-MEYDAN-bba85173cf,meydanone,55.296731,25.145323,12.0,3,,,,,,,,,UNKNOWN,,,0.0,,,,,,,False
DXB-MEYDAN-4d34fa61b5,meydanone,55.296698,25.14529,12.0,3,,,,,,,,,UNKNOWN,,,0.0,,,,,,,False
DXB-MEYDAN-1a6cea90a3,meydanone,55.296699,25.14543,12.0,3,,,,,,,,,UNKNOWN,,,0.0,,,,,,,False
DXB-MEYDAN-00481ee11b,meydanone,55.296718,25.14562,12.0,3,,,,,,,,,UNKNOWN,,,0.0,,,,,,,False
DXB-MEYDAN-1114a9a52f,meydanone,55.296728,25.145801,12.0,3,,,,,,,,,UNKNOWN,,,0.0,,,,,,,False
DXB-MEYDAN-c36f0c888e,meydanone,55.296403,25.145739,12.0,3,,,,,,,,,UNKNOWN,,,0.0,,,,,,,False
DXB-MEYDAN-f0701ab27c,meydanone,55.296399,25.145698,12.0,3,,,,,,,,,UNKNOWN,,,0.0,,,,,,,False
DXB-MEYDAN-080092339a,meydanone,55.296486,25.145795,12.0,3,,,,,,,,,UNKNOWN,,,0.0,,,,,,,False
DXB-MEYDAN-e19b384a07,meydanone,55.29615,25.14584,12.0,3,,,,,,,,,UNKNOWN,,,0.0,,,,,,,False
DXB-MEYDAN-75784f6075,meydanone,55.293869,25.143638,12.0,3,,,,,,,,,UNKNOWN,,,0.0,,,,,,,False
DXB-MEYDAN-5e87dc324a,meydanone,55.293822,25.143639,12.0,3,,,,,,,,,UNKNOWN,,,0.0,,,,,,,False
DXB-MEYDAN-ce560305b8,meydanone,55.2938,25.143572,12.0,3,,,,,,,,,UNKNOWN,,,0.0,,,,,,,False
DXB-MEYDAN-2137e3ce04,meydanone,55.294112,25.143634,12.0,3,,,,,,,,,UNKNOWN,,,0.0,,,,,,,False
DXB-MEYDAN-d005cd5d4d,meydanone,55.294085,25.143569,12.0,3,,,,,,,,,UNKNOWN,,,0.0,,,,,,,False
DXB-MEYDAN-c30a0091dc,meydanone,55.294376,25.143593,12.0,3,,,,,,,,,UNKNOWN,,,0.0,,,,,,,False
DXB-MEYDAN-8d4763eb28,meydanone,55.294666,25.143565,12.0,3,,,,,,,,,UNKNOWN,,,0.0,,,,,,,False
DXB-MEYDAN-019f7dcf93,meydanone,55.294957,25.14358,12.0,3,,,,,,,,,UNKNOWN,,,0.0,,,,,,,False
DXB-MEYDAN-1f5e0723d4,meydanone,55.295233,25.143582,12.0,3,,,,,,,,,UNKNOWN,,,0.0,,,,,,,False
DXB-MEYDAN-439538b46e,meydanone,55.295535,25.143618,12.0,3,,,,,,,,,UNKNOWN,,,0.0,,,,,,,False
DXB-MEYDAN-e6efb276a8,meydanone,55.295836,25.143625,12.0,3,,,,,,,,,UNKNOWN,,,0.0,,,,,,,False
DXB-MEYDAN-a0c1cf510c,meydanone,55.296102,25.143626,12.0,3,,,,,,,,,UNKNOWN,,,0.0,,,,,,,False
DXB-MEYDAN-5e57a8cbe2,meydanone,55.296399,25.143493,12.0,3,,,,,,,,,UNKNOWN,,,0.0,,,,,,,False
DXB-MEYDAN-d1edc6f682,meydanone,55.29642,25.143641,12.0,3,,,,,,,,,UNKNOWN,,,0.0,,,,,,,False
DXB-MEYDAN-1b5fff56c7,meydanone,55.297464,25.143955,12.0,3,,,,,,,,,UNKNOWN,,,0.0,,,,,,,False
DXB-MEYDAN-2efad7bf8e,meydanone,55.297597,25.143897,12.0,3,,,,,,,,,UNKNOWN,,,0.0,,,,,,,False
DXB-MEYDAN-ff7d8c9e5e,meydanone,55.297412,25.144199,12.0,3,,,,,,,,,UNKNOWN,,,0.0,,,,,,,False
DXB-MEYDAN-de43160244,meydanone,55.297454,25.144235,12.0,3,,,,,,,,,UNKNOWN,,,0.0,,,,,,,False
DXB-MEYDAN-ec820c6abc,meydanone,55.297563,25.144174,12.0,3,,,,,,,,,UNKNOWN,,,0.0,,,,,,,False
DXB-MEYDAN-c9dae19524,meydanone,55.322439,25.132288,12.0,3,,,,,,,,,UNKNOWN,,,0.0,,,,,,,False
DXB-MEYDAN-8a2ca0ffef,meydanone,55.319103,25.135101,12.0,3,,,,,,,,,UNKNOWN,,,0.0,,,,,,,False
DXB-MEYDAN-fc645b015b,meydanone,55.319577,25.134056,12.0,3,,,,,,,,,UNKNOWN,,,0.0,,,,,,,False
DXB-MEYDAN-a94de9bb0c,meydanone,55.319465,25.134066,12.0,3,,,,,,,,,UNKNOWN,,,0.0,,,,,,,False
DXB-MEYDAN-90f0e2cf25,meydanone,55.321583,25.133201,12.0,3,,,,,,,,,UNKNOWN,,,0.0,,,,,,,False
DXB-MEYDAN-64297febdc,meydanone,55.322008,25.133473,12.0,3,,,,,,,,,UNKNOWN,,,0.0,,,,,,,False
DXB-MEYDAN-c0058c59dc,meydanone,55.32172,25.133969,12.0,3,,,,,,,,,UNKNOWN,,,0.0,,,,,,,False
DXB-MEYDAN-e1b6ae1c0e,meydanone,55.321423,25.133668,12.0,3,,,,,,,,,UNKNOWN,,,0.0,,,,,,,False
DXB-MEYDAN-598a288edc,meydanone,55.321425,25.133752,12.0,3,,,,,,,,,UNKNOWN,,,0.0,,,,,,,False
DXB-MEYDAN-6979507072,meydanone,55.320915,25.135594,12.0,3,,,,,,,,,UNKNOWN,,,0.0,,,,,,,False
DXB-MEYDAN-afe0fc4264,meydanone,55.320974,25.135487,12.0,3,,,,,,,,,UNKNOWN,,,0.0,,,,,,,False
DXB-MEYDAN-306c99f4ab,meydanone,55.319904,25.135004,12.0,3,,,,,,,,,UNKNOWN,,,0.0,,,,,,,False
DXB-MEYDAN-b16ca27fd9,meydanone,55.320249,25.134974,12.0,3,,,,,,,,,UNKNOWN,,,0.0,,,,,,,False
DXB-MEYDAN-3b5acddbf4,meydanone,55.320498,25.134921,12.0,3,,,,,,,,,UNKNOWN,,,0.0,,,,,,,False
DXB-MEYDAN-9fac12b9ee,meydanone,55.320315,25.134822,12.0,3,,,,,,,,,UNKNOWN,,,0.0,,,,,,,False
DXB-MEYDAN-ab368e77ce,meydanone,55.32012,25.134883,12.0,3,,,,,,,,,UNKNOWN,,,0.0,,,,,,,False
DXB-MEYDAN-876fb377f4,meydanone,55.320009,25.134856,12.0,3,,,,,,,,,UNKNOWN,,,0.0,,,,,,,False
DXB-MEYDAN-d7defd5578,meydanone,55.319491,25.134532,12.0,3,,,,,,,,,UNKNOWN,,,0.0,,,,,,,False
DXB-MEYDAN-2b41dd9c57,meydanone,55.317954,25.133655,12.0,3,,,,,,,,,UNKNOWN,,,0.0,,,,,,,False
DXB-MEYDAN-db8a2f6b29,meydanone,55.31793,25.133781,12.0,3,,,,,,,,,UNKNOWN,,,0.0,,,,,,,False
DXB-MEYDAN-d2ea1d9534,meydanone,55.317676,25.133456,12.0,3,,,,,,,,,UNKNOWN,,,0.0,,,,,,,False
DXB-MEYDAN-44e86e04bf,meydanone,55.317689,25.133348,12.0,3,,,,,,,,,UNKNOWN,,,0.0,,,,,,,False
DXB-MEYDAN-f1ff9d435d,meydanone,55.319684,25.131598,12.0,3,,,,,,,,,UNKNOWN,,,0.0,,,,,,,False
DXB-MEYDAN-54b79117ba,meydanone,55.319362,25.131749,12.0,3,,,,,,,,,UNKNOWN,,,0.0,,,,,,,False
DXB-MEYDAN-d3b77da3e6,meydanone,55.290057,25.146456,12.0,3,,,,,,,,,UNKNOWN,,,0.0,,,,,,,False
DXB-MEYDAN-bfb8a6b51b,meydanone,55.290154,25.146472,12.0,3,,,,,,,,,UNKNOWN,,,0.0,,,,,,,False
DXB-MEYDAN-6f77f44fb6,meydanone,55.29017,25.146282,12.0,3,,,,,,,,,UNKNOWN,,,0.0,,,,,,,False
DXB-MEYDAN-71969006b2,meydanone,55.290497,25.145749,12.0,3,,,,,,,,,UNKNOWN,,,0.0,,,,,,,False
DXB-MEYDAN-95ce203cdb,meydanone,55.290289,25.146112,12.0,3,,,,,,,,,UNKNOWN,,,0.0,,,,,,,False
DXB-MEYDAN-3369ff2180,meydanone,55.290396,25.145933,12.0,3,,,,,,,,,UNKNOWN,,,0.0,,,,,,,False
DXB-MEYDAN-a7cc92596f,meydanone,55.290927,25.145222,12.0,3,,,,,,,,,UNKNOWN,,,0.0,,,,,,,False
DXB-MEYDAN-effb64f743,meydanone,55.291022,25.145065,12.0,3,,,,,,,,,UNKNOWN,,,0.0,,,,,,,False
DXB-MEYDAN-ad9b09b16f,meydanone,55.291092,25.145237,12.0,3,,,,,,,,,UNKNOWN,,,0.0,,,,,,,False
DXB-MEYDAN-244bdb3297,meydanone,55.291126,25.145102,12.0,3,,,,,,,,,UNKNOWN,,,0.0,,,,,,,False
DXB-MEYDAN-80efcc9392,meydanone,55.292815,25.144195,12.0,3,,,,,,,,,UNKNOWN,,,0.0,,,,,,,False
DXB-MEYDAN-30e9dbf13f,meydanone,55.292113,25.144257,12.0,3,,,,,,,,,UNKNOWN,,,0.0,,,,,,,False
DXB-MEYDAN-4f2ec3ee5d,meydanone,55.289151,25.147008,12.0,3,,,,,,,,,UNKNOWN,,,0.0,,,,,,,False
DXB-MEYDAN-8049090046,meydanone,55.28917,25.147034,12.0,3,,,,,,,,,UNKNOWN,,,0.0,,,,,,,False
DXB-MEYDAN-ba9bd411ba,meydanone,55.289177,25.147156,12.0,3,,,,,,,,,UNKNOWN,,,0.0,,,,,,,False
DXB-MEYDAN-ef5e7b89b9,meydanone,55.28941,25.147137,12.0,3,,,,,,,,,UNKNOWN,,,0.0,,,,,,,False
DXB-MEYDAN-e0dae71176,meydanone,55.289433,25.14717,12.0,3,,,,,,,,,UNKNOWN,,,0.0,,,,,,,False
DXB-MEYDAN-d2c7b0f0fe,meydanone,55.289425,25.147289,12.0,3,,,,,,,,,UNKNOWN,,,0.0,,,,,,,False
DXB-MEYDAN-34c48471bb,meydanone,55.289612,25.147418,12.0,3,,,,,,,,,UNKNOWN,,,0.0,,,,,,,False
DXB-MEYDAN-e681a2da43,meydanone,55.289776,25.14735,12.0,3,,,,,,,,,UNKNOWN,,,0.0,,,,,,,False
DXB-MEYDAN-6966b13204,meydanone,55.289639,25.147177,12.0,3,,,,,,,,,UNKNOWN,,,0.0,,,,,,,False
DXB-MEYDAN-11822511b0,meydanone,55.289602,25.147144,12.0,3,,,,,,,,,UNKNOWN,,,0.0,,,,,,,False
DXB-MEYDAN-e7a39d6892,meydanone,55.289747,25.146999,12.0,3,,,,,,,,,UNKNOWN,,,0.0,,,,,,,False
DXB-MEYDAN-ee73b90310,meydanone,55.289853,25.146814,12.0,3,,,,,,,,,UNKNOWN,,,0.0,,,,,,,False
DXB-MEYDAN-59a56bfac1,meydanone,55.289992,25.146848,12.0,3,,,,,,,,,UNKNOWN,,,0.0,,,,,,,False
DXB-MEYDAN-f42d887ddf,meydanone,55.289957,25.146638,12.0,3,,,,,,,,,UNKNOWN,,,0.0,,,,,,,False
DXB-MEYDAN-ccd66a5501,meydanone,55.317049,25.135272,12.0,3,,,,,,,,,UNKNOWN,,,0.0,,,,,,,False
DXB-MEYDAN-cb6d7f4f8a,meydanone,55.317019,25.135112,12.0,3,,,,,,,,,UNKNOWN,,,0.0,,,,,,,False
DXB-MEYDAN-e5ed5a56a8,meydanone,55.319929,25.137664,12.0,3,,,,,,,,,UNKNOWN,,,0.0,,,,,,,False
DXB-MEYDAN-50f4dfd46b,meydanone,55.319889,25.138129,12.0,3,,,,,,,,,UNKNOWN,,,0.0,,,,,,,False
DXB-MEYDAN-bfe9e9a2bc,meydanone,55.319797,25.138019,12.0,3,,,,,,,,,UNKNOWN,,,0.0,,,,,,,False
DXB-MEYDAN-2b3994ccb9,meydanone,55.319361,25.138719,12.0,3,,,,,,,,,UNKNOWN,,,0.0,,,,,,,False
DXB-MEYDAN-a56356bbaa,meydanone,55.319087,25.138945,12.0,3,,,,,,,,,UNKNOWN,,,0.0,,,,,,,False
DXB-MEYDAN-b034692ee9,meydanone,55.317355,25.138728,12.0,3,,,,,,,,,UNKNOWN,,,0.0,,,,,,,False
DXB-MEYDAN-48f81b2143,meydanone,55.317415,25.138333,12.0,3,,,,,,,,,UNKNOWN,,,0.0,,,,,,,False
DXB-MEYDAN-31db2a791b,meydanone,55.317504,25.138339,12.0,3,,,,,,,,,UNKNOWN,,,0.0,,,,,,,False
DXB-MEYDAN-a40c0e48e8,meydanone,55.318138,25.137898,12.0,3,,,,,,,,,UNKNOWN,,,0.0,,,,,,,False
DXB-MEYDAN-f41180ca36,meydanone,55.318523,25.137976,12.0,3,,,,,,,,,UNKNOWN,,,0.0,,,,,,,False
DXB-MEYDAN-a570f0099c,meydanone,55.318998,25.137838,12.0,3,,,,,,,,,UNKNOWN,,,0.0,,,,,,,False
DXB-MEYDAN-d72754fec6,meydanone,55.317895,25.137489,12.0,3,,,,,,,,,UNKNOWN,,,0.0,,,,,,,False
DXB-MEYDAN-8172155b64,meydanone,55.317948,25.137393,12.0,3,,,,,,,,,UNKNOWN,,,0.0,,,,,,,False
DXB-MEYDAN-23263a1db4,meydanone,55.317976,25.137339,12.0,3,,,,,,,,,UNKNOWN,,,0.0,,,,,,,False
DXB-MEYDAN-1502783afd,meydanone,55.318157,25.137244,12.0,3,,,,,,,,,UNKNOWN,,,0.0,,,,,,,False
DXB-MEYDAN-c4f1f3179a,meydanone,55.318279,25.136984,12.0,3,,,,,,,,,UNKNOWN,,,0.0,,,,,,,False
DXB-MEYDAN-558ce3be7a,meydanone,55.318806,25.136779,12.0,3,,,,,,,,,UNKNOWN,,,0.0,,,,,,,False
DXB-MEYDAN-21bab32995,meydanone,55.318794,25.137009,12.0,3,,,,,,,,,UNKNOWN,,,0.0,,,,,,,False
DXB-MEYDAN-17ade99aef,meydanone,55.318977,25.137112,12.0,3,,,,,,,,,UNKNOWN,,,0.0,,,,,,,False
DXB-MEYDAN-08f5f568e6,meydanone,55.319046,25.137059,12.0,3,,,,,,,,,UNKNOWN,,,0.0,,,,,,,False
DXB-MEYDAN-6a9f72fcf4,meydanone,55.319755,25.137151,12.0,3,,,,,,,,,UNKNOWN,,,0.0,,,,,,,False
DXB-MEYDAN-9d5e2aa2ed,meydanone,55.319737,25.137249,12.0,3,,,,,,,,,UNKNOWN,,,0.0,,,,,,,False
DXB-MEYDAN-7478f27eec,meydanone,55.320464,25.136578,12.0,3,,,,,,,,,UNKNOWN,,,0.0,,,,,,,False
DXB-MEYDAN-86867aba7e,meydanone,55.320452,25.136718,12.0,3,,,,,,,,,UNKNOWN,,,0.0,,,,,,,False
DXB-MEYDAN-266ae18ab9,meydanone,55.320544,25.136355,12.0,3,,,,,,,,,UNKNOWN,,,0.0,,,,,,,False
DXB-MEYDAN-26d88f71f9,meydanone,55.317345,25.137245,12.0,3,,,,,,,,,UNKNOWN,,,0.0,,,,,,,False
DXB-MEYDAN-6d3d2947c2,meydanone,55.319728,25.136022,12.0,3,,,,,,,,,UNKNOWN,,,0.0,,,,,,,False
DXB-MEYDAN-2d9eab704e,meydanone,55.320384,25.136039,12.0,3,,,,,,,,,UNKNOWN,,,0.0,,,,,,,False
DXB-MEYDAN-5fba838170,meydanone,55.320312,25.135532,12.0,3,,,,,,,,,UNKNOWN,,,0.0,,,,,,,False
DXB-MEYDAN-bf7f1785e8,meydanone,55.32044,25.13551,12.0,3,,,,,,,,,UNKNOWN,,,0.0,,,,,,,False
DXB-MEYDAN-55c245da78,meydanone,55.317217,25.136852,12.0,3,,,,,,,,,UNKNOWN,,,0.0,,,,,,,False
DXB-MEYDAN-ba17564ce4,meydanone,55.317095,25.136753,12.0,3,,,,,,,,,UNKNOWN,,,0.0,,,,,,,False
DXB-MEYDAN-8429019dcb,meydanone,55.316981,25.135442,12.0,3,,,,,,,,,UNKNOWN,,,0.0,,,,,,,False
DXB-MEYDAN-446ea8ff4e,meydanone,55.316983,25.135657,12.0,3,,,,,,,,,UNKNOWN,,,0.0,,,,,,,False
DXB-MEYDAN-c3076a830b,meydanone,55.316988,25.135853,12.0,3,,,,,,,,,UNKNOWN,,,0.0,,,,,,,False
DXB-MEYDAN-f0c4a753cf,meydanone,55.316987,25.136066,12.0,3,,,,,,,,,UNKNOWN,,,0.0,,,,,,,False
DXB-MEYDAN-af172b3d37,meydanone,55.317823,25.136456,12.0,3,,,,,,,,,UNKNOWN,,,0.0,,,,,,,False
DXB-MEYDAN-7361b1d014,meydanone,55.294553,25.144738,12.0,3,,,,,,,,,UNKNOWN,,,0.0,,,,,,,False
DXB-MEYDAN-58b56853c8,meydanone,55.294304,25.144563,12.0,3,,,,,,,,,UNKNOWN,,,0.0,,,,,,,False
DXB-MEYDAN-16f4e43e96,meydanone,55.293938,25.144411,12.0,3,,,,,,,,,UNKNOWN,,,0.0,,,,,,,False
DXB-MEYDAN-5a119184ca,meydanone,55.294062,25.144394,12.0,3,,,,,,,,,UNKNOWN,,,0.0,,,,,,,False
DXB-MEYDAN-dbd4066e76,meydanone,55.288473,25.146657,12.0,3,,,,,,,,,UNKNOWN,,,0.0,,,,,,,False
DXB-MEYDAN-fd58bb5a04,meydanone,55.288519,25.146763,12.0,3,,,,,,,,,UNKNOWN,,,0.0,,,,,,,False
DXB-MEYDAN-e1cc080c52,meydanone,55.288697,25.146754,12.0,3,,,,,,,,,UNKNOWN,,,0.0,,,,,,,False
DXB-MEYDAN-57cc4bd4eb,meydanone,55.288655,25.146766,12.0,3,,,,,,,,,UNKNOWN,,,0.0,,,,,,,False
DXB-MEYDAN-814ef955e7,meydanone,55.28865,25.146883,12.0,3,,,,,,,,,UNKNOWN,,,0.0,,,,,,,False
DXB-MEYDAN-6071641d74,meydanone,55.288948,25.146882,12.0,3,,,,,,,,,UNKNOWN,,,0.0,,,,,,,False
DXB-MEYDAN-6ae8c3b93f,meydanone,55.288908,25.146901,12.0,3,,,,,,,,,UNKNOWN,,,0.0,,,,,,,False
DXB-MEYDAN-fb915d1ca1,meydanone,55.288912,25.147009,12.0,3,,,,,,,,,UNKNOWN,,,0.0,,,,,,,False
DXB-MEYDAN-edc3546b97,meydanone,55.295694,25.144925,12.0,3,,,,,,,,,UNKNOWN,,,0.0,,,,,,,False
DXB-MEYDAN-850e9a4a8d,meydanone,55.295807,25.144888,12.0,3,,,,,,,,,UNKNOWN,,,0.0,,,,,,,False
DXB-MEYDAN-e72941eb23,meydanone,55.295657,25.144638,12.0,3,,,,,,,,,UNKNOWN,,,0.0,,,,,,,False
DXB-MEYDAN-f14807fd95,meydanone,55.295698,25.144663,12.0,3,,,,,,,,,UNKNOWN,,,0.0,,,,,,,False
DXB-MEYDAN-740fd60717,meydanone,55.295821,25.144621,12.0,3,,,,,,,,,UNKNOWN,,,0.0,,,,,,,False
DXB-MEYDAN-47ed769e67,meydanone,55.295682,25.144345,12.0,3,,,,,,,,,UNKNOWN,,,0.0,,,,,,,False
DXB-MEYDAN-6a5af5ac9f,meydanone,55.295722,25.144362,12.0,3,,,,,,,,,UNKNOWN,,,0.0,,,,,,,False
DXB-MEYDAN-6d651efa65,meydanone,55.295832,25.144335,12.0,3,,,,,,,,,UNKNOWN,,,0.0,,,,,,,False
DXB-MEYDAN-ea8d04f8a3,meydanone,55.295967,25.144134,12.0,3,,,,,,,,,UNKNOWN,,,0.0,,,,,,,False
DXB-MEYDAN-4f267eeef1,meydanone,55.29583,25.144036,12.0,3,,,,,,,,,UNKNOWN,,,0.0,,,,,,,False
DXB-MEYDAN-140b9efb24,meydanone,55.296105,25.143928,12.0,3,,,,,,,,,UNKNOWN,,,0.0,,,,,,,False
DXB-MEYDAN-804cea325c,meydanone,55.296161,25.144035,12.0,3,,,,,,,,,UNKNOWN,,,0.0,,,,,,,False
DXB-MEYDAN-a20ddf0876,meydanone,55.29641,25.14394,12.0,3,,,,,,,,,UNKNOWN,,,0.0,,,,,,,False
DXB-MEYDAN-4ddd228ec5,meydanone,55.296454,25.14406,12.0,3,,,,,,,,,UNKNOWN,,,0.0,,,,,,,False
DXB-MEYDAN-15db09fe2d,meydanone,55.296739,25.143911,12.0,3,,,,,,,,,UNKNOWN,,,0.0,,,,,,,False
DXB-MEYDAN-0c87e27320,meydanone,55.29677,25.144042,12.0,3,,,,,,,,,UNKNOWN,,,0.0,,,,,,,False
DXB-MEYDAN-4c7aa2da9b,meydanone,55.297025,25.143959,12.0,3,,,,,,,,,UNKNOWN,,,0.0,,,,,,,False
DXB-MEYDAN-53a23a8640,meydanone,55.297077,25.144062,12.0,3,,,,,,,,,UNKNOWN,,,0.0,,,,,,,False
DXB-MEYDAN-7408a9c062,meydanone,55.297194,25.144383,12.0,3,,,,,,,,,UNKNOWN,,,0.0,,,,,,,False
DXB-MEYDAN-e72230d274,meydanone,55.296746,25.144993,12.0,3,,,,,,,,,UNKNOWN,,,0.0,,,,,,,False
DXB-MEYDAN-2798577083,meydanone,55.296465,25.145056,12.0,3,,,,,,,,,UNKNOWN,,,0.0,,,,,,,False
DXB-MEYDAN-70e709cc6f,meydanone,55.296109,25.145247,12.0,3,,,,,,,,,UNKNOWN,,,0.0,,,,,,,False
DXB-MEYDAN-61c37b018c,meydanone,55.2959,25.145266,12.0,3,,,,,,,,,UNKNOWN,,,0.0,,,,,,,False
DXB-MEYDAN-69ff57b606,meydanone,55.295928,25.145435,12.0,3,,,,,,,,,UNKNOWN,,,0.0,,,,,,,False
DXB-MEYDAN-0461f0b5a4,meydanone,55.295673,25.145648,12.0,3,,,,,,,,,UNKNOWN,,,0.0,,,,,,,False
DXB-MEYDAN-386f6a982b,meydanone,55.295634,25.145892,12.0,3,,,,,,,,,UNKNOWN,,,0.0,,,,,,,False
DXB-MEYDAN-c691569e22,meydanone,55.29555,25.145935,12.0,3,,,,,,,,,UNKNOWN,,,0.0,,,,,,,False
DXB-MEYDAN-f376d438b8,meydanone,55.295449,25.145847,12.0,3,,,,,,,,,UNKNOWN,,,0.0,,,,,,,False
DXB-MEYDAN-9a800a953c,meydanone,55.29519,25.145314,12.0,3,,,,,,,,,UNKNOWN,,,0.0,,,,,,,False
DXB-MEYDAN-29ae70866b,meydanone,55.295261,25.145415,12.0,3,,,,,,,,,UNKNOWN,,,0.0,,,,,,,False
DXB-MEYDAN-221581383c,meydanone,55.295134,25.145459,12.0,3,,,,,,,,,UNKNOWN,,,0.0,,,,,,,False
DXB-MEYDAN-d6421f6bde,meydanone,55.294845,25.145341,12.0,3,,,,,,,,,UNKNOWN,,,0.0,,,,,,,False
DXB-MEYDAN-8370ab4454,meydanone,55.294969,25.145223,12.0,3,,,,,,,,,UNKNOWN,,,0.0,,,,,,,False
DXB-MEYDAN-5a7ca9f11b,meydanone,55.294791,25.145022,12.0,3,,,,,,,,,UNKNOWN,,,0.0,,,,,,,False
DXB-MEYDAN-e077586d8c,meydanone,55.292352,25.143531,12.0,3,,,,,,,,,UNKNOWN,,,0.0,,,,,,,False
DXB-MEYDAN-c8b9352c7a,meydanone,55.294763,25.145158,12.0,3,,,,,,,,,UNKNOWN,,,0.0,,,,,,,False
DXB-MEYDAN-1d22eaeb1e,meydanone,55.293993,25.143875,12.0,3,,,,,,,,,UNKNOWN,,,0.0,,,,,,,False
DXB-MEYDAN-67f97f7c92,meydanone,55.293974,25.14403,12.0,3,,,,,,,,,UNKNOWN,,,0.0,,,,,,,False
DXB-MEYDAN-fca3f35ffa,meydanone,55.293871,25.14383,12.0,3,,,,,,,,,UNKNOWN,,,0.0,,,,,,,False
DXB-MEYDAN-26216c8775,meydanone,55.293879,25.143864,12.0,3,,,,,,,,,UNKNOWN,,,0.0,,,,,,,False
DXB-MEYDAN-c36620573b,meydanone,55.293806,25.143977,12.0,3,,,,,,,,,UNKNOWN,,,0.0,,,,,,,False
DXB-MEYDAN-77963f3454,meydanone,55.294052,25.143874,12.0,3,,,,,,,,,UNKNOWN,,,0.0,,,,,,,False
DXB-MEYDAN-7bb1704e43,meydanone,55.294108,25.143982,12.0,3,,,,,,,,,UNKNOWN,,,0.0,,,,,,,False
DXB-MEYDAN-f4c9c115e7,meydanone,55.294357,25.143883,12.0,3,,,,,,,,,UNKNOWN,,,0.0,,,,,,,False
DXB-MEYDAN-2ab4856efc,meydanone,55.294414,25.143985,12.0,3,,,,,,,,,UNKNOWN,,,0.0,,,,,,,False
DXB-MEYDAN-5ae5c7097b,meydanone,55.294699,25.144105,12.0,3,,,,,,,,,UNKNOWN,,,0.0,,,,,,,False
DXB-MEYDAN-50a18bee05,meydanone,55.29466,25.144106,12.0,3,,,,,,,,,UNKNOWN,,,0.0,,,,,,,False
DXB-MEYDAN-59c8c08d98,meydanone,55.294696,25.143848,12.0,3,,,,,,,,,UNKNOWN,,,0.0,,,,,,,False
DXB-MEYDAN-51b5a5be45,meydanone,55.294669,25.143883,12.0,3,,,,,,,,,UNKNOWN,,,0.0,,,,,,,False
DXB-MEYDAN-78121ff71e,meydanone,55.294717,25.143988,12.0,3,,,,,,,,,UNKNOWN,,,0.0,,,,,,,False
DXB-MEYDAN-14f1313eda,meydanone,55.294969,25.143896,12.0,3,,,,,,,,,UNKNOWN,,,0.0,,,,,,,False
DXB-MEYDAN-bd43cf984b,meydanone,55.29503,25.143995,12.0,3,,,,,,,,,UNKNOWN,,,0.0,,,,,,,False
DXB-MEYDAN-e7a494bcc0,meydanone,55.295296,25.143889,12.0,3,,,,,,,,,UNKNOWN,,,0.0,,,,,,,False
DXB-MEYDAN-249a8a60a0,meydanone,55.295283,25.144009,12.0,3,,,,,,,,,UNKNOWN,,,0.0,,,,,,,False
DXB-MEYDAN-bbda7e4967,meydanone,55.295306,25.143968,12.0,3,,,,,,,,,UNKNOWN,,,0.0,,,,,,,False
DXB-MEYDAN-b4a9232e28,meydanone,55.2954,25.144045,12.0,3,,,,,,,,,UNKNOWN,,,0.0,,,,,,,False
DXB-MEYDAN-8b9314c34e,meydanone,55.295243,25.144184,12.0,3,,,,,,,,,UNKNOWN,,,0.0,,,,,,,False
DXB-MEYDAN-16481feff9,meydanone,55.295298,25.144233,12.0,3,,,,,,,,,UNKNOWN,,,0.0,,,,,,,False
DXB-MEYDAN-08b574c3c6,meydanone,55.295383,25.144317,12.0,3,,,,,,,,,UNKNOWN,,,0.0,,,,,,,False
DXB-MEYDAN-0c872b3219,meydanone,55.29529,25.144539,12.0,3,,,,,,,,,UNKNOWN,,,0.0,,,,,,,False
DXB-MEYDAN-80f451f7a2,meydanone,55.295368,25.144596,12.0,3,,,,,,,,,UNKNOWN,,,0.0,,,,,,,False
DXB-MEYDAN-aaa8414a82,meydanone,55.295505,25.144825,12.0,3,,,,,,,,,UNKNOWN,,,0.0,,,,,,,False
DXB-MEYDAN-a89beaa8e6,meydanone,55.295215,25.144735,12.0,3,,,,,,,,,UNKNOWN,,,0.0,,,,,,,False
DXB-MEYDAN-d648be8b32,meydanone,55.295277,25.144803,12.0,3,,,,,,,,,UNKNOWN,,,0.0,,,,,,,False
DXB-MEYDAN-a5690b2369,meydanone,55.295363,25.144861,12.0,3,,,,,,,,,UNKNOWN,,,0.0,,,,,,,False
DXB-MEYDAN-7d8f0f080e,meydanone,55.292386,25.143688,12.0,3,,,,,,,,,UNKNOWN,,,0.0,,,,,,,False
DXB-MEYDAN-90dba77510,meydanone,55.295687,25.145088,12.0,3,,,,,,,,,UNKNOWN,,,0.0,,,,,,,False
DXB-MEYDAN-3a790d84f4,meydanone,55.295919,25.144993,12.0,3,,,,,,,,,UNKNOWN,,,0.0,,,,,,,False
DXB-MEYDAN-ddbf2ac71e,meydanone,55.317972,25.12659,12.0,3,,,,,,,,,UNKNOWN,,,0.0,,,,,,,False
DXB-MEYDAN-ba33672458,meydanone,55.289064,25.145131,12.0,3,,,,,,,,,UNKNOWN,,,0.0,,,,,,,False
DXB-MEYDAN-e1be36d346,meydanone,55.28892,25.145156,12.0,3,,,,,,,,,UNKNOWN,,,0.0,,,,,,,False
DXB-MEYDAN-81fd796b02,meydanone,55.288992,25.145323,12.0,3,,,,,,,,,UNKNOWN,,,0.0,,,,,,,False
DXB-MEYDAN-c3b12bc86a,meydanone,55.288846,25.14535,12.0,3,,,,,,,,,UNKNOWN,,,0.0,,,,,,,False
DXB-MEYDAN-f0f07ccc79,meydanone,55.288915,25.145511,12.0,3,,,,,,,,,UNKNOWN,,,0.0,,,,,,,False
DXB-MEYDAN-d4d9dd7168,meydanone,55.28877,25.145537,12.0,3,,,,,,,,,UNKNOWN,,,0.0,,,,,,,False
DXB-MEYDAN-efaebe1911,meydanone,55.28885,25.145706,12.0,3,,,,,,,,,UNKNOWN,,,0.0,,,,,,,False
DXB-MEYDAN-09d5149f2a,meydanone,55.288704,25.145734,12.0,3,,,,,,,,,UNKNOWN,,,0.0,,,,,,,False
DXB-MEYDAN-c1d972f4ef,meydanone,55.288825,25.14591,12.0,3,,,,,,,,,UNKNOWN,,,0.0,,,,,,,False
DXB-MEYDAN-ea3e3b4f27,meydanone,55.28868,25.146302,12.0,3,,,,,,,,,UNKNOWN,,,0.0,,,,,,,False
DXB-MEYDAN-fe7efea49f,meydanone,55.288629,25.146484,12.0,3,,,,,,,,,UNKNOWN,,,0.0,,,,,,,False
DXB-MEYDAN-011adc019d,meydanone,55.28879,25.14589,12.0,3,,,,,,,,,UNKNOWN,,,0.0,,,,,,,False
DXB-MEYDAN-378b3a3c34,meydanone,55.288633,25.145925,12.0,3,,,,,,,,,UNKNOWN,,,0.0,,,,,,,False
DXB-MEYDAN-7e6a1fe516,meydanone,55.288562,25.146122,12.0,3,,,,,,,,,UNKNOWN,,,0.0,,,,,,,False
DXB-MEYDAN-bf41a92ed3,meydanone,55.288495,25.146307,12.0,3,,,,,,,,,UNKNOWN,,,0.0,,,,,,,False
DXB-MEYDAN-710bd44b64,meydanone,55.288653,25.146283,12.0,3,,,,,,,,,UNKNOWN,,,0.0,,,,,,,False
DXB-MEYDAN-4086355e29,meydanone,55.288585,25.146462,12.0,3,,,,,,,,,UNKNOWN,,,0.0,,,,,,,False
DXB-MEYDAN-fa7094ef90,meydanone,55.288424,25.146497,12.0,3,,,,,,,,,UNKNOWN,,,0.0,,,,,,,False
DXB-MEYDAN-bd28c9e0f8,meydanone,55.290909,25.144041,12.0,3,,,,,,,,,UNKNOWN,,,0.0,,,,,,,False
DXB-MEYDAN-d5beb0a9af,meydanone,55.291102,25.14426,12.0,3,,,,,,,,,UNKNOWN,,,0.0,,,,,,,False
DXB-MEYDAN-a9e1f21ef7,meydanone,55.290484,25.143476,12.0,3,,,,,,,,,UNKNOWN,,,0.0,,,,,,,False
DXB-MEYDAN-17be2411d5,meydanone,55.290461,25.143432,12.0,3,,,,,,,,,UNKNOWN,,,0.0,,,,,,,False
DXB-MEYDAN-b0d0826d43,meydanone,55.290828,25.143707,12.0,3,,,,,,,,,UNKNOWN,,,0.0,,,,,,,False
DXB-MEYDAN-f05fa01242,meydanone,55.291096,25.143827,12.0,3,,,,,,,,,UNKNOWN,,,0.0,,,,,,,False
DXB-MEYDAN-807520a6df,meydanone,55.291062,25.143788,12.0,3,,,,,,,,,UNKNOWN,,,0.0,,,,,,,False
DXB-MEYDAN-a03543f23d,meydanone,55.291003,25.143912,12.0,3,,,,,,,,,UNKNOWN,,,0.0,,,,,,,False
DXB-MEYDAN-941af3eb91,meydanone,55.291183,25.144265,12.0,3,,,,,,,,,UNKNOWN,,,0.0,,,,,,,False
DXB-MEYDAN-76eee03bf2,meydanone,55.291212,25.144149,12.0,3,,,,,,,,,UNKNOWN,,,0.0,,,,,,,False
DXB-MEYDAN-cef9fc3af3,meydanone,55.291412,25.144375,12.0,3,,,,,,,,,UNKNOWN,,,0.0,,,,,,,False
DXB-MEYDAN-208be576c1,meydanone,55.291644,25.144172,12.0,3,,,,,,,,,UNKNOWN,,,0.0,,,,,,,False
DXB-MEYDAN-713d31324f,meydanone,55.29255,25.143621,12.0,3,,,,,,,,,UNKNOWN,,,0.0,,,,,,,False
DXB-MEYDAN-f8de0b8176,meydanone,55.291886,25.144,12.0,3,,,,,,,,,UNKNOWN,,,0.0,,,,,,,False
DXB-MEYDAN-e45b50b32c,meydanone,55.292135,25.143822,12.0,3,,,,,,,,,UNKNOWN,,,0.0,,,,,,,False
DXB-MEYDAN-c74edaa872,meydanone,55.316573,25.141158,12.0,3,,,,,,,,,UNKNOWN,,,0.0,,,,,,,False
DXB-MEYDAN-8421ca5112,meydanone,55.317048,25.141192,12.0,3,,,,,,,,,UNKNOWN,,,0.0,,,,,,,False
DXB-MEYDAN-ee9e4e0510,meydanone,55.316928,25.141266,12.0,3,,,,,,,,,UNKNOWN,,,0.0,,,,,,,False
DXB-MEYDAN-db8a91c8b5,meydanone,55.316355,25.140928,12.0,3,,,,,,,,,UNKNOWN,,,0.0,,,,,,,False
DXB-MEYDAN-1423cf6530,meydanone,55.316572,25.142833,12.0,3,,,,,,,,,UNKNOWN,,,0.0,,,,,,,False
DXB-MEYDAN-649a565e3e,meydanone,55.317195,25.142379,12.0,3,,,,,,,,,UNKNOWN,,,0.0,,,,,,,False
DXB-MEYDAN-2fb02929eb,meydanone,55.317395,25.142761,12.0,3,,,,,,,,,UNKNOWN,,,0.0,,,,,,,False
DXB-MEYDAN-b1c478b7a9,meydanone,55.316621,25.143982,12.0,3,,,,,,,,,UNKNOWN,,,0.0,,,,,,,False
DXB-MEYDAN-d9b5437dab,meydanone,55.316706,25.143671,12.0,3,,,,,,,,,UNKNOWN,,,0.0,,,,,,,False
DXB-MEYDAN-dfa8f40775,meydanone,55.290599,25.141087,12.0,3,,,,,,,,,UNKNOWN,,,0.0,,,,,,,False
DXB-MEYDAN-3861bae28e,meydanone,55.290559,25.14106,12.0,3,,,,,,,,,UNKNOWN,,,0.0,,,,,,,False
DXB-MEYDAN-09313f22e9,meydanone,55.290399,25.141095,12.0,3,,,,,,,,,UNKNOWN,,,0.0,,,,,,,False
DXB-MEYDAN-a9557928bd,meydanone,55.290519,25.141276,12.0,3,,,,,,,,,UNKNOWN,,,0.0,,,,,,,False
DXB-MEYDAN-9d7c3d947b,meydanone,55.290483,25.141257,12.0,3,,,,,,,,,UNKNOWN,,,0.0,,,,,,,False
DXB-MEYDAN-a008bebf6e,meydanone,55.290324,25.141288,12.0,3,,,,,,,,,UNKNOWN,,,0.0,,,,,,,False
DXB-MEYDAN-5919e42305,meydanone,55.290448,25.14146,12.0,3,,,,,,,,,UNKNOWN,,,0.0,,,,,,,False
DXB-MEYDAN-a02a1d5591,meydanone,55.290412,25.141437,12.0,3,,,,,,,,,UNKNOWN,,,0.0,,,,,,,False
DXB-MEYDAN-b96c174f4a,meydanone,55.290254,25.141472,12.0,3,,,,,,,,,UNKNOWN,,,0.0,,,,,,,False
DXB-MEYDAN-3ad582dc17,meydanone,55.290341,25.141651,12.0,3,,,,,,,,,UNKNOWN,,,0.0,,,,,,,False
DXB-MEYDAN-8e4123bfa0,meydanone,55.29019,25.141677,12.0,3,,,,,,,,,UNKNOWN,,,0.0,,,,,,,False
DXB-MEYDAN-b3a3247338,meydanone,55.290266,25.141904,12.0,3,,,,,,,,,UNKNOWN,,,0.0,,,,,,,False
DXB-MEYDAN-d75fcb1379,meydanone,55.290266,25.14184,12.0,3,,,,,,,,,UNKNOWN,,,0.0,,,,,,,False
DXB-MEYDAN-98ce1f3071,meydanone,55.290119,25.141869,12.0,3,,,,,,,,,UNKNOWN,,,0.0,,,,,,,False
DXB-MEYDAN-d736bf6bb6,meydanone,55.290197,25.142045,12.0,3,,,,,,,,,UNKNOWN,,,0.0,,,,,,,False
DXB-MEYDAN-9485dafec3,meydanone,55.290046,25.14207,12.0,3,,,,,,,,,UNKNOWN,,,0.0,,,,,,,False
DXB-MEYDAN-77609735a2,meydanone,55.290167,25.142248,12.0,3,,,,,,,,,UNKNOWN,,,0.0,,,,,,,False
DXB-MEYDAN-317954d3b3,meydanone,55.290135,25.142227,12.0,3,,,,,,,,,UNKNOWN,,,0.0,,,,,,,False
DXB-MEYDAN-08fdf0feb9,meydanone,55.289974,25.142255,12.0,3,,,,,,,,,UNKNOWN,,,0.0,,,,,,,False
DXB-MEYDAN-52931acc4f,meydanone,55.290095,25.142426,12.0,3,,,,,,,,,UNKNOWN,,,0.0,,,,,,,False
DXB-MEYDAN-77f0e8d846,meydanone,55.290059,25.142405,12.0,3,,,,,,,,,UNKNOWN,,,0.0,,,,,,,False
DXB-MEYDAN-75af59b49b,meydanone,55.289898,25.142438,12.0,3,,,,,,,,,UNKNOWN,,,0.0,,,,,,,False
DXB-MEYDAN-379d0005b0,meydanone,55.289985,25.142611,12.0,3,,,,,,,,,UNKNOWN,,,0.0,,,,,,,False
DXB-MEYDAN-0a169d28fe,meydanone,55.289833,25.142638,12.0,3,,,,,,,,,UNKNOWN,,,0.0,,,,,,,False
DXB-MEYDAN-31d631c5bb,meydanone,55.289914,25.142811,12.0,3,,,,,,,,,UNKNOWN,,,0.0,,,,,,,False
DXB-MEYDAN-2d0b8b1712,meydanone,55.289769,25.142837,12.0,3,,,,,,,,,UNKNOWN,,,0.0,,,,,,,False
DXB-MEYDAN-d747c771e8,meydanone,55.289652,25.142864,12.0,3,,,,,,,,,UNKNOWN,,,0.0,,,,,,,False
DXB-MEYDAN-aec7b7d5a6,meydanone,55.289603,25.142953,12.0,3,,,,,,,,,UNKNOWN,,,0.0,,,,,,,False
DXB-MEYDAN-9f9258f4f1,meydanone,55.289837,25.142994,12.0,3,,,,,,,,,UNKNOWN,,,0.0,,,,,,,False
DXB-MEYDAN-c3b765b2a4,meydanone,55.289686,25.143023,12.0,3,,,,,,,,,UNKNOWN,,,0.0,,,,,,,False
DXB-MEYDAN-f5a625205a,meydanone,55.289774,25.143193,12.0,3,,,,,,,,,UNKNOWN,,,0.0,,,,,,,False
DXB-MEYDAN-95dc79f394,meydanone,55.289625,25.143222,12.0,3,,,,,,,,,UNKNOWN,,,0.0,,,,,,,False
DXB-MEYDAN-1f6a61b10b,meydanone,55.28947,25.14333,12.0,3,,,,,,,,,UNKNOWN,,,0.0,,,,,,,False
DXB-MEYDAN-a0694d4cb1,meydanone,55.289698,25.143386,12.0,3,,,,,,,,,UNKNOWN,,,0.0,,,,,,,False
DXB-MEYDAN-883561177a,meydanone,55.28955,25.143413,12.0,3,,,,,,,,,UNKNOWN,,,0.0,,,,,,,False
DXB-MEYDAN-e0a75d092f,meydanone,55.289681,25.143605,12.0,3,,,,,,,,,UNKNOWN,,,0.0,,,,,,,False
DXB-MEYDAN-71839f15fe,meydanone,55.289642,25.143581,12.0,3,,,,,,,,,UNKNOWN,,,0.0,,,,,,,False
DXB-MEYDAN-ffa20cfcc3,meydanone,55.289484,25.143613,12.0,3,,,,,,,,,UNKNOWN,,,0.0,,,,,,,False
DXB-MEYDAN-be69e76bc0,meydanone,55.289598,25.143793,12.0,3,,,,,,,,,UNKNOWN,,,0.0,,,,,,,False
DXB-MEYDAN-a6e9ef2543,meydanone,55.289565,25.143768,12.0,3,,,,,,,,,UNKNOWN,,,0.0,,,,,,,False
DXB-MEYDAN-b2c43f2f0c,meydanone,55.289406,25.1438,12.0,3,,,,,,,,,UNKNOWN,,,0.0,,,,,,,False
DXB-MEYDAN-9bb1a22a14,meydanone,55.289531,25.143978,12.0,3,,,,,,,,,UNKNOWN,,,0.0,,,,,,,False
DXB-MEYDAN-d493aa7061,meydanone,55.289503,25.143958,12.0,3,,,,,,,,,UNKNOWN,,,0.0,,,,,,,False
DXB-MEYDAN-48c3827e64,meydanone,55.289338,25.143989,12.0,3,,,,,,,,,UNKNOWN,,,0.0,,,,,,,False
DXB-MEYDAN-a9b447168d,meydanone,55.289412,25.144156,12.0,3,,,,,,,,,UNKNOWN,,,0.0,,,,,,,False
DXB-MEYDAN-91a8250669,meydanone,55.289263,25.144181,12.0,3,,,,,,,,,UNKNOWN,,,0.0,,,,,,,False
DXB-MEYDAN-4e23c36e34,meydanone,55.289392,25.144372,12.0,3,,,,,,,,,UNKNOWN,,,0.0,,,,,,,False
DXB-MEYDAN-568b512133,meydanone,55.289359,25.144351,12.0,3,,,,,,,,,UNKNOWN,,,0.0,,,,,,,False
DXB-MEYDAN-673cc037e3,meydanone,55.2892,25.144382,12.0,3,,,,,,,,,UNKNOWN,,,0.0,,,,,,,False
DXB-MEYDAN-11bdca4855,meydanone,55.289275,25.144548,12.0,3,,,,,,,,,UNKNOWN,,,0.0,,,,,,,False
DXB-MEYDAN-6d8c16f710,meydanone,55.289128,25.144573,12.0,3,,,,,,,,,UNKNOWN,,,0.0,,,,,,,False
DXB-MEYDAN-2060ab7568,meydanone,55.289246,25.144752,12.0,3,,,,,,,,,UNKNOWN,,,0.0,,,,,,,False
DXB-MEYDAN-64c87a2593,meydanone,55.28921,25.144729,12.0,3,,,,,,,,,UNKNOWN,,,0.0,,,,,,,False
DXB-MEYDAN-8b9a729641,meydanone,55.289053,25.144763,12.0,3,,,,,,,,,UNKNOWN,,,0.0,,,,,,,False
DXB-MEYDAN-dbe5947416,meydanone,55.289104,25.144881,12.0,3,,,,,,,,,UNKNOWN,,,0.0,,,,,,,False
DXB-MEYDAN-a96a9e6b19,meydanone,55.289066,25.144863,12.0,3,,,,,,,,,UNKNOWN,,,0.0,,,,,,,False
DXB-MEYDAN-3fce1fdb85,meydanone,55.289188,25.144949,12.0,3,,,,,,,,,UNKNOWN,,,0.0,,,,,,,False
DXB-MEYDAN-664ea37745,meydanone,55.289152,25.144928,12.0,3,,,,,,,,,UNKNOWN,,,0.0,,,,,,,False
DXB-MEYDAN-4f103758e0,meydanone,55.288994,25.144962,12.0,3,,,,,,,,,UNKNOWN,,,0.0,,,,,,,False
DXB-MEYDAN-fe7f0c044a,meydanone,55.292983,25.141881,12.0,3,,,,,,,,,UNKNOWN,,,0.0,,,,,,,False
DXB-MEYDAN-d8ad91e78c,meydanone,55.293094,25.141943,12.0,3,,,,,,,,,UNKNOWN,,,0.0,,,,,,,False
DXB-MEYDAN-b2db511a18,meydanone,55.29301,25.141477,12.0,3,,,,,,,,,UNKNOWN,,,0.0,,,,,,,False
DXB-MEYDAN-8435300261,meydanone,55.293005,25.141727,12.0,3,,,,,,,,,UNKNOWN,,,0.0,,,,,,,False
DXB-MEYDAN-61011fa6fe,meydanone,55.293106,25.141697,12.0,3,,,,,,,,,UNKNOWN,,,0.0,,,,,,,False
DXB-MEYDAN-0f8ee8c5fe,meydanone,55.293108,25.14143,12.0,3,,,,,,,,,UNKNOWN,,,0.0,,,,,,,False
DXB-MEYDAN-3cc715f7f5,meydanone,55.292956,25.141452,12.0,3,,,,,,,,,UNKNOWN,,,0.0,,,,,,,False
DXB-MEYDAN-009524ad06,meydanone,55.292977,25.141213,12.0,3,,,,,,,,,UNKNOWN,,,0.0,,,,,,,False
DXB-MEYDAN-bfcbfaa752,meydanone,55.293139,25.141197,12.0,3,,,,,,,,,UNKNOWN,,,0.0,,,,,,,False
DXB-MEYDAN-663788049e,meydanone,55.292812,25.141047,12.0,3,,,,,,,,,UNKNOWN,,,0.0,,,,,,,False
DXB-MEYDAN-22fcccfb6d,meydanone,55.292858,25.140957,12.0,3,,,,,,,,,UNKNOWN,,,0.0,,,,,,,False
DXB-MEYDAN-545993a4e7,meydanone,55.292582,25.140939,12.0,3,,,,,,,,,UNKNOWN,,,0.0,,,,,,,False
DXB-MEYDAN-4e6a30e1b4,meydanone,55.292336,25.141037,12.0,3,,,,,,,,,UNKNOWN,,,0.0,,,,,,,False
DXB-MEYDAN-12202d9649,meydanone,55.292301,25.140946,12.0,3,,,,,,,,,UNKNOWN,,,0.0,,,,,,,False
DXB-MEYDAN-691ca23921,meydanone,55.292037,25.14102,12.0,3,,,,,,,,,UNKNOWN,,,0.0,,,,,,,False
DXB-MEYDAN-958d73a158,meydanone,55.292005,25.140906,12.0,3,,,,,,,,,UNKNOWN,,,0.0,,,,,,,False
DXB-MEYDAN-45f8d916ff,meydanone,55.291741,25.141013,12.0,3,,,,,,,,,UNKNOWN,,,0.0,,,,,,,False
DXB-MEYDAN-f7288d8595,meydanone,55.291712,25.140915,12.0,3,,,,,,,,,UNKNOWN,,,0.0,,,,,,,False
DXB-MEYDAN-8a84e5649f,meydanone,55.291447,25.141002,12.0,3,,,,,,,,,UNKNOWN,,,0.0,,,,,,,False
DXB-MEYDAN-4cea999dcc,meydanone,55.291415,25.140899,12.0,3,,,,,,,,,UNKNOWN,,,0.0,,,,,,,False
DXB-MEYDAN-2987595a8c,meydanone,55.291028,25.140754,12.0,3,,,,,,,,,UNKNOWN,,,0.0,,,,,,,False
DXB-MEYDAN-339decde72,meydanone,55.291158,25.140985,12.0,3,,,,,,,,,UNKNOWN,,,0.0,,,,,,,False
DXB-MEYDAN-7447edad81,meydanone,55.291123,25.14088,12.0,3,,,,,,,,,UNKNOWN,,,0.0,,,,,,,False
DXB-MEYDAN-d3f650f902,meydanone,55.290862,25.140946,12.0,3,,,,,,,,,UNKNOWN,,,0.0,,,,,,,False
DXB-MEYDAN-d1709bfef0,meydanone,55.29064,25.140752,12.0,3,,,,,,,,,UNKNOWN,,,0.0,,,,,,,False
DXB-MEYDAN-844e965a7e,meydanone,55.29082,25.140858,12.0,3,,,,,,,,,UNKNOWN,,,0.0,,,,,,,False
DXB-MEYDAN-dec43816fe,meydanone,55.290648,25.140985,12.0,3,,,,,,,,,UNKNOWN,,,0.0,,,,,,,False
DXB-MEYDAN-88439d3dac,meydanone,55.290614,25.140962,12.0,3,,,,,,,,,UNKNOWN,,,0.0,,,,,,,False
DXB-MEYDAN-0672b864ee,meydanone,55.290494,25.140915,12.0,3,,,,,,,,,UNKNOWN,,,0.0,,,,,,,False
DXB-MEYDAN-ee59a53062,meydanone,55.292645,25.142829,12.0,3,,,,,,,,,UNKNOWN,,,0.0,,,,,,,False
DXB-MEYDAN-08977b6a82,meydanone,55.292619,25.142721,12.0,3,,,,,,,,,UNKNOWN,,,0.0,,,,,,,False
DXB-MEYDAN-419c2ed575,meydanone,55.292371,25.142822,12.0,3,,,,,,,,,UNKNOWN,,,0.0,,,,,,,False
DXB-MEYDAN-3a6f0f00a9,meydanone,55.292307,25.142706,12.0,3,,,,,,,,,UNKNOWN,,,0.0,,,,,,,False
DXB-MEYDAN-e735ad00f4,meydanone,55.291992,25.142699,12.0,3,,,,,,,,,UNKNOWN,,,0.0,,,,,,,False
DXB-MEYDAN-0f930916de,meydanone,55.291688,25.142679,12.0,3,,,,,,,,,UNKNOWN,,,0.0,,,,,,,False
DXB-MEYDAN-c568ae5f48,meydanone,55.291353,25.142689,12.0,3,,,,,,,,,UNKNOWN,,,0.0,,,,,,,False
DXB-MEYDAN-a0a1999213,meydanone,55.291262,25.142558,12.0,3,,,,,,,,,UNKNOWN,,,0.0,,,,,,,False
DXB-MEYDAN-86719d77bb,meydanone,55.291068,25.142657,12.0,3,,,,,,,,,UNKNOWN,,,0.0,,,,,,,False
DXB-MEYDAN-3a263d7b51,meydanone,55.291029,25.142953,12.0,3,,,,,,,,,UNKNOWN,,,0.0,,,,,,,False
DXB-MEYDAN-252c44a69c,meydanone,55.291002,25.142986,12.0,3,,,,,,,,,UNKNOWN,,,0.0,,,,,,,False
DXB-MEYDAN-00d10bdc86,meydanone,55.291046,25.143096,12.0,3,,,,,,,,,UNKNOWN,,,0.0,,,,,,,False
DXB-MEYDAN-945a28a679,meydanone,55.29134,25.142968,12.0,3,,,,,,,,,UNKNOWN,,,0.0,,,,,,,False
DXB-MEYDAN-5c5c2226cd,meydanone,55.291312,25.143001,12.0,3,,,,,,,,,UNKNOWN,,,0.0,,,,,,,False
DXB-MEYDAN-d8becaada8,meydanone,55.291362,25.143106,12.0,3,,,,,,,,,UNKNOWN,,,0.0,,,,,,,False
DXB-MEYDAN-374a582c44,meydanone,55.291615,25.143017,12.0,3,,,,,,,,,UNKNOWN,,,0.0,,,,,,,False
DXB-MEYDAN-0de5e8572d,meydanone,55.291678,25.143115,12.0,3,,,,,,,,,UNKNOWN,,,0.0,,,,,,,False
DXB-MEYDAN-89ea85c63b,meydanone,55.291923,25.143026,12.0,3,,,,,,,,,UNKNOWN,,,0.0,,,,,,,False
DXB-MEYDAN-4b64251342,meydanone,55.291978,25.143132,12.0,3,,,,,,,,,UNKNOWN,,,0.0,,,,,,,False
DXB-MEYDAN-5c02e304f1,meydanone,55.292263,25.142998,12.0,3,,,,,,,,,UNKNOWN,,,0.0,,,,,,,False
DXB-MEYDAN-5d2d995910,meydanone,55.292231,25.143032,12.0,3,,,,,,,,,UNKNOWN,,,0.0,,,,,,,False
DXB-MEYDAN-f2f0580b4d,meydanone,55.29229,25.143158,12.0,3,,,,,,,,,UNKNOWN,,,0.0,,,,,,,False
DXB-MEYDAN-0fe25fed4b,meydanone,55.292588,25.143133,12.0,3,,,,,,,,,UNKNOWN,,,0.0,,,,,,,False
DXB-MEYDAN-0d18fa4f3c,meydanone,55.292682,25.143351,12.0,3,,,,,,,,,UNKNOWN,,,0.0,,,,,,,False
DXB-MEYDAN-c795c4c48e,meydanone,55.296528,25.145153,12.0,3,,,,,,,,,UNKNOWN,,,0.0,,,,,,,False
DXB-MEYDAN-7a0eb06e6a,meydanone,55.296806,25.145061,12.0,3,,,,,,,,,UNKNOWN,,,0.0,,,,,,,False
DXB-MEYDAN-561c11482f,meydanone,55.296018,25.145476,12.0,3,,,,,,,,,UNKNOWN,,,0.0,,,,,,,False
DXB-MEYDAN-e6e79c0071,meydanone,55.289814,25.146789,12.0,3,,,,,,,,,UNKNOWN,,,0.0,,,,,,,False
DXB-MEYDAN-6f17cc7731,meydanone,55.295708,25.145441,12.0,3,,,,,,,,,UNKNOWN,,,0.0,,,,,,,False
DXB-MEYDAN-d766e7b19a,meydanone,55.290933,25.144273,12.0,3,,,,,,,,,UNKNOWN,,,0.0,,,,,,,False
DXB-MEYDAN-06518ce5e9,meydanone,55.290853,25.144403,12.0,3,,,,,,,,,UNKNOWN,,,0.0,,,,,,,False
DXB-MEYDAN-3493afd697,meydanone,55.291121,25.144494,12.0,3,,,,,,,,,UNKNOWN,,,0.0,,,,,,,False
DXB-MEYDAN-a163c9c9b4,meydanone,55.291044,25.144646,12.0,3,,,,,,,,,UNKNOWN,,,0.0,,,,,,,False
DXB-MEYDAN-bdd86af9a6,meydanone,55.290624,25.144773,12.0,3,,,,,,,,,UNKNOWN,,,0.0,,,,,,,False
DXB-MEYDAN-5442302647,meydanone,55.290809,25.14482,12.0,3,,,,,,,,,UNKNOWN,,,0.0,,,,,,,False
DXB-MEYDAN-3e93457a02,meydanone,55.29053,25.145314,12.0,3,,,,,,,,,UNKNOWN,,,0.0,,,,,,,False
DXB-MEYDAN-c44d0a5224,meydanone,55.289705,25.146092,12.0,3,,,,,,,,,UNKNOWN,,,0.0,,,,,,,False
DXB-MEYDAN-fc731717e1,meydanone,55.28945,25.146655,12.0,3,,,,,,,,,UNKNOWN,,,0.0,,,,,,,False
DXB-MEYDAN-32acc142d1,meydanone,55.289396,25.146627,12.0,3,,,,,,,,,UNKNOWN,,,0.0,,,,,,,False
DXB-MEYDAN-caee0c2ec4,meydanone,55.289282,25.146819,12.0,3,,,,,,,,,UNKNOWN,,,0.0,,,,,,,False
DXB-MEYDAN-67b19acce8,meydanone,55.289762,25.14658,12.0,3,,,,,,,,,UNKNOWN,,,0.0,,,,,,,False
DXB-MEYDAN-b7beffcd45,meydanone,55.290034,25.143835,12.0,3,,,,,,,,,UNKNOWN,,,0.0,,,,,,,False
DXB-MEYDAN-f70a56d84a,meydanone,55.289835,25.144491,12.0,3,,,,,,,,,UNKNOWN,,,0.0,,,,,,,False
DXB-MEYDAN-5fd7c556d1,meydanone,55.288843,25.146372,12.0,3,,,,,,,,,UNKNOWN,,,0.0,,,,,,,False
DXB-MEYDAN-aa9ba11e1f,meydanone,55.288815,25.146414,12.0,3,,,,,,,,,UNKNOWN,,,0.0,,,,,,,False
DXB-MEYDAN-04239c47a1,meydanone,55.290455,25.143963,12.0,3,,,,,,,,,UNKNOWN,,,0.0,,,,,,,False
DXB-MEYDAN-884b3006ea,meydanone,55.290731,25.144059,12.0,3,,,,,,,,,UNKNOWN,,,0.0,,,,,,,False
DXB-MEYDAN-bcaae93746,meydanone,55.290649,25.144183,12.0,3,,,,,,,,,UNKNOWN,,,0.0,,,,,,,False
DXB-MEYDAN-9eae75666d,meydanone,55.302629,25.162832,12.0,3,,,,,,,,,UNKNOWN,,,0.0,,,,,,,False
DXB-MEYDAN-f2be6b2999,meydanone,55.298555,25.161806,12.0,3,,,,,,,,,UNKNOWN,,,0.0,,,,,,,False
DXB-MEYDAN-85aaa9c1f8,meydanone,55.298539,25.161759,12.0,3,,,,,,,,,UNKNOWN,,,0.0,,,,,,,False
DXB-MEYDAN-5d63013157,meydanone,55.29017,25.142867,12.0,3,,,,,,,,,UNKNOWN,,,0.0,,,,,,,False
DXB-MEYDAN-a69e01ada7,meydanone,55.290081,25.143133,12.0,3,,,,,,,,,UNKNOWN,,,0.0,,,,,,,False
DXB-MEYDAN-fe0ce43d0e,meydanone,55.290277,25.142596,12.0,3,,,,,,,,,UNKNOWN,,,0.0,,,,,,,False
DXB-MEYDAN-332a160b43,meydanone,55.290463,25.142066,12.0,3,,,,,,,,,UNKNOWN,,,0.0,,,,,,,False
DXB-MEYDAN-2d7368c04e,meydanone,55.290559,25.141797,12.0,3,,,,,,,,,UNKNOWN,,,0.0,,,,,,,False
DXB-MEYDAN-902c699ac3,meydanone,55.292588,25.142251,12.0,3,,,,,,,,,UNKNOWN,,,0.0,,,,,,,False
DXB-MEYDAN-764048331a,meydanone,55.292667,25.142308,12.0,3,,,,,,,,,UNKNOWN,,,0.0,,,,,,,False
DXB-MEYDAN-36ef747166,meydanone,55.292805,25.141942,12.0,3,,,,,,,,,UNKNOWN,,,0.0,,,,,,,False
DXB-MEYDAN-edc27ab07b,meydanone,55.292683,25.142012,12.0,3,,,,,,,,,UNKNOWN,,,0.0,,,,,,,False
DXB-MEYDAN-5cc893256c,meydanone,55.29253,25.141639,12.0,3,,,,,,,,,UNKNOWN,,,0.0,,,,,,,False
DXB-MEYDAN-a32cb6bf4d,meydanone,55.292815,25.141662,12.0,3,,,,,,,,,UNKNOWN,,,0.0,,,,,,,False
DXB-MEYDAN-7d98de92bb,meydanone,55.292689,25.141723,12.0,3,,,,,,,,,UNKNOWN,,,0.0,,,,,,,False
DXB-MEYDAN-dba09cbd69,meydanone,55.292637,25.141233,12.0,3,,,,,,,,,UNKNOWN,,,0.0,,,,,,,False
DXB-MEYDAN-77afbcbd18,meydanone,55.292614,25.141272,12.0,3,,,,,,,,,UNKNOWN,,,0.0,,,,,,,False
DXB-MEYDAN-043a43ab7e,meydanone,55.292332,25.141222,12.0,3,,,,,,,,,UNKNOWN,,,0.0,,,,,,,False
DXB-MEYDAN-293a05680a,meydanone,55.292307,25.141258,12.0,3,,,,,,,,,UNKNOWN,,,0.0,,,,,,,False
DXB-MEYDAN-f3b74152b4,meydanone,55.292648,25.141351,12.0,3,,,,,,,,,UNKNOWN,,,0.0,,,,,,,False
DXB-MEYDAN-cf11bc22e2,meydanone,55.292349,25.141355,12.0,3,,,,,,,,,UNKNOWN,,,0.0,,,,,,,False
DXB-MEYDAN-40d1ca00a6,meydanone,55.292018,25.141208,12.0,3,,,,,,,,,UNKNOWN,,,0.0,,,,,,,False
DXB-MEYDAN-978dc0c694,meydanone,55.291996,25.141244,12.0,3,,,,,,,,,UNKNOWN,,,0.0,,,,,,,False
DXB-MEYDAN-5d7cb55a89,meydanone,55.292042,25.141331,12.0,3,,,,,,,,,UNKNOWN,,,0.0,,,,,,,False
DXB-MEYDAN-a4ad756683,meydanone,55.29168,25.141232,12.0,3,,,,,,,,,UNKNOWN,,,0.0,,,,,,,False
DXB-MEYDAN-a9d59445b7,meydanone,55.291372,25.141221,12.0,3,,,,,,,,,UNKNOWN,,,0.0,,,,,,,False
DXB-MEYDAN-187de8c35c,meydanone,55.291069,25.141201,12.0,3,,,,,,,,,UNKNOWN,,,0.0,,,,,,,False
DXB-MEYDAN-1c3b9e2396,meydanone,55.290674,25.141482,12.0,3,,,,,,,,,UNKNOWN,,,0.0,,,,,,,False
DXB-MEYDAN-d646a4fb79,meydanone,55.291696,25.141195,12.0,3,,,,,,,,,UNKNOWN,,,0.0,,,,,,,False
DXB-MEYDAN-d26331475b,meydanone,55.291724,25.141332,12.0,3,,,,,,,,,UNKNOWN,,,0.0,,,,,,,False
DXB-MEYDAN-a6db16b93c,meydanone,55.291422,25.141322,12.0,3,,,,,,,,,UNKNOWN,,,0.0,,,,,,,False
DXB-MEYDAN-79de32e3b6,meydanone,55.291292,25.14122,12.0,3,,,,,,,,,UNKNOWN,,,0.0,,,,,,,False
DXB-MEYDAN-b2ad25901c,meydanone,55.291072,25.141166,12.0,3,,,,,,,,,UNKNOWN,,,0.0,,,,,,,False
DXB-MEYDAN-b5d7c582c0,meydanone,55.291114,25.141308,12.0,3,,,,,,,,,UNKNOWN,,,0.0,,,,,,,False
DXB-MEYDAN-118e3b2543,meydanone,55.290772,25.141226,12.0,3,,,,,,,,,UNKNOWN,,,0.0,,,,,,,False
DXB-MEYDAN-990f98ed87,meydanone,55.290829,25.141206,12.0,3,,,,,,,,,UNKNOWN,,,0.0,,,,,,,False
DXB-MEYDAN-2906e139a2,meydanone,55.290625,25.141461,12.0,3,,,,,,,,,UNKNOWN,,,0.0,,,,,,,False
DXB-MEYDAN-95787ccd99,meydanone,55.290771,25.141471,12.0,3,,,,,,,,,UNKNOWN,,,0.0,,,,,,,False
DXB-MEYDAN-60cd55420b,meydanone,55.29271,25.142457,12.0,3,,,,,,,,,UNKNOWN,,,0.0,,,,,,,False
DXB-MEYDAN-a03fe672ae,meydanone,55.290674,25.1418,12.0,3,,,,,,,,,UNKNOWN,,,0.0,,,,,,,False
DXB-MEYDAN-9731e0537c,meydanone,55.290577,25.142076,12.0,3,,,,,,,,,UNKNOWN,,,0.0,,,,,,,False
DXB-MEYDAN-be32077483,meydanone,55.290321,25.142316,12.0,3,,,,,,,,,UNKNOWN,,,0.0,,,,,,,False
DXB-MEYDAN-8aad606ed4,meydanone,55.290473,25.142321,12.0,3,,,,,,,,,UNKNOWN,,,0.0,,,,,,,False
DXB-MEYDAN-74e62c2cd6,meydanone,55.290384,25.142599,12.0,3,,,,,,,,,UNKNOWN,,,0.0,,,,,,,False
DXB-MEYDAN-3817979c58,meydanone,55.290126,25.142845,12.0,3,,,,,,,,,UNKNOWN,,,0.0,,,,,,,False
DXB-MEYDAN-58946ec698,meydanone,55.290281,25.142872,12.0,3,,,,,,,,,UNKNOWN,,,0.0,,,,,,,False
DXB-MEYDAN-76e2d0fa5e,meydanone,55.290185,25.143137,12.0,3,,,,,,,,,UNKNOWN,,,0.0,,,,,,,False
DXB-MEYDAN-f38b20ce60,meydanone,55.292242,25.140187,12.0,3,,,,,,,,,UNKNOWN,,,0.0,,,,,,,False
DXB-MEYDAN-bf8296b647,meydanone,55.289676,25.144069,12.0,3,,,,,,,,,UNKNOWN,,,0.0,,,,,,,False
DXB-MEYDAN-07e2428df5,meydanone,55.28948,25.144596,12.0,3,,,,,,,,,UNKNOWN,,,0.0,,,,,,,False
DXB-MEYDAN-1cb2871bca,meydanone,55.289386,25.144864,12.0,3,,,,,,,,,UNKNOWN,,,0.0,,,,,,,False
DXB-MEYDAN-7d839afc35,meydanone,55.291981,25.143531,12.0,3,,,,,,,,,UNKNOWN,,,0.0,,,,,,,False
DXB-MEYDAN-e7b200439f,meydanone,55.290539,25.143345,12.0,3,,,,,,,,,UNKNOWN,,,0.0,,,,,,,False
DXB-MEYDAN-323b950bf5,meydanone,55.290618,25.143286,12.0,3,,,,,,,,,UNKNOWN,,,0.0,,,,,,,False
DXB-MEYDAN-47c8da028b,meydanone,55.313581,25.137043,12.0,3,,,,,,,,,UNKNOWN,,,0.0,,,,,,,False
DXB-MEYDAN-6f40ac9c92,meydanone,55.313673,25.13696,12.0,3,,,,,,,,,UNKNOWN,,,0.0,,,,,,,False
DXB-MEYDAN-3db0fdc179,meydanone,55.313701,25.136662,12.0,3,,,,,,,,,UNKNOWN,,,0.0,,,,,,,False
DXB-MEYDAN-a26d9b0281,meydanone,55.313964,25.136657,12.0,3,,,,,,,,,UNKNOWN,,,0.0,,,,,,,False
DXB-MEYDAN-ebb9b5884f,meydanone,55.31323,25.137169,12.0,3,,,,,,,,,UNKNOWN,,,0.0,,,,,,,False
DXB-MEYDAN-42080d56da,meydanone,55.315331,25.137289,12.0,3,,,,,,,,,UNKNOWN,,,0.0,,,,,,,False
DXB-MEYDAN-2c4d42dfeb,meydanone,55.315185,25.13738,12.0,3,,,,,,,,,UNKNOWN,,,0.0,,,,,,,False
DXB-MEYDAN-f6c1fcb61b,meydanone,55.31368,25.137317,12.0,3,,,,,,,,,UNKNOWN,,,0.0,,,,,,,False
DXB-MEYDAN-2840820f70,meydanone,55.313462,25.137286,12.0,3,,,,,,,,,UNKNOWN,,,0.0,,,,,,,False
DXB-MEYDAN-76d45f9d2f,meydanone,55.316152,25.135491,12.0,3,,,,,,,,,UNKNOWN,,,0.0,,,,,,,False
DXB-MEYDAN-db20156c07,meydanone,55.315602,25.135894,12.0,3,,,,,,,,,UNKNOWN,,,0.0,,,,,,,False
DXB-MEYDAN-822ef08870,meydanone,55.315654,25.135786,12.0,3,,,,,,,,,UNKNOWN,,,0.0,,,,,,,False
DXB-MEYDAN-fccb97edbe,meydanone,55.31611,25.136134,12.0,3,,,,,,,,,UNKNOWN,,,0.0,,,,,,,False
DXB-MEYDAN-fd2613ec0f,meydanone,55.315934,25.136052,12.0,3,,,,,,,,,UNKNOWN,,,0.0,,,,,,,False
DXB-MEYDAN-7ccafc691c,meydanone,55.315813,25.136406,12.0,3,,,,,,,,,UNKNOWN,,,0.0,,,,,,,False
DXB-MEYDAN-6e18539db8,meydanone,55.315666,25.136406,12.0,3,,,,,,,,,UNKNOWN,,,0.0,,,,,,,False
DXB-MEYDAN-2a3ad4f8c4,meydanone,55.315645,25.136573,12.0,3,,,,,,,,,UNKNOWN,,,0.0,,,,,,,False
DXB-MEYDAN-515a2911a8,meydanone,55.315588,25.136575,12.0,3,,,,,,,,,UNKNOWN,,,0.0,,,,,,,False
DXB-MEYDAN-4ec365ab66,meydanone,55.317004,25.136673,12.0,3,,,,,,,,,UNKNOWN,,,0.0,,,,,,,False
DXB-MEYDAN-2553fe42e8,meydanone,55.316504,25.135746,12.0,3,,,,,,,,,UNKNOWN,,,0.0,,,,,,,False
DXB-MEYDAN-4f101374a2,meydanone,55.316458,25.135019,12.0,3,,,,,,,,,UNKNOWN,,,0.0,,,,,,,False
DXB-MEYDAN-a39a9d6c5b,meydanone,55.316311,25.135239,12.0,3,,,,,,,,,UNKNOWN,,,0.0,,,,,,,False
DXB-MEYDAN-68e145cf1f,meydanone,55.316363,25.135166,12.0,3,,,,,,,,,UNKNOWN,,,0.0,,,,,,,False
DXB-MEYDAN-2ba96105c9,meydanone,55.316583,25.135342,12.0,3,,,,,,,,,UNKNOWN,,,0.0,,,,,,,False
DXB-MEYDAN-0776a576e6,meydanone,55.313837,25.136499,12.0,3,,,,,,,,,UNKNOWN,,,0.0,,,,,,,False
DXB-MEYDAN-d93bdc5901,meydanone,55.317267,25.138571,12.0,3,,,,,,,,,UNKNOWN,,,0.0,,,,,,,False
DXB-MEYDAN-7cb95ffff7,meydanone,55.317204,25.138544,12.0,3,,,,,,,,,UNKNOWN,,,0.0,,,,,,,False
DXB-MEYDAN-d7b2fde0d3,meydanone,55.315153,25.119763,12.0,3,,,,,,,,,UNKNOWN,,,0.0,,,,,,,False
DXB-MEYDAN-824ae7ddfe,meydanone,55.310571,25.144825,12.0,3,,,,,,,,,UNKNOWN,,,0.0,,,,,,,False
DXB-MEYDAN-8ecea2ba15,meydanone,55.310798,25.144731,12.0,3,,,,,,,,,UNKNOWN,,,0.0,,,,,,,False
DXB-MEYDAN-2a29e63a43,meydanone,55.311064,25.144787,12.0,3,,,,,,,,,UNKNOWN,,,0.0,,,,,,,False
DXB-MEYDAN-7b6f21f644,meydanone,55.313157,25.146025,12.0,3,,,,,,,,,UNKNOWN,,,0.0,,,,,,,False
DXB-MEYDAN-823eb96001,meydanone,55.311686,25.14462,12.0,3,,,,,,,,,UNKNOWN,,,0.0,,,,,,,False
DXB-MEYDAN-71f255c76b,meydanone,55.312071,25.144574,12.0,3,,,,,,,,,UNKNOWN,,,0.0,,,,,,,False
DXB-MEYDAN-2812ec8332,meydanone,55.31423,25.145603,12.0,3,,,,,,,,,UNKNOWN,,,0.0,,,,,,,False
DXB-MEYDAN-1592c86077,meydanone,55.314825,25.146043,12.0,3,,,,,,,,,UNKNOWN,,,0.0,,,,,,,False
DXB-MEYDAN-e0d10644eb,meydanone,55.314714,25.145606,12.0,3,,,,,,,,,UNKNOWN,,,0.0,,,,,,,False
DXB-MEYDAN-d06ead0b21,meydanone,55.314789,25.145513,12.0,3,,,,,,,,,UNKNOWN,,,0.0,,,,,,,False
DXB-MEYDAN-e43787c29e,meydanone,55.314696,25.145465,12.0,3,,,,,,,,,UNKNOWN,,,0.0,,,,,,,False
DXB-MEYDAN-0d2e36c210,meydanone,55.314891,25.14565,12.0,3,,,,,,,,,UNKNOWN,,,0.0,,,,,,,False
DXB-MEYDAN-2dc02b386c,meydanone,55.315017,25.145722,12.0,3,,,,,,,,,UNKNOWN,,,0.0,,,,,,,False
DXB-MEYDAN-585fe24117,meydanone,55.315429,25.146442,12.0,3,,,,,,,,,UNKNOWN,,,0.0,,,,,,,False
DXB-MEYDAN-01cd2ba494,meydanone,55.315537,25.146174,12.0,3,,,,,,,,,UNKNOWN,,,0.0,,,,,,,False
DXB-MEYDAN-47a34f300d,meydanone,55.315448,25.146193,12.0,3,,,,,,,,,UNKNOWN,,,0.0,,,,,,,False
DXB-MEYDAN-1400c2514c,meydanone,55.315374,25.146286,12.0,3,,,,,,,,,UNKNOWN,,,0.0,,,,,,,False
DXB-MEYDAN-c12ac882e6,meydanone,55.30814,25.142111,12.0,3,,,,,,,,,UNKNOWN,,,0.0,,,,,,,False
DXB-MEYDAN-8ba3425e4a,meydanone,55.308452,25.142305,12.0,3,,,,,,,,,UNKNOWN,,,0.0,,,,,,,False
DXB-MEYDAN-aa6da62bfb,meydanone,55.308303,25.142118,12.0,3,,,,,,,,,UNKNOWN,,,0.0,,,,,,,False
DXB-MEYDAN-fa3d2d326d,meydanone,55.310515,25.142991,12.0,3,,,,,,,,,UNKNOWN,,,0.0,,,,,,,False
DXB-MEYDAN-77d92a35f3,meydanone,55.311033,25.143493,12.0,3,,,,,,,,,UNKNOWN,,,0.0,,,,,,,False
DXB-MEYDAN-1a50f58891,meydanone,55.310869,25.143755,12.0,3,,,,,,,,,UNKNOWN,,,0.0,,,,,,,False
DXB-MEYDAN-b3c9fcadfb,meydanone,55.310824,25.143576,12.0,3,,,,,,,,,UNKNOWN,,,0.0,,,,,,,False
DXB-MEYDAN-06c3347c18,meydanone,55.308201,25.147165,12.0,3,,,,,,,,,UNKNOWN,,,0.0,,,,,,,False
DXB-MEYDAN-87269b81e2,meydanone,55.307991,25.14706,12.0,3,,,,,,,,,UNKNOWN,,,0.0,,,,,,,False
DXB-MEYDAN-056ff07ce3,meydanone,55.308036,25.147596,12.0,3,,,,,,,,,UNKNOWN,,,0.0,,,,,,,False
DXB-MEYDAN-1825227708,meydanone,55.307838,25.148401,12.0,3,,,,,,,,,UNKNOWN,,,0.0,,,,,,,False
DXB-MEYDAN-75fc015ec6,meydanone,55.308182,25.14844,12.0,3,,,,,,,,,UNKNOWN,,,0.0,,,,,,,False
DXB-MEYDAN-039a1577f4,meydanone,55.308155,25.148625,12.0,3,,,,,,,,,UNKNOWN,,,0.0,,,,,,,False
DXB-MEYDAN-4532c24a1f,meydanone,55.313042,25.12427,12.0,3,,,,,,,,,UNKNOWN,,,0.0,,,,,,,False
DXB-MEYDAN-d56f3f0e30,meydanone,55.29785,25.145054,12.0,3,,,,,,,,,UNKNOWN,,,0.0,,,,,,,False
DXB-MEYDAN-d907b812c0,meydanone,55.297858,25.145223,12.0,3,,,,,,,,,UNKNOWN,,,0.0,,,,,,,False
DXB-MEYDAN-c689a861a1,meydanone,55.297894,25.145409,12.0,3,,,,,,,,,UNKNOWN,,,0.0,,,,,,,False
DXB-MEYDAN-aa1ad77df0,meydanone,55.29795,25.145556,12.0,3,,,,,,,,,UNKNOWN,,,0.0,,,,,,,False
DXB-MEYDAN-ce309922bb,meydanone,55.298014,25.145679,12.0,3,,,,,,,,,UNKNOWN,,,0.0,,,,,,,False
DXB-MEYDAN-3b81ec6ea2,meydanone,55.298053,25.145806,12.0,3,,,,,,,,,UNKNOWN,,,0.0,,,,,,,False
DXB-MEYDAN-77fc33b689,meydanone,55.298126,25.145951,12.0,3,,,,,,,,,UNKNOWN,,,0.0,,,,,,,False
DXB-MEYDAN-329b27bb30,meydanone,55.29867,25.146034,12.0,3,,,,,,,,,UNKNOWN,,,0.0,,,,,,,False
DXB-MEYDAN-4522db954a,meydanone,55.298423,25.145977,12.0,3,,,,,,,,,UNKNOWN,,,0.0,,,,,,,False
DXB-MEYDAN-830263c8e2,meydanone,55.298547,25.146075,12.0,3,,,,,,,,,UNKNOWN,,,0.0,,,,,,,False
DXB-MEYDAN-20d146a920,meydanone,55.298627,25.146209,12.0,3,,,,,,,,,UNKNOWN,,,0.0,,,,,,,False
DXB-MEYDAN-b2c5c3d2f8,meydanone,55.298762,25.146488,12.0,3,,,,,,,,,UNKNOWN,,,0.0,,,,,,,False
DXB-MEYDAN-89fde4fa3e,meydanone,55.298747,25.146643,12.0,3,,,,,,,,,UNKNOWN,,,0.0,,,,,,,False
DXB-MEYDAN-d7cfa0d2ad,meydanone,55.298755,25.146787,12.0,3,,,,,,,,,UNKNOWN,,,0.0,,,,,,,False
DXB-MEYDAN-8d1e20c5d0,meydanone,55.298739,25.14693,12.0,3,,,,,,,,,UNKNOWN,,,0.0,,,,,,,False
DXB-MEYDAN-7c74c85e73,meydanone,55.298756,25.147085,12.0,3,,,,,,,,,UNKNOWN,,,0.0,,,,,,,False
DXB-MEYDAN-e02869a2f6,meydanone,55.298605,25.147131,12.0,3,,,,,,,,,UNKNOWN,,,0.0,,,,,,,False
DXB-MEYDAN-2e548d7bf0,meydanone,55.29861,25.147165,12.0,3,,,,,,,,,UNKNOWN,,,0.0,,,,,,,False
DXB-MEYDAN-fe3f5e8ba1,meydanone,55.298737,25.147231,12.0,3,,,,,,,,,UNKNOWN,,,0.0,,,,,,,False
DXB-MEYDAN-2b755928fa,meydanone,55.298738,25.147372,12.0,3,,,,,,,,,UNKNOWN,,,0.0,,,,,,,False
DXB-MEYDAN-354dd9a926,meydanone,55.29873,25.14752,12.0,3,,,,,,,,,UNKNOWN,,,0.0,,,,,,,False
DXB-MEYDAN-d2189374b0,meydanone,55.298718,25.147658,12.0,3,,,,,,,,,UNKNOWN,,,0.0,,,,,,,False
DXB-MEYDAN-2f9a9da7fe,meydanone,55.298718,25.147832,12.0,3,,,,,,,,,UNKNOWN,,,0.0,,,,,,,False
DXB-MEYDAN-1a071b7ccb,meydanone,55.298725,25.146322,12.0,3,,,,,,,,,UNKNOWN,,,0.0,,,,,,,False
DXB-MEYDAN-c9462e2799,meydanone,55.298605,25.147898,12.0,3,,,,,,,,,UNKNOWN,,,0.0,,,,,,,False
DXB-MEYDAN-9ae2d0953d,meydanone,55.298715,25.147956,12.0,3,,,,,,,,,UNKNOWN,,,0.0,,,,,,,False
DXB-MEYDAN-80bd8bab73,meydanone,55.298723,25.148101,12.0,3,,,,,,,,,UNKNOWN,,,0.0,,,,,,,False
DXB-MEYDAN-8e5286e68f,meydanone,55.298727,25.14825,12.0,3,,,,,,,,,UNKNOWN,,,0.0,,,,,,,False
DXB-MEYDAN-ea22a33723,meydanone,55.292401,25.153862,12.0,3,,,,,,,,,UNKNOWN,,,0.0,,,,,,,False
DXB-MEYDAN-e2fe37ec31,meydanone,55.292533,25.15348,12.0,3,,,,,,,,,UNKNOWN,,,0.0,,,,,,,False
DXB-MEYDAN-a313a9f23d,meydanone,55.292556,25.15342,12.0,3,,,,,,,,,UNKNOWN,,,0.0,,,,,,,False
DXB-MEYDAN-3f77d5fb04,meydanone,55.28926,25.1528,12.0,3,,,,,,,,,UNKNOWN,,,0.0,,,,,,,False
DXB-MEYDAN-00b1095be2,meydanone,55.30661,25.139563,12.0,3,,,,,,,,,UNKNOWN,,,0.0,,,,,,,False
DXB-MEYDAN-d00928a8aa,meydanone,55.312336,25.146898,12.0,3,,,,,,,,,UNKNOWN,,,0.0,,,,,,,False
DXB-MEYDAN-c4820a21bc,meydanone,55.31237,25.1467,12.0,3,,,,,,,,,UNKNOWN,,,0.0,,,,,,,False
DXB-MEYDAN-a86eee063e,meydanone,55.312304,25.146538,12.0,3,,,,,,,,,UNKNOWN,,,0.0,,,,,,,False
DXB-MEYDAN-9182a94ada,meydanone,55.312177,25.146657,12.0,3,,,,,,,,,UNKNOWN,,,0.0,,,,,,,False
DXB-MEYDAN-7e0f00b337,meydanone,55.312136,25.146299,12.0,3,,,,,,,,,UNKNOWN,,,0.0,,,,,,,False
DXB-MEYDAN-ae77c321e6,meydanone,55.311979,25.146353,12.0,3,,,,,,,,,UNKNOWN,,,0.0,,,,,,,False
DXB-MEYDAN-ce1ef34288,meydanone,55.311718,25.146297,12.0,3,,,,,,,,,UNKNOWN,,,0.0,,,,,,,False
DXB-MEYDAN-c60b48840d,meydanone,55.311697,25.146491,12.0,3,,,,,,,,,UNKNOWN,,,0.0,,,,,,,False
DXB-MEYDAN-fa8ef88e9a,meydanone,55.311419,25.14636,12.0,3,,,,,,,,,UNKNOWN,,,0.0,,,,,,,False
DXB-MEYDAN-aebdfb8202,meydanone,55.311446,25.146178,12.0,3,,,,,,,,,UNKNOWN,,,0.0,,,,,,,False
DXB-MEYDAN-4dbc0f716a,meydanone,55.311301,25.146239,12.0,3,,,,,,,,,UNKNOWN,,,0.0,,,,,,,False
DXB-MEYDAN-da17581f02,meydanone,55.311194,25.146053,12.0,3,,,,,,,,,UNKNOWN,,,0.0,,,,,,,False
DXB-MEYDAN-8bef76b5c8,meydanone,55.311137,25.146203,12.0,3,,,,,,,,,UNKNOWN,,,0.0,,,,,,,False
DXB-MEYDAN-2e2d072918,meydanone,55.3101,25.144895,12.0,3,,,,,,,,,UNKNOWN,,,0.0,,,,,,,False
DXB-MEYDAN-d6db1d6d9c,meydanone,55.309607,25.145044,12.0,3,,,,,,,,,UNKNOWN,,,0.0,,,,,,,False
DXB-MEYDAN-c1d5ef8fd3,meydanone,55.309972,25.145155,12.0,3,,,,,,,,,UNKNOWN,,,0.0,,,,,,,False
DXB-MEYDAN-b47419794f,meydanone,55.309912,25.145197,12.0,3,,,,,,,,,UNKNOWN,,,0.0,,,,,,,False
DXB-MEYDAN-6820b71223,meydanone,55.309863,25.145043,12.0,3,,,,,,,,,UNKNOWN,,,0.0,,,,,,,False
DXB-MEYDAN-6537ef36b9,meydanone,55.310071,25.145856,12.0,3,,,,,,,,,UNKNOWN,,,0.0,,,,,,,False
DXB-MEYDAN-70efb7badb,meydanone,55.309301,25.145515,12.0,3,,,,,,,,,UNKNOWN,,,0.0,,,,,,,False
DXB-MEYDAN-d97428a9c7,meydanone,55.308259,25.145544,12.0,3,,,,,,,,,UNKNOWN,,,0.0,,,,,,,False
DXB-MEYDAN-79c94082c0,meydanone,55.308483,25.146339,12.0,3,,,,,,,,,UNKNOWN,,,0.0,,,,,,,False
DXB-MEYDAN-ad70764b15,meydanone,55.3086,25.146544,12.0,3,,,,,,,,,UNKNOWN,,,0.0,,,,,,,False
DXB-MEYDAN-f44a54b001,meydanone,55.308053,25.147423,12.0,3,,,,,,,,,UNKNOWN,,,0.0,,,,,,,False
DXB-MEYDAN-16a94919fe,meydanone,55.309342,25.142531,12.0,3,,,,,,,,,UNKNOWN,,,0.0,,,,,,,False
DXB-MEYDAN-b6da9b93ab,meydanone,55.308491,25.141842,12.0,3,,,,,,,,,UNKNOWN,,,0.0,,,,,,,False
DXB-MEYDAN-907716b0bf,meydanone,55.312907,25.144768,12.0,3,,,,,,,,,UNKNOWN,,,0.0,,,,,,,False
DXB-MEYDAN-781e8c29bb,meydanone,55.312824,25.144917,12.0,3,,,,,,,,,UNKNOWN,,,0.0,,,,,,,False
DXB-MEYDAN-6506863516,meydanone,55.313022,25.144868,12.0,3,,,,,,,,,UNKNOWN,,,0.0,,,,,,,False
DXB-MEYDAN-2573dca366,meydanone,55.309398,25.14454,12.0,3,,,,,,,,,UNKNOWN,,,0.0,,,,,,,False
DXB-MEYDAN-36e05c2399,meydanone,55.310307,25.144395,12.0,3,,,,,,,,,UNKNOWN,,,0.0,,,,,,,False
DXB-MEYDAN-f851454b75,meydanone,55.310782,25.144248,12.0,3,,,,,,,,,UNKNOWN,,,0.0,,,,,,,False
DXB-MEYDAN-53b31e7bb3,meydanone,55.310678,25.144297,12.0,3,,,,,,,,,UNKNOWN,,,0.0,,,,,,,False
DXB-MEYDAN-5c12935893,meydanone,55.310188,25.1439,12.0,3,,,,,,,,,UNKNOWN,,,0.0,,,,,,,False
DXB-MEYDAN-56aa89fc22,meydanone,55.309411,25.143678,12.0,3,,,,,,,,,UNKNOWN,,,0.0,,,,,,,False
DXB-MEYDAN-562133002e,meydanone,55.308283,25.144171,12.0,3,,,,,,,,,UNKNOWN,,,0.0,,,,,,,False
DXB-MEYDAN-7b9c956b79,meydanone,55.308136,25.144306,12.0,3,,,,,,,,,UNKNOWN,,,0.0,,,,,,,False
DXB-MEYDAN-21cfdd1664,meydanone,55.308907,25.144347,12.0,3,,,,,,,,,UNKNOWN,,,0.0,,,,,,,False
DXB-MEYDAN-18e0defd01,meydanone,55.310193,25.142922,12.0,3,,,,,,,,,UNKNOWN,,,0.0,,,,,,,False
DXB-MEYDAN-f9c3048314,meydanone,55.294799,25.157722,12.0,3,,,,,,,,,UNKNOWN,,,0.0,,,,,,,False
DXB-MEYDAN-0afb135159,meydanone,55.308436,25.14465,12.0,3,,,,,,,,,UNKNOWN,,,0.0,,,,,,,False
DXB-MEYDAN-18d9963854,meydanone,55.308324,25.144635,12.0,3,,,,,,,,,UNKNOWN,,,0.0,,,,,,,False
DXB-MEYDAN-d68aa0d551,meydanone,55.30827,25.144641,12.0,3,,,,,,,,,UNKNOWN,,,0.0,,,,,,,False
DXB-MEYDAN-be6c0d08d5,meydanone,55.308149,25.144531,12.0,3,,,,,,,,,UNKNOWN,,,0.0,,,,,,,False
DXB-MEYDAN-b6e6f6016e,meydanone,55.308265,25.144885,12.0,3,,,,,,,,,UNKNOWN,,,0.0,,,,,,,False
DXB-MEYDAN-4a304e3827,meydanone,55.308117,25.144799,12.0,3,,,,,,,,,UNKNOWN,,,0.0,,,,,,,False
DXB-MEYDAN-a3f220ffe8,meydanone,55.307963,25.144206,12.0,3,,,,,,,,,UNKNOWN,,,0.0,,,,,,,False
DXB-MEYDAN-36468f9310,meydanone,55.311806,25.145283,12.0,3,,,,,,,,,UNKNOWN,,,0.0,,,,,,,False
DXB-MEYDAN-67297769b5,meydanone,55.312235,25.145772,12.0,3,,,,,,,,,UNKNOWN,,,0.0,,,,,,,False
DXB-MEYDAN-e75d9ff59a,meydanone,55.315854,25.146146,12.0,3,,,,,,,,,UNKNOWN,,,0.0,,,,,,,False
DXB-MEYDAN-83f87cfd0f,meydanone,55.315995,25.146207,12.0,3,,,,,,,,,UNKNOWN,,,0.0,,,,,,,False
DXB-MEYDAN-7b8c61a149,meydanone,55.315128,25.146614,12.0,3,,,,,,,,,UNKNOWN,,,0.0,,,,,,,False
DXB-MEYDAN-cd6c7b6d41,meydanone,55.31502,25.146738,12.0,3,,,,,,,,,UNKNOWN,,,0.0,,,,,,,False
DXB-MEYDAN-095a1291b4,meydanone,55.315776,25.147021,12.0,3,,,,,,,,,UNKNOWN,,,0.0,,,,,,,False
DXB-MEYDAN-33f8531fa1,meydanone,55.316001,25.147038,12.0,3,,,,,,,,,UNKNOWN,,,0.0,,,,,,,False
DXB-MEYDAN-222a938d03,meydanone,55.315482,25.145836,12.0,3,,,,,,,,,UNKNOWN,,,0.0,,,,,,,False
DXB-MEYDAN-08e34f6370,meydanone,55.315435,25.145918,12.0,3,,,,,,,,,UNKNOWN,,,0.0,,,,,,,False
DXB-MEYDAN-47a8235a2c,meydanone,55.307121,25.145862,12.0,3,,,,,,,,,UNKNOWN,,,0.0,,,,,,,False
DXB-MEYDAN-d88c319eed,meydanone,55.307185,25.146191,12.0,3,,,,,,,,,UNKNOWN,,,0.0,,,,,,,False
DXB-MEYDAN-337d7d473c,meydanone,55.308249,25.147786,12.0,3,,,,,,,,,UNKNOWN,,,0.0,,,,,,,False
DXB-MEYDAN-69abf7e1f8,meydanone,55.294262,25.142837,12.0,3,,,,,,,,,UNKNOWN,,,0.0,,,,,,,False
DXB-MEYDAN-a6dbfb03fe,meydanone,55.294093,25.142835,12.0,3,,,,,,,,,UNKNOWN,,,0.0,,,,,,,False
DXB-MEYDAN-cb813bf981,meydanone,55.293935,25.142831,12.0,3,,,,,,,,,UNKNOWN,,,0.0,,,,,,,False
DXB-MEYDAN-bfec8f62d3,meydanone,55.293764,25.142829,12.0,3,,,,,,,,,UNKNOWN,,,0.0,,,,,,,False
DXB-MEYDAN-e4e0ce7ea1,meydanone,55.293991,25.142941,12.0,3,,,,,,,,,UNKNOWN,,,0.0,,,,,,,False
DXB-MEYDAN-dfec8aaaf6,meydanone,55.293105,25.142386,12.0,3,,,,,,,,,UNKNOWN,,,0.0,,,,,,,False
DXB-MEYDAN-a6b2cdaa41,meydanone,55.292949,25.142422,12.0,3,,,,,,,,,UNKNOWN,,,0.0,,,,,,,False
DXB-MEYDAN-2f6cc4f1f3,meydanone,55.292942,25.142694,12.0,3,,,,,,,,,UNKNOWN,,,0.0,,,,,,,False
DXB-MEYDAN-71cab0b2dd,meydanone,55.292931,25.142953,12.0,3,,,,,,,,,UNKNOWN,,,0.0,,,,,,,False
DXB-MEYDAN-a7992fdd7a,meydanone,55.293119,25.142676,12.0,3,,,,,,,,,UNKNOWN,,,0.0,,,,,,,False
DXB-MEYDAN-925747fa21,meydanone,55.293081,25.142919,12.0,3,,,,,,,,,UNKNOWN,,,0.0,,,,,,,False
DXB-MEYDAN-a51a48261d,meydanone,55.293071,25.143198,12.0,3,,,,,,,,,UNKNOWN,,,0.0,,,,,,,False
DXB-MEYDAN-47dfbf2e8f,meydanone,55.292915,25.143393,12.0,3,,,,,,,,,UNKNOWN,,,0.0,,,,,,,False
DXB-MEYDAN-153273cdae,meydanone,55.293047,25.143456,12.0,3,,,,,,,,,UNKNOWN,,,0.0,,,,,,,False
DXB-MEYDAN-9725e8736e,meydanone,55.296011,25.143088,12.0,3,,,,,,,,,UNKNOWN,,,0.0,,,,,,,False
DXB-MEYDAN-4a9fb9a4e4,meydanone,55.295815,25.1431,12.0,3,,,,,,,,,UNKNOWN,,,0.0,,,,,,,False
DXB-MEYDAN-3e47c3a844,meydanone,55.295914,25.143111,12.0,3,,,,,,,,,UNKNOWN,,,0.0,,,,,,,False
DXB-MEYDAN-cec36cc990,meydanone,55.295804,25.143019,12.0,3,,,,,,,,,UNKNOWN,,,0.0,,,,,,,False
DXB-MEYDAN-72f2a69592,meydanone,55.295484,25.142656,12.0,3,,,,,,,,,UNKNOWN,,,0.0,,,,,,,False
DXB-MEYDAN-fefaea7e77,meydanone,55.294938,25.142422,12.0,3,,,,,,,,,UNKNOWN,,,0.0,,,,,,,False
DXB-MEYDAN-e862e0d9ee,meydanone,55.295019,25.142548,12.0,3,,,,,,,,,UNKNOWN,,,0.0,,,,,,,False
DXB-MEYDAN-5bf9e2631d,meydanone,55.295347,25.142864,12.0,3,,,,,,,,,UNKNOWN,,,0.0,,,,,,,False
DXB-MEYDAN-ad50a5e8a9,meydanone,55.295187,25.142859,12.0,3,,,,,,,,,UNKNOWN,,,0.0,,,,,,,False
DXB-MEYDAN-28be597636,meydanone,55.295029,25.142855,12.0,3,,,,,,,,,UNKNOWN,,,0.0,,,,,,,False
DXB-MEYDAN-bf9a89495e,meydanone,55.294863,25.142853,12.0,3,,,,,,,,,UNKNOWN,,,0.0,,,,,,,False
DXB-MEYDAN-cb13cd9e14,meydanone,55.295059,25.142971,12.0,3,,,,,,,,,UNKNOWN,,,0.0,,,,,,,False
DXB-MEYDAN-bb7e590a5e,meydanone,55.294374,25.14194,12.0,3,,,,,,,,,UNKNOWN,,,0.0,,,,,,,False
DXB-MEYDAN-82f9163546,meydanone,55.294026,25.141819,12.0,3,,,,,,,,,UNKNOWN,,,0.0,,,,,,,False
DXB-MEYDAN-3bf5653fe1,meydanone,55.294368,25.142114,12.0,3,,,,,,,,,UNKNOWN,,,0.0,,,,,,,False
DXB-MEYDAN-65a5ef62cc,meydanone,55.294253,25.142112,12.0,3,,,,,,,,,UNKNOWN,,,0.0,,,,,,,False
DXB-MEYDAN-29ff5c1bd7,meydanone,55.294095,25.14211,12.0,3,,,,,,,,,UNKNOWN,,,0.0,,,,,,,False
DXB-MEYDAN-9c928a44b0,meydanone,55.293937,25.142107,12.0,3,,,,,,,,,UNKNOWN,,,0.0,,,,,,,False
DXB-MEYDAN-a9391b1396,meydanone,55.293772,25.142105,12.0,3,,,,,,,,,UNKNOWN,,,0.0,,,,,,,False
DXB-MEYDAN-f2d7705ef3,meydanone,55.29402,25.142214,12.0,3,,,,,,,,,UNKNOWN,,,0.0,,,,,,,False
DXB-MEYDAN-63557e77ff,meydanone,55.29407,25.142508,12.0,3,,,,,,,,,UNKNOWN,,,0.0,,,,,,,False
DXB-MEYDAN-12a45b6a9c,meydanone,55.295079,25.141803,12.0,3,,,,,,,,,UNKNOWN,,,0.0,,,,,,,False
DXB-MEYDAN-aaa01a9136,meydanone,55.294394,25.141388,12.0,3,,,,,,,,,UNKNOWN,,,0.0,,,,,,,False
DXB-MEYDAN-66cfde1d55,meydanone,55.294279,25.141386,12.0,3,,,,,,,,,UNKNOWN,,,0.0,,,,,,,False
DXB-MEYDAN-6756156cbe,meydanone,55.294121,25.141381,12.0,3,,,,,,,,,UNKNOWN,,,0.0,,,,,,,False
DXB-MEYDAN-c970830c6f,meydanone,55.293963,25.141377,12.0,3,,,,,,,,,UNKNOWN,,,0.0,,,,,,,False
DXB-MEYDAN-ffc1a2b17c,meydanone,55.293806,25.141373,12.0,3,,,,,,,,,UNKNOWN,,,0.0,,,,,,,False
DXB-MEYDAN-fcf2ecfcf2,meydanone,55.294036,25.141495,12.0,3,,,,,,,,,UNKNOWN,,,0.0,,,,,,,False
DXB-MEYDAN-25006d1f31,meydanone,55.295216,25.142139,12.0,3,,,,,,,,,UNKNOWN,,,0.0,,,,,,,False
DXB-MEYDAN-9e350039fe,meydanone,55.295375,25.142144,12.0,3,,,,,,,,,UNKNOWN,,,0.0,,,,,,,False
DXB-MEYDAN-9dc7ca2650,meydanone,55.295059,25.142135,12.0,3,,,,,,,,,UNKNOWN,,,0.0,,,,,,,False
DXB-MEYDAN-b4b6ceb7c5,meydanone,55.294897,25.14213,12.0,3,,,,,,,,,UNKNOWN,,,0.0,,,,,,,False
DXB-MEYDAN-e862a27857,meydanone,55.294795,25.142128,12.0,3,,,,,,,,,UNKNOWN,,,0.0,,,,,,,False
DXB-MEYDAN-41ec8ca60b,meydanone,55.295063,25.142252,12.0,3,,,,,,,,,UNKNOWN,,,0.0,,,,,,,False
DXB-MEYDAN-f95d96b5d0,meydanone,55.295244,25.141418,12.0,3,,,,,,,,,UNKNOWN,,,0.0,,,,,,,False
DXB-MEYDAN-fc949b7c37,meydanone,55.295079,25.141414,12.0,3,,,,,,,,,UNKNOWN,,,0.0,,,,,,,False
DXB-MEYDAN-fa508a776a,meydanone,55.295398,25.141423,12.0,3,,,,,,,,,UNKNOWN,,,0.0,,,,,,,False
DXB-MEYDAN-1cbbe1636a,meydanone,55.294925,25.14141,12.0,3,,,,,,,,,UNKNOWN,,,0.0,,,,,,,False
DXB-MEYDAN-ef1ead38df,meydanone,55.294822,25.141407,12.0,3,,,,,,,,,UNKNOWN,,,0.0,,,,,,,False
DXB-MEYDAN-3289400642,meydanone,55.295115,25.141531,12.0,3,,,,,,,,,UNKNOWN,,,0.0,,,,,,,False
DXB-MEYDAN-8533ecffb5,meydanone,55.310359,25.138538,12.0,3,,,,,,,,,UNKNOWN,,,0.0,,,,,,,False
DXB-MEYDAN-e573e4a84b,meydanone,55.304079,25.144144,12.0,3,,,,,,,,,UNKNOWN,,,0.0,,,,,,,False
DXB-MEYDAN-1c1201bd0d,meydanone,55.305444,25.146564,12.0,3,,,,,,,,,UNKNOWN,,,0.0,,,,,,,False
DXB-MEYDAN-5f494ab8de,meydanone,55.303879,25.152818,12.0,3,,,,,,,,,UNKNOWN,,,0.0,,,,,,,False
DXB-MEYDAN-b649ad38db,meydanone,55.304081,25.153011,12.0,3,,,,,,,,,UNKNOWN,,,0.0,,,,,,,False
DXB-MEYDAN-6e71c1e8de,meydanone,55.310775,25.1428,12.0,3,,,,,,,,,UNKNOWN,,,0.0,,,,,,,False
DXB-MEYDAN-e7141d0bce,meydanone,55.311091,25.142204,12.0,3,,,,,,,,,UNKNOWN,,,0.0,,,,,,,False
DXB-MEYDAN-a2b86f8dd1,meydanone,55.311645,25.14172,12.0,3,,,,,,,,,UNKNOWN,,,0.0,,,,,,,False
DXB-MEYDAN-b139252a36,meydanone,55.309972,25.141661,12.0,3,,,,,,,,,UNKNOWN,,,0.0,,,,,,,False
DXB-MEYDAN-6bf03444fb,meydanone,55.309455,25.141461,12.0,3,,,,,,,,,UNKNOWN,,,0.0,,,,,,,False
DXB-MEYDAN-b3acd55b85,meydanone,55.308537,25.141432,12.0,3,,,,,,,,,UNKNOWN,,,0.0,,,,,,,False
DXB-MEYDAN-bfd439f38f,meydanone,55.311265,25.141918,12.0,3,,,,,,,,,UNKNOWN,,,0.0,,,,,,,False
DXB-MEYDAN-6510e6e43d,meydanone,55.310923,25.142523,12.0,3,,,,,,,,,UNKNOWN,,,0.0,,,,,,,False
DXB-MEYDAN-0d26826e92,meydanone,55.313387,25.144565,12.0,3,,,,,,,,,UNKNOWN,,,0.0,,,,,,,False
DXB-MEYDAN-8f77e14069,meydanone,55.310069,25.143053,12.0,3,,,,,,,,,UNKNOWN,,,0.0,,,,,,,False
DXB-MEYDAN-286e78de3b,meydanone,55.30933,25.142706,12.0,3,,,,,,,,,UNKNOWN,,,0.0,,,,,,,False
DXB-MEYDAN-cf6e322ff3,meydanone,55.308994,25.142553,12.0,3,,,,,,,,,UNKNOWN,,,0.0,,,,,,,False
DXB-MEYDAN-73f83fc1e6,meydanone,55.316369,25.144615,12.0,3,,,,,,,,,UNKNOWN,,,0.0,,,,,,,False
DXB-MEYDAN-8b07801252,meydanone,55.316545,25.14426,12.0,3,,,,,,,,,UNKNOWN,,,0.0,,,,,,,False
DXB-MEYDAN-0309713d9a,meydanone,55.315248,25.143893,12.0,3,,,,,,,,,UNKNOWN,,,0.0,,,,,,,False
DXB-MEYDAN-5410ff2d9f,meydanone,55.31616,25.142953,12.0,3,,,,,,,,,UNKNOWN,,,0.0,,,,,,,False
DXB-MEYDAN-0e267d1369,meydanone,55.315573,25.143294,12.0,3,,,,,,,,,UNKNOWN,,,0.0,,,,,,,False
DXB-MEYDAN-84761693d2,meydanone,55.314176,25.142132,12.0,3,,,,,,,,,UNKNOWN,,,0.0,,,,,,,False
DXB-MEYDAN-20cc6f009f,meydanone,55.314304,25.142179,12.0,3,,,,,,,,,UNKNOWN,,,0.0,,,,,,,False
DXB-MEYDAN-cb45129101,meydanone,55.314347,25.142194,12.0,3,,,,,,,,,UNKNOWN,,,0.0,,,,,,,False
DXB-MEYDAN-aef551fddc,meydanone,55.314409,25.142226,12.0,3,,,,,,,,,UNKNOWN,,,0.0,,,,,,,False
DXB-MEYDAN-befb2c13a4,meydanone,55.314252,25.142155,12.0,3,,,,,,,,,UNKNOWN,,,0.0,,,,,,,False
DXB-MEYDAN-12df8202b0,meydanone,55.313657,25.141595,12.0,3,,,,,,,,,UNKNOWN,,,0.0,,,,,,,False
DXB-MEYDAN-863bbf4cbf,meydanone,55.31428,25.141914,12.0,3,,,,,,,,,UNKNOWN,,,0.0,,,,,,,False
DXB-MEYDAN-09dc216212,meydanone,55.315144,25.141652,12.0,3,,,,,,,,,UNKNOWN,,,0.0,,,,,,,False
DXB-MEYDAN-4eb375f71d,meydanone,55.315215,25.142365,12.0,3,,,,,,,,,UNKNOWN,,,0.0,,,,,,,False
DXB-MEYDAN-54e8a6b23f,meydanone,55.313147,25.142934,12.0,3,,,,,,,,,UNKNOWN,,,0.0,,,,,,,False
DXB-MEYDAN-d613fedb34,meydanone,55.315254,25.142043,12.0,3,,,,,,,,,UNKNOWN,,,0.0,,,,,,,False
DXB-MEYDAN-c3e33d9c2b,meydanone,55.315423,25.142104,12.0,3,,,,,,,,,UNKNOWN,,,0.0,,,,,,,False
DXB-MEYDAN-838d9941ce,meydanone,55.312812,25.143536,12.0,3,,,,,,,,,UNKNOWN,,,0.0,,,,,,,False
DXB-MEYDAN-91ccb48377,meydanone,55.31287,25.14282,12.0,3,,,,,,,,,UNKNOWN,,,0.0,,,,,,,False
DXB-MEYDAN-a2be88a3a8,meydanone,55.316496,25.142332,12.0,3,,,,,,,,,UNKNOWN,,,0.0,,,,,,,False
DXB-MEYDAN-cd3ff24277,meydanone,55.315635,25.147326,12.0,3,,,,,,,,,UNKNOWN,,,0.0,,,,,,,False
DXB-MEYDAN-e29f6b01d7,meydanone,55.317291,25.146045,12.0,3,,,,,,,,,UNKNOWN,,,0.0,,,,,,,False
DXB-MEYDAN-4f63fdad51,meydanone,55.316973,25.146145,12.0,3,,,,,,,,,UNKNOWN,,,0.0,,,,,,,False
DXB-MEYDAN-146cc34ca2,meydanone,55.300495,25.15862,12.0,3,,,,,,,,,UNKNOWN,,,0.0,,,,,,,False
DXB-MEYDAN-eeeb9628dc,meydanone,55.300949,25.159106,12.0,3,,,,,,,,,UNKNOWN,,,0.0,,,,,,,False
DXB-MEYDAN-52e1e41611,meydanone,55.300546,25.159382,12.0,3,,,,,,,,,UNKNOWN,,,0.0,,,,,,,False
DXB-MEYDAN-711aead196,meydanone,55.300654,25.160594,12.0,3,,,,,,,,,UNKNOWN,,,0.0,,,,,,,False
DXB-MEYDAN-930dc344d4,meydanone,55.299451,25.157326,12.0,3,,,,,,,,,UNKNOWN,,,0.0,,,,,,,False
DXB-MEYDAN-9a0b0cb52b,meydanone,55.299051,25.15762,12.0,3,,,,,,,,,UNKNOWN,,,0.0,,,,,,,False
DXB-MEYDAN-bbee16b74a,meydanone,55.298389,25.156831,12.0,3,,,,,,,,,UNKNOWN,,,0.0,,,,,,,False
DXB-MEYDAN-884fabbedf,meydanone,55.301847,25.158711,12.0,3,,,,,,,,,UNKNOWN,,,0.0,,,,,,,False
DXB-MEYDAN-ddbd9e8420,meydanone,55.302447,25.159446,12.0,3,,,,,,,,,UNKNOWN,,,0.0,,,,,,,False
DXB-MEYDAN-cbef905c27,meydanone,55.301558,25.159559,12.0,3,,,,,,,,,UNKNOWN,,,0.0,,,,,,,False
DXB-MEYDAN-c647d1c2bf,meydanone,55.302597,25.159964,12.0,3,,,,,,,,,UNKNOWN,,,0.0,,,,,,,False
DXB-MEYDAN-ebf2a400a5,meydanone,55.302231,25.16015,12.0,3,,,,,,,,,UNKNOWN,,,0.0,,,,,,,False
DXB-MEYDAN-334a166052,meydanone,55.302855,25.160207,12.0,3,,,,,,,,,UNKNOWN,,,0.0,,,,,,,False
DXB-MEYDAN-c2fce3b42b,meydanone,55.302515,25.159835,12.0,3,,,,,,,,,UNKNOWN,,,0.0,,,,,,,False
DXB-MEYDAN-29401748bb,meydanone,55.30035,25.161573,12.0,3,,,,,,,,,UNKNOWN,,,0.0,,,,,,,False
DXB-MEYDAN-c2c95a4eb2,meydanone,55.300395,25.158388,12.0,3,,,,,,,,,UNKNOWN,,,0.0,,,,,,,False
DXB-MEYDAN-62880c103e,meydanone,55.300436,25.158071,12.0,3,,,,,,,,,UNKNOWN,,,0.0,,,,,,,False
DXB-MEYDAN-48ffa848a7,meydanone,55.300082,25.157725,12.0,3,,,,,,,,,UNKNOWN,,,0.0,,,,,,,False
DXB-MEYDAN-067719857e,meydanone,55.303688,25.160558,12.0,3,,,,,,,,,UNKNOWN,,,0.0,,,,,,,False
DXB-MEYDAN-0d5b684fb5,meydanone,55.307029,25.154838,12.0,3,,,,,,,,,UNKNOWN,,,0.0,,,,,,,False
DXB-MEYDAN-69f4d2b878,meydanone,55.288302,25.150111,12.0,3,,,,,,,,,UNKNOWN,,,0.0,,,,,,,False
DXB-MEYDAN-1edb2fa521,meydanone,55.288497,25.149855,12.0,3,,,,,,,,,UNKNOWN,,,0.0,,,,,,,False
DXB-MEYDAN-5a124bd224,meydanone,55.288578,25.150581,12.0,3,,,,,,,,,UNKNOWN,,,0.0,,,,,,,False
DXB-MEYDAN-a22d45b1e2,meydanone,55.287397,25.152318,12.0,3,,,,,,,,,UNKNOWN,,,0.0,,,,,,,False
DXB-MEYDAN-11fc75cb94,meydanone,55.287444,25.149457,12.0,3,,,,,,,,,UNKNOWN,,,0.0,,,,,,,False
DXB-MEYDAN-052ca6a3d0,meydanone,55.289662,25.152639,12.0,3,,,,,,,,,UNKNOWN,,,0.0,,,,,,,False
DXB-MEYDAN-396b38276f,meydanone,55.289955,25.150899,12.0,3,,,,,,,,,UNKNOWN,,,0.0,,,,,,,False
DXB-MEYDAN-d11c2bbaa7,meydanone,55.288634,25.152009,12.0,3,,,,,,,,,UNKNOWN,,,0.0,,,,,,,False
DXB-MEYDAN-46d9bc43a5,meydanone,55.290601,25.152751,12.0,3,,,,,,,,,UNKNOWN,,,0.0,,,,,,,False
DXB-MEYDAN-7d8ebbe851,meydanone,55.28851,25.150574,12.0,3,,,,,,,,,UNKNOWN,,,0.0,,,,,,,False
DXB-MEYDAN-291d39d2cc,meydanone,55.29116,25.152003,12.0,3,,,,,,,,,UNKNOWN,,,0.0,,,,,,,False
DXB-MEYDAN-1a38dc9386,meydanone,55.298435,25.154899,12.0,3,,,,,,,,,UNKNOWN,,,0.0,,,,,,,False
DXB-MEYDAN-3101b02c57,meydanone,55.298292,25.154446,12.0,3,,,,,,,,,UNKNOWN,,,0.0,,,,,,,False
DXB-MEYDAN-37bed5c3e6,meydanone,55.300418,25.152388,12.0,3,,,,,,,,,UNKNOWN,,,0.0,,,,,,,False
DXB-MEYDAN-5f6a430903,meydanone,55.299224,25.153419,12.0,3,,,,,,,,,UNKNOWN,,,0.0,,,,,,,False
DXB-MEYDAN-2198a82a50,meydanone,55.299367,25.153531,12.0,3,International Concept for Education,International Concept for Education,BUILDING_NAME,International Concept for Education,,,,,MATCHED,osm,osm,0.9,0.0,True,,,,carried on the footprint by build_anchors,False
DXB-MEYDAN-240b247f4a,meydanone,55.299416,25.155085,12.0,3,,,,,,,,,UNKNOWN,,,0.0,,,,,,,False
DXB-MEYDAN-e9cef1ef48,meydanone,55.298906,25.155178,12.0,3,,,,,,,,,UNKNOWN,,,0.0,,,,,,,False
DXB-MEYDAN-72f36c96bc,meydanone,55.299522,25.155909,12.0,3,,,,,,,,,UNKNOWN,,,0.0,,,,,,,False
DXB-MEYDAN-74ce874675,meydanone,55.299149,25.15667,12.0,3,,,,,,,,,UNKNOWN,,,0.0,,,,,,,False
DXB-MEYDAN-1cd9986674,meydanone,55.298984,25.155555,12.0,3,,,,,,,,,UNKNOWN,,,0.0,,,,,,,False
DXB-MEYDAN-83ed96bbd7,meydanone,55.296166,25.137089,12.0,3,,,,,,,,,UNKNOWN,,,0.0,,,,,,,False
DXB-MEYDAN-3b94d8a545,meydanone,55.299472,25.153106,12.0,3,,,,,,,,,UNKNOWN,,,0.0,,,,,,,False
DXB-MEYDAN-4c2f15746d,meydanone,55.299452,25.1531,12.0,3,,,,,,,,,UNKNOWN,,,0.0,,,,,,,False
DXB-MEYDAN-2a0ae1921a,meydanone,55.301286,25.153902,12.0,3,,,,,,,,,UNKNOWN,,,0.0,,,,,,,False
DXB-MEYDAN-5a57b95bc5,meydanone,55.301149,25.153802,12.0,3,,,,,,,,,UNKNOWN,,,0.0,,,,,,,False
DXB-MEYDAN-d333c91365,meydanone,55.299379,25.155713,12.0,3,,,,,,,,,UNKNOWN,,,0.0,,,,,,,False
DXB-MEYDAN-95423b16ed,meydanone,55.297738,25.1542,12.0,3,,,,,,,,,UNKNOWN,,,0.0,,,,,,,False
DXB-MEYDAN-319cd6fe25,meydanone,55.299882,25.152382,12.0,3,,,,,,,,,UNKNOWN,,,0.0,,,,,,,False
DXB-MEYDAN-7ed0706f3b,meydanone,55.299726,25.156126,12.0,3,,,,,,,,,UNKNOWN,,,0.0,,,,,,,False
DXB-MEYDAN-a0485b9601,meydanone,55.300035,25.152534,12.0,3,,,,,,,,,UNKNOWN,,,0.0,,,,,,,False
DXB-MEYDAN-4057de86a9,meydanone,55.298299,25.153524,12.0,3,,,,,,,,,UNKNOWN,,,0.0,,,,,,,False
DXB-MEYDAN-6e9c972349,meydanone,55.301644,25.143943,12.0,3,,,,,,,,,UNKNOWN,,,0.0,,,,,,,False
DXB-MEYDAN-d5e51e45dc,meydanone,55.301853,25.143739,12.0,3,,,,,,,,,UNKNOWN,,,0.0,,,,,,,False
DXB-MEYDAN-c5254d17a0,meydanone,55.30169,25.14368,12.0,3,,,,,,,,,UNKNOWN,,,0.0,,,,,,,False
DXB-MEYDAN-1560fe271f,meydanone,55.301496,25.143687,12.0,3,,,,,,,,,UNKNOWN,,,0.0,,,,,,,False
DXB-MEYDAN-623c12a378,meydanone,55.301428,25.142804,12.0,3,,,,,,,,,UNKNOWN,,,0.0,,,,,,,False
DXB-MEYDAN-891a4b018d,meydanone,55.301434,25.142551,12.0,3,,,,,,,,,UNKNOWN,,,0.0,,,,,,,False
DXB-MEYDAN-95b74487c1,meydanone,55.301047,25.142547,12.0,3,,,,,,,,,UNKNOWN,,,0.0,,,,,,,False
DXB-MEYDAN-ec4cd40947,meydanone,55.301029,25.142803,12.0,3,,,,,,,,,UNKNOWN,,,0.0,,,,,,,False
DXB-MEYDAN-de731c541d,meydanone,55.300094,25.141466,12.0,3,,,,,,,,,UNKNOWN,,,0.0,,,,,,,False
DXB-MEYDAN-d94d35395b,meydanone,55.299704,25.14166,12.0,3,,,,,,,,,UNKNOWN,,,0.0,,,,,,,False
DXB-MEYDAN-eae55dde5d,meydanone,55.298676,25.142482,12.0,3,,,,,,,,,UNKNOWN,,,0.0,,,,,,,False
DXB-MEYDAN-5c7aa530d0,meydanone,55.298286,25.142724,12.0,3,,,,,,,,,UNKNOWN,,,0.0,,,,,,,False
DXB-MEYDAN-8504f7634a,meydanone,55.29843,25.143504,12.0,3,,,,,,,,,UNKNOWN,,,0.0,,,,,,,False
DXB-MEYDAN-2e54eb3cd1,meydanone,55.298369,25.14349,12.0,3,,,,,,,,,UNKNOWN,,,0.0,,,,,,,False
DXB-MEYDAN-c188609edf,meydanone,55.298322,25.143428,12.0,3,,,,,,,,,UNKNOWN,,,0.0,,,,,,,False
DXB-MEYDAN-69e86edaa0,meydanone,55.313683,25.132418,12.0,3,,,,,,,,,UNKNOWN,,,0.0,,,,,,,False
DXB-MEYDAN-c7e493b3c5,meydanone,55.300827,25.146346,12.0,3,,,,,,,,,UNKNOWN,,,0.0,,,,,,,False
DXB-MEYDAN-cdcbe89e28,meydanone,55.300666,25.146336,12.0,3,,,,,,,,,UNKNOWN,,,0.0,,,,,,,False
DXB-MEYDAN-7a5842145b,meydanone,55.30051,25.146342,12.0,3,,,,,,,,,UNKNOWN,,,0.0,,,,,,,False
DXB-MEYDAN-6cc673252a,meydanone,55.300351,25.146323,12.0,3,,,,,,,,,UNKNOWN,,,0.0,,,,,,,False
DXB-MEYDAN-06dfd83c33,meydanone,55.300189,25.146324,12.0,3,,,,,,,,,UNKNOWN,,,0.0,,,,,,,False
DXB-MEYDAN-7c8be13c64,meydanone,55.300023,25.146308,12.0,3,,,,,,,,,UNKNOWN,,,0.0,,,,,,,False
DXB-MEYDAN-3edf1d2bed,meydanone,55.299872,25.14631,12.0,3,,,,,,,,,UNKNOWN,,,0.0,,,,,,,False
DXB-MEYDAN-5f0709bd61,meydanone,55.29971,25.146299,12.0,3,,,,,,,,,UNKNOWN,,,0.0,,,,,,,False
DXB-MEYDAN-41b7703b81,meydanone,55.299553,25.146297,12.0,3,,,,,,,,,UNKNOWN,,,0.0,,,,,,,False
DXB-MEYDAN-91b2ea97d2,meydanone,55.299396,25.146297,12.0,3,,,,,,,,,UNKNOWN,,,0.0,,,,,,,False
DXB-MEYDAN-d7a0e8f2eb,meydanone,55.299247,25.1463,12.0,3,,,,,,,,,UNKNOWN,,,0.0,,,,,,,False
DXB-MEYDAN-2b52df5808,meydanone,55.301151,25.14726,12.0,3,,,,,,,,,UNKNOWN,,,0.0,,,,,,,False
DXB-MEYDAN-960fc3a2e2,meydanone,55.301009,25.147323,12.0,3,,,,,,,,,UNKNOWN,,,0.0,,,,,,,False
DXB-MEYDAN-2505bd0e13,meydanone,55.300861,25.147379,12.0,3,,,,,,,,,UNKNOWN,,,0.0,,,,,,,False
DXB-MEYDAN-a05a709f71,meydanone,55.300713,25.147434,12.0,3,,,,,,,,,UNKNOWN,,,0.0,,,,,,,False
DXB-MEYDAN-ff58323884,meydanone,55.300574,25.14749,12.0,3,,,,,,,,,UNKNOWN,,,0.0,,,,,,,False
DXB-MEYDAN-a0c4d4085d,meydanone,55.300425,25.147551,12.0,3,,,,,,,,,UNKNOWN,,,0.0,,,,,,,False
DXB-MEYDAN-f35e87a711,meydanone,55.300278,25.147603,12.0,3,,,,,,,,,UNKNOWN,,,0.0,,,,,,,False
DXB-MEYDAN-ed2b1dacf0,meydanone,55.300129,25.14766,12.0,3,,,,,,,,,UNKNOWN,,,0.0,,,,,,,False
DXB-MEYDAN-a0bcef27d8,meydanone,55.299983,25.147715,12.0,3,,,,,,,,,UNKNOWN,,,0.0,,,,,,,False
DXB-MEYDAN-f1384ba47d,meydanone,55.299837,25.147768,12.0,3,,,,,,,,,UNKNOWN,,,0.0,,,,,,,False
DXB-MEYDAN-5280fa5396,meydanone,55.299693,25.147823,12.0,3,,,,,,,,,UNKNOWN,,,0.0,,,,,,,False
DXB-MEYDAN-adbd542d18,meydanone,55.299546,25.14788,12.0,3,,,,,,,,,UNKNOWN,,,0.0,,,,,,,False
DXB-MEYDAN-4f1f3fe38d,meydanone,55.299397,25.147928,12.0,3,,,,,,,,,UNKNOWN,,,0.0,,,,,,,False
DXB-MEYDAN-01350e5807,meydanone,55.299246,25.147977,12.0,3,,,,,,,,,UNKNOWN,,,0.0,,,,,,,False
DXB-MEYDAN-44a5725a27,meydanone,55.299154,25.146077,12.0,3,,,,,,,,,UNKNOWN,,,0.0,,,,,,,False
DXB-MEYDAN-2ad9bfd1fd,meydanone,55.299063,25.145952,12.0,3,,,,,,,,,UNKNOWN,,,0.0,,,,,,,False
DXB-MEYDAN-16c051426f,meydanone,55.300816,25.146772,12.0,3,,,,,,,,,UNKNOWN,,,0.0,,,,,,,False
DXB-MEYDAN-57a968aceb,meydanone,55.300658,25.14677,12.0,3,,,,,,,,,UNKNOWN,,,0.0,,,,,,,False
DXB-MEYDAN-f4412b7e2a,meydanone,55.300497,25.146766,12.0,3,,,,,,,,,UNKNOWN,,,0.0,,,,,,,False
DXB-MEYDAN-33e176b2b0,meydanone,55.300337,25.146763,12.0,3,,,,,,,,,UNKNOWN,,,0.0,,,,,,,False
DXB-MEYDAN-5e6db0abec,meydanone,55.300177,25.146757,12.0,3,,,,,,,,,UNKNOWN,,,0.0,,,,,,,False
DXB-MEYDAN-1cffdfdd19,meydanone,55.300021,25.146743,12.0,3,,,,,,,,,UNKNOWN,,,0.0,,,,,,,False
DXB-MEYDAN-133803e04e,meydanone,55.29986,25.146741,12.0,3,,,,,,,,,UNKNOWN,,,0.0,,,,,,,False
DXB-MEYDAN-d4855cf9c7,meydanone,55.299699,25.146741,12.0,3,,,,,,,,,UNKNOWN,,,0.0,,,,,,,False
DXB-MEYDAN-b9d6aac446,meydanone,55.299539,25.146731,12.0,3,,,,,,,,,UNKNOWN,,,0.0,,,,,,,False
DXB-MEYDAN-7fc759df9c,meydanone,55.299597,25.151669,12.0,3,,,,,,,,,UNKNOWN,,,0.0,,,,,,,False
DXB-MEYDAN-3bdccab351,meydanone,55.294917,25.153343,12.0,3,,,,,,,,,UNKNOWN,,,0.0,,,,,,,False
DXB-MEYDAN-b71edfd703,meydanone,55.295164,25.153411,12.0,3,,,,,,,,,UNKNOWN,,,0.0,,,,,,,False
DXB-MEYDAN-179b27b4af,meydanone,55.299794,25.149127,12.0,3,,,,,,,,,UNKNOWN,,,0.0,,,,,,,False
DXB-MEYDAN-ec57b74278,meydanone,55.299139,25.150208,12.0,3,,,,,,,,,UNKNOWN,,,0.0,,,,,,,False
DXB-MEYDAN-e9619e681f,meydanone,55.29888,25.15013,12.0,3,,,,,,,,,UNKNOWN,,,0.0,,,,,,,False
DXB-MEYDAN-242418a8a1,meydanone,55.297877,25.144499,12.0,3,,,,,,,,,UNKNOWN,,,0.0,,,,,,,False
DXB-MEYDAN-ab65d6bb94,meydanone,55.297875,25.144649,12.0,3,,,,,,,,,UNKNOWN,,,0.0,,,,,,,False
DXB-MEYDAN-d857869b1c,meydanone,55.297861,25.144793,12.0,3,,,,,,,,,UNKNOWN,,,0.0,,,,,,,False
DXB-MEYDAN-617f7282e3,meydanone,55.29786,25.144935,12.0,3,,,,,,,,,UNKNOWN,,,0.0,,,,,,,False
DXB-MEYDAN-202f9599b2,meydanone,55.293793,25.149671,12.0,3,,,,,,,,,UNKNOWN,,,0.0,,,,,,,False
DXB-MEYDAN-0bbac1603f,meydanone,55.29428,25.149876,12.0,3,,,,,,,,,UNKNOWN,,,0.0,,,,,,,False
DXB-MEYDAN-a6be3655a9,meydanone,55.301119,25.146304,12.0,3,,,,,,,,,UNKNOWN,,,0.0,,,,,,,False
DXB-MEYDAN-c782f1d72b,meydanone,55.301126,25.146147,12.0,3,,,,,,,,,UNKNOWN,,,0.0,,,,,,,False
DXB-MEYDAN-9d556e5b82,meydanone,55.301138,25.146012,12.0,3,,,,,,,,,UNKNOWN,,,0.0,,,,,,,False
DXB-MEYDAN-2019261eb0,meydanone,55.301141,25.145864,12.0,3,,,,,,,,,UNKNOWN,,,0.0,,,,,,,False
DXB-MEYDAN-d090b7c254,meydanone,55.301136,25.145723,12.0,3,,,,,,,,,UNKNOWN,,,0.0,,,,,,,False
DXB-MEYDAN-2904e2fae5,meydanone,55.301144,25.145572,12.0,3,,,,,,,,,UNKNOWN,,,0.0,,,,,,,False
DXB-MEYDAN-f95be9d6ac,meydanone,55.301151,25.145435,12.0,3,,,,,,,,,UNKNOWN,,,0.0,,,,,,,False
DXB-MEYDAN-bfac3a0ffc,meydanone,55.298363,25.144523,12.0,3,,,,,,,,,UNKNOWN,,,0.0,,,,,,,False
DXB-MEYDAN-1e7cc5c980,meydanone,55.298336,25.144653,12.0,3,,,,,,,,,UNKNOWN,,,0.0,,,,,,,False
DXB-MEYDAN-7c4584f451,meydanone,55.298354,25.144808,12.0,3,,,,,,,,,UNKNOWN,,,0.0,,,,,,,False
DXB-MEYDAN-58c265e651,meydanone,55.298331,25.14494,12.0,3,,,,,,,,,UNKNOWN,,,0.0,,,,,,,False
DXB-MEYDAN-132d51b4af,meydanone,55.298337,25.145091,12.0,3,,,,,,,,,UNKNOWN,,,0.0,,,,,,,False
DXB-MEYDAN-6899eac44d,meydanone,55.298432,25.145264,12.0,3,,,,,,,,,UNKNOWN,,,0.0,,,,,,,False
DXB-MEYDAN-aee43181ae,meydanone,55.298545,25.14537,12.0,3,,,,,,,,,UNKNOWN,,,0.0,,,,,,,False
DXB-MEYDAN-63643b780f,meydanone,55.298639,25.145487,12.0,3,,,,,,,,,UNKNOWN,,,0.0,,,,,,,False
DXB-MEYDAN-71c1bdb926,meydanone,55.298744,25.145596,12.0,3,,,,,,,,,UNKNOWN,,,0.0,,,,,,,False
DXB-MEYDAN-4d08d0c3d7,meydanone,55.298857,25.145701,12.0,3,,,,,,,,,UNKNOWN,,,0.0,,,,,,,False
DXB-MEYDAN-e73e7d1113,meydanone,55.301172,25.144685,12.0,3,,,,,,,,,UNKNOWN,,,0.0,,,,,,,False
DXB-MEYDAN-68cd00e895,meydanone,55.301163,25.144838,12.0,3,,,,,,,,,UNKNOWN,,,0.0,,,,,,,False
DXB-MEYDAN-893612fe26,meydanone,55.301169,25.144979,12.0,3,,,,,,,,,UNKNOWN,,,0.0,,,,,,,False
DXB-MEYDAN-d78940bf1e,meydanone,55.301148,25.145132,12.0,3,,,,,,,,,UNKNOWN,,,0.0,,,,,,,False
DXB-MEYDAN-b1d614a4e8,meydanone,55.299738,25.145566,12.0,3,,,,,,,,,UNKNOWN,,,0.0,,,,,,,False
DXB-MEYDAN-04203ea5d1,meydanone,55.299621,25.145661,12.0,3,,,,,,,,,UNKNOWN,,,0.0,,,,,,,False
DXB-MEYDAN-117ab4940e,meydanone,55.299497,25.14575,12.0,3,,,,,,,,,UNKNOWN,,,0.0,,,,,,,False
DXB-MEYDAN-fc17239590,meydanone,55.299381,25.145847,12.0,3,,,,,,,,,UNKNOWN,,,0.0,,,,,,,False
DXB-MEYDAN-610868c78e,meydanone,55.299555,25.14513,12.0,3,,,,,,,,,UNKNOWN,,,0.0,,,,,,,False
DXB-MEYDAN-1e20feafd7,meydanone,55.299438,25.145221,12.0,3,,,,,,,,,UNKNOWN,,,0.0,,,,,,,False
DXB-MEYDAN-c5024d5698,meydanone,55.299308,25.145307,12.0,3,,,,,,,,,UNKNOWN,,,0.0,,,,,,,False
DXB-MEYDAN-801f0160e8,meydanone,55.299771,25.145045,12.0,3,,,,,,,,,UNKNOWN,,,0.0,,,,,,,False
DXB-MEYDAN-9b15866bf9,meydanone,55.299924,25.145044,12.0,3,,,,,,,,,UNKNOWN,,,0.0,,,,,,,False
DXB-MEYDAN-a244d713c9,meydanone,55.300086,25.14505,12.0,3,,,,,,,,,UNKNOWN,,,0.0,,,,,,,False
DXB-MEYDAN-a7e6cb811f,meydanone,55.300244,25.145068,12.0,3,,,,,,,,,UNKNOWN,,,0.0,,,,,,,False
DXB-MEYDAN-9ef981dab2,meydanone,55.300405,25.145071,12.0,3,,,,,,,,,UNKNOWN,,,0.0,,,,,,,False
DXB-MEYDAN-3409aac8db,meydanone,55.300563,25.145082,12.0,3,,,,,,,,,UNKNOWN,,,0.0,,,,,,,False
DXB-MEYDAN-2f5c5fecc0,meydanone,55.300724,25.145075,12.0,3,,,,,,,,,UNKNOWN,,,0.0,,,,,,,False
DXB-MEYDAN-4e776c646c,meydanone,55.300884,25.145093,12.0,3,,,,,,,,,UNKNOWN,,,0.0,,,,,,,False
DXB-MEYDAN-6cb22203db,meydanone,55.300864,25.145512,12.0,3,,,,,,,,,UNKNOWN,,,0.0,,,,,,,False
DXB-MEYDAN-549ecb359b,meydanone,55.300705,25.145528,12.0,3,,,,,,,,,UNKNOWN,,,0.0,,,,,,,False
DXB-MEYDAN-1fbef86153,meydanone,55.300545,25.145512,12.0,3,,,,,,,,,UNKNOWN,,,0.0,,,,,,,False
DXB-MEYDAN-1cc8e76936,meydanone,55.300396,25.145514,12.0,3,,,,,,,,,UNKNOWN,,,0.0,,,,,,,False
DXB-MEYDAN-82a9cc00e2,meydanone,55.300234,25.145498,12.0,3,,,,,,,,,UNKNOWN,,,0.0,,,,,,,False
DXB-MEYDAN-6bc8d2246c,meydanone,55.30007,25.145492,12.0,3,,,,,,,,,UNKNOWN,,,0.0,,,,,,,False
DXB-MEYDAN-bda73963c7,meydanone,55.299911,25.145488,12.0,3,,,,,,,,,UNKNOWN,,,0.0,,,,,,,False
DXB-MEYDAN-e18f6fd987,meydanone,55.300981,25.144646,12.0,3,,,,,,,,,UNKNOWN,,,0.0,,,,,,,False
DXB-MEYDAN-7c4abab5b1,meydanone,55.300909,25.144644,12.0,3,,,,,,,,,UNKNOWN,,,0.0,,,,,,,False
DXB-MEYDAN-abb009c284,meydanone,55.300773,25.144791,12.0,3,,,,,,,,,UNKNOWN,,,0.0,,,,,,,False
DXB-MEYDAN-978642ffb1,meydanone,55.300592,25.144756,12.0,3,,,,,,,,,UNKNOWN,,,0.0,,,,,,,False
DXB-MEYDAN-c45eddecca,meydanone,55.298963,25.144671,12.0,3,,,,,,,,,UNKNOWN,,,0.0,,,,,,,False
DXB-MEYDAN-f5082240ac,meydanone,55.299242,25.146644,12.0,3,,,,,,,,,UNKNOWN,,,0.0,,,,,,,False
DXB-MEYDAN-b9dda7f6c7,meydanone,55.299228,25.146777,12.0,3,,,,,,,,,UNKNOWN,,,0.0,,,,,,,False
DXB-MEYDAN-e572a18420,meydanone,55.299236,25.146927,12.0,3,,,,,,,,,UNKNOWN,,,0.0,,,,,,,False
DXB-MEYDAN-efebc37394,meydanone,55.299265,25.147073,12.0,3,,,,,,,,,UNKNOWN,,,0.0,,,,,,,False
DXB-MEYDAN-e56e970132,meydanone,55.299233,25.147234,12.0,3,,,,,,,,,UNKNOWN,,,0.0,,,,,,,False
DXB-MEYDAN-35fc505a78,meydanone,55.299229,25.147363,12.0,3,,,,,,,,,UNKNOWN,,,0.0,,,,,,,False
DXB-MEYDAN-b81e9ef494,meydanone,55.299229,25.147526,12.0,3,,,,,,,,,UNKNOWN,,,0.0,,,,,,,False
DXB-MEYDAN-b3453e4f47,meydanone,55.301106,25.146878,12.0,3,,,,,,,,,UNKNOWN,,,0.0,,,,,,,False
DXB-MEYDAN-6411bab53e,meydanone,55.301115,25.146728,12.0,3,,,,,,,,,UNKNOWN,,,0.0,,,,,,,False
DXB-MEYDAN-652a207642,meydanone,55.301107,25.14659,12.0,3,,,,,,,,,UNKNOWN,,,0.0,,,,,,,False
DXB-MEYDAN-8cef9ab888,meydanone,55.301118,25.146439,12.0,3,,,,,,,,,UNKNOWN,,,0.0,,,,,,,False
DXB-MEYDAN-24623ff8f7,meydanone,55.30151,25.146256,12.0,3,,,,,,,,,UNKNOWN,,,0.0,,,,,,,False
DXB-MEYDAN-e60648fead,meydanone,55.299094,25.147983,12.0,3,,,,,,,,,UNKNOWN,,,0.0,,,,,,,False
DXB-MEYDAN-9c127513e9,meydanone,55.299378,25.145678,12.0,3,,,,,,,,,UNKNOWN,,,0.0,,,,,,,False
DXB-MEYDAN-fac83cc149,meydanone,55.299822,25.145367,12.0,3,,,,,,,,,UNKNOWN,,,0.0,,,,,,,False
DXB-MEYDAN-32cc3e3801,meydanone,55.299787,25.145383,12.0,3,,,,,,,,,UNKNOWN,,,0.0,,,,,,,False
DXB-MEYDAN-a872eed341,meydanone,55.29895,25.145,12.0,3,,,,,,,,,UNKNOWN,,,0.0,,,,,,,False
DXB-MEYDAN-18da17459b,meydanone,55.298275,25.145224,12.0,3,,,,,,,,,UNKNOWN,,,0.0,,,,,,,False
DXB-MEYDAN-2b8591edde,meydanone,55.298305,25.145255,12.0,3,,,,,,,,,UNKNOWN,,,0.0,,,,,,,False
DXB-MEYDAN-c965b0452e,meydanone,55.30157,25.147305,12.0,3,,,,,,,,,UNKNOWN,,,0.0,,,,,,,False
DXB-MEYDAN-170b2b6c55,meydanone,55.301584,25.147162,12.0,3,,,,,,,,,UNKNOWN,,,0.0,,,,,,,False
DXB-MEYDAN-8245baf4fc,meydanone,55.301581,25.147007,12.0,3,,,,,,,,,UNKNOWN,,,0.0,,,,,,,False
DXB-MEYDAN-18757deb7b,meydanone,55.301606,25.146879,12.0,3,,,,,,,,,UNKNOWN,,,0.0,,,,,,,False
DXB-MEYDAN-f6faf20994,meydanone,55.301587,25.146723,12.0,3,,,,,,,,,UNKNOWN,,,0.0,,,,,,,False
DXB-MEYDAN-6c4046408f,meydanone,55.301605,25.146588,12.0,3,,,,,,,,,UNKNOWN,,,0.0,,,,,,,False
DXB-MEYDAN-056e4722d6,meydanone,55.301602,25.14644,12.0,3,,,,,,,,,UNKNOWN,,,0.0,,,,,,,False
DXB-MEYDAN-b992af24bc,meydanone,55.301626,25.146316,12.0,3,,,,,,,,,UNKNOWN,,,0.0,,,,,,,False
DXB-MEYDAN-e33be19d63,meydanone,55.301605,25.146143,12.0,3,,,,,,,,,UNKNOWN,,,0.0,,,,,,,False
DXB-MEYDAN-c482550f99,meydanone,55.30163,25.14601,12.0,3,,,,,,,,,UNKNOWN,,,0.0,,,,,,,False
DXB-MEYDAN-0e5884e60a,meydanone,55.301624,25.145864,12.0,3,,,,,,,,,UNKNOWN,,,0.0,,,,,,,False
DXB-MEYDAN-75fa61cbbe,meydanone,55.301633,25.145717,12.0,3,,,,,,,,,UNKNOWN,,,0.0,,,,,,,False
DXB-MEYDAN-7cd86e5d86,meydanone,55.301627,25.145569,12.0,3,,,,,,,,,UNKNOWN,,,0.0,,,,,,,False
DXB-MEYDAN-9f2143e730,meydanone,55.301651,25.145434,12.0,3,,,,,,,,,UNKNOWN,,,0.0,,,,,,,False
DXB-MEYDAN-81b9134a5f,meydanone,55.301645,25.145264,12.0,3,,,,,,,,,UNKNOWN,,,0.0,,,,,,,False
DXB-MEYDAN-cdff5029b8,meydanone,55.301659,25.145117,12.0,3,,,,,,,,,UNKNOWN,,,0.0,,,,,,,False
DXB-MEYDAN-554063c2d4,meydanone,55.301654,25.144974,12.0,3,,,,,,,,,UNKNOWN,,,0.0,,,,,,,False
DXB-MEYDAN-acca5d81cc,meydanone,55.301667,25.144833,12.0,3,,,,,,,,,UNKNOWN,,,0.0,,,,,,,False
DXB-MEYDAN-b70e7836cd,meydanone,55.301653,25.14468,12.0,3,,,,,,,,,UNKNOWN,,,0.0,,,,,,,False
DXB-MEYDAN-456296eb3b,meydanone,55.301228,25.147018,12.0,3,,,,,,,,,UNKNOWN,,,0.0,,,,,,,False
DXB-MEYDAN-3c2c19542e,meydanone,55.301157,25.147017,12.0,3,,,,,,,,,UNKNOWN,,,0.0,,,,,,,False
DXB-MEYDAN-fa17010352,meydanone,55.299397,25.147144,12.0,3,,,,,,,,,UNKNOWN,,,0.0,,,,,,,False
DXB-MEYDAN-a954d9b006,meydanone,55.299399,25.147032,12.0,3,,,,,,,,,UNKNOWN,,,0.0,,,,,,,False
DXB-MEYDAN-0594752de5,meydanone,55.299026,25.145631,12.0,3,,,,,,,,,UNKNOWN,,,0.0,,,,,,,False
DXB-MEYDAN-3544a88974,meydanone,55.303459,25.14772,12.0,3,,,,,,,,,UNKNOWN,,,0.0,,,,,,,False
DXB-MEYDAN-a6c02fa7c5,meydanone,55.305574,25.143263,12.0,3,,,,,,,,,UNKNOWN,,,0.0,,,,,,,False
DXB-MEYDAN-eb32bc7c83,meydanone,55.296807,25.154801,12.0,3,,,,,,,,,UNKNOWN,,,0.0,,,,,,,False
DXB-MEYDAN-fdb36d1a7f,meydanone,55.301663,25.161606,12.0,3,,,,,,,,,UNKNOWN,,,0.0,,,,,,,False
DXB-MEYDAN-632d2606c1,meydanone,55.299487,25.159896,12.0,3,,,,,,,,,UNKNOWN,,,0.0,,,,,,,False
DXB-MEYDAN-35cd4f67ea,meydanone,55.298252,25.158403,12.0,3,,,,,,,,,UNKNOWN,,,0.0,,,,,,,False
DXB-MEYDAN-eb4ca3eec1,meydanone,55.293136,25.146262,12.0,3,,,,,,,,,UNKNOWN,,,0.0,,,,,,,False
DXB-MEYDAN-c04c7f08a1,meydanone,55.301421,25.158692,12.0,3,,,,,,,,,UNKNOWN,,,0.0,,,,,,,False
DXB-MEYDAN-e37e40dd3e,meydanone,55.300027,25.15703,12.0,3,,,,,,,,,UNKNOWN,,,0.0,,,,,,,False
DXB-MEYDAN-b6c0e3333a,meydanone,55.299847,25.150414,12.0,3,,,,,,,,,UNKNOWN,,,0.0,,,,,,,False
DXB-MEYDAN-6a4fc87e3d,meydanone,55.30558,25.143716,12.0,3,,,,,,,,,UNKNOWN,,,0.0,,,,,,,False
DXB-MEYDAN-1c321a72d2,meydanone,55.305721,25.143761,12.0,3,,,,,,,,,UNKNOWN,,,0.0,,,,,,,False
DXB-MEYDAN-0ca30e00c3,meydanone,55.298899,25.157286,12.0,3,,,,,,,,,UNKNOWN,,,0.0,,,,,,,False
DXB-MEYDAN-aea30aac3d,meydanone,55.30434,25.162094,12.0,3,,,,,,,,,UNKNOWN,,,0.0,,,,,,,False
DXB-MEYDAN-0b25a2cbe0,meydanone,55.301567,25.158263,12.0,3,,,,,,,,,UNKNOWN,,,0.0,,,,,,,False
DXB-MEYDAN-ad0fbf8167,meydanone,55.2999,25.158779,12.0,3,,,,,,,,,UNKNOWN,,,0.0,,,,,,,False
DXB-MEYDAN-aa6c063c1c,meydanone,55.300096,25.158633,12.0,3,,,,,,,,,UNKNOWN,,,0.0,,,,,,,False
DXB-MEYDAN-c4b951a866,meydanone,55.299763,25.158577,12.0,3,,,,,,,,,UNKNOWN,,,0.0,,,,,,,False
DXB-MEYDAN-5c92b661db,meydanone,55.31799,25.13952,28.8,9,,,,,,,,,UNKNOWN,,,0.0,,,,,,,False
DXB-MEYDAN-9081a3fa69,meydanone,55.321321,25.149374,12.0,3,,,,,,,,,UNKNOWN,,,0.0,,,,,,,False
DXB-MEYDAN-3d1c4f885b,meydanone,55.300458,25.150201,12.0,3,,,,,,,,,UNKNOWN,,,0.0,,,,,,,False
DXB-MEYDAN-1f9cab7382,meydanone,55.299156,25.153972,12.0,3,,,,,,,,,UNKNOWN,,,0.0,,,,,,,False
DXB-MEYDAN-65c2ed01b9,meydanone,55.299914,25.15211,12.0,3,,,,,,,,,UNKNOWN,,,0.0,,,,,,,False
DXB-MEYDAN-e49703c3dc,meydanone,55.299327,25.152062,12.0,3,,,,,,,,,UNKNOWN,,,0.0,,,,,,,False
DXB-MEYDAN-c9b1bcad9e,meydanone,55.299611,25.152084,12.0,3,,,,,,,,,UNKNOWN,,,0.0,,,,,,,False
DXB-MEYDAN-c2003a7ec1,meydanone,55.299621,25.152295,12.0,3,,,,,,,,,UNKNOWN,,,0.0,,,,,,,False
DXB-MEYDAN-3e55f07ed6,meydanone,55.298866,25.152548,12.0,3,,,,,,,,,UNKNOWN,,,0.0,,,,,,,False
DXB-MEYDAN-2cb18a1536,meydanone,55.299239,25.152293,12.0,3,,,,,,,,,UNKNOWN,,,0.0,,,,,,,False
DXB-MEYDAN-a2af12b6c2,meydanone,55.298757,25.152872,12.0,3,,,,,,,,,UNKNOWN,,,0.0,,,,,,,False
DXB-MEYDAN-263c00b5e5,meydanone,55.298799,25.153066,12.0,3,,,,,,,,,UNKNOWN,,,0.0,,,,,,,False
DXB-MEYDAN-a10db3a312,meydanone,55.30298,25.158551,30.0,9,,,,,,,,,UNKNOWN,,,0.0,,,,,,,False
DXB-MEYDAN-83f8a24cce,meydanone,55.302491,25.160307,12.0,3,,,,,,,,,UNKNOWN,,,0.0,,,,,,,False
DXB-MEYDAN-b95c96e6da,meydanone,55.300641,25.155901,12.0,3,,,,,,,,,UNKNOWN,,,0.0,,,,,,,False
DXB-MEYDAN-f8a798c7d5,meydanone,55.295494,25.138385,12.0,3,,,,,,,,,UNKNOWN,,,0.0,,,,,,,False
DXB-MEYDAN-8ce7271ae3,meydanone,55.296301,25.138952,12.0,3,,,,,,,,,UNKNOWN,,,0.0,,,,,,,False
DXB-MEYDAN-ea1e1473e5,meydanone,55.296221,25.138422,12.0,3,,,,,,,,,UNKNOWN,,,0.0,,,,,,,False
DXB-MEYDAN-b3180497aa,meydanone,55.296368,25.138544,12.0,3,,,,,,,,,UNKNOWN,,,0.0,,,,,,,False
DXB-MEYDAN-9309d13bde,meydanone,55.295482,25.13897,12.0,3,,,,,,,,,UNKNOWN,,,0.0,,,,,,,False
DXB-MEYDAN-cdeca31d94,meydanone,55.295792,25.139015,12.0,3,,,,,,,,,UNKNOWN,,,0.0,,,,,,,False
DXB-MEYDAN-e03206734b,meydanone,55.295247,25.138868,12.0,3,,,,,,,,,UNKNOWN,,,0.0,,,,,,,False
DXB-MEYDAN-9c4e8786df,meydanone,55.295197,25.138563,12.0,3,,,,,,,,,UNKNOWN,,,0.0,,,,,,,False
DXB-MEYDAN-b7d3bb454a,meydanone,55.295236,25.138466,12.0,3,,,,,,,,,UNKNOWN,,,0.0,,,,,,,False
DXB-MEYDAN-6593103f92,meydanone,55.295741,25.138342,12.0,3,,,,,,,,,UNKNOWN,,,0.0,,,,,,,False
DXB-MEYDAN-d1e4a27a08,meydanone,55.299258,25.150546,12.0,3,,,,,,,,,UNKNOWN,,,0.0,,,,,,,False
DXB-MEYDAN-3de73622e2,meydanone,55.298063,25.152989,12.0,3,,,,,,,,,UNKNOWN,,,0.0,,,,,,,False
