{"type": "FeatureCollection", "features": [{"type": "Feature", "properties": {"status": "existing", "bHeight": 19.0, "name": "", "levels": "5", "height_source": "osm_geom", "height_basis": "osm levels 5 · 100% of this footprint"}, "geometry": {"type": "Polygon", "coordinates": [[[55.2744145, 25.1960469], [55.2742387, 25.1960293], [55.2740519, 25.1960425], [55.2738701, 25.1960774], [55.2737175, 25.1961245], [55.2735775, 25.1961821], [55.273738, 25.1961984], [55.2738878, 25.1962304], [55.2740116, 25.1962567], [55.2740915, 25.1962848], [55.2740688, 25.1963681], [55.2741076, 25.1964218], [55.2741466, 25.1963104], [55.2742063, 25.1963381], [55.2742449, 25.1962654], [55.2742931, 25.1961903], [55.2743525, 25.1961138], [55.2744145, 25.1960469]]]}}, {"type": "Feature", "properties": {"status": "existing", "bHeight": 93.3, "name": "فندق العنوان داون تاون", "levels": "2", "height_source": "osm_geom", "height_basis": "osm height (feet -> metres) · 20% of this footprint"}, "geometry": {"type": "Polygon", "coordinates": [[[55.2778626, 25.1945889], [55.2778711, 25.1946939], [55.2779326, 25.1948043], [55.2780053, 25.1948693], [55.2781245, 25.1949357], [55.2782804, 25.1949437], [55.2782873, 25.1948309], [55.2784854, 25.1948159], [55.2788035, 25.1947033], [55.2790099, 25.1945616], [55.2791218, 25.1943941], [55.2791458, 25.1944075], [55.2791863, 25.1943088], [55.2792297, 25.1943172], [55.2792518, 25.1941939], [55.2792835, 25.1941948], [55.2792893, 25.1940508], [55.2792635, 25.1939741], [55.2792455, 25.1938592], [55.2791962, 25.1937889], [55.2791692, 25.1937425], [55.2791482, 25.1937536], [55.2790862, 25.1936517], [55.279046, 25.1936691], [55.2789759, 25.1935963], [55.2789479, 25.1936232], [55.2788919, 25.1936105], [55.2788377, 25.1936042], [55.2787922, 25.1936074], [55.2787274, 25.1936422], [55.2782583, 25.1940882], [55.2782398, 25.1941078], [55.2781791, 25.1941646], [55.2780352, 25.1942995], [55.2779355, 25.1944404], [55.2778935, 25.1944999], [55.2778626, 25.1945889]]]}}, {"type": "Feature", "properties": {"status": "existing", "bHeight": 50.0, "name": "", "levels": "13"}, "geometry": {"type": "Polygon", "coordinates": [[[55.2756886, 25.1971152], [55.2756974, 25.1972213], [55.2756916, 25.1973293], [55.275684, 25.1974349], [55.2756712, 25.1975442], [55.2756407, 25.1976493], [55.2756014, 25.1977519], [55.2755534, 25.1978515], [55.2754971, 25.1979474], [55.2754305, 25.1980422], [55.2753558, 25.1981319], [55.2752696, 25.1982156], [55.2752726, 25.1981538], [55.275271, 25.1980919], [55.2752639, 25.1980219], [55.275251, 25.1979525], [55.2752324, 25.1978841], [55.2752083, 25.1978172], [55.2751788, 25.1977522], [55.275144, 25.1976892], [55.2751041, 25.1976288], [55.2752027, 25.1975712], [55.2752969, 25.1975077], [55.2753863, 25.1974389], [55.2754705, 25.1973649], [55.2755492, 25.197286], [55.275622, 25.1972027], [55.2756886, 25.1971152]]]}}, {"type": "Feature", "properties": {"status": "existing", "bHeight": 40.0, "name": "Building 5", "levels": "7", "height_source": "osm_geom", "height_basis": "osm height · 15% of this footprint"}, "geometry": {"type": "Polygon", "coordinates": [[[55.2746815, 25.2011487], [55.2747108, 25.2011988], [55.2750962, 25.2010147], [55.274727, 25.200382], [55.2743417, 25.200566], [55.2743841, 25.2006388], [55.2746815, 25.2011487]]]}}, {"type": "Feature", "properties": {"status": "existing", "bHeight": 48.0, "name": "Building 4", "levels": "9", "height_source": "osm_geom", "height_basis": "osm height · 15% of this footprint"}, "geometry": {"type": "Polygon", "coordinates": [[[55.2743417, 25.200566], [55.2741891, 25.2002977], [55.2734666, 25.2006348], [55.2736612, 25.2009761], [55.2743841, 25.2006388], [55.2743417, 25.200566]]]}}, {"type": "Feature", "properties": {"status": "existing", "bHeight": 37.0, "name": "Building 2", "levels": "8"}, "geometry": {"type": "Polygon", "coordinates": [[[55.2713949, 25.2008688], [55.2717487, 25.2014717], [55.2720979, 25.201304], [55.271744, 25.200701], [55.2713949, 25.2008688]]]}}, {"type": "Feature", "properties": {"status": "existing", "bHeight": 45.0, "name": "Building 1", "levels": "9"}, "geometry": {"type": "Polygon", "coordinates": [[[55.2721066, 25.2012525], [55.272772, 25.2009345], [55.2729552, 25.2012481], [55.2722897, 25.2015662], [55.2721066, 25.2012525]]]}}, {"type": "Feature", "properties": {"status": "existing", "bHeight": 41.0, "name": "Building 3", "levels": "9"}, "geometry": {"type": "Polygon", "coordinates": [[[55.2717873, 25.2007047], [55.2724408, 25.2003928], [55.2722646, 25.2000904], [55.271611, 25.2004023], [55.2717873, 25.2007047]]]}}, {"type": "Feature", "properties": {"status": "existing", "bHeight": 134.0, "name": "The Lofts - Emaar", "levels": "39"}, "geometry": {"type": "Polygon", "coordinates": [[[55.2689413, 25.1963948], [55.2696386, 25.1962147], [55.2697333, 25.1965193], [55.2698593, 25.1967952], [55.2699935, 25.197038], [55.2702956, 25.197494], [55.2698837, 25.1977774], [55.2694406, 25.1971925], [55.2692332, 25.1968725], [55.2689413, 25.1963948]]]}}, {"type": "Feature", "properties": {"status": "existing", "bHeight": 12.0, "name": "", "levels": ""}, "geometry": {"type": "Polygon", "coordinates": [[[55.2684026, 25.1979108], [55.2689633, 25.197578], [55.2688016, 25.1973397], [55.2682461, 25.1977031], [55.2684026, 25.1979108]]]}}, {"type": "Feature", "properties": {"status": "existing", "bHeight": 12.0, "name": "District Cooling Plant 3", "levels": ""}, "geometry": {"type": "Polygon", "coordinates": [[[55.2675718, 25.1944358], [55.2680632, 25.1950711], [55.2687569, 25.1946748], [55.2682669, 25.1940135], [55.2675718, 25.1944358]]]}}, {"type": "Feature", "properties": {"status": "existing", "bHeight": 48.0, "name": "Building 6", "levels": "9", "height_source": "osm_geom", "height_basis": "osm height · 15% of this footprint"}, "geometry": {"type": "Polygon", "coordinates": [[[55.2741657, 25.2018235], [55.2748769, 25.2014885], [55.2747108, 25.2011988], [55.2746815, 25.2011487], [55.2739702, 25.2014836], [55.2741657, 25.2018235]]]}}, {"type": "Feature", "properties": {"status": "existing", "bHeight": 10.0, "name": "دبي مول / برج خليفة", "levels": "2"}, "geometry": {"type": "Polygon", "coordinates": [[[55.2691656, 25.200957], [55.2693442, 25.2009911], [55.2698025, 25.2014784], [55.269938, 25.2016242], [55.2699349, 25.2018105], [55.269741, 25.2017792], [55.2695787, 25.2016464], [55.2691514, 25.2011301], [55.2691656, 25.200957]]]}}, {"type": "Feature", "properties": {"status": "existing", "bHeight": 30.0, "name": "Burj Views", "levels": "6"}, "geometry": {"type": "Polygon", "coordinates": [[[55.2806124, 25.1896797], [55.2816565, 25.1910978], [55.2821719, 25.1908317], [55.2810763, 25.1892814], [55.2806124, 25.1896797]]]}}, {"type": "Feature", "properties": {"status": "existing", "bHeight": 144.0, "name": "", "levels": "42"}, "geometry": {"type": "Polygon", "coordinates": [[[55.2694902, 25.1910869], [55.2698961, 25.1907262], [55.2703289, 25.1911251], [55.269923, 25.1914858], [55.2694902, 25.1910869]]]}}, {"type": "Feature", "properties": {"status": "existing", "bHeight": 12.0, "name": "", "levels": ""}, "geometry": {"type": "Polygon", "coordinates": [[[55.2689842, 25.1976111], [55.269185, 25.1978848], [55.2688016, 25.1981208], [55.2685956, 25.1978471], [55.2689842, 25.1976111]]]}}, {"type": "Feature", "properties": {"status": "existing", "bHeight": 192.0, "name": "العنوان - دبي مول", "levels": "42"}, "geometry": {"type": "Polygon", "coordinates": [[[55.2776898, 25.2000219], [55.2776273, 25.1999488], [55.2775711, 25.1998716], [55.2775214, 25.1997909], [55.2774786, 25.199707], [55.2774428, 25.1996204], [55.2774144, 25.1995317], [55.2773934, 25.1994412], [55.27738, 25.1993496], [55.2773824, 25.199333], [55.2773903, 25.1993179], [55.2774029, 25.1993057], [55.2774191, 25.1992976], [55.2774372, 25.1992944], [55.2774555, 25.1992963], [55.2774723, 25.1993032], [55.277486, 25.1993144], [55.277553, 25.1994008], [55.2776117, 25.1994921], [55.2776617, 25.1995874], [55.2777018, 25.1996842], [55.277733, 25.1997837], [55.277755, 25.1998851], [55.2777676, 25.1999879], [55.2776898, 25.2000219]]]}}, {"type": "Feature", "properties": {"status": "existing", "bHeight": 45.0, "name": "Al Manzil", "levels": "10"}, "geometry": {"type": "Polygon", "coordinates": [[[55.2776624, 25.191472], [55.2772813, 25.1911647], [55.2774041, 25.1910399], [55.2776455, 25.1912345], [55.2777945, 25.1910831], [55.2776797, 25.1909905], [55.2777576, 25.1909113], [55.2779915, 25.1910999], [55.2779282, 25.1911642], [55.277949, 25.1911809], [55.2776624, 25.191472]]]}}, {"type": "Feature", "properties": {"status": "existing", "bHeight": 20.0, "name": "The Palace - Downtown Dubai", "levels": ""}, "geometry": {"type": "Polygon", "coordinates": [[[55.2756147, 25.1937204], [55.2756619, 25.1937061], [55.2756767, 25.1937462], [55.275724, 25.1937318], [55.2757403, 25.1937758], [55.2757952, 25.1937582], [55.275804, 25.1937826], [55.275846, 25.1937675], [55.2758938, 25.1938926], [55.2757015, 25.1939539], [55.2756676, 25.1939504], [55.2756575, 25.1939838], [55.2755262, 25.1939472], [55.2755143, 25.1939902], [55.2755, 25.1939873], [55.2754455, 25.1941556], [55.2754617, 25.1941605], [55.2754307, 25.1942566], [55.2754643, 25.1942778], [55.2754209, 25.1942913], [55.2754505, 25.1943696], [55.2755055, 25.1945101], [55.2754664, 25.1946634], [55.2755226, 25.1946727], [55.2755083, 25.1947015], [55.2755061, 25.1947242], [55.2755115, 25.1947449], [55.2755245, 25.1947629], [55.2755399, 25.194777], [55.2755659, 25.1947841], [55.2755905, 25.1947826], [55.2756166, 25.1947719], [55.2756355, 25.1947541], [55.2756424, 25.1947315], [55.2756416, 25.1947098], [55.27564, 25.1946939], [55.2756832, 25.1947019], [55.2757429, 25.1945255], [55.2757849, 25.1944969], [55.2757389, 25.1943683], [55.275808, 25.1941056], [55.2760804, 25.1940022], [55.2760447, 25.1939089], [55.2760794, 25.1938991], [55.2760523, 25.1938376], [55.2760399, 25.193841], [55.2760236, 25.1938018], [55.2760362, 25.1937965], [55.2760521, 25.1937847], [55.2760584, 25.19377], [55.276056, 25.1937493], [55.2760469, 25.1937313], [55.2760276, 25.1937254], [55.276003, 25.1937309], [55.2759847, 25.1936778], [55.2759709, 25.1936802], [55.2758862, 25.1934465], [55.2761369, 25.1933776], [55.2761707, 25.1933955], [55.2762323, 25.1933113], [55.276142, 25.1932523], [55.2761567, 25.193239], [55.2761521, 25.1932135], [55.2759883, 25.1930874], [55.2757656, 25.1931416], [55.2757928, 25.1932208], [55.2756483, 25.1932658], [55.275404, 25.1930752], [55.2754045, 25.1930315], [55.2754886, 25.1930362], [55.2755126, 25.1927891], [55.2755339, 25.1927739], [55.275548, 25.1927498], [55.2755596, 25.1927188], [55.2755565, 25.1926878], [55.2755475, 25.1926596], [55.2755258, 25.1926325], [55.2754967, 25.1926218], [55.2754471, 25.1926181], [55.2754032, 25.1925456], [55.2752616, 25.1926282], [55.2753076, 25.1927006], [55.2752929, 25.1927246], [55.2752909, 25.1927601], [55.2752675, 25.19276], [55.27524, 25.1931628], [55.2751785, 25.1932416], [55.2752887, 25.1933147], [55.2753178, 25.1932801], [55.2753661, 25.1933133], [55.2753521, 25.19333], [55.2754592, 25.1934037], [55.2755184, 25.1933331], [55.2755272, 25.193344], [55.2756551, 25.1932953], [55.2757117, 25.1934211], [55.2756671, 25.1934373], [55.2756727, 25.193452], [55.2756243, 25.1934669], [55.2756413, 25.1935085], [55.2755943, 25.1935243], [55.2756104, 25.1935665], [55.2755636, 25.1935822], [55.2756147, 25.1937204]]]}}, {"type": "Feature", "properties": {"status": "existing", "bHeight": 115.0, "name": "Standpoint Residences - Downtown - Emaar", "levels": "34"}, "geometry": {"type": "Polygon", "coordinates": [[[55.2704635, 25.1962667], [55.2705667, 25.1965525], [55.2706846, 25.1968063], [55.2707944, 25.1970123], [55.2709285, 25.1971889], [55.2711725, 25.1969865], [55.2713147, 25.1967805], [55.2713635, 25.1965414], [55.27133, 25.1962069], [55.2712937, 25.1960583], [55.2704635, 25.1962667]]]}}, {"type": "Feature", "properties": {"status": "existing", "bHeight": 12.0, "name": "", "levels": ""}, "geometry": {"type": "Polygon", "coordinates": [[[55.275122, 25.1942407], [55.2751493, 25.1943152], [55.2751152, 25.1943255], [55.2751254, 25.1943532], [55.2750208, 25.1943846], [55.2749822, 25.1942794], [55.2749339, 25.1942939], [55.2748903, 25.1941751], [55.2749936, 25.1941441], [55.2749761, 25.1940966], [55.2749423, 25.1941067], [55.2749341, 25.1940844], [55.2749071, 25.1940925], [55.2748786, 25.1939927], [55.2750286, 25.1939465], [55.2750432, 25.1939706], [55.2750975, 25.1940246], [55.2751599, 25.1940068], [55.2752296, 25.1942098], [55.275122, 25.1942407]]]}}, {"type": "Feature", "properties": {"status": "existing", "bHeight": 195.0, "name": "Damac Maison", "levels": "5", "height_source": "osm_geom", "height_basis": "osm height · 38% of this footprint"}, "geometry": {"type": "Polygon", "coordinates": [[[55.2835547, 25.1953633], [55.2840713, 25.1950278], [55.2837981, 25.1946833], [55.2832815, 25.1950187], [55.2835547, 25.1953633]]]}}, {"type": "Feature", "properties": {"status": "existing", "bHeight": 10.0, "name": "Vida Residence", "levels": "2"}, "geometry": {"type": "Polygon", "coordinates": [[[55.2727688, 25.1907006], [55.2731242, 25.1905954], [55.2735354, 25.1904924], [55.2735253, 25.190425], [55.2736854, 25.1903875], [55.2732805, 25.1900309], [55.2733039, 25.1901312], [55.2729767, 25.1902059], [55.2729059, 25.1900209], [55.2725264, 25.1901606], [55.2727688, 25.1907006]]]}}, {"type": "Feature", "properties": {"status": "existing", "bHeight": 25.4, "name": "Burj Vista - Downtown - Emaar", "levels": "7", "height_source": "osm_geom", "height_basis": "osm levels 7 · 100% of this footprint"}, "geometry": {"type": "Polygon", "coordinates": [[[55.2703576, 25.1976406], [55.2699454, 25.1978987], [55.2705626, 25.1987743], [55.2707496, 25.1988994], [55.2710678, 25.1990435], [55.2712505, 25.1990733], [55.2712865, 25.1990648], [55.2713336, 25.1990515], [55.2713107, 25.1990209], [55.2712901, 25.1989483], [55.271264, 25.1988835], [55.2711853, 25.1988286], [55.2711192, 25.1987962], [55.2710883, 25.1987464], [55.2710924, 25.1986779], [55.2711225, 25.198608], [55.2711516, 25.1985778], [55.2710226, 25.1985289], [55.2709363, 25.1985106], [55.2708615, 25.198501], [55.2708615, 25.1985208], [55.2707959, 25.1985431], [55.270715, 25.1985269], [55.2706628, 25.1984765], [55.2706021, 25.1983403], [55.2705759, 25.1982009], [55.2705775, 25.1981114], [55.2706045, 25.1980515], [55.2706185, 25.1980387], [55.2706018, 25.197973], [55.2705498, 25.1978695], [55.2703576, 25.1976406]]]}}, {"type": "Feature", "properties": {"status": "existing", "bHeight": 112.8, "name": "بوليفارد", "levels": "5", "height_source": "osm_geom", "height_basis": "osm height (feet -> metres) · 26% of this footprint"}, "geometry": {"type": "Polygon", "coordinates": [[[55.2765567, 25.2010986], [55.2765325, 25.2011334], [55.2764989, 25.2011552], [55.2756358, 25.2016878], [55.2755539, 25.2017306], [55.2755025, 25.2017231], [55.2754872, 25.2016782], [55.2755047, 25.2016075], [55.2757831, 25.200611], [55.2757994, 25.2005464], [55.2758636, 25.2003326], [55.2758934, 25.2002616], [55.2759437, 25.2002027], [55.2760202, 25.2001748], [55.2760893, 25.2001808], [55.2762434, 25.2002385], [55.2765094, 25.2003983], [55.2766441, 25.2005047], [55.2766911, 25.2005485], [55.2767001, 25.2005983], [55.2765567, 25.2010986]]]}}, {"type": "Feature", "properties": {"status": "existing", "bHeight": 90.0, "name": "BLVD Crescent", "levels": "26"}, "geometry": {"type": "Polygon", "coordinates": [[[55.2714686, 25.1913477], [55.2710962, 25.1908514], [55.2707576, 25.1910903], [55.2704597, 25.1913232], [55.2701618, 25.1916357], [55.2700724, 25.1917478], [55.2699519, 25.1918991], [55.2705003, 25.1922668], [55.2706764, 25.1920401], [55.2708863, 25.1918195], [55.271191, 25.1915438], [55.2714686, 25.1913477]]]}}, {"type": "Feature", "properties": {"status": "existing", "bHeight": 200.0, "name": "BLVD Heights", "levels": "44", "height_source": "osm_geom", "height_basis": "osm height · 15% of this footprint"}, "geometry": {"type": "Polygon", "coordinates": [[[55.2705003, 25.1922668], [55.2702803, 25.1925278], [55.2700864, 25.1928326], [55.2699384, 25.1930819], [55.2698057, 25.1933405], [55.2697749, 25.1933997], [55.2696953, 25.193373], [55.2693959, 25.1932725], [55.2694724, 25.1930898], [55.269226, 25.1929826], [55.2694002, 25.1926619], [55.2696589, 25.1927863], [55.2697981, 25.1925492], [55.2695394, 25.1924248], [55.2696118, 25.1923015], [55.26977, 25.1920983], [55.2699519, 25.1918991], [55.2705003, 25.1922668]]]}}, {"type": "Feature", "properties": {"status": "existing", "bHeight": 239.8, "name": "Forte", "levels": "3", "height_source": "osm_geom", "height_basis": "osm levels 74 (stated height implausible for the floor count) · 25% of this footprint"}, "geometry": {"type": "Polygon", "coordinates": [[[55.2695116, 25.1960469], [55.2694804, 25.195831], [55.2694513, 25.1956276], [55.2694303, 25.1954052], [55.2694047, 25.1951434], [55.2693941, 25.1949176], [55.2692757, 25.1949297], [55.2692587, 25.1947957], [55.269173, 25.1948046], [55.26918, 25.1948596], [55.2690154, 25.1948767], [55.2690741, 25.19534], [55.269086, 25.1954998], [55.2688808, 25.195594], [55.2689428, 25.1961037], [55.2692015, 25.1960779], [55.2695116, 25.1960469]]]}}, {"type": "Feature", "properties": {"status": "existing", "bHeight": 30.0, "name": "Address Residences", "levels": "12"}, "geometry": {"type": "Polygon", "coordinates": [[[55.2830445, 25.1961887], [55.2835633, 25.1958543], [55.2835171, 25.1957836], [55.2835058, 25.1957023], [55.2834989, 25.195695], [55.2834752, 25.1956576], [55.2835009, 25.1955438], [55.2830941, 25.1950106], [55.2825473, 25.1943896], [55.2820071, 25.1938098], [55.2816721, 25.1934876], [55.2816461, 25.1935086], [55.281495, 25.1933872], [55.2814702, 25.1934146], [55.2813381, 25.1933254], [55.2809727, 25.1938156], [55.2812931, 25.1940637], [55.2816191, 25.1943538], [55.2818218, 25.1945739], [55.2820407, 25.194838], [55.2822647, 25.1951441], [55.2826604, 25.1956825], [55.2830445, 25.1961887]]]}}, {"type": "Feature", "properties": {"status": "existing", "bHeight": 230.2, "name": "Boulevard Point", "levels": "12", "height_source": "osm_geom", "height_basis": "osm levels 71 (stated height implausible for the floor count) · 33% of this footprint"}, "geometry": {"type": "Polygon", "coordinates": [[[55.2809727, 25.1938156], [55.2807278, 25.1936433], [55.2807294, 25.1931397], [55.28085, 25.1930003], [55.2813381, 25.1933254], [55.2809727, 25.1938156]]]}}, {"type": "Feature", "properties": {"status": "existing", "bHeight": 150.2, "name": "The 118", "levels": "4", "height_source": "osm_geom", "height_basis": "osm levels 46 (stated height implausible for the floor count) · 16% of this footprint"}, "geometry": {"type": "Polygon", "coordinates": [[[55.2814952, 25.1931467], [55.2817777, 25.1928563], [55.2817956, 25.1926851], [55.2817054, 25.1926159], [55.2813001, 25.1925839], [55.2812431, 25.1926305], [55.2812078, 25.1930173], [55.2814952, 25.1931467]]]}}, {"type": "Feature", "properties": {"status": "existing", "bHeight": 150.0, "name": "Damac Maison Upper Crest Tower", "levels": "5", "height_source": "osm_geom", "height_basis": "osm height · 28% of this footprint"}, "geometry": {"type": "Polygon", "coordinates": [[[55.2844617, 25.1938604], [55.2850886, 25.1933652], [55.2845202, 25.1931537], [55.2841217, 25.1935768], [55.2844617, 25.1938604]]]}}, {"type": "Feature", "properties": {"status": "existing", "bHeight": 140.0, "name": "Mada Residences", "levels": "5", "height_source": "osm_geom", "height_basis": "osm height · 19% of this footprint"}, "geometry": {"type": "Polygon", "coordinates": [[[55.2844617, 25.1938604], [55.2848442, 25.1942209], [55.2857155, 25.1935287], [55.2850886, 25.1933652], [55.2844617, 25.1938604]]]}}, {"type": "Feature", "properties": {"status": "existing", "bHeight": 166.2, "name": "RP Heights", "levels": "5", "height_source": "osm_geom", "height_basis": "osm levels 51 (stated height implausible for the floor count) · 50% of this footprint"}, "geometry": {"type": "Polygon", "coordinates": [[[55.2840982, 25.1949943], [55.2838542, 25.1946877], [55.283898, 25.1946603], [55.2843281, 25.1943991], [55.2844924, 25.1945973], [55.2844479, 25.1947979], [55.2841333, 25.1949769], [55.2840982, 25.1949943]]]}}, {"type": "Feature", "properties": {"status": "existing", "bHeight": 67.0, "name": "Mövenpick Hotel Apartments Downtown Dubai", "levels": "5", "height_source": "osm_geom", "height_basis": "osm levels 20 (stated height implausible for the floor count) · 24% of this footprint"}, "geometry": {"type": "Polygon", "coordinates": [[[55.2836402, 25.1945004], [55.2831962, 25.1940891], [55.2836858, 25.1936877], [55.2841131, 25.1940237], [55.2840877, 25.1942482], [55.2836402, 25.1945004]]]}}, {"type": "Feature", "properties": {"status": "existing", "bHeight": 65.0, "name": "Mon Reve", "levels": "", "height_source": "osm_geom", "height_basis": "osm height · 50% of this footprint"}, "geometry": {"type": "Polygon", "coordinates": [[[55.2831494, 25.1940968], [55.2827173, 25.1936528], [55.282385, 25.1939084], [55.2828064, 25.1943556], [55.2831494, 25.1940968]]]}}, {"type": "Feature", "properties": {"status": "existing", "bHeight": 110.0, "name": "Burj Al Nujoom", "levels": "4", "height_source": "osm_geom", "height_basis": "osm height · 54% of this footprint"}, "geometry": {"type": "Polygon", "coordinates": [[[55.2822218, 25.1908768], [55.2823924, 25.1911018], [55.2823435, 25.1912722], [55.2817024, 25.1912528], [55.2817048, 25.1911849], [55.2816988, 25.1911327], [55.2816891, 25.1910967], [55.2822218, 25.1908768]]]}}, {"type": "Feature", "properties": {"status": "existing", "bHeight": 195.0, "name": "Damac Maison Distinction", "levels": "6", "height_source": "osm_geom", "height_basis": "osm height · 36% of this footprint"}, "geometry": {"type": "Polygon", "coordinates": [[[55.2795951, 25.1883188], [55.2800492, 25.1880208], [55.2797995, 25.1877229], [55.2796522, 25.1876845], [55.2793896, 25.1878623], [55.2793641, 25.1880146], [55.2795951, 25.1883188]]]}}, {"type": "Feature", "properties": {"status": "existing", "bHeight": 80.0, "name": "Standard Chartered Bank Tower - Middle East HQ", "levels": "5", "height_source": "osm_geom", "height_basis": "osm height · 37% of this footprint"}, "geometry": {"type": "Polygon", "coordinates": [[[55.2731895, 25.202561], [55.2728737, 25.2019819], [55.2728289, 25.2019047], [55.2727448, 25.2019454], [55.2723354, 25.202121], [55.272248, 25.2021577], [55.2722952, 25.2022497], [55.2721499, 25.2023106], [55.2721914, 25.2023916], [55.2721301, 25.2024173], [55.2721627, 25.202481], [55.2720865, 25.202513], [55.2721602, 25.2026568], [55.2725486, 25.2026646], [55.272778, 25.2025649], [55.2728202, 25.2026444], [55.2731895, 25.202561]]]}}, {"type": "Feature", "properties": {"status": "existing", "bHeight": 12.0, "name": "", "levels": ""}, "geometry": {"type": "Polygon", "coordinates": [[[55.2751987, 25.1999421], [55.2745592, 25.1997898], [55.274236, 25.1999383], [55.2741127, 25.1999151], [55.2735666, 25.2001134], [55.2735368, 25.2000628], [55.2735072, 25.2000125], [55.2734767, 25.1999607], [55.2739625, 25.1996599], [55.2734729, 25.199552], [55.2728609, 25.1998376], [55.2731812, 25.2003955], [55.2732179, 25.2004586], [55.2740914, 25.2000417], [55.2751081, 25.2003244], [55.2751203, 25.2002956], [55.2751572, 25.2002074], [55.2747219, 25.2001602], [55.2747239, 25.2001059], [55.2747259, 25.2000507], [55.2747279, 25.1999964], [55.2751968, 25.1999738], [55.2751987, 25.1999421]]]}}, {"type": "Feature", "properties": {"status": "existing", "bHeight": 12.0, "name": "District Cooling Plant", "levels": ""}, "geometry": {"type": "Polygon", "coordinates": [[[55.2761301, 25.1880167], [55.2766192, 25.1877062], [55.2763025, 25.1872976], [55.2758134, 25.1876081], [55.2761301, 25.1880167]]]}}, {"type": "Feature", "properties": {"status": "existing", "bHeight": 201.4, "name": "Al Hikma Tower", "levels": "", "height_source": "osm_geom", "height_basis": "osm levels 62 (stated height implausible for the floor count) · 45% of this footprint"}, "geometry": {"type": "Polygon", "coordinates": [[[55.2681899, 25.1994551], [55.2684916, 25.1992686], [55.2682814, 25.1989901], [55.2679797, 25.1991765], [55.2681899, 25.1994551]]]}}, {"type": "Feature", "properties": {"status": "existing", "bHeight": 12.0, "name": "", "levels": ""}, "geometry": {"type": "Polygon", "coordinates": [[[55.2686283, 25.1991671], [55.2689789, 25.1989567], [55.2687835, 25.1986998], [55.2684369, 25.1989151], [55.2686283, 25.1991671]]]}}, {"type": "Feature", "properties": {"status": "existing", "bHeight": 166.2, "name": "EMKAAN Architectural + Engineering Consultancy", "levels": "4", "height_source": "osm_geom", "height_basis": "osm levels 51 (stated height implausible for the floor count) · 17% of this footprint"}, "geometry": {"type": "Polygon", "coordinates": [[[55.2685273, 25.1994081], [55.2686502, 25.1995845], [55.2687556, 25.1997357], [55.2688645, 25.1998919], [55.2690656, 25.2001804], [55.2692697, 25.2004733], [55.2693216, 25.2005477], [55.2693029, 25.200559], [55.2691972, 25.2006222], [55.2690111, 25.2007343], [55.2687933, 25.200394], [55.2681908, 25.1996508], [55.2681758, 25.1996309], [55.2685273, 25.1994081]]]}}, {"type": "Feature", "properties": {"status": "existing", "bHeight": 12.0, "name": "", "levels": ""}, "geometry": {"type": "Polygon", "coordinates": [[[55.276867, 25.1883358], [55.276622, 25.1879955], [55.2764532, 25.188095], [55.276483, 25.1881363], [55.2763854, 25.1881938], [55.2764184, 25.1882396], [55.2763901, 25.1882563], [55.2765287, 25.1884489], [55.2765616, 25.1884295], [55.2766053, 25.1884901], [55.276867, 25.1883358]]]}}, {"type": "Feature", "properties": {"status": "existing", "bHeight": 12.0, "name": "", "levels": ""}, "geometry": {"type": "Polygon", "coordinates": [[[55.2763579, 25.1880737], [55.2763598, 25.1880652], [55.2763648, 25.1880577], [55.2763721, 25.1880521], [55.2763811, 25.188049], [55.2763907, 25.1880488], [55.2763999, 25.1880514], [55.2764076, 25.1880566], [55.276413, 25.1880638], [55.2764155, 25.1880722], [55.2764149, 25.1880807], [55.2764113, 25.1880886], [55.276405, 25.1880949], [55.2763969, 25.1880992], [55.2763876, 25.1881008], [55.2763783, 25.1880997], [55.2763698, 25.1880959], [55.2763632, 25.1880898], [55.2763591, 25.1880822], [55.2763579, 25.1880737]]]}}, {"type": "Feature", "properties": {"status": "existing", "bHeight": 12.0, "name": "", "levels": ""}, "geometry": {"type": "Polygon", "coordinates": [[[55.2763019, 25.1881084], [55.2763038, 25.1880999], [55.2763088, 25.1880924], [55.2763161, 25.1880868], [55.2763251, 25.1880837], [55.2763347, 25.1880834], [55.2763439, 25.188086], [55.2763516, 25.1880912], [55.276357, 25.1880984], [55.2763595, 25.1881068], [55.2763589, 25.1881153], [55.2763553, 25.1881232], [55.276349, 25.1881296], [55.2763409, 25.1881338], [55.2763316, 25.1881355], [55.2763223, 25.1881343], [55.2763138, 25.1881305], [55.2763072, 25.1881245], [55.2763031, 25.1881168], [55.2763019, 25.1881084]]]}}, {"type": "Feature", "properties": {"status": "existing", "bHeight": 12.0, "name": "", "levels": ""}, "geometry": {"type": "Polygon", "coordinates": [[[55.2733939, 25.1886484], [55.2733778, 25.1887135], [55.2734091, 25.1887199], [55.2733815, 25.1888312], [55.2733649, 25.1888278], [55.2733554, 25.1888658], [55.2733928, 25.1888734], [55.2733751, 25.1889449], [55.2732932, 25.1889283], [55.2733062, 25.1888758], [55.2730364, 25.1888177], [55.2730843, 25.188613], [55.2733232, 25.1886614], [55.2733296, 25.1886354], [55.2733939, 25.1886484]]]}}, {"type": "Feature", "properties": {"status": "existing", "bHeight": 12.0, "name": "", "levels": ""}, "geometry": {"type": "Polygon", "coordinates": [[[55.2734152, 25.1884874], [55.2733386, 25.1885343], [55.2736079, 25.1888948], [55.2736846, 25.188848], [55.2734152, 25.1884874]]]}}, {"type": "Feature", "properties": {"status": "existing", "bHeight": 12.0, "name": "", "levels": ""}, "geometry": {"type": "Polygon", "coordinates": [[[55.2732954, 25.1889791], [55.2732805, 25.1890403], [55.2733624, 25.1890565], [55.2733772, 25.1889953], [55.2732954, 25.1889791]]]}}, {"type": "Feature", "properties": {"status": "existing", "bHeight": 20.0, "name": "Miska 2", "levels": "4"}, "geometry": {"type": "Polygon", "coordinates": [[[55.2761275, 25.1883671], [55.2761481, 25.1883917], [55.276228, 25.1883369], [55.2762396, 25.1883507], [55.2762641, 25.1883299], [55.2763303, 25.1884054], [55.2763221, 25.1884116], [55.2763622, 25.1884595], [55.2763735, 25.1884546], [55.2764209, 25.1885115], [55.2764052, 25.1885205], [55.2764721, 25.1886067], [55.2764506, 25.1886204], [55.2764905, 25.1886717], [55.2764645, 25.1886883], [55.2765476, 25.1887949], [55.2764585, 25.1888519], [55.2764462, 25.1888362], [55.2763675, 25.1888869], [55.2763847, 25.1889087], [55.2762707, 25.1889827], [55.2762465, 25.1889523], [55.2762247, 25.1889665], [55.2761724, 25.1889012], [55.2762007, 25.1888825], [55.2761329, 25.1887986], [55.2761806, 25.188767], [55.2762106, 25.1888039], [55.2762345, 25.188788], [55.276219, 25.1887691], [55.2763041, 25.1887119], [55.2762522, 25.1886487], [55.276231, 25.188663], [55.2761667, 25.1885851], [55.2761968, 25.1885647], [55.2761688, 25.188531], [55.276195, 25.1885131], [55.2761764, 25.1884907], [55.2761509, 25.1885081], [55.2761087, 25.1884575], [55.2761269, 25.188445], [55.2761085, 25.188423], [55.2761246, 25.188412], [55.2761017, 25.1883847], [55.2761275, 25.1883671]]]}}, {"type": "Feature", "properties": {"status": "existing", "bHeight": 20.0, "name": "Miska 3", "levels": "4"}, "geometry": {"type": "Polygon", "coordinates": [[[55.2760761, 25.1882275], [55.2760673, 25.1882409], [55.2760975, 25.188257], [55.2760595, 25.1883154], [55.2760454, 25.1883079], [55.2759854, 25.1884012], [55.2759658, 25.188391], [55.2759519, 25.1884128], [55.2758079, 25.1883381], [55.2758239, 25.1883128], [55.2758138, 25.1883076], [55.2758023, 25.1883261], [55.2756078, 25.1882274], [55.2756224, 25.1882039], [55.2755512, 25.1881678], [55.2755679, 25.1881409], [55.275508, 25.1881106], [55.2755413, 25.1880568], [55.2755078, 25.1880399], [55.2755213, 25.1880182], [55.2755536, 25.1880346], [55.2756228, 25.1879237], [55.2756029, 25.1879135], [55.2756086, 25.1879045], [55.2756286, 25.187915], [55.2756638, 25.1878603], [55.2756796, 25.1878687], [55.2756951, 25.187845], [55.275784, 25.1878926], [55.2757738, 25.187908], [55.2758017, 25.1879231], [55.2757861, 25.1879466], [55.2757591, 25.1879319], [55.2757362, 25.1879661], [55.2757602, 25.1879793], [55.2757081, 25.1880565], [55.2757853, 25.1880991], [55.2757982, 25.1880802], [55.2758853, 25.1881284], [55.27588, 25.1881444], [55.2759598, 25.1881877], [55.275971, 25.1881707], [55.2760761, 25.1882275]]]}}, {"type": "Feature", "properties": {"status": "existing", "bHeight": 40.0, "name": "Miska 4", "levels": "9"}, "geometry": {"type": "Polygon", "coordinates": [[[55.2753991, 25.1882863], [55.2753801, 25.1883208], [55.2753627, 25.188313], [55.275348, 25.1883397], [55.2753372, 25.1883349], [55.2753172, 25.1883713], [55.275327, 25.1883757], [55.2752872, 25.1884484], [55.2752721, 25.1884417], [55.2752559, 25.1884713], [55.2752228, 25.1884564], [55.2752147, 25.188471], [55.2751399, 25.1884373], [55.2751591, 25.1884023], [55.275136, 25.1883919], [55.2751194, 25.1884223], [55.2750651, 25.1883979], [55.2750891, 25.1883542], [55.275064, 25.188343], [55.2751083, 25.1882625], [55.2751206, 25.188268], [55.2751435, 25.1882264], [55.275116, 25.188214], [55.275134, 25.1881812], [55.2751602, 25.188193], [55.2751704, 25.1881744], [55.275221, 25.1881972], [55.2752132, 25.1882113], [55.2752619, 25.1882331], [55.2752821, 25.1881965], [55.2753571, 25.1882302], [55.2753407, 25.1882601], [55.2753991, 25.1882863]]]}}, {"type": "Feature", "properties": {"status": "existing", "bHeight": 20.0, "name": "Miska 5", "levels": "4"}, "geometry": {"type": "Polygon", "coordinates": [[[55.275863, 25.1885912], [55.275784, 25.188738], [55.2757611, 25.1887279], [55.2757304, 25.1887849], [55.2757085, 25.1887752], [55.2756723, 25.1888424], [55.2755439, 25.1887858], [55.2755347, 25.1888029], [55.2754848, 25.1887809], [55.2754963, 25.1887596], [55.2753859, 25.188711], [55.2754068, 25.1886723], [55.2753635, 25.1886533], [55.2754061, 25.1885742], [55.2753801, 25.1885627], [55.2753957, 25.1885337], [55.2753667, 25.1885209], [55.2753882, 25.1884809], [55.2754061, 25.1884888], [55.2754402, 25.1884254], [55.2755138, 25.1884579], [55.2755425, 25.1884046], [55.2756034, 25.1884315], [55.2755906, 25.1884553], [55.2756049, 25.1884616], [55.2756201, 25.1884334], [55.2758187, 25.1885209], [55.2758081, 25.1885405], [55.2758396, 25.1885544], [55.2758281, 25.1885758], [55.275863, 25.1885912]]]}}, {"type": "Feature", "properties": {"status": "existing", "bHeight": 12.0, "name": "", "levels": ""}, "geometry": {"type": "Polygon", "coordinates": [[[55.2752237, 25.1886357], [55.2751365, 25.1887438], [55.2751862, 25.1887766], [55.2751469, 25.1888253], [55.2751044, 25.1887972], [55.2750198, 25.1888997], [55.2747553, 25.1887289], [55.2747678, 25.1887134], [55.2747337, 25.1886909], [55.2748141, 25.1885912], [55.2748685, 25.1886271], [55.2749928, 25.1884729], [55.2751056, 25.1885473], [55.2751455, 25.1884978], [55.2752186, 25.188546], [55.2752005, 25.1885684], [55.2752264, 25.1885855], [55.275199, 25.1886194], [55.2752237, 25.1886357]]]}}, {"type": "Feature", "properties": {"status": "existing", "bHeight": 20.0, "name": "Miska 1", "levels": "4"}, "geometry": {"type": "Polygon", "coordinates": [[[55.2760986, 25.1892084], [55.276033, 25.1891828], [55.2760213, 25.1892074], [55.2759226, 25.1891689], [55.2759344, 25.1891439], [55.2758308, 25.1891035], [55.2758515, 25.1890599], [55.2758851, 25.189073], [55.2759087, 25.1890234], [55.2758805, 25.1890124], [55.2759076, 25.1889554], [55.2759255, 25.1889624], [55.2759554, 25.1888997], [55.2759815, 25.1889099], [55.2759733, 25.1889272], [55.276087, 25.1889717], [55.2760779, 25.1889907], [55.27615, 25.1890188], [55.2761376, 25.1890448], [55.2761749, 25.1890594], [55.2761427, 25.1891267], [55.2761043, 25.1891117], [55.2760979, 25.189125], [55.276132, 25.1891383], [55.2760986, 25.1892084]]]}}, {"type": "Feature", "properties": {"status": "existing", "bHeight": 30.0, "name": "Zanzebeel 2", "levels": "4"}, "geometry": {"type": "Polygon", "coordinates": [[[55.2744999, 25.1886517], [55.2745263, 25.1886753], [55.274542, 25.1886608], [55.2745867, 25.1887005], [55.2745989, 25.1886892], [55.2746423, 25.1887277], [55.2746126, 25.1887551], [55.2746305, 25.1887711], [55.2745918, 25.1888067], [55.2745706, 25.1887878], [55.2745401, 25.1888159], [55.2745635, 25.1888366], [55.2744945, 25.1889002], [55.274475, 25.1888828], [55.2744573, 25.1888992], [55.2744662, 25.1889168], [55.2743659, 25.1889838], [55.2743825, 25.1890042], [55.2743319, 25.189038], [55.2743178, 25.1890207], [55.2742432, 25.1890705], [55.2742255, 25.1890593], [55.2741052, 25.1891282], [55.2741069, 25.1891458], [55.2739952, 25.1892077], [55.2739835, 25.1891906], [55.2739628, 25.1892022], [55.2739334, 25.1891597], [55.2739566, 25.1891464], [55.2739257, 25.1891025], [55.2739064, 25.1891136], [55.273872, 25.1890654], [55.273939, 25.1890261], [55.2739253, 25.189007], [55.2739777, 25.188976], [55.2739884, 25.1890017], [55.274016, 25.1889855], [55.2740249, 25.1889979], [55.2740733, 25.1889696], [55.274068, 25.188952], [55.2741345, 25.1889007], [55.2741454, 25.1889122], [55.2742217, 25.1888524], [55.2742355, 25.1888666], [55.2742817, 25.1888297], [55.2743487, 25.18877], [55.2743362, 25.1887586], [55.2743723, 25.1887257], [55.2743961, 25.188747], [55.2744999, 25.1886517]]]}}, {"type": "Feature", "properties": {"status": "existing", "bHeight": 12.0, "name": "", "levels": ""}, "geometry": {"type": "Polygon", "coordinates": [[[55.2737881, 25.1897419], [55.2739803, 25.1896475], [55.2740052, 25.1896889], [55.2739372, 25.1897223], [55.2739474, 25.1897392], [55.2738231, 25.1898003], [55.2737881, 25.1897419]]]}}, {"type": "Feature", "properties": {"status": "existing", "bHeight": 31.8, "name": "Zanzebeel 4", "levels": "9", "height_source": "osm_geom", "height_basis": "osm levels 9 · 100% of this footprint"}, "geometry": {"type": "Polygon", "coordinates": [[[55.2742806, 25.1896209], [55.2743383, 25.1896131], [55.274335, 25.1895928], [55.2744553, 25.1895765], [55.2744515, 25.1895535], [55.2745158, 25.1895448], [55.2745004, 25.1894515], [55.2744689, 25.1894558], [55.2744681, 25.1894507], [55.2745064, 25.1894457], [55.2744927, 25.1893602], [55.274464, 25.1893639], [55.2744592, 25.189334], [55.2744076, 25.1893407], [55.2744048, 25.189323], [55.2743329, 25.1893323], [55.2743363, 25.189354], [55.2742711, 25.1893624], [55.2742679, 25.1893419], [55.2742079, 25.1893496], [55.2742157, 25.1893992], [55.2741869, 25.1894029], [55.2741948, 25.1894526], [55.2742229, 25.1894489], [55.2742271, 25.1894755], [55.2742551, 25.1894718], [55.2742669, 25.1895454], [55.274245, 25.1895483], [55.2742469, 25.1895601], [55.2742701, 25.189557], [55.2742806, 25.1896209]]]}}, {"type": "Feature", "properties": {"status": "existing", "bHeight": 40.0, "name": "", "levels": "9"}, "geometry": {"type": "Polygon", "coordinates": [[[55.2753982, 25.1894449], [55.2754134, 25.1894188], [55.2754511, 25.1894368], [55.2754681, 25.1894077], [55.2754763, 25.1894116], [55.2754947, 25.18938], [55.2755061, 25.1893854], [55.2755278, 25.1893481], [55.2755163, 25.1893426], [55.2755347, 25.1893111], [55.2755436, 25.1893153], [55.2755616, 25.1892843], [55.2755712, 25.1892889], [55.2755926, 25.1892521], [55.2755393, 25.1892267], [55.2755521, 25.1892047], [55.2755043, 25.1891819], [55.2754707, 25.1891659], [55.2754251, 25.1891441], [55.2754155, 25.1891605], [55.2753706, 25.189139], [55.2753545, 25.1891666], [55.2753374, 25.1891584], [55.2753163, 25.1891946], [55.2753362, 25.1892041], [55.2753114, 25.1892465], [55.2752936, 25.189238], [55.2752587, 25.1892981], [55.2752965, 25.1893162], [55.2752656, 25.1893693], [55.2753089, 25.18939], [55.2753357, 25.1894027], [55.2753695, 25.1894189], [55.2753639, 25.1894285], [55.2753982, 25.1894449]]]}}, {"type": "Feature", "properties": {"status": "existing", "bHeight": 12.0, "name": "", "levels": ""}, "geometry": {"type": "Polygon", "coordinates": [[[55.2763355, 25.1890428], [55.2762681, 25.1891202], [55.2762143, 25.1890819], [55.2762817, 25.1890044], [55.2763355, 25.1890428]]]}}, {"type": "Feature", "properties": {"status": "existing", "bHeight": 12.0, "name": "", "levels": ""}, "geometry": {"type": "Polygon", "coordinates": [[[55.2762029, 25.1892069], [55.2760985, 25.1893381], [55.2760517, 25.1893075], [55.2761561, 25.1891764], [55.2762029, 25.1892069]]]}}, {"type": "Feature", "properties": {"status": "existing", "bHeight": 25.0, "name": "Kamoon 1", "levels": "5"}, "geometry": {"type": "Polygon", "coordinates": [[[55.2758235, 25.1894283], [55.2758124, 25.1894463], [55.275895, 25.1894882], [55.2758844, 25.1895052], [55.275925, 25.1895259], [55.2758974, 25.1895699], [55.2758768, 25.1895593], [55.2758201, 25.1896489], [55.2758386, 25.1896586], [55.2758074, 25.1897076], [55.2757939, 25.1897005], [55.2757499, 25.1897692], [55.2757172, 25.1898689], [55.2757375, 25.1898743], [55.2757214, 25.1899244], [55.275684, 25.1899145], [55.2756627, 25.1899803], [55.2756802, 25.1899791], [55.2756572, 25.1900509], [55.2756733, 25.1900551], [55.2756627, 25.1900882], [55.2756419, 25.1900827], [55.2756221, 25.1901444], [55.2755902, 25.190136], [55.2755843, 25.1901543], [55.275515, 25.1901359], [55.2755101, 25.1901509], [55.2754692, 25.1901399], [55.2754748, 25.1901229], [55.275423, 25.1901088], [55.2754405, 25.1900563], [55.275483, 25.1900679], [55.2755016, 25.1900126], [55.2754783, 25.1900061], [55.2754881, 25.1899776], [55.2754756, 25.189974], [55.2754883, 25.1899384], [55.2755105, 25.1899449], [55.275525, 25.1899049], [55.2755004, 25.1898975], [55.2755247, 25.1898322], [55.2755419, 25.1897931], [55.2755204, 25.1897852], [55.2755269, 25.1897709], [55.275573, 25.1897882], [55.2756057, 25.1897171], [55.2755864, 25.1897098], [55.2755874, 25.1897078], [55.2755996, 25.189713], [55.2756154, 25.1896831], [55.2756337, 25.1896911], [55.2756948, 25.1895778], [55.2757129, 25.1895858], [55.2757492, 25.1895199], [55.2757329, 25.1895125], [55.2757705, 25.1894456], [55.2758023, 25.1894603], [55.2758212, 25.1894271], [55.2758235, 25.1894283]]]}}, {"type": "Feature", "properties": {"status": "existing", "bHeight": 12.0, "name": "", "levels": ""}, "geometry": {"type": "Polygon", "coordinates": [[[55.2756178, 25.1902095], [55.2755593, 25.1904027], [55.2754867, 25.1903846], [55.2755452, 25.1901915], [55.2756178, 25.1902095]]]}}, {"type": "Feature", "properties": {"status": "existing", "bHeight": 30.0, "name": "Kamoon 4", "levels": "6"}, "geometry": {"type": "Polygon", "coordinates": [[[55.2753977, 25.1902864], [55.2753876, 25.1903193], [55.2754314, 25.1903303], [55.275408, 25.1904065], [55.2753894, 25.1904019], [55.2753776, 25.1904406], [55.2753676, 25.1904381], [55.2753529, 25.1904869], [55.2752799, 25.1904688], [55.2752723, 25.1904941], [55.2752078, 25.1904782], [55.2752157, 25.1904522], [55.275092, 25.1904217], [55.2750997, 25.1903962], [55.2751196, 25.1904011], [55.275141, 25.1903302], [55.2751117, 25.190323], [55.275118, 25.1903022], [55.2750985, 25.1902973], [55.2751109, 25.1902561], [55.2751396, 25.1902632], [55.2751594, 25.1901978], [55.2752076, 25.1902098], [55.2752029, 25.1902252], [55.2752351, 25.1902332], [55.275231, 25.1902465], [55.2752663, 25.1902553], [55.2752797, 25.1902408], [55.2753262, 25.1902525], [55.2753216, 25.1902673], [55.2753977, 25.1902864]]]}}, {"type": "Feature", "properties": {"status": "existing", "bHeight": 30.0, "name": "Hotel Boulevard", "levels": "", "height_source": "osm_geom", "height_basis": "osm height · 98% of this footprint"}, "geometry": {"type": "Polygon", "coordinates": [[[55.2747907, 25.1898275], [55.2749355, 25.1903312], [55.274776, 25.1903673], [55.2747458, 25.1902639], [55.2746862, 25.1902798], [55.2746218, 25.1900563], [55.2745552, 25.190072], [55.2745701, 25.1901242], [55.2744485, 25.1901525], [55.2744339, 25.1901014], [55.2743595, 25.190119], [55.2744503, 25.1904358], [55.2744551, 25.1904602], [55.2743267, 25.1904903], [55.2743085, 25.1904401], [55.2742599, 25.1904512], [55.2742293, 25.19036], [55.2741064, 25.1899978], [55.2743885, 25.1899197], [55.2743834, 25.1899012], [55.2743645, 25.1898349], [55.2744399, 25.1898174], [55.2744596, 25.1898867], [55.2744642, 25.1899027], [55.2747907, 25.1898275]]]}}, {"type": "Feature", "properties": {"status": "existing", "bHeight": 12.0, "name": "", "levels": ""}, "geometry": {"type": "Polygon", "coordinates": [[[55.2740421, 25.189617], [55.274077, 25.1896792], [55.2741444, 25.1896483], [55.2741095, 25.1895861], [55.2740421, 25.189617]]]}}, {"type": "Feature", "properties": {"status": "existing", "bHeight": 828.0, "name": "برج خليفة", "levels": "244"}, "geometry": {"type": "Polygon", "coordinates": [[[55.2739803, 25.1970529], [55.2739625, 25.1965874], [55.2740688, 25.1963681], [55.2741076, 25.1964218], [55.2742125, 25.1965671], [55.2742866, 25.1970353], [55.274295, 25.1970319], [55.2743095, 25.1969443], [55.2743524, 25.1969537], [55.2743922, 25.1969709], [55.2744273, 25.1969951], [55.2744562, 25.1970253], [55.2744776, 25.1970602], [55.2744908, 25.1970984], [55.274495, 25.1971381], [55.2744901, 25.1971778], [55.2743974, 25.1971596], [55.2743936, 25.1971665], [55.2748283, 25.1973479], [55.2749989, 25.1975308], [55.2747383, 25.19756], [55.2742704, 25.1974222], [55.2742687, 25.1974305], [55.2743406, 25.1974857], [55.274304, 25.1975165], [55.2742609, 25.1975393], [55.2742133, 25.1975531], [55.2741635, 25.1975571], [55.2741139, 25.1975512], [55.274067, 25.1975357], [55.2740249, 25.1975113], [55.2740938, 25.1974426], [55.2740902, 25.1974351], [55.2736892, 25.1976683], [55.2734274, 25.1977023], [55.2735383, 25.1974869], [55.2739087, 25.1972036], [55.2739002, 25.1971968], [55.2738159, 25.1972311], [55.2738023, 25.1971919], [55.2737985, 25.1971509], [55.2738046, 25.1971102], [55.2738208, 25.1970718], [55.2738415, 25.1970359], [55.2738704, 25.1970049], [55.2739061, 25.1969804], [55.2739468, 25.1969636], [55.27397, 25.1970478], [55.2739803, 25.1970529]]]}}, {"type": "Feature", "properties": {"status": "existing", "bHeight": 80.0, "name": "HSBC Tower", "levels": "", "height_source": "osm_geom", "height_basis": "osm height · 41% of this footprint"}, "geometry": {"type": "Polygon", "coordinates": [[[55.2731895, 25.202561], [55.2733996, 25.2025026], [55.273627, 25.2023756], [55.273671, 25.2023057], [55.2736328, 25.202229], [55.273696, 25.2021992], [55.2736809, 25.2021743], [55.2737332, 25.202148], [55.2735224, 25.2017708], [55.2733937, 25.2018292], [55.2733182, 25.2016826], [55.2730286, 25.2018235], [55.2729129, 25.2018797], [55.2729463, 25.2019472], [55.2728737, 25.2019819], [55.2731895, 25.202561]]]}}, {"type": "Feature", "properties": {"status": "existing", "bHeight": 179.0, "name": "Vida Dubai Mall", "levels": "7", "height_source": "osm_geom", "height_basis": "osm levels 55 (stated height implausible for the floor count) · 15% of this footprint"}, "geometry": {"type": "Polygon", "coordinates": [[[55.2844925, 25.1969747], [55.2842328, 25.1965689], [55.2841121, 25.19661], [55.2840242, 25.1966063], [55.2839226, 25.1965327], [55.283857, 25.1964243], [55.283897, 25.1962907], [55.2838789, 25.1962329], [55.2837254, 25.1960169], [55.2836078, 25.1958515], [55.2830445, 25.1961887], [55.2838905, 25.1973145], [55.2844925, 25.1969747]]]}}, {"type": "Feature", "properties": {"status": "existing", "bHeight": 80.0, "name": "Dunya Tower", "levels": "3", "height_source": "osm_geom", "height_basis": "osm height · 28% of this footprint"}, "geometry": {"type": "Polygon", "coordinates": [[[55.2836254, 25.1945344], [55.2831906, 25.1947947], [55.2830277, 25.1947681], [55.2829958, 25.1947246], [55.2828179, 25.1944815], [55.2832163, 25.1941498], [55.2836254, 25.1945344]]]}}, {"type": "Feature", "properties": {"status": "existing", "bHeight": 12.0, "name": "One Residence", "levels": ""}, "geometry": {"type": "Polygon", "coordinates": [[[55.2848442, 25.1942209], [55.2850183, 25.1943509], [55.2852951, 25.1944157], [55.285878, 25.1938941], [55.2859204, 25.1937409], [55.2858292, 25.1935523], [55.2857155, 25.1935287], [55.2848442, 25.1942209]]]}}, {"type": "Feature", "properties": {"status": "existing", "bHeight": 12.0, "name": "Vizir Downtown", "levels": ""}, "geometry": {"type": "Polygon", "coordinates": [[[55.2830448, 25.1929557], [55.2826576, 25.1927941], [55.2823977, 25.1926468], [55.283106, 25.1921063], [55.2834858, 25.1925147], [55.2830448, 25.1929557]]]}}, {"type": "Feature", "properties": {"status": "existing", "bHeight": 153.4, "name": "The Dubai EDITION", "levels": "4", "height_source": "osm_geom", "height_basis": "osm levels 47 (stated height implausible for the floor count) · 44% of this footprint"}, "geometry": {"type": "Polygon", "coordinates": [[[55.2802757, 25.1922398], [55.2808018, 25.1919162], [55.2809233, 25.1919312], [55.2808551, 25.1923275], [55.2806505, 25.1924617], [55.2804116, 25.192434], [55.2802757, 25.1922398]]]}}, {"type": "Feature", "properties": {"status": "existing", "bHeight": 210.0, "name": "Burj Royale", "levels": "5", "height_source": "osm_geom", "height_basis": "osm height · 21% of this footprint"}, "geometry": {"type": "Polygon", "coordinates": [[[55.2802169, 25.1921818], [55.2797261, 25.1915195], [55.2802286, 25.1912185], [55.2808556, 25.1917687], [55.2802169, 25.1921818]]]}}, {"type": "Feature", "properties": {"status": "existing", "bHeight": 12.0, "name": "Fountain Substation", "levels": ""}, "geometry": {"type": "Polygon", "coordinates": [[[55.2682409, 25.1952219], [55.2684144, 25.195121], [55.2686833, 25.1954995], [55.2685099, 25.1956004], [55.2682409, 25.1952219]]]}}, {"type": "Feature", "properties": {"status": "existing", "bHeight": 12.0, "name": "", "levels": ""}, "geometry": {"type": "Polygon", "coordinates": [[[55.2852567, 25.1964749], [55.2858352, 25.1961735], [55.285766, 25.1960648], [55.2858417, 25.1960254], [55.2857864, 25.1959384], [55.2854736, 25.1961013], [55.2855008, 25.196144], [55.2851593, 25.1963219], [55.2852567, 25.1964749]]]}}, {"type": "Feature", "properties": {"status": "existing", "bHeight": 12.0, "name": "", "levels": ""}, "geometry": {"type": "Polygon", "coordinates": [[[55.2851346, 25.1964097], [55.2852151, 25.1965275], [55.2851457, 25.1965664], [55.2850651, 25.1964486], [55.2851346, 25.1964097]]]}}, {"type": "Feature", "properties": {"status": "existing", "bHeight": 12.0, "name": "", "levels": ""}, "geometry": {"type": "Polygon", "coordinates": [[[55.2856918, 25.1957446], [55.2855658, 25.1957236], [55.2855778, 25.1956648], [55.2857038, 25.1956858], [55.2856918, 25.1957446]]]}}, {"type": "Feature", "properties": {"status": "existing", "bHeight": 12.0, "name": "", "levels": ""}, "geometry": {"type": "Polygon", "coordinates": [[[55.285032, 25.1964008], [55.2850936, 25.1963701], [55.2851096, 25.1963964], [55.285048, 25.1964271], [55.285032, 25.1964008]]]}}, {"type": "Feature", "properties": {"status": "existing", "bHeight": 12.0, "name": "", "levels": ""}, "geometry": {"type": "Polygon", "coordinates": [[[55.2857202, 25.1957655], [55.2857456, 25.1957513], [55.2857869, 25.1958119], [55.2857614, 25.195826], [55.2857202, 25.1957655]]]}}, {"type": "Feature", "properties": {"status": "existing", "bHeight": 12.0, "name": "", "levels": ""}, "geometry": {"type": "Polygon", "coordinates": [[[55.2847064, 25.1956333], [55.2849702, 25.1955027], [55.2849043, 25.1953938], [55.284877, 25.1954073], [55.284772, 25.1952339], [55.2845042, 25.1953666], [55.2845599, 25.1954587], [55.2845913, 25.1954431], [55.2847064, 25.1956333]]]}}, {"type": "Feature", "properties": {"status": "existing", "bHeight": 12.0, "name": "", "levels": ""}, "geometry": {"type": "Polygon", "coordinates": [[[55.2849298, 25.1952386], [55.2849362, 25.1952444], [55.2849401, 25.1952519], [55.284941, 25.1952601], [55.2849387, 25.1952681], [55.2849335, 25.1952749], [55.2849261, 25.1952797], [55.2849173, 25.195282], [55.284909, 25.1952816], [55.2849013, 25.1952788], [55.2848949, 25.195274], [55.2848904, 25.1952677], [55.2848883, 25.1952604], [55.2848889, 25.1952529], [55.284892, 25.1952459], [55.2848973, 25.1952402], [55.2849044, 25.1952362], [55.2849124, 25.1952344], [55.2849215, 25.1952351], [55.2849298, 25.1952386]]]}}, {"type": "Feature", "properties": {"status": "existing", "bHeight": 12.0, "name": "", "levels": ""}, "geometry": {"type": "Polygon", "coordinates": [[[55.2849032, 25.1951885], [55.2849096, 25.1951943], [55.2849135, 25.1952018], [55.2849143, 25.19521], [55.284912, 25.195218], [55.2849069, 25.1952248], [55.2848995, 25.1952296], [55.2848907, 25.1952319], [55.2848824, 25.1952315], [55.2848747, 25.1952287], [55.2848682, 25.1952239], [55.2848638, 25.1952176], [55.2848617, 25.1952103], [55.2848623, 25.1952028], [55.2848653, 25.1951958], [55.2848707, 25.1951901], [55.2848777, 25.1951861], [55.2848858, 25.1951843], [55.2848949, 25.195185], [55.2849032, 25.1951885]]]}}, {"type": "Feature", "properties": {"status": "existing", "bHeight": 44.0, "name": "دار دبي للأوبرا", "levels": "5"}, "geometry": {"type": "Polygon", "coordinates": [[[55.2724839, 25.1957235], [55.2723944, 25.1957858], [55.2723002, 25.1958423], [55.2722019, 25.1958927], [55.2720999, 25.1959367], [55.2719948, 25.1959741], [55.271887, 25.1960048], [55.2717771, 25.1960285], [55.2716656, 25.1960453], [55.2714872, 25.1960501], [55.2714424, 25.1959798], [55.2714044, 25.1959063], [55.2713766, 25.1958287], [55.27135, 25.1957519], [55.271334, 25.195672], [55.2713256, 25.1955912], [55.271325, 25.1955101], [55.2714121, 25.195447], [55.2714849, 25.1954066], [55.2715611, 25.1953719], [55.2716404, 25.1953432], [55.271722, 25.1953207], [55.2718055, 25.1953045], [55.2718901, 25.1952948], [55.2719754, 25.1952916], [55.2720773, 25.1952977], [55.2721784, 25.1953102], [55.2722784, 25.1953292], [55.2723766, 25.1953545], [55.2724726, 25.195386], [55.2725896, 25.1954446], [55.2726164, 25.1954722], [55.2726336, 25.1955055], [55.2726399, 25.1955419], [55.2726348, 25.1955783], [55.2726187, 25.1956121], [55.2725928, 25.1956404], [55.2724839, 25.1957235]]]}}, {"type": "Feature", "properties": {"status": "existing", "bHeight": 150.0, "name": "Burj Residences 8", "levels": "35"}, "geometry": {"type": "Polygon", "coordinates": [[[55.2745578, 25.1915778], [55.2745621, 25.1915247], [55.2746096, 25.1915271], [55.2746216, 25.1914389], [55.2745194, 25.1914276], [55.2745241, 25.1913961], [55.2744278, 25.1913871], [55.2744311, 25.1913556], [55.2743878, 25.1913527], [55.2743841, 25.191389], [55.2743138, 25.1913834], [55.2742977, 25.1915515], [55.2745578, 25.1915778]]]}}, {"type": "Feature", "properties": {"status": "existing", "bHeight": 20.0, "name": "Tram depot", "levels": ""}, "geometry": {"type": "Polygon", "coordinates": [[[55.2756103, 25.1913632], [55.2756455, 25.1912765], [55.2756561, 25.1912449], [55.2760332, 25.1913594], [55.2760202, 25.1913936], [55.2760029, 25.1914401], [55.2759899, 25.1914748], [55.2759131, 25.1914531], [55.2758401, 25.1914375], [55.2758357, 25.1914255], [55.2758278, 25.1914156], [55.2758172, 25.1914085], [55.2758068, 25.1914048], [55.2757957, 25.1914036], [55.2757864, 25.1914045], [55.2757776, 25.1914072], [55.2757648, 25.191415], [55.2757235, 25.1914007], [55.2757182, 25.1914165], [55.275687, 25.1915112], [55.2755673, 25.1914788], [55.2756103, 25.1913632]]]}}, {"type": "Feature", "properties": {"status": "existing", "bHeight": 118.2, "name": "Mashreqbank HQ", "levels": "4", "height_source": "osm_geom", "height_basis": "osm levels 36 (stated height implausible for the floor count) · 84% of this footprint"}, "geometry": {"type": "Polygon", "coordinates": [[[55.2845253, 25.1968028], [55.2849436, 25.1965817], [55.2846421, 25.196108], [55.2842728, 25.1964121], [55.2845253, 25.1968028]]]}}, {"type": "Feature", "properties": {"status": "existing", "bHeight": 12.0, "name": "Coppasta", "levels": ""}, "geometry": {"type": "Polygon", "coordinates": [[[55.2762562, 25.1908534], [55.2762825, 25.1907936], [55.2763923, 25.190833], [55.276366, 25.1908928], [55.2762562, 25.1908534]]]}}, {"type": "Feature", "properties": {"status": "existing", "bHeight": 12.0, "name": "Karak House", "levels": ""}, "geometry": {"type": "Polygon", "coordinates": [[[55.2766294, 25.1910048], [55.2766593, 25.1909484], [55.2767736, 25.1909981], [55.2767437, 25.1910545], [55.2766294, 25.1910048]]]}}, {"type": "Feature", "properties": {"status": "existing", "bHeight": 35.0, "name": "", "levels": "10", "height_source": "osm_geom", "height_basis": "osm levels 10 · 100% of this footprint"}, "geometry": {"type": "Polygon", "coordinates": [[[55.2676892, 25.1979444], [55.2680165, 25.1977332], [55.2678513, 25.1975237], [55.2675241, 25.1977349], [55.2676892, 25.1979444]]]}}, {"type": "Feature", "properties": {"status": "existing", "bHeight": 171.0, "name": "JAM Tower", "levels": "52"}, "geometry": {"type": "Polygon", "coordinates": [[[55.2672367, 25.1982143], [55.2675152, 25.1980367], [55.267338, 25.1978091], [55.2670595, 25.1979867], [55.2672367, 25.1982143]]]}}, {"type": "Feature", "properties": {"status": "existing", "bHeight": 145.0, "name": "West South Ridge Tower 1", "levels": "40"}, "geometry": {"type": "Polygon", "coordinates": [[[55.2766836, 25.1867656], [55.2770129, 25.1867613], [55.2770137, 25.1868106], [55.276967, 25.1868112], [55.276969, 25.1869346], [55.2768693, 25.1869359], [55.2768697, 25.1869636], [55.2768159, 25.1869643], [55.2768156, 25.1869502], [55.2766866, 25.1869519], [55.2766836, 25.1867656]]]}}, {"type": "Feature", "properties": {"status": "existing", "bHeight": 12.0, "name": "", "levels": ""}, "geometry": {"type": "Polygon", "coordinates": [[[55.276969, 25.1869346], [55.2771678, 25.1869346], [55.2771667, 25.1869032], [55.2772378, 25.1869012], [55.2772392, 25.1869402], [55.2773375, 25.1869373], [55.2773364, 25.1869072], [55.2774122, 25.1869049], [55.2774135, 25.1869413], [55.2776854, 25.1869639], [55.2776935, 25.1868904], [55.277676, 25.1868888], [55.2776893, 25.1867684], [55.2778283, 25.186781], [55.2778562, 25.186672], [55.2779404, 25.186689], [55.2779556, 25.1866253], [55.2780368, 25.1866387], [55.2780915, 25.1864398], [55.2774755, 25.1863267], [55.2774752, 25.1864229], [55.2775246, 25.1864231], [55.2775244, 25.1864731], [55.2774976, 25.186473], [55.2774973, 25.1865632], [55.2774453, 25.1865631], [55.2774451, 25.1866494], [55.2773849, 25.1866492], [55.2773851, 25.1865747], [55.2772921, 25.1865745], [55.2772925, 25.1864446], [55.2772699, 25.1864445], [55.2772701, 25.1863625], [55.2773157, 25.1863626], [55.2773158, 25.1863263], [55.277091, 25.1863221], [55.2767008, 25.1863538], [55.2766817, 25.1864754], [55.2766842, 25.1865108], [55.2766735, 25.1865112], [55.27667, 25.1866102], [55.2766854, 25.1866099], [55.2766851, 25.1866332], [55.2766683, 25.1866333], [55.276669, 25.1866869], [55.2766836, 25.1866869], [55.2766836, 25.1867656], [55.2770129, 25.1867613], [55.2770137, 25.1868106], [55.276967, 25.1868112], [55.276969, 25.1869346]]]}}, {"type": "Feature", "properties": {"status": "existing", "bHeight": 125.0, "name": "West South Ridge Tower 2", "levels": "35"}, "geometry": {"type": "Polygon", "coordinates": [[[55.2774451, 25.1866494], [55.2773849, 25.1866492], [55.2773851, 25.1865747], [55.2772921, 25.1865745], [55.2772925, 25.1864446], [55.2772699, 25.1864445], [55.2772701, 25.1863625], [55.2773157, 25.1863626], [55.2773158, 25.1863263], [55.2774755, 25.1863267], [55.2774752, 25.1864229], [55.2775246, 25.1864231], [55.2775244, 25.1864731], [55.2774976, 25.186473], [55.2774973, 25.1865632], [55.2774453, 25.1865631], [55.2774451, 25.1866494]]]}}, {"type": "Feature", "properties": {"status": "existing", "bHeight": 90.0, "name": "West South Ridge Tower 3", "levels": "27"}, "geometry": {"type": "Polygon", "coordinates": [[[55.2779171, 25.1870316], [55.2778694, 25.1870273], [55.2778671, 25.1870477], [55.2778328, 25.1870446], [55.277823, 25.1871334], [55.2777613, 25.1871278], [55.2777697, 25.1870518], [55.2777527, 25.1870503], [55.2777563, 25.1870174], [55.2777312, 25.1870152], [55.2777364, 25.1869685], [55.2776854, 25.1869639], [55.2776935, 25.1868904], [55.277676, 25.1868888], [55.2776893, 25.1867684], [55.2778283, 25.186781], [55.2778217, 25.1868409], [55.2779174, 25.1868496], [55.2779024, 25.1869844], [55.2779221, 25.1869862], [55.2779171, 25.1870316]]]}}, {"type": "Feature", "properties": {"status": "existing", "bHeight": 100.0, "name": "East South Ridge Tower 4", "levels": "30"}, "geometry": {"type": "Polygon", "coordinates": [[[55.278234, 25.1872211], [55.2781733, 25.1871915], [55.2782089, 25.1871318], [55.2781794, 25.1871174], [55.278178, 25.1870837], [55.2782133, 25.1870263], [55.2782295, 25.1870335], [55.278295, 25.1869171], [55.2784513, 25.1869935], [55.2784231, 25.1870394], [55.2784427, 25.1870492], [55.2783894, 25.1871359], [55.2783606, 25.1871214], [55.2783321, 25.1871678], [55.2783262, 25.1871778], [55.2782748, 25.1871527], [55.278234, 25.1872211]]]}}, {"type": "Feature", "properties": {"status": "existing", "bHeight": 125.0, "name": "East South Ridge Tower 5", "levels": "35"}, "geometry": {"type": "Polygon", "coordinates": [[[55.278842, 25.1872385], [55.2787488, 25.1871575], [55.2787742, 25.1871336], [55.2787099, 25.1870778], [55.278775, 25.1870165], [55.2787919, 25.1870312], [55.2788481, 25.1869782], [55.2788233, 25.1869567], [55.278891, 25.186893], [55.2789303, 25.1869272], [55.2789574, 25.1869016], [55.2790225, 25.1869582], [55.2790007, 25.1869787], [55.2790542, 25.1870251], [55.2790254, 25.1870522], [55.2790627, 25.1870847], [55.2789532, 25.1871878], [55.2789233, 25.1871619], [55.278842, 25.1872385]]]}}, {"type": "Feature", "properties": {"status": "existing", "bHeight": 12.0, "name": "", "levels": ""}, "geometry": {"type": "Polygon", "coordinates": [[[55.2787099, 25.1870778], [55.2787742, 25.1871336], [55.2787488, 25.1871575], [55.278842, 25.1872385], [55.2789233, 25.1871619], [55.2789532, 25.1871878], [55.2790627, 25.1870847], [55.2793148, 25.1872837], [55.2794173, 25.1874038], [55.2793932, 25.187535], [55.2792013, 25.1876675], [55.2791474, 25.1876024], [55.2791291, 25.1876148], [55.2789668, 25.1874187], [55.278869, 25.1874851], [55.2788866, 25.1875063], [55.278826, 25.1875474], [55.2787157, 25.1875568], [55.2786953, 25.18754], [55.2786681, 25.187567], [55.2786444, 25.1875475], [55.2786549, 25.1875371], [55.2786061, 25.1874969], [55.2786257, 25.1874775], [55.2785706, 25.187432], [55.2785543, 25.1874481], [55.2784935, 25.187398], [55.2785111, 25.1873805], [55.2784315, 25.1873156], [55.2784176, 25.1873287], [55.2783488, 25.1872692], [55.2783627, 25.187256], [55.2783436, 25.1872422], [55.2783807, 25.1872029], [55.2784118, 25.1871675], [55.2783894, 25.1871359], [55.2784427, 25.1870492], [55.2784231, 25.1870394], [55.2784513, 25.1869935], [55.278295, 25.1869171], [55.2783347, 25.1868319], [55.2782822, 25.1868009], [55.2783181, 25.1867329], [55.2782735, 25.1867121], [55.2783823, 25.1865351], [55.278683, 25.1866925], [55.2786578, 25.1867672], [55.278891, 25.186893], [55.2788233, 25.1869567], [55.2788481, 25.1869782], [55.2787919, 25.1870312], [55.278775, 25.1870165], [55.2787099, 25.1870778]]]}}, {"type": "Feature", "properties": {"status": "existing", "bHeight": 145.0, "name": "East South Ridge Tower 6", "levels": "40"}, "geometry": {"type": "Polygon", "coordinates": [[[55.2791291, 25.1876148], [55.2791474, 25.1876024], [55.2792013, 25.1876675], [55.2790218, 25.1877891], [55.2789605, 25.1877151], [55.27895, 25.1877222], [55.2789128, 25.1876773], [55.2789261, 25.1876683], [55.278826, 25.1875474], [55.2788866, 25.1875063], [55.278869, 25.1874851], [55.2789668, 25.1874187], [55.2791291, 25.1876148]]]}}, {"type": "Feature", "properties": {"status": "existing", "bHeight": 100.0, "name": "Claren Tower 2", "levels": "24"}, "geometry": {"type": "Polygon", "coordinates": [[[55.2716991, 25.1910145], [55.2716295, 25.1910513], [55.2716173, 25.1910323], [55.2715739, 25.1910552], [55.2715528, 25.1910226], [55.2715057, 25.1910476], [55.2713871, 25.1908639], [55.2714057, 25.1908541], [55.2713763, 25.1908087], [55.2715177, 25.1907339], [55.271538, 25.1907655], [55.2715775, 25.1907446], [55.2716913, 25.1909207], [55.2716663, 25.1909339], [55.2716903, 25.1909711], [55.271676, 25.1909787], [55.2716991, 25.1910145]]]}}, {"type": "Feature", "properties": {"status": "existing", "bHeight": 100.0, "name": "Claren Tower 1", "levels": "24"}, "geometry": {"type": "Polygon", "coordinates": [[[55.2725162, 25.1906292], [55.2724409, 25.1906581], [55.2724292, 25.1906331], [55.2723855, 25.1906499], [55.2723675, 25.1906116], [55.2723269, 25.1906272], [55.272236, 25.1904332], [55.2722676, 25.190421], [55.2722467, 25.1903763], [55.2723986, 25.190318], [55.2724179, 25.1903591], [55.2724498, 25.1903468], [55.272538, 25.1905349], [55.2725008, 25.1905491], [55.2725185, 25.190587], [55.2724998, 25.1905942], [55.2725162, 25.1906292]]]}}, {"type": "Feature", "properties": {"status": "existing", "bHeight": 144.0, "name": "8 Boulevard Walk", "levels": "35"}, "geometry": {"type": "Polygon", "coordinates": [[[55.2701321, 25.1911192], [55.2701719, 25.1911597], [55.2700261, 25.1912942], [55.2699841, 25.1912606], [55.2699413, 25.191295], [55.2698917, 25.1912631], [55.2698631, 25.1912425], [55.2698088, 25.1912028], [55.2697545, 25.1911537], [55.2697202, 25.1911192], [55.2696916, 25.1910795], [55.2699358, 25.1908668], [55.2699971, 25.1909059], [55.2700469, 25.1909449], [55.2700817, 25.1909794], [55.2701298, 25.1910305], [55.2701763, 25.191083], [55.2701321, 25.1911192]]]}}, {"type": "Feature", "properties": {"status": "existing", "bHeight": 100.0, "name": "Boulevard Central Tower 1", "levels": "24"}, "geometry": {"type": "Polygon", "coordinates": [[[55.2738478, 25.1915817], [55.2737224, 25.191613], [55.2737153, 25.1915896], [55.2736179, 25.1916139], [55.2735089, 25.1912553], [55.2737316, 25.1911998], [55.2738478, 25.1915817]]]}}, {"type": "Feature", "properties": {"status": "existing", "bHeight": 100.0, "name": "Boulevard Central Tower 2", "levels": "24"}, "geometry": {"type": "Polygon", "coordinates": [[[55.2732089, 25.1918149], [55.2730902, 25.1914038], [55.2732952, 25.1913553], [55.2734172, 25.1917777], [55.273334, 25.1917974], [55.2733307, 25.1917861], [55.2732089, 25.1918149]]]}}, {"type": "Feature", "properties": {"status": "existing", "bHeight": 100.0, "name": "Boulevard Central", "levels": "29"}, "geometry": {"type": "Polygon", "coordinates": [[[55.2731096, 25.191881], [55.2728383, 25.1913645], [55.273313, 25.1912409], [55.2735758, 25.1911861], [55.2737635, 25.1911495], [55.2738198, 25.1911428], [55.2738677, 25.1911729], [55.2738841, 25.1911982], [55.2738905, 25.1912367], [55.2739083, 25.191573], [55.2734316, 25.1917172], [55.2734601, 25.1917956], [55.2731096, 25.191881]]]}}, {"type": "Feature", "properties": {"status": "existing", "bHeight": 185.0, "name": "29 Boulevard", "levels": "54"}, "geometry": {"type": "Polygon", "coordinates": [[[55.2728086, 25.1913768], [55.2726516, 25.1914526], [55.2724725, 25.1915363], [55.2723136, 25.1916173], [55.2721606, 25.1917009], [55.2719844, 25.1918107], [55.2718602, 25.1918865], [55.2717851, 25.1919466], [55.271736, 25.1920015], [55.27171, 25.1920616], [55.27171, 25.1921139], [55.2717475, 25.1922001], [55.2718053, 25.192255], [55.2718977, 25.1923073], [55.2720364, 25.1923622], [55.2721028, 25.1923805], [55.272458, 25.1922053], [55.2723714, 25.1920642], [55.2726111, 25.1919388], [55.2727267, 25.1921008], [55.2730545, 25.1919113], [55.2728086, 25.1913768]]]}}, {"type": "Feature", "properties": {"status": "existing", "bHeight": 185.0, "name": "29 Boulevard Tower 1", "levels": "42"}, "geometry": {"type": "Polygon", "coordinates": [[[55.2723303, 25.1922233], [55.2721885, 25.1922901], [55.2721503, 25.1922237], [55.2721314, 25.1922325], [55.2720958, 25.1921706], [55.2720635, 25.1921858], [55.2720134, 25.1920987], [55.2720441, 25.1920842], [55.2720038, 25.1920142], [55.272048, 25.1919934], [55.2720324, 25.1919664], [55.2721196, 25.1919253], [55.2721348, 25.1919517], [55.2721965, 25.1919227], [55.2722243, 25.1919709], [55.272244, 25.1919616], [55.2722626, 25.1919939], [55.2722433, 25.192003], [55.2722811, 25.1920688], [55.2723042, 25.1920579], [55.2723241, 25.1920924], [55.2723011, 25.1921033], [55.2723166, 25.1921303], [55.2722854, 25.1921451], [55.2723303, 25.1922233]]]}}, {"type": "Feature", "properties": {"status": "existing", "bHeight": 185.0, "name": "29 Boulevard Tower 2", "levels": "43"}, "geometry": {"type": "Polygon", "coordinates": [[[55.273001, 25.1918765], [55.2728693, 25.1919586], [55.2728224, 25.1918969], [55.2728049, 25.1919078], [55.272761, 25.1918503], [55.2727311, 25.191869], [55.2726695, 25.1917882], [55.272698, 25.1917704], [55.2726484, 25.1917054], [55.2726894, 25.1916798], [55.2726703, 25.1916547], [55.2727513, 25.1916042], [55.27277, 25.1916288], [55.2728272, 25.1915931], [55.2728614, 25.1916378], [55.2728796, 25.1916264], [55.2729025, 25.1916564], [55.2728845, 25.1916676], [55.2729311, 25.1917287], [55.2729525, 25.1917153], [55.2729769, 25.1917473], [55.2729556, 25.1917606], [55.2729747, 25.1917857], [55.2729457, 25.1918038], [55.273001, 25.1918765]]]}}, {"type": "Feature", "properties": {"status": "existing", "bHeight": 25.0, "name": "", "levels": "5"}, "geometry": {"type": "Polygon", "coordinates": [[[55.2743146, 25.1912754], [55.2743222, 25.191119], [55.2749272, 25.191143], [55.274926, 25.191168], [55.2749491, 25.1911689], [55.2749477, 25.1912585], [55.2748974, 25.1912565], [55.2748955, 25.1912944], [55.2747981, 25.1912905], [55.2747998, 25.1912564], [55.2746804, 25.1912516], [55.274679, 25.1912816], [55.2745847, 25.1912778], [55.2745861, 25.1912479], [55.2744631, 25.191243], [55.2744612, 25.1912812], [55.2743146, 25.1912754]]]}}, {"type": "Feature", "properties": {"status": "existing", "bHeight": 12.0, "name": "", "levels": ""}, "geometry": {"type": "Polygon", "coordinates": [[[55.2742199, 25.1917446], [55.2743131, 25.1915933], [55.2744343, 25.191647], [55.2743386, 25.191809], [55.2742199, 25.1917446]]]}}, {"type": "Feature", "properties": {"status": "existing", "bHeight": 12.0, "name": "", "levels": ""}, "geometry": {"type": "Polygon", "coordinates": [[[55.2743386, 25.191809], [55.2744207, 25.1918487], [55.2744231, 25.1918382], [55.2745131, 25.1916792], [55.2744343, 25.191647], [55.2743386, 25.191809]]]}}, {"type": "Feature", "properties": {"status": "existing", "bHeight": 12.0, "name": "", "levels": ""}, "geometry": {"type": "Polygon", "coordinates": [[[55.2744231, 25.1918382], [55.2744931, 25.1918775], [55.2745926, 25.191716], [55.2745131, 25.1916792], [55.2744231, 25.1918382]]]}}, {"type": "Feature", "properties": {"status": "existing", "bHeight": 12.0, "name": "", "levels": ""}, "geometry": {"type": "Polygon", "coordinates": [[[55.2744931, 25.1918775], [55.2745765, 25.1919196], [55.2746724, 25.1917518], [55.2746832, 25.1917464], [55.2745998, 25.1917043], [55.2745926, 25.191716], [55.2744931, 25.1918775]]]}}, {"type": "Feature", "properties": {"status": "existing", "bHeight": 12.0, "name": "", "levels": ""}, "geometry": {"type": "Polygon", "coordinates": [[[55.2745765, 25.1919196], [55.2745691, 25.1919326], [55.2746415, 25.1919665], [55.2746497, 25.1919513], [55.2747426, 25.1917806], [55.2746724, 25.1917518], [55.2745765, 25.1919196]]]}}, {"type": "Feature", "properties": {"status": "existing", "bHeight": 12.0, "name": "", "levels": ""}, "geometry": {"type": "Polygon", "coordinates": [[[55.2746497, 25.1919513], [55.2747094, 25.1919779], [55.2748024, 25.1918072], [55.2747426, 25.1917806], [55.2746497, 25.1919513]]]}}, {"type": "Feature", "properties": {"status": "existing", "bHeight": 170.0, "name": "Burj Residences 7", "levels": "40"}, "geometry": {"type": "Polygon", "coordinates": [[[55.2749262, 25.1920797], [55.2748875, 25.1921137], [55.274806, 25.1920759], [55.2748238, 25.1920475], [55.2747381, 25.1920126], [55.2747914, 25.1919397], [55.2747559, 25.1919208], [55.2748092, 25.1918329], [55.2748343, 25.1918433], [55.2748834, 25.1917875], [55.2750265, 25.1918641], [55.2750067, 25.1919048], [55.2750213, 25.1919104], [55.2750077, 25.1919426], [55.2749879, 25.1919927], [55.2749555, 25.1920438], [55.2749262, 25.1920797]]]}}, {"type": "Feature", "properties": {"status": "existing", "bHeight": 12.0, "name": "", "levels": ""}, "geometry": {"type": "Polygon", "coordinates": [[[55.2749442, 25.1917209], [55.2750039, 25.1917367], [55.2750146, 25.1917037], [55.275067, 25.1917176], [55.2750884, 25.1916517], [55.2750363, 25.1916378], [55.2750784, 25.1915079], [55.2751331, 25.1915225], [55.27515, 25.1914705], [55.275097, 25.1914564], [55.2751099, 25.1914167], [55.2750709, 25.1914063], [55.2750586, 25.1914445], [55.2750062, 25.1914306], [55.274983, 25.1915023], [55.2750176, 25.1915115], [55.2749844, 25.191614], [55.2749457, 25.1916038], [55.2749228, 25.1916742], [55.2749564, 25.1916831], [55.2749442, 25.1917209]]]}}, {"type": "Feature", "properties": {"status": "existing", "bHeight": 125.0, "name": "Burj Residences 9", "levels": "30"}, "geometry": {"type": "Polygon", "coordinates": [[[55.2749476, 25.191266], [55.274989, 25.1912747], [55.2749931, 25.1912573], [55.2750304, 25.191266], [55.2750152, 25.1913059], [55.2750469, 25.1913297], [55.2750938, 25.1913521], [55.2751228, 25.1913596], [55.2751514, 25.1913586], [55.2751824, 25.1913534], [55.2751938, 25.1913264], [55.2751705, 25.1913199], [55.2752198, 25.191196], [55.2751582, 25.1911768], [55.2751509, 25.191191], [55.2750328, 25.1911617], [55.2750255, 25.1911778], [55.2749491, 25.1911689], [55.2749477, 25.1912585], [55.2749476, 25.191266]]]}}, {"type": "Feature", "properties": {"status": "existing", "bHeight": 125.0, "name": "Burj Residences 6", "levels": "26"}, "geometry": {"type": "Polygon", "coordinates": [[[55.2746803, 25.1925761], [55.2746168, 25.1926008], [55.2745276, 25.1926145], [55.274458, 25.1926131], [55.2744066, 25.1926076], [55.2743884, 25.1923969], [55.2746365, 25.19239], [55.2746365, 25.1924078], [55.2746758, 25.1924092], [55.2746803, 25.1925761]]]}}, {"type": "Feature", "properties": {"status": "existing", "bHeight": 12.0, "name": "", "levels": ""}, "geometry": {"type": "Polygon", "coordinates": [[[55.2742508, 25.1926678], [55.2742236, 25.1926473], [55.2740981, 25.1926774], [55.274089, 25.1927021], [55.2739892, 25.1927308], [55.2739468, 25.1926979], [55.2739196, 25.1926624], [55.2739574, 25.19265], [55.2739408, 25.1926104], [55.2740602, 25.1925802], [55.2740739, 25.1926158], [55.2742175, 25.1925748], [55.2742145, 25.1925351], [55.27434, 25.19252], [55.2743416, 25.1925597], [55.2743703, 25.1925556], [55.2743642, 25.1926186], [55.2743506, 25.19265], [55.2743053, 25.1926637], [55.2742508, 25.1926678]]]}}, {"type": "Feature", "properties": {"status": "existing", "bHeight": 160.0, "name": "Burj Residences 5", "levels": "37"}, "geometry": {"type": "Polygon", "coordinates": [[[55.2741, 25.1923471], [55.273983, 25.1923658], [55.2739762, 25.1923307], [55.2738979, 25.1923432], [55.2738758, 25.1922297], [55.2738472, 25.1922343], [55.2738225, 25.1921071], [55.2738701, 25.1920995], [55.2738664, 25.1920805], [55.2739753, 25.1920632], [55.2739791, 25.1920829], [55.2740515, 25.1920713], [55.2740613, 25.1921216], [55.2740913, 25.1921168], [55.2740976, 25.1921491], [55.2740626, 25.1921547], [55.2741, 25.1923471]]]}}, {"type": "Feature", "properties": {"status": "existing", "bHeight": 12.0, "name": "", "levels": ""}, "geometry": {"type": "Polygon", "coordinates": [[[55.2746532, 25.1923295], [55.2745388, 25.192346], [55.2745305, 25.192328], [55.2745538, 25.1923246], [55.2745481, 25.1923099], [55.2745195, 25.1923117], [55.2745109, 25.1922755], [55.2745281, 25.1922737], [55.2745185, 25.1922349], [55.27449, 25.1922367], [55.2744804, 25.1922022], [55.2744976, 25.1922013], [55.2744871, 25.1921625], [55.2744576, 25.1921616], [55.2744423, 25.1921091], [55.2744699, 25.1921082], [55.2744652, 25.1920918], [55.2744347, 25.1920918], [55.2744261, 25.1920358], [55.2745328, 25.1920418], [55.2745977, 25.192197], [55.2746532, 25.1923295]]]}}, {"type": "Feature", "properties": {"status": "existing", "bHeight": 120.0, "name": "Burj Residences 4", "levels": "26"}, "geometry": {"type": "Polygon", "coordinates": [[[55.273816, 25.1928266], [55.2737194, 25.1928653], [55.2736808, 25.1928428], [55.273667, 25.1928303], [55.2736408, 25.1928016], [55.2736284, 25.1927742], [55.2736243, 25.1927592], [55.273616, 25.1927218], [55.2736146, 25.1926856], [55.2736146, 25.1926594], [55.2736012, 25.1926334], [55.2736966, 25.1925893], [55.2737112, 25.1926145], [55.2737249, 25.1926082], [55.2737815, 25.1927131], [55.2738311, 25.1926968], [55.2738573, 25.1927605], [55.2737953, 25.1927842], [55.273816, 25.1928266]]]}}, {"type": "Feature", "properties": {"status": "existing", "bHeight": 12.0, "name": "", "levels": ""}, "geometry": {"type": "Polygon", "coordinates": [[[55.2736012, 25.1926334], [55.2734792, 25.1924172], [55.273607, 25.192362], [55.273617, 25.1923865], [55.2736419, 25.192375], [55.2737382, 25.1925457], [55.2736857, 25.19257], [55.2736966, 25.1925893], [55.2736012, 25.1926334]]]}}, {"type": "Feature", "properties": {"status": "existing", "bHeight": 12.0, "name": "", "levels": ""}, "geometry": {"type": "Polygon", "coordinates": [[[55.2734792, 25.1924172], [55.2734311, 25.192438], [55.2733525, 25.1922889], [55.2735284, 25.1922129], [55.273607, 25.192362], [55.2734792, 25.1924172]]]}}, {"type": "Feature", "properties": {"status": "existing", "bHeight": 120.0, "name": "Burj Residences 3", "levels": "26"}, "geometry": {"type": "Polygon", "coordinates": [[[55.2732122, 25.1928291], [55.2732425, 25.1928591], [55.273255, 25.19285], [55.273294, 25.1928682], [55.2733292, 25.1928921], [55.2733569, 25.1929251], [55.2733745, 25.1929604], [55.273387, 25.1930082], [55.2733895, 25.1930312], [55.2733895, 25.1930539], [55.273325, 25.1931081], [55.2732763, 25.1930569], [55.2732526, 25.1930759], [55.2731907, 25.1930175], [55.2731466, 25.1930527], [55.273088, 25.1929949], [55.2731012, 25.192986], [55.2730611, 25.1929442], [55.2731213, 25.1929048], [55.2731126, 25.1928962], [55.2731868, 25.1928462], [55.2732122, 25.1928291]]]}}, {"type": "Feature", "properties": {"status": "existing", "bHeight": 12.0, "name": "", "levels": ""}, "geometry": {"type": "Polygon", "coordinates": [[[55.2730611, 25.1929442], [55.2729235, 25.1927936], [55.2729502, 25.1927755], [55.2729282, 25.192754], [55.273034, 25.192672], [55.2731868, 25.1928462], [55.2731126, 25.1928962], [55.2731213, 25.1929048], [55.2730611, 25.1929442]]]}}, {"type": "Feature", "properties": {"status": "existing", "bHeight": 12.0, "name": "", "levels": ""}, "geometry": {"type": "Polygon", "coordinates": [[[55.2729282, 25.192754], [55.2728293, 25.1926494], [55.2729742, 25.1925372], [55.2730731, 25.1926418], [55.273034, 25.192672], [55.2729282, 25.192754]]]}}, {"type": "Feature", "properties": {"status": "existing", "bHeight": 12.0, "name": "", "levels": ""}, "geometry": {"type": "Polygon", "coordinates": [[[55.2730679, 25.1932864], [55.2730324, 25.1932855], [55.2729545, 25.1933795], [55.2729642, 25.1934039], [55.2729055, 25.1934824], [55.2728498, 25.1934803], [55.272804, 25.1934677], [55.2728253, 25.1934368], [55.2727851, 25.193415], [55.2728583, 25.1933244], [55.2728933, 25.1933447], [55.2729781, 25.1932319], [55.2729485, 25.1932025], [55.2730368, 25.1931203], [55.2730651, 25.1931506], [55.2730849, 25.1931313], [55.2731232, 25.1931841], [55.2731341, 25.1932165], [55.2731078, 25.1932526], [55.2730679, 25.1932864]]]}}, {"type": "Feature", "properties": {"status": "existing", "bHeight": 134.0, "name": "Ramada Downtown Dubai", "levels": "34"}, "geometry": {"type": "Polygon", "coordinates": [[[55.2727843, 25.1930122], [55.2726961, 25.19311], [55.2726796, 25.1930978], [55.2726547, 25.1931255], [55.2724489, 25.1929735], [55.272566, 25.1928438], [55.2726083, 25.1928751], [55.2726274, 25.1928539], [55.2726673, 25.1928834], [55.2726582, 25.1928935], [55.2727474, 25.1929594], [55.2727336, 25.1929747], [55.2727843, 25.1930122]]]}}, {"type": "Feature", "properties": {"status": "existing", "bHeight": 142.8, "name": "Burj Residences 1", "levels": "42"}, "geometry": {"type": "Polygon", "coordinates": [[[55.2726531, 25.1934574], [55.272824, 25.1935666], [55.2728031, 25.193639], [55.2727743, 25.1937009], [55.2727223, 25.1937899], [55.2726856, 25.1938244], [55.2726285, 25.1937923], [55.2726388, 25.1937635], [55.2725473, 25.1937103], [55.272508, 25.1936849], [55.2725583, 25.1935867], [55.2726047, 25.1934978], [55.2726233, 25.1935068], [55.2726531, 25.1934574]]]}}, {"type": "Feature", "properties": {"status": "existing", "bHeight": 12.0, "name": "", "levels": ""}, "geometry": {"type": "Polygon", "coordinates": [[[55.2724317, 25.1936282], [55.2721838, 25.1934638], [55.2722163, 25.1933647], [55.2723875, 25.1934776], [55.2723734, 25.1934951], [55.2724488, 25.1935449], [55.2724622, 25.1935283], [55.2724968, 25.1935512], [55.2724831, 25.1935682], [55.2724992, 25.1935788], [55.2724656, 25.1936204], [55.2724476, 25.1936085], [55.2724317, 25.1936282]]]}}, {"type": "Feature", "properties": {"status": "existing", "bHeight": 115.0, "name": "Stand Point Tower A", "levels": "28"}, "geometry": {"type": "Polygon", "coordinates": [[[55.2711058, 25.1965094], [55.2710517, 25.1965116], [55.2709787, 25.1965179], [55.2709221, 25.1965265], [55.2708656, 25.1965435], [55.2708562, 25.1964945], [55.2708209, 25.1964988], [55.2708138, 25.1964519], [55.2706984, 25.1964583], [55.2706348, 25.1964604], [55.2705995, 25.1963496], [55.2706372, 25.1963134], [55.2707173, 25.1962772], [55.2707997, 25.1962559], [55.2708986, 25.1962452], [55.2709928, 25.1962367], [55.2710846, 25.1962345], [55.2711835, 25.1962367], [55.2712401, 25.1962473], [55.2712565, 25.1963922], [55.2711647, 25.1964029], [55.2711694, 25.1964476], [55.2710964, 25.1964562], [55.2711058, 25.1965094]]]}}, {"type": "Feature", "properties": {"status": "existing", "bHeight": 90.0, "name": "Stand Point Tower B", "levels": "20"}, "geometry": {"type": "Polygon", "coordinates": [[[55.2711619, 25.1968563], [55.2711912, 25.1968887], [55.2710805, 25.19698], [55.2710252, 25.1970139], [55.2709878, 25.1969771], [55.2709536, 25.1969991], [55.2709276, 25.1969609], [55.2708885, 25.19698], [55.2708462, 25.1969182], [55.2709146, 25.1968755], [55.2709861, 25.1968122], [55.2710366, 25.1967621], [55.271087, 25.1967106], [55.2711049, 25.1966841], [55.271183, 25.1967356], [55.2711619, 25.1967621], [55.2711977, 25.1968033], [55.2711733, 25.1968254], [55.2711863, 25.1968372], [55.2711619, 25.1968563]]]}}, {"type": "Feature", "properties": {"status": "existing", "bHeight": 141.0, "name": "Boulevard Plaza Tower 2", "levels": "30"}, "geometry": {"type": "Polygon", "coordinates": [[[55.2735072, 25.2000125], [55.2734767, 25.1999607], [55.2739625, 25.1996599], [55.2740235, 25.1997636], [55.2740531, 25.1998139], [55.2741127, 25.1999151], [55.2735666, 25.2001134], [55.2735368, 25.2000628], [55.2735072, 25.2000125]]]}}, {"type": "Feature", "properties": {"status": "existing", "bHeight": 134.0, "name": "The Lofts West Tower", "levels": "36"}, "geometry": {"type": "Polygon", "coordinates": [[[55.2693104, 25.1966298], [55.2692873, 25.1965453], [55.2693318, 25.1965031], [55.2694059, 25.1964629], [55.2694715, 25.1964399], [55.2695477, 25.1964342], [55.2696112, 25.1964457], [55.2696617, 25.196461], [55.2696828, 25.1965402], [55.2696562, 25.1965753], [55.2696141, 25.1966085], [55.2695586, 25.1966365], [55.2694733, 25.1966556], [55.2694023, 25.1966556], [55.2693546, 25.1966506], [55.2693104, 25.1966298]]]}}, {"type": "Feature", "properties": {"status": "existing", "bHeight": 134.0, "name": "The Lofts Central Tower", "levels": "31"}, "geometry": {"type": "Polygon", "coordinates": [[[55.2698373, 25.1970605], [55.2697716, 25.1970989], [55.2697195, 25.1971321], [55.2696848, 25.1971688], [55.2696753, 25.1971849], [55.2696519, 25.197169], [55.2696314, 25.1971505], [55.2695817, 25.1971743], [55.2695393, 25.1971214], [55.2695173, 25.197079], [55.2695656, 25.1970605], [55.2695598, 25.1970367], [55.2695583, 25.1970023], [55.2696139, 25.196997], [55.2696563, 25.1969811], [55.2697133, 25.1969506], [55.2697455, 25.1969281], [55.2697602, 25.196948], [55.2697792, 25.1969639], [55.2697982, 25.196952], [55.2698508, 25.1970221], [55.2698274, 25.1970354], [55.2698373, 25.1970605]]]}}, {"type": "Feature", "properties": {"status": "existing", "bHeight": 134.0, "name": "The Lofts East Tower", "levels": "36"}, "geometry": {"type": "Polygon", "coordinates": [[[55.269855, 25.1975941], [55.2698106, 25.1975169], [55.2698429, 25.1974665], [55.2699045, 25.1974117], [55.2699623, 25.1973754], [55.2700349, 25.1973536], [55.2700996, 25.1973513], [55.2701527, 25.1973555], [55.2701937, 25.197428], [55.270177, 25.1974678], [55.2701446, 25.1975089], [55.270098, 25.197548], [55.27002, 25.1975847], [55.269951, 25.1975997], [55.2699034, 25.197605], [55.269855, 25.1975941]]]}}, {"type": "Feature", "properties": {"status": "existing", "bHeight": 33.0, "name": "", "levels": "7"}, "geometry": {"type": "Polygon", "coordinates": [[[55.2695435, 25.2004796], [55.2694697, 25.2003739], [55.2694241, 25.2003999], [55.2688291, 25.1995474], [55.2688691, 25.1995245], [55.2687506, 25.1993548], [55.269071, 25.1991717], [55.2694583, 25.1997266], [55.2698753, 25.2003239], [55.2696056, 25.200478], [55.2695887, 25.2004538], [55.2695435, 25.2004796]]]}}, {"type": "Feature", "properties": {"status": "existing", "bHeight": 15.0, "name": "", "levels": ""}, "geometry": {"type": "Polygon", "coordinates": [[[55.2761595, 25.191528], [55.2762078, 25.1914388], [55.2763853, 25.1915176], [55.276337, 25.1916068], [55.2761694, 25.1915324], [55.2761595, 25.191528]]]}}, {"type": "Feature", "properties": {"status": "existing", "bHeight": 15.0, "name": "Attareen Residences (The Old Town)", "levels": ""}, "geometry": {"type": "Polygon", "coordinates": [[[55.2757759, 25.1914768], [55.2758922, 25.1915094], [55.2759131, 25.1914531], [55.2759899, 25.1914748], [55.2760068, 25.1914798], [55.2759825, 25.1915405], [55.2759942, 25.1915444], [55.2759536, 25.1916479], [55.2759831, 25.1916582], [55.2759637, 25.1917007], [55.2759261, 25.1916879], [55.2758474, 25.1918772], [55.2758677, 25.191885], [55.275839, 25.1919482], [55.2758068, 25.1919367], [55.2757612, 25.1920405], [55.2755919, 25.1919857], [55.2756859, 25.1917258], [55.2757759, 25.1914768]]]}}, {"type": "Feature", "properties": {"status": "existing", "bHeight": 18.0, "name": "", "levels": ""}, "geometry": {"type": "Polygon", "coordinates": [[[55.2757207, 25.1914564], [55.2757148, 25.1914438], [55.2757139, 25.1914299], [55.2757182, 25.1914165], [55.2757648, 25.191415], [55.2757776, 25.1914072], [55.2757864, 25.1914045], [55.2757957, 25.1914036], [55.2758068, 25.1914048], [55.2758172, 25.1914085], [55.2758278, 25.1914156], [55.2758357, 25.1914255], [55.2758401, 25.1914375], [55.2758402, 25.1914501], [55.275836, 25.1914621], [55.275828, 25.1914724], [55.2758168, 25.1914799], [55.275766, 25.1914743], [55.2757537, 25.1914747], [55.2757417, 25.191472], [55.2757309, 25.1914664], [55.2757207, 25.1914564]]]}}, {"type": "Feature", "properties": {"status": "existing", "bHeight": 15.0, "name": "Attareen Residences (The Old Town)", "levels": ""}, "geometry": {"type": "Polygon", "coordinates": [[[55.2756594, 25.1922593], [55.2757992, 25.1922365], [55.2758059, 25.1922559], [55.275822, 25.192251], [55.2758391, 25.1923026], [55.2758558, 25.1922974], [55.2758652, 25.192326], [55.2758501, 25.1923305], [55.2758578, 25.192352], [55.2758837, 25.1923445], [55.2759078, 25.1924129], [55.2758904, 25.1924188], [55.2758962, 25.1924343], [55.2759137, 25.1924283], [55.2759257, 25.1924637], [55.27591, 25.1924699], [55.2759219, 25.1925028], [55.2759378, 25.192498], [55.2759537, 25.1925429], [55.2759389, 25.1925481], [55.2759479, 25.1925718], [55.2758672, 25.1926025], [55.2758628, 25.1925914], [55.2757911, 25.1925941], [55.2756594, 25.1922593]]]}}, {"type": "Feature", "properties": {"status": "existing", "bHeight": 211.0, "name": "Address Residences Dubai Opera", "levels": "", "height_source": "osm_geom", "height_basis": "osm levels 65 (stated height implausible for the floor count) · 14% of this footprint"}, "geometry": {"type": "Polygon", "coordinates": [[[55.2720009, 25.1975027], [55.2719503, 25.1975823], [55.2718969, 25.1976605], [55.2718408, 25.1977371], [55.2717821, 25.197812], [55.2718201, 25.1978354], [55.2718493, 25.1978534], [55.2717125, 25.1980196], [55.271329, 25.1977272], [55.2712331, 25.1974352], [55.2713684, 25.1973915], [55.2713322, 25.1972999], [55.2716839, 25.1971863], [55.2715577, 25.1969384], [55.2717072, 25.1966775], [55.2722114, 25.1967479], [55.2721784, 25.1968683], [55.2721395, 25.1969874], [55.2720948, 25.1971047], [55.2720445, 25.1972201], [55.2719885, 25.1973335], [55.2719271, 25.1974444], [55.2720009, 25.1975027]]]}}, {"type": "Feature", "properties": {"status": "existing", "bHeight": 120.0, "name": "Elite Downtown Residence 1", "levels": "4", "height_source": "osm_geom", "height_basis": "osm height · 40% of this footprint"}, "geometry": {"type": "Polygon", "coordinates": [[[55.277796, 25.1858319], [55.2778111, 25.1854237], [55.2779073, 25.1854257], [55.2784205, 25.1859832], [55.2782676, 25.1863429], [55.2776651, 25.1861416], [55.277796, 25.1858319]]]}}, {"type": "Feature", "properties": {"status": "existing", "bHeight": 25.0, "name": "Imperial Avenue", "levels": "5"}, "geometry": {"type": "Polygon", "coordinates": [[[55.2734571, 25.1883331], [55.2743439, 25.1877669], [55.2744068, 25.1877575], [55.2744563, 25.1877889], [55.2746536, 25.1881013], [55.2746591, 25.1881514], [55.2746388, 25.1881936], [55.273791, 25.1887307], [55.2737455, 25.1887357], [55.2736999, 25.1887087], [55.2734662, 25.1884128], [55.273448, 25.1883715], [55.2734571, 25.1883331]]]}}, {"type": "Feature", "properties": {"status": "existing", "bHeight": 85.0, "name": "", "levels": "2", "height_source": "osm_geom", "height_basis": "osm height · 21% of this footprint"}, "geometry": {"type": "Polygon", "coordinates": [[[55.2748339, 25.1874395], [55.2757957, 25.1868359], [55.2760801, 25.1872077], [55.2751277, 25.1878247], [55.2748339, 25.1874395]]]}}, {"type": "Feature", "properties": {"status": "existing", "bHeight": 25.0, "name": "Zaafaran 1", "levels": "5"}, "geometry": {"type": "Polygon", "coordinates": [[[55.2773158, 25.1908151], [55.277249, 25.1907627], [55.277319, 25.1906896], [55.2772066, 25.1906014], [55.277236, 25.1905707], [55.2771816, 25.1905279], [55.2771715, 25.1905384], [55.2771441, 25.190517], [55.27713, 25.1905317], [55.2770913, 25.1905013], [55.2771105, 25.1904812], [55.2770803, 25.1904576], [55.2770751, 25.1904629], [55.2769983, 25.1904027], [55.2770595, 25.1903389], [55.2770153, 25.1903042], [55.2770792, 25.1902375], [55.2770989, 25.1902529], [55.2771255, 25.1902251], [55.2771792, 25.1902672], [55.2771915, 25.1902544], [55.2775032, 25.1904989], [55.2774776, 25.1905256], [55.2775311, 25.1905676], [55.2774534, 25.1906488], [55.2774792, 25.190669], [55.2774334, 25.1907169], [55.27742, 25.1907064], [55.2773158, 25.1908151]]]}}, {"type": "Feature", "properties": {"status": "existing", "bHeight": 20.0, "name": "", "levels": "4"}, "geometry": {"type": "Polygon", "coordinates": [[[55.2776497, 25.1904251], [55.277576, 25.1903684], [55.2775548, 25.190391], [55.2774888, 25.1903402], [55.2775029, 25.1903253], [55.2774673, 25.1902979], [55.2775335, 25.1902276], [55.2775211, 25.1902181], [55.2776228, 25.1901099], [55.27765, 25.1901308], [55.277673, 25.1901063], [55.2776459, 25.1900854], [55.2778227, 25.1898973], [55.277867, 25.1899314], [55.2778775, 25.1899203], [55.2779143, 25.1899487], [55.2779196, 25.189943], [55.2779768, 25.189987], [55.2779668, 25.1899977], [55.2780051, 25.1900272], [55.2779695, 25.1900651], [55.2779772, 25.190071], [55.2779374, 25.1901134], [55.2779297, 25.1901074], [55.2778552, 25.1901866], [55.2778749, 25.1902017], [55.2778475, 25.1902309], [55.2778278, 25.1902157], [55.2777725, 25.1902745], [55.277795, 25.1902918], [55.277756, 25.1903332], [55.2777336, 25.1903159], [55.2777149, 25.1903358], [55.2777257, 25.1903441], [55.2776497, 25.1904251]]]}}, {"type": "Feature", "properties": {"status": "existing", "bHeight": 20.0, "name": "", "levels": "4"}, "geometry": {"type": "Polygon", "coordinates": [[[55.2781584, 25.1909448], [55.2781421, 25.1909324], [55.2781355, 25.1909394], [55.2780933, 25.1909072], [55.2780998, 25.1909002], [55.2779702, 25.1908013], [55.2779811, 25.1907896], [55.2779624, 25.1907753], [55.2779515, 25.190787], [55.2779103, 25.1907555], [55.2779228, 25.190742], [55.2777381, 25.1906011], [55.2778034, 25.190531], [55.2777914, 25.1905219], [55.2778433, 25.1904661], [55.2778553, 25.1904753], [55.2778907, 25.1904372], [55.2779798, 25.1905052], [55.2779911, 25.190493], [55.278045, 25.1905342], [55.2780337, 25.1905463], [55.2780728, 25.1905761], [55.2780959, 25.1905513], [55.27813, 25.1905773], [55.2781462, 25.1905599], [55.2781902, 25.1905935], [55.2781509, 25.1906357], [55.2782075, 25.1906789], [55.2781938, 25.1906936], [55.2782223, 25.1907153], [55.27821, 25.1907286], [55.2782537, 25.1907619], [55.2782341, 25.190783], [55.2782473, 25.1907931], [55.2781993, 25.1908447], [55.278256, 25.190888], [55.2782184, 25.1909283], [55.2781923, 25.1909084], [55.2781584, 25.1909448]]]}}, {"type": "Feature", "properties": {"status": "existing", "bHeight": 25.0, "name": "", "levels": "5"}, "geometry": {"type": "Polygon", "coordinates": [[[55.2769705, 25.1898236], [55.276952, 25.1898121], [55.2769384, 25.18983], [55.2766831, 25.1896712], [55.2766967, 25.1896533], [55.2766117, 25.1896004], [55.2766331, 25.1895723], [55.2765088, 25.189495], [55.2765601, 25.1894275], [55.276548, 25.18942], [55.2765913, 25.1893629], [55.2766034, 25.1893704], [55.2766273, 25.1893389], [55.2768284, 25.1894641], [55.2768504, 25.1894352], [55.2768715, 25.1894483], [55.2768812, 25.1894356], [55.2769295, 25.1894657], [55.2769022, 25.1895017], [55.2770802, 25.1896125], [55.2770646, 25.1896329], [55.2770904, 25.189649], [55.2770386, 25.1897172], [55.2770675, 25.1897352], [55.2770167, 25.1898021], [55.2769964, 25.1897895], [55.2769705, 25.1898236]]]}}, {"type": "Feature", "properties": {"status": "existing", "bHeight": 45.0, "name": "Reehan 7", "levels": "10"}, "geometry": {"type": "Polygon", "coordinates": [[[55.2769831, 25.1894096], [55.2769434, 25.1893577], [55.2769186, 25.1893732], [55.2768237, 25.1892488], [55.2768305, 25.1892445], [55.2768034, 25.189209], [55.2768341, 25.1891897], [55.2767927, 25.1891355], [55.276942, 25.1890422], [55.2770131, 25.1891353], [55.2770451, 25.1891153], [55.2771248, 25.1892197], [55.2770928, 25.1892397], [55.2771511, 25.1893161], [55.2771054, 25.1893446], [55.2770995, 25.1893369], [55.2769831, 25.1894096]]]}}, {"type": "Feature", "properties": {"status": "existing", "bHeight": 20.0, "name": "Reehan 6", "levels": "4"}, "geometry": {"type": "Polygon", "coordinates": [[[55.277355, 25.18928], [55.2771615, 25.1890273], [55.2771388, 25.1890416], [55.2771065, 25.1889994], [55.2771291, 25.1889851], [55.2770427, 25.1888723], [55.2771207, 25.1888234], [55.2770983, 25.1887942], [55.2771655, 25.188752], [55.2771742, 25.1887633], [55.2772241, 25.1887321], [55.2774215, 25.1889898], [55.2774082, 25.1889981], [55.2774906, 25.1891057], [55.2775039, 25.1890974], [55.27755, 25.1891576], [55.2774576, 25.1892156], [55.2774721, 25.1892346], [55.2774012, 25.1892791], [55.2773867, 25.1892601], [55.277355, 25.18928]]]}}, {"type": "Feature", "properties": {"status": "existing", "bHeight": 12.0, "name": "", "levels": ""}, "geometry": {"type": "Polygon", "coordinates": [[[55.2786354, 25.1910935], [55.2786136, 25.1910768], [55.2786054, 25.1910856], [55.2785108, 25.1910134], [55.2785243, 25.1909989], [55.2785022, 25.190982], [55.2784887, 25.1909966], [55.2784189, 25.1909433], [55.2784331, 25.190928], [55.2784074, 25.1909085], [55.2783933, 25.1909237], [55.2783062, 25.1908503], [55.2783624, 25.1907743], [55.2783959, 25.1907999], [55.2784138, 25.1907806], [55.2783803, 25.1907551], [55.2784575, 25.1906722], [55.2784902, 25.1906971], [55.2785083, 25.1906777], [55.2784756, 25.1906527], [55.2785542, 25.1905684], [55.2786964, 25.1906768], [55.278685, 25.1906891], [55.278706, 25.190705], [55.278726, 25.1906836], [55.2788243, 25.1907586], [55.278803, 25.1907815], [55.278875, 25.1908365], [55.2788111, 25.190905], [55.2787913, 25.1908898], [55.2787743, 25.1909081], [55.2787941, 25.1909232], [55.2787042, 25.1910198], [55.2786931, 25.1910114], [55.2786813, 25.191024], [55.2786924, 25.1910324], [55.2786354, 25.1910935]]]}}, {"type": "Feature", "properties": {"status": "existing", "bHeight": 45.0, "name": "", "levels": "10"}, "geometry": {"type": "Polygon", "coordinates": [[[55.2783238, 25.1904479], [55.2782855, 25.1904187], [55.2782729, 25.1904321], [55.2782376, 25.1904052], [55.2782218, 25.1904221], [55.2781229, 25.1903466], [55.2781462, 25.1903216], [55.2781132, 25.1902964], [55.2781281, 25.1902805], [55.2781042, 25.1902623], [55.2781268, 25.1902381], [55.2780938, 25.1902129], [55.2781285, 25.1901757], [55.2781168, 25.1901668], [55.2781506, 25.1901305], [55.2781623, 25.1901394], [55.2781855, 25.1901145], [55.2782775, 25.1901847], [55.2782876, 25.1901739], [55.2783441, 25.1902171], [55.2783569, 25.1902034], [55.2784071, 25.1902417], [55.2783803, 25.1902705], [55.2784558, 25.1903281], [55.2783719, 25.1904181], [55.27836, 25.1904091], [55.2783238, 25.1904479]]]}}, {"type": "Feature", "properties": {"status": "existing", "bHeight": 25.0, "name": "Yansoon 6", "levels": "5"}, "geometry": {"type": "Polygon", "coordinates": [[[55.2792817, 25.1916587], [55.2792554, 25.1916257], [55.2792473, 25.1916311], [55.2792133, 25.1915885], [55.2792215, 25.1915832], [55.2791424, 25.1914841], [55.2791517, 25.191478], [55.2791058, 25.1914205], [55.2790965, 25.1914265], [55.2790784, 25.1914038], [55.2790583, 25.1914169], [55.2790261, 25.1913764], [55.279052, 25.1913595], [55.2790308, 25.1913329], [55.2790168, 25.1913421], [55.2789564, 25.1912663], [55.2790332, 25.1912162], [55.2790041, 25.1911796], [55.2790737, 25.1911342], [55.2790903, 25.1911549], [55.2791247, 25.1911324], [55.2791621, 25.1911793], [55.2791791, 25.1911683], [55.2793425, 25.1913732], [55.2793307, 25.1913809], [55.2794002, 25.191468], [55.2794128, 25.1914598], [55.2794587, 25.1915174], [55.2794062, 25.1915517], [55.2794196, 25.1915686], [55.2793867, 25.1915901], [55.2793975, 25.1916036], [55.2793316, 25.1916466], [55.2793208, 25.1916331], [55.2792817, 25.1916587]]]}}, {"type": "Feature", "properties": {"status": "existing", "bHeight": 45.0, "name": "Yansoon 5", "levels": "10"}, "geometry": {"type": "Polygon", "coordinates": [[[55.2795656, 25.192025], [55.2795348, 25.192], [55.2795123, 25.1920227], [55.2794842, 25.1919998], [55.2794713, 25.1920128], [55.279372, 25.1919321], [55.2794004, 25.1919036], [55.279362, 25.1918724], [55.2793748, 25.1918595], [55.279354, 25.1918427], [55.2793716, 25.1918249], [55.2793366, 25.1917964], [55.2793784, 25.1917543], [55.279398, 25.1917702], [55.2794269, 25.1917411], [55.2794372, 25.1917494], [55.2794687, 25.1917177], [55.2795041, 25.1917465], [55.2794943, 25.1917564], [55.2795169, 25.1917748], [55.2795438, 25.1917476], [55.2796039, 25.1917965], [55.2795868, 25.1918137], [55.2797095, 25.1919134], [55.2796234, 25.1920001], [55.2796051, 25.1919852], [55.2795656, 25.192025]]]}}, {"type": "Feature", "properties": {"status": "existing", "bHeight": 30.0, "name": "Yansoon 2", "levels": "6"}, "geometry": {"type": "Polygon", "coordinates": [[[55.2788593, 25.1924322], [55.2788233, 25.1924018], [55.278808, 25.1924167], [55.278781, 25.192394], [55.2787545, 25.1924198], [55.2786546, 25.1923357], [55.2786792, 25.1923117], [55.2786225, 25.192264], [55.2786384, 25.1922486], [55.2785954, 25.1922124], [55.2787191, 25.1920921], [55.2788125, 25.1921707], [55.2788386, 25.1921453], [55.2788833, 25.192183], [55.278894, 25.1921726], [55.278947, 25.1922172], [55.2789258, 25.1922378], [55.2789676, 25.192273], [55.2789727, 25.192268], [55.2790024, 25.192293], [55.2789877, 25.1923073], [55.2790035, 25.1923206], [55.2789172, 25.1924047], [55.2789013, 25.1923914], [55.2788593, 25.1924322]]]}}, {"type": "Feature", "properties": {"status": "existing", "bHeight": 30.0, "name": "Yansoon 3", "levels": "6"}, "geometry": {"type": "Polygon", "coordinates": [[[55.2802043, 25.1929613], [55.2801515, 25.1929408], [55.2801431, 25.1929584], [55.2801048, 25.1929436], [55.2800958, 25.1929626], [55.280073, 25.1929538], [55.2800679, 25.1929646], [55.2800181, 25.1929453], [55.2800215, 25.1929381], [55.2799712, 25.1929186], [55.2799841, 25.1928914], [55.2799318, 25.1928711], [55.279943, 25.1928476], [55.279878, 25.1928224], [55.2799164, 25.1927414], [55.2799007, 25.1927352], [55.279941, 25.1926503], [55.2800671, 25.1926993], [55.2800768, 25.1926788], [55.2801376, 25.1927024], [55.280134, 25.19271], [55.2801673, 25.192723], [55.2801709, 25.1927153], [55.2802177, 25.1927335], [55.2802037, 25.1927629], [55.2802837, 25.1927939], [55.2802043, 25.1929613]]]}}, {"type": "Feature", "properties": {"status": "existing", "bHeight": 12.0, "name": "", "levels": ""}, "geometry": {"type": "Polygon", "coordinates": [[[55.286739, 25.1947333], [55.2863355, 25.194072], [55.2862348, 25.193907], [55.2861494, 25.194049], [55.2860462, 25.1941944], [55.2859311, 25.194322], [55.2858219, 25.1944136], [55.2857326, 25.1944783], [55.2861077, 25.1950602], [55.286739, 25.1947333]]]}}, {"type": "Feature", "properties": {"status": "existing", "bHeight": 9.4, "name": "Emaar Sales Center", "levels": "2", "height_source": "osm_geom", "height_basis": "osm levels 2 · 100% of this footprint"}, "geometry": {"type": "Polygon", "coordinates": [[[55.2772875, 25.1926013], [55.2776349, 25.1926935], [55.2777113, 25.1927584], [55.277895, 25.192611], [55.2778045, 25.1925006], [55.2777254, 25.1925546], [55.2775839, 25.1924217], [55.2776489, 25.1923659], [55.2775356, 25.1922396], [55.2773572, 25.1923756], [55.2774069, 25.1924472], [55.2772808, 25.1925418], [55.2772875, 25.1926013]]]}}, {"type": "Feature", "properties": {"status": "existing", "bHeight": 264.0, "name": "The Address - Sky View Tower 1", "levels": "60"}, "geometry": {"type": "Polygon", "coordinates": [[[55.2699899, 25.2011012], [55.2699934, 25.2011354], [55.2700138, 25.2011719], [55.2700475, 25.2012113], [55.2700959, 25.2012548], [55.2701444, 25.2012897], [55.2702052, 25.2013274], [55.2702741, 25.2013629], [55.2703168, 25.2013829], [55.2703546, 25.2013951], [55.2703773, 25.2014021], [55.2704051, 25.2014095], [55.2704436, 25.2014152], [55.2704736, 25.2014135], [55.2705006, 25.2014074], [55.2705304, 25.2013911], [55.2705459, 25.2013738], [55.2705562, 25.2013539], [55.2705615, 25.201328], [55.2705606, 25.2012988], [55.2705552, 25.2012749], [55.270541, 25.2012503], [55.2705195, 25.2012248], [55.270496, 25.2012011], [55.2704632, 25.2011681], [55.2704423, 25.2011482], [55.2704117, 25.2011254], [55.2703399, 25.2010817], [55.2702422, 25.2010314], [55.2701845, 25.2010101], [55.2701247, 25.2009999], [55.270089, 25.2010024], [55.2700534, 25.2010123], [55.2700089, 25.2010442], [55.2699943, 25.2010718], [55.2699899, 25.2011012]]]}}, {"type": "Feature", "properties": {"status": "existing", "bHeight": 236.0, "name": "The Address - Sky View Tower 2", "levels": "55"}, "geometry": {"type": "Polygon", "coordinates": [[[55.2708008, 25.2016955], [55.2708503, 25.2017431], [55.2709391, 25.2018006], [55.2710206, 25.201852], [55.2710791, 25.2018824], [55.2711283, 25.201899], [55.27117, 25.2019088], [55.2712071, 25.2019121], [55.2712389, 25.2019105], [55.2712654, 25.2019012], [55.2712868, 25.2018858], [55.2713021, 25.201862], [55.2713059, 25.2018272], [55.2713048, 25.2018075], [55.2712943, 25.2017769], [55.2712606, 25.2017309], [55.2712025, 25.2016781], [55.2711174, 25.2016189], [55.2710384, 25.2015723], [55.2709903, 25.2015502], [55.2709423, 25.201533], [55.2708784, 25.2015186], [55.2708337, 25.2015159], [55.2707999, 25.2015295], [55.2707712, 25.2015568], [55.2707619, 25.2015905], [55.270763, 25.201629], [55.2707778, 25.201665], [55.2708008, 25.2016955]]]}}, {"type": "Feature", "properties": {"status": "existing", "bHeight": 82.0, "name": "Bahwan Tower", "levels": "", "height_source": "osm_geom", "height_basis": "osm height · 30% of this footprint"}, "geometry": {"type": "Polygon", "coordinates": [[[55.27082, 25.1907546], [55.271247, 25.1904813], [55.2708929, 25.1900205], [55.2707262, 25.1901249], [55.2707451, 25.1901496], [55.2704755, 25.1903185], [55.27082, 25.1907546]]]}}, {"type": "Feature", "properties": {"status": "existing", "bHeight": 72.0, "name": "DT1", "levels": "17", "height_source": "osm_geom", "height_basis": "osm height · 48% of this footprint"}, "geometry": {"type": "Polygon", "coordinates": [[[55.2690255, 25.191644], [55.2695029, 25.1919612], [55.2698427, 25.1915424], [55.2693654, 25.1912252], [55.2690255, 25.191644]]]}}, {"type": "Feature", "properties": {"status": "existing", "bHeight": 200.0, "name": "BLVD Heights Tower 1", "levels": "53"}, "geometry": {"type": "Polygon", "coordinates": [[[55.2694157, 25.1932648], [55.2697034, 25.1933613], [55.2698601, 25.1929789], [55.2695725, 25.1928824], [55.2694157, 25.1932648]]]}}, {"type": "Feature", "properties": {"status": "existing", "bHeight": 150.0, "name": "BLVD Heights Tower 2", "levels": "46"}, "geometry": {"type": "Polygon", "coordinates": [[[55.2698657, 25.1925156], [55.2700822, 25.1926692], [55.2703451, 25.1923656], [55.2701285, 25.1922121], [55.2698657, 25.1925156]]]}}, {"type": "Feature", "properties": {"status": "existing", "bHeight": 150.0, "name": "", "levels": "42"}, "geometry": {"type": "Polygon", "coordinates": [[[55.2704278, 25.1919981], [55.2706697, 25.1919566], [55.2705892, 25.1915731], [55.2703473, 25.1916147], [55.2704278, 25.1919981]]]}}, {"type": "Feature", "properties": {"status": "existing", "bHeight": 6.2, "name": "Opera Grand", "levels": "1", "height_source": "osm_geom", "height_basis": "osm levels 1 · 100% of this footprint"}, "geometry": {"type": "Polygon", "coordinates": [[[55.2708653, 25.1935544], [55.2705593, 25.1934138], [55.2704478, 25.1936125], [55.2707538, 25.1937531], [55.2708715, 25.1938072], [55.2709649, 25.1937058], [55.2710399, 25.1935914], [55.2711052, 25.1934456], [55.2711469, 25.1933163], [55.2710293, 25.1932623], [55.2707215, 25.1931209], [55.270608, 25.1933232], [55.2709158, 25.1934646], [55.2708653, 25.1935544]]]}}, {"type": "Feature", "properties": {"status": "existing", "bHeight": 193.0, "name": "", "levels": "52"}, "geometry": {"type": "Polygon", "coordinates": [[[55.2720037, 25.192848], [55.2720213, 25.1925751], [55.2715502, 25.1925502], [55.2715326, 25.1928231], [55.2720037, 25.192848]]]}}, {"type": "Feature", "properties": {"status": "existing", "bHeight": 6.2, "name": "Opera Box Office", "levels": "1", "height_source": "osm_geom", "height_basis": "osm levels 1 · 100% of this footprint"}, "geometry": {"type": "Polygon", "coordinates": [[[55.2707531, 25.1956127], [55.2707045, 25.1956081], [55.2706557, 25.1956109], [55.2706082, 25.1956215], [55.2705635, 25.1956397], [55.2705232, 25.1956647], [55.2705117, 25.1956754], [55.2705069, 25.1956897], [55.2705098, 25.1957044], [55.2705197, 25.1957163], [55.2705346, 25.1957227], [55.2705849, 25.1957337], [55.2706367, 25.1957335], [55.2706869, 25.1957222], [55.2707327, 25.1957003], [55.2707727, 25.1956701], [55.2707817, 25.1956601], [55.2707868, 25.195648], [55.2707858, 25.195635], [55.2707789, 25.1956236], [55.2707672, 25.1956159], [55.2707531, 25.1956127]]]}}, {"type": "Feature", "properties": {"status": "existing", "bHeight": 12.0, "name": "", "levels": ""}, "geometry": {"type": "Polygon", "coordinates": [[[55.2804531, 25.1991203], [55.2812994, 25.200072], [55.2813792, 25.2000294], [55.2814463, 25.1999936], [55.2806028, 25.1990379], [55.2805363, 25.1990746], [55.2804531, 25.1991203]]]}}, {"type": "Feature", "properties": {"status": "existing", "bHeight": 12.0, "name": "", "levels": ""}, "geometry": {"type": "Polygon", "coordinates": [[[55.2803621, 25.1989942], [55.280057, 25.1985589], [55.2801251, 25.1985198], [55.2801376, 25.1985127], [55.2802006, 25.1984765], [55.2804881, 25.1988868], [55.2805073, 25.1989143], [55.2804414, 25.1989506], [55.2803621, 25.1989942]]]}}, {"type": "Feature", "properties": {"status": "existing", "bHeight": 12.0, "name": "", "levels": ""}, "geometry": {"type": "Polygon", "coordinates": [[[55.2802739, 25.1990428], [55.2803604, 25.1991713], [55.2804531, 25.1991203], [55.2805363, 25.1990746], [55.2806028, 25.1990379], [55.2806402, 25.1990173], [55.2805537, 25.1988887], [55.2805073, 25.1989143], [55.2804414, 25.1989506], [55.2803621, 25.1989942], [55.2802739, 25.1990428]]]}}, {"type": "Feature", "properties": {"status": "existing", "bHeight": 254.6, "name": "Burj Vista Tower 1", "levels": "66"}, "geometry": {"type": "Polygon", "coordinates": [[[55.2712148, 25.1985122], [55.2712926, 25.1985559], [55.2713441, 25.198589], [55.2714328, 25.1986567], [55.2715004, 25.1987324], [55.2715518, 25.1988063], [55.2715984, 25.1989062], [55.271633, 25.1990085], [55.2715642, 25.1990528], [55.2715096, 25.1990698], [55.2714367, 25.1990815], [55.2713672, 25.1990757], [55.2713336, 25.1990515], [55.2713107, 25.1990209], [55.2712901, 25.1989483], [55.271264, 25.1988835], [55.2711853, 25.1988286], [55.2711192, 25.1987962], [55.2710883, 25.1987464], [55.2710924, 25.1986779], [55.2711225, 25.198608], [55.2711516, 25.1985778], [55.2712148, 25.1985122]]]}}, {"type": "Feature", "properties": {"status": "existing", "bHeight": 90.0, "name": "", "levels": "23"}, "geometry": {"type": "Polygon", "coordinates": [[[55.2709283, 25.1913932], [55.2713575, 25.1913495], [55.2713355, 25.1911727], [55.2709063, 25.1912164], [55.2709283, 25.1913932]]]}}, {"type": "Feature", "properties": {"status": "existing", "bHeight": 98.1, "name": "Burj Vista Tower 2", "levels": "20"}, "geometry": {"type": "Polygon", "coordinates": [[[55.2707147, 25.1980414], [55.2707848, 25.1981464], [55.2708247, 25.1982513], [55.2708617, 25.1983933], [55.2708615, 25.198501], [55.2708615, 25.1985208], [55.2707959, 25.1985431], [55.270715, 25.1985269], [55.2706628, 25.1984765], [55.2706021, 25.1983403], [55.2705759, 25.1982009], [55.2705775, 25.1981114], [55.2706045, 25.1980515], [55.2706185, 25.1980387], [55.2706577, 25.1980027], [55.2707147, 25.1980414]]]}}, {"type": "Feature", "properties": {"status": "existing", "bHeight": 12.0, "name": "Public", "levels": ""}, "geometry": {"type": "Polygon", "coordinates": [[[55.2788552, 25.1949354], [55.2788018, 25.1948553], [55.279131, 25.1946758], [55.2791843, 25.1947558], [55.2788552, 25.1949354]]]}}, {"type": "Feature", "properties": {"status": "existing", "bHeight": 12.0, "name": "", "levels": ""}, "geometry": {"type": "Polygon", "coordinates": [[[55.2753803, 25.1910686], [55.2754054, 25.1910853], [55.2754382, 25.1910966], [55.2754699, 25.1911011], [55.27551, 25.1910957], [55.275516, 25.1910649], [55.2754864, 25.1910518], [55.2754567, 25.1910406], [55.2754161, 25.1910366], [55.2753844, 25.1910412], [55.2753803, 25.1910686]]]}}, {"type": "Feature", "properties": {"status": "existing", "bHeight": 15.0, "name": "", "levels": ""}, "geometry": {"type": "Polygon", "coordinates": [[[55.2770558, 25.192046], [55.2771305, 25.1919426], [55.2766481, 25.1916516], [55.276612, 25.1917136], [55.2765611, 25.1916826], [55.2765444, 25.1917136], [55.2765751, 25.1917462], [55.2765954, 25.1917423], [55.2767482, 25.1918234], [55.2767272, 25.1918544], [55.2770558, 25.192046]]]}}, {"type": "Feature", "properties": {"status": "existing", "bHeight": 168.0, "name": "Boulevard Plaza Tower 1", "levels": "36"}, "geometry": {"type": "Polygon", "coordinates": [[[55.2754144, 25.2002353], [55.2754184, 25.2001268], [55.2754204, 25.2000716], [55.2754244, 25.1999629], [55.2751968, 25.1999738], [55.2747279, 25.1999964], [55.2747259, 25.2000507], [55.2747239, 25.2001059], [55.2747219, 25.2001602], [55.2751572, 25.2002074], [55.2754144, 25.2002353]]]}}, {"type": "Feature", "properties": {"status": "existing", "bHeight": 264.0, "name": "", "levels": "61"}, "geometry": {"type": "Polygon", "coordinates": [[[55.2698104, 25.200994], [55.270102, 25.201366], [55.2707081, 25.2020747], [55.2708399, 25.2021594], [55.2709826, 25.2021831], [55.2711148, 25.2021703], [55.2712072, 25.202147], [55.2712891, 25.2021081], [55.2713567, 25.2020434], [55.2713721, 25.2020118], [55.271386, 25.2020163], [55.2714308, 25.2020248], [55.2714603, 25.2020166], [55.2714694, 25.2019909], [55.2714615, 25.2019473], [55.2714163, 25.2018872], [55.27139, 25.2018582], [55.2713797, 25.2018121], [55.2713542, 25.2017732], [55.2713276, 25.2017326], [55.2712713, 25.2016598], [55.271215, 25.201587], [55.2711694, 25.201536], [55.2711243, 25.2014903], [55.2710717, 25.2014383], [55.2710299, 25.2013831], [55.2709441, 25.2012812], [55.2708699, 25.2011662], [55.2708218, 25.2010579], [55.2707885, 25.2009317], [55.2707724, 25.2007958], [55.2707107, 25.2007036], [55.270697, 25.2006836], [55.2706249, 25.2006429], [55.2705417, 25.2006429], [55.2704245, 25.2006922], [55.2703513, 25.2007521], [55.270236, 25.2008201], [55.270016, 25.2009147], [55.2698739, 25.2009584], [55.2698104, 25.200994]]]}}, {"type": "Feature", "properties": {"status": "existing", "bHeight": 279.0, "name": "Grande Signature Residences", "levels": "72"}, "geometry": {"type": "Polygon", "coordinates": [[[55.2717975, 25.1945182], [55.271792, 25.19509], [55.2714815, 25.1950876], [55.2714868, 25.1945158], [55.2717975, 25.1945182]]]}}, {"type": "Feature", "properties": {"status": "existing", "bHeight": 288.0, "name": "Opera Grand", "levels": "71"}, "geometry": {"type": "Polygon", "coordinates": [[[55.2714987, 25.1935685], [55.2714415, 25.1936696], [55.2713497, 25.1937815], [55.2712634, 25.1938386], [55.2712066, 25.1938556], [55.2711499, 25.1938424], [55.2711132, 25.1937994], [55.2711109, 25.193753], [55.2711526, 25.1936662], [55.2712526, 25.1935531], [55.2712663, 25.1935445], [55.2713686, 25.19348], [55.2714302, 25.1934706], [55.2714693, 25.1934858], [55.2714932, 25.1935225], [55.2714987, 25.1935685]]]}}, {"type": "Feature", "properties": {"status": "existing", "bHeight": 172.0, "name": "", "levels": "46"}, "geometry": {"type": "Polygon", "coordinates": [[[55.2708731, 25.1929524], [55.2711275, 25.1930761], [55.271335, 25.1927269], [55.2713527, 25.1926971], [55.2710983, 25.1925733], [55.2708731, 25.1929524]]]}}, {"type": "Feature", "properties": {"status": "existing", "bHeight": 356.0, "name": "إل بريمو", "levels": "105"}, "geometry": {"type": "Polygon", "coordinates": [[[55.2717919, 25.1961487], [55.2718061, 25.1961234], [55.2718064, 25.1961231], [55.2718253, 25.196101], [55.2718488, 25.1960823], [55.2718758, 25.1960679], [55.2719053, 25.1960583], [55.2719794, 25.1960398], [55.2721492, 25.1959973], [55.2721884, 25.1959919], [55.2722279, 25.1959944], [55.2722659, 25.1960047], [55.2723004, 25.1960224], [55.2723298, 25.1960464], [55.2723526, 25.1960757], [55.2723678, 25.1961088], [55.2723745, 25.1961442], [55.2723774, 25.1962832], [55.2723756, 25.1963378], [55.2723715, 25.1963946], [55.2723625, 25.1964509], [55.2723485, 25.1965064], [55.2723297, 25.1965607], [55.2723105, 25.1965994], [55.2722768, 25.1966289], [55.2722336, 25.1966456], [55.2721866, 25.1966471], [55.2719059, 25.1966189], [55.2718613, 25.1966017], [55.2718211, 25.1965772], [55.2717866, 25.1965465], [55.271759, 25.1965104], [55.2717393, 25.1964704], [55.2717282, 25.1964277], [55.2717261, 25.1963839], [55.271733, 25.1963405], [55.2717865, 25.1961777], [55.2717919, 25.1961487]]]}}, {"type": "Feature", "properties": {"status": "existing", "bHeight": 260.0, "name": "Address Residences Dubai Opera Tower 1", "levels": "65"}, "geometry": {"type": "Polygon", "coordinates": [[[55.2716921, 25.1967696], [55.2721038, 25.1969672], [55.2720003, 25.197147], [55.2715886, 25.1969494], [55.2716921, 25.1967696]]]}}, {"type": "Feature", "properties": {"status": "existing", "bHeight": 230.0, "name": "Address Residences Dubai Opera Tower 2", "levels": "55"}, "geometry": {"type": "Polygon", "coordinates": [[[55.2716107, 25.1973389], [55.2717675, 25.1977517], [55.2715549, 25.1978178], [55.2713981, 25.197405], [55.2716107, 25.1973389]]]}}, {"type": "Feature", "properties": {"status": "existing", "bHeight": 12.0, "name": "", "levels": ""}, "geometry": {"type": "Polygon", "coordinates": [[[55.271052, 25.1959766], [55.2710953, 25.1959418], [55.2711445, 25.1959241], [55.2711985, 25.1959218], [55.2712348, 25.1959372], [55.2712532, 25.1959538], [55.2712764, 25.1959895], [55.2712853, 25.1960354], [55.2710527, 25.1960938], [55.2710379, 25.1960352], [55.2710387, 25.1960064], [55.271052, 25.1959766]]]}}, {"type": "Feature", "properties": {"status": "existing", "bHeight": 12.0, "name": "", "levels": ""}, "geometry": {"type": "Polygon", "coordinates": [[[55.270889, 25.1961349], [55.2708707, 25.1960723], [55.2708685, 25.1960151], [55.2708847, 25.1959779], [55.2709105, 25.1959549], [55.2709416, 25.1959414], [55.2709721, 25.1959517], [55.2709923, 25.1959644], [55.2710102, 25.195999], [55.2710154, 25.1960468], [55.2710021, 25.1961065], [55.270889, 25.1961349]]]}}, {"type": "Feature", "properties": {"status": "existing", "bHeight": 12.0, "name": "", "levels": ""}, "geometry": {"type": "Polygon", "coordinates": [[[55.2708198, 25.1961523], [55.2707265, 25.1961757], [55.2706735, 25.1961101], [55.2706571, 25.1960713], [55.2706614, 25.1960387], [55.2706744, 25.1960152], [55.2707035, 25.196004], [55.2707464, 25.1960064], [55.2707803, 25.1960221], [55.2708027, 25.1960552], [55.2708212, 25.1960988], [55.2708198, 25.1961523]]]}}, {"type": "Feature", "properties": {"status": "existing", "bHeight": 12.0, "name": "", "levels": ""}, "geometry": {"type": "Polygon", "coordinates": [[[55.2704179, 25.1961799], [55.2704238, 25.1961382], [55.2704472, 25.1961081], [55.2704818, 25.1960905], [55.2705273, 25.1960785], [55.2705674, 25.1960785], [55.2706017, 25.1960842], [55.2706296, 25.1961012], [55.2706551, 25.1961317], [55.2706655, 25.1961612], [55.2706717, 25.1961894], [55.270453, 25.1962443], [55.2704247, 25.1962147], [55.2704179, 25.1961799]]]}}, {"type": "Feature", "properties": {"status": "existing", "bHeight": 12.0, "name": "", "levels": ""}, "geometry": {"type": "Polygon", "coordinates": [[[55.2699813, 25.1951566], [55.2699704, 25.1951244], [55.2699672, 25.195071], [55.2699826, 25.1950359], [55.2699991, 25.1950286], [55.2700131, 25.1950336], [55.2700294, 25.1950661], [55.2700281, 25.1951223], [55.2700152, 25.1951589], [55.2699978, 25.1951642], [55.2699813, 25.1951566]]]}}, {"type": "Feature", "properties": {"status": "existing", "bHeight": 37.0, "name": "", "levels": "11"}, "geometry": {"type": "Polygon", "coordinates": [[[55.2726962, 25.2004344], [55.2727351, 25.2005006], [55.2728265, 25.2006562], [55.2728622, 25.2007171], [55.2727866, 25.2007544], [55.2729321, 25.2009937], [55.2729748, 25.2009733], [55.2731514, 25.201277], [55.2731664, 25.2012697], [55.2732085, 25.2013407], [55.2726733, 25.201597], [55.2719585, 25.2019384], [55.2718416, 25.2019037], [55.2715942, 25.2014725], [55.2709849, 25.2004104], [55.2710223, 25.2003269], [55.2714272, 25.2001797], [55.272204, 25.1998976], [55.2724261, 25.1999749], [55.2725498, 25.2001935], [55.272483, 25.2002264], [55.2726245, 25.20047], [55.2726962, 25.2004344]]]}}, {"type": "Feature", "properties": {"status": "existing", "bHeight": 12.0, "name": "", "levels": ""}, "geometry": {"type": "Polygon", "coordinates": [[[55.2710345, 25.2023139], [55.2713053, 25.2023967], [55.2713304, 25.2023975], [55.2713518, 25.2023936], [55.2713712, 25.2023843], [55.2713905, 25.2023677], [55.2714234, 25.2022634], [55.2714234, 25.2022352], [55.2714124, 25.2022046], [55.2713923, 25.2021806], [55.2713639, 25.2021632], [55.2713365, 25.2021541], [55.2712989, 25.2021566], [55.2710436, 25.2022195], [55.2710207, 25.2022443], [55.2710134, 25.2022708], [55.2710189, 25.202294], [55.2710345, 25.2023139]]]}}, {"type": "Feature", "properties": {"status": "existing", "bHeight": 12.0, "name": "", "levels": ""}, "geometry": {"type": "Polygon", "coordinates": [[[55.2701557, 25.1948614], [55.2702495, 25.1948666], [55.2702651, 25.1946383], [55.2701713, 25.1946331], [55.2701557, 25.1948614]]]}}, {"type": "Feature", "properties": {"status": "existing", "bHeight": 12.0, "name": "", "levels": ""}, "geometry": {"type": "Polygon", "coordinates": [[[55.2681063, 25.1938676], [55.2684257, 25.1939672], [55.2684457, 25.1939149], [55.2683544, 25.1938864], [55.2683625, 25.1938652], [55.2681343, 25.193794], [55.2681063, 25.1938676]]]}}, {"type": "Feature", "properties": {"status": "existing", "bHeight": 12.0, "name": "", "levels": ""}, "geometry": {"type": "Polygon", "coordinates": [[[55.2682091, 25.1933533], [55.2681629, 25.1934747], [55.2681772, 25.1934792], [55.268116, 25.1936398], [55.2684639, 25.1937484], [55.2684959, 25.1936645], [55.2684781, 25.1936589], [55.2685074, 25.1935822], [55.2685577, 25.1935979], [55.2686039, 25.1934765], [55.2682091, 25.1933533]]]}}, {"type": "Feature", "properties": {"status": "existing", "bHeight": 12.0, "name": "", "levels": ""}, "geometry": {"type": "Polygon", "coordinates": [[[55.2706142, 25.1970574], [55.2706395, 25.1970633], [55.2706625, 25.1970747], [55.2706817, 25.1970909], [55.2706959, 25.1971108], [55.2707043, 25.1971332], [55.2707064, 25.1971568], [55.2707021, 25.1971802], [55.2706748, 25.1971702], [55.2706509, 25.1971545], [55.270632, 25.1971341], [55.2706191, 25.1971101], [55.2706131, 25.197084], [55.2706142, 25.1970574]]]}}, {"type": "Feature", "properties": {"status": "existing", "bHeight": 12.0, "name": "", "levels": ""}, "geometry": {"type": "Polygon", "coordinates": [[[55.2734763, 25.1910763], [55.2735214, 25.1910799], [55.2735601, 25.1910739], [55.2736039, 25.1910521], [55.2736153, 25.1910368], [55.2735988, 25.1910224], [55.2735503, 25.191021], [55.2735146, 25.1910268], [55.2734711, 25.1910419], [55.2734621, 25.1910596], [55.2734763, 25.1910763]]]}}, {"type": "Feature", "properties": {"status": "existing", "bHeight": 30.0, "name": "", "levels": "6"}, "geometry": {"type": "Polygon", "coordinates": [[[55.276311, 25.1906354], [55.276355, 25.1905222], [55.2763687, 25.1905266], [55.2763854, 25.1904837], [55.2762933, 25.1904544], [55.2763051, 25.190424], [55.276165, 25.1903794], [55.2761532, 25.1904098], [55.2760351, 25.1903722], [55.2759745, 25.1905283], [55.2760988, 25.1905679], [55.276085, 25.1906034], [55.276204, 25.1906413], [55.2762127, 25.1906191], [55.2762537, 25.1906321], [55.2762589, 25.1906188], [55.276311, 25.1906354]]]}}, {"type": "Feature", "properties": {"status": "existing", "bHeight": 12.0, "name": "", "levels": ""}, "geometry": {"type": "Polygon", "coordinates": [[[55.2766215, 25.189283], [55.2766783, 25.1893212], [55.2767718, 25.1892073], [55.2767149, 25.1891691], [55.2766215, 25.189283]]]}}, {"type": "Feature", "properties": {"status": "existing", "bHeight": 12.0, "name": "", "levels": ""}, "geometry": {"type": "Polygon", "coordinates": [[[55.2759786, 25.1903159], [55.2760449, 25.1903395], [55.276093, 25.1902284], [55.2760267, 25.1902048], [55.2759786, 25.1903159]]]}}, {"type": "Feature", "properties": {"status": "existing", "bHeight": 12.0, "name": "", "levels": ""}, "geometry": {"type": "Polygon", "coordinates": [[[55.2772274, 25.1893958], [55.2772541, 25.1894324], [55.2772975, 25.1894065], [55.2772708, 25.1893699], [55.2772274, 25.1893958]]]}}, {"type": "Feature", "properties": {"status": "existing", "bHeight": 12.0, "name": "", "levels": ""}, "geometry": {"type": "Polygon", "coordinates": [[[55.2765714, 25.1902355], [55.2766317, 25.1902725], [55.2766617, 25.1902324], [55.2766014, 25.1901954], [55.2765714, 25.1902355]]]}}, {"type": "Feature", "properties": {"status": "existing", "bHeight": 12.0, "name": "", "levels": ""}, "geometry": {"type": "Polygon", "coordinates": [[[55.2772354, 25.1896078], [55.2772649, 25.1896407], [55.2773274, 25.1895947], [55.2772978, 25.1895618], [55.2772354, 25.1896078]]]}}, {"type": "Feature", "properties": {"status": "existing", "bHeight": 12.0, "name": "", "levels": ""}, "geometry": {"type": "Polygon", "coordinates": [[[55.2769006, 25.1889776], [55.2769522, 25.1890225], [55.2770301, 25.1889492], [55.2769785, 25.1889043], [55.2769006, 25.1889776]]]}}, {"type": "Feature", "properties": {"status": "existing", "bHeight": 12.0, "name": "", "levels": ""}, "geometry": {"type": "Polygon", "coordinates": [[[55.2763957, 25.1895553], [55.2764493, 25.1895874], [55.2764949, 25.1895251], [55.2764413, 25.1894929], [55.2763957, 25.1895553]]]}}, {"type": "Feature", "properties": {"status": "existing", "bHeight": 15.0, "name": "", "levels": ""}, "geometry": {"type": "Polygon", "coordinates": [[[55.2767373, 25.1923172], [55.2768063, 25.1923432], [55.2768298, 25.1922675], [55.2768685, 25.1922636], [55.2768523, 25.1921456], [55.2768232, 25.1921113], [55.2764955, 25.1917633], [55.276401, 25.1918258], [55.2764399, 25.1918677], [55.2764468, 25.1918624], [55.2764911, 25.1919102], [55.2764842, 25.1919154], [55.27654, 25.1919756], [55.2765257, 25.1919865], [55.2765809, 25.192046], [55.2765952, 25.1920351], [55.2766523, 25.1920967], [55.276662, 25.1920894], [55.2767404, 25.1921741], [55.2767545, 25.1922694], [55.2767373, 25.1923172]]]}}, {"type": "Feature", "properties": {"status": "existing", "bHeight": 15.0, "name": "", "levels": ""}, "geometry": {"type": "Polygon", "coordinates": [[[55.2763881, 25.1923575], [55.2764526, 25.192414], [55.2764662, 25.1924015], [55.2764465, 25.1923839], [55.2764713, 25.1923612], [55.2764856, 25.1923741], [55.2765258, 25.1923373], [55.2765141, 25.1923268], [55.2765579, 25.1922866], [55.2765697, 25.1922971], [55.2766057, 25.1923286], [55.2767135, 25.1922299], [55.2765955, 25.1921244], [55.2764214, 25.1922837], [55.2763782, 25.1922815], [55.2763735, 25.1923567], [55.2763881, 25.1923575]]]}}, {"type": "Feature", "properties": {"status": "existing", "bHeight": 15.0, "name": "", "levels": ""}, "geometry": {"type": "Polygon", "coordinates": [[[55.2762291, 25.1921358], [55.2763091, 25.1920702], [55.2762888, 25.1920499], [55.2764437, 25.1919231], [55.2763686, 25.191848], [55.2761065, 25.1920627], [55.2761865, 25.1921427], [55.2761082, 25.1922068], [55.2761427, 25.1922412], [55.2761207, 25.1922592], [55.2762393, 25.1923777], [55.2762611, 25.1923598], [55.2763432, 25.1923569], [55.2763394, 25.1922692], [55.2763521, 25.1922587], [55.2762291, 25.1921358]]]}}, {"type": "Feature", "properties": {"status": "existing", "bHeight": 15.0, "name": "", "levels": ""}, "geometry": {"type": "Polygon", "coordinates": [[[55.2766693, 25.1925319], [55.2767751, 25.1926079], [55.2768903, 25.1924786], [55.2768727, 25.1924651], [55.2768743, 25.1924638], [55.276881, 25.1924478], [55.2768778, 25.1924308], [55.2768658, 25.1924176], [55.276848, 25.1924116], [55.2768293, 25.1924144], [55.2768147, 25.1924253], [55.276808, 25.1924414], [55.2768094, 25.1924489], [55.2767943, 25.1924655], [55.276754, 25.1924357], [55.2767451, 25.192429], [55.2766155, 25.1923357], [55.2765448, 25.192416], [55.2765185, 25.1923971], [55.2764762, 25.1924452], [55.2764948, 25.1924586], [55.2764557, 25.192503], [55.2764634, 25.1925085], [55.2764343, 25.1925416], [55.2763172, 25.1926747], [55.2762302, 25.1926053], [55.2762398, 25.1925946], [55.2762279, 25.1925859], [55.2762378, 25.1925851], [55.2762144, 25.1923675], [55.2761903, 25.1923696], [55.2761004, 25.1922894], [55.276056, 25.1922104], [55.2760551, 25.1920829], [55.2761086, 25.1919969], [55.2761475, 25.1919385], [55.2761323, 25.1919303], [55.2761668, 25.1918777], [55.2761493, 25.1918683], [55.2761935, 25.1918038], [55.2762253, 25.1917414], [55.2763644, 25.1917963], [55.276417, 25.1916973], [55.2763531, 25.191669], [55.276186, 25.1915955], [55.2761341, 25.1916773], [55.2761127, 25.1916675], [55.2760659, 25.1917511], [55.2760873, 25.1917609], [55.2760068, 25.1918618], [55.2759254, 25.192037], [55.2758781, 25.1920371], [55.2758705, 25.1921985], [55.2759237, 25.1921988], [55.2759216, 25.1922336], [55.2759867, 25.1923493], [55.2760186, 25.1923346], [55.2760851, 25.1923948], [55.2761035, 25.192565], [55.2759992, 25.1926812], [55.2759581, 25.1926828], [55.2759685, 25.1929002], [55.2760919, 25.1928953], [55.2760858, 25.1927662], [55.2761773, 25.1926642], [55.2762123, 25.1926921], [55.2761452, 25.1927595], [55.2761841, 25.1927913], [55.2760017, 25.1929981], [55.2760988, 25.1930682], [55.2761159, 25.1930488], [55.2761516, 25.1930746], [55.276298, 25.1929085], [55.2762726, 25.1928902], [55.2763008, 25.1928581], [55.2762339, 25.1928098], [55.2762897, 25.1927538], [55.2763014, 25.1927631], [55.2763027, 25.1927618], [55.2763463, 25.1927932], [55.2763745, 25.1927612], [55.2764087, 25.1927859], [55.2765502, 25.1926251], [55.276573, 25.1926415], [55.2766693, 25.1925319]]]}}, {"type": "Feature", "properties": {"status": "existing", "bHeight": 15.0, "name": "", "levels": ""}, "geometry": {"type": "Polygon", "coordinates": [[[55.2771343, 25.1930753], [55.2771507, 25.1930882], [55.2771646, 25.1930739], [55.2772258, 25.1931223], [55.277182, 25.193168], [55.2771528, 25.1931451], [55.2770854, 25.1932155], [55.2771146, 25.1932383], [55.2770512, 25.1933045], [55.2771174, 25.1933564], [55.2773021, 25.1931635], [55.2772724, 25.1931402], [55.2772854, 25.1931268], [55.277205, 25.1930632], [55.2772568, 25.1930096], [55.2772722, 25.1930218], [55.2772666, 25.1930276], [55.2773315, 25.193079], [55.2774016, 25.1930065], [55.2773655, 25.192978], [55.277371, 25.1929724], [55.2773052, 25.1929203], [55.2772977, 25.1929281], [55.2771843, 25.1928384], [55.2770329, 25.1929951], [55.2770999, 25.1930481], [55.2770788, 25.1930479], [55.2770591, 25.1930563], [55.2770453, 25.1930716], [55.2770403, 25.1930908], [55.277045, 25.1931101], [55.2770584, 25.1931256], [55.277078, 25.1931343], [55.2770998, 25.1931345], [55.2771195, 25.1931261], [55.2771332, 25.1931108], [55.2771383, 25.1930916], [55.2771343, 25.1930753]]]}}, {"type": "Feature", "properties": {"status": "existing", "bHeight": 15.0, "name": "", "levels": ""}, "geometry": {"type": "Polygon", "coordinates": [[[55.2775493, 25.1929208], [55.2773614, 25.1931229], [55.2773982, 25.1931508], [55.2773625, 25.1931893], [55.2773474, 25.1931778], [55.2773268, 25.1932], [55.2773418, 25.1932114], [55.2773188, 25.1932362], [55.2773736, 25.193278], [55.2773931, 25.193257], [55.2774344, 25.1932884], [55.2774985, 25.1932195], [55.2774572, 25.193188], [55.277514, 25.1931269], [55.2774934, 25.1931113], [55.2775389, 25.1930624], [55.2775579, 25.1930777], [55.2776122, 25.1930225], [55.2775915, 25.1930058], [55.2776203, 25.1929748], [55.2775493, 25.1929208]]]}}, {"type": "Feature", "properties": {"status": "existing", "bHeight": 15.0, "name": "", "levels": ""}, "geometry": {"type": "Polygon", "coordinates": [[[55.2775326, 25.1928677], [55.2775875, 25.1929118], [55.277599, 25.1929001], [55.277658, 25.1929475], [55.2777014, 25.1929034], [55.2777114, 25.1929114], [55.277752, 25.1928702], [55.2777032, 25.192831], [55.2776835, 25.192851], [55.2776496, 25.1928238], [55.2776491, 25.1928244], [55.2775923, 25.1927787], [55.2775568, 25.1928149], [55.2774746, 25.1927488], [55.2774378, 25.1927863], [55.2773366, 25.1927049], [55.2772582, 25.1927847], [55.2773683, 25.1928732], [55.2774024, 25.1928384], [55.2774912, 25.1929098], [55.2775326, 25.1928677]]]}}, {"type": "Feature", "properties": {"status": "existing", "bHeight": 12.0, "name": "", "levels": ""}, "geometry": {"type": "Polygon", "coordinates": [[[55.2770476, 25.1926526], [55.2770166, 25.1926305], [55.2769336, 25.1927236], [55.2770868, 25.1928313], [55.2771678, 25.1927386], [55.2770853, 25.1926796], [55.2771024, 25.1926746], [55.2771152, 25.192662], [55.2771193, 25.1926452], [55.2771135, 25.1926289], [55.2770995, 25.1926173], [55.277081, 25.1926136], [55.2770629, 25.1926188], [55.2770502, 25.1926315], [55.2770461, 25.1926482], [55.2770476, 25.1926526]]]}}, {"type": "Feature", "properties": {"status": "existing", "bHeight": 15.0, "name": "", "levels": ""}, "geometry": {"type": "Polygon", "coordinates": [[[55.2772951, 25.1932665], [55.2772159, 25.1933516], [55.2772239, 25.1933577], [55.2771186, 25.1934709], [55.2771966, 25.1935302], [55.2772188, 25.1935063], [55.2772075, 25.1934978], [55.2772446, 25.1934579], [55.2772467, 25.1934595], [55.2773718, 25.1933249], [55.2772951, 25.1932665]]]}}, {"type": "Feature", "properties": {"status": "existing", "bHeight": 15.0, "name": "", "levels": ""}, "geometry": {"type": "Polygon", "coordinates": [[[55.2777077, 25.1935745], [55.2776411, 25.1935238], [55.2775139, 25.1936607], [55.2775035, 25.1936528], [55.277463, 25.1936964], [55.277485, 25.1937131], [55.2774663, 25.1937332], [55.2775409, 25.19379], [55.2776006, 25.1937258], [55.2775809, 25.1937108], [55.2775913, 25.1936996], [55.2776032, 25.1937086], [55.2776388, 25.1936703], [55.277627, 25.1936613], [55.2777077, 25.1935745]]]}}, {"type": "Feature", "properties": {"status": "existing", "bHeight": 15.0, "name": "", "levels": ""}, "geometry": {"type": "Polygon", "coordinates": [[[55.2779391, 25.1931156], [55.2779118, 25.1931451], [55.2779303, 25.1931591], [55.2779071, 25.193184], [55.2779336, 25.1932043], [55.2779016, 25.1932387], [55.2778957, 25.1932342], [55.2778432, 25.1932907], [55.2778571, 25.1933013], [55.2778116, 25.1933501], [55.2777977, 25.1933396], [55.277758, 25.1933823], [55.2777676, 25.1933896], [55.2777464, 25.1934124], [55.2777181, 25.1933909], [55.2776579, 25.1934556], [55.2776959, 25.1934846], [55.2776809, 25.1935007], [55.2777382, 25.1935443], [55.2778089, 25.1934682], [55.2778246, 25.1934802], [55.2778419, 25.1934615], [55.2778726, 25.1934849], [55.2779087, 25.1934461], [55.2778624, 25.1934108], [55.2779366, 25.1933309], [55.2779698, 25.1933561], [55.2780001, 25.1933236], [55.2779865, 25.1933132], [55.2779938, 25.1933055], [55.2779742, 25.1932905], [55.2780548, 25.1932037], [55.2779391, 25.1931156]]]}}, {"type": "Feature", "properties": {"status": "existing", "bHeight": 15.0, "name": "", "levels": ""}, "geometry": {"type": "Polygon", "coordinates": [[[55.2779785, 25.1930905], [55.2780123, 25.1931162], [55.2780196, 25.1931084], [55.27807, 25.1931468], [55.2780627, 25.1931546], [55.2781104, 25.1931909], [55.2781197, 25.1931808], [55.2781383, 25.1931949], [55.2781289, 25.193205], [55.278155, 25.1932248], [55.2781695, 25.1932092], [55.2782075, 25.1932381], [55.2781929, 25.1932537], [55.2782132, 25.1932691], [55.2782457, 25.1932342], [55.2783446, 25.1933095], [55.2783603, 25.1932926], [55.2783839, 25.1933107], [55.2783683, 25.1933275], [55.2784081, 25.1933578], [55.2784846, 25.1932754], [55.278413, 25.1932209], [55.2783965, 25.1932386], [55.2783559, 25.1932077], [55.2783655, 25.1931974], [55.2783136, 25.1931579], [55.278304, 25.1931682], [55.2782572, 25.1931326], [55.2782677, 25.1931212], [55.2782351, 25.1930964], [55.2782227, 25.1931098], [55.278188, 25.1930835], [55.2781774, 25.1930949], [55.2780586, 25.1930044], [55.2779785, 25.1930905]]]}}, {"type": "Feature", "properties": {"status": "existing", "bHeight": 12.0, "name": "", "levels": ""}, "geometry": {"type": "Polygon", "coordinates": [[[55.2782567, 25.1921368], [55.2783634, 25.1922421], [55.2784075, 25.1922055], [55.2783007, 25.1921002], [55.2782567, 25.1921368]]]}}, {"type": "Feature", "properties": {"status": "existing", "bHeight": 12.0, "name": "", "levels": ""}, "geometry": {"type": "Polygon", "coordinates": [[[55.2777357, 25.1904569], [55.2776854, 25.1905112], [55.2777353, 25.190549], [55.2777856, 25.1904946], [55.2777357, 25.1904569]]]}}, {"type": "Feature", "properties": {"status": "existing", "bHeight": 12.0, "name": "", "levels": ""}, "geometry": {"type": "Polygon", "coordinates": [[[55.2784387, 25.1910585], [55.2784835, 25.1910103], [55.2784319, 25.1909709], [55.278387, 25.1910191], [55.2784387, 25.1910585]]]}}, {"type": "Feature", "properties": {"status": "existing", "bHeight": 12.0, "name": "", "levels": ""}, "geometry": {"type": "Polygon", "coordinates": [[[55.2787024, 25.1911137], [55.278813, 25.191195], [55.2788457, 25.1911586], [55.2788218, 25.191141], [55.278866, 25.1910918], [55.2787997, 25.191043], [55.2787559, 25.1910918], [55.2787356, 25.1910768], [55.2787024, 25.1911137]]]}}, {"type": "Feature", "properties": {"status": "existing", "bHeight": 12.0, "name": "", "levels": ""}, "geometry": {"type": "Polygon", "coordinates": [[[55.2788142, 25.1912134], [55.2788869, 25.1912669], [55.2789439, 25.1912035], [55.2788712, 25.1911499], [55.2788142, 25.1912134]]]}}, {"type": "Feature", "properties": {"status": "existing", "bHeight": 12.0, "name": "", "levels": ""}, "geometry": {"type": "Polygon", "coordinates": [[[55.2783008, 25.1914283], [55.2783244, 25.1914457], [55.2783852, 25.1913781], [55.2783616, 25.1913607], [55.2783008, 25.1914283]]]}}, {"type": "Feature", "properties": {"status": "existing", "bHeight": 12.0, "name": "", "levels": ""}, "geometry": {"type": "Polygon", "coordinates": [[[55.2785067, 25.1912056], [55.2785502, 25.1912376], [55.278584, 25.1911999], [55.2785406, 25.1911679], [55.2785067, 25.1912056]]]}}, {"type": "Feature", "properties": {"status": "existing", "bHeight": 12.0, "name": "Shaikha Abdulla Salem", "levels": ""}, "geometry": {"type": "Polygon", "coordinates": [[[55.2820788, 25.1933122], [55.2821955, 25.1932017], [55.2821741, 25.1931832], [55.2822146, 25.1930141], [55.2821791, 25.1930072], [55.2821913, 25.1929561], [55.2821229, 25.1929427], [55.2821107, 25.1929938], [55.2819609, 25.1929622], [55.2819058, 25.1931723], [55.2821101, 25.1932174], [55.2820428, 25.1932811], [55.2820788, 25.1933122]]]}}, {"type": "Feature", "properties": {"status": "existing", "bHeight": 12.0, "name": "Imam's house", "levels": ""}, "geometry": {"type": "Polygon", "coordinates": [[[55.2818733, 25.1932095], [55.2818204, 25.1932571], [55.28183, 25.1933596], [55.2819573, 25.1934637], [55.2820681, 25.193363], [55.2818733, 25.1932095]]]}}, {"type": "Feature", "properties": {"status": "existing", "bHeight": 12.0, "name": "", "levels": ""}, "geometry": {"type": "Polygon", "coordinates": [[[55.2810386, 25.1912674], [55.2811187, 25.1911897], [55.2811068, 25.1911797], [55.2812123, 25.1910774], [55.2811681, 25.1910401], [55.2809826, 25.1912201], [55.2810386, 25.1912674]]]}}, {"type": "Feature", "properties": {"status": "existing", "bHeight": 12.0, "name": "", "levels": ""}, "geometry": {"type": "Polygon", "coordinates": [[[55.2805701, 25.1909407], [55.2808337, 25.1911637], [55.2810932, 25.1909125], [55.2810429, 25.19087], [55.2810946, 25.19082], [55.2809182, 25.1906708], [55.2809015, 25.190687], [55.2808829, 25.1906712], [55.2808322, 25.1907203], [55.2808138, 25.1907048], [55.2805701, 25.1909407]]]}}, {"type": "Feature", "properties": {"status": "existing", "bHeight": 105.0, "name": "", "levels": "22"}, "geometry": {"type": "Polygon", "coordinates": [[[55.2815946, 25.1917706], [55.2815711, 25.1917201], [55.2815911, 25.1916903], [55.2816083, 25.1916722], [55.2816426, 25.1916463], [55.2815762, 25.1915937], [55.2816047, 25.1915634], [55.2816505, 25.191533], [55.2817063, 25.1915058], [55.2817735, 25.1914832], [55.28183, 25.1914747], [55.2818894, 25.1914715], [55.2819566, 25.1914773], [55.2819502, 25.1914948], [55.2820009, 25.1915084], [55.2820503, 25.1915291], [55.2820625, 25.1915408], [55.2820653, 25.1915557], [55.282051, 25.1915783], [55.2820288, 25.1916003], [55.2819981, 25.1916243], [55.2819733, 25.1916408], [55.2819945, 25.1916657], [55.2819617, 25.1916967], [55.2819193, 25.1917244], [55.2818733, 25.1917477], [55.2818265, 25.1917628], [55.281779, 25.191776], [55.281728, 25.1917804], [55.2816796, 25.1917821], [55.2816349, 25.1917778], [55.2815946, 25.1917706]]]}}, {"type": "Feature", "properties": {"status": "existing", "bHeight": 12.0, "name": "", "levels": ""}, "geometry": {"type": "Polygon", "coordinates": [[[55.2796144, 25.1908455], [55.2796377, 25.1908739], [55.279681, 25.1908447], [55.2796577, 25.1908163], [55.2796144, 25.1908455]]]}}, {"type": "Feature", "properties": {"status": "existing", "bHeight": 12.0, "name": "", "levels": ""}, "geometry": {"type": "Polygon", "coordinates": [[[55.2797487, 25.1909344], [55.2795265, 25.1910839], [55.2795381, 25.191098], [55.2794742, 25.1911409], [55.2797103, 25.1914282], [55.280036, 25.191209], [55.2798708, 25.191008], [55.2798522, 25.1910205], [55.2798156, 25.1909759], [55.2797945, 25.1909901], [55.2797487, 25.1909344]]]}}, {"type": "Feature", "properties": {"status": "existing", "bHeight": 12.0, "name": "", "levels": ""}, "geometry": {"type": "Polygon", "coordinates": [[[55.2794485, 25.1909466], [55.2794872, 25.1909938], [55.2796073, 25.190913], [55.2795686, 25.1908659], [55.2794485, 25.1909466]]]}}, {"type": "Feature", "properties": {"status": "existing", "bHeight": 12.0, "name": "", "levels": ""}, "geometry": {"type": "Polygon", "coordinates": [[[55.2793383, 25.1910243], [55.2793798, 25.1910748], [55.2794666, 25.1910164], [55.2794252, 25.1909659], [55.2793383, 25.1910243]]]}}, {"type": "Feature", "properties": {"status": "existing", "bHeight": 12.0, "name": "", "levels": ""}, "geometry": {"type": "Polygon", "coordinates": [[[55.2790062, 25.1904925], [55.2793055, 25.1907231], [55.279377, 25.190647], [55.2790778, 25.1904165], [55.2790062, 25.1904925]]]}}, {"type": "Feature", "properties": {"status": "existing", "bHeight": 12.0, "name": "", "levels": ""}, "geometry": {"type": "Polygon", "coordinates": [[[55.2796872, 25.1929283], [55.2798315, 25.1930105], [55.2798216, 25.1930248], [55.279916, 25.1930786], [55.2799749, 25.1929941], [55.2797361, 25.1928581], [55.2796872, 25.1929283]]]}}, {"type": "Feature", "properties": {"status": "existing", "bHeight": 15.0, "name": "جسر دبي مول الحي الصيني", "levels": ""}, "geometry": {"type": "Polygon", "coordinates": [[[55.2817808, 25.1958273], [55.2816134, 25.195584], [55.2815414, 25.1956094], [55.2813839, 25.1953491], [55.2815682, 25.1952762], [55.2816429, 25.1952545], [55.2816903, 25.1952407], [55.2817515, 25.195223], [55.2818302, 25.1952042], [55.2819213, 25.1951826], [55.2819382, 25.1951798], [55.281996, 25.1951704], [55.2820825, 25.1951563], [55.2821888, 25.1951499], [55.2822647, 25.1951441], [55.2826604, 25.1956825], [55.2826, 25.1956824], [55.2824828, 25.1956815], [55.2823989, 25.1956885], [55.2823483, 25.1956927], [55.282302, 25.1956966], [55.2822233, 25.1957093], [55.2821062, 25.1957282], [55.2820599, 25.1957402], [55.2820162, 25.1957515], [55.2819349, 25.1957725], [55.2817808, 25.1958273]]]}}, {"type": "Feature", "properties": {"status": "existing", "bHeight": 12.0, "name": "", "levels": ""}, "geometry": {"type": "Polygon", "coordinates": [[[55.2711596, 25.1922569], [55.2711229, 25.1922858], [55.2710976, 25.1923189], [55.2710938, 25.1923359], [55.2711006, 25.1923512], [55.2711181, 25.1923555], [55.2711372, 25.1923505], [55.2711697, 25.1923215], [55.2711975, 25.1922874], [55.2712012, 25.1922706], [55.2711927, 25.1922567], [55.2711765, 25.1922523], [55.2711596, 25.1922569]]]}}, {"type": "Feature", "properties": {"status": "existing", "bHeight": 12.0, "name": "", "levels": ""}, "geometry": {"type": "Polygon", "coordinates": [[[55.2739989, 25.2019572], [55.2738428, 25.2016812], [55.273927, 25.2016423], [55.2737607, 25.2013705], [55.2736866, 25.2014048], [55.2736501, 25.2013355], [55.273556, 25.2011698], [55.2735465, 25.2011571], [55.2736221, 25.2011221], [55.2734918, 25.2008916], [55.2734162, 25.2009266], [55.2731902, 25.200527], [55.2740989, 25.200082], [55.2754994, 25.2004711], [55.275281, 25.2011895], [55.2751687, 25.2013519], [55.2750943, 25.2014596], [55.275012, 25.2015786], [55.2742663, 25.2020193], [55.2739989, 25.2019572]]]}}, {"type": "Feature", "properties": {"status": "existing", "bHeight": 12.0, "name": "", "levels": ""}, "geometry": {"type": "Polygon", "coordinates": [[[55.2742673, 25.19597], [55.2740273, 25.1959785], [55.2740139, 25.1958183], [55.2740825, 25.1958485], [55.274148, 25.1958841], [55.2742098, 25.1959247], [55.2742673, 25.19597]]]}}, {"type": "Feature", "properties": {"status": "existing", "bHeight": 5.0, "name": "", "levels": "1"}, "geometry": {"type": "Polygon", "coordinates": [[[55.2752033, 25.1968607], [55.2751546, 25.1969287], [55.2750992, 25.1969924], [55.2750375, 25.1970512], [55.27497, 25.1971045], [55.2750412, 25.1973352], [55.275087, 25.1972758], [55.2751258, 25.1972124], [55.2751572, 25.1971457], [55.2751809, 25.1970764], [55.2751966, 25.1970054], [55.2752041, 25.1969332], [55.2752033, 25.1968607]]]}}, {"type": "Feature", "properties": {"status": "existing", "bHeight": 12.0, "name": "", "levels": ""}, "geometry": {"type": "Polygon", "coordinates": [[[55.2877052, 25.1944616], [55.287614, 25.1945405], [55.2876414, 25.1945664], [55.2877326, 25.1944875], [55.2877052, 25.1944616]]]}}, {"type": "Feature", "properties": {"status": "existing", "bHeight": 12.0, "name": "", "levels": ""}, "geometry": {"type": "Polygon", "coordinates": [[[55.2874504, 25.194441], [55.2874081, 25.1944705], [55.2874577, 25.1945288], [55.2875, 25.1944992], [55.2874504, 25.194441]]]}}, {"type": "Feature", "properties": {"status": "existing", "bHeight": 12.0, "name": "", "levels": ""}, "geometry": {"type": "Polygon", "coordinates": [[[55.287585, 25.1942803], [55.2875011, 25.194363], [55.2875395, 25.1943948], [55.2876233, 25.1943121], [55.287585, 25.1942803]]]}}, {"type": "Feature", "properties": {"status": "existing", "bHeight": 12.0, "name": "", "levels": ""}, "geometry": {"type": "Polygon", "coordinates": [[[55.285249, 25.1957018], [55.2852931, 25.195698], [55.285337, 25.1957038], [55.2853781, 25.195719], [55.2854139, 25.1957426], [55.2854425, 25.1957733], [55.2854621, 25.1958093], [55.2854717, 25.1958485], [55.2854706, 25.1958886], [55.2854589, 25.1959273], [55.2854373, 25.1959624], [55.2854071, 25.1959918], [55.2853699, 25.1960137], [55.2853281, 25.196027], [55.2852839, 25.1960309], [55.28524, 25.196025], [55.285199, 25.1960099], [55.2851631, 25.1959862], [55.2851345, 25.1959555], [55.2851149, 25.1959195], [55.2851053, 25.1958803], [55.2851065, 25.1958402], [55.2851181, 25.1958015], [55.2851397, 25.1957664], [55.28517, 25.1957371], [55.2852071, 25.1957151], [55.285249, 25.1957018]]]}}, {"type": "Feature", "properties": {"status": "existing", "bHeight": 12.0, "name": "", "levels": ""}, "geometry": {"type": "Polygon", "coordinates": [[[55.2849251, 25.1962491], [55.2850779, 25.1961678], [55.2848642, 25.1958425], [55.2847047, 25.1959201], [55.2849251, 25.1962491]]]}}, {"type": "Feature", "properties": {"status": "existing", "bHeight": 12.0, "name": "", "levels": ""}, "geometry": {"type": "Polygon", "coordinates": [[[55.2792519, 25.1900701], [55.2793052, 25.1901153], [55.2793357, 25.190092], [55.2792908, 25.1900386], [55.2792519, 25.1900701]]]}}, {"type": "Feature", "properties": {"status": "existing", "bHeight": 12.0, "name": "", "levels": ""}, "geometry": {"type": "Polygon", "coordinates": [[[55.279652, 25.1900764], [55.2796773, 25.1901066], [55.2797636, 25.1900476], [55.2797383, 25.1900173], [55.279652, 25.1900764]]]}}, {"type": "Feature", "properties": {"status": "existing", "bHeight": 12.0, "name": "", "levels": ""}, "geometry": {"type": "Polygon", "coordinates": [[[55.27971, 25.1901507], [55.2798041, 25.1900903], [55.2798538, 25.1901536], [55.2797597, 25.1902141], [55.27971, 25.1901507]]]}}, {"type": "Feature", "properties": {"status": "existing", "bHeight": 12.0, "name": "", "levels": ""}, "geometry": {"type": "Polygon", "coordinates": [[[55.2795921, 25.1903075], [55.2796308, 25.1903517], [55.2797476, 25.1902677], [55.2797088, 25.1902235], [55.2796616, 25.1902575], [55.2796394, 25.1902322], [55.2796037, 25.1902578], [55.2796259, 25.1902831], [55.2795921, 25.1903075]]]}}, {"type": "Feature", "properties": {"status": "existing", "bHeight": 12.0, "name": "", "levels": ""}, "geometry": {"type": "Polygon", "coordinates": [[[55.280935, 25.1912595], [55.2809707, 25.1912881], [55.2809955, 25.1912627], [55.2809608, 25.1912349], [55.280935, 25.1912595]]]}}, {"type": "Feature", "properties": {"status": "existing", "bHeight": 12.0, "name": "", "levels": ""}, "geometry": {"type": "Polygon", "coordinates": [[[55.2812096, 25.1915378], [55.2812646, 25.19159], [55.281324, 25.1915387], [55.281269, 25.1914866], [55.2812096, 25.1915378]]]}}, {"type": "Feature", "properties": {"status": "existing", "bHeight": 12.0, "name": "", "levels": ""}, "geometry": {"type": "Polygon", "coordinates": [[[55.2769336, 25.1927236], [55.2768638, 25.1926727], [55.2767751, 25.1926079], [55.2768903, 25.1924786], [55.2769772, 25.192542], [55.2770488, 25.1925944], [55.2770166, 25.1926305], [55.2769336, 25.1927236]]]}}, {"type": "Feature", "properties": {"status": "existing", "bHeight": 12.0, "name": "", "levels": ""}, "geometry": {"type": "Polygon", "coordinates": [[[55.2674056, 25.1964199], [55.2674337, 25.1964588], [55.2675279, 25.1964028], [55.2674998, 25.196364], [55.2674056, 25.1964199]]]}}, {"type": "Feature", "properties": {"status": "existing", "bHeight": 12.0, "name": "", "levels": ""}, "geometry": {"type": "Polygon", "coordinates": [[[55.2673521, 25.1963508], [55.2673823, 25.1963915], [55.2674732, 25.1963363], [55.267443, 25.1962956], [55.2673521, 25.1963508]]]}}, {"type": "Feature", "properties": {"status": "existing", "bHeight": 12.0, "name": "", "levels": ""}, "geometry": {"type": "Polygon", "coordinates": [[[55.2667095, 25.1967908], [55.2667548, 25.1968437], [55.2668463, 25.1967795], [55.266801, 25.1967266], [55.2667095, 25.1967908]]]}}, {"type": "Feature", "properties": {"status": "existing", "bHeight": 12.0, "name": "", "levels": ""}, "geometry": {"type": "Polygon", "coordinates": [[[55.2759437, 25.1886645], [55.2759907, 25.18869], [55.2760162, 25.1886514], [55.2759693, 25.1886259], [55.2759437, 25.1886645]]]}}, {"type": "Feature", "properties": {"status": "existing", "bHeight": 12.0, "name": "", "levels": ""}, "geometry": {"type": "Polygon", "coordinates": [[[55.2748212, 25.1880589], [55.2748427, 25.188088], [55.2748811, 25.1880649], [55.2748596, 25.1880358], [55.2748212, 25.1880589]]]}}, {"type": "Feature", "properties": {"status": "existing", "bHeight": 12.0, "name": "", "levels": ""}, "geometry": {"type": "Polygon", "coordinates": [[[55.2745382, 25.1877045], [55.2746724, 25.1878829], [55.2748655, 25.1877543], [55.274734, 25.1875771], [55.2745382, 25.1877045]]]}}, {"type": "Feature", "properties": {"status": "existing", "bHeight": 12.0, "name": "", "levels": ""}, "geometry": {"type": "Polygon", "coordinates": [[[55.2764981, 25.1916532], [55.2765024, 25.1916645], [55.2765024, 25.1916765], [55.2764981, 25.1916878], [55.2764899, 25.1916972], [55.2764788, 25.1917037], [55.276466, 25.1917066], [55.2764528, 25.1917056], [55.2764408, 25.1917007], [55.2764311, 25.1916926], [55.2764249, 25.1916821], [55.2764228, 25.1916704], [55.276425, 25.1916587], [55.2764313, 25.1916482], [55.2764409, 25.1916402], [55.2764529, 25.1916354], [55.2764661, 25.1916344], [55.2764789, 25.1916373], [55.27649, 25.1916438], [55.2764981, 25.1916532]]]}}, {"type": "Feature", "properties": {"status": "existing", "bHeight": 12.0, "name": "", "levels": ""}, "geometry": {"type": "Polygon", "coordinates": [[[55.2767315, 25.1918963], [55.2767358, 25.1919076], [55.2767357, 25.1919196], [55.2767314, 25.1919309], [55.2767233, 25.1919403], [55.2767122, 25.1919468], [55.2766994, 25.1919497], [55.2766862, 25.1919487], [55.2766741, 25.1919438], [55.2766644, 25.1919356], [55.2766583, 25.1919252], [55.2766562, 25.1919134], [55.2766584, 25.1919017], [55.2766646, 25.1918913], [55.2766742, 25.1918833], [55.2766862, 25.1918785], [55.2766994, 25.1918774], [55.2767122, 25.1918803], [55.2767233, 25.1918869], [55.2767315, 25.1918963]]]}}, {"type": "Feature", "properties": {"status": "existing", "bHeight": 12.0, "name": "", "levels": ""}, "geometry": {"type": "Polygon", "coordinates": [[[55.2769429, 25.1921124], [55.2769472, 25.1921237], [55.2769472, 25.1921357], [55.2769428, 25.192147], [55.2769347, 25.1921564], [55.2769236, 25.1921629], [55.2769108, 25.1921658], [55.2768976, 25.1921648], [55.2768855, 25.1921599], [55.2768759, 25.1921518], [55.2768697, 25.1921413], [55.2768676, 25.1921296], [55.2768698, 25.1921179], [55.276876, 25.1921074], [55.2768856, 25.1920994], [55.2768976, 25.1920946], [55.2769108, 25.1920936], [55.2769236, 25.1920965], [55.2769347, 25.192103], [55.2769429, 25.1921124]]]}}, {"type": "Feature", "properties": {"status": "existing", "bHeight": 12.0, "name": "", "levels": ""}, "geometry": {"type": "Polygon", "coordinates": [[[55.2783321, 25.1871678], [55.2783807, 25.1872029], [55.2784118, 25.1871675], [55.2783894, 25.1871359], [55.2783606, 25.1871214], [55.2783321, 25.1871678]]]}}, {"type": "Feature", "properties": {"status": "existing", "bHeight": 211.0, "name": "St. Regis Residences Downtown", "levels": "5", "height_source": "osm_geom", "height_basis": "osm levels 65 (stated height implausible for the floor count) · 28% of this footprint"}, "geometry": {"type": "Polygon", "coordinates": [[[55.283604, 25.1932462], [55.283384, 25.19312], [55.2832097, 25.1930229], [55.2830756, 25.1929598], [55.2834994, 25.1925302], [55.2835906, 25.1926103], [55.2837381, 25.1927171], [55.28384, 25.1927875], [55.2839178, 25.1928409], [55.283604, 25.1932462]]]}}, {"type": "Feature", "properties": {"status": "existing", "bHeight": 120.0, "name": "Elite Downtown Residence 2", "levels": "4", "height_source": "osm_geom", "height_basis": "osm height · 37% of this footprint"}, "geometry": {"type": "Polygon", "coordinates": [[[55.277112, 25.1861687], [55.2769457, 25.1860013], [55.2775707, 25.1854139], [55.2777155, 25.1854139], [55.2776941, 25.1859649], [55.2776279, 25.1861658], [55.277112, 25.1861687]]]}}, {"type": "Feature", "properties": {"status": "existing", "bHeight": 102.2, "name": "Space Club Dubai", "levels": "", "height_source": "osm_geom", "height_basis": "osm levels 31 (stated height implausible for the floor count) · 99% of this footprint"}, "geometry": {"type": "Polygon", "coordinates": [[[55.2687334, 25.2000143], [55.2688338, 25.1999131], [55.2687075, 25.1997434], [55.2686627, 25.1998062], [55.2687334, 25.2000143]]]}}, {"type": "Feature", "properties": {"status": "existing", "bHeight": 33.0, "name": "SPACE CLUB DUBAI", "levels": "", "height_source": "osm_geom", "height_basis": "osm height · 100% of this footprint"}, "geometry": {"type": "Polygon", "coordinates": [[[55.2695716, 25.2004262], [55.269812, 25.200299], [55.2695105, 25.1998777], [55.2692819, 25.2000631], [55.2694354, 25.2002718], [55.2695716, 25.2004262]]]}}, {"type": "Feature", "properties": {"status": "existing", "bHeight": 12.0, "name": "Haidilao Dubai Mall", "levels": ""}, "geometry": {"type": "Polygon", "coordinates": [[[55.2814351, 25.1968444], [55.2807945, 25.1959292], [55.2802432, 25.1962452], [55.2808837, 25.1971603], [55.2814351, 25.1968444]]]}}, {"type": "Feature", "properties": {"status": "existing", "bHeight": 72.0, "name": "Rove Home", "levels": "", "height_source": "osm_geom", "height_basis": "osm height · 49% of this footprint"}, "geometry": {"type": "Polygon", "coordinates": [[[55.2717793, 25.1902115], [55.2714264, 25.1904134], [55.2712879, 25.190493], [55.2709114, 25.1899905], [55.2710523, 25.1899048], [55.2712473, 25.1897812], [55.2714111, 25.1896868], [55.2716658, 25.1900542], [55.2717793, 25.1902115]]]}}, {"type": "Feature", "properties": {"status": "existing", "bHeight": 12.0, "name": "", "levels": ""}, "geometry": {"type": "Polygon", "coordinates": [[[55.2775711, 25.1998716], [55.2774256, 25.1999369], [55.2772573, 25.1997294], [55.2774428, 25.1996204], [55.2774786, 25.199707], [55.2775214, 25.1997909], [55.2775711, 25.1998716]]]}}, {"type": "Feature", "properties": {"status": "existing", "bHeight": 15.0, "name": "", "levels": "3"}, "geometry": {"type": "Polygon", "coordinates": [[[55.2796099, 25.1927285], [55.2797375, 25.1926369], [55.2793678, 25.1922151], [55.2792137, 25.1923257], [55.2791612, 25.1924218], [55.2792196, 25.1924479], [55.2791799, 25.1925207], [55.2792977, 25.1925735], [55.2794059, 25.1924959], [55.2796099, 25.1927285]]]}}, {"type": "Feature", "properties": {"status": "existing", "bHeight": 30.0, "name": "", "levels": ""}, "geometry": {"type": "Polygon", "coordinates": [[[55.2780464, 25.1910002], [55.2780747, 25.1909703], [55.278061, 25.1909597], [55.2781017, 25.1909168], [55.2777133, 25.1906155], [55.2777584, 25.190568], [55.2776124, 25.1904548], [55.2775973, 25.1904707], [55.2775168, 25.1904082], [55.2774754, 25.1904518], [55.2775178, 25.1904848], [55.2774944, 25.1905094], [55.2775534, 25.1905552], [55.2774752, 25.1906376], [55.2774996, 25.1906566], [55.2770958, 25.191082], [55.2771181, 25.1910994], [55.2770777, 25.1911419], [55.2771297, 25.1911823], [55.2771454, 25.1911658], [55.2771882, 25.1911992], [55.2775345, 25.1908346], [55.2775999, 25.1908855], [55.2776796, 25.1908015], [55.2779672, 25.1910252], [55.2780145, 25.1909754], [55.2780464, 25.1910002]]]}}, {"type": "Feature", "properties": {"status": "existing", "bHeight": 12.0, "name": "Lake Ride", "levels": ""}, "geometry": {"type": "Polygon", "coordinates": [[[55.2752587, 25.196003], [55.2752728, 25.1959878], [55.2752898, 25.1960008], [55.2752756, 25.1960159], [55.2752587, 25.196003]]]}}, {"type": "Feature", "properties": {"status": "existing", "bHeight": 12.0, "name": "Fountain Boardwalk", "levels": ""}, "geometry": {"type": "Polygon", "coordinates": [[[55.2750461, 25.1958267], [55.2750606, 25.1958087], [55.2750746, 25.1958186], [55.27506, 25.1958362], [55.2750461, 25.1958267]]]}}, {"type": "Feature", "properties": {"status": "existing", "bHeight": 12.0, "name": "Lake Ride", "levels": ""}, "geometry": {"type": "Polygon", "coordinates": [[[55.2751241, 25.191937], [55.2751123, 25.1919304], [55.2751213, 25.1919172], [55.2751331, 25.1919238], [55.2751241, 25.191937]]]}}, {"type": "Feature", "properties": {"status": "existing", "bHeight": 12.0, "name": "", "levels": ""}, "geometry": {"type": "Polygon", "coordinates": [[[55.2722469, 25.1974498], [55.2722799, 25.1974025], [55.2723058, 25.1974176], [55.2722743, 25.1974649], [55.2722469, 25.1974498]]]}}, {"type": "Feature", "properties": {"status": "existing", "bHeight": 12.0, "name": "", "levels": ""}, "geometry": {"type": "Polygon", "coordinates": [[[55.2804287, 25.1927683], [55.2804763, 25.1927384], [55.2803556, 25.192581], [55.280308, 25.1926109], [55.2804287, 25.1927683]]]}}, {"type": "Feature", "properties": {"status": "existing", "bHeight": 170.0, "name": "", "levels": ""}, "geometry": {"type": "Polygon", "coordinates": [[[55.2692436, 25.1943593], [55.2693483, 25.193865], [55.269551, 25.1939002], [55.2694462, 25.1943945], [55.2692436, 25.1943593]]]}}, {"type": "Feature", "properties": {"status": "existing", "bHeight": 150.0, "name": "", "levels": ""}, "geometry": {"type": "Polygon", "coordinates": [[[55.2842539, 25.1955415], [55.28408, 25.1955426], [55.2840832, 25.1959571], [55.2841249, 25.1959568], [55.284126, 25.1961073], [55.2841796, 25.196107], [55.2841798, 25.1961336], [55.2842345, 25.1961332], [55.2842343, 25.1961157], [55.2842883, 25.1961154], [55.2843835, 25.1959047], [55.2843828, 25.1958218], [55.284355, 25.195822], [55.2843545, 25.1957515], [55.284305, 25.1957518], [55.2843042, 25.1956461], [55.2842547, 25.1956465], [55.2842539, 25.1955415]]]}}, {"type": "Feature", "properties": {"status": "existing", "bHeight": 41.4, "name": "", "levels": "12", "height_source": "osm_geom", "height_basis": "osm levels 12 · 100% of this footprint"}, "geometry": {"type": "Polygon", "coordinates": [[[55.2673187, 25.1969826], [55.2676321, 25.196788], [55.2674554, 25.1965551], [55.2671421, 25.1967498], [55.267156, 25.1967691], [55.2671743, 25.1967922], [55.2673187, 25.1969826]]]}}, {"type": "Feature", "properties": {"status": "existing", "bHeight": 122.4, "name": "SRG Tower", "levels": "36"}, "geometry": {"type": "Polygon", "coordinates": [[[55.267153, 25.1970862], [55.2670075, 25.1969002], [55.2669893, 25.1968771], [55.2669702, 25.1968524], [55.2667392, 25.1970004], [55.266922, 25.1972341], [55.267153, 25.1970862]]]}}, {"type": "Feature", "properties": {"status": "existing", "bHeight": 38.2, "name": "", "levels": "11", "height_source": "osm_geom", "height_basis": "osm levels 11 · 100% of this footprint"}, "geometry": {"type": "Polygon", "coordinates": [[[55.2670075, 25.1969002], [55.2671743, 25.1967922], [55.267156, 25.1967691], [55.2669893, 25.1968771], [55.2670075, 25.1969002]]]}}, {"type": "Feature", "properties": {"status": "existing", "bHeight": 22.2, "name": "", "levels": "6", "height_source": "osm_geom", "height_basis": "osm levels 6 · 100% of this footprint"}, "geometry": {"type": "Polygon", "coordinates": [[[55.2674856, 25.1974648], [55.267783, 25.1972761], [55.2676579, 25.197115], [55.2673561, 25.1973119], [55.2674856, 25.1974648]]]}}, {"type": "Feature", "properties": {"status": "existing", "bHeight": 214.2, "name": "Volta", "levels": "63"}, "geometry": {"type": "Polygon", "coordinates": [[[55.2673512, 25.1975565], [55.267349, 25.1975429], [55.2673413, 25.197531], [55.2672658, 25.1974334], [55.2672474, 25.1974129], [55.2672271, 25.1974013], [55.2672019, 25.1974033], [55.2671714, 25.1974218], [55.2669809, 25.1975434], [55.266964, 25.197559], [55.2669522, 25.1975688], [55.2669472, 25.1975846], [55.266951, 25.1976076], [55.2669614, 25.1976204], [55.2670434, 25.1977168], [55.2670522, 25.1977232], [55.2670633, 25.1977276], [55.2670771, 25.1977303], [55.2670872, 25.1977313], [55.2671002, 25.1977283], [55.2671165, 25.1977182], [55.2673259, 25.1975844], [55.2673447, 25.1975696], [55.2673509, 25.1975572], [55.2673512, 25.1975565]]]}}, {"type": "Feature", "properties": {"status": "existing", "bHeight": 241.4, "name": "", "levels": "71"}, "geometry": {"type": "Polygon", "coordinates": [[[55.2803451, 25.1884503], [55.2803447, 25.1884368], [55.2803354, 25.1884206], [55.2800914, 25.1881061], [55.2800774, 25.1880904], [55.2800649, 25.1880869], [55.2800494, 25.1880883], [55.2800329, 25.1880983], [55.2796707, 25.1883293], [55.2796597, 25.1883363], [55.2796489, 25.1883488], [55.279647, 25.1883613], [55.2796485, 25.1883727], [55.2796545, 25.1883855], [55.2799, 25.1887027], [55.279911, 25.1887133], [55.2799264, 25.1887172], [55.2799406, 25.1887157], [55.2799518, 25.1887088], [55.2803258, 25.1884718], [55.2803392, 25.1884604], [55.2803451, 25.1884503]]]}}, {"type": "Feature", "properties": {"status": "existing", "bHeight": 176.8, "name": "W Downtown The Residences", "levels": "52"}, "geometry": {"type": "Polygon", "coordinates": [[[55.2802702, 25.1891671], [55.2806914, 25.1889112], [55.280387, 25.1885146], [55.2799688, 25.1887607], [55.2802702, 25.1891671]]]}}, {"type": "Feature", "properties": {"status": "existing", "bHeight": 171.0, "name": "Tower 2", "levels": "43"}, "geometry": {"type": "Polygon", "coordinates": [[[55.2705555, 25.1941809], [55.2704467, 25.1946192], [55.2707197, 25.1946747], [55.2708286, 25.1942365], [55.2705555, 25.1941809]]]}}, {"type": "Feature", "properties": {"status": "existing", "bHeight": 262.0, "name": "Tower 1", "levels": "67"}, "geometry": {"type": "Polygon", "coordinates": [[[55.270793, 25.1947469], [55.270481, 25.1950732], [55.2707002, 25.1952448], [55.2710121, 25.1949184], [55.270793, 25.1947469]]]}}, {"type": "Feature", "properties": {"status": "existing", "bHeight": 221.0, "name": "Skyblade", "levels": "65"}, "geometry": {"type": "Polygon", "coordinates": [[[55.2722037, 25.1894573], [55.2722292, 25.1895434], [55.2724264, 25.1898262], [55.2724881, 25.1898663], [55.2725725, 25.1898796], [55.2726436, 25.189859], [55.2727683, 25.1897849], [55.2728153, 25.1897315], [55.2728374, 25.1896636], [55.2728227, 25.1895902], [55.2726208, 25.1893068], [55.2725497, 25.1892376], [55.2724612, 25.189217], [55.2723714, 25.189234], [55.27224, 25.1893129], [55.2722091, 25.1893845], [55.2722037, 25.1894573]]]}}, {"type": "Feature", "properties": {"status": "existing", "bHeight": 190.0, "name": "The Society House", "levels": "", "height_source": "osm_geom", "height_basis": "osm height · 32% of this footprint"}, "geometry": {"type": "Polygon", "coordinates": [[[55.2867455, 25.1946652], [55.2868214, 25.1946257], [55.2868934, 25.1945599], [55.2869655, 25.1944455], [55.287025, 25.1943916], [55.287108, 25.1943684], [55.2871762, 25.1943574], [55.2872379, 25.1943416], [55.2872615, 25.1943025], [55.2872651, 25.1941597], [55.287266, 25.194144], [55.2872637, 25.1941288], [55.286607, 25.1938346], [55.2865624, 25.1938351], [55.2865192, 25.1938595], [55.2863528, 25.1939663], [55.2863432, 25.1939809], [55.2863382, 25.1939953], [55.2863424, 25.1940135], [55.2863909, 25.1940911], [55.2865071, 25.1942801], [55.2866232, 25.194469], [55.2867455, 25.1946652]]]}}, {"type": "Feature", "properties": {"status": "existing", "bHeight": 12.0, "name": "Solara Tower", "levels": ""}, "geometry": {"type": "Polygon", "coordinates": [[[55.2715283, 25.1897254], [55.2717598, 25.190025], [55.2717846, 25.1900571], [55.272023, 25.1899115], [55.2720007, 25.1898792], [55.272247, 25.1897315], [55.2720245, 25.189422], [55.2715283, 25.1897254]]]}}, {"type": "Feature", "properties": {"status": "existing", "bHeight": 12.0, "name": "Emaar Downtown Command Center", "levels": ""}, "geometry": {"type": "Polygon", "coordinates": [[[55.2784845, 25.1861361], [55.2783969, 25.1863481], [55.278582, 25.1864177], [55.2785739, 25.186442], [55.2786544, 25.1864662], [55.2787348, 25.186285], [55.278674, 25.1862106], [55.2786016, 25.1861321], [55.2785024, 25.1860957], [55.2784845, 25.1861361]]]}}, {"type": "Feature", "properties": {"status": "existing", "bHeight": 12.0, "name": "Sofitel Residences Downtown Dubai", "levels": ""}, "geometry": {"type": "Polygon", "coordinates": [[[55.2827614, 25.1936439], [55.2831887, 25.19405], [55.2836358, 25.1936892], [55.2830492, 25.1933931], [55.2827614, 25.1936439]]]}}, {"type": "Feature", "properties": {"status": "existing", "bHeight": 12.0, "name": "", "levels": ""}, "geometry": {"type": "Polygon", "coordinates": [[[55.2787391, 25.1889349], [55.279079, 25.1889774], [55.2793903, 25.1887997], [55.2789764, 25.188245], [55.278658, 25.1884226], [55.2785398, 25.1886585], [55.2787391, 25.1889349]]]}}, {"type": "Feature", "properties": {"status": "existing", "bHeight": 19.0, "name": "", "levels": "5", "height_source": "osm_geom", "height_basis": "osm levels 5 · 100% of this footprint"}, "geometry": {"type": "Polygon", "coordinates": [[[55.2793326, 25.1892479], [55.2795468, 25.1895421], [55.2798509, 25.1893607], [55.2796366, 25.1890665], [55.2793326, 25.1892479]]]}}]}